ISO-10303-21;
HEADER;
FILE_DESCRIPTION(('Open CASCADE Model'),'2;1');
FILE_NAME('Open CASCADE Shape Model','2026-09-26T18:05:31',('Author'),(
    'Open CASCADE'),'Open CASCADE STEP processor 7.9','Open CASCADE 7.9'
  ,'Unknown');
FILE_SCHEMA(('AUTOMOTIVE_DESIGN { 1 0 10303 214 1 1 1 1 }'));
ENDSEC;
DATA;
#1 = APPLICATION_PROTOCOL_DEFINITION('international standard',
  'automotive_design',2000,#2);
#2 = APPLICATION_CONTEXT(
  'core data for automotive mechanical design processes');
#3 = SHAPE_DEFINITION_REPRESENTATION(#4,#10);
#4 = PRODUCT_DEFINITION_SHAPE('','',#5);
#5 = PRODUCT_DEFINITION('design','',#6,#9);
#6 = PRODUCT_DEFINITION_FORMATION('','',#7);
#7 = PRODUCT('MC-TD-001','MC-TD-001','',(#8));
#8 = PRODUCT_CONTEXT('',#2,'mechanical');
#9 = PRODUCT_DEFINITION_CONTEXT('part definition',#2,'design');
#10 = SHAPE_REPRESENTATION('',(#11,#15),#19);
#11 = AXIS2_PLACEMENT_3D('',#12,#13,#14);
#12 = CARTESIAN_POINT('',(0.,0.,0.));
#13 = DIRECTION('',(0.,0.,1.));
#14 = DIRECTION('',(1.,0.,-0.));
#15 = AXIS2_PLACEMENT_3D('',#16,#17,#18);
#16 = CARTESIAN_POINT('',(0.,0.,0.));
#17 = DIRECTION('',(0.,0.,1.));
#18 = DIRECTION('',(1.,0.,-0.));
#19 = ( GEOMETRIC_REPRESENTATION_CONTEXT(3) 
GLOBAL_UNCERTAINTY_ASSIGNED_CONTEXT((#23)) GLOBAL_UNIT_ASSIGNED_CONTEXT(
(#20,#21,#22)) REPRESENTATION_CONTEXT('Context #1',
  '3D Context with UNIT and UNCERTAINTY') );
#20 = ( LENGTH_UNIT() NAMED_UNIT(*) SI_UNIT(.MILLI.,.METRE.) );
#21 = ( NAMED_UNIT(*) PLANE_ANGLE_UNIT() SI_UNIT($,.RADIAN.) );
#22 = ( NAMED_UNIT(*) SI_UNIT($,.STERADIAN.) SOLID_ANGLE_UNIT() );
#23 = UNCERTAINTY_MEASURE_WITH_UNIT(LENGTH_MEASURE(1.E-07),#20,
  'distance_accuracy_value','confusion accuracy');
#24 = PRODUCT_RELATED_PRODUCT_CATEGORY('part',$,(#7));
#25 = SHAPE_DEFINITION_REPRESENTATION(#26,#32);
#26 = PRODUCT_DEFINITION_SHAPE('','',#27);
#27 = PRODUCT_DEFINITION('design','',#28,#31);
#28 = PRODUCT_DEFINITION_FORMATION('','',#29);
#29 = PRODUCT('tooldock_master','tooldock_master','',(#30));
#30 = PRODUCT_CONTEXT('',#2,'mechanical');
#31 = PRODUCT_DEFINITION_CONTEXT('part definition',#2,'design');
#32 = ADVANCED_BREP_SHAPE_REPRESENTATION('',(#11,#33),#9806);
#33 = MANIFOLD_SOLID_BREP('',#34);
#34 = CLOSED_SHELL('',(#35,#262,#633,#737,#786,#858,#907,#1447,#1474,
    #1501,#1591,#1667,#1722,#1772,#1822,#1872,#2034,#2084,#2236,#2263,
    #2332,#3591,#3646,#3701,#3756,#5015,#5070,#5139,#5186,#5233,#5258,
    #5308,#6608,#6677,#6724,#6771,#6796,#6846,#6923,#6972,#7022,#7049,
    #7218,#7225,#7274,#8128,#8135,#8142,#8169,#8224,#8279,#8355,#8431,
    #8466,#8501,#8536,#8612,#8688,#8695,#8772,#8848,#8917,#8944,#8971,
    #8978,#9005,#9033,#9039,#9094,#9121,#9149,#9155,#9210,#9265,#9292,
    #9320,#9326,#9353,#9381,#9387,#9414,#9442,#9448,#9475,#9503,#9509,
    #9513,#9517,#9567,#9617,#9667,#9722,#9777,#9784,#9791,#9798,#9802));
#35 = ADVANCED_FACE('',(#36),#50,.F.);
#36 = FACE_BOUND('',#37,.F.);
#37 = EDGE_LOOP('',(#38,#73,#101,#129,#157,#180,#208,#236));
#38 = ORIENTED_EDGE('',*,*,#39,.F.);
#39 = EDGE_CURVE('',#40,#42,#44,.T.);
#40 = VERTEX_POINT('',#41);
#41 = CARTESIAN_POINT('',(-60.,-70.,502.));
#42 = VERTEX_POINT('',#43);
#43 = CARTESIAN_POINT('',(-60.,18.,502.));
#44 = SURFACE_CURVE('',#45,(#49,#61),.PCURVE_S1.);
#45 = LINE('',#46,#47);
#46 = CARTESIAN_POINT('',(-60.,-70.,502.));
#47 = VECTOR('',#48,1.);
#48 = DIRECTION('',(0.,1.,0.));
#49 = PCURVE('',#50,#55);
#50 = PLANE('',#51);
#51 = AXIS2_PLACEMENT_3D('',#52,#53,#54);
#52 = CARTESIAN_POINT('',(-60.,-70.,462.));
#53 = DIRECTION('',(1.,0.,0.));
#54 = DIRECTION('',(0.,0.,1.));
#55 = DEFINITIONAL_REPRESENTATION('',(#56),#60);
#56 = LINE('',#57,#58);
#57 = CARTESIAN_POINT('',(40.,0.));
#58 = VECTOR('',#59,1.);
#59 = DIRECTION('',(0.,-1.));
#60 = ( GEOMETRIC_REPRESENTATION_CONTEXT(2) 
PARAMETRIC_REPRESENTATION_CONTEXT() REPRESENTATION_CONTEXT('2D SPACE',''
  ) );
#61 = PCURVE('',#62,#67);
#62 = PLANE('',#63);
#63 = AXIS2_PLACEMENT_3D('',#64,#65,#66);
#64 = CARTESIAN_POINT('',(-60.,-70.,502.));
#65 = DIRECTION('',(0.,0.,1.));
#66 = DIRECTION('',(1.,0.,0.));
#67 = DEFINITIONAL_REPRESENTATION('',(#68),#72);
#68 = LINE('',#69,#70);
#69 = CARTESIAN_POINT('',(0.,0.));
#70 = VECTOR('',#71,1.);
#71 = DIRECTION('',(0.,1.));
#72 = ( GEOMETRIC_REPRESENTATION_CONTEXT(2) 
PARAMETRIC_REPRESENTATION_CONTEXT() REPRESENTATION_CONTEXT('2D SPACE',''
  ) );
#73 = ORIENTED_EDGE('',*,*,#74,.F.);
#74 = EDGE_CURVE('',#75,#40,#77,.T.);
#75 = VERTEX_POINT('',#76);
#76 = CARTESIAN_POINT('',(-60.,-70.,462.));
#77 = SURFACE_CURVE('',#78,(#82,#89),.PCURVE_S1.);
#78 = LINE('',#79,#80);
#79 = CARTESIAN_POINT('',(-60.,-70.,462.));
#80 = VECTOR('',#81,1.);
#81 = DIRECTION('',(0.,0.,1.));
#82 = PCURVE('',#50,#83);
#83 = DEFINITIONAL_REPRESENTATION('',(#84),#88);
#84 = LINE('',#85,#86);
#85 = CARTESIAN_POINT('',(0.,0.));
#86 = VECTOR('',#87,1.);
#87 = DIRECTION('',(1.,0.));
#88 = ( GEOMETRIC_REPRESENTATION_CONTEXT(2) 
PARAMETRIC_REPRESENTATION_CONTEXT() REPRESENTATION_CONTEXT('2D SPACE',''
  ) );
#89 = PCURVE('',#90,#95);
#90 = PLANE('',#91);
#91 = AXIS2_PLACEMENT_3D('',#92,#93,#94);
#92 = CARTESIAN_POINT('',(-60.,-70.,462.));
#93 = DIRECTION('',(0.,1.,0.));
#94 = DIRECTION('',(0.,0.,1.));
#95 = DEFINITIONAL_REPRESENTATION('',(#96),#100);
#96 = LINE('',#97,#98);
#97 = CARTESIAN_POINT('',(0.,0.));
#98 = VECTOR('',#99,1.);
#99 = DIRECTION('',(1.,0.));
#100 = ( GEOMETRIC_REPRESENTATION_CONTEXT(2) 
PARAMETRIC_REPRESENTATION_CONTEXT() REPRESENTATION_CONTEXT('2D SPACE',''
  ) );
#101 = ORIENTED_EDGE('',*,*,#102,.T.);
#102 = EDGE_CURVE('',#75,#103,#105,.T.);
#103 = VERTEX_POINT('',#104);
#104 = CARTESIAN_POINT('',(-60.,65.,462.));
#105 = SURFACE_CURVE('',#106,(#110,#117),.PCURVE_S1.);
#106 = LINE('',#107,#108);
#107 = CARTESIAN_POINT('',(-60.,-70.,462.));
#108 = VECTOR('',#109,1.);
#109 = DIRECTION('',(0.,1.,0.));
#110 = PCURVE('',#50,#111);
#111 = DEFINITIONAL_REPRESENTATION('',(#112),#116);
#112 = LINE('',#113,#114);
#113 = CARTESIAN_POINT('',(0.,0.));
#114 = VECTOR('',#115,1.);
#115 = DIRECTION('',(0.,-1.));
#116 = ( GEOMETRIC_REPRESENTATION_CONTEXT(2) 
PARAMETRIC_REPRESENTATION_CONTEXT() REPRESENTATION_CONTEXT('2D SPACE',''
  ) );
#117 = PCURVE('',#118,#123);
#118 = PLANE('',#119);
#119 = AXIS2_PLACEMENT_3D('',#120,#121,#122);
#120 = CARTESIAN_POINT('',(-60.,-70.,462.));
#121 = DIRECTION('',(0.,0.,1.));
#122 = DIRECTION('',(1.,0.,0.));
#123 = DEFINITIONAL_REPRESENTATION('',(#124),#128);
#124 = LINE('',#125,#126);
#125 = CARTESIAN_POINT('',(0.,0.));
#126 = VECTOR('',#127,1.);
#127 = DIRECTION('',(0.,1.));
#128 = ( GEOMETRIC_REPRESENTATION_CONTEXT(2) 
PARAMETRIC_REPRESENTATION_CONTEXT() REPRESENTATION_CONTEXT('2D SPACE',''
  ) );
#129 = ORIENTED_EDGE('',*,*,#130,.T.);
#130 = EDGE_CURVE('',#103,#131,#133,.T.);
#131 = VERTEX_POINT('',#132);
#132 = CARTESIAN_POINT('',(-60.,65.,502.));
#133 = SURFACE_CURVE('',#134,(#138,#145),.PCURVE_S1.);
#134 = LINE('',#135,#136);
#135 = CARTESIAN_POINT('',(-60.,65.,462.));
#136 = VECTOR('',#137,1.);
#137 = DIRECTION('',(0.,0.,1.));
#138 = PCURVE('',#50,#139);
#139 = DEFINITIONAL_REPRESENTATION('',(#140),#144);
#140 = LINE('',#141,#142);
#141 = CARTESIAN_POINT('',(0.,-135.));
#142 = VECTOR('',#143,1.);
#143 = DIRECTION('',(1.,0.));
#144 = ( GEOMETRIC_REPRESENTATION_CONTEXT(2) 
PARAMETRIC_REPRESENTATION_CONTEXT() REPRESENTATION_CONTEXT('2D SPACE',''
  ) );
#145 = PCURVE('',#146,#151);
#146 = PLANE('',#147);
#147 = AXIS2_PLACEMENT_3D('',#148,#149,#150);
#148 = CARTESIAN_POINT('',(-60.,65.,462.));
#149 = DIRECTION('',(0.,1.,0.));
#150 = DIRECTION('',(0.,0.,1.));
#151 = DEFINITIONAL_REPRESENTATION('',(#152),#156);
#152 = LINE('',#153,#154);
#153 = CARTESIAN_POINT('',(0.,0.));
#154 = VECTOR('',#155,1.);
#155 = DIRECTION('',(1.,0.));
#156 = ( GEOMETRIC_REPRESENTATION_CONTEXT(2) 
PARAMETRIC_REPRESENTATION_CONTEXT() REPRESENTATION_CONTEXT('2D SPACE',''
  ) );
#157 = ORIENTED_EDGE('',*,*,#158,.F.);
#158 = EDGE_CURVE('',#159,#131,#161,.T.);
#159 = VERTEX_POINT('',#160);
#160 = CARTESIAN_POINT('',(-60.,53.,502.));
#161 = SURFACE_CURVE('',#162,(#166,#173),.PCURVE_S1.);
#162 = LINE('',#163,#164);
#163 = CARTESIAN_POINT('',(-60.,-70.,502.));
#164 = VECTOR('',#165,1.);
#165 = DIRECTION('',(0.,1.,0.));
#166 = PCURVE('',#50,#167);
#167 = DEFINITIONAL_REPRESENTATION('',(#168),#172);
#168 = LINE('',#169,#170);
#169 = CARTESIAN_POINT('',(40.,0.));
#170 = VECTOR('',#171,1.);
#171 = DIRECTION('',(0.,-1.));
#172 = ( GEOMETRIC_REPRESENTATION_CONTEXT(2) 
PARAMETRIC_REPRESENTATION_CONTEXT() REPRESENTATION_CONTEXT('2D SPACE',''
  ) );
#173 = PCURVE('',#62,#174);
#174 = DEFINITIONAL_REPRESENTATION('',(#175),#179);
#175 = LINE('',#176,#177);
#176 = CARTESIAN_POINT('',(0.,0.));
#177 = VECTOR('',#178,1.);
#178 = DIRECTION('',(0.,1.));
#179 = ( GEOMETRIC_REPRESENTATION_CONTEXT(2) 
PARAMETRIC_REPRESENTATION_CONTEXT() REPRESENTATION_CONTEXT('2D SPACE',''
  ) );
#180 = ORIENTED_EDGE('',*,*,#181,.F.);
#181 = EDGE_CURVE('',#182,#159,#184,.T.);
#182 = VERTEX_POINT('',#183);
#183 = CARTESIAN_POINT('',(-60.,53.,492.));
#184 = SURFACE_CURVE('',#185,(#189,#196),.PCURVE_S1.);
#185 = LINE('',#186,#187);
#186 = CARTESIAN_POINT('',(-60.,53.,492.));
#187 = VECTOR('',#188,1.);
#188 = DIRECTION('',(0.,0.,1.));
#189 = PCURVE('',#50,#190);
#190 = DEFINITIONAL_REPRESENTATION('',(#191),#195);
#191 = LINE('',#192,#193);
#192 = CARTESIAN_POINT('',(30.,-123.));
#193 = VECTOR('',#194,1.);
#194 = DIRECTION('',(1.,0.));
#195 = ( GEOMETRIC_REPRESENTATION_CONTEXT(2) 
PARAMETRIC_REPRESENTATION_CONTEXT() REPRESENTATION_CONTEXT('2D SPACE',''
  ) );
#196 = PCURVE('',#197,#202);
#197 = PLANE('',#198);
#198 = AXIS2_PLACEMENT_3D('',#199,#200,#201);
#199 = CARTESIAN_POINT('',(-70.,53.,492.));
#200 = DIRECTION('',(0.,1.,0.));
#201 = DIRECTION('',(0.,0.,1.));
#202 = DEFINITIONAL_REPRESENTATION('',(#203),#207);
#203 = LINE('',#204,#205);
#204 = CARTESIAN_POINT('',(0.,10.));
#205 = VECTOR('',#206,1.);
#206 = DIRECTION('',(1.,0.));
#207 = ( GEOMETRIC_REPRESENTATION_CONTEXT(2) 
PARAMETRIC_REPRESENTATION_CONTEXT() REPRESENTATION_CONTEXT('2D SPACE',''
  ) );
#208 = ORIENTED_EDGE('',*,*,#209,.F.);
#209 = EDGE_CURVE('',#210,#182,#212,.T.);
#210 = VERTEX_POINT('',#211);
#211 = CARTESIAN_POINT('',(-60.,18.,492.));
#212 = SURFACE_CURVE('',#213,(#217,#224),.PCURVE_S1.);
#213 = LINE('',#214,#215);
#214 = CARTESIAN_POINT('',(-60.,18.,492.));
#215 = VECTOR('',#216,1.);
#216 = DIRECTION('',(0.,1.,0.));
#217 = PCURVE('',#50,#218);
#218 = DEFINITIONAL_REPRESENTATION('',(#219),#223);
#219 = LINE('',#220,#221);
#220 = CARTESIAN_POINT('',(30.,-88.));
#221 = VECTOR('',#222,1.);
#222 = DIRECTION('',(0.,-1.));
#223 = ( GEOMETRIC_REPRESENTATION_CONTEXT(2) 
PARAMETRIC_REPRESENTATION_CONTEXT() REPRESENTATION_CONTEXT('2D SPACE',''
  ) );
#224 = PCURVE('',#225,#230);
#225 = PLANE('',#226);
#226 = AXIS2_PLACEMENT_3D('',#227,#228,#229);
#227 = CARTESIAN_POINT('',(-70.,18.,492.));
#228 = DIRECTION('',(0.,0.,1.));
#229 = DIRECTION('',(1.,0.,0.));
#230 = DEFINITIONAL_REPRESENTATION('',(#231),#235);
#231 = LINE('',#232,#233);
#232 = CARTESIAN_POINT('',(10.,0.));
#233 = VECTOR('',#234,1.);
#234 = DIRECTION('',(0.,1.));
#235 = ( GEOMETRIC_REPRESENTATION_CONTEXT(2) 
PARAMETRIC_REPRESENTATION_CONTEXT() REPRESENTATION_CONTEXT('2D SPACE',''
  ) );
#236 = ORIENTED_EDGE('',*,*,#237,.T.);
#237 = EDGE_CURVE('',#210,#42,#238,.T.);
#238 = SURFACE_CURVE('',#239,(#243,#250),.PCURVE_S1.);
#239 = LINE('',#240,#241);
#240 = CARTESIAN_POINT('',(-60.,18.,492.));
#241 = VECTOR('',#242,1.);
#242 = DIRECTION('',(0.,0.,1.));
#243 = PCURVE('',#50,#244);
#244 = DEFINITIONAL_REPRESENTATION('',(#245),#249);
#245 = LINE('',#246,#247);
#246 = CARTESIAN_POINT('',(30.,-88.));
#247 = VECTOR('',#248,1.);
#248 = DIRECTION('',(1.,0.));
#249 = ( GEOMETRIC_REPRESENTATION_CONTEXT(2) 
PARAMETRIC_REPRESENTATION_CONTEXT() REPRESENTATION_CONTEXT('2D SPACE',''
  ) );
#250 = PCURVE('',#251,#256);
#251 = PLANE('',#252);
#252 = AXIS2_PLACEMENT_3D('',#253,#254,#255);
#253 = CARTESIAN_POINT('',(-70.,18.,492.));
#254 = DIRECTION('',(0.,1.,0.));
#255 = DIRECTION('',(0.,0.,1.));
#256 = DEFINITIONAL_REPRESENTATION('',(#257),#261);
#257 = LINE('',#258,#259);
#258 = CARTESIAN_POINT('',(0.,10.));
#259 = VECTOR('',#260,1.);
#260 = DIRECTION('',(1.,0.));
#261 = ( GEOMETRIC_REPRESENTATION_CONTEXT(2) 
PARAMETRIC_REPRESENTATION_CONTEXT() REPRESENTATION_CONTEXT('2D SPACE',''
  ) );
#262 = ADVANCED_FACE('',(#263,#416,#447,#478,#509,#540,#571,#602),#62,
  .T.);
#263 = FACE_BOUND('',#264,.T.);
#264 = EDGE_LOOP('',(#265,#266,#289,#317,#345,#368,#389,#390));
#265 = ORIENTED_EDGE('',*,*,#39,.F.);
#266 = ORIENTED_EDGE('',*,*,#267,.T.);
#267 = EDGE_CURVE('',#40,#268,#270,.T.);
#268 = VERTEX_POINT('',#269);
#269 = CARTESIAN_POINT('',(60.,-70.,502.));
#270 = SURFACE_CURVE('',#271,(#275,#282),.PCURVE_S1.);
#271 = LINE('',#272,#273);
#272 = CARTESIAN_POINT('',(-60.,-70.,502.));
#273 = VECTOR('',#274,1.);
#274 = DIRECTION('',(1.,0.,0.));
#275 = PCURVE('',#62,#276);
#276 = DEFINITIONAL_REPRESENTATION('',(#277),#281);
#277 = LINE('',#278,#279);
#278 = CARTESIAN_POINT('',(0.,0.));
#279 = VECTOR('',#280,1.);
#280 = DIRECTION('',(1.,0.));
#281 = ( GEOMETRIC_REPRESENTATION_CONTEXT(2) 
PARAMETRIC_REPRESENTATION_CONTEXT() REPRESENTATION_CONTEXT('2D SPACE',''
  ) );
#282 = PCURVE('',#90,#283);
#283 = DEFINITIONAL_REPRESENTATION('',(#284),#288);
#284 = LINE('',#285,#286);
#285 = CARTESIAN_POINT('',(40.,0.));
#286 = VECTOR('',#287,1.);
#287 = DIRECTION('',(0.,1.));
#288 = ( GEOMETRIC_REPRESENTATION_CONTEXT(2) 
PARAMETRIC_REPRESENTATION_CONTEXT() REPRESENTATION_CONTEXT('2D SPACE',''
  ) );
#289 = ORIENTED_EDGE('',*,*,#290,.T.);
#290 = EDGE_CURVE('',#268,#291,#293,.T.);
#291 = VERTEX_POINT('',#292);
#292 = CARTESIAN_POINT('',(60.,18.,502.));
#293 = SURFACE_CURVE('',#294,(#298,#305),.PCURVE_S1.);
#294 = LINE('',#295,#296);
#295 = CARTESIAN_POINT('',(60.,-70.,502.));
#296 = VECTOR('',#297,1.);
#297 = DIRECTION('',(0.,1.,0.));
#298 = PCURVE('',#62,#299);
#299 = DEFINITIONAL_REPRESENTATION('',(#300),#304);
#300 = LINE('',#301,#302);
#301 = CARTESIAN_POINT('',(120.,0.));
#302 = VECTOR('',#303,1.);
#303 = DIRECTION('',(0.,1.));
#304 = ( GEOMETRIC_REPRESENTATION_CONTEXT(2) 
PARAMETRIC_REPRESENTATION_CONTEXT() REPRESENTATION_CONTEXT('2D SPACE',''
  ) );
#305 = PCURVE('',#306,#311);
#306 = PLANE('',#307);
#307 = AXIS2_PLACEMENT_3D('',#308,#309,#310);
#308 = CARTESIAN_POINT('',(60.,-70.,462.));
#309 = DIRECTION('',(1.,0.,0.));
#310 = DIRECTION('',(0.,0.,1.));
#311 = DEFINITIONAL_REPRESENTATION('',(#312),#316);
#312 = LINE('',#313,#314);
#313 = CARTESIAN_POINT('',(40.,0.));
#314 = VECTOR('',#315,1.);
#315 = DIRECTION('',(0.,-1.));
#316 = ( GEOMETRIC_REPRESENTATION_CONTEXT(2) 
PARAMETRIC_REPRESENTATION_CONTEXT() REPRESENTATION_CONTEXT('2D SPACE',''
  ) );
#317 = ORIENTED_EDGE('',*,*,#318,.T.);
#318 = EDGE_CURVE('',#291,#319,#321,.T.);
#319 = VERTEX_POINT('',#320);
#320 = CARTESIAN_POINT('',(60.,53.,502.));
#321 = SURFACE_CURVE('',#322,(#326,#333),.PCURVE_S1.);
#322 = LINE('',#323,#324);
#323 = CARTESIAN_POINT('',(60.,-70.,502.));
#324 = VECTOR('',#325,1.);
#325 = DIRECTION('',(0.,1.,0.));
#326 = PCURVE('',#62,#327);
#327 = DEFINITIONAL_REPRESENTATION('',(#328),#332);
#328 = LINE('',#329,#330);
#329 = CARTESIAN_POINT('',(120.,0.));
#330 = VECTOR('',#331,1.);
#331 = DIRECTION('',(0.,1.));
#332 = ( GEOMETRIC_REPRESENTATION_CONTEXT(2) 
PARAMETRIC_REPRESENTATION_CONTEXT() REPRESENTATION_CONTEXT('2D SPACE',''
  ) );
#333 = PCURVE('',#334,#339);
#334 = PLANE('',#335);
#335 = AXIS2_PLACEMENT_3D('',#336,#337,#338);
#336 = CARTESIAN_POINT('',(60.,18.,492.));
#337 = DIRECTION('',(1.,0.,0.));
#338 = DIRECTION('',(0.,0.,1.));
#339 = DEFINITIONAL_REPRESENTATION('',(#340),#344);
#340 = LINE('',#341,#342);
#341 = CARTESIAN_POINT('',(10.,88.));
#342 = VECTOR('',#343,1.);
#343 = DIRECTION('',(0.,-1.));
#344 = ( GEOMETRIC_REPRESENTATION_CONTEXT(2) 
PARAMETRIC_REPRESENTATION_CONTEXT() REPRESENTATION_CONTEXT('2D SPACE',''
  ) );
#345 = ORIENTED_EDGE('',*,*,#346,.T.);
#346 = EDGE_CURVE('',#319,#347,#349,.T.);
#347 = VERTEX_POINT('',#348);
#348 = CARTESIAN_POINT('',(60.,65.,502.));
#349 = SURFACE_CURVE('',#350,(#354,#361),.PCURVE_S1.);
#350 = LINE('',#351,#352);
#351 = CARTESIAN_POINT('',(60.,-70.,502.));
#352 = VECTOR('',#353,1.);
#353 = DIRECTION('',(0.,1.,0.));
#354 = PCURVE('',#62,#355);
#355 = DEFINITIONAL_REPRESENTATION('',(#356),#360);
#356 = LINE('',#357,#358);
#357 = CARTESIAN_POINT('',(120.,0.));
#358 = VECTOR('',#359,1.);
#359 = DIRECTION('',(0.,1.));
#360 = ( GEOMETRIC_REPRESENTATION_CONTEXT(2) 
PARAMETRIC_REPRESENTATION_CONTEXT() REPRESENTATION_CONTEXT('2D SPACE',''
  ) );
#361 = PCURVE('',#306,#362);
#362 = DEFINITIONAL_REPRESENTATION('',(#363),#367);
#363 = LINE('',#364,#365);
#364 = CARTESIAN_POINT('',(40.,0.));
#365 = VECTOR('',#366,1.);
#366 = DIRECTION('',(0.,-1.));
#367 = ( GEOMETRIC_REPRESENTATION_CONTEXT(2) 
PARAMETRIC_REPRESENTATION_CONTEXT() REPRESENTATION_CONTEXT('2D SPACE',''
  ) );
#368 = ORIENTED_EDGE('',*,*,#369,.F.);
#369 = EDGE_CURVE('',#131,#347,#370,.T.);
#370 = SURFACE_CURVE('',#371,(#375,#382),.PCURVE_S1.);
#371 = LINE('',#372,#373);
#372 = CARTESIAN_POINT('',(-60.,65.,502.));
#373 = VECTOR('',#374,1.);
#374 = DIRECTION('',(1.,0.,0.));
#375 = PCURVE('',#62,#376);
#376 = DEFINITIONAL_REPRESENTATION('',(#377),#381);
#377 = LINE('',#378,#379);
#378 = CARTESIAN_POINT('',(0.,135.));
#379 = VECTOR('',#380,1.);
#380 = DIRECTION('',(1.,0.));
#381 = ( GEOMETRIC_REPRESENTATION_CONTEXT(2) 
PARAMETRIC_REPRESENTATION_CONTEXT() REPRESENTATION_CONTEXT('2D SPACE',''
  ) );
#382 = PCURVE('',#146,#383);
#383 = DEFINITIONAL_REPRESENTATION('',(#384),#388);
#384 = LINE('',#385,#386);
#385 = CARTESIAN_POINT('',(40.,0.));
#386 = VECTOR('',#387,1.);
#387 = DIRECTION('',(0.,1.));
#388 = ( GEOMETRIC_REPRESENTATION_CONTEXT(2) 
PARAMETRIC_REPRESENTATION_CONTEXT() REPRESENTATION_CONTEXT('2D SPACE',''
  ) );
#389 = ORIENTED_EDGE('',*,*,#158,.F.);
#390 = ORIENTED_EDGE('',*,*,#391,.F.);
#391 = EDGE_CURVE('',#42,#159,#392,.T.);
#392 = SURFACE_CURVE('',#393,(#397,#404),.PCURVE_S1.);
#393 = LINE('',#394,#395);
#394 = CARTESIAN_POINT('',(-60.,-70.,502.));
#395 = VECTOR('',#396,1.);
#396 = DIRECTION('',(0.,1.,0.));
#397 = PCURVE('',#62,#398);
#398 = DEFINITIONAL_REPRESENTATION('',(#399),#403);
#399 = LINE('',#400,#401);
#400 = CARTESIAN_POINT('',(0.,0.));
#401 = VECTOR('',#402,1.);
#402 = DIRECTION('',(0.,1.));
#403 = ( GEOMETRIC_REPRESENTATION_CONTEXT(2) 
PARAMETRIC_REPRESENTATION_CONTEXT() REPRESENTATION_CONTEXT('2D SPACE',''
  ) );
#404 = PCURVE('',#405,#410);
#405 = PLANE('',#406);
#406 = AXIS2_PLACEMENT_3D('',#407,#408,#409);
#407 = CARTESIAN_POINT('',(-60.,18.,492.));
#408 = DIRECTION('',(1.,0.,0.));
#409 = DIRECTION('',(0.,0.,1.));
#410 = DEFINITIONAL_REPRESENTATION('',(#411),#415);
#411 = LINE('',#412,#413);
#412 = CARTESIAN_POINT('',(10.,88.));
#413 = VECTOR('',#414,1.);
#414 = DIRECTION('',(0.,-1.));
#415 = ( GEOMETRIC_REPRESENTATION_CONTEXT(2) 
PARAMETRIC_REPRESENTATION_CONTEXT() REPRESENTATION_CONTEXT('2D SPACE',''
  ) );
#416 = FACE_BOUND('',#417,.T.);
#417 = EDGE_LOOP('',(#418));
#418 = ORIENTED_EDGE('',*,*,#419,.F.);
#419 = EDGE_CURVE('',#420,#420,#422,.T.);
#420 = VERTEX_POINT('',#421);
#421 = CARTESIAN_POINT('',(-20.5,-22.6,502.));
#422 = SURFACE_CURVE('',#423,(#428,#435),.PCURVE_S1.);
#423 = CIRCLE('',#424,2.1);
#424 = AXIS2_PLACEMENT_3D('',#425,#426,#427);
#425 = CARTESIAN_POINT('',(-22.6,-22.6,502.));
#426 = DIRECTION('',(0.,0.,1.));
#427 = DIRECTION('',(1.,0.,-0.));
#428 = PCURVE('',#62,#429);
#429 = DEFINITIONAL_REPRESENTATION('',(#430),#434);
#430 = CIRCLE('',#431,2.1);
#431 = AXIS2_PLACEMENT_2D('',#432,#433);
#432 = CARTESIAN_POINT('',(37.4,47.4));
#433 = DIRECTION('',(1.,0.));
#434 = ( GEOMETRIC_REPRESENTATION_CONTEXT(2) 
PARAMETRIC_REPRESENTATION_CONTEXT() REPRESENTATION_CONTEXT('2D SPACE',''
  ) );
#435 = PCURVE('',#436,#441);
#436 = CYLINDRICAL_SURFACE('',#437,2.1);
#437 = AXIS2_PLACEMENT_3D('',#438,#439,#440);
#438 = CARTESIAN_POINT('',(-22.6,-22.6,494.));
#439 = DIRECTION('',(0.,0.,1.));
#440 = DIRECTION('',(1.,0.,-0.));
#441 = DEFINITIONAL_REPRESENTATION('',(#442),#446);
#442 = LINE('',#443,#444);
#443 = CARTESIAN_POINT('',(0.,8.));
#444 = VECTOR('',#445,1.);
#445 = DIRECTION('',(1.,0.));
#446 = ( GEOMETRIC_REPRESENTATION_CONTEXT(2) 
PARAMETRIC_REPRESENTATION_CONTEXT() REPRESENTATION_CONTEXT('2D SPACE',''
  ) );
#447 = FACE_BOUND('',#448,.T.);
#448 = EDGE_LOOP('',(#449));
#449 = ORIENTED_EDGE('',*,*,#450,.F.);
#450 = EDGE_CURVE('',#451,#451,#453,.T.);
#451 = VERTEX_POINT('',#452);
#452 = CARTESIAN_POINT('',(24.7,-22.6,502.));
#453 = SURFACE_CURVE('',#454,(#459,#466),.PCURVE_S1.);
#454 = CIRCLE('',#455,2.1);
#455 = AXIS2_PLACEMENT_3D('',#456,#457,#458);
#456 = CARTESIAN_POINT('',(22.6,-22.6,502.));
#457 = DIRECTION('',(0.,0.,1.));
#458 = DIRECTION('',(1.,0.,-0.));
#459 = PCURVE('',#62,#460);
#460 = DEFINITIONAL_REPRESENTATION('',(#461),#465);
#461 = CIRCLE('',#462,2.1);
#462 = AXIS2_PLACEMENT_2D('',#463,#464);
#463 = CARTESIAN_POINT('',(82.6,47.4));
#464 = DIRECTION('',(1.,0.));
#465 = ( GEOMETRIC_REPRESENTATION_CONTEXT(2) 
PARAMETRIC_REPRESENTATION_CONTEXT() REPRESENTATION_CONTEXT('2D SPACE',''
  ) );
#466 = PCURVE('',#467,#472);
#467 = CYLINDRICAL_SURFACE('',#468,2.1);
#468 = AXIS2_PLACEMENT_3D('',#469,#470,#471);
#469 = CARTESIAN_POINT('',(22.6,-22.6,494.));
#470 = DIRECTION('',(0.,0.,1.));
#471 = DIRECTION('',(1.,0.,-0.));
#472 = DEFINITIONAL_REPRESENTATION('',(#473),#477);
#473 = LINE('',#474,#475);
#474 = CARTESIAN_POINT('',(0.,8.));
#475 = VECTOR('',#476,1.);
#476 = DIRECTION('',(1.,0.));
#477 = ( GEOMETRIC_REPRESENTATION_CONTEXT(2) 
PARAMETRIC_REPRESENTATION_CONTEXT() REPRESENTATION_CONTEXT('2D SPACE',''
  ) );
#478 = FACE_BOUND('',#479,.T.);
#479 = EDGE_LOOP('',(#480));
#480 = ORIENTED_EDGE('',*,*,#481,.F.);
#481 = EDGE_CURVE('',#482,#482,#484,.T.);
#482 = VERTEX_POINT('',#483);
#483 = CARTESIAN_POINT('',(25.05,-6.135480463728E-15,502.));
#484 = SURFACE_CURVE('',#485,(#490,#497),.PCURVE_S1.);
#485 = CIRCLE('',#486,25.05);
#486 = AXIS2_PLACEMENT_3D('',#487,#488,#489);
#487 = CARTESIAN_POINT('',(0.,0.,502.));
#488 = DIRECTION('',(0.,0.,1.));
#489 = DIRECTION('',(1.,0.,-0.));
#490 = PCURVE('',#62,#491);
#491 = DEFINITIONAL_REPRESENTATION('',(#492),#496);
#492 = CIRCLE('',#493,25.05);
#493 = AXIS2_PLACEMENT_2D('',#494,#495);
#494 = CARTESIAN_POINT('',(60.,70.));
#495 = DIRECTION('',(1.,0.));
#496 = ( GEOMETRIC_REPRESENTATION_CONTEXT(2) 
PARAMETRIC_REPRESENTATION_CONTEXT() REPRESENTATION_CONTEXT('2D SPACE',''
  ) );
#497 = PCURVE('',#498,#503);
#498 = CYLINDRICAL_SURFACE('',#499,25.05);
#499 = AXIS2_PLACEMENT_3D('',#500,#501,#502);
#500 = CARTESIAN_POINT('',(0.,0.,470.));
#501 = DIRECTION('',(0.,0.,1.));
#502 = DIRECTION('',(1.,0.,-0.));
#503 = DEFINITIONAL_REPRESENTATION('',(#504),#508);
#504 = LINE('',#505,#506);
#505 = CARTESIAN_POINT('',(0.,32.));
#506 = VECTOR('',#507,1.);
#507 = DIRECTION('',(1.,0.));
#508 = ( GEOMETRIC_REPRESENTATION_CONTEXT(2) 
PARAMETRIC_REPRESENTATION_CONTEXT() REPRESENTATION_CONTEXT('2D SPACE',''
  ) );
#509 = FACE_BOUND('',#510,.T.);
#510 = EDGE_LOOP('',(#511));
#511 = ORIENTED_EDGE('',*,*,#512,.F.);
#512 = EDGE_CURVE('',#513,#513,#515,.T.);
#513 = VERTEX_POINT('',#514);
#514 = CARTESIAN_POINT('',(-20.5,22.6,502.));
#515 = SURFACE_CURVE('',#516,(#521,#528),.PCURVE_S1.);
#516 = CIRCLE('',#517,2.1);
#517 = AXIS2_PLACEMENT_3D('',#518,#519,#520);
#518 = CARTESIAN_POINT('',(-22.6,22.6,502.));
#519 = DIRECTION('',(0.,0.,1.));
#520 = DIRECTION('',(1.,0.,-0.));
#521 = PCURVE('',#62,#522);
#522 = DEFINITIONAL_REPRESENTATION('',(#523),#527);
#523 = CIRCLE('',#524,2.1);
#524 = AXIS2_PLACEMENT_2D('',#525,#526);
#525 = CARTESIAN_POINT('',(37.4,92.6));
#526 = DIRECTION('',(1.,0.));
#527 = ( GEOMETRIC_REPRESENTATION_CONTEXT(2) 
PARAMETRIC_REPRESENTATION_CONTEXT() REPRESENTATION_CONTEXT('2D SPACE',''
  ) );
#528 = PCURVE('',#529,#534);
#529 = CYLINDRICAL_SURFACE('',#530,2.1);
#530 = AXIS2_PLACEMENT_3D('',#531,#532,#533);
#531 = CARTESIAN_POINT('',(-22.6,22.6,494.));
#532 = DIRECTION('',(0.,0.,1.));
#533 = DIRECTION('',(1.,0.,-0.));
#534 = DEFINITIONAL_REPRESENTATION('',(#535),#539);
#535 = LINE('',#536,#537);
#536 = CARTESIAN_POINT('',(0.,8.));
#537 = VECTOR('',#538,1.);
#538 = DIRECTION('',(1.,0.));
#539 = ( GEOMETRIC_REPRESENTATION_CONTEXT(2) 
PARAMETRIC_REPRESENTATION_CONTEXT() REPRESENTATION_CONTEXT('2D SPACE',''
  ) );
#540 = FACE_BOUND('',#541,.T.);
#541 = EDGE_LOOP('',(#542));
#542 = ORIENTED_EDGE('',*,*,#543,.F.);
#543 = EDGE_CURVE('',#544,#544,#546,.T.);
#544 = VERTEX_POINT('',#545);
#545 = CARTESIAN_POINT('',(-37.25,59.,502.));
#546 = SURFACE_CURVE('',#547,(#552,#559),.PCURVE_S1.);
#547 = CIRCLE('',#548,2.75);
#548 = AXIS2_PLACEMENT_3D('',#549,#550,#551);
#549 = CARTESIAN_POINT('',(-40.,59.,502.));
#550 = DIRECTION('',(0.,0.,1.));
#551 = DIRECTION('',(1.,0.,-0.));
#552 = PCURVE('',#62,#553);
#553 = DEFINITIONAL_REPRESENTATION('',(#554),#558);
#554 = CIRCLE('',#555,2.75);
#555 = AXIS2_PLACEMENT_2D('',#556,#557);
#556 = CARTESIAN_POINT('',(20.,129.));
#557 = DIRECTION('',(1.,0.));
#558 = ( GEOMETRIC_REPRESENTATION_CONTEXT(2) 
PARAMETRIC_REPRESENTATION_CONTEXT() REPRESENTATION_CONTEXT('2D SPACE',''
  ) );
#559 = PCURVE('',#560,#565);
#560 = CYLINDRICAL_SURFACE('',#561,2.75);
#561 = AXIS2_PLACEMENT_3D('',#562,#563,#564);
#562 = CARTESIAN_POINT('',(-40.,59.,461.5));
#563 = DIRECTION('',(0.,0.,1.));
#564 = DIRECTION('',(1.,0.,-0.));
#565 = DEFINITIONAL_REPRESENTATION('',(#566),#570);
#566 = LINE('',#567,#568);
#567 = CARTESIAN_POINT('',(0.,40.5));
#568 = VECTOR('',#569,1.);
#569 = DIRECTION('',(1.,0.));
#570 = ( GEOMETRIC_REPRESENTATION_CONTEXT(2) 
PARAMETRIC_REPRESENTATION_CONTEXT() REPRESENTATION_CONTEXT('2D SPACE',''
  ) );
#571 = FACE_BOUND('',#572,.T.);
#572 = EDGE_LOOP('',(#573));
#573 = ORIENTED_EDGE('',*,*,#574,.F.);
#574 = EDGE_CURVE('',#575,#575,#577,.T.);
#575 = VERTEX_POINT('',#576);
#576 = CARTESIAN_POINT('',(24.7,22.6,502.));
#577 = SURFACE_CURVE('',#578,(#583,#590),.PCURVE_S1.);
#578 = CIRCLE('',#579,2.1);
#579 = AXIS2_PLACEMENT_3D('',#580,#581,#582);
#580 = CARTESIAN_POINT('',(22.6,22.6,502.));
#581 = DIRECTION('',(0.,0.,1.));
#582 = DIRECTION('',(1.,0.,-0.));
#583 = PCURVE('',#62,#584);
#584 = DEFINITIONAL_REPRESENTATION('',(#585),#589);
#585 = CIRCLE('',#586,2.1);
#586 = AXIS2_PLACEMENT_2D('',#587,#588);
#587 = CARTESIAN_POINT('',(82.6,92.6));
#588 = DIRECTION('',(1.,0.));
#589 = ( GEOMETRIC_REPRESENTATION_CONTEXT(2) 
PARAMETRIC_REPRESENTATION_CONTEXT() REPRESENTATION_CONTEXT('2D SPACE',''
  ) );
#590 = PCURVE('',#591,#596);
#591 = CYLINDRICAL_SURFACE('',#592,2.1);
#592 = AXIS2_PLACEMENT_3D('',#593,#594,#595);
#593 = CARTESIAN_POINT('',(22.6,22.6,494.));
#594 = DIRECTION('',(0.,0.,1.));
#595 = DIRECTION('',(1.,0.,-0.));
#596 = DEFINITIONAL_REPRESENTATION('',(#597),#601);
#597 = LINE('',#598,#599);
#598 = CARTESIAN_POINT('',(0.,8.));
#599 = VECTOR('',#600,1.);
#600 = DIRECTION('',(1.,0.));
#601 = ( GEOMETRIC_REPRESENTATION_CONTEXT(2) 
PARAMETRIC_REPRESENTATION_CONTEXT() REPRESENTATION_CONTEXT('2D SPACE',''
  ) );
#602 = FACE_BOUND('',#603,.T.);
#603 = EDGE_LOOP('',(#604));
#604 = ORIENTED_EDGE('',*,*,#605,.F.);
#605 = EDGE_CURVE('',#606,#606,#608,.T.);
#606 = VERTEX_POINT('',#607);
#607 = CARTESIAN_POINT('',(42.75,59.,502.));
#608 = SURFACE_CURVE('',#609,(#614,#621),.PCURVE_S1.);
#609 = CIRCLE('',#610,2.75);
#610 = AXIS2_PLACEMENT_3D('',#611,#612,#613);
#611 = CARTESIAN_POINT('',(40.,59.,502.));
#612 = DIRECTION('',(0.,0.,1.));
#613 = DIRECTION('',(1.,0.,-0.));
#614 = PCURVE('',#62,#615);
#615 = DEFINITIONAL_REPRESENTATION('',(#616),#620);
#616 = CIRCLE('',#617,2.75);
#617 = AXIS2_PLACEMENT_2D('',#618,#619);
#618 = CARTESIAN_POINT('',(100.,129.));
#619 = DIRECTION('',(1.,0.));
#620 = ( GEOMETRIC_REPRESENTATION_CONTEXT(2) 
PARAMETRIC_REPRESENTATION_CONTEXT() REPRESENTATION_CONTEXT('2D SPACE',''
  ) );
#621 = PCURVE('',#622,#627);
#622 = CYLINDRICAL_SURFACE('',#623,2.75);
#623 = AXIS2_PLACEMENT_3D('',#624,#625,#626);
#624 = CARTESIAN_POINT('',(40.,59.,461.5));
#625 = DIRECTION('',(0.,0.,1.));
#626 = DIRECTION('',(1.,0.,-0.));
#627 = DEFINITIONAL_REPRESENTATION('',(#628),#632);
#628 = LINE('',#629,#630);
#629 = CARTESIAN_POINT('',(0.,40.5));
#630 = VECTOR('',#631,1.);
#631 = DIRECTION('',(1.,0.));
#632 = ( GEOMETRIC_REPRESENTATION_CONTEXT(2) 
PARAMETRIC_REPRESENTATION_CONTEXT() REPRESENTATION_CONTEXT('2D SPACE',''
  ) );
#633 = ADVANCED_FACE('',(#634),#251,.F.);
#634 = FACE_BOUND('',#635,.F.);
#635 = EDGE_LOOP('',(#636,#659,#687,#715,#736));
#636 = ORIENTED_EDGE('',*,*,#637,.F.);
#637 = EDGE_CURVE('',#638,#210,#640,.T.);
#638 = VERTEX_POINT('',#639);
#639 = CARTESIAN_POINT('',(-70.,18.,492.));
#640 = SURFACE_CURVE('',#641,(#645,#652),.PCURVE_S1.);
#641 = LINE('',#642,#643);
#642 = CARTESIAN_POINT('',(-70.,18.,492.));
#643 = VECTOR('',#644,1.);
#644 = DIRECTION('',(1.,0.,0.));
#645 = PCURVE('',#251,#646);
#646 = DEFINITIONAL_REPRESENTATION('',(#647),#651);
#647 = LINE('',#648,#649);
#648 = CARTESIAN_POINT('',(0.,0.));
#649 = VECTOR('',#650,1.);
#650 = DIRECTION('',(0.,1.));
#651 = ( GEOMETRIC_REPRESENTATION_CONTEXT(2) 
PARAMETRIC_REPRESENTATION_CONTEXT() REPRESENTATION_CONTEXT('2D SPACE',''
  ) );
#652 = PCURVE('',#225,#653);
#653 = DEFINITIONAL_REPRESENTATION('',(#654),#658);
#654 = LINE('',#655,#656);
#655 = CARTESIAN_POINT('',(0.,0.));
#656 = VECTOR('',#657,1.);
#657 = DIRECTION('',(1.,0.));
#658 = ( GEOMETRIC_REPRESENTATION_CONTEXT(2) 
PARAMETRIC_REPRESENTATION_CONTEXT() REPRESENTATION_CONTEXT('2D SPACE',''
  ) );
#659 = ORIENTED_EDGE('',*,*,#660,.T.);
#660 = EDGE_CURVE('',#638,#661,#663,.T.);
#661 = VERTEX_POINT('',#662);
#662 = CARTESIAN_POINT('',(-70.,18.,552.));
#663 = SURFACE_CURVE('',#664,(#668,#675),.PCURVE_S1.);
#664 = LINE('',#665,#666);
#665 = CARTESIAN_POINT('',(-70.,18.,492.));
#666 = VECTOR('',#667,1.);
#667 = DIRECTION('',(0.,0.,1.));
#668 = PCURVE('',#251,#669);
#669 = DEFINITIONAL_REPRESENTATION('',(#670),#674);
#670 = LINE('',#671,#672);
#671 = CARTESIAN_POINT('',(0.,0.));
#672 = VECTOR('',#673,1.);
#673 = DIRECTION('',(1.,0.));
#674 = ( GEOMETRIC_REPRESENTATION_CONTEXT(2) 
PARAMETRIC_REPRESENTATION_CONTEXT() REPRESENTATION_CONTEXT('2D SPACE',''
  ) );
#675 = PCURVE('',#676,#681);
#676 = PLANE('',#677);
#677 = AXIS2_PLACEMENT_3D('',#678,#679,#680);
#678 = CARTESIAN_POINT('',(-70.,18.,492.));
#679 = DIRECTION('',(1.,0.,0.));
#680 = DIRECTION('',(0.,0.,1.));
#681 = DEFINITIONAL_REPRESENTATION('',(#682),#686);
#682 = LINE('',#683,#684);
#683 = CARTESIAN_POINT('',(0.,0.));
#684 = VECTOR('',#685,1.);
#685 = DIRECTION('',(1.,0.));
#686 = ( GEOMETRIC_REPRESENTATION_CONTEXT(2) 
PARAMETRIC_REPRESENTATION_CONTEXT() REPRESENTATION_CONTEXT('2D SPACE',''
  ) );
#687 = ORIENTED_EDGE('',*,*,#688,.T.);
#688 = EDGE_CURVE('',#661,#689,#691,.T.);
#689 = VERTEX_POINT('',#690);
#690 = CARTESIAN_POINT('',(-60.,18.,552.));
#691 = SURFACE_CURVE('',#692,(#696,#703),.PCURVE_S1.);
#692 = LINE('',#693,#694);
#693 = CARTESIAN_POINT('',(-70.,18.,552.));
#694 = VECTOR('',#695,1.);
#695 = DIRECTION('',(1.,0.,0.));
#696 = PCURVE('',#251,#697);
#697 = DEFINITIONAL_REPRESENTATION('',(#698),#702);
#698 = LINE('',#699,#700);
#699 = CARTESIAN_POINT('',(60.,0.));
#700 = VECTOR('',#701,1.);
#701 = DIRECTION('',(0.,1.));
#702 = ( GEOMETRIC_REPRESENTATION_CONTEXT(2) 
PARAMETRIC_REPRESENTATION_CONTEXT() REPRESENTATION_CONTEXT('2D SPACE',''
  ) );
#703 = PCURVE('',#704,#709);
#704 = PLANE('',#705);
#705 = AXIS2_PLACEMENT_3D('',#706,#707,#708);
#706 = CARTESIAN_POINT('',(-70.,18.,552.));
#707 = DIRECTION('',(0.,0.,1.));
#708 = DIRECTION('',(1.,0.,0.));
#709 = DEFINITIONAL_REPRESENTATION('',(#710),#714);
#710 = LINE('',#711,#712);
#711 = CARTESIAN_POINT('',(0.,0.));
#712 = VECTOR('',#713,1.);
#713 = DIRECTION('',(1.,0.));
#714 = ( GEOMETRIC_REPRESENTATION_CONTEXT(2) 
PARAMETRIC_REPRESENTATION_CONTEXT() REPRESENTATION_CONTEXT('2D SPACE',''
  ) );
#715 = ORIENTED_EDGE('',*,*,#716,.F.);
#716 = EDGE_CURVE('',#42,#689,#717,.T.);
#717 = SURFACE_CURVE('',#718,(#722,#729),.PCURVE_S1.);
#718 = LINE('',#719,#720);
#719 = CARTESIAN_POINT('',(-60.,18.,492.));
#720 = VECTOR('',#721,1.);
#721 = DIRECTION('',(0.,0.,1.));
#722 = PCURVE('',#251,#723);
#723 = DEFINITIONAL_REPRESENTATION('',(#724),#728);
#724 = LINE('',#725,#726);
#725 = CARTESIAN_POINT('',(0.,10.));
#726 = VECTOR('',#727,1.);
#727 = DIRECTION('',(1.,0.));
#728 = ( GEOMETRIC_REPRESENTATION_CONTEXT(2) 
PARAMETRIC_REPRESENTATION_CONTEXT() REPRESENTATION_CONTEXT('2D SPACE',''
  ) );
#729 = PCURVE('',#405,#730);
#730 = DEFINITIONAL_REPRESENTATION('',(#731),#735);
#731 = LINE('',#732,#733);
#732 = CARTESIAN_POINT('',(0.,0.));
#733 = VECTOR('',#734,1.);
#734 = DIRECTION('',(1.,0.));
#735 = ( GEOMETRIC_REPRESENTATION_CONTEXT(2) 
PARAMETRIC_REPRESENTATION_CONTEXT() REPRESENTATION_CONTEXT('2D SPACE',''
  ) );
#736 = ORIENTED_EDGE('',*,*,#237,.F.);
#737 = ADVANCED_FACE('',(#738),#225,.F.);
#738 = FACE_BOUND('',#739,.F.);
#739 = EDGE_LOOP('',(#740,#763,#764,#765));
#740 = ORIENTED_EDGE('',*,*,#741,.F.);
#741 = EDGE_CURVE('',#638,#742,#744,.T.);
#742 = VERTEX_POINT('',#743);
#743 = CARTESIAN_POINT('',(-70.,53.,492.));
#744 = SURFACE_CURVE('',#745,(#749,#756),.PCURVE_S1.);
#745 = LINE('',#746,#747);
#746 = CARTESIAN_POINT('',(-70.,18.,492.));
#747 = VECTOR('',#748,1.);
#748 = DIRECTION('',(0.,1.,0.));
#749 = PCURVE('',#225,#750);
#750 = DEFINITIONAL_REPRESENTATION('',(#751),#755);
#751 = LINE('',#752,#753);
#752 = CARTESIAN_POINT('',(0.,0.));
#753 = VECTOR('',#754,1.);
#754 = DIRECTION('',(0.,1.));
#755 = ( GEOMETRIC_REPRESENTATION_CONTEXT(2) 
PARAMETRIC_REPRESENTATION_CONTEXT() REPRESENTATION_CONTEXT('2D SPACE',''
  ) );
#756 = PCURVE('',#676,#757);
#757 = DEFINITIONAL_REPRESENTATION('',(#758),#762);
#758 = LINE('',#759,#760);
#759 = CARTESIAN_POINT('',(0.,0.));
#760 = VECTOR('',#761,1.);
#761 = DIRECTION('',(0.,-1.));
#762 = ( GEOMETRIC_REPRESENTATION_CONTEXT(2) 
PARAMETRIC_REPRESENTATION_CONTEXT() REPRESENTATION_CONTEXT('2D SPACE',''
  ) );
#763 = ORIENTED_EDGE('',*,*,#637,.T.);
#764 = ORIENTED_EDGE('',*,*,#209,.T.);
#765 = ORIENTED_EDGE('',*,*,#766,.F.);
#766 = EDGE_CURVE('',#742,#182,#767,.T.);
#767 = SURFACE_CURVE('',#768,(#772,#779),.PCURVE_S1.);
#768 = LINE('',#769,#770);
#769 = CARTESIAN_POINT('',(-70.,53.,492.));
#770 = VECTOR('',#771,1.);
#771 = DIRECTION('',(1.,0.,0.));
#772 = PCURVE('',#225,#773);
#773 = DEFINITIONAL_REPRESENTATION('',(#774),#778);
#774 = LINE('',#775,#776);
#775 = CARTESIAN_POINT('',(0.,35.));
#776 = VECTOR('',#777,1.);
#777 = DIRECTION('',(1.,0.));
#778 = ( GEOMETRIC_REPRESENTATION_CONTEXT(2) 
PARAMETRIC_REPRESENTATION_CONTEXT() REPRESENTATION_CONTEXT('2D SPACE',''
  ) );
#779 = PCURVE('',#197,#780);
#780 = DEFINITIONAL_REPRESENTATION('',(#781),#785);
#781 = LINE('',#782,#783);
#782 = CARTESIAN_POINT('',(0.,0.));
#783 = VECTOR('',#784,1.);
#784 = DIRECTION('',(0.,1.));
#785 = ( GEOMETRIC_REPRESENTATION_CONTEXT(2) 
PARAMETRIC_REPRESENTATION_CONTEXT() REPRESENTATION_CONTEXT('2D SPACE',''
  ) );
#786 = ADVANCED_FACE('',(#787),#197,.T.);
#787 = FACE_BOUND('',#788,.T.);
#788 = EDGE_LOOP('',(#789,#790,#813,#836,#857));
#789 = ORIENTED_EDGE('',*,*,#766,.F.);
#790 = ORIENTED_EDGE('',*,*,#791,.T.);
#791 = EDGE_CURVE('',#742,#792,#794,.T.);
#792 = VERTEX_POINT('',#793);
#793 = CARTESIAN_POINT('',(-70.,53.,552.));
#794 = SURFACE_CURVE('',#795,(#799,#806),.PCURVE_S1.);
#795 = LINE('',#796,#797);
#796 = CARTESIAN_POINT('',(-70.,53.,492.));
#797 = VECTOR('',#798,1.);
#798 = DIRECTION('',(0.,0.,1.));
#799 = PCURVE('',#197,#800);
#800 = DEFINITIONAL_REPRESENTATION('',(#801),#805);
#801 = LINE('',#802,#803);
#802 = CARTESIAN_POINT('',(0.,0.));
#803 = VECTOR('',#804,1.);
#804 = DIRECTION('',(1.,0.));
#805 = ( GEOMETRIC_REPRESENTATION_CONTEXT(2) 
PARAMETRIC_REPRESENTATION_CONTEXT() REPRESENTATION_CONTEXT('2D SPACE',''
  ) );
#806 = PCURVE('',#676,#807);
#807 = DEFINITIONAL_REPRESENTATION('',(#808),#812);
#808 = LINE('',#809,#810);
#809 = CARTESIAN_POINT('',(0.,-35.));
#810 = VECTOR('',#811,1.);
#811 = DIRECTION('',(1.,0.));
#812 = ( GEOMETRIC_REPRESENTATION_CONTEXT(2) 
PARAMETRIC_REPRESENTATION_CONTEXT() REPRESENTATION_CONTEXT('2D SPACE',''
  ) );
#813 = ORIENTED_EDGE('',*,*,#814,.T.);
#814 = EDGE_CURVE('',#792,#815,#817,.T.);
#815 = VERTEX_POINT('',#816);
#816 = CARTESIAN_POINT('',(-60.,53.,552.));
#817 = SURFACE_CURVE('',#818,(#822,#829),.PCURVE_S1.);
#818 = LINE('',#819,#820);
#819 = CARTESIAN_POINT('',(-70.,53.,552.));
#820 = VECTOR('',#821,1.);
#821 = DIRECTION('',(1.,0.,0.));
#822 = PCURVE('',#197,#823);
#823 = DEFINITIONAL_REPRESENTATION('',(#824),#828);
#824 = LINE('',#825,#826);
#825 = CARTESIAN_POINT('',(60.,0.));
#826 = VECTOR('',#827,1.);
#827 = DIRECTION('',(0.,1.));
#828 = ( GEOMETRIC_REPRESENTATION_CONTEXT(2) 
PARAMETRIC_REPRESENTATION_CONTEXT() REPRESENTATION_CONTEXT('2D SPACE',''
  ) );
#829 = PCURVE('',#704,#830);
#830 = DEFINITIONAL_REPRESENTATION('',(#831),#835);
#831 = LINE('',#832,#833);
#832 = CARTESIAN_POINT('',(0.,35.));
#833 = VECTOR('',#834,1.);
#834 = DIRECTION('',(1.,0.));
#835 = ( GEOMETRIC_REPRESENTATION_CONTEXT(2) 
PARAMETRIC_REPRESENTATION_CONTEXT() REPRESENTATION_CONTEXT('2D SPACE',''
  ) );
#836 = ORIENTED_EDGE('',*,*,#837,.F.);
#837 = EDGE_CURVE('',#159,#815,#838,.T.);
#838 = SURFACE_CURVE('',#839,(#843,#850),.PCURVE_S1.);
#839 = LINE('',#840,#841);
#840 = CARTESIAN_POINT('',(-60.,53.,492.));
#841 = VECTOR('',#842,1.);
#842 = DIRECTION('',(0.,0.,1.));
#843 = PCURVE('',#197,#844);
#844 = DEFINITIONAL_REPRESENTATION('',(#845),#849);
#845 = LINE('',#846,#847);
#846 = CARTESIAN_POINT('',(0.,10.));
#847 = VECTOR('',#848,1.);
#848 = DIRECTION('',(1.,0.));
#849 = ( GEOMETRIC_REPRESENTATION_CONTEXT(2) 
PARAMETRIC_REPRESENTATION_CONTEXT() REPRESENTATION_CONTEXT('2D SPACE',''
  ) );
#850 = PCURVE('',#405,#851);
#851 = DEFINITIONAL_REPRESENTATION('',(#852),#856);
#852 = LINE('',#853,#854);
#853 = CARTESIAN_POINT('',(0.,-35.));
#854 = VECTOR('',#855,1.);
#855 = DIRECTION('',(1.,0.));
#856 = ( GEOMETRIC_REPRESENTATION_CONTEXT(2) 
PARAMETRIC_REPRESENTATION_CONTEXT() REPRESENTATION_CONTEXT('2D SPACE',''
  ) );
#857 = ORIENTED_EDGE('',*,*,#181,.F.);
#858 = ADVANCED_FACE('',(#859),#146,.T.);
#859 = FACE_BOUND('',#860,.T.);
#860 = EDGE_LOOP('',(#861,#884,#885,#886));
#861 = ORIENTED_EDGE('',*,*,#862,.F.);
#862 = EDGE_CURVE('',#103,#863,#865,.T.);
#863 = VERTEX_POINT('',#864);
#864 = CARTESIAN_POINT('',(60.,65.,462.));
#865 = SURFACE_CURVE('',#866,(#870,#877),.PCURVE_S1.);
#866 = LINE('',#867,#868);
#867 = CARTESIAN_POINT('',(-60.,65.,462.));
#868 = VECTOR('',#869,1.);
#869 = DIRECTION('',(1.,0.,0.));
#870 = PCURVE('',#146,#871);
#871 = DEFINITIONAL_REPRESENTATION('',(#872),#876);
#872 = LINE('',#873,#874);
#873 = CARTESIAN_POINT('',(0.,0.));
#874 = VECTOR('',#875,1.);
#875 = DIRECTION('',(0.,1.));
#876 = ( GEOMETRIC_REPRESENTATION_CONTEXT(2) 
PARAMETRIC_REPRESENTATION_CONTEXT() REPRESENTATION_CONTEXT('2D SPACE',''
  ) );
#877 = PCURVE('',#118,#878);
#878 = DEFINITIONAL_REPRESENTATION('',(#879),#883);
#879 = LINE('',#880,#881);
#880 = CARTESIAN_POINT('',(0.,135.));
#881 = VECTOR('',#882,1.);
#882 = DIRECTION('',(1.,0.));
#883 = ( GEOMETRIC_REPRESENTATION_CONTEXT(2) 
PARAMETRIC_REPRESENTATION_CONTEXT() REPRESENTATION_CONTEXT('2D SPACE',''
  ) );
#884 = ORIENTED_EDGE('',*,*,#130,.T.);
#885 = ORIENTED_EDGE('',*,*,#369,.T.);
#886 = ORIENTED_EDGE('',*,*,#887,.F.);
#887 = EDGE_CURVE('',#863,#347,#888,.T.);
#888 = SURFACE_CURVE('',#889,(#893,#900),.PCURVE_S1.);
#889 = LINE('',#890,#891);
#890 = CARTESIAN_POINT('',(60.,65.,462.));
#891 = VECTOR('',#892,1.);
#892 = DIRECTION('',(0.,0.,1.));
#893 = PCURVE('',#146,#894);
#894 = DEFINITIONAL_REPRESENTATION('',(#895),#899);
#895 = LINE('',#896,#897);
#896 = CARTESIAN_POINT('',(0.,120.));
#897 = VECTOR('',#898,1.);
#898 = DIRECTION('',(1.,0.));
#899 = ( GEOMETRIC_REPRESENTATION_CONTEXT(2) 
PARAMETRIC_REPRESENTATION_CONTEXT() REPRESENTATION_CONTEXT('2D SPACE',''
  ) );
#900 = PCURVE('',#306,#901);
#901 = DEFINITIONAL_REPRESENTATION('',(#902),#906);
#902 = LINE('',#903,#904);
#903 = CARTESIAN_POINT('',(0.,-135.));
#904 = VECTOR('',#905,1.);
#905 = DIRECTION('',(1.,0.));
#906 = ( GEOMETRIC_REPRESENTATION_CONTEXT(2) 
PARAMETRIC_REPRESENTATION_CONTEXT() REPRESENTATION_CONTEXT('2D SPACE',''
  ) );
#907 = ADVANCED_FACE('',(#908,#956,#987,#1018,#1049,#1080,#1111,#1142,
    #1248,#1279,#1310,#1416),#118,.F.);
#908 = FACE_BOUND('',#909,.F.);
#909 = EDGE_LOOP('',(#910,#911,#934,#955));
#910 = ORIENTED_EDGE('',*,*,#102,.F.);
#911 = ORIENTED_EDGE('',*,*,#912,.T.);
#912 = EDGE_CURVE('',#75,#913,#915,.T.);
#913 = VERTEX_POINT('',#914);
#914 = CARTESIAN_POINT('',(60.,-70.,462.));
#915 = SURFACE_CURVE('',#916,(#920,#927),.PCURVE_S1.);
#916 = LINE('',#917,#918);
#917 = CARTESIAN_POINT('',(-60.,-70.,462.));
#918 = VECTOR('',#919,1.);
#919 = DIRECTION('',(1.,0.,0.));
#920 = PCURVE('',#118,#921);
#921 = DEFINITIONAL_REPRESENTATION('',(#922),#926);
#922 = LINE('',#923,#924);
#923 = CARTESIAN_POINT('',(0.,0.));
#924 = VECTOR('',#925,1.);
#925 = DIRECTION('',(1.,0.));
#926 = ( GEOMETRIC_REPRESENTATION_CONTEXT(2) 
PARAMETRIC_REPRESENTATION_CONTEXT() REPRESENTATION_CONTEXT('2D SPACE',''
  ) );
#927 = PCURVE('',#90,#928);
#928 = DEFINITIONAL_REPRESENTATION('',(#929),#933);
#929 = LINE('',#930,#931);
#930 = CARTESIAN_POINT('',(0.,0.));
#931 = VECTOR('',#932,1.);
#932 = DIRECTION('',(0.,1.));
#933 = ( GEOMETRIC_REPRESENTATION_CONTEXT(2) 
PARAMETRIC_REPRESENTATION_CONTEXT() REPRESENTATION_CONTEXT('2D SPACE',''
  ) );
#934 = ORIENTED_EDGE('',*,*,#935,.T.);
#935 = EDGE_CURVE('',#913,#863,#936,.T.);
#936 = SURFACE_CURVE('',#937,(#941,#948),.PCURVE_S1.);
#937 = LINE('',#938,#939);
#938 = CARTESIAN_POINT('',(60.,-70.,462.));
#939 = VECTOR('',#940,1.);
#940 = DIRECTION('',(0.,1.,0.));
#941 = PCURVE('',#118,#942);
#942 = DEFINITIONAL_REPRESENTATION('',(#943),#947);
#943 = LINE('',#944,#945);
#944 = CARTESIAN_POINT('',(120.,0.));
#945 = VECTOR('',#946,1.);
#946 = DIRECTION('',(0.,1.));
#947 = ( GEOMETRIC_REPRESENTATION_CONTEXT(2) 
PARAMETRIC_REPRESENTATION_CONTEXT() REPRESENTATION_CONTEXT('2D SPACE',''
  ) );
#948 = PCURVE('',#306,#949);
#949 = DEFINITIONAL_REPRESENTATION('',(#950),#954);
#950 = LINE('',#951,#952);
#951 = CARTESIAN_POINT('',(0.,0.));
#952 = VECTOR('',#953,1.);
#953 = DIRECTION('',(0.,-1.));
#954 = ( GEOMETRIC_REPRESENTATION_CONTEXT(2) 
PARAMETRIC_REPRESENTATION_CONTEXT() REPRESENTATION_CONTEXT('2D SPACE',''
  ) );
#955 = ORIENTED_EDGE('',*,*,#862,.F.);
#956 = FACE_BOUND('',#957,.F.);
#957 = EDGE_LOOP('',(#958));
#958 = ORIENTED_EDGE('',*,*,#959,.F.);
#959 = EDGE_CURVE('',#960,#960,#962,.T.);
#960 = VERTEX_POINT('',#961);
#961 = CARTESIAN_POINT('',(-29.04101615137,-20.,462.));
#962 = SURFACE_CURVE('',#963,(#968,#975),.PCURVE_S1.);
#963 = CIRCLE('',#964,5.6);
#964 = AXIS2_PLACEMENT_3D('',#965,#966,#967);
#965 = CARTESIAN_POINT('',(-34.64101615137,-20.,462.));
#966 = DIRECTION('',(0.,0.,1.));
#967 = DIRECTION('',(1.,0.,-0.));
#968 = PCURVE('',#118,#969);
#969 = DEFINITIONAL_REPRESENTATION('',(#970),#974);
#970 = CIRCLE('',#971,5.6);
#971 = AXIS2_PLACEMENT_2D('',#972,#973);
#972 = CARTESIAN_POINT('',(25.358983848622,50.));
#973 = DIRECTION('',(1.,0.));
#974 = ( GEOMETRIC_REPRESENTATION_CONTEXT(2) 
PARAMETRIC_REPRESENTATION_CONTEXT() REPRESENTATION_CONTEXT('2D SPACE',''
  ) );
#975 = PCURVE('',#976,#981);
#976 = SPHERICAL_SURFACE('',#977,5.6);
#977 = AXIS2_PLACEMENT_3D('',#978,#979,#980);
#978 = CARTESIAN_POINT('',(-34.64101615137,-20.,462.));
#979 = DIRECTION('',(0.,0.,1.));
#980 = DIRECTION('',(1.,0.,-0.));
#981 = DEFINITIONAL_REPRESENTATION('',(#982),#986);
#982 = LINE('',#983,#984);
#983 = CARTESIAN_POINT('',(0.,0.));
#984 = VECTOR('',#985,1.);
#985 = DIRECTION('',(1.,0.));
#986 = ( GEOMETRIC_REPRESENTATION_CONTEXT(2) 
PARAMETRIC_REPRESENTATION_CONTEXT() REPRESENTATION_CONTEXT('2D SPACE',''
  ) );
#987 = FACE_BOUND('',#988,.F.);
#988 = EDGE_LOOP('',(#989));
#989 = ORIENTED_EDGE('',*,*,#990,.F.);
#990 = EDGE_CURVE('',#991,#991,#993,.T.);
#991 = VERTEX_POINT('',#992);
#992 = CARTESIAN_POINT('',(-6.5,-34.,462.));
#993 = SURFACE_CURVE('',#994,(#999,#1006),.PCURVE_S1.);
#994 = CIRCLE('',#995,4.5);
#995 = AXIS2_PLACEMENT_3D('',#996,#997,#998);
#996 = CARTESIAN_POINT('',(-11.,-34.,462.));
#997 = DIRECTION('',(0.,0.,1.));
#998 = DIRECTION('',(1.,0.,-0.));
#999 = PCURVE('',#118,#1000);
#1000 = DEFINITIONAL_REPRESENTATION('',(#1001),#1005);
#1001 = CIRCLE('',#1002,4.5);
#1002 = AXIS2_PLACEMENT_2D('',#1003,#1004);
#1003 = CARTESIAN_POINT('',(49.,36.));
#1004 = DIRECTION('',(1.,0.));
#1005 = ( GEOMETRIC_REPRESENTATION_CONTEXT(2) 
PARAMETRIC_REPRESENTATION_CONTEXT() REPRESENTATION_CONTEXT('2D SPACE',''
  ) );
#1006 = PCURVE('',#1007,#1012);
#1007 = CYLINDRICAL_SURFACE('',#1008,4.5);
#1008 = AXIS2_PLACEMENT_3D('',#1009,#1010,#1011);
#1009 = CARTESIAN_POINT('',(-11.,-34.,461.9));
#1010 = DIRECTION('',(0.,0.,1.));
#1011 = DIRECTION('',(1.,0.,-0.));
#1012 = DEFINITIONAL_REPRESENTATION('',(#1013),#1017);
#1013 = LINE('',#1014,#1015);
#1014 = CARTESIAN_POINT('',(0.,0.1));
#1015 = VECTOR('',#1016,1.);
#1016 = DIRECTION('',(1.,0.));
#1017 = ( GEOMETRIC_REPRESENTATION_CONTEXT(2) 
PARAMETRIC_REPRESENTATION_CONTEXT() REPRESENTATION_CONTEXT('2D SPACE',''
  ) );
#1018 = FACE_BOUND('',#1019,.F.);
#1019 = EDGE_LOOP('',(#1020));
#1020 = ORIENTED_EDGE('',*,*,#1021,.F.);
#1021 = EDGE_CURVE('',#1022,#1022,#1024,.T.);
#1022 = VERTEX_POINT('',#1023);
#1023 = CARTESIAN_POINT('',(5.5,-36.,462.));
#1024 = SURFACE_CURVE('',#1025,(#1030,#1037),.PCURVE_S1.);
#1025 = CIRCLE('',#1026,5.5);
#1026 = AXIS2_PLACEMENT_3D('',#1027,#1028,#1029);
#1027 = CARTESIAN_POINT('',(0.,-36.,462.));
#1028 = DIRECTION('',(0.,0.,1.));
#1029 = DIRECTION('',(1.,0.,-0.));
#1030 = PCURVE('',#118,#1031);
#1031 = DEFINITIONAL_REPRESENTATION('',(#1032),#1036);
#1032 = CIRCLE('',#1033,5.5);
#1033 = AXIS2_PLACEMENT_2D('',#1034,#1035);
#1034 = CARTESIAN_POINT('',(60.,34.));
#1035 = DIRECTION('',(1.,0.));
#1036 = ( GEOMETRIC_REPRESENTATION_CONTEXT(2) 
PARAMETRIC_REPRESENTATION_CONTEXT() REPRESENTATION_CONTEXT('2D SPACE',''
  ) );
#1037 = PCURVE('',#1038,#1043);
#1038 = CYLINDRICAL_SURFACE('',#1039,5.5);
#1039 = AXIS2_PLACEMENT_3D('',#1040,#1041,#1042);
#1040 = CARTESIAN_POINT('',(0.,-36.,461.9));
#1041 = DIRECTION('',(0.,0.,1.));
#1042 = DIRECTION('',(1.,0.,-0.));
#1043 = DEFINITIONAL_REPRESENTATION('',(#1044),#1048);
#1044 = LINE('',#1045,#1046);
#1045 = CARTESIAN_POINT('',(0.,0.1));
#1046 = VECTOR('',#1047,1.);
#1047 = DIRECTION('',(1.,0.));
#1048 = ( GEOMETRIC_REPRESENTATION_CONTEXT(2) 
PARAMETRIC_REPRESENTATION_CONTEXT() REPRESENTATION_CONTEXT('2D SPACE',''
  ) );
#1049 = FACE_BOUND('',#1050,.F.);
#1050 = EDGE_LOOP('',(#1051));
#1051 = ORIENTED_EDGE('',*,*,#1052,.F.);
#1052 = EDGE_CURVE('',#1053,#1053,#1055,.T.);
#1053 = VERTEX_POINT('',#1054);
#1054 = CARTESIAN_POINT('',(15.5,-34.,462.));
#1055 = SURFACE_CURVE('',#1056,(#1061,#1068),.PCURVE_S1.);
#1056 = CIRCLE('',#1057,4.5);
#1057 = AXIS2_PLACEMENT_3D('',#1058,#1059,#1060);
#1058 = CARTESIAN_POINT('',(11.,-34.,462.));
#1059 = DIRECTION('',(0.,0.,1.));
#1060 = DIRECTION('',(1.,0.,-0.));
#1061 = PCURVE('',#118,#1062);
#1062 = DEFINITIONAL_REPRESENTATION('',(#1063),#1067);
#1063 = CIRCLE('',#1064,4.5);
#1064 = AXIS2_PLACEMENT_2D('',#1065,#1066);
#1065 = CARTESIAN_POINT('',(71.,36.));
#1066 = DIRECTION('',(1.,0.));
#1067 = ( GEOMETRIC_REPRESENTATION_CONTEXT(2) 
PARAMETRIC_REPRESENTATION_CONTEXT() REPRESENTATION_CONTEXT('2D SPACE',''
  ) );
#1068 = PCURVE('',#1069,#1074);
#1069 = CYLINDRICAL_SURFACE('',#1070,4.5);
#1070 = AXIS2_PLACEMENT_3D('',#1071,#1072,#1073);
#1071 = CARTESIAN_POINT('',(11.,-34.,461.9));
#1072 = DIRECTION('',(0.,0.,1.));
#1073 = DIRECTION('',(1.,0.,-0.));
#1074 = DEFINITIONAL_REPRESENTATION('',(#1075),#1079);
#1075 = LINE('',#1076,#1077);
#1076 = CARTESIAN_POINT('',(0.,0.1));
#1077 = VECTOR('',#1078,1.);
#1078 = DIRECTION('',(1.,0.));
#1079 = ( GEOMETRIC_REPRESENTATION_CONTEXT(2) 
PARAMETRIC_REPRESENTATION_CONTEXT() REPRESENTATION_CONTEXT('2D SPACE',''
  ) );
#1080 = FACE_BOUND('',#1081,.F.);
#1081 = EDGE_LOOP('',(#1082));
#1082 = ORIENTED_EDGE('',*,*,#1083,.F.);
#1083 = EDGE_CURVE('',#1084,#1084,#1086,.T.);
#1084 = VERTEX_POINT('',#1085);
#1085 = CARTESIAN_POINT('',(40.241016151378,-20.,462.));
#1086 = SURFACE_CURVE('',#1087,(#1092,#1099),.PCURVE_S1.);
#1087 = CIRCLE('',#1088,5.6);
#1088 = AXIS2_PLACEMENT_3D('',#1089,#1090,#1091);
#1089 = CARTESIAN_POINT('',(34.641016151378,-20.,462.));
#1090 = DIRECTION('',(0.,0.,1.));
#1091 = DIRECTION('',(1.,0.,-0.));
#1092 = PCURVE('',#118,#1093);
#1093 = DEFINITIONAL_REPRESENTATION('',(#1094),#1098);
#1094 = CIRCLE('',#1095,5.6);
#1095 = AXIS2_PLACEMENT_2D('',#1096,#1097);
#1096 = CARTESIAN_POINT('',(94.641016151378,50.));
#1097 = DIRECTION('',(1.,0.));
#1098 = ( GEOMETRIC_REPRESENTATION_CONTEXT(2) 
PARAMETRIC_REPRESENTATION_CONTEXT() REPRESENTATION_CONTEXT('2D SPACE',''
  ) );
#1099 = PCURVE('',#1100,#1105);
#1100 = SPHERICAL_SURFACE('',#1101,5.6);
#1101 = AXIS2_PLACEMENT_3D('',#1102,#1103,#1104);
#1102 = CARTESIAN_POINT('',(34.641016151378,-20.,462.));
#1103 = DIRECTION('',(0.,0.,1.));
#1104 = DIRECTION('',(1.,0.,-0.));
#1105 = DEFINITIONAL_REPRESENTATION('',(#1106),#1110);
#1106 = LINE('',#1107,#1108);
#1107 = CARTESIAN_POINT('',(0.,0.));
#1108 = VECTOR('',#1109,1.);
#1109 = DIRECTION('',(1.,0.));
#1110 = ( GEOMETRIC_REPRESENTATION_CONTEXT(2) 
PARAMETRIC_REPRESENTATION_CONTEXT() REPRESENTATION_CONTEXT('2D SPACE',''
  ) );
#1111 = FACE_BOUND('',#1112,.F.);
#1112 = EDGE_LOOP('',(#1113));
#1113 = ORIENTED_EDGE('',*,*,#1114,.F.);
#1114 = EDGE_CURVE('',#1115,#1115,#1117,.T.);
#1115 = VERTEX_POINT('',#1116);
#1116 = CARTESIAN_POINT('',(17.5,-4.286263797016E-15,462.));
#1117 = SURFACE_CURVE('',#1118,(#1123,#1130),.PCURVE_S1.);
#1118 = CIRCLE('',#1119,17.5);
#1119 = AXIS2_PLACEMENT_3D('',#1120,#1121,#1122);
#1120 = CARTESIAN_POINT('',(0.,0.,462.));
#1121 = DIRECTION('',(0.,0.,1.));
#1122 = DIRECTION('',(1.,0.,-0.));
#1123 = PCURVE('',#118,#1124);
#1124 = DEFINITIONAL_REPRESENTATION('',(#1125),#1129);
#1125 = CIRCLE('',#1126,17.5);
#1126 = AXIS2_PLACEMENT_2D('',#1127,#1128);
#1127 = CARTESIAN_POINT('',(60.,70.));
#1128 = DIRECTION('',(1.,0.));
#1129 = ( GEOMETRIC_REPRESENTATION_CONTEXT(2) 
PARAMETRIC_REPRESENTATION_CONTEXT() REPRESENTATION_CONTEXT('2D SPACE',''
  ) );
#1130 = PCURVE('',#1131,#1136);
#1131 = CYLINDRICAL_SURFACE('',#1132,17.5);
#1132 = AXIS2_PLACEMENT_3D('',#1133,#1134,#1135);
#1133 = CARTESIAN_POINT('',(0.,0.,461.));
#1134 = DIRECTION('',(0.,0.,1.));
#1135 = DIRECTION('',(1.,0.,-0.));
#1136 = DEFINITIONAL_REPRESENTATION('',(#1137),#1141);
#1137 = LINE('',#1138,#1139);
#1138 = CARTESIAN_POINT('',(0.,1.));
#1139 = VECTOR('',#1140,1.);
#1140 = DIRECTION('',(1.,0.));
#1141 = ( GEOMETRIC_REPRESENTATION_CONTEXT(2) 
PARAMETRIC_REPRESENTATION_CONTEXT() REPRESENTATION_CONTEXT('2D SPACE',''
  ) );
#1142 = FACE_BOUND('',#1143,.F.);
#1143 = EDGE_LOOP('',(#1144,#1172,#1198,#1224));
#1144 = ORIENTED_EDGE('',*,*,#1145,.T.);
#1145 = EDGE_CURVE('',#1146,#1148,#1150,.T.);
#1146 = VERTEX_POINT('',#1147);
#1147 = CARTESIAN_POINT('',(-18.,30.,462.));
#1148 = VERTEX_POINT('',#1149);
#1149 = CARTESIAN_POINT('',(-44.,30.,462.));
#1150 = SURFACE_CURVE('',#1151,(#1155,#1161),.PCURVE_S1.);
#1151 = LINE('',#1152,#1153);
#1152 = CARTESIAN_POINT('',(-52.,30.,462.));
#1153 = VECTOR('',#1154,1.);
#1154 = DIRECTION('',(-1.,-0.,0.));
#1155 = PCURVE('',#118,#1156);
#1156 = DEFINITIONAL_REPRESENTATION('',(#1157),#1160);
#1157 = B_SPLINE_CURVE_WITH_KNOTS('',1,(#1158,#1159),.UNSPECIFIED.,.F.,
  .F.,(2,2),(-34.,-8.),.PIECEWISE_BEZIER_KNOTS.);
#1158 = CARTESIAN_POINT('',(42.,100.));
#1159 = CARTESIAN_POINT('',(16.,100.));
#1160 = ( GEOMETRIC_REPRESENTATION_CONTEXT(2) 
PARAMETRIC_REPRESENTATION_CONTEXT() REPRESENTATION_CONTEXT('2D SPACE',''
  ) );
#1161 = PCURVE('',#1162,#1167);
#1162 = PLANE('',#1163);
#1163 = AXIS2_PLACEMENT_3D('',#1164,#1165,#1166);
#1164 = CARTESIAN_POINT('',(-44.,30.,461.));
#1165 = DIRECTION('',(-0.,1.,0.));
#1166 = DIRECTION('',(0.,0.,1.));
#1167 = DEFINITIONAL_REPRESENTATION('',(#1168),#1171);
#1168 = B_SPLINE_CURVE_WITH_KNOTS('',1,(#1169,#1170),.UNSPECIFIED.,.F.,
  .F.,(2,2),(-34.,-8.),.PIECEWISE_BEZIER_KNOTS.);
#1169 = CARTESIAN_POINT('',(1.,26.));
#1170 = CARTESIAN_POINT('',(1.,0.));
#1171 = ( GEOMETRIC_REPRESENTATION_CONTEXT(2) 
PARAMETRIC_REPRESENTATION_CONTEXT() REPRESENTATION_CONTEXT('2D SPACE',''
  ) );
#1172 = ORIENTED_EDGE('',*,*,#1173,.T.);
#1173 = EDGE_CURVE('',#1148,#1174,#1176,.T.);
#1174 = VERTEX_POINT('',#1175);
#1175 = CARTESIAN_POINT('',(-44.,46.,462.));
#1176 = SURFACE_CURVE('',#1177,(#1181,#1187),.PCURVE_S1.);
#1177 = LINE('',#1178,#1179);
#1178 = CARTESIAN_POINT('',(-44.,-20.,462.));
#1179 = VECTOR('',#1180,1.);
#1180 = DIRECTION('',(-0.,1.,0.));
#1181 = PCURVE('',#118,#1182);
#1182 = DEFINITIONAL_REPRESENTATION('',(#1183),#1186);
#1183 = B_SPLINE_CURVE_WITH_KNOTS('',1,(#1184,#1185),.UNSPECIFIED.,.F.,
  .F.,(2,2),(50.,66.),.PIECEWISE_BEZIER_KNOTS.);
#1184 = CARTESIAN_POINT('',(16.,100.));
#1185 = CARTESIAN_POINT('',(16.,116.));
#1186 = ( GEOMETRIC_REPRESENTATION_CONTEXT(2) 
PARAMETRIC_REPRESENTATION_CONTEXT() REPRESENTATION_CONTEXT('2D SPACE',''
  ) );
#1187 = PCURVE('',#1188,#1193);
#1188 = PLANE('',#1189);
#1189 = AXIS2_PLACEMENT_3D('',#1190,#1191,#1192);
#1190 = CARTESIAN_POINT('',(-44.,30.,461.));
#1191 = DIRECTION('',(1.,0.,-0.));
#1192 = DIRECTION('',(0.,0.,1.));
#1193 = DEFINITIONAL_REPRESENTATION('',(#1194),#1197);
#1194 = B_SPLINE_CURVE_WITH_KNOTS('',1,(#1195,#1196),.UNSPECIFIED.,.F.,
  .F.,(2,2),(50.,66.),.PIECEWISE_BEZIER_KNOTS.);
#1195 = CARTESIAN_POINT('',(1.,0.));
#1196 = CARTESIAN_POINT('',(1.,-16.));
#1197 = ( GEOMETRIC_REPRESENTATION_CONTEXT(2) 
PARAMETRIC_REPRESENTATION_CONTEXT() REPRESENTATION_CONTEXT('2D SPACE',''
  ) );
#1198 = ORIENTED_EDGE('',*,*,#1199,.F.);
#1199 = EDGE_CURVE('',#1200,#1174,#1202,.T.);
#1200 = VERTEX_POINT('',#1201);
#1201 = CARTESIAN_POINT('',(-18.,46.,462.));
#1202 = SURFACE_CURVE('',#1203,(#1207,#1213),.PCURVE_S1.);
#1203 = LINE('',#1204,#1205);
#1204 = CARTESIAN_POINT('',(-52.,46.,462.));
#1205 = VECTOR('',#1206,1.);
#1206 = DIRECTION('',(-1.,-0.,0.));
#1207 = PCURVE('',#118,#1208);
#1208 = DEFINITIONAL_REPRESENTATION('',(#1209),#1212);
#1209 = B_SPLINE_CURVE_WITH_KNOTS('',1,(#1210,#1211),.UNSPECIFIED.,.F.,
  .F.,(2,2),(-34.,-8.),.PIECEWISE_BEZIER_KNOTS.);
#1210 = CARTESIAN_POINT('',(42.,116.));
#1211 = CARTESIAN_POINT('',(16.,116.));
#1212 = ( GEOMETRIC_REPRESENTATION_CONTEXT(2) 
PARAMETRIC_REPRESENTATION_CONTEXT() REPRESENTATION_CONTEXT('2D SPACE',''
  ) );
#1213 = PCURVE('',#1214,#1219);
#1214 = PLANE('',#1215);
#1215 = AXIS2_PLACEMENT_3D('',#1216,#1217,#1218);
#1216 = CARTESIAN_POINT('',(-44.,46.,461.));
#1217 = DIRECTION('',(-0.,1.,0.));
#1218 = DIRECTION('',(0.,0.,1.));
#1219 = DEFINITIONAL_REPRESENTATION('',(#1220),#1223);
#1220 = B_SPLINE_CURVE_WITH_KNOTS('',1,(#1221,#1222),.UNSPECIFIED.,.F.,
  .F.,(2,2),(-34.,-8.),.PIECEWISE_BEZIER_KNOTS.);
#1221 = CARTESIAN_POINT('',(1.,26.));
#1222 = CARTESIAN_POINT('',(1.,0.));
#1223 = ( GEOMETRIC_REPRESENTATION_CONTEXT(2) 
PARAMETRIC_REPRESENTATION_CONTEXT() REPRESENTATION_CONTEXT('2D SPACE',''
  ) );
#1224 = ORIENTED_EDGE('',*,*,#1225,.F.);
#1225 = EDGE_CURVE('',#1146,#1200,#1226,.T.);
#1226 = SURFACE_CURVE('',#1227,(#1231,#1237),.PCURVE_S1.);
#1227 = LINE('',#1228,#1229);
#1228 = CARTESIAN_POINT('',(-18.,-20.,462.));
#1229 = VECTOR('',#1230,1.);
#1230 = DIRECTION('',(-0.,1.,0.));
#1231 = PCURVE('',#118,#1232);
#1232 = DEFINITIONAL_REPRESENTATION('',(#1233),#1236);
#1233 = B_SPLINE_CURVE_WITH_KNOTS('',1,(#1234,#1235),.UNSPECIFIED.,.F.,
  .F.,(2,2),(50.,66.),.PIECEWISE_BEZIER_KNOTS.);
#1234 = CARTESIAN_POINT('',(42.,100.));
#1235 = CARTESIAN_POINT('',(42.,116.));
#1236 = ( GEOMETRIC_REPRESENTATION_CONTEXT(2) 
PARAMETRIC_REPRESENTATION_CONTEXT() REPRESENTATION_CONTEXT('2D SPACE',''
  ) );
#1237 = PCURVE('',#1238,#1243);
#1238 = PLANE('',#1239);
#1239 = AXIS2_PLACEMENT_3D('',#1240,#1241,#1242);
#1240 = CARTESIAN_POINT('',(-18.,30.,461.));
#1241 = DIRECTION('',(1.,0.,-0.));
#1242 = DIRECTION('',(0.,0.,1.));
#1243 = DEFINITIONAL_REPRESENTATION('',(#1244),#1247);
#1244 = B_SPLINE_CURVE_WITH_KNOTS('',1,(#1245,#1246),.UNSPECIFIED.,.F.,
  .F.,(2,2),(50.,66.),.PIECEWISE_BEZIER_KNOTS.);
#1245 = CARTESIAN_POINT('',(1.,0.));
#1246 = CARTESIAN_POINT('',(1.,-16.));
#1247 = ( GEOMETRIC_REPRESENTATION_CONTEXT(2) 
PARAMETRIC_REPRESENTATION_CONTEXT() REPRESENTATION_CONTEXT('2D SPACE',''
  ) );
#1248 = FACE_BOUND('',#1249,.F.);
#1249 = EDGE_LOOP('',(#1250));
#1250 = ORIENTED_EDGE('',*,*,#1251,.F.);
#1251 = EDGE_CURVE('',#1252,#1252,#1254,.T.);
#1252 = VERTEX_POINT('',#1253);
#1253 = CARTESIAN_POINT('',(-35.,59.,462.));
#1254 = SURFACE_CURVE('',#1255,(#1260,#1267),.PCURVE_S1.);
#1255 = CIRCLE('',#1256,5.);
#1256 = AXIS2_PLACEMENT_3D('',#1257,#1258,#1259);
#1257 = CARTESIAN_POINT('',(-40.,59.,462.));
#1258 = DIRECTION('',(0.,0.,1.));
#1259 = DIRECTION('',(1.,0.,-0.));
#1260 = PCURVE('',#118,#1261);
#1261 = DEFINITIONAL_REPRESENTATION('',(#1262),#1266);
#1262 = CIRCLE('',#1263,5.);
#1263 = AXIS2_PLACEMENT_2D('',#1264,#1265);
#1264 = CARTESIAN_POINT('',(20.,129.));
#1265 = DIRECTION('',(1.,0.));
#1266 = ( GEOMETRIC_REPRESENTATION_CONTEXT(2) 
PARAMETRIC_REPRESENTATION_CONTEXT() REPRESENTATION_CONTEXT('2D SPACE',''
  ) );
#1267 = PCURVE('',#1268,#1273);
#1268 = CYLINDRICAL_SURFACE('',#1269,5.);
#1269 = AXIS2_PLACEMENT_3D('',#1270,#1271,#1272);
#1270 = CARTESIAN_POINT('',(-40.,59.,461.5));
#1271 = DIRECTION('',(0.,0.,1.));
#1272 = DIRECTION('',(1.,0.,-0.));
#1273 = DEFINITIONAL_REPRESENTATION('',(#1274),#1278);
#1274 = LINE('',#1275,#1276);
#1275 = CARTESIAN_POINT('',(0.,0.5));
#1276 = VECTOR('',#1277,1.);
#1277 = DIRECTION('',(1.,0.));
#1278 = ( GEOMETRIC_REPRESENTATION_CONTEXT(2) 
PARAMETRIC_REPRESENTATION_CONTEXT() REPRESENTATION_CONTEXT('2D SPACE',''
  ) );
#1279 = FACE_BOUND('',#1280,.F.);
#1280 = EDGE_LOOP('',(#1281));
#1281 = ORIENTED_EDGE('',*,*,#1282,.F.);
#1282 = EDGE_CURVE('',#1283,#1283,#1285,.T.);
#1283 = VERTEX_POINT('',#1284);
#1284 = CARTESIAN_POINT('',(5.6,40.,462.));
#1285 = SURFACE_CURVE('',#1286,(#1291,#1298),.PCURVE_S1.);
#1286 = CIRCLE('',#1287,5.6);
#1287 = AXIS2_PLACEMENT_3D('',#1288,#1289,#1290);
#1288 = CARTESIAN_POINT('',(2.449293598295E-15,40.,462.));
#1289 = DIRECTION('',(0.,0.,1.));
#1290 = DIRECTION('',(1.,0.,-0.));
#1291 = PCURVE('',#118,#1292);
#1292 = DEFINITIONAL_REPRESENTATION('',(#1293),#1297);
#1293 = CIRCLE('',#1294,5.6);
#1294 = AXIS2_PLACEMENT_2D('',#1295,#1296);
#1295 = CARTESIAN_POINT('',(60.,110.));
#1296 = DIRECTION('',(1.,0.));
#1297 = ( GEOMETRIC_REPRESENTATION_CONTEXT(2) 
PARAMETRIC_REPRESENTATION_CONTEXT() REPRESENTATION_CONTEXT('2D SPACE',''
  ) );
#1298 = PCURVE('',#1299,#1304);
#1299 = SPHERICAL_SURFACE('',#1300,5.6);
#1300 = AXIS2_PLACEMENT_3D('',#1301,#1302,#1303);
#1301 = CARTESIAN_POINT('',(2.449293598295E-15,40.,462.));
#1302 = DIRECTION('',(0.,0.,1.));
#1303 = DIRECTION('',(1.,0.,-0.));
#1304 = DEFINITIONAL_REPRESENTATION('',(#1305),#1309);
#1305 = LINE('',#1306,#1307);
#1306 = CARTESIAN_POINT('',(0.,0.));
#1307 = VECTOR('',#1308,1.);
#1308 = DIRECTION('',(1.,0.));
#1309 = ( GEOMETRIC_REPRESENTATION_CONTEXT(2) 
PARAMETRIC_REPRESENTATION_CONTEXT() REPRESENTATION_CONTEXT('2D SPACE',''
  ) );
#1310 = FACE_BOUND('',#1311,.F.);
#1311 = EDGE_LOOP('',(#1312,#1340,#1366,#1392));
#1312 = ORIENTED_EDGE('',*,*,#1313,.T.);
#1313 = EDGE_CURVE('',#1314,#1316,#1318,.T.);
#1314 = VERTEX_POINT('',#1315);
#1315 = CARTESIAN_POINT('',(42.,30.,462.));
#1316 = VERTEX_POINT('',#1317);
#1317 = CARTESIAN_POINT('',(20.,30.,462.));
#1318 = SURFACE_CURVE('',#1319,(#1323,#1329),.PCURVE_S1.);
#1319 = LINE('',#1320,#1321);
#1320 = CARTESIAN_POINT('',(-20.,30.,462.));
#1321 = VECTOR('',#1322,1.);
#1322 = DIRECTION('',(-1.,-0.,0.));
#1323 = PCURVE('',#118,#1324);
#1324 = DEFINITIONAL_REPRESENTATION('',(#1325),#1328);
#1325 = B_SPLINE_CURVE_WITH_KNOTS('',1,(#1326,#1327),.UNSPECIFIED.,.F.,
  .F.,(2,2),(-62.,-40.),.PIECEWISE_BEZIER_KNOTS.);
#1326 = CARTESIAN_POINT('',(102.,100.));
#1327 = CARTESIAN_POINT('',(80.,100.));
#1328 = ( GEOMETRIC_REPRESENTATION_CONTEXT(2) 
PARAMETRIC_REPRESENTATION_CONTEXT() REPRESENTATION_CONTEXT('2D SPACE',''
  ) );
#1329 = PCURVE('',#1330,#1335);
#1330 = PLANE('',#1331);
#1331 = AXIS2_PLACEMENT_3D('',#1332,#1333,#1334);
#1332 = CARTESIAN_POINT('',(20.,30.,461.));
#1333 = DIRECTION('',(-0.,1.,0.));
#1334 = DIRECTION('',(0.,0.,1.));
#1335 = DEFINITIONAL_REPRESENTATION('',(#1336),#1339);
#1336 = B_SPLINE_CURVE_WITH_KNOTS('',1,(#1337,#1338),.UNSPECIFIED.,.F.,
  .F.,(2,2),(-62.,-40.),.PIECEWISE_BEZIER_KNOTS.);
#1337 = CARTESIAN_POINT('',(1.,22.));
#1338 = CARTESIAN_POINT('',(1.,0.));
#1339 = ( GEOMETRIC_REPRESENTATION_CONTEXT(2) 
PARAMETRIC_REPRESENTATION_CONTEXT() REPRESENTATION_CONTEXT('2D SPACE',''
  ) );
#1340 = ORIENTED_EDGE('',*,*,#1341,.T.);
#1341 = EDGE_CURVE('',#1316,#1342,#1344,.T.);
#1342 = VERTEX_POINT('',#1343);
#1343 = CARTESIAN_POINT('',(20.,46.,462.));
#1344 = SURFACE_CURVE('',#1345,(#1349,#1355),.PCURVE_S1.);
#1345 = LINE('',#1346,#1347);
#1346 = CARTESIAN_POINT('',(20.,-20.,462.));
#1347 = VECTOR('',#1348,1.);
#1348 = DIRECTION('',(-0.,1.,0.));
#1349 = PCURVE('',#118,#1350);
#1350 = DEFINITIONAL_REPRESENTATION('',(#1351),#1354);
#1351 = B_SPLINE_CURVE_WITH_KNOTS('',1,(#1352,#1353),.UNSPECIFIED.,.F.,
  .F.,(2,2),(50.,66.),.PIECEWISE_BEZIER_KNOTS.);
#1352 = CARTESIAN_POINT('',(80.,100.));
#1353 = CARTESIAN_POINT('',(80.,116.));
#1354 = ( GEOMETRIC_REPRESENTATION_CONTEXT(2) 
PARAMETRIC_REPRESENTATION_CONTEXT() REPRESENTATION_CONTEXT('2D SPACE',''
  ) );
#1355 = PCURVE('',#1356,#1361);
#1356 = PLANE('',#1357);
#1357 = AXIS2_PLACEMENT_3D('',#1358,#1359,#1360);
#1358 = CARTESIAN_POINT('',(20.,30.,461.));
#1359 = DIRECTION('',(1.,0.,-0.));
#1360 = DIRECTION('',(0.,0.,1.));
#1361 = DEFINITIONAL_REPRESENTATION('',(#1362),#1365);
#1362 = B_SPLINE_CURVE_WITH_KNOTS('',1,(#1363,#1364),.UNSPECIFIED.,.F.,
  .F.,(2,2),(50.,66.),.PIECEWISE_BEZIER_KNOTS.);
#1363 = CARTESIAN_POINT('',(1.,0.));
#1364 = CARTESIAN_POINT('',(1.,-16.));
#1365 = ( GEOMETRIC_REPRESENTATION_CONTEXT(2) 
PARAMETRIC_REPRESENTATION_CONTEXT() REPRESENTATION_CONTEXT('2D SPACE',''
  ) );
#1366 = ORIENTED_EDGE('',*,*,#1367,.F.);
#1367 = EDGE_CURVE('',#1368,#1342,#1370,.T.);
#1368 = VERTEX_POINT('',#1369);
#1369 = CARTESIAN_POINT('',(42.,46.,462.));
#1370 = SURFACE_CURVE('',#1371,(#1375,#1381),.PCURVE_S1.);
#1371 = LINE('',#1372,#1373);
#1372 = CARTESIAN_POINT('',(-20.,46.,462.));
#1373 = VECTOR('',#1374,1.);
#1374 = DIRECTION('',(-1.,-0.,0.));
#1375 = PCURVE('',#118,#1376);
#1376 = DEFINITIONAL_REPRESENTATION('',(#1377),#1380);
#1377 = B_SPLINE_CURVE_WITH_KNOTS('',1,(#1378,#1379),.UNSPECIFIED.,.F.,
  .F.,(2,2),(-62.,-40.),.PIECEWISE_BEZIER_KNOTS.);
#1378 = CARTESIAN_POINT('',(102.,116.));
#1379 = CARTESIAN_POINT('',(80.,116.));
#1380 = ( GEOMETRIC_REPRESENTATION_CONTEXT(2) 
PARAMETRIC_REPRESENTATION_CONTEXT() REPRESENTATION_CONTEXT('2D SPACE',''
  ) );
#1381 = PCURVE('',#1382,#1387);
#1382 = PLANE('',#1383);
#1383 = AXIS2_PLACEMENT_3D('',#1384,#1385,#1386);
#1384 = CARTESIAN_POINT('',(20.,46.,461.));
#1385 = DIRECTION('',(-0.,1.,0.));
#1386 = DIRECTION('',(0.,0.,1.));
#1387 = DEFINITIONAL_REPRESENTATION('',(#1388),#1391);
#1388 = B_SPLINE_CURVE_WITH_KNOTS('',1,(#1389,#1390),.UNSPECIFIED.,.F.,
  .F.,(2,2),(-62.,-40.),.PIECEWISE_BEZIER_KNOTS.);
#1389 = CARTESIAN_POINT('',(1.,22.));
#1390 = CARTESIAN_POINT('',(1.,0.));
#1391 = ( GEOMETRIC_REPRESENTATION_CONTEXT(2) 
PARAMETRIC_REPRESENTATION_CONTEXT() REPRESENTATION_CONTEXT('2D SPACE',''
  ) );
#1392 = ORIENTED_EDGE('',*,*,#1393,.F.);
#1393 = EDGE_CURVE('',#1314,#1368,#1394,.T.);
#1394 = SURFACE_CURVE('',#1395,(#1399,#1405),.PCURVE_S1.);
#1395 = LINE('',#1396,#1397);
#1396 = CARTESIAN_POINT('',(42.,-20.,462.));
#1397 = VECTOR('',#1398,1.);
#1398 = DIRECTION('',(-0.,1.,0.));
#1399 = PCURVE('',#118,#1400);
#1400 = DEFINITIONAL_REPRESENTATION('',(#1401),#1404);
#1401 = B_SPLINE_CURVE_WITH_KNOTS('',1,(#1402,#1403),.UNSPECIFIED.,.F.,
  .F.,(2,2),(50.,66.),.PIECEWISE_BEZIER_KNOTS.);
#1402 = CARTESIAN_POINT('',(102.,100.));
#1403 = CARTESIAN_POINT('',(102.,116.));
#1404 = ( GEOMETRIC_REPRESENTATION_CONTEXT(2) 
PARAMETRIC_REPRESENTATION_CONTEXT() REPRESENTATION_CONTEXT('2D SPACE',''
  ) );
#1405 = PCURVE('',#1406,#1411);
#1406 = PLANE('',#1407);
#1407 = AXIS2_PLACEMENT_3D('',#1408,#1409,#1410);
#1408 = CARTESIAN_POINT('',(42.,30.,461.));
#1409 = DIRECTION('',(1.,0.,-0.));
#1410 = DIRECTION('',(0.,0.,1.));
#1411 = DEFINITIONAL_REPRESENTATION('',(#1412),#1415);
#1412 = B_SPLINE_CURVE_WITH_KNOTS('',1,(#1413,#1414),.UNSPECIFIED.,.F.,
  .F.,(2,2),(50.,66.),.PIECEWISE_BEZIER_KNOTS.);
#1413 = CARTESIAN_POINT('',(1.,0.));
#1414 = CARTESIAN_POINT('',(1.,-16.));
#1415 = ( GEOMETRIC_REPRESENTATION_CONTEXT(2) 
PARAMETRIC_REPRESENTATION_CONTEXT() REPRESENTATION_CONTEXT('2D SPACE',''
  ) );
#1416 = FACE_BOUND('',#1417,.F.);
#1417 = EDGE_LOOP('',(#1418));
#1418 = ORIENTED_EDGE('',*,*,#1419,.F.);
#1419 = EDGE_CURVE('',#1420,#1420,#1422,.T.);
#1420 = VERTEX_POINT('',#1421);
#1421 = CARTESIAN_POINT('',(45.,59.,462.));
#1422 = SURFACE_CURVE('',#1423,(#1428,#1435),.PCURVE_S1.);
#1423 = CIRCLE('',#1424,5.);
#1424 = AXIS2_PLACEMENT_3D('',#1425,#1426,#1427);
#1425 = CARTESIAN_POINT('',(40.,59.,462.));
#1426 = DIRECTION('',(0.,0.,1.));
#1427 = DIRECTION('',(1.,0.,-0.));
#1428 = PCURVE('',#118,#1429);
#1429 = DEFINITIONAL_REPRESENTATION('',(#1430),#1434);
#1430 = CIRCLE('',#1431,5.);
#1431 = AXIS2_PLACEMENT_2D('',#1432,#1433);
#1432 = CARTESIAN_POINT('',(100.,129.));
#1433 = DIRECTION('',(1.,0.));
#1434 = ( GEOMETRIC_REPRESENTATION_CONTEXT(2) 
PARAMETRIC_REPRESENTATION_CONTEXT() REPRESENTATION_CONTEXT('2D SPACE',''
  ) );
#1435 = PCURVE('',#1436,#1441);
#1436 = CYLINDRICAL_SURFACE('',#1437,5.);
#1437 = AXIS2_PLACEMENT_3D('',#1438,#1439,#1440);
#1438 = CARTESIAN_POINT('',(40.,59.,461.5));
#1439 = DIRECTION('',(0.,0.,1.));
#1440 = DIRECTION('',(1.,0.,-0.));
#1441 = DEFINITIONAL_REPRESENTATION('',(#1442),#1446);
#1442 = LINE('',#1443,#1444);
#1443 = CARTESIAN_POINT('',(0.,0.5));
#1444 = VECTOR('',#1445,1.);
#1445 = DIRECTION('',(1.,0.));
#1446 = ( GEOMETRIC_REPRESENTATION_CONTEXT(2) 
PARAMETRIC_REPRESENTATION_CONTEXT() REPRESENTATION_CONTEXT('2D SPACE',''
  ) );
#1447 = ADVANCED_FACE('',(#1448),#90,.F.);
#1448 = FACE_BOUND('',#1449,.F.);
#1449 = EDGE_LOOP('',(#1450,#1451,#1452,#1453));
#1450 = ORIENTED_EDGE('',*,*,#912,.F.);
#1451 = ORIENTED_EDGE('',*,*,#74,.T.);
#1452 = ORIENTED_EDGE('',*,*,#267,.T.);
#1453 = ORIENTED_EDGE('',*,*,#1454,.F.);
#1454 = EDGE_CURVE('',#913,#268,#1455,.T.);
#1455 = SURFACE_CURVE('',#1456,(#1460,#1467),.PCURVE_S1.);
#1456 = LINE('',#1457,#1458);
#1457 = CARTESIAN_POINT('',(60.,-70.,462.));
#1458 = VECTOR('',#1459,1.);
#1459 = DIRECTION('',(0.,0.,1.));
#1460 = PCURVE('',#90,#1461);
#1461 = DEFINITIONAL_REPRESENTATION('',(#1462),#1466);
#1462 = LINE('',#1463,#1464);
#1463 = CARTESIAN_POINT('',(0.,120.));
#1464 = VECTOR('',#1465,1.);
#1465 = DIRECTION('',(1.,0.));
#1466 = ( GEOMETRIC_REPRESENTATION_CONTEXT(2) 
PARAMETRIC_REPRESENTATION_CONTEXT() REPRESENTATION_CONTEXT('2D SPACE',''
  ) );
#1467 = PCURVE('',#306,#1468);
#1468 = DEFINITIONAL_REPRESENTATION('',(#1469),#1473);
#1469 = LINE('',#1470,#1471);
#1470 = CARTESIAN_POINT('',(0.,0.));
#1471 = VECTOR('',#1472,1.);
#1472 = DIRECTION('',(1.,0.));
#1473 = ( GEOMETRIC_REPRESENTATION_CONTEXT(2) 
PARAMETRIC_REPRESENTATION_CONTEXT() REPRESENTATION_CONTEXT('2D SPACE',''
  ) );
#1474 = ADVANCED_FACE('',(#1475),#405,.T.);
#1475 = FACE_BOUND('',#1476,.T.);
#1476 = EDGE_LOOP('',(#1477,#1478,#1479,#1480));
#1477 = ORIENTED_EDGE('',*,*,#716,.F.);
#1478 = ORIENTED_EDGE('',*,*,#391,.T.);
#1479 = ORIENTED_EDGE('',*,*,#837,.T.);
#1480 = ORIENTED_EDGE('',*,*,#1481,.F.);
#1481 = EDGE_CURVE('',#689,#815,#1482,.T.);
#1482 = SURFACE_CURVE('',#1483,(#1487,#1494),.PCURVE_S1.);
#1483 = LINE('',#1484,#1485);
#1484 = CARTESIAN_POINT('',(-60.,18.,552.));
#1485 = VECTOR('',#1486,1.);
#1486 = DIRECTION('',(0.,1.,0.));
#1487 = PCURVE('',#405,#1488);
#1488 = DEFINITIONAL_REPRESENTATION('',(#1489),#1493);
#1489 = LINE('',#1490,#1491);
#1490 = CARTESIAN_POINT('',(60.,0.));
#1491 = VECTOR('',#1492,1.);
#1492 = DIRECTION('',(0.,-1.));
#1493 = ( GEOMETRIC_REPRESENTATION_CONTEXT(2) 
PARAMETRIC_REPRESENTATION_CONTEXT() REPRESENTATION_CONTEXT('2D SPACE',''
  ) );
#1494 = PCURVE('',#704,#1495);
#1495 = DEFINITIONAL_REPRESENTATION('',(#1496),#1500);
#1496 = LINE('',#1497,#1498);
#1497 = CARTESIAN_POINT('',(10.,0.));
#1498 = VECTOR('',#1499,1.);
#1499 = DIRECTION('',(0.,1.));
#1500 = ( GEOMETRIC_REPRESENTATION_CONTEXT(2) 
PARAMETRIC_REPRESENTATION_CONTEXT() REPRESENTATION_CONTEXT('2D SPACE',''
  ) );
#1501 = ADVANCED_FACE('',(#1502),#306,.T.);
#1502 = FACE_BOUND('',#1503,.T.);
#1503 = EDGE_LOOP('',(#1504,#1505,#1506,#1507,#1508,#1509,#1537,#1565));
#1504 = ORIENTED_EDGE('',*,*,#290,.F.);
#1505 = ORIENTED_EDGE('',*,*,#1454,.F.);
#1506 = ORIENTED_EDGE('',*,*,#935,.T.);
#1507 = ORIENTED_EDGE('',*,*,#887,.T.);
#1508 = ORIENTED_EDGE('',*,*,#346,.F.);
#1509 = ORIENTED_EDGE('',*,*,#1510,.F.);
#1510 = EDGE_CURVE('',#1511,#319,#1513,.T.);
#1511 = VERTEX_POINT('',#1512);
#1512 = CARTESIAN_POINT('',(60.,53.,492.));
#1513 = SURFACE_CURVE('',#1514,(#1518,#1525),.PCURVE_S1.);
#1514 = LINE('',#1515,#1516);
#1515 = CARTESIAN_POINT('',(60.,53.,492.));
#1516 = VECTOR('',#1517,1.);
#1517 = DIRECTION('',(0.,0.,1.));
#1518 = PCURVE('',#306,#1519);
#1519 = DEFINITIONAL_REPRESENTATION('',(#1520),#1524);
#1520 = LINE('',#1521,#1522);
#1521 = CARTESIAN_POINT('',(30.,-123.));
#1522 = VECTOR('',#1523,1.);
#1523 = DIRECTION('',(1.,0.));
#1524 = ( GEOMETRIC_REPRESENTATION_CONTEXT(2) 
PARAMETRIC_REPRESENTATION_CONTEXT() REPRESENTATION_CONTEXT('2D SPACE',''
  ) );
#1525 = PCURVE('',#1526,#1531);
#1526 = PLANE('',#1527);
#1527 = AXIS2_PLACEMENT_3D('',#1528,#1529,#1530);
#1528 = CARTESIAN_POINT('',(60.,53.,492.));
#1529 = DIRECTION('',(0.,1.,0.));
#1530 = DIRECTION('',(0.,0.,1.));
#1531 = DEFINITIONAL_REPRESENTATION('',(#1532),#1536);
#1532 = LINE('',#1533,#1534);
#1533 = CARTESIAN_POINT('',(0.,0.));
#1534 = VECTOR('',#1535,1.);
#1535 = DIRECTION('',(1.,0.));
#1536 = ( GEOMETRIC_REPRESENTATION_CONTEXT(2) 
PARAMETRIC_REPRESENTATION_CONTEXT() REPRESENTATION_CONTEXT('2D SPACE',''
  ) );
#1537 = ORIENTED_EDGE('',*,*,#1538,.F.);
#1538 = EDGE_CURVE('',#1539,#1511,#1541,.T.);
#1539 = VERTEX_POINT('',#1540);
#1540 = CARTESIAN_POINT('',(60.,18.,492.));
#1541 = SURFACE_CURVE('',#1542,(#1546,#1553),.PCURVE_S1.);
#1542 = LINE('',#1543,#1544);
#1543 = CARTESIAN_POINT('',(60.,18.,492.));
#1544 = VECTOR('',#1545,1.);
#1545 = DIRECTION('',(0.,1.,0.));
#1546 = PCURVE('',#306,#1547);
#1547 = DEFINITIONAL_REPRESENTATION('',(#1548),#1552);
#1548 = LINE('',#1549,#1550);
#1549 = CARTESIAN_POINT('',(30.,-88.));
#1550 = VECTOR('',#1551,1.);
#1551 = DIRECTION('',(0.,-1.));
#1552 = ( GEOMETRIC_REPRESENTATION_CONTEXT(2) 
PARAMETRIC_REPRESENTATION_CONTEXT() REPRESENTATION_CONTEXT('2D SPACE',''
  ) );
#1553 = PCURVE('',#1554,#1559);
#1554 = PLANE('',#1555);
#1555 = AXIS2_PLACEMENT_3D('',#1556,#1557,#1558);
#1556 = CARTESIAN_POINT('',(60.,18.,492.));
#1557 = DIRECTION('',(0.,0.,1.));
#1558 = DIRECTION('',(1.,0.,0.));
#1559 = DEFINITIONAL_REPRESENTATION('',(#1560),#1564);
#1560 = LINE('',#1561,#1562);
#1561 = CARTESIAN_POINT('',(0.,0.));
#1562 = VECTOR('',#1563,1.);
#1563 = DIRECTION('',(0.,1.));
#1564 = ( GEOMETRIC_REPRESENTATION_CONTEXT(2) 
PARAMETRIC_REPRESENTATION_CONTEXT() REPRESENTATION_CONTEXT('2D SPACE',''
  ) );
#1565 = ORIENTED_EDGE('',*,*,#1566,.T.);
#1566 = EDGE_CURVE('',#1539,#291,#1567,.T.);
#1567 = SURFACE_CURVE('',#1568,(#1572,#1579),.PCURVE_S1.);
#1568 = LINE('',#1569,#1570);
#1569 = CARTESIAN_POINT('',(60.,18.,492.));
#1570 = VECTOR('',#1571,1.);
#1571 = DIRECTION('',(0.,0.,1.));
#1572 = PCURVE('',#306,#1573);
#1573 = DEFINITIONAL_REPRESENTATION('',(#1574),#1578);
#1574 = LINE('',#1575,#1576);
#1575 = CARTESIAN_POINT('',(30.,-88.));
#1576 = VECTOR('',#1577,1.);
#1577 = DIRECTION('',(1.,0.));
#1578 = ( GEOMETRIC_REPRESENTATION_CONTEXT(2) 
PARAMETRIC_REPRESENTATION_CONTEXT() REPRESENTATION_CONTEXT('2D SPACE',''
  ) );
#1579 = PCURVE('',#1580,#1585);
#1580 = PLANE('',#1581);
#1581 = AXIS2_PLACEMENT_3D('',#1582,#1583,#1584);
#1582 = CARTESIAN_POINT('',(60.,18.,492.));
#1583 = DIRECTION('',(0.,1.,0.));
#1584 = DIRECTION('',(0.,0.,1.));
#1585 = DEFINITIONAL_REPRESENTATION('',(#1586),#1590);
#1586 = LINE('',#1587,#1588);
#1587 = CARTESIAN_POINT('',(0.,0.));
#1588 = VECTOR('',#1589,1.);
#1589 = DIRECTION('',(1.,0.));
#1590 = ( GEOMETRIC_REPRESENTATION_CONTEXT(2) 
PARAMETRIC_REPRESENTATION_CONTEXT() REPRESENTATION_CONTEXT('2D SPACE',''
  ) );
#1591 = ADVANCED_FACE('',(#1592),#334,.F.);
#1592 = FACE_BOUND('',#1593,.F.);
#1593 = EDGE_LOOP('',(#1594,#1617,#1618,#1641));
#1594 = ORIENTED_EDGE('',*,*,#1595,.F.);
#1595 = EDGE_CURVE('',#291,#1596,#1598,.T.);
#1596 = VERTEX_POINT('',#1597);
#1597 = CARTESIAN_POINT('',(60.,18.,552.));
#1598 = SURFACE_CURVE('',#1599,(#1603,#1610),.PCURVE_S1.);
#1599 = LINE('',#1600,#1601);
#1600 = CARTESIAN_POINT('',(60.,18.,492.));
#1601 = VECTOR('',#1602,1.);
#1602 = DIRECTION('',(0.,0.,1.));
#1603 = PCURVE('',#334,#1604);
#1604 = DEFINITIONAL_REPRESENTATION('',(#1605),#1609);
#1605 = LINE('',#1606,#1607);
#1606 = CARTESIAN_POINT('',(0.,0.));
#1607 = VECTOR('',#1608,1.);
#1608 = DIRECTION('',(1.,0.));
#1609 = ( GEOMETRIC_REPRESENTATION_CONTEXT(2) 
PARAMETRIC_REPRESENTATION_CONTEXT() REPRESENTATION_CONTEXT('2D SPACE',''
  ) );
#1610 = PCURVE('',#1580,#1611);
#1611 = DEFINITIONAL_REPRESENTATION('',(#1612),#1616);
#1612 = LINE('',#1613,#1614);
#1613 = CARTESIAN_POINT('',(0.,0.));
#1614 = VECTOR('',#1615,1.);
#1615 = DIRECTION('',(1.,0.));
#1616 = ( GEOMETRIC_REPRESENTATION_CONTEXT(2) 
PARAMETRIC_REPRESENTATION_CONTEXT() REPRESENTATION_CONTEXT('2D SPACE',''
  ) );
#1617 = ORIENTED_EDGE('',*,*,#318,.T.);
#1618 = ORIENTED_EDGE('',*,*,#1619,.T.);
#1619 = EDGE_CURVE('',#319,#1620,#1622,.T.);
#1620 = VERTEX_POINT('',#1621);
#1621 = CARTESIAN_POINT('',(60.,53.,552.));
#1622 = SURFACE_CURVE('',#1623,(#1627,#1634),.PCURVE_S1.);
#1623 = LINE('',#1624,#1625);
#1624 = CARTESIAN_POINT('',(60.,53.,492.));
#1625 = VECTOR('',#1626,1.);
#1626 = DIRECTION('',(0.,0.,1.));
#1627 = PCURVE('',#334,#1628);
#1628 = DEFINITIONAL_REPRESENTATION('',(#1629),#1633);
#1629 = LINE('',#1630,#1631);
#1630 = CARTESIAN_POINT('',(0.,-35.));
#1631 = VECTOR('',#1632,1.);
#1632 = DIRECTION('',(1.,0.));
#1633 = ( GEOMETRIC_REPRESENTATION_CONTEXT(2) 
PARAMETRIC_REPRESENTATION_CONTEXT() REPRESENTATION_CONTEXT('2D SPACE',''
  ) );
#1634 = PCURVE('',#1526,#1635);
#1635 = DEFINITIONAL_REPRESENTATION('',(#1636),#1640);
#1636 = LINE('',#1637,#1638);
#1637 = CARTESIAN_POINT('',(0.,0.));
#1638 = VECTOR('',#1639,1.);
#1639 = DIRECTION('',(1.,0.));
#1640 = ( GEOMETRIC_REPRESENTATION_CONTEXT(2) 
PARAMETRIC_REPRESENTATION_CONTEXT() REPRESENTATION_CONTEXT('2D SPACE',''
  ) );
#1641 = ORIENTED_EDGE('',*,*,#1642,.F.);
#1642 = EDGE_CURVE('',#1596,#1620,#1643,.T.);
#1643 = SURFACE_CURVE('',#1644,(#1648,#1655),.PCURVE_S1.);
#1644 = LINE('',#1645,#1646);
#1645 = CARTESIAN_POINT('',(60.,18.,552.));
#1646 = VECTOR('',#1647,1.);
#1647 = DIRECTION('',(0.,1.,0.));
#1648 = PCURVE('',#334,#1649);
#1649 = DEFINITIONAL_REPRESENTATION('',(#1650),#1654);
#1650 = LINE('',#1651,#1652);
#1651 = CARTESIAN_POINT('',(60.,0.));
#1652 = VECTOR('',#1653,1.);
#1653 = DIRECTION('',(0.,-1.));
#1654 = ( GEOMETRIC_REPRESENTATION_CONTEXT(2) 
PARAMETRIC_REPRESENTATION_CONTEXT() REPRESENTATION_CONTEXT('2D SPACE',''
  ) );
#1655 = PCURVE('',#1656,#1661);
#1656 = PLANE('',#1657);
#1657 = AXIS2_PLACEMENT_3D('',#1658,#1659,#1660);
#1658 = CARTESIAN_POINT('',(60.,18.,552.));
#1659 = DIRECTION('',(0.,0.,1.));
#1660 = DIRECTION('',(1.,0.,0.));
#1661 = DEFINITIONAL_REPRESENTATION('',(#1662),#1666);
#1662 = LINE('',#1663,#1664);
#1663 = CARTESIAN_POINT('',(0.,0.));
#1664 = VECTOR('',#1665,1.);
#1665 = DIRECTION('',(0.,1.));
#1666 = ( GEOMETRIC_REPRESENTATION_CONTEXT(2) 
PARAMETRIC_REPRESENTATION_CONTEXT() REPRESENTATION_CONTEXT('2D SPACE',''
  ) );
#1667 = ADVANCED_FACE('',(#1668),#436,.F.);
#1668 = FACE_BOUND('',#1669,.F.);
#1669 = EDGE_LOOP('',(#1670,#1671,#1694,#1721));
#1670 = ORIENTED_EDGE('',*,*,#419,.F.);
#1671 = ORIENTED_EDGE('',*,*,#1672,.F.);
#1672 = EDGE_CURVE('',#1673,#420,#1675,.T.);
#1673 = VERTEX_POINT('',#1674);
#1674 = CARTESIAN_POINT('',(-20.5,-22.6,494.));
#1675 = SEAM_CURVE('',#1676,(#1680,#1687),.PCURVE_S1.);
#1676 = LINE('',#1677,#1678);
#1677 = CARTESIAN_POINT('',(-20.5,-22.6,494.));
#1678 = VECTOR('',#1679,1.);
#1679 = DIRECTION('',(0.,0.,1.));
#1680 = PCURVE('',#436,#1681);
#1681 = DEFINITIONAL_REPRESENTATION('',(#1682),#1686);
#1682 = LINE('',#1683,#1684);
#1683 = CARTESIAN_POINT('',(6.28318530718,-0.));
#1684 = VECTOR('',#1685,1.);
#1685 = DIRECTION('',(0.,1.));
#1686 = ( GEOMETRIC_REPRESENTATION_CONTEXT(2) 
PARAMETRIC_REPRESENTATION_CONTEXT() REPRESENTATION_CONTEXT('2D SPACE',''
  ) );
#1687 = PCURVE('',#436,#1688);
#1688 = DEFINITIONAL_REPRESENTATION('',(#1689),#1693);
#1689 = LINE('',#1690,#1691);
#1690 = CARTESIAN_POINT('',(0.,-0.));
#1691 = VECTOR('',#1692,1.);
#1692 = DIRECTION('',(0.,1.));
#1693 = ( GEOMETRIC_REPRESENTATION_CONTEXT(2) 
PARAMETRIC_REPRESENTATION_CONTEXT() REPRESENTATION_CONTEXT('2D SPACE',''
  ) );
#1694 = ORIENTED_EDGE('',*,*,#1695,.T.);
#1695 = EDGE_CURVE('',#1673,#1673,#1696,.T.);
#1696 = SURFACE_CURVE('',#1697,(#1702,#1709),.PCURVE_S1.);
#1697 = CIRCLE('',#1698,2.1);
#1698 = AXIS2_PLACEMENT_3D('',#1699,#1700,#1701);
#1699 = CARTESIAN_POINT('',(-22.6,-22.6,494.));
#1700 = DIRECTION('',(0.,0.,1.));
#1701 = DIRECTION('',(1.,0.,-0.));
#1702 = PCURVE('',#436,#1703);
#1703 = DEFINITIONAL_REPRESENTATION('',(#1704),#1708);
#1704 = LINE('',#1705,#1706);
#1705 = CARTESIAN_POINT('',(0.,0.));
#1706 = VECTOR('',#1707,1.);
#1707 = DIRECTION('',(1.,0.));
#1708 = ( GEOMETRIC_REPRESENTATION_CONTEXT(2) 
PARAMETRIC_REPRESENTATION_CONTEXT() REPRESENTATION_CONTEXT('2D SPACE',''
  ) );
#1709 = PCURVE('',#1710,#1715);
#1710 = PLANE('',#1711);
#1711 = AXIS2_PLACEMENT_3D('',#1712,#1713,#1714);
#1712 = CARTESIAN_POINT('',(-52.,-62.,494.));
#1713 = DIRECTION('',(0.,0.,1.));
#1714 = DIRECTION('',(1.,0.,0.));
#1715 = DEFINITIONAL_REPRESENTATION('',(#1716),#1720);
#1716 = CIRCLE('',#1717,2.1);
#1717 = AXIS2_PLACEMENT_2D('',#1718,#1719);
#1718 = CARTESIAN_POINT('',(29.4,39.4));
#1719 = DIRECTION('',(1.,0.));
#1720 = ( GEOMETRIC_REPRESENTATION_CONTEXT(2) 
PARAMETRIC_REPRESENTATION_CONTEXT() REPRESENTATION_CONTEXT('2D SPACE',''
  ) );
#1721 = ORIENTED_EDGE('',*,*,#1672,.T.);
#1722 = ADVANCED_FACE('',(#1723),#467,.F.);
#1723 = FACE_BOUND('',#1724,.F.);
#1724 = EDGE_LOOP('',(#1725,#1726,#1749,#1771));
#1725 = ORIENTED_EDGE('',*,*,#450,.F.);
#1726 = ORIENTED_EDGE('',*,*,#1727,.F.);
#1727 = EDGE_CURVE('',#1728,#451,#1730,.T.);
#1728 = VERTEX_POINT('',#1729);
#1729 = CARTESIAN_POINT('',(24.7,-22.6,494.));
#1730 = SEAM_CURVE('',#1731,(#1735,#1742),.PCURVE_S1.);
#1731 = LINE('',#1732,#1733);
#1732 = CARTESIAN_POINT('',(24.7,-22.6,494.));
#1733 = VECTOR('',#1734,1.);
#1734 = DIRECTION('',(0.,0.,1.));
#1735 = PCURVE('',#467,#1736);
#1736 = DEFINITIONAL_REPRESENTATION('',(#1737),#1741);
#1737 = LINE('',#1738,#1739);
#1738 = CARTESIAN_POINT('',(6.28318530718,-0.));
#1739 = VECTOR('',#1740,1.);
#1740 = DIRECTION('',(0.,1.));
#1741 = ( GEOMETRIC_REPRESENTATION_CONTEXT(2) 
PARAMETRIC_REPRESENTATION_CONTEXT() REPRESENTATION_CONTEXT('2D SPACE',''
  ) );
#1742 = PCURVE('',#467,#1743);
#1743 = DEFINITIONAL_REPRESENTATION('',(#1744),#1748);
#1744 = LINE('',#1745,#1746);
#1745 = CARTESIAN_POINT('',(0.,-0.));
#1746 = VECTOR('',#1747,1.);
#1747 = DIRECTION('',(0.,1.));
#1748 = ( GEOMETRIC_REPRESENTATION_CONTEXT(2) 
PARAMETRIC_REPRESENTATION_CONTEXT() REPRESENTATION_CONTEXT('2D SPACE',''
  ) );
#1749 = ORIENTED_EDGE('',*,*,#1750,.T.);
#1750 = EDGE_CURVE('',#1728,#1728,#1751,.T.);
#1751 = SURFACE_CURVE('',#1752,(#1757,#1764),.PCURVE_S1.);
#1752 = CIRCLE('',#1753,2.1);
#1753 = AXIS2_PLACEMENT_3D('',#1754,#1755,#1756);
#1754 = CARTESIAN_POINT('',(22.6,-22.6,494.));
#1755 = DIRECTION('',(0.,0.,1.));
#1756 = DIRECTION('',(1.,0.,-0.));
#1757 = PCURVE('',#467,#1758);
#1758 = DEFINITIONAL_REPRESENTATION('',(#1759),#1763);
#1759 = LINE('',#1760,#1761);
#1760 = CARTESIAN_POINT('',(0.,0.));
#1761 = VECTOR('',#1762,1.);
#1762 = DIRECTION('',(1.,0.));
#1763 = ( GEOMETRIC_REPRESENTATION_CONTEXT(2) 
PARAMETRIC_REPRESENTATION_CONTEXT() REPRESENTATION_CONTEXT('2D SPACE',''
  ) );
#1764 = PCURVE('',#1710,#1765);
#1765 = DEFINITIONAL_REPRESENTATION('',(#1766),#1770);
#1766 = CIRCLE('',#1767,2.1);
#1767 = AXIS2_PLACEMENT_2D('',#1768,#1769);
#1768 = CARTESIAN_POINT('',(74.6,39.4));
#1769 = DIRECTION('',(1.,0.));
#1770 = ( GEOMETRIC_REPRESENTATION_CONTEXT(2) 
PARAMETRIC_REPRESENTATION_CONTEXT() REPRESENTATION_CONTEXT('2D SPACE',''
  ) );
#1771 = ORIENTED_EDGE('',*,*,#1727,.T.);
#1772 = ADVANCED_FACE('',(#1773),#498,.F.);
#1773 = FACE_BOUND('',#1774,.F.);
#1774 = EDGE_LOOP('',(#1775,#1776,#1799,#1821));
#1775 = ORIENTED_EDGE('',*,*,#481,.F.);
#1776 = ORIENTED_EDGE('',*,*,#1777,.F.);
#1777 = EDGE_CURVE('',#1778,#482,#1780,.T.);
#1778 = VERTEX_POINT('',#1779);
#1779 = CARTESIAN_POINT('',(25.05,-6.135480463728E-15,494.));
#1780 = SEAM_CURVE('',#1781,(#1785,#1792),.PCURVE_S1.);
#1781 = LINE('',#1782,#1783);
#1782 = CARTESIAN_POINT('',(25.05,-6.135480463728E-15,470.));
#1783 = VECTOR('',#1784,1.);
#1784 = DIRECTION('',(0.,0.,1.));
#1785 = PCURVE('',#498,#1786);
#1786 = DEFINITIONAL_REPRESENTATION('',(#1787),#1791);
#1787 = LINE('',#1788,#1789);
#1788 = CARTESIAN_POINT('',(6.28318530718,-0.));
#1789 = VECTOR('',#1790,1.);
#1790 = DIRECTION('',(0.,1.));
#1791 = ( GEOMETRIC_REPRESENTATION_CONTEXT(2) 
PARAMETRIC_REPRESENTATION_CONTEXT() REPRESENTATION_CONTEXT('2D SPACE',''
  ) );
#1792 = PCURVE('',#498,#1793);
#1793 = DEFINITIONAL_REPRESENTATION('',(#1794),#1798);
#1794 = LINE('',#1795,#1796);
#1795 = CARTESIAN_POINT('',(0.,-0.));
#1796 = VECTOR('',#1797,1.);
#1797 = DIRECTION('',(0.,1.));
#1798 = ( GEOMETRIC_REPRESENTATION_CONTEXT(2) 
PARAMETRIC_REPRESENTATION_CONTEXT() REPRESENTATION_CONTEXT('2D SPACE',''
  ) );
#1799 = ORIENTED_EDGE('',*,*,#1800,.T.);
#1800 = EDGE_CURVE('',#1778,#1778,#1801,.T.);
#1801 = SURFACE_CURVE('',#1802,(#1807,#1814),.PCURVE_S1.);
#1802 = CIRCLE('',#1803,25.05);
#1803 = AXIS2_PLACEMENT_3D('',#1804,#1805,#1806);
#1804 = CARTESIAN_POINT('',(0.,0.,494.));
#1805 = DIRECTION('',(0.,0.,1.));
#1806 = DIRECTION('',(1.,0.,-0.));
#1807 = PCURVE('',#498,#1808);
#1808 = DEFINITIONAL_REPRESENTATION('',(#1809),#1813);
#1809 = LINE('',#1810,#1811);
#1810 = CARTESIAN_POINT('',(0.,24.));
#1811 = VECTOR('',#1812,1.);
#1812 = DIRECTION('',(1.,0.));
#1813 = ( GEOMETRIC_REPRESENTATION_CONTEXT(2) 
PARAMETRIC_REPRESENTATION_CONTEXT() REPRESENTATION_CONTEXT('2D SPACE',''
  ) );
#1814 = PCURVE('',#1710,#1815);
#1815 = DEFINITIONAL_REPRESENTATION('',(#1816),#1820);
#1816 = CIRCLE('',#1817,25.05);
#1817 = AXIS2_PLACEMENT_2D('',#1818,#1819);
#1818 = CARTESIAN_POINT('',(52.,62.));
#1819 = DIRECTION('',(1.,0.));
#1820 = ( GEOMETRIC_REPRESENTATION_CONTEXT(2) 
PARAMETRIC_REPRESENTATION_CONTEXT() REPRESENTATION_CONTEXT('2D SPACE',''
  ) );
#1821 = ORIENTED_EDGE('',*,*,#1777,.T.);
#1822 = ADVANCED_FACE('',(#1823),#529,.F.);
#1823 = FACE_BOUND('',#1824,.F.);
#1824 = EDGE_LOOP('',(#1825,#1826,#1849,#1871));
#1825 = ORIENTED_EDGE('',*,*,#512,.F.);
#1826 = ORIENTED_EDGE('',*,*,#1827,.F.);
#1827 = EDGE_CURVE('',#1828,#513,#1830,.T.);
#1828 = VERTEX_POINT('',#1829);
#1829 = CARTESIAN_POINT('',(-20.5,22.6,494.));
#1830 = SEAM_CURVE('',#1831,(#1835,#1842),.PCURVE_S1.);
#1831 = LINE('',#1832,#1833);
#1832 = CARTESIAN_POINT('',(-20.5,22.6,494.));
#1833 = VECTOR('',#1834,1.);
#1834 = DIRECTION('',(0.,0.,1.));
#1835 = PCURVE('',#529,#1836);
#1836 = DEFINITIONAL_REPRESENTATION('',(#1837),#1841);
#1837 = LINE('',#1838,#1839);
#1838 = CARTESIAN_POINT('',(6.28318530718,-0.));
#1839 = VECTOR('',#1840,1.);
#1840 = DIRECTION('',(0.,1.));
#1841 = ( GEOMETRIC_REPRESENTATION_CONTEXT(2) 
PARAMETRIC_REPRESENTATION_CONTEXT() REPRESENTATION_CONTEXT('2D SPACE',''
  ) );
#1842 = PCURVE('',#529,#1843);
#1843 = DEFINITIONAL_REPRESENTATION('',(#1844),#1848);
#1844 = LINE('',#1845,#1846);
#1845 = CARTESIAN_POINT('',(0.,-0.));
#1846 = VECTOR('',#1847,1.);
#1847 = DIRECTION('',(0.,1.));
#1848 = ( GEOMETRIC_REPRESENTATION_CONTEXT(2) 
PARAMETRIC_REPRESENTATION_CONTEXT() REPRESENTATION_CONTEXT('2D SPACE',''
  ) );
#1849 = ORIENTED_EDGE('',*,*,#1850,.T.);
#1850 = EDGE_CURVE('',#1828,#1828,#1851,.T.);
#1851 = SURFACE_CURVE('',#1852,(#1857,#1864),.PCURVE_S1.);
#1852 = CIRCLE('',#1853,2.1);
#1853 = AXIS2_PLACEMENT_3D('',#1854,#1855,#1856);
#1854 = CARTESIAN_POINT('',(-22.6,22.6,494.));
#1855 = DIRECTION('',(0.,0.,1.));
#1856 = DIRECTION('',(1.,0.,-0.));
#1857 = PCURVE('',#529,#1858);
#1858 = DEFINITIONAL_REPRESENTATION('',(#1859),#1863);
#1859 = LINE('',#1860,#1861);
#1860 = CARTESIAN_POINT('',(0.,0.));
#1861 = VECTOR('',#1862,1.);
#1862 = DIRECTION('',(1.,0.));
#1863 = ( GEOMETRIC_REPRESENTATION_CONTEXT(2) 
PARAMETRIC_REPRESENTATION_CONTEXT() REPRESENTATION_CONTEXT('2D SPACE',''
  ) );
#1864 = PCURVE('',#1710,#1865);
#1865 = DEFINITIONAL_REPRESENTATION('',(#1866),#1870);
#1866 = CIRCLE('',#1867,2.1);
#1867 = AXIS2_PLACEMENT_2D('',#1868,#1869);
#1868 = CARTESIAN_POINT('',(29.4,84.6));
#1869 = DIRECTION('',(1.,0.));
#1870 = ( GEOMETRIC_REPRESENTATION_CONTEXT(2) 
PARAMETRIC_REPRESENTATION_CONTEXT() REPRESENTATION_CONTEXT('2D SPACE',''
  ) );
#1871 = ORIENTED_EDGE('',*,*,#1827,.T.);
#1872 = ADVANCED_FACE('',(#1873,#1927),#560,.F.);
#1873 = FACE_BOUND('',#1874,.F.);
#1874 = EDGE_LOOP('',(#1875,#1898,#1899,#1900));
#1875 = ORIENTED_EDGE('',*,*,#1876,.T.);
#1876 = EDGE_CURVE('',#1877,#544,#1879,.T.);
#1877 = VERTEX_POINT('',#1878);
#1878 = CARTESIAN_POINT('',(-37.25,59.,467.5));
#1879 = SEAM_CURVE('',#1880,(#1884,#1891),.PCURVE_S1.);
#1880 = LINE('',#1881,#1882);
#1881 = CARTESIAN_POINT('',(-37.25,59.,461.5));
#1882 = VECTOR('',#1883,1.);
#1883 = DIRECTION('',(0.,0.,1.));
#1884 = PCURVE('',#560,#1885);
#1885 = DEFINITIONAL_REPRESENTATION('',(#1886),#1890);
#1886 = LINE('',#1887,#1888);
#1887 = CARTESIAN_POINT('',(6.28318530718,-0.));
#1888 = VECTOR('',#1889,1.);
#1889 = DIRECTION('',(0.,1.));
#1890 = ( GEOMETRIC_REPRESENTATION_CONTEXT(2) 
PARAMETRIC_REPRESENTATION_CONTEXT() REPRESENTATION_CONTEXT('2D SPACE',''
  ) );
#1891 = PCURVE('',#560,#1892);
#1892 = DEFINITIONAL_REPRESENTATION('',(#1893),#1897);
#1893 = LINE('',#1894,#1895);
#1894 = CARTESIAN_POINT('',(0.,-0.));
#1895 = VECTOR('',#1896,1.);
#1896 = DIRECTION('',(0.,1.));
#1897 = ( GEOMETRIC_REPRESENTATION_CONTEXT(2) 
PARAMETRIC_REPRESENTATION_CONTEXT() REPRESENTATION_CONTEXT('2D SPACE',''
  ) );
#1898 = ORIENTED_EDGE('',*,*,#543,.F.);
#1899 = ORIENTED_EDGE('',*,*,#1876,.F.);
#1900 = ORIENTED_EDGE('',*,*,#1901,.T.);
#1901 = EDGE_CURVE('',#1877,#1877,#1902,.T.);
#1902 = SURFACE_CURVE('',#1903,(#1908,#1915),.PCURVE_S1.);
#1903 = CIRCLE('',#1904,2.75);
#1904 = AXIS2_PLACEMENT_3D('',#1905,#1906,#1907);
#1905 = CARTESIAN_POINT('',(-40.,59.,467.5));
#1906 = DIRECTION('',(0.,0.,1.));
#1907 = DIRECTION('',(1.,0.,-0.));
#1908 = PCURVE('',#560,#1909);
#1909 = DEFINITIONAL_REPRESENTATION('',(#1910),#1914);
#1910 = LINE('',#1911,#1912);
#1911 = CARTESIAN_POINT('',(0.,6.));
#1912 = VECTOR('',#1913,1.);
#1913 = DIRECTION('',(1.,0.));
#1914 = ( GEOMETRIC_REPRESENTATION_CONTEXT(2) 
PARAMETRIC_REPRESENTATION_CONTEXT() REPRESENTATION_CONTEXT('2D SPACE',''
  ) );
#1915 = PCURVE('',#1916,#1921);
#1916 = PLANE('',#1917);
#1917 = AXIS2_PLACEMENT_3D('',#1918,#1919,#1920);
#1918 = CARTESIAN_POINT('',(-40.,59.,467.5));
#1919 = DIRECTION('',(0.,0.,1.));
#1920 = DIRECTION('',(1.,0.,-0.));
#1921 = DEFINITIONAL_REPRESENTATION('',(#1922),#1926);
#1922 = CIRCLE('',#1923,2.75);
#1923 = AXIS2_PLACEMENT_2D('',#1924,#1925);
#1924 = CARTESIAN_POINT('',(0.,0.));
#1925 = DIRECTION('',(1.,0.));
#1926 = ( GEOMETRIC_REPRESENTATION_CONTEXT(2) 
PARAMETRIC_REPRESENTATION_CONTEXT() REPRESENTATION_CONTEXT('2D SPACE',''
  ) );
#1927 = FACE_BOUND('',#1928,.F.);
#1928 = EDGE_LOOP('',(#1929,#1957,#1981,#2007));
#1929 = ORIENTED_EDGE('',*,*,#1930,.T.);
#1930 = EDGE_CURVE('',#1931,#1933,#1935,.T.);
#1931 = VERTEX_POINT('',#1932);
#1932 = CARTESIAN_POINT('',(-41.88745860881,57.,470.));
#1933 = VERTEX_POINT('',#1934);
#1934 = CARTESIAN_POINT('',(-41.88745860881,57.,494.));
#1935 = SURFACE_CURVE('',#1936,(#1940,#1946),.PCURVE_S1.);
#1936 = LINE('',#1937,#1938);
#1937 = CARTESIAN_POINT('',(-41.88745860881,57.,461.5));
#1938 = VECTOR('',#1939,1.);
#1939 = DIRECTION('',(0.,0.,1.));
#1940 = PCURVE('',#560,#1941);
#1941 = DEFINITIONAL_REPRESENTATION('',(#1942),#1945);
#1942 = B_SPLINE_CURVE_WITH_KNOTS('',1,(#1943,#1944),.UNSPECIFIED.,.F.,
  .F.,(2,2),(6.1,34.9),.PIECEWISE_BEZIER_KNOTS.);
#1943 = CARTESIAN_POINT('',(3.955932595716,6.1));
#1944 = CARTESIAN_POINT('',(3.955932595716,34.9));
#1945 = ( GEOMETRIC_REPRESENTATION_CONTEXT(2) 
PARAMETRIC_REPRESENTATION_CONTEXT() REPRESENTATION_CONTEXT('2D SPACE',''
  ) );
#1946 = PCURVE('',#1947,#1952);
#1947 = PLANE('',#1948);
#1948 = AXIS2_PLACEMENT_3D('',#1949,#1950,#1951);
#1949 = CARTESIAN_POINT('',(-52.,57.,470.));
#1950 = DIRECTION('',(0.,1.,0.));
#1951 = DIRECTION('',(0.,0.,1.));
#1952 = DEFINITIONAL_REPRESENTATION('',(#1953),#1956);
#1953 = B_SPLINE_CURVE_WITH_KNOTS('',1,(#1954,#1955),.UNSPECIFIED.,.F.,
  .F.,(2,2),(6.1,34.9),.PIECEWISE_BEZIER_KNOTS.);
#1954 = CARTESIAN_POINT('',(-2.4,10.112541391182));
#1955 = CARTESIAN_POINT('',(26.4,10.112541391182));
#1956 = ( GEOMETRIC_REPRESENTATION_CONTEXT(2) 
PARAMETRIC_REPRESENTATION_CONTEXT() REPRESENTATION_CONTEXT('2D SPACE',''
  ) );
#1957 = ORIENTED_EDGE('',*,*,#1958,.T.);
#1958 = EDGE_CURVE('',#1933,#1959,#1961,.T.);
#1959 = VERTEX_POINT('',#1960);
#1960 = CARTESIAN_POINT('',(-38.11254139118,57.,494.));
#1961 = SURFACE_CURVE('',#1962,(#1967,#1974),.PCURVE_S1.);
#1962 = CIRCLE('',#1963,2.75);
#1963 = AXIS2_PLACEMENT_3D('',#1964,#1965,#1966);
#1964 = CARTESIAN_POINT('',(-40.,59.,494.));
#1965 = DIRECTION('',(0.,0.,1.));
#1966 = DIRECTION('',(1.,0.,-0.));
#1967 = PCURVE('',#560,#1968);
#1968 = DEFINITIONAL_REPRESENTATION('',(#1969),#1973);
#1969 = LINE('',#1970,#1971);
#1970 = CARTESIAN_POINT('',(0.,32.5));
#1971 = VECTOR('',#1972,1.);
#1972 = DIRECTION('',(1.,0.));
#1973 = ( GEOMETRIC_REPRESENTATION_CONTEXT(2) 
PARAMETRIC_REPRESENTATION_CONTEXT() REPRESENTATION_CONTEXT('2D SPACE',''
  ) );
#1974 = PCURVE('',#1710,#1975);
#1975 = DEFINITIONAL_REPRESENTATION('',(#1976),#1980);
#1976 = CIRCLE('',#1977,2.75);
#1977 = AXIS2_PLACEMENT_2D('',#1978,#1979);
#1978 = CARTESIAN_POINT('',(12.,121.));
#1979 = DIRECTION('',(1.,0.));
#1980 = ( GEOMETRIC_REPRESENTATION_CONTEXT(2) 
PARAMETRIC_REPRESENTATION_CONTEXT() REPRESENTATION_CONTEXT('2D SPACE',''
  ) );
#1981 = ORIENTED_EDGE('',*,*,#1982,.F.);
#1982 = EDGE_CURVE('',#1983,#1959,#1985,.T.);
#1983 = VERTEX_POINT('',#1984);
#1984 = CARTESIAN_POINT('',(-38.11254139118,57.,470.));
#1985 = SURFACE_CURVE('',#1986,(#1990,#1996),.PCURVE_S1.);
#1986 = LINE('',#1987,#1988);
#1987 = CARTESIAN_POINT('',(-38.11254139118,57.,461.5));
#1988 = VECTOR('',#1989,1.);
#1989 = DIRECTION('',(0.,0.,1.));
#1990 = PCURVE('',#560,#1991);
#1991 = DEFINITIONAL_REPRESENTATION('',(#1992),#1995);
#1992 = B_SPLINE_CURVE_WITH_KNOTS('',1,(#1993,#1994),.UNSPECIFIED.,.F.,
  .F.,(2,2),(6.1,34.9),.PIECEWISE_BEZIER_KNOTS.);
#1993 = CARTESIAN_POINT('',(5.468845365053,6.1));
#1994 = CARTESIAN_POINT('',(5.468845365053,34.9));
#1995 = ( GEOMETRIC_REPRESENTATION_CONTEXT(2) 
PARAMETRIC_REPRESENTATION_CONTEXT() REPRESENTATION_CONTEXT('2D SPACE',''
  ) );
#1996 = PCURVE('',#1997,#2002);
#1997 = PLANE('',#1998);
#1998 = AXIS2_PLACEMENT_3D('',#1999,#2000,#2001);
#1999 = CARTESIAN_POINT('',(-52.,57.,470.));
#2000 = DIRECTION('',(0.,1.,0.));
#2001 = DIRECTION('',(0.,0.,1.));
#2002 = DEFINITIONAL_REPRESENTATION('',(#2003),#2006);
#2003 = B_SPLINE_CURVE_WITH_KNOTS('',1,(#2004,#2005),.UNSPECIFIED.,.F.,
  .F.,(2,2),(6.1,34.9),.PIECEWISE_BEZIER_KNOTS.);
#2004 = CARTESIAN_POINT('',(-2.4,13.887458608818));
#2005 = CARTESIAN_POINT('',(26.4,13.887458608818));
#2006 = ( GEOMETRIC_REPRESENTATION_CONTEXT(2) 
PARAMETRIC_REPRESENTATION_CONTEXT() REPRESENTATION_CONTEXT('2D SPACE',''
  ) );
#2007 = ORIENTED_EDGE('',*,*,#2008,.F.);
#2008 = EDGE_CURVE('',#1931,#1983,#2009,.T.);
#2009 = SURFACE_CURVE('',#2010,(#2015,#2022),.PCURVE_S1.);
#2010 = CIRCLE('',#2011,2.75);
#2011 = AXIS2_PLACEMENT_3D('',#2012,#2013,#2014);
#2012 = CARTESIAN_POINT('',(-40.,59.,470.));
#2013 = DIRECTION('',(0.,0.,1.));
#2014 = DIRECTION('',(1.,0.,-0.));
#2015 = PCURVE('',#560,#2016);
#2016 = DEFINITIONAL_REPRESENTATION('',(#2017),#2021);
#2017 = LINE('',#2018,#2019);
#2018 = CARTESIAN_POINT('',(0.,8.5));
#2019 = VECTOR('',#2020,1.);
#2020 = DIRECTION('',(1.,0.));
#2021 = ( GEOMETRIC_REPRESENTATION_CONTEXT(2) 
PARAMETRIC_REPRESENTATION_CONTEXT() REPRESENTATION_CONTEXT('2D SPACE',''
  ) );
#2022 = PCURVE('',#2023,#2028);
#2023 = PLANE('',#2024);
#2024 = AXIS2_PLACEMENT_3D('',#2025,#2026,#2027);
#2025 = CARTESIAN_POINT('',(-52.,-62.,470.));
#2026 = DIRECTION('',(0.,0.,1.));
#2027 = DIRECTION('',(1.,0.,0.));
#2028 = DEFINITIONAL_REPRESENTATION('',(#2029),#2033);
#2029 = CIRCLE('',#2030,2.75);
#2030 = AXIS2_PLACEMENT_2D('',#2031,#2032);
#2031 = CARTESIAN_POINT('',(12.,121.));
#2032 = DIRECTION('',(1.,0.));
#2033 = ( GEOMETRIC_REPRESENTATION_CONTEXT(2) 
PARAMETRIC_REPRESENTATION_CONTEXT() REPRESENTATION_CONTEXT('2D SPACE',''
  ) );
#2034 = ADVANCED_FACE('',(#2035),#591,.F.);
#2035 = FACE_BOUND('',#2036,.F.);
#2036 = EDGE_LOOP('',(#2037,#2038,#2061,#2083));
#2037 = ORIENTED_EDGE('',*,*,#574,.F.);
#2038 = ORIENTED_EDGE('',*,*,#2039,.F.);
#2039 = EDGE_CURVE('',#2040,#575,#2042,.T.);
#2040 = VERTEX_POINT('',#2041);
#2041 = CARTESIAN_POINT('',(24.7,22.6,494.));
#2042 = SEAM_CURVE('',#2043,(#2047,#2054),.PCURVE_S1.);
#2043 = LINE('',#2044,#2045);
#2044 = CARTESIAN_POINT('',(24.7,22.6,494.));
#2045 = VECTOR('',#2046,1.);
#2046 = DIRECTION('',(0.,0.,1.));
#2047 = PCURVE('',#591,#2048);
#2048 = DEFINITIONAL_REPRESENTATION('',(#2049),#2053);
#2049 = LINE('',#2050,#2051);
#2050 = CARTESIAN_POINT('',(6.28318530718,-0.));
#2051 = VECTOR('',#2052,1.);
#2052 = DIRECTION('',(0.,1.));
#2053 = ( GEOMETRIC_REPRESENTATION_CONTEXT(2) 
PARAMETRIC_REPRESENTATION_CONTEXT() REPRESENTATION_CONTEXT('2D SPACE',''
  ) );
#2054 = PCURVE('',#591,#2055);
#2055 = DEFINITIONAL_REPRESENTATION('',(#2056),#2060);
#2056 = LINE('',#2057,#2058);
#2057 = CARTESIAN_POINT('',(0.,-0.));
#2058 = VECTOR('',#2059,1.);
#2059 = DIRECTION('',(0.,1.));
#2060 = ( GEOMETRIC_REPRESENTATION_CONTEXT(2) 
PARAMETRIC_REPRESENTATION_CONTEXT() REPRESENTATION_CONTEXT('2D SPACE',''
  ) );
#2061 = ORIENTED_EDGE('',*,*,#2062,.T.);
#2062 = EDGE_CURVE('',#2040,#2040,#2063,.T.);
#2063 = SURFACE_CURVE('',#2064,(#2069,#2076),.PCURVE_S1.);
#2064 = CIRCLE('',#2065,2.1);
#2065 = AXIS2_PLACEMENT_3D('',#2066,#2067,#2068);
#2066 = CARTESIAN_POINT('',(22.6,22.6,494.));
#2067 = DIRECTION('',(0.,0.,1.));
#2068 = DIRECTION('',(1.,0.,-0.));
#2069 = PCURVE('',#591,#2070);
#2070 = DEFINITIONAL_REPRESENTATION('',(#2071),#2075);
#2071 = LINE('',#2072,#2073);
#2072 = CARTESIAN_POINT('',(0.,0.));
#2073 = VECTOR('',#2074,1.);
#2074 = DIRECTION('',(1.,0.));
#2075 = ( GEOMETRIC_REPRESENTATION_CONTEXT(2) 
PARAMETRIC_REPRESENTATION_CONTEXT() REPRESENTATION_CONTEXT('2D SPACE',''
  ) );
#2076 = PCURVE('',#1710,#2077);
#2077 = DEFINITIONAL_REPRESENTATION('',(#2078),#2082);
#2078 = CIRCLE('',#2079,2.1);
#2079 = AXIS2_PLACEMENT_2D('',#2080,#2081);
#2080 = CARTESIAN_POINT('',(74.6,84.6));
#2081 = DIRECTION('',(1.,0.));
#2082 = ( GEOMETRIC_REPRESENTATION_CONTEXT(2) 
PARAMETRIC_REPRESENTATION_CONTEXT() REPRESENTATION_CONTEXT('2D SPACE',''
  ) );
#2083 = ORIENTED_EDGE('',*,*,#2039,.T.);
#2084 = ADVANCED_FACE('',(#2085,#2139),#622,.F.);
#2085 = FACE_BOUND('',#2086,.F.);
#2086 = EDGE_LOOP('',(#2087,#2110,#2111,#2112));
#2087 = ORIENTED_EDGE('',*,*,#2088,.T.);
#2088 = EDGE_CURVE('',#2089,#606,#2091,.T.);
#2089 = VERTEX_POINT('',#2090);
#2090 = CARTESIAN_POINT('',(42.75,59.,467.5));
#2091 = SEAM_CURVE('',#2092,(#2096,#2103),.PCURVE_S1.);
#2092 = LINE('',#2093,#2094);
#2093 = CARTESIAN_POINT('',(42.75,59.,461.5));
#2094 = VECTOR('',#2095,1.);
#2095 = DIRECTION('',(0.,0.,1.));
#2096 = PCURVE('',#622,#2097);
#2097 = DEFINITIONAL_REPRESENTATION('',(#2098),#2102);
#2098 = LINE('',#2099,#2100);
#2099 = CARTESIAN_POINT('',(6.28318530718,-0.));
#2100 = VECTOR('',#2101,1.);
#2101 = DIRECTION('',(0.,1.));
#2102 = ( GEOMETRIC_REPRESENTATION_CONTEXT(2) 
PARAMETRIC_REPRESENTATION_CONTEXT() REPRESENTATION_CONTEXT('2D SPACE',''
  ) );
#2103 = PCURVE('',#622,#2104);
#2104 = DEFINITIONAL_REPRESENTATION('',(#2105),#2109);
#2105 = LINE('',#2106,#2107);
#2106 = CARTESIAN_POINT('',(0.,-0.));
#2107 = VECTOR('',#2108,1.);
#2108 = DIRECTION('',(0.,1.));
#2109 = ( GEOMETRIC_REPRESENTATION_CONTEXT(2) 
PARAMETRIC_REPRESENTATION_CONTEXT() REPRESENTATION_CONTEXT('2D SPACE',''
  ) );
#2110 = ORIENTED_EDGE('',*,*,#605,.F.);
#2111 = ORIENTED_EDGE('',*,*,#2088,.F.);
#2112 = ORIENTED_EDGE('',*,*,#2113,.T.);
#2113 = EDGE_CURVE('',#2089,#2089,#2114,.T.);
#2114 = SURFACE_CURVE('',#2115,(#2120,#2127),.PCURVE_S1.);
#2115 = CIRCLE('',#2116,2.75);
#2116 = AXIS2_PLACEMENT_3D('',#2117,#2118,#2119);
#2117 = CARTESIAN_POINT('',(40.,59.,467.5));
#2118 = DIRECTION('',(0.,0.,1.));
#2119 = DIRECTION('',(1.,0.,-0.));
#2120 = PCURVE('',#622,#2121);
#2121 = DEFINITIONAL_REPRESENTATION('',(#2122),#2126);
#2122 = LINE('',#2123,#2124);
#2123 = CARTESIAN_POINT('',(0.,6.));
#2124 = VECTOR('',#2125,1.);
#2125 = DIRECTION('',(1.,0.));
#2126 = ( GEOMETRIC_REPRESENTATION_CONTEXT(2) 
PARAMETRIC_REPRESENTATION_CONTEXT() REPRESENTATION_CONTEXT('2D SPACE',''
  ) );
#2127 = PCURVE('',#2128,#2133);
#2128 = PLANE('',#2129);
#2129 = AXIS2_PLACEMENT_3D('',#2130,#2131,#2132);
#2130 = CARTESIAN_POINT('',(40.,59.,467.5));
#2131 = DIRECTION('',(0.,0.,1.));
#2132 = DIRECTION('',(1.,0.,-0.));
#2133 = DEFINITIONAL_REPRESENTATION('',(#2134),#2138);
#2134 = CIRCLE('',#2135,2.75);
#2135 = AXIS2_PLACEMENT_2D('',#2136,#2137);
#2136 = CARTESIAN_POINT('',(0.,0.));
#2137 = DIRECTION('',(1.,0.));
#2138 = ( GEOMETRIC_REPRESENTATION_CONTEXT(2) 
PARAMETRIC_REPRESENTATION_CONTEXT() REPRESENTATION_CONTEXT('2D SPACE',''
  ) );
#2139 = FACE_BOUND('',#2140,.F.);
#2140 = EDGE_LOOP('',(#2141,#2164,#2188,#2214));
#2141 = ORIENTED_EDGE('',*,*,#2142,.T.);
#2142 = EDGE_CURVE('',#2143,#2145,#2147,.T.);
#2143 = VERTEX_POINT('',#2144);
#2144 = CARTESIAN_POINT('',(38.112541391182,57.,470.));
#2145 = VERTEX_POINT('',#2146);
#2146 = CARTESIAN_POINT('',(38.112541391182,57.,494.));
#2147 = SURFACE_CURVE('',#2148,(#2152,#2158),.PCURVE_S1.);
#2148 = LINE('',#2149,#2150);
#2149 = CARTESIAN_POINT('',(38.112541391182,57.,461.5));
#2150 = VECTOR('',#2151,1.);
#2151 = DIRECTION('',(0.,0.,1.));
#2152 = PCURVE('',#622,#2153);
#2153 = DEFINITIONAL_REPRESENTATION('',(#2154),#2157);
#2154 = B_SPLINE_CURVE_WITH_KNOTS('',1,(#2155,#2156),.UNSPECIFIED.,.F.,
  .F.,(2,2),(6.1,34.9),.PIECEWISE_BEZIER_KNOTS.);
#2155 = CARTESIAN_POINT('',(3.955932595716,6.1));
#2156 = CARTESIAN_POINT('',(3.955932595716,34.9));
#2157 = ( GEOMETRIC_REPRESENTATION_CONTEXT(2) 
PARAMETRIC_REPRESENTATION_CONTEXT() REPRESENTATION_CONTEXT('2D SPACE',''
  ) );
#2158 = PCURVE('',#1997,#2159);
#2159 = DEFINITIONAL_REPRESENTATION('',(#2160),#2163);
#2160 = B_SPLINE_CURVE_WITH_KNOTS('',1,(#2161,#2162),.UNSPECIFIED.,.F.,
  .F.,(2,2),(6.1,34.9),.PIECEWISE_BEZIER_KNOTS.);
#2161 = CARTESIAN_POINT('',(-2.4,90.112541391182));
#2162 = CARTESIAN_POINT('',(26.4,90.112541391182));
#2163 = ( GEOMETRIC_REPRESENTATION_CONTEXT(2) 
PARAMETRIC_REPRESENTATION_CONTEXT() REPRESENTATION_CONTEXT('2D SPACE',''
  ) );
#2164 = ORIENTED_EDGE('',*,*,#2165,.T.);
#2165 = EDGE_CURVE('',#2145,#2166,#2168,.T.);
#2166 = VERTEX_POINT('',#2167);
#2167 = CARTESIAN_POINT('',(41.887458608818,57.,494.));
#2168 = SURFACE_CURVE('',#2169,(#2174,#2181),.PCURVE_S1.);
#2169 = CIRCLE('',#2170,2.75);
#2170 = AXIS2_PLACEMENT_3D('',#2171,#2172,#2173);
#2171 = CARTESIAN_POINT('',(40.,59.,494.));
#2172 = DIRECTION('',(0.,0.,1.));
#2173 = DIRECTION('',(1.,0.,-0.));
#2174 = PCURVE('',#622,#2175);
#2175 = DEFINITIONAL_REPRESENTATION('',(#2176),#2180);
#2176 = LINE('',#2177,#2178);
#2177 = CARTESIAN_POINT('',(0.,32.5));
#2178 = VECTOR('',#2179,1.);
#2179 = DIRECTION('',(1.,0.));
#2180 = ( GEOMETRIC_REPRESENTATION_CONTEXT(2) 
PARAMETRIC_REPRESENTATION_CONTEXT() REPRESENTATION_CONTEXT('2D SPACE',''
  ) );
#2181 = PCURVE('',#1710,#2182);
#2182 = DEFINITIONAL_REPRESENTATION('',(#2183),#2187);
#2183 = CIRCLE('',#2184,2.75);
#2184 = AXIS2_PLACEMENT_2D('',#2185,#2186);
#2185 = CARTESIAN_POINT('',(92.,121.));
#2186 = DIRECTION('',(1.,0.));
#2187 = ( GEOMETRIC_REPRESENTATION_CONTEXT(2) 
PARAMETRIC_REPRESENTATION_CONTEXT() REPRESENTATION_CONTEXT('2D SPACE',''
  ) );
#2188 = ORIENTED_EDGE('',*,*,#2189,.F.);
#2189 = EDGE_CURVE('',#2190,#2166,#2192,.T.);
#2190 = VERTEX_POINT('',#2191);
#2191 = CARTESIAN_POINT('',(41.887458608818,57.,470.));
#2192 = SURFACE_CURVE('',#2193,(#2197,#2203),.PCURVE_S1.);
#2193 = LINE('',#2194,#2195);
#2194 = CARTESIAN_POINT('',(41.887458608818,57.,461.5));
#2195 = VECTOR('',#2196,1.);
#2196 = DIRECTION('',(0.,0.,1.));
#2197 = PCURVE('',#622,#2198);
#2198 = DEFINITIONAL_REPRESENTATION('',(#2199),#2202);
#2199 = B_SPLINE_CURVE_WITH_KNOTS('',1,(#2200,#2201),.UNSPECIFIED.,.F.,
  .F.,(2,2),(6.1,34.9),.PIECEWISE_BEZIER_KNOTS.);
#2200 = CARTESIAN_POINT('',(5.468845365053,6.1));
#2201 = CARTESIAN_POINT('',(5.468845365053,34.9));
#2202 = ( GEOMETRIC_REPRESENTATION_CONTEXT(2) 
PARAMETRIC_REPRESENTATION_CONTEXT() REPRESENTATION_CONTEXT('2D SPACE',''
  ) );
#2203 = PCURVE('',#2204,#2209);
#2204 = PLANE('',#2205);
#2205 = AXIS2_PLACEMENT_3D('',#2206,#2207,#2208);
#2206 = CARTESIAN_POINT('',(-52.,57.,470.));
#2207 = DIRECTION('',(0.,1.,0.));
#2208 = DIRECTION('',(0.,0.,1.));
#2209 = DEFINITIONAL_REPRESENTATION('',(#2210),#2213);
#2210 = B_SPLINE_CURVE_WITH_KNOTS('',1,(#2211,#2212),.UNSPECIFIED.,.F.,
  .F.,(2,2),(6.1,34.9),.PIECEWISE_BEZIER_KNOTS.);
#2211 = CARTESIAN_POINT('',(-2.4,93.887458608818));
#2212 = CARTESIAN_POINT('',(26.4,93.887458608818));
#2213 = ( GEOMETRIC_REPRESENTATION_CONTEXT(2) 
PARAMETRIC_REPRESENTATION_CONTEXT() REPRESENTATION_CONTEXT('2D SPACE',''
  ) );
#2214 = ORIENTED_EDGE('',*,*,#2215,.F.);
#2215 = EDGE_CURVE('',#2143,#2190,#2216,.T.);
#2216 = SURFACE_CURVE('',#2217,(#2222,#2229),.PCURVE_S1.);
#2217 = CIRCLE('',#2218,2.75);
#2218 = AXIS2_PLACEMENT_3D('',#2219,#2220,#2221);
#2219 = CARTESIAN_POINT('',(40.,59.,470.));
#2220 = DIRECTION('',(0.,0.,1.));
#2221 = DIRECTION('',(1.,0.,-0.));
#2222 = PCURVE('',#622,#2223);
#2223 = DEFINITIONAL_REPRESENTATION('',(#2224),#2228);
#2224 = LINE('',#2225,#2226);
#2225 = CARTESIAN_POINT('',(0.,8.5));
#2226 = VECTOR('',#2227,1.);
#2227 = DIRECTION('',(1.,0.));
#2228 = ( GEOMETRIC_REPRESENTATION_CONTEXT(2) 
PARAMETRIC_REPRESENTATION_CONTEXT() REPRESENTATION_CONTEXT('2D SPACE',''
  ) );
#2229 = PCURVE('',#2023,#2230);
#2230 = DEFINITIONAL_REPRESENTATION('',(#2231),#2235);
#2231 = CIRCLE('',#2232,2.75);
#2232 = AXIS2_PLACEMENT_2D('',#2233,#2234);
#2233 = CARTESIAN_POINT('',(92.,121.));
#2234 = DIRECTION('',(1.,0.));
#2235 = ( GEOMETRIC_REPRESENTATION_CONTEXT(2) 
PARAMETRIC_REPRESENTATION_CONTEXT() REPRESENTATION_CONTEXT('2D SPACE',''
  ) );
#2236 = ADVANCED_FACE('',(#2237),#704,.T.);
#2237 = FACE_BOUND('',#2238,.T.);
#2238 = EDGE_LOOP('',(#2239,#2260,#2261,#2262));
#2239 = ORIENTED_EDGE('',*,*,#2240,.F.);
#2240 = EDGE_CURVE('',#661,#792,#2241,.T.);
#2241 = SURFACE_CURVE('',#2242,(#2246,#2253),.PCURVE_S1.);
#2242 = LINE('',#2243,#2244);
#2243 = CARTESIAN_POINT('',(-70.,18.,552.));
#2244 = VECTOR('',#2245,1.);
#2245 = DIRECTION('',(0.,1.,0.));
#2246 = PCURVE('',#704,#2247);
#2247 = DEFINITIONAL_REPRESENTATION('',(#2248),#2252);
#2248 = LINE('',#2249,#2250);
#2249 = CARTESIAN_POINT('',(0.,0.));
#2250 = VECTOR('',#2251,1.);
#2251 = DIRECTION('',(0.,1.));
#2252 = ( GEOMETRIC_REPRESENTATION_CONTEXT(2) 
PARAMETRIC_REPRESENTATION_CONTEXT() REPRESENTATION_CONTEXT('2D SPACE',''
  ) );
#2253 = PCURVE('',#676,#2254);
#2254 = DEFINITIONAL_REPRESENTATION('',(#2255),#2259);
#2255 = LINE('',#2256,#2257);
#2256 = CARTESIAN_POINT('',(60.,0.));
#2257 = VECTOR('',#2258,1.);
#2258 = DIRECTION('',(0.,-1.));
#2259 = ( GEOMETRIC_REPRESENTATION_CONTEXT(2) 
PARAMETRIC_REPRESENTATION_CONTEXT() REPRESENTATION_CONTEXT('2D SPACE',''
  ) );
#2260 = ORIENTED_EDGE('',*,*,#688,.T.);
#2261 = ORIENTED_EDGE('',*,*,#1481,.T.);
#2262 = ORIENTED_EDGE('',*,*,#814,.F.);
#2263 = ADVANCED_FACE('',(#2264,#2270,#2301),#676,.F.);
#2264 = FACE_BOUND('',#2265,.F.);
#2265 = EDGE_LOOP('',(#2266,#2267,#2268,#2269));
#2266 = ORIENTED_EDGE('',*,*,#660,.F.);
#2267 = ORIENTED_EDGE('',*,*,#741,.T.);
#2268 = ORIENTED_EDGE('',*,*,#791,.T.);
#2269 = ORIENTED_EDGE('',*,*,#2240,.F.);
#2270 = FACE_BOUND('',#2271,.F.);
#2271 = EDGE_LOOP('',(#2272));
#2272 = ORIENTED_EDGE('',*,*,#2273,.F.);
#2273 = EDGE_CURVE('',#2274,#2274,#2276,.T.);
#2274 = VERTEX_POINT('',#2275);
#2275 = CARTESIAN_POINT('',(-70.,41.,517.));
#2276 = SURFACE_CURVE('',#2277,(#2282,#2289),.PCURVE_S1.);
#2277 = CIRCLE('',#2278,2.5);
#2278 = AXIS2_PLACEMENT_3D('',#2279,#2280,#2281);
#2279 = CARTESIAN_POINT('',(-70.,41.,514.5));
#2280 = DIRECTION('',(1.,0.,0.));
#2281 = DIRECTION('',(-0.,0.,1.));
#2282 = PCURVE('',#676,#2283);
#2283 = DEFINITIONAL_REPRESENTATION('',(#2284),#2288);
#2284 = CIRCLE('',#2285,2.5);
#2285 = AXIS2_PLACEMENT_2D('',#2286,#2287);
#2286 = CARTESIAN_POINT('',(22.5,-23.));
#2287 = DIRECTION('',(1.,0.));
#2288 = ( GEOMETRIC_REPRESENTATION_CONTEXT(2) 
PARAMETRIC_REPRESENTATION_CONTEXT() REPRESENTATION_CONTEXT('2D SPACE',''
  ) );
#2289 = PCURVE('',#2290,#2295);
#2290 = CYLINDRICAL_SURFACE('',#2291,2.5);
#2291 = AXIS2_PLACEMENT_3D('',#2292,#2293,#2294);
#2292 = CARTESIAN_POINT('',(-70.5,41.,514.5));
#2293 = DIRECTION('',(1.,0.,0.));
#2294 = DIRECTION('',(-0.,0.,1.));
#2295 = DEFINITIONAL_REPRESENTATION('',(#2296),#2300);
#2296 = LINE('',#2297,#2298);
#2297 = CARTESIAN_POINT('',(0.,0.5));
#2298 = VECTOR('',#2299,1.);
#2299 = DIRECTION('',(1.,0.));
#2300 = ( GEOMETRIC_REPRESENTATION_CONTEXT(2) 
PARAMETRIC_REPRESENTATION_CONTEXT() REPRESENTATION_CONTEXT('2D SPACE',''
  ) );
#2301 = FACE_BOUND('',#2302,.F.);
#2302 = EDGE_LOOP('',(#2303));
#2303 = ORIENTED_EDGE('',*,*,#2304,.F.);
#2304 = EDGE_CURVE('',#2305,#2305,#2307,.T.);
#2305 = VERTEX_POINT('',#2306);
#2306 = CARTESIAN_POINT('',(-70.,41.,542.));
#2307 = SURFACE_CURVE('',#2308,(#2313,#2320),.PCURVE_S1.);
#2308 = CIRCLE('',#2309,2.5);
#2309 = AXIS2_PLACEMENT_3D('',#2310,#2311,#2312);
#2310 = CARTESIAN_POINT('',(-70.,41.,539.5));
#2311 = DIRECTION('',(1.,0.,0.));
#2312 = DIRECTION('',(-0.,0.,1.));
#2313 = PCURVE('',#676,#2314);
#2314 = DEFINITIONAL_REPRESENTATION('',(#2315),#2319);
#2315 = CIRCLE('',#2316,2.5);
#2316 = AXIS2_PLACEMENT_2D('',#2317,#2318);
#2317 = CARTESIAN_POINT('',(47.5,-23.));
#2318 = DIRECTION('',(1.,0.));
#2319 = ( GEOMETRIC_REPRESENTATION_CONTEXT(2) 
PARAMETRIC_REPRESENTATION_CONTEXT() REPRESENTATION_CONTEXT('2D SPACE',''
  ) );
#2320 = PCURVE('',#2321,#2326);
#2321 = CYLINDRICAL_SURFACE('',#2322,2.5);
#2322 = AXIS2_PLACEMENT_3D('',#2323,#2324,#2325);
#2323 = CARTESIAN_POINT('',(-70.5,41.,539.5));
#2324 = DIRECTION('',(1.,0.,0.));
#2325 = DIRECTION('',(-0.,0.,1.));
#2326 = DEFINITIONAL_REPRESENTATION('',(#2327),#2331);
#2327 = LINE('',#2328,#2329);
#2328 = CARTESIAN_POINT('',(0.,0.5));
#2329 = VECTOR('',#2330,1.);
#2330 = DIRECTION('',(1.,0.));
#2331 = ( GEOMETRIC_REPRESENTATION_CONTEXT(2) 
PARAMETRIC_REPRESENTATION_CONTEXT() REPRESENTATION_CONTEXT('2D SPACE',''
  ) );
#2332 = ADVANCED_FACE('',(#2333,#2361,#2976),#976,.F.);
#2333 = FACE_BOUND('',#2334,.F.);
#2334 = EDGE_LOOP('',(#2335,#2359,#2360));
#2335 = ORIENTED_EDGE('',*,*,#2336,.T.);
#2336 = EDGE_CURVE('',#960,#2337,#2339,.T.);
#2337 = VERTEX_POINT('',#2338);
#2338 = CARTESIAN_POINT('',(-34.64101615137,-20.,467.6));
#2339 = SEAM_CURVE('',#2340,(#2345,#2352),.PCURVE_S1.);
#2340 = CIRCLE('',#2341,5.6);
#2341 = AXIS2_PLACEMENT_3D('',#2342,#2343,#2344);
#2342 = CARTESIAN_POINT('',(-34.64101615137,-20.,462.));
#2343 = DIRECTION('',(-2.449293598295E-16,-1.,0.));
#2344 = DIRECTION('',(1.,-2.449293598295E-16,0.));
#2345 = PCURVE('',#976,#2346);
#2346 = DEFINITIONAL_REPRESENTATION('',(#2347),#2351);
#2347 = LINE('',#2348,#2349);
#2348 = CARTESIAN_POINT('',(6.28318530718,-6.28318530718));
#2349 = VECTOR('',#2350,1.);
#2350 = DIRECTION('',(0.,1.));
#2351 = ( GEOMETRIC_REPRESENTATION_CONTEXT(2) 
PARAMETRIC_REPRESENTATION_CONTEXT() REPRESENTATION_CONTEXT('2D SPACE',''
  ) );
#2352 = PCURVE('',#976,#2353);
#2353 = DEFINITIONAL_REPRESENTATION('',(#2354),#2358);
#2354 = LINE('',#2355,#2356);
#2355 = CARTESIAN_POINT('',(0.,-6.28318530718));
#2356 = VECTOR('',#2357,1.);
#2357 = DIRECTION('',(0.,1.));
#2358 = ( GEOMETRIC_REPRESENTATION_CONTEXT(2) 
PARAMETRIC_REPRESENTATION_CONTEXT() REPRESENTATION_CONTEXT('2D SPACE',''
  ) );
#2359 = ORIENTED_EDGE('',*,*,#2336,.F.);
#2360 = ORIENTED_EDGE('',*,*,#959,.T.);
#2361 = FACE_BOUND('',#2362,.F.);
#2362 = EDGE_LOOP('',(#2363));
#2363 = ORIENTED_EDGE('',*,*,#2364,.T.);
#2364 = EDGE_CURVE('',#2365,#2365,#2367,.T.);
#2365 = VERTEX_POINT('',#2366);
#2366 = CARTESIAN_POINT('',(-32.60809805287,-23.52111743423,
    465.8508409496));
#2367 = SURFACE_CURVE('',#2368,(#2567,#2769),.PCURVE_S1.);
#2368 = B_SPLINE_CURVE_WITH_KNOTS('',8,(#2369,#2370,#2371,#2372,#2373,
    #2374,#2375,#2376,#2377,#2378,#2379,#2380,#2381,#2382,#2383,#2384,
    #2385,#2386,#2387,#2388,#2389,#2390,#2391,#2392,#2393,#2394,#2395,
    #2396,#2397,#2398,#2399,#2400,#2401,#2402,#2403,#2404,#2405,#2406,
    #2407,#2408,#2409,#2410,#2411,#2412,#2413,#2414,#2415,#2416,#2417,
    #2418,#2419,#2420,#2421,#2422,#2423,#2424,#2425,#2426,#2427,#2428,
    #2429,#2430,#2431,#2432,#2433,#2434,#2435,#2436,#2437,#2438,#2439,
    #2440,#2441,#2442,#2443,#2444,#2445,#2446,#2447,#2448,#2449,#2450,
    #2451,#2452,#2453,#2454,#2455,#2456,#2457,#2458,#2459,#2460,#2461,
    #2462,#2463,#2464,#2465,#2466,#2467,#2468,#2469,#2470,#2471,#2472,
    #2473,#2474,#2475,#2476,#2477,#2478,#2479,#2480,#2481,#2482,#2483,
    #2484,#2485,#2486,#2487,#2488,#2489,#2490,#2491,#2492,#2493,#2494,
    #2495,#2496,#2497,#2498,#2499,#2500,#2501,#2502,#2503,#2504,#2505,
    #2506,#2507,#2508,#2509,#2510,#2511,#2512,#2513,#2514,#2515,#2516,
    #2517,#2518,#2519,#2520,#2521,#2522,#2523,#2524,#2525,#2526,#2527,
    #2528,#2529,#2530,#2531,#2532,#2533,#2534,#2535,#2536,#2537,#2538,
    #2539,#2540,#2541,#2542,#2543,#2544,#2545,#2546,#2547,#2548,#2549,
    #2550,#2551,#2552,#2553,#2554,#2555,#2556,#2557,#2558,#2559,#2560,
    #2561,#2562,#2563,#2564,#2565,#2566),.UNSPECIFIED.,.T.,.F.,(9,7,7,7,
    7,7,7,7,7,7,7,7,7,7,7,7,7,7,7,7,7,7,7,7,7,7,7,7,9),(0.,
    0.112897359205,0.15143735374,0.181745342387,0.217555934577,
    0.229868539101,0.236590817463,0.250287508577,0.266546640319,
    0.27519430056,0.293226459666,0.322183631118,0.352579062648,
    0.383039824754,0.499981066974,0.618859083746,0.649752069103,
    0.680249192938,0.716746022845,0.729063704444,0.735788733118,
    0.749693181075,0.765959591094,0.77461708605,0.792684131592,
    0.82174243118,0.852314262642,0.892737939671,1.),.UNSPECIFIED.);
#2369 = CARTESIAN_POINT('',(-32.60809805287,-23.52111743423,
    465.8508409496));
#2370 = CARTESIAN_POINT('',(-32.4609732433,-23.43617488581,
    465.8508409496));
#2371 = CARTESIAN_POINT('',(-32.31393772833,-23.35171999623,
    465.84187760414));
#2372 = CARTESIAN_POINT('',(-32.16701668052,-23.2677735539,
    465.82399859836));
#2373 = CARTESIAN_POINT('',(-32.02027650224,-23.1844968228,
    465.79704497133));
#2374 = CARTESIAN_POINT('',(-31.87384965009,-23.10225404206,
    465.76064239705));
#2375 = CARTESIAN_POINT('',(-31.72792491919,-23.02159985925,
    465.71425895312));
#2376 = CARTESIAN_POINT('',(-31.58272764983,-22.94332968107,
    465.65715946611));
#2377 = CARTESIAN_POINT('',(-31.38928392926,-22.84326500031,
    465.56450695527));
#2378 = CARTESIAN_POINT('',(-31.34017236492,-22.81822914586,
    465.5395339639));
#2379 = CARTESIAN_POINT('',(-31.29118795501,-22.79367349494,
    465.51311707926));
#2380 = CARTESIAN_POINT('',(-31.24234455706,-22.76965804451,
    465.48520023054));
#2381 = CARTESIAN_POINT('',(-31.19366127346,-22.74625310848,
    465.45572184521));
#2382 = CARTESIAN_POINT('',(-31.14516217002,-22.72354085053,
    465.42461332673));
#2383 = CARTESIAN_POINT('',(-31.09687599689,-22.70161789632,
    465.3917959101));
#2384 = CARTESIAN_POINT('',(-31.01105701799,-22.66406971034,
    465.32995059251));
#2385 = CARTESIAN_POINT('',(-30.97343583007,-22.64810196386,
    465.30161442394));
#2386 = CARTESIAN_POINT('',(-30.93598603741,-22.63275026762,
    465.27212072262));
#2387 = CARTESIAN_POINT('',(-30.89872904806,-22.61807921499,
    465.24142049899));
#2388 = CARTESIAN_POINT('',(-30.86169372286,-22.60416377321,
    465.20946271358));
#2389 = CARTESIAN_POINT('',(-30.82491629135,-22.59109047001,
    465.17619335777));
#2390 = CARTESIAN_POINT('',(-30.78844044904,-22.5789595045,
    465.14155334272));
#2391 = CARTESIAN_POINT('',(-30.70963650237,-22.55480592009,
    465.06284683868));
#2392 = CARTESIAN_POINT('',(-30.66748126737,-22.54321299512,
    465.0182436433));
#2393 = CARTESIAN_POINT('',(-30.62590527055,-22.53328886721,
    464.97152948966));
#2394 = CARTESIAN_POINT('',(-30.58502455399,-22.52526529258,
    464.92258928949));
#2395 = CARTESIAN_POINT('',(-30.54501385649,-22.51942342033,
    464.87133576346));
#2396 = CARTESIAN_POINT('',(-30.50610379759,-22.51609001776,
    464.81771531997));
#2397 = CARTESIAN_POINT('',(-30.46857925157,-22.5156324243,
    464.76171303644));
#2398 = CARTESIAN_POINT('',(-30.42046983208,-22.51942175735,
    464.683292345));
#2399 = CARTESIAN_POINT('',(-30.40836842375,-22.52077844164,
    464.66295589552));
#2400 = CARTESIAN_POINT('',(-30.39649001365,-22.52253798397,
    464.64235179392));
#2401 = CARTESIAN_POINT('',(-30.38485139143,-22.52471624091,
    464.6214866121));
#2402 = CARTESIAN_POINT('',(-30.37347058023,-22.527328795,
    464.60036930702));
#2403 = CARTESIAN_POINT('',(-30.36236660757,-22.530390521,464.5790114337
    ));
#2404 = CARTESIAN_POINT('',(-30.35155927617,-22.53391515228,
    464.55742735802));
#2405 = CARTESIAN_POINT('',(-30.33534155245,-22.54009854937,
    464.52373626718));
#2406 = CARTESIAN_POINT('',(-30.3297086639,-22.54242381059,
    464.51177589204));
#2407 = CARTESIAN_POINT('',(-30.32417365127,-22.54489264131,
    464.49975624386));
#2408 = CARTESIAN_POINT('',(-30.31873989298,-22.54750683754,
    464.4876805053));
#2409 = CARTESIAN_POINT('',(-30.31341076385,-22.55026798074,
    464.47555214203));
#2410 = CARTESIAN_POINT('',(-30.30818963507,-22.55317743784,
    464.46337490272));
#2411 = CARTESIAN_POINT('',(-30.30307987423,-22.55623636123,
    464.45115281911));
#2412 = CARTESIAN_POINT('',(-30.28790743739,-22.56598471703,
    464.41390504227));
#2413 = CARTESIAN_POINT('',(-30.27820524517,-22.57314867418,
    464.38874915261));
#2414 = CARTESIAN_POINT('',(-30.26900771063,-22.58094433035,
    464.36346216671));
#2415 = CARTESIAN_POINT('',(-30.26034205954,-22.58937404896,
    464.33808605502));
#2416 = CARTESIAN_POINT('',(-30.25223274803,-22.59843509709,
    464.31266513034));
#2417 = CARTESIAN_POINT('',(-30.24470090918,-22.60811895576,
    464.28724604949));
#2418 = CARTESIAN_POINT('',(-30.23776379962,-22.61841063034,
    464.26187781499));
#2419 = CARTESIAN_POINT('',(-30.2239205303,-22.6422002729,
    464.20661885053));
#2420 = CARTESIAN_POINT('',(-30.21726125611,-22.65594089211,
    464.17676298219));
#2421 = CARTESIAN_POINT('',(-30.21147866331,-22.67047252854,
    464.1471318158));
#2422 = CARTESIAN_POINT('',(-30.206582381,-22.6857498394,464.11780291415
    ));
#2423 = CARTESIAN_POINT('',(-30.20257103317,-22.70172090149,
    464.08884446609));
#2424 = CARTESIAN_POINT('',(-30.19943384427,-22.71832868369,
    464.06031599399));
#2425 = CARTESIAN_POINT('',(-30.19715224479,-22.73551251938,
    464.03226906108));
#2426 = CARTESIAN_POINT('',(-30.19492986442,-22.76262202241,
    463.99011048337));
#2427 = CARTESIAN_POINT('',(-30.19439327305,-22.77218061192,
    463.97562037862));
#2428 = CARTESIAN_POINT('',(-30.19408779834,-22.78187642551,
    463.96128327778));
#2429 = CARTESIAN_POINT('',(-30.19400926243,-22.79170078231,
    463.9471040053));
#2430 = CARTESIAN_POINT('',(-30.19415321404,-22.80164524253,
    463.93308659692));
#2431 = CARTESIAN_POINT('',(-30.19451492843,-22.81170160744,
    463.91923429972));
#2432 = CARTESIAN_POINT('',(-30.19508940743,-22.82186191942,
    463.90554957211));
#2433 = CARTESIAN_POINT('',(-30.1975019527,-22.85350547306,
    463.86385149692));
#2434 = CARTESIAN_POINT('',(-30.20003504618,-22.87530953648,
    463.83640734463));
#2435 = CARTESIAN_POINT('',(-30.20342401989,-22.89746399069,
    463.8097139337));
#2436 = CARTESIAN_POINT('',(-30.20762114098,-22.91990780687,
    463.78377414306));
#2437 = CARTESIAN_POINT('',(-30.21257894113,-22.94258616792,
    463.75858281895));
#2438 = CARTESIAN_POINT('',(-30.21825157386,-22.96545104764,
    463.73412817009));
#2439 = CARTESIAN_POINT('',(-30.22459617181,-22.98846178975,
    463.71039316284));
#2440 = CARTESIAN_POINT('',(-30.24277996572,-23.04871949075,
    463.65036386777));
#2441 = CARTESIAN_POINT('',(-30.25561486405,-23.0861319763,
    463.61518529535));
#2442 = CARTESIAN_POINT('',(-30.26991951649,-23.12369421218,
    463.58172462348));
#2443 = CARTESIAN_POINT('',(-30.28555235239,-23.16129869572,
    463.54988780392));
#2444 = CARTESIAN_POINT('',(-30.30238963507,-23.19885890433,
    463.51958294482));
#2445 = CARTESIAN_POINT('',(-30.32032548385,-23.23630884683,
    463.49071993972));
#2446 = CARTESIAN_POINT('',(-30.33927189619,-23.2736026147,
    463.46321009653));
#2447 = CARTESIAN_POINT('',(-30.38003339498,-23.34966851673,
    463.40941791926));
#2448 = CARTESIAN_POINT('',(-30.40193750034,-23.38840913429,
    463.38327370871));
#2449 = CARTESIAN_POINT('',(-30.4247851135,-23.42689715318,
    463.35843682458));
#2450 = CARTESIAN_POINT('',(-30.44850231714,-23.46510013664,
    463.33482393753));
#2451 = CARTESIAN_POINT('',(-30.47302533793,-23.50299199445,
    463.31236097261));
#2452 = CARTESIAN_POINT('',(-30.49829935117,-23.54055298789,
    463.29098056549));
#2453 = CARTESIAN_POINT('',(-30.52427800105,-23.57776958952,
    463.27062070122));
#2454 = CARTESIAN_POINT('',(-30.57762654323,-23.65157804077,
    463.23178668099));
#2455 = CARTESIAN_POINT('',(-30.60499630561,-23.68816434231,
    463.21331867412));
#2456 = CARTESIAN_POINT('',(-30.63299295263,-23.72438287961,
    463.19576454511));
#2457 = CARTESIAN_POINT('',(-30.66158104706,-23.76022489045,
    463.17907474621));
#2458 = CARTESIAN_POINT('',(-30.69072935129,-23.79568313307,
    463.16320523097));
#2459 = CARTESIAN_POINT('',(-30.72041049288,-23.83075194638,
    463.14811653332));
#2460 = CARTESIAN_POINT('',(-30.7506006302,-23.86542731007,
    463.13377284665));
#2461 = CARTESIAN_POINT('',(-30.89905622633,-24.03130894322,
    463.0678077751));
#2462 = CARTESIAN_POINT('',(-31.02395678646,-24.15699436225,
    463.0260015613));
#2463 = CARTESIAN_POINT('',(-31.15489059413,-24.27673574664,
    462.99280921779));
#2464 = CARTESIAN_POINT('',(-31.29113705075,-24.39038782701,
    462.96722322874));
#2465 = CARTESIAN_POINT('',(-31.43210344363,-24.49785724312,
    462.94848042197));
#2466 = CARTESIAN_POINT('',(-31.57737664194,-24.59906137247,
    462.93614474168));
#2467 = CARTESIAN_POINT('',(-31.72667314451,-24.69394033661,
    462.92996351499));
#2468 = CARTESIAN_POINT('',(-32.03565755885,-24.87233238532,
    462.92996364746));
#2469 = CARTESIAN_POINT('',(-32.1951182193,-24.95542424245,
    462.93635153355));
#2470 = CARTESIAN_POINT('',(-32.35815492426,-25.031647272,
    462.94909668322));
#2471 = CARTESIAN_POINT('',(-32.52456924872,-25.10077406883,
    462.96847134972));
#2472 = CARTESIAN_POINT('',(-32.69406934583,-25.16247000175,
    462.99493853981));
#2473 = CARTESIAN_POINT('',(-32.86625256404,-25.21623384721,
    463.02932056145));
#2474 = CARTESIAN_POINT('',(-33.04059455436,-25.26147879727,
    463.0726907392));
#2475 = CARTESIAN_POINT('',(-33.26218304392,-25.30647477472,
    463.14128003817));
#2476 = CARTESIAN_POINT('',(-33.30798539098,-25.31511076411,
    463.15617286246));
#2477 = CARTESIAN_POINT('',(-33.35387009444,-25.32308347667,
    463.17184645889));
#2478 = CARTESIAN_POINT('',(-33.39982031902,-25.33037277054,
    463.18833951188));
#2479 = CARTESIAN_POINT('',(-33.44581560068,-25.33695602677,
    463.2056947026));
#2480 = CARTESIAN_POINT('',(-33.49183170697,-25.34280778419,
    463.22395975593));
#2481 = CARTESIAN_POINT('',(-33.53784049747,-25.34789937435,
    463.24318848748));
#2482 = CARTESIAN_POINT('',(-33.6291900222,-25.35644264892,
    463.2834356879));
#2483 = CARTESIAN_POINT('',(-33.67452615546,-25.35991390744,
    463.30442575374));
#2484 = CARTESIAN_POINT('',(-33.71979087089,-25.36258185952,
    463.32647211046));
#2485 = CARTESIAN_POINT('',(-33.76494627574,-25.36441110866,
    463.34964018963));
#2486 = CARTESIAN_POINT('',(-33.80994376967,-25.36536175607,
    463.37400092302));
#2487 = CARTESIAN_POINT('',(-33.85472364395,-25.36538905333,
    463.39963216886));
#2488 = CARTESIAN_POINT('',(-33.89921440766,-25.36444228595,
    463.42662143336));
#2489 = CARTESIAN_POINT('',(-33.99612850693,-25.36009408263,
    463.48911501268));
#2490 = CARTESIAN_POINT('',(-34.0483474034,-25.35624823872,
    463.5252222301));
#2491 = CARTESIAN_POINT('',(-34.09988575079,-25.35082742065,
    463.56358506938));
#2492 = CARTESIAN_POINT('',(-34.15055384178,-25.3437135348,
    463.60439587204));
#2493 = CARTESIAN_POINT('',(-34.20007671012,-25.33477599132,
    463.64784113182));
#2494 = CARTESIAN_POINT('',(-34.24809617898,-25.32387724771,
    463.69409639125));
#2495 = CARTESIAN_POINT('',(-34.29417328891,-25.31087623426,
    463.7433206944));
#2496 = CARTESIAN_POINT('',(-34.3525121203,-25.29048394213,
    463.81331194001));
#2497 = CARTESIAN_POINT('',(-34.36694822874,-25.28508408899,
    463.83132133965));
#2498 = CARTESIAN_POINT('',(-34.38107770959,-25.27942567127,
    463.84968094947));
#2499 = CARTESIAN_POINT('',(-34.39487698527,-25.27350477192,
    463.86839115404));
#2500 = CARTESIAN_POINT('',(-34.40832097281,-25.26731820401,
    463.88745023536));
#2501 = CARTESIAN_POINT('',(-34.42138343491,-25.2608637273,
    463.90685404025));
#2502 = CARTESIAN_POINT('',(-34.43403733097,-25.25414026494,
    463.92659564781));
#2503 = CARTESIAN_POINT('',(-34.45292568519,-25.24333065049,
    463.95762222992));
#2504 = CARTESIAN_POINT('',(-34.45946622291,-25.23943312853,
    463.96867704736));
#2505 = CARTESIAN_POINT('',(-34.46587221452,-25.2354556095,
    463.97982780945));
#2506 = CARTESIAN_POINT('',(-34.47213912893,-25.23139830303,
    463.99107251975));
#2507 = CARTESIAN_POINT('',(-34.47826247077,-25.22726157313,
    464.00240886497));
#2508 = CARTESIAN_POINT('',(-34.48423778037,-25.22304593814,
    464.01383421506));
#2509 = CARTESIAN_POINT('',(-34.49006063377,-25.21875207073,
    464.02534562311));
#2510 = CARTESIAN_POINT('',(-34.50744149636,-25.20534289823,
    464.06091161662));
#2511 = CARTESIAN_POINT('',(-34.51848721832,-25.19597319203,
    464.08523980025));
#2512 = CARTESIAN_POINT('',(-34.52882388913,-25.18628032274,
    464.10989222559));
#2513 = CARTESIAN_POINT('',(-34.53841521192,-25.17627533373,
    464.13483294868));
#2514 = CARTESIAN_POINT('',(-34.54722938847,-25.16597193413,
    464.16002195734));
#2515 = CARTESIAN_POINT('',(-34.55523999531,-25.1553867646,
    464.18541489619));
#2516 = CARTESIAN_POINT('',(-34.56242685977,-25.14453966305,
    464.2109627916));
#2517 = CARTESIAN_POINT('',(-34.57620570593,-25.1204850537,
    464.26661777976));
#2518 = CARTESIAN_POINT('',(-34.58249096003,-25.10718651684,
    464.2967691999));
#2519 = CARTESIAN_POINT('',(-34.58761082941,-25.09359619207,
    464.32697840535));
#2520 = CARTESIAN_POINT('',(-34.59156063245,-25.07975206132,
    464.3571633907));
#2521 = CARTESIAN_POINT('',(-34.59435058952,-25.06569189244,
    464.38724771744));
#2522 = CARTESIAN_POINT('',(-34.59600353766,-25.05145291545,
    464.41716045462));
#2523 = CARTESIAN_POINT('',(-34.59655264523,-25.03707149869,
    464.44683611939));
#2524 = CARTESIAN_POINT('',(-34.59576581586,-25.01487149732,
    464.49185077828));
#2525 = CARTESIAN_POINT('',(-34.59519136684,-25.00712903993,
    464.50740425208));
#2526 = CARTESIAN_POINT('',(-34.59432215128,-24.99936025715,
    464.52286705604));
#2527 = CARTESIAN_POINT('',(-34.59316484772,-24.99156964357,
    464.53823196174));
#2528 = CARTESIAN_POINT('',(-34.59172644159,-24.98376138414,
    464.55349249532));
#2529 = CARTESIAN_POINT('',(-34.59001422515,-24.97593935415,
    464.56864293753));
#2530 = CARTESIAN_POINT('',(-34.58803579755,-24.96810711926,
    464.58367832363));
#2531 = CARTESIAN_POINT('',(-34.58113129963,-24.94390859692,
    464.62972241045));
#2532 = CARTESIAN_POINT('',(-34.57533834767,-24.92752028503,
    464.66032833145));
#2533 = CARTESIAN_POINT('',(-34.56849018871,-24.91113048278,
    464.69037748514));
#2534 = CARTESIAN_POINT('',(-34.56065722024,-24.89476200894,
    464.71984521347));
#2535 = CARTESIAN_POINT('',(-34.55190848834,-24.87843316476,
    464.74871592457));
#2536 = CARTESIAN_POINT('',(-34.54230991853,-24.86215788084,
    464.77698209571));
#2537 = CARTESIAN_POINT('',(-34.53192254665,-24.8459458638,
    464.80464327623));
#2538 = CARTESIAN_POINT('',(-34.50291290491,-24.80383880595,
    464.87523020934));
#2539 = CARTESIAN_POINT('',(-34.48313207407,-24.77806222358,
    464.917189886));
#2540 = CARTESIAN_POINT('',(-34.4616838458,-24.75249053746,
    464.95761815991));
#2541 = CARTESIAN_POINT('',(-34.4387667913,-24.72713500723,
    464.99655514975));
#2542 = CARTESIAN_POINT('',(-34.41455297279,-24.70200024101,
    465.03404696842));
#2543 = CARTESIAN_POINT('',(-34.38918845175,-24.67708382565,
    465.07014563808));
#2544 = CARTESIAN_POINT('',(-34.36279379732,-24.65237595696,
    465.10490900517));
#2545 = CARTESIAN_POINT('',(-34.30671192184,-24.60206519538,
    465.17363675336));
#2546 = CARTESIAN_POINT('',(-34.27693427746,-24.57649132293,
    465.20745320692));
#2547 = CARTESIAN_POINT('',(-34.24624970796,-24.55112230868,
    465.23991719342));
#2548 = CARTESIAN_POINT('',(-34.21475926261,-24.52594496176,
    465.27108730522));
#2549 = CARTESIAN_POINT('',(-34.18254957927,-24.50094678324,
    465.30101674401));
#2550 = CARTESIAN_POINT('',(-34.14969465288,-24.47611500868,
    465.32975538678));
#2551 = CARTESIAN_POINT('',(-34.1162567869,-24.45143595427,
    465.35735072374));
#2552 = CARTESIAN_POINT('',(-34.03736973573,-24.39444489058,
    465.41888331611));
#2553 = CARTESIAN_POINT('',(-33.99153031787,-24.36224170333,
    465.45199247229));
#2554 = CARTESIAN_POINT('',(-33.94489041999,-24.33025328212,
    465.48327706036));
#2555 = CARTESIAN_POINT('',(-33.89755276151,-24.29845392082,
    465.51282214743));
#2556 = CARTESIAN_POINT('',(-33.84960419016,-24.26682165155,
    465.54070132741));
#2557 = CARTESIAN_POINT('',(-33.80111800419,-24.23533648827,
    465.56698025997));
#2558 = CARTESIAN_POINT('',(-33.75215524176,-24.20397929213,
    465.59171836495));
#2559 = CARTESIAN_POINT('',(-33.57171041279,-24.08981627679,
    465.67666211709));
#2560 = CARTESIAN_POINT('',(-33.43771414953,-24.00771290535,
    465.72784861643));
#2561 = CARTESIAN_POINT('',(-33.30168524891,-23.92605862193,
    465.76954726892));
#2562 = CARTESIAN_POINT('',(-33.16425311576,-23.84469069642,
    465.80233736832));
#2563 = CARTESIAN_POINT('',(-33.02590122723,-23.76351790179,
    465.82665539296));
#2564 = CARTESIAN_POINT('',(-32.88696481651,-23.68251570563,
    465.84277215998));
#2565 = CARTESIAN_POINT('',(-32.74766553329,-23.60169675661,
    465.8508409496));
#2566 = CARTESIAN_POINT('',(-32.60809805287,-23.52111743423,
    465.8508409496));
#2567 = PCURVE('',#976,#2568);
#2568 = DEFINITIONAL_REPRESENTATION('',(#2569),#2768);
#2569 = B_SPLINE_CURVE_WITH_KNOTS('',8,(#2570,#2571,#2572,#2573,#2574,
    #2575,#2576,#2577,#2578,#2579,#2580,#2581,#2582,#2583,#2584,#2585,
    #2586,#2587,#2588,#2589,#2590,#2591,#2592,#2593,#2594,#2595,#2596,
    #2597,#2598,#2599,#2600,#2601,#2602,#2603,#2604,#2605,#2606,#2607,
    #2608,#2609,#2610,#2611,#2612,#2613,#2614,#2615,#2616,#2617,#2618,
    #2619,#2620,#2621,#2622,#2623,#2624,#2625,#2626,#2627,#2628,#2629,
    #2630,#2631,#2632,#2633,#2634,#2635,#2636,#2637,#2638,#2639,#2640,
    #2641,#2642,#2643,#2644,#2645,#2646,#2647,#2648,#2649,#2650,#2651,
    #2652,#2653,#2654,#2655,#2656,#2657,#2658,#2659,#2660,#2661,#2662,
    #2663,#2664,#2665,#2666,#2667,#2668,#2669,#2670,#2671,#2672,#2673,
    #2674,#2675,#2676,#2677,#2678,#2679,#2680,#2681,#2682,#2683,#2684,
    #2685,#2686,#2687,#2688,#2689,#2690,#2691,#2692,#2693,#2694,#2695,
    #2696,#2697,#2698,#2699,#2700,#2701,#2702,#2703,#2704,#2705,#2706,
    #2707,#2708,#2709,#2710,#2711,#2712,#2713,#2714,#2715,#2716,#2717,
    #2718,#2719,#2720,#2721,#2722,#2723,#2724,#2725,#2726,#2727,#2728,
    #2729,#2730,#2731,#2732,#2733,#2734,#2735,#2736,#2737,#2738,#2739,
    #2740,#2741,#2742,#2743,#2744,#2745,#2746,#2747,#2748,#2749,#2750,
    #2751,#2752,#2753,#2754,#2755,#2756,#2757,#2758,#2759,#2760,#2761,
    #2762,#2763,#2764,#2765,#2766,#2767),.UNSPECIFIED.,.T.,.F.,(9,7,7,7,
    7,7,7,7,7,7,7,7,7,7,7,7,7,7,7,7,7,7,7,7,7,7,7,7,9),(0.,
    0.112897359205,0.15143735374,0.181745342387,0.217555934577,
    0.229868539101,0.236590817463,0.250287508577,0.266546640319,
    0.27519430056,0.293226459666,0.322183631118,0.352579062648,
    0.383039824754,0.499981066974,0.618859083746,0.649752069103,
    0.680249192938,0.716746022845,0.729063704444,0.735788733118,
    0.749693181075,0.765959591094,0.77461708605,0.792684131592,
    0.82174243118,0.852314262642,0.892737939671,1.),.UNSPECIFIED.);
#2570 = CARTESIAN_POINT('',(5.235987755983,0.758247578297));
#2571 = CARTESIAN_POINT('',(5.277771312573,0.758247578297));
#2572 = CARTESIAN_POINT('',(5.319475917893,0.756042827414));
#2573 = CARTESIAN_POINT('',(5.360855555171,0.751645921845));
#2574 = CARTESIAN_POINT('',(5.401642485717,0.745042003613));
#2575 = CARTESIAN_POINT('',(5.441537677393,0.736191142045));
#2576 = CARTESIAN_POINT('',(5.480229566511,0.725040380932));
#2577 = CARTESIAN_POINT('',(5.517403932381,0.711513727007));
#2578 = CARTESIAN_POINT('',(5.564759368202,0.689964087725));
#2579 = CARTESIAN_POINT('',(5.576592049102,0.684184417736));
#2580 = CARTESIAN_POINT('',(5.588192179848,0.678102756025));
#2581 = CARTESIAN_POINT('',(5.59954434202,0.671711715521));
#2582 = CARTESIAN_POINT('',(5.610631346317,0.665003144524));
#2583 = CARTESIAN_POINT('',(5.621434165444,0.657967835503));
#2584 = CARTESIAN_POINT('',(5.6319316789,0.650594909649));
#2585 = CARTESIAN_POINT('',(5.65009681413,0.636796670581));
#2586 = CARTESIAN_POINT('',(5.65788878299,0.63050620465));
#2587 = CARTESIAN_POINT('',(5.665465237098,0.623992656965));
#2588 = CARTESIAN_POINT('',(5.672812909336,0.617248989571));
#2589 = CARTESIAN_POINT('',(5.679916318903,0.610268001411));
#2590 = CARTESIAN_POINT('',(5.686757743384,0.603042141977));
#2591 = CARTESIAN_POINT('',(5.693317008631,0.595563086144));
#2592 = CARTESIAN_POINT('',(5.706960652713,0.57867344322));
#2593 = CARTESIAN_POINT('',(5.713918426993,0.56916576829));
#2594 = CARTESIAN_POINT('',(5.720412810847,0.559276437761));
#2595 = CARTESIAN_POINT('',(5.726397045317,0.548989313452));
#2596 = CARTESIAN_POINT('',(5.731811782505,0.538294814895));
#2597 = CARTESIAN_POINT('',(5.736587293143,0.527190680159));
#2598 = CARTESIAN_POINT('',(5.74064532015,0.515682399284));
#2599 = CARTESIAN_POINT('',(5.745019819768,0.499692110301));
#2600 = CARTESIAN_POINT('',(5.746043808577,0.495555972524));
#2601 = CARTESIAN_POINT('',(5.746969025225,0.491376104369));
#2602 = CARTESIAN_POINT('',(5.747791842388,0.487154126289));
#2603 = CARTESIAN_POINT('',(5.748508618156,0.482892113471));
#2604 = CARTESIAN_POINT('',(5.749115789398,0.478592627492));
#2605 = CARTESIAN_POINT('',(5.749609965135,0.474258747983));
#2606 = CARTESIAN_POINT('',(5.750194425409,0.467511151946));
#2607 = CARTESIAN_POINT('',(5.750366223983,0.465119042871));
#2608 = CARTESIAN_POINT('',(5.750502895452,0.462718382628));
#2609 = CARTESIAN_POINT('',(5.750603959044,0.460309827162));
#2610 = CARTESIAN_POINT('',(5.750668973383,0.45789408281));
#2611 = CARTESIAN_POINT('',(5.750697536492,0.455471906294));
#2612 = CARTESIAN_POINT('',(5.75068928579,0.453044104725));
#2613 = CARTESIAN_POINT('',(5.750551420329,0.445655158295));
#2614 = CARTESIAN_POINT('',(5.750304784983,0.440678495966));
#2615 = CARTESIAN_POINT('',(5.749901340467,0.43568942105));
#2616 = CARTESIAN_POINT('',(5.749339420478,0.430696140101));
#2617 = CARTESIAN_POINT('',(5.748618470281,0.42570719392));
#2618 = CARTESIAN_POINT('',(5.747739172991,0.420731457686));
#2619 = CARTESIAN_POINT('',(5.746703575859,0.41577814109));
#2620 = CARTESIAN_POINT('',(5.744104533466,0.40501472632));
#2621 = CARTESIAN_POINT('',(5.742478239454,0.399216356617));
#2622 = CARTESIAN_POINT('',(5.740642245132,0.393477991191));
#2623 = CARTESIAN_POINT('',(5.738604717935,0.387813754269));
#2624 = CARTESIAN_POINT('',(5.736375670977,0.382235780446));
#2625 = CARTESIAN_POINT('',(5.733966551928,0.376754412663));
#2626 = CARTESIAN_POINT('',(5.731389831871,0.371378400179));
#2627 = CARTESIAN_POINT('',(5.727205944917,0.363315730486));
#2628 = CARTESIAN_POINT('',(5.72570943381,0.360547987747));
#2629 = CARTESIAN_POINT('',(5.724170960837,0.357812769208));
#2630 = CARTESIAN_POINT('',(5.722592394573,0.355110827544));
#2631 = CARTESIAN_POINT('',(5.720975572186,0.352442767227));
#2632 = CARTESIAN_POINT('',(5.719322299436,0.349809044525));
#2633 = CARTESIAN_POINT('',(5.717634350673,0.347209967502));
#2634 = CARTESIAN_POINT('',(5.71232507451,0.339298659929));
#2635 = CARTESIAN_POINT('',(5.708593684221,0.334103458159));
#2636 = CARTESIAN_POINT('',(5.704734485037,0.329061017564));
#2637 = CARTESIAN_POINT('',(5.700761606743,0.32417058357));
#2638 = CARTESIAN_POINT('',(5.696687960449,0.319429990695));
#2639 = CARTESIAN_POINT('',(5.692525077197,0.314835933075));
#2640 = CARTESIAN_POINT('',(5.688282946562,0.310384234984));
#2641 = CARTESIAN_POINT('',(5.677043622871,0.299142247262));
#2642 = CARTESIAN_POINT('',(5.669936896001,0.292571504023));
#2643 = CARTESIAN_POINT('',(5.662682817285,0.286336199342));
#2644 = CARTESIAN_POINT('',(5.655309257597,0.280415809344));
#2645 = CARTESIAN_POINT('',(5.647839000411,0.274790800359));
#2646 = CARTESIAN_POINT('',(5.640289926169,0.269442450706));
#2647 = CARTESIAN_POINT('',(5.632675196647,0.264352672471));
#2648 = CARTESIAN_POINT('',(5.616950637114,0.254414159412));
#2649 = CARTESIAN_POINT('',(5.608837636162,0.249591677397));
#2650 = CARTESIAN_POINT('',(5.600676091729,0.245016951127));
#2651 = CARTESIAN_POINT('',(5.592475704828,0.240673296622));
#2652 = CARTESIAN_POINT('',(5.584244386245,0.236545999897));
#2653 = CARTESIAN_POINT('',(5.575988363494,0.23262177792));
#2654 = CARTESIAN_POINT('',(5.567712230721,0.228888482685));
#2655 = CARTESIAN_POINT('',(5.551107827145,0.221773976525));
#2656 = CARTESIAN_POINT('',(5.542780398111,0.218393903961));
#2657 = CARTESIAN_POINT('',(5.534440229759,0.215183923087));
#2658 = CARTESIAN_POINT('',(5.526090358235,0.212134419807));
#2659 = CARTESIAN_POINT('',(5.517733287142,0.209236885393));
#2660 = CARTESIAN_POINT('',(5.509370994172,0.206483728333));
#2661 = CARTESIAN_POINT('',(5.501004937736,0.203868086178));
#2662 = CARTESIAN_POINT('',(5.460507302851,0.19184564463));
#2663 = CARTESIAN_POINT('',(5.428357343691,0.184247487702));
#2664 = CARTESIAN_POINT('',(5.396216394245,0.178224084872));
#2665 = CARTESIAN_POINT('',(5.364110420834,0.173586268685));
#2666 = CARTESIAN_POINT('',(5.332050326594,0.170190942123));
#2667 = CARTESIAN_POINT('',(5.300030410281,0.16795716156));
#2668 = CARTESIAN_POINT('',(5.268026351716,0.166837821448));
#2669 = CARTESIAN_POINT('',(5.203417753974,0.166837845436));
#2670 = CARTESIAN_POINT('',(5.170886934368,0.16799461025));
#2671 = CARTESIAN_POINT('',(5.138339390686,0.170302532144));
#2672 = CARTESIAN_POINT('',(5.105748855831,0.173812378584));
#2673 = CARTESIAN_POINT('',(5.073109483563,0.178610054361));
#2674 = CARTESIAN_POINT('',(5.040433898589,0.184849808471));
#2675 = CARTESIAN_POINT('',(5.007751584504,0.192733163626));
#2676 = CARTESIAN_POINT('',(4.966611230725,0.205237145993));
#2677 = CARTESIAN_POINT('',(4.958128709261,0.20795370126));
#2678 = CARTESIAN_POINT('',(4.949650666883,0.210814476699));
#2679 = CARTESIAN_POINT('',(4.941178743543,0.213826894341));
#2680 = CARTESIAN_POINT('',(4.932715172352,0.216999174595));
#2681 = CARTESIAN_POINT('',(4.924262789288,0.220340550618));
#2682 = CARTESIAN_POINT('',(4.915825042891,0.223861482691));
#2683 = CARTESIAN_POINT('',(4.899094846279,0.231238692075));
#2684 = CARTESIAN_POINT('',(4.890802947157,0.235089673123));
#2685 = CARTESIAN_POINT('',(4.882533549575,0.239138529066));
#2686 = CARTESIAN_POINT('',(4.87429173195,0.243398105457));
#2687 = CARTESIAN_POINT('',(4.866084398661,0.247882425951));
#2688 = CARTESIAN_POINT('',(4.857920338297,0.252607005192));
#2689 = CARTESIAN_POINT('',(4.849810349645,0.257589428709));
#2690 = CARTESIAN_POINT('',(4.832142236852,0.269145923646));
#2691 = CARTESIAN_POINT('',(4.822620965162,0.275835164461));
#2692 = CARTESIAN_POINT('',(4.813218299218,0.282956756292));
#2693 = CARTESIAN_POINT('',(4.803964642403,0.290550168855));
#2694 = CARTESIAN_POINT('',(4.79490567273,0.298654868832));
#2695 = CARTESIAN_POINT('',(4.786102345644,0.307309671813));
#2696 = CARTESIAN_POINT('',(4.777631349515,0.316552084908));
#2697 = CARTESIAN_POINT('',(4.7668707127,0.329747265289));
#2698 = CARTESIAN_POINT('',(4.764204779013,0.333146797918));
#2699 = CARTESIAN_POINT('',(4.761592147066,0.33661701374));
#2700 = CARTESIAN_POINT('',(4.759037126444,0.340158382672));
#2701 = CARTESIAN_POINT('',(4.756544347689,0.343771000836));
#2702 = CARTESIAN_POINT('',(4.754118707983,0.34745452268));
#2703 = CARTESIAN_POINT('',(4.751765316822,0.351208093094));
#2704 = CARTESIAN_POINT('',(4.748246892494,0.357117061294));
#2705 = CARTESIAN_POINT('',(4.747027449509,0.359224279964));
#2706 = CARTESIAN_POINT('',(4.745831986399,0.361351693893));
#2707 = CARTESIAN_POINT('',(4.744661377669,0.363499000774));
#2708 = CARTESIAN_POINT('',(4.743516498674,0.365665837646));
#2709 = CARTESIAN_POINT('',(4.742398225619,0.367851780888));
#2710 = CARTESIAN_POINT('',(4.741307435561,0.370056346222));
#2711 = CARTESIAN_POINT('',(4.738048362844,0.376874451173));
#2712 = CARTESIAN_POINT('',(4.735972708893,0.381547660815));
#2713 = CARTESIAN_POINT('',(4.734026011913,0.386293156265));
#2714 = CARTESIAN_POINT('',(4.732215732602,0.391104727043));
#2715 = CARTESIAN_POINT('',(4.730548646824,0.395975332371));
#2716 = CARTESIAN_POINT('',(4.729030667449,0.400897019987));
#2717 = CARTESIAN_POINT('',(4.727666666184,0.405860844953));
#2718 = CARTESIAN_POINT('',(4.725048997267,0.416701397749));
#2719 = CARTESIAN_POINT('',(4.723853101202,0.42259133735));
#2720 = CARTESIAN_POINT('',(4.722878624,0.428510309701));
#2721 = CARTESIAN_POINT('',(4.722128530988,0.434442861216));
#2722 = CARTESIAN_POINT('',(4.721603078783,0.44037437756));
#2723 = CARTESIAN_POINT('',(4.721300158046,0.446291078927));
#2724 = CARTESIAN_POINT('',(4.721215636228,0.452180015312));
#2725 = CARTESIAN_POINT('',(4.721411860061,0.461142108259));
#2726 = CARTESIAN_POINT('',(4.721540264013,0.464244154589));
#2727 = CARTESIAN_POINT('',(4.721728011433,0.467333585823));
#2728 = CARTESIAN_POINT('',(4.721974130463,0.470408924207));
#2729 = CARTESIAN_POINT('',(4.722277578125,0.473468829191));
#2730 = CARTESIAN_POINT('',(4.722637240328,0.476512097425));
#2731 = CARTESIAN_POINT('',(4.723051931863,0.479537662759));
#2732 = CARTESIAN_POINT('',(4.724498019876,0.488819668253));
#2733 = CARTESIAN_POINT('',(4.725709857569,0.495013077081));
#2734 = CARTESIAN_POINT('',(4.727144857429,0.50111712073));
#2735 = CARTESIAN_POINT('',(4.728791583176,0.507125949272));
#2736 = CARTESIAN_POINT('',(4.73063858224,0.513035417526));
#2737 = CARTESIAN_POINT('',(4.732674753692,0.51884293775));
#2738 = CARTESIAN_POINT('',(4.734889716175,0.524547332317));
#2739 = CARTESIAN_POINT('',(4.74110924355,0.53915767599));
#2740 = CARTESIAN_POINT('',(4.745381316722,0.547897013049));
#2741 = CARTESIAN_POINT('',(4.750051980668,0.556369154669));
#2742 = CARTESIAN_POINT('',(4.755086612036,0.564577860757));
#2743 = CARTESIAN_POINT('',(4.760454604479,0.572528268962));
#2744 = CARTESIAN_POINT('',(4.766129594325,0.580226969606));
#2745 = CARTESIAN_POINT('',(4.772089686251,0.587682080608));
#2746 = CARTESIAN_POINT('',(4.78487006316,0.602500690132));
#2747 = CARTESIAN_POINT('',(4.791716835872,0.609836600608));
#2748 = CARTESIAN_POINT('',(4.798836387903,0.616920834063));
#2749 = CARTESIAN_POINT('',(4.806209740175,0.623761690004));
#2750 = CARTESIAN_POINT('',(4.813820175234,0.630366625737));
#2751 = CARTESIAN_POINT('',(4.821653034813,0.636742669253));
#2752 = CARTESIAN_POINT('',(4.82969568344,0.642896606486));
#2753 = CARTESIAN_POINT('',(4.84883558226,0.656686922488));
#2754 = CARTESIAN_POINT('',(4.860080036561,0.664160581902));
#2755 = CARTESIAN_POINT('',(4.871645569627,0.671270499097));
#2756 = CARTESIAN_POINT('',(4.883509401211,0.678028307422));
#2757 = CARTESIAN_POINT('',(4.895650916311,0.684443757617));
#2758 = CARTESIAN_POINT('',(4.90805138751,0.690525410712));
#2759 = CARTESIAN_POINT('',(4.920693905539,0.696280961866));
#2760 = CARTESIAN_POINT('',(4.967712345053,0.716141948842));
#2761 = CARTESIAN_POINT('',(5.003442261338,0.728311026605));
#2762 = CARTESIAN_POINT('',(5.040474321385,0.738357320047));
#2763 = CARTESIAN_POINT('',(5.078545973491,0.746338993921));
#2764 = CARTESIAN_POINT('',(5.117389106361,0.752299059539));
#2765 = CARTESIAN_POINT('',(5.156740880545,0.756263053755));
#2766 = CARTESIAN_POINT('',(5.196350486559,0.758247578297));
#2767 = CARTESIAN_POINT('',(5.235987755983,0.758247578297));
#2768 = ( GEOMETRIC_REPRESENTATION_CONTEXT(2) 
PARAMETRIC_REPRESENTATION_CONTEXT() REPRESENTATION_CONTEXT('2D SPACE',''
  ) );
#2769 = PCURVE('',#2770,#2775);
#2770 = CYLINDRICAL_SURFACE('',#2771,4.);
#2771 = AXIS2_PLACEMENT_3D('',#2772,#2773,#2774);
#2772 = CARTESIAN_POINT('',(-25.41373485452,-23.98212002188,466.02));
#2773 = DIRECTION('',(-0.866025403784,-0.5,0.));
#2774 = DIRECTION('',(0.5,-0.866025403784,0.));
#2775 = DEFINITIONAL_REPRESENTATION('',(#2776),#2975);
#2776 = B_SPLINE_CURVE_WITH_KNOTS('',8,(#2777,#2778,#2779,#2780,#2781,
    #2782,#2783,#2784,#2785,#2786,#2787,#2788,#2789,#2790,#2791,#2792,
    #2793,#2794,#2795,#2796,#2797,#2798,#2799,#2800,#2801,#2802,#2803,
    #2804,#2805,#2806,#2807,#2808,#2809,#2810,#2811,#2812,#2813,#2814,
    #2815,#2816,#2817,#2818,#2819,#2820,#2821,#2822,#2823,#2824,#2825,
    #2826,#2827,#2828,#2829,#2830,#2831,#2832,#2833,#2834,#2835,#2836,
    #2837,#2838,#2839,#2840,#2841,#2842,#2843,#2844,#2845,#2846,#2847,
    #2848,#2849,#2850,#2851,#2852,#2853,#2854,#2855,#2856,#2857,#2858,
    #2859,#2860,#2861,#2862,#2863,#2864,#2865,#2866,#2867,#2868,#2869,
    #2870,#2871,#2872,#2873,#2874,#2875,#2876,#2877,#2878,#2879,#2880,
    #2881,#2882,#2883,#2884,#2885,#2886,#2887,#2888,#2889,#2890,#2891,
    #2892,#2893,#2894,#2895,#2896,#2897,#2898,#2899,#2900,#2901,#2902,
    #2903,#2904,#2905,#2906,#2907,#2908,#2909,#2910,#2911,#2912,#2913,
    #2914,#2915,#2916,#2917,#2918,#2919,#2920,#2921,#2922,#2923,#2924,
    #2925,#2926,#2927,#2928,#2929,#2930,#2931,#2932,#2933,#2934,#2935,
    #2936,#2937,#2938,#2939,#2940,#2941,#2942,#2943,#2944,#2945,#2946,
    #2947,#2948,#2949,#2950,#2951,#2952,#2953,#2954,#2955,#2956,#2957,
    #2958,#2959,#2960,#2961,#2962,#2963,#2964,#2965,#2966,#2967,#2968,
    #2969,#2970,#2971,#2972,#2973,#2974),.UNSPECIFIED.,.F.,.F.,(9,7,7,7,
    7,7,7,7,7,7,7,7,7,7,7,7,7,7,7,7,7,7,7,7,7,7,7,7,9),(0.,
    0.112897359205,0.15143735374,0.181745342387,0.217555934577,
    0.229868539101,0.236590817463,0.250287508577,0.266546640319,
    0.27519430056,0.293226459666,0.322183631118,0.352579062648,
    0.383039824754,0.499981066974,0.618859083746,0.649752069103,
    0.680249192938,0.716746022845,0.729063704444,0.735788733118,
    0.749693181075,0.765959591094,0.77461708605,0.792684131592,
    0.82174243118,0.852314262642,0.892737939671,1.),.UNSPECIFIED.);
#2777 = CARTESIAN_POINT('',(3.183895031682,6.));
#2778 = CARTESIAN_POINT('',(3.183895031682,5.830114903175));
#2779 = CARTESIAN_POINT('',(3.186137757891,5.66055096717));
#2780 = CARTESIAN_POINT('',(3.190611781231,5.491340386249));
#2781 = CARTESIAN_POINT('',(3.197357188862,5.322621298553));
#2782 = CARTESIAN_POINT('',(3.206470745057,5.154690534425));
#2783 = CARTESIAN_POINT('',(3.218090771852,4.98798891902));
#2784 = CARTESIAN_POINT('',(3.232412164583,4.823109306097));
#2785 = CARTESIAN_POINT('',(3.255711517936,4.605549789503));
#2786 = CARTESIAN_POINT('',(3.261995849156,4.550499999943));
#2787 = CARTESIAN_POINT('',(3.268648867182,4.495800431106));
#2788 = CARTESIAN_POINT('',(3.275686207904,4.441493082461));
#2789 = CARTESIAN_POINT('',(3.283125252631,4.38762965411));
#2790 = CARTESIAN_POINT('',(3.290985632372,4.334272069498));
#2791 = CARTESIAN_POINT('',(3.299290210756,4.28149353981));
#2792 = CARTESIAN_POINT('',(3.314968286513,4.188398030969));
#2793 = CARTESIAN_POINT('',(3.322160785688,4.147833253258));
#2794 = CARTESIAN_POINT('',(3.32965771741,4.107724933338));
#2795 = CARTESIAN_POINT('',(3.337473716831,4.068123907772));
#2796 = CARTESIAN_POINT('',(3.345624366649,4.029092654421));
#2797 = CARTESIAN_POINT('',(3.354126543932,3.990705812851));
#2798 = CARTESIAN_POINT('',(3.362999127092,3.953051324031));
#2799 = CARTESIAN_POINT('',(3.383211105567,3.872728312094));
#2800 = CARTESIAN_POINT('',(3.394697451193,3.830424345192));
#2801 = CARTESIAN_POINT('',(3.406765617172,3.789456411802));
#2802 = CARTESIAN_POINT('',(3.419454579107,3.750040885421));
#2803 = CARTESIAN_POINT('',(3.432798500152,3.712469668844));
#2804 = CARTESIAN_POINT('',(3.446825624683,3.677105868085));
#2805 = CARTESIAN_POINT('',(3.461557336402,3.644379861235));
#2806 = CARTESIAN_POINT('',(3.482319504347,3.604610548321));
#2807 = CARTESIAN_POINT('',(3.487714897674,3.594808763432));
#2808 = CARTESIAN_POINT('',(3.493193237188,3.585401529689));
#2809 = CARTESIAN_POINT('',(3.498753670219,3.576411315654));
#2810 = CARTESIAN_POINT('',(3.504394742468,3.567861521087));
#2811 = CARTESIAN_POINT('',(3.510114325396,3.559776061676));
#2812 = CARTESIAN_POINT('',(3.515909543604,3.552178953772));
#2813 = CARTESIAN_POINT('',(3.524979978446,3.541225691589));
#2814 = CARTESIAN_POINT('',(3.528204677896,3.537510097621));
#2815 = CARTESIAN_POINT('',(3.531450182606,3.533951051431));
#2816 = CARTESIAN_POINT('',(3.534715794261,3.530552376828));
#2817 = CARTESIAN_POINT('',(3.538000734193,3.52731778722));
#2818 = CARTESIAN_POINT('',(3.541304143382,3.524250885614));
#2819 = CARTESIAN_POINT('',(3.544625082454,3.521355164611));
#2820 = CARTESIAN_POINT('',(3.554762608793,3.513089626772));
#2821 = CARTESIAN_POINT('',(3.561631893787,3.508269260414));
#2822 = CARTESIAN_POINT('',(3.568560886421,3.504201789933));
#2823 = CARTESIAN_POINT('',(3.575539328455,3.500911975256));
#2824 = CARTESIAN_POINT('',(3.582556152068,3.498419629544));
#2825 = CARTESIAN_POINT('',(3.589599428283,3.496738795103));
#2826 = CARTESIAN_POINT('',(3.596656315381,3.495876919286));
#2827 = CARTESIAN_POINT('',(3.612089897987,3.495783117663));
#2828 = CARTESIAN_POINT('',(3.620468451669,3.496886326639));
#2829 = CARTESIAN_POINT('',(3.62882512256,3.499144272589));
#2830 = CARTESIAN_POINT('',(3.63713852979,3.502542623157));
#2831 = CARTESIAN_POINT('',(3.645389319132,3.507054225082));
#2832 = CARTESIAN_POINT('',(3.653560024711,3.512641230896));
#2833 = CARTESIAN_POINT('',(3.66163493071,3.519257225632));
#2834 = CARTESIAN_POINT('',(3.673836237658,3.530887339291));
#2835 = CARTESIAN_POINT('',(3.678041852971,3.535201932287));
#2836 = CARTESIAN_POINT('',(3.682214956179,3.539785290221));
#2837 = CARTESIAN_POINT('',(3.686353930228,3.54462945453));
#2838 = CARTESIAN_POINT('',(3.690457363838,3.549726350387));
#2839 = CARTESIAN_POINT('',(3.694524051512,3.555067786697));
#2840 = CARTESIAN_POINT('',(3.698552993531,3.560645456098));
#2841 = CARTESIAN_POINT('',(3.710864209835,3.5785565584));
#2842 = CARTESIAN_POINT('',(3.71901672378,3.591652313423));
#2843 = CARTESIAN_POINT('',(3.726994640329,3.605664477848));
#2844 = CARTESIAN_POINT('',(3.734794217531,3.62052119942));
#2845 = CARTESIAN_POINT('',(3.742413966515,3.636153960832));
#2846 = CARTESIAN_POINT('',(3.749854349073,3.652499044743));
#2847 = CARTESIAN_POINT('',(3.75711747523,3.669498998795));
#2848 = CARTESIAN_POINT('',(3.775591284268,3.715375476762));
#2849 = CARTESIAN_POINT('',(3.786523705065,3.745197067538));
#2850 = CARTESIAN_POINT('',(3.797021237996,3.776366377887));
#2851 = CARTESIAN_POINT('',(3.807101250772,3.808707052682));
#2852 = CARTESIAN_POINT('',(3.816781460936,3.842068671515));
#2853 = CARTESIAN_POINT('',(3.826080092752,3.876326543448));
#2854 = CARTESIAN_POINT('',(3.835016034108,3.911381501784));
#2855 = CARTESIAN_POINT('',(3.852628752335,3.984714946244));
#2856 = CARTESIAN_POINT('',(3.861267563871,4.023054766717));
#2857 = CARTESIAN_POINT('',(3.869546466095,4.062085389569));
#2858 = CARTESIAN_POINT('',(3.877483523547,4.101726582159));
#2859 = CARTESIAN_POINT('',(3.885094824432,4.141910070043));
#2860 = CARTESIAN_POINT('',(3.892395146982,4.182578504281));
#2861 = CARTESIAN_POINT('',(3.899398294982,4.223684975855));
#2862 = CARTESIAN_POINT('',(3.912850351023,4.306790394261));
#2863 = CARTESIAN_POINT('',(3.91929733247,4.34878645455));
#2864 = CARTESIAN_POINT('',(3.925470528827,4.391141530739));
#2865 = CARTESIAN_POINT('',(3.931380939307,4.433820552182));
#2866 = CARTESIAN_POINT('',(3.937038312879,4.476792845432));
#2867 = CARTESIAN_POINT('',(3.942451380836,4.520031874718));
#2868 = CARTESIAN_POINT('',(3.947628089371,4.563514982427));
#2869 = CARTESIAN_POINT('',(3.97157060269,4.775022116583));
#2870 = CARTESIAN_POINT('',(3.987178447441,4.946031884119));
#2871 = CARTESIAN_POINT('',(3.999833689233,5.119294579964));
#2872 = CARTESIAN_POINT('',(4.009747434412,5.294113512765));
#2873 = CARTESIAN_POINT('',(4.017085400988,5.469928698132));
#2874 = CARTESIAN_POINT('',(4.021942233873,5.646341043031));
#2875 = CARTESIAN_POINT('',(4.024375713001,5.823075089021));
#2876 = CARTESIAN_POINT('',(4.024375660847,6.179859465565));
#2877 = CARTESIAN_POINT('',(4.021860832912,6.359502376993));
#2878 = CARTESIAN_POINT('',(4.016842731801,6.538807820004));
#2879 = CARTESIAN_POINT('',(4.009258891514,6.717490250955));
#2880 = CARTESIAN_POINT('',(3.999008814319,6.895129607458));
#2881 = CARTESIAN_POINT('',(3.985913650243,7.071126571263));
#2882 = CARTESIAN_POINT('',(3.969749170627,7.24473363886));
#2883 = CARTESIAN_POINT('',(3.944920318608,7.459132888734));
#2884 = CARTESIAN_POINT('',(3.939560600885,7.503116879533));
#2885 = CARTESIAN_POINT('',(3.933954565943,7.546840554649));
#2886 = CARTESIAN_POINT('',(3.928093624428,7.590279263385));
#2887 = CARTESIAN_POINT('',(3.921968333594,7.63340397387));
#2888 = CARTESIAN_POINT('',(3.91556813277,7.676180969613));
#2889 = CARTESIAN_POINT('',(3.908881078812,7.718571546064));
#2890 = CARTESIAN_POINT('',(3.894995621846,7.801954192388));
#2891 = CARTESIAN_POINT('',(3.887805677533,7.842952064757));
#2892 = CARTESIAN_POINT('',(3.880310177204,7.883486434251));
#2893 = CARTESIAN_POINT('',(3.872494567451,7.92350678654));
#2894 = CARTESIAN_POINT('',(3.864343324182,7.962951083104));
#2895 = CARTESIAN_POINT('',(3.855839600878,8.001745240436));
#2896 = CARTESIAN_POINT('',(3.846964513805,8.03980198835));
#2897 = CARTESIAN_POINT('',(3.826604230335,8.121557958641));
#2898 = CARTESIAN_POINT('',(3.814958065933,8.16485792759));
#2899 = CARTESIAN_POINT('',(3.80271299682,8.206781036663));
#2900 = CARTESIAN_POINT('',(3.789827999027,8.247103947698));
#2901 = CARTESIAN_POINT('',(3.776267011109,8.285523238008));
#2902 = CARTESIAN_POINT('',(3.762000051802,8.321659946115));
#2903 = CARTESIAN_POINT('',(3.747004042986,8.355063387123));
#2904 = CARTESIAN_POINT('',(3.725950849349,8.395390151064));
#2905 = CARTESIAN_POINT('',(3.720555248197,8.405192261136));
#2906 = CARTESIAN_POINT('',(3.715076836278,8.414599541633));
#2907 = CARTESIAN_POINT('',(3.709516441482,8.423589615251));
#2908 = CARTESIAN_POINT('',(3.703875489441,8.432139166032));
#2909 = CARTESIAN_POINT('',(3.698156075161,8.440224351695));
#2910 = CARTESIAN_POINT('',(3.69236103466,8.44782121596));
#2911 = CARTESIAN_POINT('',(3.683290827403,8.458774203317));
#2912 = CARTESIAN_POINT('',(3.680066204789,8.462489714165));
#2913 = CARTESIAN_POINT('',(3.676820759435,8.466048706118));
#2914 = CARTESIAN_POINT('',(3.673555182329,8.469447359968));
#2915 = CARTESIAN_POINT('',(3.670270244772,8.472681964605));
#2916 = CARTESIAN_POINT('',(3.666966798382,8.475748917015));
#2917 = CARTESIAN_POINT('',(3.663645775089,8.478644722282));
#2918 = CARTESIAN_POINT('',(3.653407500131,8.486992404572));
#2919 = CARTESIAN_POINT('',(3.646435285727,8.491873427295));
#2920 = CARTESIAN_POINT('',(3.639401428952,8.495978812162));
#2921 = CARTESIAN_POINT('',(3.632316621143,8.499282646845));
#2922 = CARTESIAN_POINT('',(3.625192414951,8.501764247854));
#2923 = CARTESIAN_POINT('',(3.618041279341,8.503409052112));
#2924 = CARTESIAN_POINT('',(3.610876654598,8.504209508534));
#2925 = CARTESIAN_POINT('',(3.595332464334,8.504115034664));
#2926 = CARTESIAN_POINT('',(3.586951291017,8.502908955955));
#2927 = CARTESIAN_POINT('',(3.578593064664,8.500547730518));
#2928 = CARTESIAN_POINT('',(3.570279173898,8.497046294916));
#2929 = CARTESIAN_POINT('',(3.562028960562,8.49243238418));
#2930 = CARTESIAN_POINT('',(3.553859861607,8.486744390763));
#2931 = CARTESIAN_POINT('',(3.545787550992,8.480029223489));
#2932 = CARTESIAN_POINT('',(3.533588737168,8.468247808574));
#2933 = CARTESIAN_POINT('',(3.529382389916,8.463879092445));
#2934 = CARTESIAN_POINT('',(3.525208858267,8.459241938295));
#2935 = CARTESIAN_POINT('',(3.521069754086,8.454344377225));
#2936 = CARTESIAN_POINT('',(3.516966482647,8.449194551257));
#2937 = CARTESIAN_POINT('',(3.512900242635,8.443800713333));
#2938 = CARTESIAN_POINT('',(3.508872026148,8.438171227318));
#2939 = CARTESIAN_POINT('',(3.496557253607,8.420092495549));
#2940 = CARTESIAN_POINT('',(3.488401634254,8.406881496048));
#2941 = CARTESIAN_POINT('',(3.480421994758,8.392755915294));
#2942 = CARTESIAN_POINT('',(3.47262200331,8.377788128691));
#2943 = CARTESIAN_POINT('',(3.465003068234,8.362047082529));
#2944 = CARTESIAN_POINT('',(3.457564644052,8.34559683527));
#2945 = CARTESIAN_POINT('',(3.450304537543,8.328495098822));
#2946 = CARTESIAN_POINT('',(3.431823467954,8.282318483196));
#2947 = CARTESIAN_POINT('',(3.420883751003,8.252299489997));
#2948 = CARTESIAN_POINT('',(3.410382460974,8.220938936384));
#2949 = CARTESIAN_POINT('',(3.400301851164,8.1884144199));
#2950 = CARTESIAN_POINT('',(3.390623865978,8.154877254833));
#2951 = CARTESIAN_POINT('',(3.381329976759,8.120452727575));
#2952 = CARTESIAN_POINT('',(3.372401017614,8.085240351971));
#2953 = CARTESIAN_POINT('',(3.354785918456,8.011516642322));
#2954 = CARTESIAN_POINT('',(3.346139734771,7.972941509605));
#2955 = CARTESIAN_POINT('',(3.33785699442,7.933683385783));
#2956 = CARTESIAN_POINT('',(3.329919270306,7.893823186677));
#2957 = CARTESIAN_POINT('',(3.32231016078,7.853429693396));
#2958 = CARTESIAN_POINT('',(3.315014606226,7.812560605219));
#2959 = CARTESIAN_POINT('',(3.308018545502,7.771263036627));
#2960 = CARTESIAN_POINT('',(3.292437083555,7.674449314442));
#2961 = CARTESIAN_POINT('',(3.284067575232,7.61864962045));
#2962 = CARTESIAN_POINT('',(3.276170651816,7.562264073459));
#2963 = CARTESIAN_POINT('',(3.268721822006,7.505368778002));
#2964 = CARTESIAN_POINT('',(3.261700195173,7.448027962503));
#2965 = CARTESIAN_POINT('',(3.255087380773,7.390295112081));
#2966 = CARTESIAN_POINT('',(3.248866930622,7.332213517909));
#2967 = CARTESIAN_POINT('',(3.22752128058,7.118862204378));
#2968 = CARTESIAN_POINT('',(3.214686497199,6.961766350651));
#2969 = CARTESIAN_POINT('',(3.204241400045,6.803134725365));
#2970 = CARTESIAN_POINT('',(3.196032797025,6.643431043996));
#2971 = CARTESIAN_POINT('',(3.1899468125,6.48302839656));
#2972 = CARTESIAN_POINT('',(3.185914041105,6.322204837286));
#2973 = CARTESIAN_POINT('',(3.183895031682,6.161158644776));
#2974 = CARTESIAN_POINT('',(3.183895031682,6.));
#2975 = ( GEOMETRIC_REPRESENTATION_CONTEXT(2) 
PARAMETRIC_REPRESENTATION_CONTEXT() REPRESENTATION_CONTEXT('2D SPACE',''
  ) );
#2976 = FACE_BOUND('',#2977,.F.);
#2977 = EDGE_LOOP('',(#2978));
#2978 = ORIENTED_EDGE('',*,*,#2979,.T.);
#2979 = EDGE_CURVE('',#2980,#2980,#2982,.T.);
#2980 = VERTEX_POINT('',#2981);
#2981 = CARTESIAN_POINT('',(-37.40213765081,-15.2175972771,
    462.92996358068));
#2982 = SURFACE_CURVE('',#2983,(#3182,#3384),.PCURVE_S1.);
#2983 = B_SPLINE_CURVE_WITH_KNOTS('',8,(#2984,#2985,#2986,#2987,#2988,
    #2989,#2990,#2991,#2992,#2993,#2994,#2995,#2996,#2997,#2998,#2999,
    #3000,#3001,#3002,#3003,#3004,#3005,#3006,#3007,#3008,#3009,#3010,
    #3011,#3012,#3013,#3014,#3015,#3016,#3017,#3018,#3019,#3020,#3021,
    #3022,#3023,#3024,#3025,#3026,#3027,#3028,#3029,#3030,#3031,#3032,
    #3033,#3034,#3035,#3036,#3037,#3038,#3039,#3040,#3041,#3042,#3043,
    #3044,#3045,#3046,#3047,#3048,#3049,#3050,#3051,#3052,#3053,#3054,
    #3055,#3056,#3057,#3058,#3059,#3060,#3061,#3062,#3063,#3064,#3065,
    #3066,#3067,#3068,#3069,#3070,#3071,#3072,#3073,#3074,#3075,#3076,
    #3077,#3078,#3079,#3080,#3081,#3082,#3083,#3084,#3085,#3086,#3087,
    #3088,#3089,#3090,#3091,#3092,#3093,#3094,#3095,#3096,#3097,#3098,
    #3099,#3100,#3101,#3102,#3103,#3104,#3105,#3106,#3107,#3108,#3109,
    #3110,#3111,#3112,#3113,#3114,#3115,#3116,#3117,#3118,#3119,#3120,
    #3121,#3122,#3123,#3124,#3125,#3126,#3127,#3128,#3129,#3130,#3131,
    #3132,#3133,#3134,#3135,#3136,#3137,#3138,#3139,#3140,#3141,#3142,
    #3143,#3144,#3145,#3146,#3147,#3148,#3149,#3150,#3151,#3152,#3153,
    #3154,#3155,#3156,#3157,#3158,#3159,#3160,#3161,#3162,#3163,#3164,
    #3165,#3166,#3167,#3168,#3169,#3170,#3171,#3172,#3173,#3174,#3175,
    #3176,#3177,#3178,#3179,#3180,#3181),.UNSPECIFIED.,.T.,.F.,(9,7,7,7,
    7,7,7,7,7,7,7,7,7,7,7,7,7,7,7,7,7,7,7,7,7,7,7,7,9),(0.,
    0.112243846356,0.150661632112,0.180921230376,0.216968854632,
    0.229263219325,0.23597922657,0.249670780825,0.265936854762,
    0.274594170845,0.292660843102,0.321718542314,0.352289742129,
    0.383020859599,0.499977928369,0.619536324129,0.650523650917,
    0.681070668717,0.717575977026,0.729888781792,0.736611169478,
    0.750308083343,0.766567479509,0.775215280388,0.793247732753,
    0.822205375138,0.852601300993,0.893367677066,1.),.UNSPECIFIED.);
#2984 = CARTESIAN_POINT('',(-37.40213765081,-15.2175972771,
    462.92996358068));
#2985 = CARTESIAN_POINT('',(-37.25487726826,-15.1325764556,
    462.92996358068));
#2986 = CARTESIAN_POINT('',(-37.10441545043,-15.05372591567,
    462.93566969046));
#2987 = CARTESIAN_POINT('',(-36.9508292314,-14.98104348542,
    462.94705799226));
#2988 = CARTESIAN_POINT('',(-36.794234744,-14.91466233424,
    462.96430563752));
#2989 = CARTESIAN_POINT('',(-36.63484033616,-14.85486113351,
    462.98782792602));
#2990 = CARTESIAN_POINT('',(-36.47295356751,-14.80202147645,
    463.01824040646));
#2991 = CARTESIAN_POINT('',(-36.30898490673,-14.75663621255,
    463.05642772142));
#2992 = CARTESIAN_POINT('',(-36.08684720846,-14.70675224967,
    463.12014960708));
#2993 = CARTESIAN_POINT('',(-36.03002941087,-14.69499636511,
    463.13748490381));
#2994 = CARTESIAN_POINT('',(-35.97305782219,-14.68423469032,
    463.15596767651));
#2995 = CARTESIAN_POINT('',(-35.91596048449,-14.67450281877,
    463.17566666129));
#2996 = CARTESIAN_POINT('',(-35.85877339277,-14.66584160005,
    463.19665883061));
#2997 = CARTESIAN_POINT('',(-35.80154077842,-14.65829768334,
    463.21903144362));
#2998 = CARTESIAN_POINT('',(-35.74431549997,-14.65192495034,
    463.24288577993));
#2999 = CARTESIAN_POINT('',(-35.64214090402,-14.64273982518,
    463.28839347413));
#3000 = CARTESIAN_POINT('',(-35.59717175695,-14.63945936856,
    463.30943569991));
#3001 = CARTESIAN_POINT('',(-35.55227958881,-14.63697581152,
    463.33152892255));
#3002 = CARTESIAN_POINT('',(-35.50750247884,-14.63532436151,
    463.35473808053));
#3003 = CARTESIAN_POINT('',(-35.46288922171,-14.63454466976,
    463.37913348694));
#3004 = CARTESIAN_POINT('',(-35.4184997249,-14.63468116659,
    463.40479221933));
#3005 = CARTESIAN_POINT('',(-35.37440567848,-14.63578415163,
    463.43180077514));
#3006 = CARTESIAN_POINT('',(-35.27861571065,-14.6404460699,
    463.49416066975));
#3007 = CARTESIAN_POINT('',(-35.2271201802,-14.64443248154,
    463.53009289341));
#3008 = CARTESIAN_POINT('',(-35.17630825265,-14.64996679378,
    463.56824375109));
#3009 = CARTESIAN_POINT('',(-35.12636743263,-14.65716395892,
    463.60879944604));
#3010 = CARTESIAN_POINT('',(-35.07756779218,-14.66615069175,
    463.65193986319));
#3011 = CARTESIAN_POINT('',(-35.03025982388,-14.67706002935,
    463.69783339215));
#3012 = CARTESIAN_POINT('',(-34.98487173746,-14.69002772045,
    463.74663100723));
#3013 = CARTESIAN_POINT('',(-34.92725241912,-14.71036182706,
    463.81613621111));
#3014 = CARTESIAN_POINT('',(-34.91288508635,-14.7157869153,
    463.83415980834));
#3015 = CARTESIAN_POINT('',(-34.89882595882,-14.72147006346,
    463.85253237161));
#3016 = CARTESIAN_POINT('',(-34.88509862705,-14.72741510143,
    463.87125409197));
#3017 = CARTESIAN_POINT('',(-34.87172816043,-14.73362511753,
    463.89032304319));
#3018 = CARTESIAN_POINT('',(-34.85874075267,-14.74010224123,
    463.90973484869));
#3019 = CARTESIAN_POINT('',(-34.84616336726,-14.74684742592,
    463.92948234871));
#3020 = CARTESIAN_POINT('',(-34.82739170857,-14.75769109696,
    463.96052044276));
#3021 = CARTESIAN_POINT('',(-34.82089055571,-14.76160178743,
    463.9715826486));
#3022 = CARTESIAN_POINT('',(-34.81452447913,-14.76559222559,
    463.9827401616));
#3023 = CARTESIAN_POINT('',(-34.80829799337,-14.76966217905,
    463.99399094238));
#3024 = CARTESIAN_POINT('',(-34.80221557275,-14.77381126062,
    464.00533263535));
#3025 = CARTESIAN_POINT('',(-34.79628165133,-14.77803892829,
    464.01676256872));
#3026 = CARTESIAN_POINT('',(-34.79050062294,-14.78234448522,
    464.02827775452));
#3027 = CARTESIAN_POINT('',(-34.77341194682,-14.79566163395,
    464.06351732729));
#3028 = CARTESIAN_POINT('',(-34.76259932306,-14.80491721162,
    464.0875026406));
#3029 = CARTESIAN_POINT('',(-34.75247688463,-14.81448534774,
    464.1117997518));
#3030 = CARTESIAN_POINT('',(-34.74307905903,-14.82435531367,
    464.13637402995));
#3031 = CARTESIAN_POINT('',(-34.73443598266,-14.83451387418,
    464.16118703957));
#3032 = CARTESIAN_POINT('',(-34.72657269701,-14.84494504447,
    464.18619629025));
#3033 = CARTESIAN_POINT('',(-34.71950834492,-14.8556298472,
    464.21135498635));
#3034 = CARTESIAN_POINT('',(-34.70582659682,-14.87951494629,
    464.26661777976));
#3035 = CARTESIAN_POINT('',(-34.69954134272,-14.89281348315,
    464.2967691999));
#3036 = CARTESIAN_POINT('',(-34.69442147334,-14.90640380792,
    464.32697840535));
#3037 = CARTESIAN_POINT('',(-34.6904716703,-14.92024793867,
    464.3571633907));
#3038 = CARTESIAN_POINT('',(-34.68768171322,-14.93430810755,
    464.38724771744));
#3039 = CARTESIAN_POINT('',(-34.68602876509,-14.94854708454,
    464.41716045462));
#3040 = CARTESIAN_POINT('',(-34.68547965751,-14.9629285013,
    464.44683611939));
#3041 = CARTESIAN_POINT('',(-34.68626648689,-14.98512850267,
    464.49185077828));
#3042 = CARTESIAN_POINT('',(-34.6868409359,-14.99287096006,
    464.50740425208));
#3043 = CARTESIAN_POINT('',(-34.68771015146,-15.00063974284,
    464.52286705604));
#3044 = CARTESIAN_POINT('',(-34.68886745502,-15.00843035642,
    464.53823196173));
#3045 = CARTESIAN_POINT('',(-34.69030586115,-15.01623861585,
    464.55349249532));
#3046 = CARTESIAN_POINT('',(-34.69201807759,-15.02406064584,
    464.56864293753));
#3047 = CARTESIAN_POINT('',(-34.6939965052,-15.03189288073,
    464.58367832363));
#3048 = CARTESIAN_POINT('',(-34.70090100312,-15.05609140307,
    464.62972241045));
#3049 = CARTESIAN_POINT('',(-34.70669395507,-15.07247971496,
    464.66032833145));
#3050 = CARTESIAN_POINT('',(-34.71354211403,-15.08886951721,
    464.69037748514));
#3051 = CARTESIAN_POINT('',(-34.7213750825,-15.10523799106,
    464.71984521347));
#3052 = CARTESIAN_POINT('',(-34.7301238144,-15.12156683523,
    464.74871592457));
#3053 = CARTESIAN_POINT('',(-34.73972238421,-15.13784211915,
    464.77698209571));
#3054 = CARTESIAN_POINT('',(-34.7501097561,-15.15405413619,
    464.80464327623));
#3055 = CARTESIAN_POINT('',(-34.77911939783,-15.19616119404,
    464.87523020934));
#3056 = CARTESIAN_POINT('',(-34.79890022867,-15.22193777641,
    464.917189886));
#3057 = CARTESIAN_POINT('',(-34.82034845695,-15.24750946253,
    464.95761815991));
#3058 = CARTESIAN_POINT('',(-34.84326551144,-15.27286499276,
    464.99655514975));
#3059 = CARTESIAN_POINT('',(-34.86747932996,-15.29799975898,
    465.03404696842));
#3060 = CARTESIAN_POINT('',(-34.892843851,-15.32291617434,
    465.07014563808));
#3061 = CARTESIAN_POINT('',(-34.91923850543,-15.34762404303,
    465.10490900517));
#3062 = CARTESIAN_POINT('',(-34.97532038091,-15.39793480461,
    465.17363675335));
#3063 = CARTESIAN_POINT('',(-35.00509802528,-15.42350867706,
    465.20745320692));
#3064 = CARTESIAN_POINT('',(-35.03578259479,-15.44887769131,
    465.23991719342));
#3065 = CARTESIAN_POINT('',(-35.06727304013,-15.47405503823,
    465.27108730522));
#3066 = CARTESIAN_POINT('',(-35.09948272347,-15.49905321675,
    465.30101674401));
#3067 = CARTESIAN_POINT('',(-35.13233764987,-15.52388499131,
    465.32975538678));
#3068 = CARTESIAN_POINT('',(-35.16577551585,-15.54856404573,
    465.35735072374));
#3069 = CARTESIAN_POINT('',(-35.23389333149,-15.59777499621,
    465.41048321787));
#3070 = CARTESIAN_POINT('',(-35.26857497048,-15.62230273385,
    465.43600600695));
#3071 = CARTESIAN_POINT('',(-35.30373634873,-15.64670191135,
    465.46045992796));
#3072 = CARTESIAN_POINT('',(-35.33932977575,-15.67098424862,
    465.48388405682));
#3073 = CARTESIAN_POINT('',(-35.37531347342,-15.69516022847,
    465.50631340638));
#3074 = CARTESIAN_POINT('',(-35.41165103558,-15.71923950484,
    465.52777967998));
#3075 = CARTESIAN_POINT('',(-35.44831088756,-15.74323131093,
    465.54831202502));
#3076 = CARTESIAN_POINT('',(-35.62590924463,-15.85815553313,
    465.64262988117));
#3077 = CARTESIAN_POINT('',(-35.77073690367,-15.94797469117,
    465.70414237824));
#3078 = CARTESIAN_POINT('',(-35.91834553145,-16.03717194469,
    465.75404729342));
#3079 = CARTESIAN_POINT('',(-36.0678277701,-16.12597566344,
    465.79314945137));
#3080 = CARTESIAN_POINT('',(-36.21848960842,-16.21452727884,
    465.82208918653));
#3081 = CARTESIAN_POINT('',(-36.36988252723,-16.30286888537,
    465.8412439457));
#3082 = CARTESIAN_POINT('',(-36.52172473744,-16.3910043678,
    465.85084105204));
#3083 = CARTESIAN_POINT('',(-36.82953291947,-16.56871749443,
    465.85084084488));
#3084 = CARTESIAN_POINT('',(-36.98515125121,-16.65807324515,
    465.84081176243));
#3085 = CARTESIAN_POINT('',(-37.14071594867,-16.74691222669,
    465.82080053626));
#3086 = CARTESIAN_POINT('',(-37.29608682621,-16.83497019372,
    465.79055505175));
#3087 = CARTESIAN_POINT('',(-37.45106393974,-16.92180603636,
    465.74966574828));
#3088 = CARTESIAN_POINT('',(-37.60540273648,-17.00667982901,
    465.69742456281));
#3089 = CARTESIAN_POINT('',(-37.7588191669,-17.08860518731,
    465.63295978904));
#3090 = CARTESIAN_POINT('',(-37.95054435217,-17.18593337171,
    465.53417942395));
#3091 = CARTESIAN_POINT('',(-37.98992286586,-17.20565201303,
    465.51291166702));
#3092 = CARTESIAN_POINT('',(-38.02921034658,-17.22502549975,
    465.49067913653));
#3093 = CARTESIAN_POINT('',(-38.06839824749,-17.244019323,
    465.46745065507));
#3094 = CARTESIAN_POINT('',(-38.10747567424,-17.26259411603,
    465.44319233293));
#3095 = CARTESIAN_POINT('',(-38.1464294703,-17.28070489317,
    465.41786672563));
#3096 = CARTESIAN_POINT('',(-38.18524430225,-17.29830028878,
    465.39143199134));
#3097 = CARTESIAN_POINT('',(-38.26201187758,-17.33210143958,
    465.33664215407));
#3098 = CARTESIAN_POINT('',(-38.29996426644,-17.34832119007,
    465.3083229314));
#3099 = CARTESIAN_POINT('',(-38.33774639302,-17.3639264571,
    465.27883631555));
#3100 = CARTESIAN_POINT('',(-38.37533703105,-17.37885247404,
    465.24813279932));
#3101 = CARTESIAN_POINT('',(-38.41270751483,-17.39302402899,
    465.2161607046));
#3102 = CARTESIAN_POINT('',(-38.44982182778,-17.40635425255,
    465.18286523384));
#3103 = CARTESIAN_POINT('',(-38.48663651131,-17.41874246279,
    465.1481863011));
#3104 = CARTESIAN_POINT('',(-38.56667667004,-17.44360935112,
    465.06887649075));
#3105 = CARTESIAN_POINT('',(-38.60971622518,-17.45562322523,
    465.02365912073));
#3106 = CARTESIAN_POINT('',(-38.65216641098,-17.46592639656,
    464.97625859888));
#3107 = CARTESIAN_POINT('',(-38.69390760897,-17.47427688846,
    464.92655221345));
#3108 = CARTESIAN_POINT('',(-38.73475762911,-17.48037974421,
    464.87444639041));
#3109 = CARTESIAN_POINT('',(-38.77447471097,-17.48389090072,
    464.81988294446));
#3110 = CARTESIAN_POINT('',(-38.81275912746,-17.48442223252,
    464.76284416581));
#3111 = CARTESIAN_POINT('',(-38.86156247066,-17.48057824264,
    464.683292345));
#3112 = CARTESIAN_POINT('',(-38.873663879,-17.47922155835,
    464.66295589551));
#3113 = CARTESIAN_POINT('',(-38.8855422891,-17.47746201602,
    464.64235179392));
#3114 = CARTESIAN_POINT('',(-38.89718091132,-17.47528375908,
    464.6214866121));
#3115 = CARTESIAN_POINT('',(-38.90856172251,-17.47267120499,
    464.60036930702));
#3116 = CARTESIAN_POINT('',(-38.91966569518,-17.46960947899,
    464.5790114337));
#3117 = CARTESIAN_POINT('',(-38.93047302658,-17.46608484772,
    464.55742735802));
#3118 = CARTESIAN_POINT('',(-38.9466907503,-17.45990145062,
    464.52373626718));
#3119 = CARTESIAN_POINT('',(-38.95232363884,-17.4575761894,
    464.51177589204));
#3120 = CARTESIAN_POINT('',(-38.95785865148,-17.45510735868,
    464.49975624386));
#3121 = CARTESIAN_POINT('',(-38.96329240977,-17.45249316245,
    464.4876805053));
#3122 = CARTESIAN_POINT('',(-38.9686215389,-17.44973201925,
    464.47555214202));
#3123 = CARTESIAN_POINT('',(-38.97384266767,-17.44682256215,
    464.46337490272));
#3124 = CARTESIAN_POINT('',(-38.97895242852,-17.44376363876,
    464.45115281911));
#3125 = CARTESIAN_POINT('',(-38.99412486536,-17.43401528296,
    464.41390504227));
#3126 = CARTESIAN_POINT('',(-39.00382705757,-17.42685132582,
    464.38874915261));
#3127 = CARTESIAN_POINT('',(-39.01302459211,-17.41905566964,
    464.36346216671));
#3128 = CARTESIAN_POINT('',(-39.02169024321,-17.41062595103,
    464.33808605502));
#3129 = CARTESIAN_POINT('',(-39.02979955472,-17.4015649029,
    464.31266513033));
#3130 = CARTESIAN_POINT('',(-39.03733139356,-17.39188104423,
    464.28724604949));
#3131 = CARTESIAN_POINT('',(-39.04426850312,-17.38158936965,
    464.26187781498));
#3132 = CARTESIAN_POINT('',(-39.05811177244,-17.35779972709,
    464.20661885053));
#3133 = CARTESIAN_POINT('',(-39.06477104664,-17.34405910788,
    464.17676298219));
#3134 = CARTESIAN_POINT('',(-39.07055363944,-17.32952747145,
    464.1471318158));
#3135 = CARTESIAN_POINT('',(-39.07544992175,-17.3142501606,
    464.11780291415));
#3136 = CARTESIAN_POINT('',(-39.07946126958,-17.2982790985,
    464.08884446609));
#3137 = CARTESIAN_POINT('',(-39.08259845848,-17.2816713163,
    464.06031599399));
#3138 = CARTESIAN_POINT('',(-39.08488005796,-17.26448748061,
    464.03226906108));
#3139 = CARTESIAN_POINT('',(-39.08710243832,-17.23737797758,
    463.99011048337));
#3140 = CARTESIAN_POINT('',(-39.08763902969,-17.22781938807,
    463.97562037862));
#3141 = CARTESIAN_POINT('',(-39.08794450441,-17.21812357448,
    463.96128327778));
#3142 = CARTESIAN_POINT('',(-39.08802304032,-17.20829921768,
    463.9471040053));
#3143 = CARTESIAN_POINT('',(-39.08787908871,-17.19835475746,
    463.93308659692));
#3144 = CARTESIAN_POINT('',(-39.08751737432,-17.18829839255,
    463.91923429972));
#3145 = CARTESIAN_POINT('',(-39.08694289531,-17.17813808057,
    463.90554957211));
#3146 = CARTESIAN_POINT('',(-39.08453035005,-17.14649452693,
    463.86385149692));
#3147 = CARTESIAN_POINT('',(-39.08199725656,-17.12469046351,
    463.83640734463));
#3148 = CARTESIAN_POINT('',(-39.07860828286,-17.1025360093,
    463.8097139337));
#3149 = CARTESIAN_POINT('',(-39.07441116177,-17.08009219313,
    463.78377414306));
#3150 = CARTESIAN_POINT('',(-39.06945336161,-17.05741383207,
    463.75858281895));
#3151 = CARTESIAN_POINT('',(-39.06378072888,-17.03454895235,
    463.73412817009));
#3152 = CARTESIAN_POINT('',(-39.05743613094,-17.01153821024,
    463.71039316284));
#3153 = CARTESIAN_POINT('',(-39.03925233702,-16.95128050924,
    463.65036386777));
#3154 = CARTESIAN_POINT('',(-39.0264174387,-16.91386802369,
    463.61518529535));
#3155 = CARTESIAN_POINT('',(-39.01211278626,-16.87630578781,
    463.58172462347));
#3156 = CARTESIAN_POINT('',(-38.99647995035,-16.83870130427,
    463.54988780392));
#3157 = CARTESIAN_POINT('',(-38.97964266768,-16.80114109566,
    463.51958294482));
#3158 = CARTESIAN_POINT('',(-38.9617068189,-16.76369115316,
    463.49071993972));
#3159 = CARTESIAN_POINT('',(-38.94276040655,-16.72639738529,
    463.46321009652));
#3160 = CARTESIAN_POINT('',(-38.90199890777,-16.65033148326,
    463.40941791926));
#3161 = CARTESIAN_POINT('',(-38.8800948024,-16.6115908657,
    463.38327370871));
#3162 = CARTESIAN_POINT('',(-38.85724718925,-16.57310284681,
    463.35843682458));
#3163 = CARTESIAN_POINT('',(-38.83352998561,-16.53489986335,
    463.33482393753));
#3164 = CARTESIAN_POINT('',(-38.80900696482,-16.49700800554,
    463.31236097261));
#3165 = CARTESIAN_POINT('',(-38.78373295158,-16.4594470121,
    463.29098056549));
#3166 = CARTESIAN_POINT('',(-38.7577543017,-16.42223041047,
    463.27062070122));
#3167 = CARTESIAN_POINT('',(-38.69537210033,-16.3359237659,
    463.22521080676));
#3168 = CARTESIAN_POINT('',(-38.65844227692,-16.28712376259,
    463.20093511005));
#3169 = CARTESIAN_POINT('',(-38.62041396101,-16.23898810018,
    463.17826148835));
#3170 = CARTESIAN_POINT('',(-38.58136731821,-16.19153603969,
    463.15707696092));
#3171 = CARTESIAN_POINT('',(-38.54137058656,-16.14478284613,
    463.13728497727));
#3172 = CARTESIAN_POINT('',(-38.50048176038,-16.09873929014,
    463.11880093592));
#3173 = CARTESIAN_POINT('',(-38.45874928579,-16.05341160081,
    463.10154976796));
#3174 = CARTESIAN_POINT('',(-38.30494668266,-15.89211650902,
    463.04339430318));
#3175 = CARTESIAN_POINT('',(-38.18823100539,-15.78040317305,
    463.00932850831));
#3176 = CARTESIAN_POINT('',(-38.06675805895,-15.67368052303,
    462.98206832068));
#3177 = CARTESIAN_POINT('',(-37.94102373971,-15.57203482065,
    462.96091541022));
#3178 = CARTESIAN_POINT('',(-37.81143475781,-15.47553658635,
    462.94536207506));
#3179 = CARTESIAN_POINT('',(-37.6782955046,-15.38425346508,
    462.93510084303));
#3180 = CARTESIAN_POINT('',(-37.54182619438,-15.29824649533,
    462.92996358068));
#3181 = CARTESIAN_POINT('',(-37.40213765081,-15.2175972771,
    462.92996358068));
#3182 = PCURVE('',#976,#3183);
#3183 = DEFINITIONAL_REPRESENTATION('',(#3184),#3383);
#3184 = B_SPLINE_CURVE_WITH_KNOTS('',8,(#3185,#3186,#3187,#3188,#3189,
    #3190,#3191,#3192,#3193,#3194,#3195,#3196,#3197,#3198,#3199,#3200,
    #3201,#3202,#3203,#3204,#3205,#3206,#3207,#3208,#3209,#3210,#3211,
    #3212,#3213,#3214,#3215,#3216,#3217,#3218,#3219,#3220,#3221,#3222,
    #3223,#3224,#3225,#3226,#3227,#3228,#3229,#3230,#3231,#3232,#3233,
    #3234,#3235,#3236,#3237,#3238,#3239,#3240,#3241,#3242,#3243,#3244,
    #3245,#3246,#3247,#3248,#3249,#3250,#3251,#3252,#3253,#3254,#3255,
    #3256,#3257,#3258,#3259,#3260,#3261,#3262,#3263,#3264,#3265,#3266,
    #3267,#3268,#3269,#3270,#3271,#3272,#3273,#3274,#3275,#3276,#3277,
    #3278,#3279,#3280,#3281,#3282,#3283,#3284,#3285,#3286,#3287,#3288,
    #3289,#3290,#3291,#3292,#3293,#3294,#3295,#3296,#3297,#3298,#3299,
    #3300,#3301,#3302,#3303,#3304,#3305,#3306,#3307,#3308,#3309,#3310,
    #3311,#3312,#3313,#3314,#3315,#3316,#3317,#3318,#3319,#3320,#3321,
    #3322,#3323,#3324,#3325,#3326,#3327,#3328,#3329,#3330,#3331,#3332,
    #3333,#3334,#3335,#3336,#3337,#3338,#3339,#3340,#3341,#3342,#3343,
    #3344,#3345,#3346,#3347,#3348,#3349,#3350,#3351,#3352,#3353,#3354,
    #3355,#3356,#3357,#3358,#3359,#3360,#3361,#3362,#3363,#3364,#3365,
    #3366,#3367,#3368,#3369,#3370,#3371,#3372,#3373,#3374,#3375,#3376,
    #3377,#3378,#3379,#3380,#3381,#3382),.UNSPECIFIED.,.F.,.F.,(9,7,7,7,
    7,7,7,7,7,7,7,7,7,7,7,7,7,7,7,7,7,7,7,7,7,7,7,7,9),(0.,
    0.112243846356,0.150661632112,0.180921230376,0.216968854632,
    0.229263219325,0.23597922657,0.249670780825,0.265936854762,
    0.274594170845,0.292660843102,0.321718542314,0.352289742129,
    0.383020859599,0.499977928369,0.619536324129,0.650523650917,
    0.681070668717,0.717575977026,0.729888781792,0.736611169478,
    0.750308083343,0.766567479509,0.775215280388,0.793247732753,
    0.822205375138,0.852601300993,0.893367677066,1.),.UNSPECIFIED.);
#3185 = CARTESIAN_POINT('',(2.094395102393,0.166837833344));
#3186 = CARTESIAN_POINT('',(2.063602969007,0.166837833344));
#3187 = CARTESIAN_POINT('',(2.032867573696,0.167871077114));
#3188 = CARTESIAN_POINT('',(2.002134322963,0.169933457191));
#3189 = CARTESIAN_POINT('',(1.971369507547,0.17305766945));
#3190 = CARTESIAN_POINT('',(1.940560725176,0.17732123402));
#3191 = CARTESIAN_POINT('',(1.909713297871,0.182839180619));
#3192 = CARTESIAN_POINT('',(1.878847552817,0.189777651822));
#3193 = CARTESIAN_POINT('',(1.837444249049,0.201384301835));
#3194 = CARTESIAN_POINT('',(1.826889871221,0.204543860439));
#3195 = CARTESIAN_POINT('',(1.816339846702,0.207914952307));
#3196 = CARTESIAN_POINT('',(1.805796649032,0.211510729473));
#3197 = CARTESIAN_POINT('',(1.795264056879,0.215345981026));
#3198 = CARTESIAN_POINT('',(1.784747156369,0.219437554923));
#3199 = CARTESIAN_POINT('',(1.774252369811,0.223805117853));
#3200 = CARTESIAN_POINT('',(1.755544911112,0.232148301539));
#3201 = CARTESIAN_POINT('',(1.74732206552,0.236009683975));
#3202 = CARTESIAN_POINT('',(1.739122273228,0.240068049963));
#3203 = CARTESIAN_POINT('',(1.730950671963,0.244336159402));
#3204 = CARTESIAN_POINT('',(1.722814228997,0.248827927292));
#3205 = CARTESIAN_POINT('',(1.714721799983,0.253558729562));
#3206 = CARTESIAN_POINT('',(1.706684255636,0.258545970004));
#3207 = CARTESIAN_POINT('',(1.689220683573,0.270080727556));
#3208 = CARTESIAN_POINT('',(1.679830656673,0.2767392771));
#3209 = CARTESIAN_POINT('',(1.670559507047,0.283823350985));
#3210 = CARTESIAN_POINT('',(1.66143737389,0.291371224625));
#3211 = CARTESIAN_POINT('',(1.652509210247,0.299421053967));
#3212 = CARTESIAN_POINT('',(1.643834763789,0.308010197255));
#3213 = CARTESIAN_POINT('',(1.635488952212,0.317174459418));
#3214 = CARTESIAN_POINT('',(1.624859291249,0.330280359822));
#3215 = CARTESIAN_POINT('',(1.622205604567,0.333683195329));
#3216 = CARTESIAN_POINT('',(1.619605517857,0.337156508));
#3217 = CARTESIAN_POINT('',(1.617063347354,0.340700731308));
#3218 = CARTESIAN_POINT('',(1.614583725824,0.344315921728));
#3219 = CARTESIAN_POINT('',(1.61217154752,0.348001690671));
#3220 = CARTESIAN_POINT('',(1.609831913146,0.351757136407));
#3221 = CARTESIAN_POINT('',(1.606334506894,0.357669504595));
#3222 = CARTESIAN_POINT('',(1.605122153894,0.359778567321));
#3223 = CARTESIAN_POINT('',(1.60393388825,0.36190771406));
#3224 = CARTESIAN_POINT('',(1.602770582415,0.364056634081));
#3225 = CARTESIAN_POINT('',(1.601633108858,0.366224956037));
#3226 = CARTESIAN_POINT('',(1.600522340064,0.368412247959));
#3227 = CARTESIAN_POINT('',(1.599439148535,0.370618017263));
#3228 = CARTESIAN_POINT('',(1.596234162863,0.377375032233));
#3229 = CARTESIAN_POINT('',(1.594201927071,0.381983285897));
#3230 = CARTESIAN_POINT('',(1.592295280724,0.386661182826));
#3231 = CARTESIAN_POINT('',(1.590521313498,0.391402730479));
#3232 = CARTESIAN_POINT('',(1.588886459496,0.396201158362));
#3233 = CARTESIAN_POINT('',(1.587396333325,0.401048843712));
#3234 = CARTESIAN_POINT('',(1.586055566161,0.405937237171));
#3235 = CARTESIAN_POINT('',(1.583456343678,0.416701397749));
#3236 = CARTESIAN_POINT('',(1.582260447613,0.42259133735));
#3237 = CARTESIAN_POINT('',(1.581285970411,0.428510309701));
#3238 = CARTESIAN_POINT('',(1.580535877398,0.434442861216));
#3239 = CARTESIAN_POINT('',(1.580010425193,0.44037437756));
#3240 = CARTESIAN_POINT('',(1.579707504456,0.446291078927));
#3241 = CARTESIAN_POINT('',(1.579622982638,0.452180015312));
#3242 = CARTESIAN_POINT('',(1.579819206471,0.461142108259));
#3243 = CARTESIAN_POINT('',(1.579947610423,0.464244154589));
#3244 = CARTESIAN_POINT('',(1.580135357843,0.467333585823));
#3245 = CARTESIAN_POINT('',(1.580381476873,0.470408924207));
#3246 = CARTESIAN_POINT('',(1.580684924535,0.473468829191));
#3247 = CARTESIAN_POINT('',(1.581044586738,0.476512097425));
#3248 = CARTESIAN_POINT('',(1.581459278273,0.479537662759));
#3249 = CARTESIAN_POINT('',(1.582905366286,0.488819668252));
#3250 = CARTESIAN_POINT('',(1.584117203979,0.49501307708));
#3251 = CARTESIAN_POINT('',(1.585552203839,0.50111712073));
#3252 = CARTESIAN_POINT('',(1.587198929586,0.507125949272));
#3253 = CARTESIAN_POINT('',(1.58904592865,0.513035417526));
#3254 = CARTESIAN_POINT('',(1.591082100102,0.51884293775));
#3255 = CARTESIAN_POINT('',(1.593297062585,0.524547332317));
#3256 = CARTESIAN_POINT('',(1.59951658996,0.53915767599));
#3257 = CARTESIAN_POINT('',(1.603788663132,0.547897013049));
#3258 = CARTESIAN_POINT('',(1.608459327078,0.556369154669));
#3259 = CARTESIAN_POINT('',(1.613493958446,0.564577860757));
#3260 = CARTESIAN_POINT('',(1.618861950889,0.572528268962));
#3261 = CARTESIAN_POINT('',(1.624536940735,0.580226969606));
#3262 = CARTESIAN_POINT('',(1.630497032661,0.587682080608));
#3263 = CARTESIAN_POINT('',(1.64327740957,0.602500690132));
#3264 = CARTESIAN_POINT('',(1.650124182282,0.609836600608));
#3265 = CARTESIAN_POINT('',(1.657243734313,0.616920834063));
#3266 = CARTESIAN_POINT('',(1.664617086585,0.623761690003));
#3267 = CARTESIAN_POINT('',(1.672227521644,0.630366625737));
#3268 = CARTESIAN_POINT('',(1.680060381223,0.636742669253));
#3269 = CARTESIAN_POINT('',(1.68810302985,0.642896606486));
#3270 = CARTESIAN_POINT('',(1.704630052725,0.654804342789));
#3271 = CARTESIAN_POINT('',(1.713115576351,0.660555238795));
#3272 = CARTESIAN_POINT('',(1.721790244815,0.666093843782));
#3273 = CARTESIAN_POINT('',(1.730643642583,0.671425556465));
#3274 = CARTESIAN_POINT('',(1.739666194697,0.67655510781));
#3275 = CARTESIAN_POINT('',(1.748849112332,0.681486707396));
#3276 = CARTESIAN_POINT('',(1.758184338348,0.686224189771));
#3277 = CARTESIAN_POINT('',(1.803744244317,0.708076109265));
#3278 = CARTESIAN_POINT('',(1.841900370693,0.722610452638));
#3279 = CARTESIAN_POINT('',(1.881749091155,0.734587889844));
#3280 = CARTESIAN_POINT('',(1.92294655604,0.744087992441));
#3281 = CARTESIAN_POINT('',(1.965139194152,0.751175931728));
#3282 = CARTESIAN_POINT('',(2.007986479732,0.755887202339));
#3283 = CARTESIAN_POINT('',(2.051167486982,0.758247603492));
#3284 = CARTESIAN_POINT('',(2.138585240975,0.758247552542));
#3285 = CARTESIAN_POINT('',(2.182720618766,0.755780913321));
#3286 = CARTESIAN_POINT('',(2.226499697899,0.750858958362));
#3287 = CARTESIAN_POINT('',(2.269581160169,0.743452671272));
#3288 = CARTESIAN_POINT('',(2.311601573907,0.733523625415));
#3289 = CARTESIAN_POINT('',(2.352181063881,0.720998986524));
#3290 = CARTESIAN_POINT('',(2.390951289512,0.705793221976));
#3291 = CARTESIAN_POINT('',(2.436965563091,0.682965922506));
#3292 = CARTESIAN_POINT('',(2.446285463781,0.678071847359));
#3293 = CARTESIAN_POINT('',(2.455446263036,0.672978412267));
#3294 = CARTESIAN_POINT('',(2.464439461677,0.667681480894));
#3295 = CARTESIAN_POINT('',(2.473255730107,0.662176520686));
#3296 = CARTESIAN_POINT('',(2.481884845927,0.656458439223));
#3297 = CARTESIAN_POINT('',(2.490315631543,0.650521420566));
#3298 = CARTESIAN_POINT('',(2.50663934768,0.63828366987));
#3299 = CARTESIAN_POINT('',(2.514537187876,0.63199003578));
#3300 = CARTESIAN_POINT('',(2.522218452584,0.625470990609));
#3301 = CARTESIAN_POINT('',(2.529669806218,0.618719428791));
#3302 = CARTESIAN_POINT('',(2.536875691999,0.611728060703));
#3303 = CARTESIAN_POINT('',(2.543818301528,0.604489221063));
#3304 = CARTESIAN_POINT('',(2.550477359319,0.596994432968));
#3305 = CARTESIAN_POINT('',(2.564421133365,0.57995927252));
#3306 = CARTESIAN_POINT('',(2.571568302005,0.570312629455));
#3307 = CARTESIAN_POINT('',(2.57823876425,0.560270776346));
#3308 = CARTESIAN_POINT('',(2.584383759732,0.549816398498));
#3309 = CARTESIAN_POINT('',(2.589941026751,0.53893908955));
#3310 = CARTESIAN_POINT('',(2.594837165491,0.527636158254));
#3311 = CARTESIAN_POINT('',(2.598989569374,0.515913041035));
#3312 = CARTESIAN_POINT('',(2.603427166178,0.499692110301));
#3313 = CARTESIAN_POINT('',(2.604451154988,0.495555972524));
#3314 = CARTESIAN_POINT('',(2.605376371635,0.491376104369));
#3315 = CARTESIAN_POINT('',(2.606199188799,0.487154126289));
#3316 = CARTESIAN_POINT('',(2.606915964566,0.482892113471));
#3317 = CARTESIAN_POINT('',(2.607523135809,0.478592627491));
#3318 = CARTESIAN_POINT('',(2.608017311545,0.474258747983));
#3319 = CARTESIAN_POINT('',(2.60860177182,0.467511151946));
#3320 = CARTESIAN_POINT('',(2.608773570393,0.465119042871));
#3321 = CARTESIAN_POINT('',(2.608910241862,0.462718382627));
#3322 = CARTESIAN_POINT('',(2.609011305454,0.460309827162));
#3323 = CARTESIAN_POINT('',(2.609076319793,0.45789408281));
#3324 = CARTESIAN_POINT('',(2.609104882902,0.455471906294));
#3325 = CARTESIAN_POINT('',(2.6090966322,0.453044104725));
#3326 = CARTESIAN_POINT('',(2.60895876674,0.445655158294));
#3327 = CARTESIAN_POINT('',(2.608712131393,0.440678495966));
#3328 = CARTESIAN_POINT('',(2.608308686877,0.43568942105));
#3329 = CARTESIAN_POINT('',(2.607746766888,0.430696140101));
#3330 = CARTESIAN_POINT('',(2.607025816691,0.42570719392));
#3331 = CARTESIAN_POINT('',(2.606146519401,0.420731457686));
#3332 = CARTESIAN_POINT('',(2.605110922269,0.41577814109));
#3333 = CARTESIAN_POINT('',(2.602511879876,0.40501472632));
#3334 = CARTESIAN_POINT('',(2.600885585864,0.399216356617));
#3335 = CARTESIAN_POINT('',(2.599049591543,0.393477991191));
#3336 = CARTESIAN_POINT('',(2.597012064345,0.387813754269));
#3337 = CARTESIAN_POINT('',(2.594783017387,0.382235780446));
#3338 = CARTESIAN_POINT('',(2.592373898338,0.376754412663));
#3339 = CARTESIAN_POINT('',(2.589797178281,0.371378400179));
#3340 = CARTESIAN_POINT('',(2.585613291327,0.363315730486));
#3341 = CARTESIAN_POINT('',(2.58411678022,0.360547987747));
#3342 = CARTESIAN_POINT('',(2.582578307247,0.357812769207));
#3343 = CARTESIAN_POINT('',(2.580999740983,0.355110827544));
#3344 = CARTESIAN_POINT('',(2.579382918596,0.352442767227));
#3345 = CARTESIAN_POINT('',(2.577729645846,0.349809044525));
#3346 = CARTESIAN_POINT('',(2.576041697084,0.347209967502));
#3347 = CARTESIAN_POINT('',(2.57073242092,0.339298659929));
#3348 = CARTESIAN_POINT('',(2.567001030631,0.334103458159));
#3349 = CARTESIAN_POINT('',(2.563141831447,0.329061017564));
#3350 = CARTESIAN_POINT('',(2.559168953153,0.32417058357));
#3351 = CARTESIAN_POINT('',(2.555095306859,0.319429990695));
#3352 = CARTESIAN_POINT('',(2.550932423607,0.314835933075));
#3353 = CARTESIAN_POINT('',(2.546690292972,0.310384234984));
#3354 = CARTESIAN_POINT('',(2.535450969281,0.299142247262));
#3355 = CARTESIAN_POINT('',(2.528344242411,0.292571504023));
#3356 = CARTESIAN_POINT('',(2.521090163695,0.286336199342));
#3357 = CARTESIAN_POINT('',(2.513716604007,0.280415809344));
#3358 = CARTESIAN_POINT('',(2.506246346821,0.274790800359));
#3359 = CARTESIAN_POINT('',(2.498697272579,0.269442450706));
#3360 = CARTESIAN_POINT('',(2.491082543057,0.264352672471));
#3361 = CARTESIAN_POINT('',(2.475357983524,0.254414159412));
#3362 = CARTESIAN_POINT('',(2.467244982572,0.249591677397));
#3363 = CARTESIAN_POINT('',(2.459083438139,0.245016951127));
#3364 = CARTESIAN_POINT('',(2.450883051238,0.240673296622));
#3365 = CARTESIAN_POINT('',(2.442651732655,0.236545999897));
#3366 = CARTESIAN_POINT('',(2.434395709904,0.23262177792));
#3367 = CARTESIAN_POINT('',(2.426119577131,0.228888482684));
#3368 = CARTESIAN_POINT('',(2.406703503044,0.220569257122));
#3369 = CARTESIAN_POINT('',(2.395551862322,0.216127827623));
#3370 = CARTESIAN_POINT('',(2.384379497345,0.211984274559));
#3371 = CARTESIAN_POINT('',(2.373193053144,0.208116722574));
#3372 = CARTESIAN_POINT('',(2.361997734234,0.204506583823));
#3373 = CARTESIAN_POINT('',(2.3507973244,0.201137649192));
#3374 = CARTESIAN_POINT('',(2.339594180221,0.197995593186));
#3375 = CARTESIAN_POINT('',(2.29908040618,0.187409926424));
#3376 = CARTESIAN_POINT('',(2.269774103758,0.181222388555));
#3377 = CARTESIAN_POINT('',(2.24048404942,0.176277303865));
#3378 = CARTESIAN_POINT('',(2.211222554803,0.172443607912));
#3379 = CARTESIAN_POINT('',(2.18199391135,0.169626272704));
#3380 = CARTESIAN_POINT('',(2.15279308738,0.16776812136));
#3381 = CARTESIAN_POINT('',(2.123603964896,0.166837833344));
#3382 = CARTESIAN_POINT('',(2.094395102393,0.166837833344));
#3383 = ( GEOMETRIC_REPRESENTATION_CONTEXT(2) 
PARAMETRIC_REPRESENTATION_CONTEXT() REPRESENTATION_CONTEXT('2D SPACE',''
  ) );
#3384 = PCURVE('',#3385,#3390);
#3385 = CYLINDRICAL_SURFACE('',#3386,4.);
#3386 = AXIS2_PLACEMENT_3D('',#3387,#3388,#3389);
#3387 = CARTESIAN_POINT('',(-33.47599260282,-10.01787997811,466.02));
#3388 = DIRECTION('',(-0.866025403784,-0.5,0.));
#3389 = DIRECTION('',(0.5,-0.866025403784,0.));
#3390 = DEFINITIONAL_REPRESENTATION('',(#3391),#3590);
#3391 = B_SPLINE_CURVE_WITH_KNOTS('',8,(#3392,#3393,#3394,#3395,#3396,
    #3397,#3398,#3399,#3400,#3401,#3402,#3403,#3404,#3405,#3406,#3407,
    #3408,#3409,#3410,#3411,#3412,#3413,#3414,#3415,#3416,#3417,#3418,
    #3419,#3420,#3421,#3422,#3423,#3424,#3425,#3426,#3427,#3428,#3429,
    #3430,#3431,#3432,#3433,#3434,#3435,#3436,#3437,#3438,#3439,#3440,
    #3441,#3442,#3443,#3444,#3445,#3446,#3447,#3448,#3449,#3450,#3451,
    #3452,#3453,#3454,#3455,#3456,#3457,#3458,#3459,#3460,#3461,#3462,
    #3463,#3464,#3465,#3466,#3467,#3468,#3469,#3470,#3471,#3472,#3473,
    #3474,#3475,#3476,#3477,#3478,#3479,#3480,#3481,#3482,#3483,#3484,
    #3485,#3486,#3487,#3488,#3489,#3490,#3491,#3492,#3493,#3494,#3495,
    #3496,#3497,#3498,#3499,#3500,#3501,#3502,#3503,#3504,#3505,#3506,
    #3507,#3508,#3509,#3510,#3511,#3512,#3513,#3514,#3515,#3516,#3517,
    #3518,#3519,#3520,#3521,#3522,#3523,#3524,#3525,#3526,#3527,#3528,
    #3529,#3530,#3531,#3532,#3533,#3534,#3535,#3536,#3537,#3538,#3539,
    #3540,#3541,#3542,#3543,#3544,#3545,#3546,#3547,#3548,#3549,#3550,
    #3551,#3552,#3553,#3554,#3555,#3556,#3557,#3558,#3559,#3560,#3561,
    #3562,#3563,#3564,#3565,#3566,#3567,#3568,#3569,#3570,#3571,#3572,
    #3573,#3574,#3575,#3576,#3577,#3578,#3579,#3580,#3581,#3582,#3583,
    #3584,#3585,#3586,#3587,#3588,#3589),.UNSPECIFIED.,.T.,.F.,(9,7,7,7,
    7,7,7,7,7,7,7,7,7,7,7,7,7,7,7,7,7,7,7,7,7,7,7,7,9),(0.,
    0.112243846356,0.150661632112,0.180921230376,0.216968854632,
    0.229263219325,0.23597922657,0.249670780825,0.265936854762,
    0.274594170845,0.292660843102,0.321718542314,0.352289742129,
    0.383020859599,0.499977928369,0.619536324129,0.650523650917,
    0.681070668717,0.717575977026,0.729888781792,0.736611169478,
    0.750308083343,0.766567479509,0.775215280388,0.793247732753,
    0.822205375138,0.852601300993,0.893367677066,1.),.UNSPECIFIED.);
#3392 = CARTESIAN_POINT('',(5.400402273631,6.));
#3393 = CARTESIAN_POINT('',(5.400402273631,5.829958356989));
#3394 = CARTESIAN_POINT('',(5.402649170014,5.660229330488));
#3395 = CARTESIAN_POINT('',(5.407131773135,5.49087854801));
#3396 = CARTESIAN_POINT('',(5.41388854757,5.322073168243));
#3397 = CARTESIAN_POINT('',(5.423012522665,5.154132961463));
#3398 = CARTESIAN_POINT('',(5.434636931756,4.987515078745));
#3399 = CARTESIAN_POINT('',(5.448950237329,4.822821421137));
#3400 = CARTESIAN_POINT('',(5.472223818976,4.605502549849));
#3401 = CARTESIAN_POINT('',(5.47851243433,4.550418951474));
#3402 = CARTESIAN_POINT('',(5.485168662082,4.495699270989));
#3403 = CARTESIAN_POINT('',(5.492207812228,4.441385590282));
#3404 = CARTESIAN_POINT('',(5.499646916373,4.387529506717));
#3405 = CARTESIAN_POINT('',(5.507505223881,4.334192650415));
#3406 = CARTESIAN_POINT('',(5.515805165945,4.281447739038));
#3407 = CARTESIAN_POINT('',(5.531480353405,4.188369380742));
#3408 = CARTESIAN_POINT('',(5.538676704365,4.147784728684));
#3409 = CARTESIAN_POINT('',(5.546176325297,4.107665192119));
#3410 = CARTESIAN_POINT('',(5.553993652233,4.068061352378));
#3411 = CARTESIAN_POINT('',(5.562144060488,4.029035292481));
#3412 = CARTESIAN_POINT('',(5.57064420774,3.990661108994));
#3413 = CARTESIAN_POINT('',(5.57951273207,3.953026037163));
#3414 = CARTESIAN_POINT('',(5.599800848492,3.872400450727));
#3415 = CARTESIAN_POINT('',(5.611375228293,3.829797218996));
#3416 = CARTESIAN_POINT('',(5.623537655905,3.788559955043));
#3417 = CARTESIAN_POINT('',(5.636327706059,3.748908518786));
#3418 = CARTESIAN_POINT('',(5.64977998517,3.71114015688));
#3419 = CARTESIAN_POINT('',(5.663922998159,3.675624923333));
#3420 = CARTESIAN_POINT('',(5.678778213571,3.642801533014));
#3421 = CARTESIAN_POINT('',(5.699673405102,3.603068792882));
#3422 = CARTESIAN_POINT('',(5.705070242994,3.593338861842));
#3423 = CARTESIAN_POINT('',(5.710549491685,3.58400487432));
#3424 = CARTESIAN_POINT('',(5.716110273309,3.575089175272));
#3425 = CARTESIAN_POINT('',(5.72175110947,3.566615019573));
#3426 = CARTESIAN_POINT('',(5.727469849576,3.558606156372));
#3427 = CARTESIAN_POINT('',(5.733263599184,3.551086413432));
#3428 = CARTESIAN_POINT('',(5.74233253188,3.540251515659));
#3429 = CARTESIAN_POINT('',(5.745557671139,3.53657669737));
#3430 = CARTESIAN_POINT('',(5.748803444694,3.533058732405));
#3431 = CARTESIAN_POINT('',(5.752069151132,3.529701414293));
#3432 = CARTESIAN_POINT('',(5.755354009048,3.526508424305));
#3433 = CARTESIAN_POINT('',(5.758657157052,3.523483331446));
#3434 = CARTESIAN_POINT('',(5.761977653762,3.520629592462));
#3435 = CARTESIAN_POINT('',(5.772117077301,3.512488939191));
#3436 = CARTESIAN_POINT('',(5.778988201333,3.507752721162));
#3437 = CARTESIAN_POINT('',(5.785918322342,3.503770500399));
#3438 = CARTESIAN_POINT('',(5.792897160593,3.500566727657));
#3439 = CARTESIAN_POINT('',(5.799913633967,3.498160884204));
#3440 = CARTESIAN_POINT('',(5.806955807749,3.496566664222));
#3441 = CARTESIAN_POINT('',(5.814010844421,3.495791157213));
#3442 = CARTESIAN_POINT('',(5.829445496435,3.495884965336));
#3443 = CARTESIAN_POINT('',(5.837826669753,3.497091044045));
#3444 = CARTESIAN_POINT('',(5.846184896105,3.499452269482));
#3445 = CARTESIAN_POINT('',(5.854498786871,3.502953705084));
#3446 = CARTESIAN_POINT('',(5.862749000207,3.50756761582));
#3447 = CARTESIAN_POINT('',(5.870918099162,3.513255609237));
#3448 = CARTESIAN_POINT('',(5.878990409777,3.519970776511));
#3449 = CARTESIAN_POINT('',(5.891189223601,3.531752191426));
#3450 = CARTESIAN_POINT('',(5.895395570853,3.536120907555));
#3451 = CARTESIAN_POINT('',(5.899569102502,3.540758061705));
#3452 = CARTESIAN_POINT('',(5.903708206684,3.545655622774));
#3453 = CARTESIAN_POINT('',(5.907811478123,3.550805448743));
#3454 = CARTESIAN_POINT('',(5.911877718134,3.556199286667));
#3455 = CARTESIAN_POINT('',(5.915905934621,3.561828772682));
#3456 = CARTESIAN_POINT('',(5.928220707162,3.579907504451));
#3457 = CARTESIAN_POINT('',(5.936376326515,3.593118503952));
#3458 = CARTESIAN_POINT('',(5.944355966012,3.607244084706));
#3459 = CARTESIAN_POINT('',(5.952155957459,3.622211871309));
#3460 = CARTESIAN_POINT('',(5.959774892535,3.63795291747));
#3461 = CARTESIAN_POINT('',(5.967213316718,3.65440316473));
#3462 = CARTESIAN_POINT('',(5.974473423226,3.671504901178));
#3463 = CARTESIAN_POINT('',(5.992954492815,3.717681516803));
#3464 = CARTESIAN_POINT('',(6.003894209767,3.747700510002));
#3465 = CARTESIAN_POINT('',(6.014395499795,3.779061063615));
#3466 = CARTESIAN_POINT('',(6.024476109605,3.8115855801));
#3467 = CARTESIAN_POINT('',(6.034154094791,3.845122745166));
#3468 = CARTESIAN_POINT('',(6.04344798401,3.879547272424));
#3469 = CARTESIAN_POINT('',(6.052376943155,3.914759648028));
#3470 = CARTESIAN_POINT('',(6.069992042313,3.988483357677));
#3471 = CARTESIAN_POINT('',(6.078638225998,4.027058490395));
#3472 = CARTESIAN_POINT('',(6.08692096635,4.066316614216));
#3473 = CARTESIAN_POINT('',(6.094858690463,4.106176813322));
#3474 = CARTESIAN_POINT('',(6.10246779999,4.146570306603));
#3475 = CARTESIAN_POINT('',(6.109763354543,4.187439394781));
#3476 = CARTESIAN_POINT('',(6.116759415267,4.228736963372));
#3477 = CARTESIAN_POINT('',(6.130213779914,4.31233419741));
#3478 = CARTESIAN_POINT('',(6.136668363966,4.354633246637));
#3479 = CARTESIAN_POINT('',(6.142845629855,4.397283482194));
#3480 = CARTESIAN_POINT('',(6.148756880067,4.44024946283));
#3481 = CARTESIAN_POINT('',(6.154412130395,4.483500249059));
#3482 = CARTESIAN_POINT('',(6.159820349875,4.527009139189));
#3483 = CARTESIAN_POINT('',(6.164989700722,4.570753405347));
#3484 = CARTESIAN_POINT('',(6.188721207328,4.782020205336));
#3485 = CARTESIAN_POINT('',(6.204152589795,4.952354216265));
#3486 = CARTESIAN_POINT('',(6.216656222319,5.124785664494));
#3487 = CARTESIAN_POINT('',(6.226445648694,5.298642939953));
#3488 = CARTESIAN_POINT('',(6.23368861301,5.473395727025));
#3489 = CARTESIAN_POINT('',(6.238481513993,5.648676643927));
#3490 = CARTESIAN_POINT('',(6.24088295472,5.824243596551));
#3491 = CARTESIAN_POINT('',(6.240882902884,6.179669864996));
#3492 = CARTESIAN_POINT('',(6.238373366759,6.359117168943));
#3493 = CARTESIAN_POINT('',(6.23336617987,6.538259639639));
#3494 = CARTESIAN_POINT('',(6.225796305925,6.716843750116));
#3495 = CARTESIAN_POINT('',(6.215559284445,6.894475788757));
#3496 = CARTESIAN_POINT('',(6.202469385953,7.070574003845));
#3497 = CARTESIAN_POINT('',(6.186295141755,7.244399209104));
#3498 = CARTESIAN_POINT('',(6.161431116567,7.45910218229));
#3499 = CARTESIAN_POINT('',(6.156074302437,7.503064296164));
#3500 = CARTESIAN_POINT('',(6.150470350862,7.546774995882));
#3501 = CARTESIAN_POINT('',(6.144610497348,7.590209625214));
#3502 = CARTESIAN_POINT('',(6.138485111863,7.633339066008));
#3503 = CARTESIAN_POINT('',(6.13208342947,7.676129431538));
#3504 = CARTESIAN_POINT('',(6.125393280966,7.718541759862));
#3505 = CARTESIAN_POINT('',(6.111507724168,7.801925005679));
#3506 = CARTESIAN_POINT('',(6.104321665118,7.842902613812));
#3507 = CARTESIAN_POINT('',(6.096828882116,7.883425528754));
#3508 = CARTESIAN_POINT('',(6.089014618742,7.923442984702));
#3509 = CARTESIAN_POINT('',(6.080863139191,7.962892550483));
#3510 = CARTESIAN_POINT('',(6.072357372593,8.001699600125));
#3511 = CARTESIAN_POINT('',(6.063478188871,8.039776156408));
#3512 = CARTESIAN_POINT('',(6.043119328731,8.121526411367));
#3513 = CARTESIAN_POINT('',(6.031479291118,8.164806696535));
#3514 = CARTESIAN_POINT('',(6.019238279861,8.2067212215));
#3515 = CARTESIAN_POINT('',(6.006354987296,8.247045405293));
#3516 = CARTESIAN_POINT('',(5.992793108894,8.285473988354));
#3517 = CARTESIAN_POINT('',(5.978522500447,8.321625568467));
#3518 = CARTESIAN_POINT('',(5.963520095051,8.355046511611));
#3519 = CARTESIAN_POINT('',(5.942458456423,8.395389451679));
#3520 = CARTESIAN_POINT('',(5.937063063096,8.405191236568));
#3521 = CARTESIAN_POINT('',(5.931584723581,8.414598470311));
#3522 = CARTESIAN_POINT('',(5.926024290551,8.423588684346));
#3523 = CARTESIAN_POINT('',(5.920383218302,8.432138478914));
#3524 = CARTESIAN_POINT('',(5.914663635374,8.440223938325));
#3525 = CARTESIAN_POINT('',(5.908868417165,8.447821046228));
#3526 = CARTESIAN_POINT('',(5.899797982323,8.458774308411));
#3527 = CARTESIAN_POINT('',(5.896573282873,8.462489902379));
#3528 = CARTESIAN_POINT('',(5.893327778163,8.466048948569));
#3529 = CARTESIAN_POINT('',(5.890062166508,8.469447623172));
#3530 = CARTESIAN_POINT('',(5.886777226576,8.47268221278));
#3531 = CARTESIAN_POINT('',(5.883473817387,8.475749114386));
#3532 = CARTESIAN_POINT('',(5.880152878315,8.478644835389));
#3533 = CARTESIAN_POINT('',(5.870015351977,8.486910373228));
#3534 = CARTESIAN_POINT('',(5.863146066983,8.491730739586));
#3535 = CARTESIAN_POINT('',(5.856217074348,8.495798210067));
#3536 = CARTESIAN_POINT('',(5.849238632314,8.499088024744));
#3537 = CARTESIAN_POINT('',(5.842221808701,8.501580370456));
#3538 = CARTESIAN_POINT('',(5.835178532486,8.503261204897));
#3539 = CARTESIAN_POINT('',(5.828121645388,8.504123080714));
#3540 = CARTESIAN_POINT('',(5.812688062782,8.504216882337));
#3541 = CARTESIAN_POINT('',(5.8043095091,8.503113673361));
#3542 = CARTESIAN_POINT('',(5.795952838209,8.500855727411));
#3543 = CARTESIAN_POINT('',(5.787639430979,8.497457376843));
#3544 = CARTESIAN_POINT('',(5.779388641637,8.492945774918));
#3545 = CARTESIAN_POINT('',(5.771217936058,8.487358769104));
#3546 = CARTESIAN_POINT('',(5.76314303006,8.480742774368));
#3547 = CARTESIAN_POINT('',(5.750941723111,8.469112660709));
#3548 = CARTESIAN_POINT('',(5.746736107799,8.464798067713));
#3549 = CARTESIAN_POINT('',(5.74256300459,8.460214709779));
#3550 = CARTESIAN_POINT('',(5.738424030542,8.45537054547));
#3551 = CARTESIAN_POINT('',(5.734320596931,8.450273649613));
#3552 = CARTESIAN_POINT('',(5.730253909257,8.444932213303));
#3553 = CARTESIAN_POINT('',(5.726224967238,8.439354543902));
#3554 = CARTESIAN_POINT('',(5.713913750934,8.4214434416));
#3555 = CARTESIAN_POINT('',(5.705761236989,8.408347686576));
#3556 = CARTESIAN_POINT('',(5.69778332044,8.394335522152));
#3557 = CARTESIAN_POINT('',(5.689983743238,8.37947880058));
#3558 = CARTESIAN_POINT('',(5.682363994254,8.363846039168));
#3559 = CARTESIAN_POINT('',(5.674923611696,8.347500955257));
#3560 = CARTESIAN_POINT('',(5.667660485539,8.330501001205));
#3561 = CARTESIAN_POINT('',(5.649186676501,8.284624523238));
#3562 = CARTESIAN_POINT('',(5.638254255704,8.254802932462));
#3563 = CARTESIAN_POINT('',(5.627756722773,8.223633622113));
#3564 = CARTESIAN_POINT('',(5.617676709997,8.191292947317));
#3565 = CARTESIAN_POINT('',(5.607996499834,8.157931328485));
#3566 = CARTESIAN_POINT('',(5.598697868017,8.123673456551));
#3567 = CARTESIAN_POINT('',(5.589761926662,8.088618498215));
#3568 = CARTESIAN_POINT('',(5.572149208435,8.015285053756));
#3569 = CARTESIAN_POINT('',(5.563510396898,7.976945233282));
#3570 = CARTESIAN_POINT('',(5.555231494674,7.93791461043));
#3571 = CARTESIAN_POINT('',(5.547294437222,7.898273417841));
#3572 = CARTESIAN_POINT('',(5.539683136337,7.858089929956));
#3573 = CARTESIAN_POINT('',(5.532382813788,7.817421495718));
#3574 = CARTESIAN_POINT('',(5.525379665787,7.776315024144));
#3575 = CARTESIAN_POINT('',(5.509649735139,7.679137130735));
#3576 = CARTESIAN_POINT('',(5.501151663922,7.622754963847));
#3577 = CARTESIAN_POINT('',(5.493136148484,7.565753645));
#3578 = CARTESIAN_POINT('',(5.485578161739,7.508212230158));
#3579 = CARTESIAN_POINT('',(5.478456415609,7.450197447703));
#3580 = CARTESIAN_POINT('',(5.471752204957,7.391764907503));
#3581 = CARTESIAN_POINT('',(5.465448825536,7.33295967968));
#3582 = CARTESIAN_POINT('',(5.444053831794,7.119115172308));
#3583 = CARTESIAN_POINT('',(5.431225698174,6.96217976279));
#3584 = CARTESIAN_POINT('',(5.420777077884,6.803619780287));
#3585 = CARTESIAN_POINT('',(5.412559928777,6.643907814506));
#3586 = CARTESIAN_POINT('',(5.406464719164,6.48343134698));
#3587 = CARTESIAN_POINT('',(5.402424785025,6.322487810826));
#3588 = CARTESIAN_POINT('',(5.400402273631,6.161298436462));
#3589 = CARTESIAN_POINT('',(5.400402273631,6.));
#3590 = ( GEOMETRIC_REPRESENTATION_CONTEXT(2) 
PARAMETRIC_REPRESENTATION_CONTEXT() REPRESENTATION_CONTEXT('2D SPACE',''
  ) );
#3591 = ADVANCED_FACE('',(#3592),#1007,.F.);
#3592 = FACE_BOUND('',#3593,.F.);
#3593 = EDGE_LOOP('',(#3594,#3617,#3644,#3645));
#3594 = ORIENTED_EDGE('',*,*,#3595,.T.);
#3595 = EDGE_CURVE('',#991,#3596,#3598,.T.);
#3596 = VERTEX_POINT('',#3597);
#3597 = CARTESIAN_POINT('',(-6.5,-34.,463.4));
#3598 = SEAM_CURVE('',#3599,(#3603,#3610),.PCURVE_S1.);
#3599 = LINE('',#3600,#3601);
#3600 = CARTESIAN_POINT('',(-6.5,-34.,461.9));
#3601 = VECTOR('',#3602,1.);
#3602 = DIRECTION('',(0.,0.,1.));
#3603 = PCURVE('',#1007,#3604);
#3604 = DEFINITIONAL_REPRESENTATION('',(#3605),#3609);
#3605 = LINE('',#3606,#3607);
#3606 = CARTESIAN_POINT('',(6.28318530718,-0.));
#3607 = VECTOR('',#3608,1.);
#3608 = DIRECTION('',(0.,1.));
#3609 = ( GEOMETRIC_REPRESENTATION_CONTEXT(2) 
PARAMETRIC_REPRESENTATION_CONTEXT() REPRESENTATION_CONTEXT('2D SPACE',''
  ) );
#3610 = PCURVE('',#1007,#3611);
#3611 = DEFINITIONAL_REPRESENTATION('',(#3612),#3616);
#3612 = LINE('',#3613,#3614);
#3613 = CARTESIAN_POINT('',(0.,-0.));
#3614 = VECTOR('',#3615,1.);
#3615 = DIRECTION('',(0.,1.));
#3616 = ( GEOMETRIC_REPRESENTATION_CONTEXT(2) 
PARAMETRIC_REPRESENTATION_CONTEXT() REPRESENTATION_CONTEXT('2D SPACE',''
  ) );
#3617 = ORIENTED_EDGE('',*,*,#3618,.F.);
#3618 = EDGE_CURVE('',#3596,#3596,#3619,.T.);
#3619 = SURFACE_CURVE('',#3620,(#3625,#3632),.PCURVE_S1.);
#3620 = CIRCLE('',#3621,4.5);
#3621 = AXIS2_PLACEMENT_3D('',#3622,#3623,#3624);
#3622 = CARTESIAN_POINT('',(-11.,-34.,463.4));
#3623 = DIRECTION('',(0.,0.,1.));
#3624 = DIRECTION('',(1.,0.,-0.));
#3625 = PCURVE('',#1007,#3626);
#3626 = DEFINITIONAL_REPRESENTATION('',(#3627),#3631);
#3627 = LINE('',#3628,#3629);
#3628 = CARTESIAN_POINT('',(0.,1.5));
#3629 = VECTOR('',#3630,1.);
#3630 = DIRECTION('',(1.,0.));
#3631 = ( GEOMETRIC_REPRESENTATION_CONTEXT(2) 
PARAMETRIC_REPRESENTATION_CONTEXT() REPRESENTATION_CONTEXT('2D SPACE',''
  ) );
#3632 = PCURVE('',#3633,#3638);
#3633 = PLANE('',#3634);
#3634 = AXIS2_PLACEMENT_3D('',#3635,#3636,#3637);
#3635 = CARTESIAN_POINT('',(-11.,-34.,463.4));
#3636 = DIRECTION('',(0.,0.,1.));
#3637 = DIRECTION('',(1.,0.,-0.));
#3638 = DEFINITIONAL_REPRESENTATION('',(#3639),#3643);
#3639 = CIRCLE('',#3640,4.5);
#3640 = AXIS2_PLACEMENT_2D('',#3641,#3642);
#3641 = CARTESIAN_POINT('',(0.,0.));
#3642 = DIRECTION('',(1.,0.));
#3643 = ( GEOMETRIC_REPRESENTATION_CONTEXT(2) 
PARAMETRIC_REPRESENTATION_CONTEXT() REPRESENTATION_CONTEXT('2D SPACE',''
  ) );
#3644 = ORIENTED_EDGE('',*,*,#3595,.F.);
#3645 = ORIENTED_EDGE('',*,*,#990,.T.);
#3646 = ADVANCED_FACE('',(#3647),#1038,.F.);
#3647 = FACE_BOUND('',#3648,.F.);
#3648 = EDGE_LOOP('',(#3649,#3672,#3699,#3700));
#3649 = ORIENTED_EDGE('',*,*,#3650,.T.);
#3650 = EDGE_CURVE('',#1022,#3651,#3653,.T.);
#3651 = VERTEX_POINT('',#3652);
#3652 = CARTESIAN_POINT('',(5.5,-36.,463.4));
#3653 = SEAM_CURVE('',#3654,(#3658,#3665),.PCURVE_S1.);
#3654 = LINE('',#3655,#3656);
#3655 = CARTESIAN_POINT('',(5.5,-36.,461.9));
#3656 = VECTOR('',#3657,1.);
#3657 = DIRECTION('',(0.,0.,1.));
#3658 = PCURVE('',#1038,#3659);
#3659 = DEFINITIONAL_REPRESENTATION('',(#3660),#3664);
#3660 = LINE('',#3661,#3662);
#3661 = CARTESIAN_POINT('',(6.28318530718,-0.));
#3662 = VECTOR('',#3663,1.);
#3663 = DIRECTION('',(0.,1.));
#3664 = ( GEOMETRIC_REPRESENTATION_CONTEXT(2) 
PARAMETRIC_REPRESENTATION_CONTEXT() REPRESENTATION_CONTEXT('2D SPACE',''
  ) );
#3665 = PCURVE('',#1038,#3666);
#3666 = DEFINITIONAL_REPRESENTATION('',(#3667),#3671);
#3667 = LINE('',#3668,#3669);
#3668 = CARTESIAN_POINT('',(0.,-0.));
#3669 = VECTOR('',#3670,1.);
#3670 = DIRECTION('',(0.,1.));
#3671 = ( GEOMETRIC_REPRESENTATION_CONTEXT(2) 
PARAMETRIC_REPRESENTATION_CONTEXT() REPRESENTATION_CONTEXT('2D SPACE',''
  ) );
#3672 = ORIENTED_EDGE('',*,*,#3673,.F.);
#3673 = EDGE_CURVE('',#3651,#3651,#3674,.T.);
#3674 = SURFACE_CURVE('',#3675,(#3680,#3687),.PCURVE_S1.);
#3675 = CIRCLE('',#3676,5.5);
#3676 = AXIS2_PLACEMENT_3D('',#3677,#3678,#3679);
#3677 = CARTESIAN_POINT('',(0.,-36.,463.4));
#3678 = DIRECTION('',(0.,0.,1.));
#3679 = DIRECTION('',(1.,0.,-0.));
#3680 = PCURVE('',#1038,#3681);
#3681 = DEFINITIONAL_REPRESENTATION('',(#3682),#3686);
#3682 = LINE('',#3683,#3684);
#3683 = CARTESIAN_POINT('',(0.,1.5));
#3684 = VECTOR('',#3685,1.);
#3685 = DIRECTION('',(1.,0.));
#3686 = ( GEOMETRIC_REPRESENTATION_CONTEXT(2) 
PARAMETRIC_REPRESENTATION_CONTEXT() REPRESENTATION_CONTEXT('2D SPACE',''
  ) );
#3687 = PCURVE('',#3688,#3693);
#3688 = PLANE('',#3689);
#3689 = AXIS2_PLACEMENT_3D('',#3690,#3691,#3692);
#3690 = CARTESIAN_POINT('',(0.,-36.,463.4));
#3691 = DIRECTION('',(0.,0.,1.));
#3692 = DIRECTION('',(1.,0.,-0.));
#3693 = DEFINITIONAL_REPRESENTATION('',(#3694),#3698);
#3694 = CIRCLE('',#3695,5.5);
#3695 = AXIS2_PLACEMENT_2D('',#3696,#3697);
#3696 = CARTESIAN_POINT('',(0.,0.));
#3697 = DIRECTION('',(1.,0.));
#3698 = ( GEOMETRIC_REPRESENTATION_CONTEXT(2) 
PARAMETRIC_REPRESENTATION_CONTEXT() REPRESENTATION_CONTEXT('2D SPACE',''
  ) );
#3699 = ORIENTED_EDGE('',*,*,#3650,.F.);
#3700 = ORIENTED_EDGE('',*,*,#1021,.T.);
#3701 = ADVANCED_FACE('',(#3702),#1069,.F.);
#3702 = FACE_BOUND('',#3703,.F.);
#3703 = EDGE_LOOP('',(#3704,#3727,#3754,#3755));
#3704 = ORIENTED_EDGE('',*,*,#3705,.T.);
#3705 = EDGE_CURVE('',#1053,#3706,#3708,.T.);
#3706 = VERTEX_POINT('',#3707);
#3707 = CARTESIAN_POINT('',(15.5,-34.,463.4));
#3708 = SEAM_CURVE('',#3709,(#3713,#3720),.PCURVE_S1.);
#3709 = LINE('',#3710,#3711);
#3710 = CARTESIAN_POINT('',(15.5,-34.,461.9));
#3711 = VECTOR('',#3712,1.);
#3712 = DIRECTION('',(0.,0.,1.));
#3713 = PCURVE('',#1069,#3714);
#3714 = DEFINITIONAL_REPRESENTATION('',(#3715),#3719);
#3715 = LINE('',#3716,#3717);
#3716 = CARTESIAN_POINT('',(6.28318530718,-0.));
#3717 = VECTOR('',#3718,1.);
#3718 = DIRECTION('',(0.,1.));
#3719 = ( GEOMETRIC_REPRESENTATION_CONTEXT(2) 
PARAMETRIC_REPRESENTATION_CONTEXT() REPRESENTATION_CONTEXT('2D SPACE',''
  ) );
#3720 = PCURVE('',#1069,#3721);
#3721 = DEFINITIONAL_REPRESENTATION('',(#3722),#3726);
#3722 = LINE('',#3723,#3724);
#3723 = CARTESIAN_POINT('',(0.,-0.));
#3724 = VECTOR('',#3725,1.);
#3725 = DIRECTION('',(0.,1.));
#3726 = ( GEOMETRIC_REPRESENTATION_CONTEXT(2) 
PARAMETRIC_REPRESENTATION_CONTEXT() REPRESENTATION_CONTEXT('2D SPACE',''
  ) );
#3727 = ORIENTED_EDGE('',*,*,#3728,.F.);
#3728 = EDGE_CURVE('',#3706,#3706,#3729,.T.);
#3729 = SURFACE_CURVE('',#3730,(#3735,#3742),.PCURVE_S1.);
#3730 = CIRCLE('',#3731,4.5);
#3731 = AXIS2_PLACEMENT_3D('',#3732,#3733,#3734);
#3732 = CARTESIAN_POINT('',(11.,-34.,463.4));
#3733 = DIRECTION('',(0.,0.,1.));
#3734 = DIRECTION('',(1.,0.,-0.));
#3735 = PCURVE('',#1069,#3736);
#3736 = DEFINITIONAL_REPRESENTATION('',(#3737),#3741);
#3737 = LINE('',#3738,#3739);
#3738 = CARTESIAN_POINT('',(0.,1.5));
#3739 = VECTOR('',#3740,1.);
#3740 = DIRECTION('',(1.,0.));
#3741 = ( GEOMETRIC_REPRESENTATION_CONTEXT(2) 
PARAMETRIC_REPRESENTATION_CONTEXT() REPRESENTATION_CONTEXT('2D SPACE',''
  ) );
#3742 = PCURVE('',#3743,#3748);
#3743 = PLANE('',#3744);
#3744 = AXIS2_PLACEMENT_3D('',#3745,#3746,#3747);
#3745 = CARTESIAN_POINT('',(11.,-34.,463.4));
#3746 = DIRECTION('',(0.,0.,1.));
#3747 = DIRECTION('',(1.,0.,-0.));
#3748 = DEFINITIONAL_REPRESENTATION('',(#3749),#3753);
#3749 = CIRCLE('',#3750,4.5);
#3750 = AXIS2_PLACEMENT_2D('',#3751,#3752);
#3751 = CARTESIAN_POINT('',(0.,0.));
#3752 = DIRECTION('',(1.,0.));
#3753 = ( GEOMETRIC_REPRESENTATION_CONTEXT(2) 
PARAMETRIC_REPRESENTATION_CONTEXT() REPRESENTATION_CONTEXT('2D SPACE',''
  ) );
#3754 = ORIENTED_EDGE('',*,*,#3705,.F.);
#3755 = ORIENTED_EDGE('',*,*,#1052,.T.);
#3756 = ADVANCED_FACE('',(#3757,#3785,#4400),#1100,.F.);
#3757 = FACE_BOUND('',#3758,.F.);
#3758 = EDGE_LOOP('',(#3759,#3783,#3784));
#3759 = ORIENTED_EDGE('',*,*,#3760,.T.);
#3760 = EDGE_CURVE('',#1084,#3761,#3763,.T.);
#3761 = VERTEX_POINT('',#3762);
#3762 = CARTESIAN_POINT('',(34.641016151378,-20.,467.6));
#3763 = SEAM_CURVE('',#3764,(#3769,#3776),.PCURVE_S1.);
#3764 = CIRCLE('',#3765,5.6);
#3765 = AXIS2_PLACEMENT_3D('',#3766,#3767,#3768);
#3766 = CARTESIAN_POINT('',(34.641016151378,-20.,462.));
#3767 = DIRECTION('',(-2.449293598295E-16,-1.,0.));
#3768 = DIRECTION('',(1.,-2.449293598295E-16,0.));
#3769 = PCURVE('',#1100,#3770);
#3770 = DEFINITIONAL_REPRESENTATION('',(#3771),#3775);
#3771 = LINE('',#3772,#3773);
#3772 = CARTESIAN_POINT('',(6.28318530718,-6.28318530718));
#3773 = VECTOR('',#3774,1.);
#3774 = DIRECTION('',(0.,1.));
#3775 = ( GEOMETRIC_REPRESENTATION_CONTEXT(2) 
PARAMETRIC_REPRESENTATION_CONTEXT() REPRESENTATION_CONTEXT('2D SPACE',''
  ) );
#3776 = PCURVE('',#1100,#3777);
#3777 = DEFINITIONAL_REPRESENTATION('',(#3778),#3782);
#3778 = LINE('',#3779,#3780);
#3779 = CARTESIAN_POINT('',(0.,-6.28318530718));
#3780 = VECTOR('',#3781,1.);
#3781 = DIRECTION('',(0.,1.));
#3782 = ( GEOMETRIC_REPRESENTATION_CONTEXT(2) 
PARAMETRIC_REPRESENTATION_CONTEXT() REPRESENTATION_CONTEXT('2D SPACE',''
  ) );
#3783 = ORIENTED_EDGE('',*,*,#3760,.F.);
#3784 = ORIENTED_EDGE('',*,*,#1083,.T.);
#3785 = FACE_BOUND('',#3786,.F.);
#3786 = EDGE_LOOP('',(#3787));
#3787 = ORIENTED_EDGE('',*,*,#3788,.T.);
#3788 = EDGE_CURVE('',#3789,#3789,#3791,.T.);
#3789 = VERTEX_POINT('',#3790);
#3790 = CARTESIAN_POINT('',(36.673934249878,-16.47888256577,
    465.8508409496));
#3791 = SURFACE_CURVE('',#3792,(#3991,#4193),.PCURVE_S1.);
#3792 = B_SPLINE_CURVE_WITH_KNOTS('',8,(#3793,#3794,#3795,#3796,#3797,
    #3798,#3799,#3800,#3801,#3802,#3803,#3804,#3805,#3806,#3807,#3808,
    #3809,#3810,#3811,#3812,#3813,#3814,#3815,#3816,#3817,#3818,#3819,
    #3820,#3821,#3822,#3823,#3824,#3825,#3826,#3827,#3828,#3829,#3830,
    #3831,#3832,#3833,#3834,#3835,#3836,#3837,#3838,#3839,#3840,#3841,
    #3842,#3843,#3844,#3845,#3846,#3847,#3848,#3849,#3850,#3851,#3852,
    #3853,#3854,#3855,#3856,#3857,#3858,#3859,#3860,#3861,#3862,#3863,
    #3864,#3865,#3866,#3867,#3868,#3869,#3870,#3871,#3872,#3873,#3874,
    #3875,#3876,#3877,#3878,#3879,#3880,#3881,#3882,#3883,#3884,#3885,
    #3886,#3887,#3888,#3889,#3890,#3891,#3892,#3893,#3894,#3895,#3896,
    #3897,#3898,#3899,#3900,#3901,#3902,#3903,#3904,#3905,#3906,#3907,
    #3908,#3909,#3910,#3911,#3912,#3913,#3914,#3915,#3916,#3917,#3918,
    #3919,#3920,#3921,#3922,#3923,#3924,#3925,#3926,#3927,#3928,#3929,
    #3930,#3931,#3932,#3933,#3934,#3935,#3936,#3937,#3938,#3939,#3940,
    #3941,#3942,#3943,#3944,#3945,#3946,#3947,#3948,#3949,#3950,#3951,
    #3952,#3953,#3954,#3955,#3956,#3957,#3958,#3959,#3960,#3961,#3962,
    #3963,#3964,#3965,#3966,#3967,#3968,#3969,#3970,#3971,#3972,#3973,
    #3974,#3975,#3976,#3977,#3978,#3979,#3980,#3981,#3982,#3983,#3984,
    #3985,#3986,#3987,#3988,#3989,#3990),.UNSPECIFIED.,.T.,.F.,(9,7,7,7,
    7,7,7,7,7,7,7,7,7,7,7,7,7,7,7,7,7,7,7,7,7,7,7,7,9),(0.,
    0.112897359199,0.151437353732,0.181745342377,0.217555934565,
    0.229868539089,0.23659081745,0.250287508564,0.266546640305,
    0.275194300546,0.293226459651,0.322183631101,0.352579062629,
    0.383039824733,0.499981065713,0.618859083725,0.649752069084,
    0.680249192921,0.716746022829,0.729063704429,0.735788733104,
    0.749693181062,0.765959591081,0.774617086038,0.792684131581,
    0.82174243117,0.852314262634,0.892737939665,1.),.UNSPECIFIED.);
#3793 = CARTESIAN_POINT('',(36.673934249878,-16.47888256577,
    465.8508409496));
#3794 = CARTESIAN_POINT('',(36.526809440295,-16.39394001735,
    465.8508409496));
#3795 = CARTESIAN_POINT('',(36.380151602978,-16.30883097093,
    465.84187760414));
#3796 = CARTESIAN_POINT('',(36.233991327452,-16.22356683234,
    465.82399859836));
#3797 = CARTESIAN_POINT('',(36.088501473634,-16.13812447574,
    465.79704497133));
#3798 = CARTESIAN_POINT('',(35.944063710164,-16.05243649235,
    465.76064239705));
#3799 = CARTESIAN_POINT('',(35.801252773476,-15.96638905976,
    465.71425895312));
#3800 = CARTESIAN_POINT('',(35.660870176126,-15.87977962502,
    465.65715946611));
#3801 = CARTESIAN_POINT('',(35.477489760285,-15.76228478918,
    465.56450695527));
#3802 = CARTESIAN_POINT('',(35.431252292156,-15.73227085407,
    465.5395339639));
#3803 = CARTESIAN_POINT('',(35.385494269697,-15.70212693616,
    465.51311707926));
#3804 = CARTESIAN_POINT('',(35.340274580565,-15.67183503794,
    465.48520023054));
#3805 = CARTESIAN_POINT('',(35.295663669592,-15.64137654562,
    465.45572184521));
#3806 = CARTESIAN_POINT('',(35.25174472551,-15.61073121896,
    465.42461332673));
#3807 = CARTESIAN_POINT('',(35.208615803673,-15.57987564348,
    465.3917959101));
#3808 = CARTESIAN_POINT('',(35.133188631303,-15.52432832062,
    465.32995059251));
#3809 = CARTESIAN_POINT('',(35.100549563238,-15.49973128939,
    465.30161442394));
#3810 = CARTESIAN_POINT('',(35.068529707982,-15.47497466571,
    465.27212072262));
#3811 = CARTESIAN_POINT('',(35.037195709028,-15.45004469277,
    465.24142049899));
#3812 = CARTESIAN_POINT('',(35.006626920339,-15.4249288812,
    465.20946271358));
#3813 = CARTESIAN_POINT('',(34.976916391903,-15.39961534283,
    465.17619335777));
#3814 = CARTESIAN_POINT('',(34.948172746445,-15.37409181952,
    465.14155334272));
#3815 = CARTESIAN_POINT('',(34.887853155421,-15.31792239199,
    465.06284683868));
#3816 = CARTESIAN_POINT('',(34.856735770386,-15.28721135007,
    465.0182436433));
#3817 = CARTESIAN_POINT('',(34.8273532251,-15.25616754458,
    464.97152948966));
#3818 = CARTESIAN_POINT('',(34.79996424736,-15.22477559283,
    464.92258928949));
#3819 = CARTESIAN_POINT('',(34.77489968884,-15.1930462485,
    464.87133576346));
#3820 = CARTESIAN_POINT('',(34.752557848081,-15.16101585031,
    464.81771531997));
#3821 = CARTESIAN_POINT('',(34.733399287505,-15.12874743693,
    464.76171303644));
#3822 = CARTESIAN_POINT('',(34.712626236446,-15.08518879097,
    464.683292345));
#3823 = CARTESIAN_POINT('',(34.707750455345,-15.07403032178,
    464.66295589552));
#3824 = CARTESIAN_POINT('',(34.703335058646,-15.06286354571,
    464.64235179392));
#3825 = CARTESIAN_POINT('',(34.699402173388,-15.05169507473,
    464.6214866121));
#3826 = CARTESIAN_POINT('',(34.695974305997,-15.04053272608,
    464.60036930702));
#3827 = CARTESIAN_POINT('',(34.693073852159,-15.02938554067,
    464.5790114337));
#3828 = CARTESIAN_POINT('',(34.690722606682,-15.01826380149,
    464.55742735802));
#3829 = CARTESIAN_POINT('',(34.68796872379,-15.00112714221,
    464.52373626718));
#3830 = CARTESIAN_POINT('',(34.687166014801,-14.99508628703,
    464.51177589204));
#3831 = CARTESIAN_POINT('',(34.686536578607,-14.98905841011,
    464.49975624386));
#3832 = CARTESIAN_POINT('',(34.686083659806,-14.98304553928,
    464.4876805053));
#3833 = CARTESIAN_POINT('',(34.685810315396,-14.97704980647,
    464.47555214203));
#3834 = CARTESIAN_POINT('',(34.685719414768,-14.97107344777,
    464.46337490272));
#3835 = CARTESIAN_POINT('',(34.685813639713,-14.96511880337,
    464.45115281911));
#3836 = CARTESIAN_POINT('',(34.686669745059,-14.94710490974,
    464.41390504227));
#3837 = CARTESIAN_POINT('',(34.688022817832,-14.93512058623,
    464.38874915261));
#3838 = CARTESIAN_POINT('',(34.690175286844,-14.92325745958,
    464.36346216671));
#3839 = CARTESIAN_POINT('',(34.693142811767,-14.91153792628,
    464.33808605502));
#3840 = CARTESIAN_POINT('',(34.696935253873,-14.89998453245,
    464.31266513034));
#3841 = CARTESIAN_POINT('',(34.701555802069,-14.88861983933,
    464.28724604949));
#3842 = CARTESIAN_POINT('',(34.707000098924,-14.87746628893,
    464.26187781499));
#3843 = CARTESIAN_POINT('',(34.720680899067,-14.85358284475,
    464.20661885053));
#3844 = CARTESIAN_POINT('',(34.729250987263,-14.84094543452,
    464.17676298219));
#3845 = CARTESIAN_POINT('',(34.738944457169,-14.82867174404,
    464.1471318158));
#3846 = CARTESIAN_POINT('',(34.749726855321,-14.81679278375,
    464.11780291415));
#3847 = CARTESIAN_POINT('',(34.761552526907,-14.80533332358,
    464.08884446609));
#3848 = CARTESIAN_POINT('',(34.774366693741,-14.7943125472,
    464.06031599399));
#3849 = CARTESIAN_POINT('',(34.788107532245,-14.78374470624,
    464.03226906108));
#3850 = CARTESIAN_POINT('',(34.810473860367,-14.76826531687,
    463.99011048337));
#3851 = CARTESIAN_POINT('',(34.81848354602,-14.76302132036,
    463.97562037862));
#3852 = CARTESIAN_POINT('',(34.826727629545,-14.7579088647,
    463.96128327778));
#3853 = CARTESIAN_POINT('',(34.835196504158,-14.75292867221,
    463.9471040053));
#3854 = CARTESIAN_POINT('',(34.843880635136,-14.74808110785,
    463.93308659692));
#3855 = CARTESIAN_POINT('',(34.852770559818,-14.74336617924,
    463.91923429972));
#3856 = CARTESIAN_POINT('',(34.861856887604,-14.73878353667,
    463.90554957211));
#3857 = CARTESIAN_POINT('',(34.890467281549,-14.72505108533,
    463.86385149692));
#3858 = CARTESIAN_POINT('',(34.910616701124,-14.71634277693,
    463.83640734463));
#3859 = CARTESIAN_POINT('',(34.93149750813,-14.70820048714,
    463.8097139337));
#3860 = CARTESIAN_POINT('',(34.953032983637,-14.70061339255,
    463.78377414306));
#3861 = CARTESIAN_POINT('',(34.975151920508,-14.6935677929,
    463.75858281895));
#3862 = CARTESIAN_POINT('',(34.997789803565,-14.68704799709,
    463.73412817009));
#3863 = CARTESIAN_POINT('',(35.020889989763,-14.68103720904,
    463.71039316284));
#3864 = CARTESIAN_POINT('',(35.08216658656,-14.666655986,463.65036386777
    ));
#3865 = CARTESIAN_POINT('',(35.120984198624,-14.65906509123,
    463.61518529535));
#3866 = CARTESIAN_POINT('',(35.160666375342,-14.6526721657,
    463.58172462348));
#3867 = CARTESIAN_POINT('',(35.201049231335,-14.64740835695,
    463.54988780392));
#3868 = CARTESIAN_POINT('',(35.241995967502,-14.64320976717,
    463.51958294482));
#3869 = CARTESIAN_POINT('',(35.283396493466,-14.64001769661,
    463.49071993972));
#3870 = CARTESIAN_POINT('',(35.325167050019,-14.63777888707,
    463.46321009653));
#3871 = CARTESIAN_POINT('',(35.41142280293,-14.6350464295,
    463.40941791926));
#3872 = CARTESIAN_POINT('',(35.455925214579,-14.63464563242,
    463.38327370871));
#3873 = CARTESIAN_POINT('',(35.500680623256,-14.63518823638,
    463.35843682458));
#3874 = CARTESIAN_POINT('',(35.545623979255,-14.6366264455,
    463.33482393753));
#3875 = CARTESIAN_POINT('',(35.590700801104,-14.63891807559,
    463.31236097261));
#3876 = CARTESIAN_POINT('',(35.635866582232,-14.64202551639,
    463.29098056549));
#3877 = CARTESIAN_POINT('',(35.681086429633,-14.64591538632,
    463.27062070122));
#3878 = CARTESIAN_POINT('',(35.771680694519,-14.65521235348,
    463.23178668099));
#3879 = CARTESIAN_POINT('',(35.817050242272,-14.66062211223,
    463.21331867412));
#3880 = CARTESIAN_POINT('',(35.862414739173,-14.66675865112,
    463.19576454511));
#3881 = CARTESIAN_POINT('',(35.907748878296,-14.67359566173,
    463.17907474621));
#3882 = CARTESIAN_POINT('',(35.953030769296,-14.68110971235,
    463.16320523097));
#3883 = CARTESIAN_POINT('',(35.998241823299,-14.68927992833,
    463.14811653332));
#3884 = CARTESIAN_POINT('',(36.043366637801,-14.69808767235,
    463.13377284665));
#3885 = CARTESIAN_POINT('',(36.261252142371,-14.74371317297,
    463.06780777565));
#3886 = CARTESIAN_POINT('',(36.432549186409,-14.7890375209,
    463.02600156218));
#3887 = CARTESIAN_POINT('',(36.601715169267,-14.84255883163,
    462.99280921884));
#3888 = CARTESIAN_POINT('',(36.768263984694,-14.90372568316,
    462.96722322982));
#3889 = CARTESIAN_POINT('',(36.93181842402,-14.9720714514,
    462.94848042296));
#3890 = CARTESIAN_POINT('',(37.092100368635,-15.04727966579,
    462.93614474246));
#3891 = CARTESIAN_POINT('',(37.248916211717,-15.12913474636,
    462.92996351544));
#3892 = CARTESIAN_POINT('',(37.557900465463,-15.30752707323,
    462.929963647));
#3893 = CARTESIAN_POINT('',(37.709590456639,-15.4040781281,
    462.93635153276));
#3894 = CARTESIAN_POINT('',(37.857119890841,-15.50716054231,
    462.94909668222));
#3895 = CARTESIAN_POINT('',(38.000192616878,-15.61671617729,
    462.96847134862));
#3896 = CARTESIAN_POINT('',(38.138372912273,-15.7326596019,
    462.99493853874));
#3897 = CARTESIAN_POINT('',(38.271025378852,-15.85489272138,
    463.02932056055));
#3898 = CARTESIAN_POINT('',(38.397379651553,-15.98325484018,
    463.07269073863));
#3899 = CARTESIAN_POINT('',(38.547141557109,-16.152658114,
    463.14128003817));
#3900 = CARTESIAN_POINT('',(38.577521716833,-16.18800611542,
    463.15617286246));
#3901 = CARTESIAN_POINT('',(38.607368640173,-16.22375707797,
    463.17184645889));
#3902 = CARTESIAN_POINT('',(38.636656466137,-16.25990649283,
    463.18833951188));
#3903 = CARTESIAN_POINT('',(38.665355374101,-16.29644794709,
    463.2056947026));
#3904 = CARTESIAN_POINT('',(38.69343119783,-16.33337318541,
    463.22395975593));
#3905 = CARTESIAN_POINT('',(38.720845039502,-16.3706721717,
    463.24318848748));
#3906 = CARTESIAN_POINT('',(38.773918494674,-16.44551154346,
    463.2834356879));
#3907 = CARTESIAN_POINT('',(38.799592759365,-16.48303815731,
    463.30442575374));
#3908 = CARTESIAN_POINT('',(38.824535631353,-16.52090457473,
    463.32647211046));
#3909 = CARTESIAN_POINT('',(38.848697510004,-16.55909567787,
    463.34964018963));
#3910 = CARTESIAN_POINT('',(38.872019541785,-16.59758932702,
    463.37400092302));
#3911 = CARTESIAN_POINT('',(38.894433119041,-16.6363561871,
    463.39963216886));
#3912 = CARTESIAN_POINT('',(38.915858576295,-16.67535970239,
    463.42662143336));
#3913 = CARTESIAN_POINT('',(38.960549971393,-16.761463876,
    463.48911501268));
#3914 = CARTESIAN_POINT('',(38.983328821102,-16.80860968886,
    463.5252222301));
#3915 = CARTESIAN_POINT('',(39.004403428641,-16.855953616,
    463.56358506938));
#3916 = CARTESIAN_POINT('',(39.023576668272,-16.90339041289,
    463.60439587204));
#3917 = CARTESIAN_POINT('',(39.040597962737,-16.95074724668,
    463.64784113182));
#3918 = CARTESIAN_POINT('',(39.055169108336,-16.99778269839,
    463.69409639125));
#3919 = CARTESIAN_POINT('',(39.066948455379,-17.04418715285,
    463.7433206944));
#3920 = CARTESIAN_POINT('',(39.078457628045,-17.10490620892,
    463.81331194001));
#3921 = CARTESIAN_POINT('',(39.080999272269,-17.12010817214,
    463.83132133965));
#3922 = CARTESIAN_POINT('',(39.083163679199,-17.13517387036,
    463.84968094947));
#3923 = CARTESIAN_POINT('',(39.084935667791,-17.15008484332,
    463.86839115404));
#3924 = CARTESIAN_POINT('',(39.086299936586,-17.16482096202,
    463.88745023536));
#3925 = CARTESIAN_POINT('',(39.087241426841,-17.17936062439,
    463.90685404025));
#3926 = CARTESIAN_POINT('',(39.087745685667,-17.19368095101,
    463.92659564781));
#3927 = CARTESIAN_POINT('',(39.08782846205,-17.21544355282,
    463.95762222992));
#3928 = CARTESIAN_POINT('',(39.087723377888,-17.22305658563,
    463.96867704736));
#3929 = CARTESIAN_POINT('',(39.087481741165,-17.23059309661,
    463.97982780945));
#3930 = CARTESIAN_POINT('',(39.087101467901,-17.23804905693,
    463.99107251975));
#3931 = CARTESIAN_POINT('',(39.086580625638,-17.24542039146,
    464.00240886497));
#3932 = CARTESIAN_POINT('',(39.085917433438,-17.25270297887,
    464.01383421506));
#3933 = CARTESIAN_POINT('',(39.085110261887,-17.25989265154,
    464.02534562311));
#3934 = CARTESIAN_POINT('',(39.08218800915,-17.28164950633,
    464.06091161662));
#3935 = CARTESIAN_POINT('',(39.079596466537,-17.29590023525,
    464.08523980025));
#3936 = CARTESIAN_POINT('',(39.0763705309,-17.30969848941,
    464.10989222559));
#3937 = CARTESIAN_POINT('',(39.072501617645,-17.32300731311,
    464.13483294868));
#3938 = CARTESIAN_POINT('',(39.067985700124,-17.33579231371,
    464.16002195734));
#3939 = CARTESIAN_POINT('',(39.062823977826,-17.3480222875,
    464.18541489619));
#3940 = CARTESIAN_POINT('',(39.05702354456,-17.35966984547,
    464.2109627916));
#3941 = CARTESIAN_POINT('',(39.04308106486,-17.38362998096,
    464.26661777976));
#3942 = CARTESIAN_POINT('',(39.034706821156,-17.39572243911,
    464.2967691999));
#3943 = CARTESIAN_POINT('',(39.02549718935,-17.40695153844,
    464.32697840535));
#3944 = CARTESIAN_POINT('',(39.015482721946,-17.41729423359,
    464.3571633907));
#3945 = CARTESIAN_POINT('',(39.004701237058,-17.42674049173,
    464.38724771744));
#3946 = CARTESIAN_POINT('',(38.993196395329,-17.4352914753,
    464.41716045462));
#3947 = CARTESIAN_POINT('',(38.981016276857,-17.44295772479,
    464.44683611939));
#3948 = CARTESIAN_POINT('',(38.961397097016,-17.45337631125,
    464.49185077828));
#3949 = CARTESIAN_POINT('',(38.954404707727,-17.4567500525,
    464.50740425208));
#3950 = CARTESIAN_POINT('',(38.947242136701,-17.45988168113,
    464.52286705604));
#3951 = CARTESIAN_POINT('',(38.939916615651,-17.46277473364,
    464.53823196174));
#3952 = CARTESIAN_POINT('',(38.932435261557,-17.46543316711,
    464.55349249532));
#3953 = CARTESIAN_POINT('',(38.924805076661,-17.46786135917,
    464.56864293753));
#3954 = CARTESIAN_POINT('',(38.91703294847,-17.47006410805,
    464.58367832363));
#3955 = CARTESIAN_POINT('',(38.892624164431,-17.47618389862,
    464.62972241045));
#3956 = CARTESIAN_POINT('',(38.875534994029,-17.47936121101,
    464.66032833145));
#3957 = CARTESIAN_POINT('',(38.85791692944,-17.4816254325,
    464.69037748514));
#3958 = CARTESIAN_POINT('',(38.839824931034,-17.48302611975,
    464.71984521347));
#3959 = CARTESIAN_POINT('',(38.821309371217,-17.48361391776,
    464.74871592457));
#3960 = CARTESIAN_POINT('',(38.802415276978,-17.48343895442,
    464.77698209571));
#3961 = CARTESIAN_POINT('',(38.783181572438,-17.48254923501,
    464.80464327623));
#3962 = CARTESIAN_POINT('',(38.732210969787,-17.47847967724,
    464.87523020934));
#3963 = CARTESIAN_POINT('',(38.699997379214,-17.47423726641,
    464.917189886));
#3964 = CARTESIAN_POINT('',(38.66712753528,-17.46844839891,
    464.95761815991));
#3965 = CARTESIAN_POINT('',(38.633710474729,-17.46127941266,
    464.99655514975));
#3966 = CARTESIAN_POINT('',(38.599836219406,-17.45287701381,
    465.03404696842));
#3967 = CARTESIAN_POINT('',(38.565575710209,-17.44336890192,
    465.07014563808));
#3968 = CARTESIAN_POINT('',(38.530980741039,-17.432864395,
    465.10490900517));
#3969 = CARTESIAN_POINT('',(38.459369405686,-17.40945144693,
    465.17363675336));
#3970 = CARTESIAN_POINT('',(38.422332960285,-17.39645018666,
    465.20745320692));
#3971 = CARTESIAN_POINT('',(38.385020464722,-17.38256107709,
    465.23991719342));
#3972 = CARTESIAN_POINT('',(38.347471020013,-17.36787822491,
    465.27108730522));
#3973 = CARTESIAN_POINT('',(38.309717120697,-17.35248291015,
    465.30101674401));
#3974 = CARTESIAN_POINT('',(38.27178470991,-17.33644559653,
    465.32975538678));
#3975 = CARTESIAN_POINT('',(38.233693088858,-17.31982708235,
    465.35735072374));
#3976 = CARTESIAN_POINT('',(38.144893854335,-17.28000442385,
    465.41888331611));
#3977 = CARTESIAN_POINT('',(38.094085367156,-17.25640791712,
    465.45199247229));
#3978 = CARTESIAN_POINT('',(38.043062632829,-17.23201079133,
    465.48327706036));
#3979 = CARTESIAN_POINT('',(37.991854748872,-17.20691485718,
    465.51282214743));
#3980 = CARTESIAN_POINT('',(37.940486114431,-17.18120631095,
    465.54070132741));
#3981 = CARTESIAN_POINT('',(37.888976070205,-17.1549586238,
    465.56698025997));
#3982 = CARTESIAN_POINT('',(37.837338560543,-17.12823422577,
    465.59171836495));
#3983 = CARTESIAN_POINT('',(37.648248074607,-17.02904592758,
    465.67666211709));
#3984 = CARTESIAN_POINT('',(37.510146337564,-16.9540534453,
    465.72784861643));
#3985 = CARTESIAN_POINT('',(37.371417203488,-16.87707610342,
    465.76954726892));
#3986 = CARTESIAN_POINT('',(37.232234446368,-16.79874034757,
    465.80233736831));
#3987 = CARTESIAN_POINT('',(37.092760799857,-16.71951049476,
    465.82665539297));
#3988 = CARTESIAN_POINT('',(36.953142634861,-16.63968913165,
    465.84277215998));
#3989 = CARTESIAN_POINT('',(36.813501730294,-16.55946188815,
    465.8508409496));
#3990 = CARTESIAN_POINT('',(36.673934249878,-16.47888256577,
    465.8508409496));
#3991 = PCURVE('',#1100,#3992);
#3992 = DEFINITIONAL_REPRESENTATION('',(#3993),#4192);
#3993 = B_SPLINE_CURVE_WITH_KNOTS('',8,(#3994,#3995,#3996,#3997,#3998,
    #3999,#4000,#4001,#4002,#4003,#4004,#4005,#4006,#4007,#4008,#4009,
    #4010,#4011,#4012,#4013,#4014,#4015,#4016,#4017,#4018,#4019,#4020,
    #4021,#4022,#4023,#4024,#4025,#4026,#4027,#4028,#4029,#4030,#4031,
    #4032,#4033,#4034,#4035,#4036,#4037,#4038,#4039,#4040,#4041,#4042,
    #4043,#4044,#4045,#4046,#4047,#4048,#4049,#4050,#4051,#4052,#4053,
    #4054,#4055,#4056,#4057,#4058,#4059,#4060,#4061,#4062,#4063,#4064,
    #4065,#4066,#4067,#4068,#4069,#4070,#4071,#4072,#4073,#4074,#4075,
    #4076,#4077,#4078,#4079,#4080,#4081,#4082,#4083,#4084,#4085,#4086,
    #4087,#4088,#4089,#4090,#4091,#4092,#4093,#4094,#4095,#4096,#4097,
    #4098,#4099,#4100,#4101,#4102,#4103,#4104,#4105,#4106,#4107,#4108,
    #4109,#4110,#4111,#4112,#4113,#4114,#4115,#4116,#4117,#4118,#4119,
    #4120,#4121,#4122,#4123,#4124,#4125,#4126,#4127,#4128,#4129,#4130,
    #4131,#4132,#4133,#4134,#4135,#4136,#4137,#4138,#4139,#4140,#4141,
    #4142,#4143,#4144,#4145,#4146,#4147,#4148,#4149,#4150,#4151,#4152,
    #4153,#4154,#4155,#4156,#4157,#4158,#4159,#4160,#4161,#4162,#4163,
    #4164,#4165,#4166,#4167,#4168,#4169,#4170,#4171,#4172,#4173,#4174,
    #4175,#4176,#4177,#4178,#4179,#4180,#4181,#4182,#4183,#4184,#4185,
    #4186,#4187,#4188,#4189,#4190,#4191),.UNSPECIFIED.,.F.,.F.,(9,7,7,7,
    7,7,7,7,7,7,7,7,7,7,7,7,7,7,7,7,7,7,7,7,7,7,7,7,9),(0.,
    0.112897359199,0.151437353732,0.181745342377,0.217555934565,
    0.229868539089,0.23659081745,0.250287508564,0.266546640305,
    0.275194300546,0.293226459651,0.322183631101,0.352579062629,
    0.383039824733,0.499981065713,0.618859083725,0.649752069084,
    0.680249192921,0.716746022829,0.729063704429,0.735788733104,
    0.749693181062,0.765959591081,0.774617086038,0.792684131581,
    0.82174243117,0.852314262634,0.892737939665,1.),.UNSPECIFIED.);
#3994 = CARTESIAN_POINT('',(1.047197551197,0.758247578297));
#3995 = CARTESIAN_POINT('',(1.088981107789,0.758247578297));
#3996 = CARTESIAN_POINT('',(1.130685713105,0.756042827414));
#3997 = CARTESIAN_POINT('',(1.172065350384,0.751645921844));
#3998 = CARTESIAN_POINT('',(1.212852280931,0.745042003613));
#3999 = CARTESIAN_POINT('',(1.252747472606,0.736191142045));
#4000 = CARTESIAN_POINT('',(1.291439361725,0.725040380932));
#4001 = CARTESIAN_POINT('',(1.328613727594,0.711513727007));
#4002 = CARTESIAN_POINT('',(1.375969163416,0.689964087725));
#4003 = CARTESIAN_POINT('',(1.387801844316,0.684184417736));
#4004 = CARTESIAN_POINT('',(1.399401975061,0.678102756025));
#4005 = CARTESIAN_POINT('',(1.410754137234,0.671711715521));
#4006 = CARTESIAN_POINT('',(1.421841141531,0.665003144524));
#4007 = CARTESIAN_POINT('',(1.432643960658,0.657967835503));
#4008 = CARTESIAN_POINT('',(1.443141474114,0.650594909649));
#4009 = CARTESIAN_POINT('',(1.461306609343,0.636796670581));
#4010 = CARTESIAN_POINT('',(1.469098578203,0.63050620465));
#4011 = CARTESIAN_POINT('',(1.476675032311,0.623992656965));
#4012 = CARTESIAN_POINT('',(1.48402270455,0.617248989571));
#4013 = CARTESIAN_POINT('',(1.491126114117,0.610268001411));
#4014 = CARTESIAN_POINT('',(1.497967538598,0.603042141977));
#4015 = CARTESIAN_POINT('',(1.504526803845,0.595563086144));
#4016 = CARTESIAN_POINT('',(1.518170447927,0.57867344322));
#4017 = CARTESIAN_POINT('',(1.525128222206,0.56916576829));
#4018 = CARTESIAN_POINT('',(1.53162260606,0.559276437761));
#4019 = CARTESIAN_POINT('',(1.53760684053,0.548989313452));
#4020 = CARTESIAN_POINT('',(1.543021577718,0.538294814895));
#4021 = CARTESIAN_POINT('',(1.547797088356,0.527190680159));
#4022 = CARTESIAN_POINT('',(1.551855115364,0.515682399284));
#4023 = CARTESIAN_POINT('',(1.556229614982,0.499692110301));
#4024 = CARTESIAN_POINT('',(1.557253603791,0.495555972524));
#4025 = CARTESIAN_POINT('',(1.558178820439,0.491376104369));
#4026 = CARTESIAN_POINT('',(1.559001637602,0.487154126289));
#4027 = CARTESIAN_POINT('',(1.55971841337,0.482892113471));
#4028 = CARTESIAN_POINT('',(1.560325584612,0.478592627492));
#4029 = CARTESIAN_POINT('',(1.560819760348,0.474258747983));
#4030 = CARTESIAN_POINT('',(1.561404220623,0.467511151946));
#4031 = CARTESIAN_POINT('',(1.561576019196,0.465119042871));
#4032 = CARTESIAN_POINT('',(1.561712690665,0.462718382628));
#4033 = CARTESIAN_POINT('',(1.561813754257,0.460309827162));
#4034 = CARTESIAN_POINT('',(1.561878768597,0.45789408281));
#4035 = CARTESIAN_POINT('',(1.561907331706,0.455471906294));
#4036 = CARTESIAN_POINT('',(1.561899081004,0.453044104725));
#4037 = CARTESIAN_POINT('',(1.561761215543,0.445655158295));
#4038 = CARTESIAN_POINT('',(1.561514580197,0.440678495966));
#4039 = CARTESIAN_POINT('',(1.56111113568,0.43568942105));
#4040 = CARTESIAN_POINT('',(1.560549215691,0.430696140101));
#4041 = CARTESIAN_POINT('',(1.559828265494,0.42570719392));
#4042 = CARTESIAN_POINT('',(1.558948968205,0.420731457686));
#4043 = CARTESIAN_POINT('',(1.557913371073,0.41577814109));
#4044 = CARTESIAN_POINT('',(1.555314328679,0.40501472632));
#4045 = CARTESIAN_POINT('',(1.553688034667,0.399216356617));
#4046 = CARTESIAN_POINT('',(1.551852040346,0.393477991191));
#4047 = CARTESIAN_POINT('',(1.549814513148,0.387813754269));
#4048 = CARTESIAN_POINT('',(1.547585466191,0.382235780446));
#4049 = CARTESIAN_POINT('',(1.545176347141,0.376754412663));
#4050 = CARTESIAN_POINT('',(1.542599627084,0.371378400179));
#4051 = CARTESIAN_POINT('',(1.538415740131,0.363315730486));
#4052 = CARTESIAN_POINT('',(1.536919229024,0.360547987747));
#4053 = CARTESIAN_POINT('',(1.53538075605,0.357812769208));
#4054 = CARTESIAN_POINT('',(1.533802189787,0.355110827544));
#4055 = CARTESIAN_POINT('',(1.5321853674,0.352442767227));
#4056 = CARTESIAN_POINT('',(1.53053209465,0.349809044525));
#4057 = CARTESIAN_POINT('',(1.528844145887,0.347209967502));
#4058 = CARTESIAN_POINT('',(1.523534869723,0.339298659929));
#4059 = CARTESIAN_POINT('',(1.519803479435,0.334103458159));
#4060 = CARTESIAN_POINT('',(1.515944280251,0.329061017564));
#4061 = CARTESIAN_POINT('',(1.511971401956,0.32417058357));
#4062 = CARTESIAN_POINT('',(1.507897755662,0.319429990695));
#4063 = CARTESIAN_POINT('',(1.50373487241,0.314835933075));
#4064 = CARTESIAN_POINT('',(1.499492741776,0.310384234984));
#4065 = CARTESIAN_POINT('',(1.488253418085,0.299142247262));
#4066 = CARTESIAN_POINT('',(1.481146691214,0.292571504023));
#4067 = CARTESIAN_POINT('',(1.473892612499,0.286336199342));
#4068 = CARTESIAN_POINT('',(1.466519052811,0.280415809344));
#4069 = CARTESIAN_POINT('',(1.459048795625,0.274790800359));
#4070 = CARTESIAN_POINT('',(1.451499721382,0.269442450706));
#4071 = CARTESIAN_POINT('',(1.443884991861,0.264352672471));
#4072 = CARTESIAN_POINT('',(1.428160432327,0.254414159412));
#4073 = CARTESIAN_POINT('',(1.420047431376,0.249591677397));
#4074 = CARTESIAN_POINT('',(1.411885886942,0.245016951127));
#4075 = CARTESIAN_POINT('',(1.403685500042,0.240673296622));
#4076 = CARTESIAN_POINT('',(1.395454181458,0.236545999897));
#4077 = CARTESIAN_POINT('',(1.387198158708,0.23262177792));
#4078 = CARTESIAN_POINT('',(1.378922025935,0.228888482685));
#4079 = CARTESIAN_POINT('',(1.362317622359,0.221773976525));
#4080 = CARTESIAN_POINT('',(1.353990193325,0.218393903961));
#4081 = CARTESIAN_POINT('',(1.345650024973,0.215183923087));
#4082 = CARTESIAN_POINT('',(1.337300153449,0.212134419807));
#4083 = CARTESIAN_POINT('',(1.328943082356,0.209236885393));
#4084 = CARTESIAN_POINT('',(1.320580789386,0.206483728333));
#4085 = CARTESIAN_POINT('',(1.31221473295,0.203868086178));
#4086 = CARTESIAN_POINT('',(1.271717098403,0.191845644731));
#4087 = CARTESIAN_POINT('',(1.239567139583,0.184247487862));
#4088 = CARTESIAN_POINT('',(1.207426190476,0.178224085062));
#4089 = CARTESIAN_POINT('',(1.175320217404,0.173586268881));
#4090 = CARTESIAN_POINT('',(1.143260123499,0.170190942302));
#4091 = CARTESIAN_POINT('',(1.111240207523,0.167957161702));
#4092 = CARTESIAN_POINT('',(1.079236149294,0.16683782153));
#4093 = CARTESIAN_POINT('',(1.014627551551,0.166837845352));
#4094 = CARTESIAN_POINT('',(0.982096731611,0.167994610106));
#4095 = CARTESIAN_POINT('',(0.949549187589,0.170302531962));
#4096 = CARTESIAN_POINT('',(0.916958652402,0.173812378384));
#4097 = CARTESIAN_POINT('',(0.884319279793,0.178610054167));
#4098 = CARTESIAN_POINT('',(0.851643694482,0.184849808307));
#4099 = CARTESIAN_POINT('',(0.818961380056,0.192733163523));
#4100 = CARTESIAN_POINT('',(0.777821025939,0.205237145993));
#4101 = CARTESIAN_POINT('',(0.769338504474,0.20795370126));
#4102 = CARTESIAN_POINT('',(0.760860462097,0.210814476699));
#4103 = CARTESIAN_POINT('',(0.752388538757,0.213826894341));
#4104 = CARTESIAN_POINT('',(0.743924967566,0.216999174595));
#4105 = CARTESIAN_POINT('',(0.735472584502,0.220340550618));
#4106 = CARTESIAN_POINT('',(0.727034838104,0.223861482691));
#4107 = CARTESIAN_POINT('',(0.710304641493,0.231238692075));
#4108 = CARTESIAN_POINT('',(0.702012742371,0.235089673123));
#4109 = CARTESIAN_POINT('',(0.693743344789,0.239138529066));
#4110 = CARTESIAN_POINT('',(0.685501527164,0.243398105457));
#4111 = CARTESIAN_POINT('',(0.677294193875,0.247882425951));
#4112 = CARTESIAN_POINT('',(0.669130133511,0.252607005192));
#4113 = CARTESIAN_POINT('',(0.661020144859,0.257589428709));
#4114 = CARTESIAN_POINT('',(0.643352032065,0.269145923646));
#4115 = CARTESIAN_POINT('',(0.633830760375,0.275835164461));
#4116 = CARTESIAN_POINT('',(0.624428094431,0.282956756292));
#4117 = CARTESIAN_POINT('',(0.615174437617,0.290550168855));
#4118 = CARTESIAN_POINT('',(0.606115467944,0.298654868832));
#4119 = CARTESIAN_POINT('',(0.597312140857,0.307309671813));
#4120 = CARTESIAN_POINT('',(0.588841144729,0.316552084908));
#4121 = CARTESIAN_POINT('',(0.578080507914,0.329747265289));
#4122 = CARTESIAN_POINT('',(0.575414574227,0.333146797918));
#4123 = CARTESIAN_POINT('',(0.57280194228,0.33661701374));
#4124 = CARTESIAN_POINT('',(0.570246921658,0.340158382672));
#4125 = CARTESIAN_POINT('',(0.567754142903,0.343771000836));
#4126 = CARTESIAN_POINT('',(0.565328503196,0.34745452268));
#4127 = CARTESIAN_POINT('',(0.562975112035,0.351208093094));
#4128 = CARTESIAN_POINT('',(0.559456687708,0.357117061294));
#4129 = CARTESIAN_POINT('',(0.558237244723,0.359224279964));
#4130 = CARTESIAN_POINT('',(0.557041781613,0.361351693893));
#4131 = CARTESIAN_POINT('',(0.555871172882,0.363499000774));
#4132 = CARTESIAN_POINT('',(0.554726293887,0.365665837646));
#4133 = CARTESIAN_POINT('',(0.553608020833,0.367851780888));
#4134 = CARTESIAN_POINT('',(0.552517230774,0.370056346222));
#4135 = CARTESIAN_POINT('',(0.549258158057,0.376874451173));
#4136 = CARTESIAN_POINT('',(0.547182504106,0.381547660815));
#4137 = CARTESIAN_POINT('',(0.545235807127,0.386293156265));
#4138 = CARTESIAN_POINT('',(0.543425527815,0.391104727043));
#4139 = CARTESIAN_POINT('',(0.541758442038,0.395975332371));
#4140 = CARTESIAN_POINT('',(0.540240462662,0.400897019987));
#4141 = CARTESIAN_POINT('',(0.538876461398,0.405860844953));
#4142 = CARTESIAN_POINT('',(0.536258792481,0.416701397749));
#4143 = CARTESIAN_POINT('',(0.535062896416,0.42259133735));
#4144 = CARTESIAN_POINT('',(0.534088419214,0.428510309701));
#4145 = CARTESIAN_POINT('',(0.533338326201,0.434442861216));
#4146 = CARTESIAN_POINT('',(0.532812873996,0.44037437756));
#4147 = CARTESIAN_POINT('',(0.532509953259,0.446291078927));
#4148 = CARTESIAN_POINT('',(0.532425431442,0.452180015312));
#4149 = CARTESIAN_POINT('',(0.532621655274,0.461142108259));
#4150 = CARTESIAN_POINT('',(0.532750059226,0.464244154589));
#4151 = CARTESIAN_POINT('',(0.532937806647,0.467333585823));
#4152 = CARTESIAN_POINT('',(0.533183925676,0.470408924207));
#4153 = CARTESIAN_POINT('',(0.533487373339,0.473468829191));
#4154 = CARTESIAN_POINT('',(0.533847035541,0.476512097425));
#4155 = CARTESIAN_POINT('',(0.534261727077,0.479537662759));
#4156 = CARTESIAN_POINT('',(0.535707815089,0.488819668253));
#4157 = CARTESIAN_POINT('',(0.536919652783,0.495013077081));
#4158 = CARTESIAN_POINT('',(0.538354652643,0.50111712073));
#4159 = CARTESIAN_POINT('',(0.540001378389,0.507125949272));
#4160 = CARTESIAN_POINT('',(0.541848377453,0.513035417526));
#4161 = CARTESIAN_POINT('',(0.543884548906,0.51884293775));
#4162 = CARTESIAN_POINT('',(0.546099511389,0.524547332317));
#4163 = CARTESIAN_POINT('',(0.552319038763,0.53915767599));
#4164 = CARTESIAN_POINT('',(0.556591111936,0.547897013049));
#4165 = CARTESIAN_POINT('',(0.561261775882,0.556369154669));
#4166 = CARTESIAN_POINT('',(0.56629640725,0.564577860757));
#4167 = CARTESIAN_POINT('',(0.571664399692,0.572528268962));
#4168 = CARTESIAN_POINT('',(0.577339389538,0.580226969606));
#4169 = CARTESIAN_POINT('',(0.583299481464,0.587682080608));
#4170 = CARTESIAN_POINT('',(0.596079858374,0.602500690132));
#4171 = CARTESIAN_POINT('',(0.602926631085,0.609836600608));
#4172 = CARTESIAN_POINT('',(0.610046183117,0.616920834063));
#4173 = CARTESIAN_POINT('',(0.617419535389,0.623761690004));
#4174 = CARTESIAN_POINT('',(0.625029970448,0.630366625737));
#4175 = CARTESIAN_POINT('',(0.632862830027,0.636742669253));
#4176 = CARTESIAN_POINT('',(0.640905478653,0.642896606486));
#4177 = CARTESIAN_POINT('',(0.660045377474,0.656686922488));
#4178 = CARTESIAN_POINT('',(0.671289831775,0.664160581902));
#4179 = CARTESIAN_POINT('',(0.682855364841,0.671270499097));
#4180 = CARTESIAN_POINT('',(0.694719196425,0.678028307422));
#4181 = CARTESIAN_POINT('',(0.706860711524,0.684443757617));
#4182 = CARTESIAN_POINT('',(0.719261182723,0.690525410712));
#4183 = CARTESIAN_POINT('',(0.731903700753,0.696280961866));
#4184 = CARTESIAN_POINT('',(0.778922140266,0.716141948842));
#4185 = CARTESIAN_POINT('',(0.814652056552,0.728311026605));
#4186 = CARTESIAN_POINT('',(0.851684116599,0.738357320047));
#4187 = CARTESIAN_POINT('',(0.889755768704,0.746338993921));
#4188 = CARTESIAN_POINT('',(0.928598901575,0.752299059539));
#4189 = CARTESIAN_POINT('',(0.967950675759,0.756263053755));
#4190 = CARTESIAN_POINT('',(1.007560281772,0.758247578297));
#4191 = CARTESIAN_POINT('',(1.047197551197,0.758247578297));
#4192 = ( GEOMETRIC_REPRESENTATION_CONTEXT(2) 
PARAMETRIC_REPRESENTATION_CONTEXT() REPRESENTATION_CONTEXT('2D SPACE',''
  ) );
#4193 = PCURVE('',#4194,#4199);
#4194 = CYLINDRICAL_SURFACE('',#4195,4.);
#4195 = AXIS2_PLACEMENT_3D('',#4196,#4197,#4198);
#4196 = CARTESIAN_POINT('',(33.47599260282,-10.01787997811,466.02));
#4197 = DIRECTION('',(0.866025403784,-0.5,0.));
#4198 = DIRECTION('',(0.5,0.866025403784,0.));
#4199 = DEFINITIONAL_REPRESENTATION('',(#4200),#4399);
#4200 = B_SPLINE_CURVE_WITH_KNOTS('',8,(#4201,#4202,#4203,#4204,#4205,
    #4206,#4207,#4208,#4209,#4210,#4211,#4212,#4213,#4214,#4215,#4216,
    #4217,#4218,#4219,#4220,#4221,#4222,#4223,#4224,#4225,#4226,#4227,
    #4228,#4229,#4230,#4231,#4232,#4233,#4234,#4235,#4236,#4237,#4238,
    #4239,#4240,#4241,#4242,#4243,#4244,#4245,#4246,#4247,#4248,#4249,
    #4250,#4251,#4252,#4253,#4254,#4255,#4256,#4257,#4258,#4259,#4260,
    #4261,#4262,#4263,#4264,#4265,#4266,#4267,#4268,#4269,#4270,#4271,
    #4272,#4273,#4274,#4275,#4276,#4277,#4278,#4279,#4280,#4281,#4282,
    #4283,#4284,#4285,#4286,#4287,#4288,#4289,#4290,#4291,#4292,#4293,
    #4294,#4295,#4296,#4297,#4298,#4299,#4300,#4301,#4302,#4303,#4304,
    #4305,#4306,#4307,#4308,#4309,#4310,#4311,#4312,#4313,#4314,#4315,
    #4316,#4317,#4318,#4319,#4320,#4321,#4322,#4323,#4324,#4325,#4326,
    #4327,#4328,#4329,#4330,#4331,#4332,#4333,#4334,#4335,#4336,#4337,
    #4338,#4339,#4340,#4341,#4342,#4343,#4344,#4345,#4346,#4347,#4348,
    #4349,#4350,#4351,#4352,#4353,#4354,#4355,#4356,#4357,#4358,#4359,
    #4360,#4361,#4362,#4363,#4364,#4365,#4366,#4367,#4368,#4369,#4370,
    #4371,#4372,#4373,#4374,#4375,#4376,#4377,#4378,#4379,#4380,#4381,
    #4382,#4383,#4384,#4385,#4386,#4387,#4388,#4389,#4390,#4391,#4392,
    #4393,#4394,#4395,#4396,#4397,#4398),.UNSPECIFIED.,.F.,.F.,(9,7,7,7,
    7,7,7,7,7,7,7,7,7,7,7,7,7,7,7,7,7,7,7,7,7,7,7,7,9),(0.,
    0.112897359199,0.151437353732,0.181745342377,0.217555934565,
    0.229868539089,0.23659081745,0.250287508564,0.266546640305,
    0.275194300546,0.293226459651,0.322183631101,0.352579062629,
    0.383039824733,0.499981065713,0.618859083725,0.649752069084,
    0.680249192921,0.716746022829,0.729063704429,0.735788733104,
    0.749693181062,0.765959591081,0.774617086038,0.792684131581,
    0.82174243117,0.852314262634,0.892737939665,1.),.UNSPECIFIED.);
#4201 = CARTESIAN_POINT('',(3.183895031682,6.));
#4202 = CARTESIAN_POINT('',(3.183895031682,5.830114903165));
#4203 = CARTESIAN_POINT('',(3.186137757891,5.660550967176));
#4204 = CARTESIAN_POINT('',(3.190611781231,5.491340386249));
#4205 = CARTESIAN_POINT('',(3.197357188862,5.322621298551));
#4206 = CARTESIAN_POINT('',(3.206470745057,5.154690534427));
#4207 = CARTESIAN_POINT('',(3.218090771852,4.987988919019));
#4208 = CARTESIAN_POINT('',(3.232412164583,4.823109306097));
#4209 = CARTESIAN_POINT('',(3.255711517936,4.605549789503));
#4210 = CARTESIAN_POINT('',(3.261995849156,4.550499999943));
#4211 = CARTESIAN_POINT('',(3.268648867182,4.495800431106));
#4212 = CARTESIAN_POINT('',(3.275686207903,4.441493082461));
#4213 = CARTESIAN_POINT('',(3.283125252631,4.38762965411));
#4214 = CARTESIAN_POINT('',(3.290985632372,4.334272069497));
#4215 = CARTESIAN_POINT('',(3.299290210756,4.28149353981));
#4216 = CARTESIAN_POINT('',(3.314968286513,4.188398030969));
#4217 = CARTESIAN_POINT('',(3.322160785688,4.147833253258));
#4218 = CARTESIAN_POINT('',(3.32965771741,4.107724933338));
#4219 = CARTESIAN_POINT('',(3.337473716831,4.068123907772));
#4220 = CARTESIAN_POINT('',(3.345624366649,4.029092654421));
#4221 = CARTESIAN_POINT('',(3.354126543932,3.990705812851));
#4222 = CARTESIAN_POINT('',(3.362999127092,3.953051324031));
#4223 = CARTESIAN_POINT('',(3.383211105567,3.872728312094));
#4224 = CARTESIAN_POINT('',(3.394697451193,3.830424345192));
#4225 = CARTESIAN_POINT('',(3.406765617172,3.789456411802));
#4226 = CARTESIAN_POINT('',(3.419454579107,3.750040885421));
#4227 = CARTESIAN_POINT('',(3.432798500152,3.712469668844));
#4228 = CARTESIAN_POINT('',(3.446825624683,3.677105868085));
#4229 = CARTESIAN_POINT('',(3.461557336402,3.644379861235));
#4230 = CARTESIAN_POINT('',(3.482319504347,3.604610548321));
#4231 = CARTESIAN_POINT('',(3.487714897674,3.594808763432));
#4232 = CARTESIAN_POINT('',(3.493193237188,3.585401529689));
#4233 = CARTESIAN_POINT('',(3.498753670219,3.576411315654));
#4234 = CARTESIAN_POINT('',(3.504394742468,3.567861521087));
#4235 = CARTESIAN_POINT('',(3.510114325396,3.559776061675));
#4236 = CARTESIAN_POINT('',(3.515909543604,3.552178953772));
#4237 = CARTESIAN_POINT('',(3.524979978446,3.541225691589));
#4238 = CARTESIAN_POINT('',(3.528204677896,3.537510097621));
#4239 = CARTESIAN_POINT('',(3.531450182606,3.533951051431));
#4240 = CARTESIAN_POINT('',(3.534715794261,3.530552376828));
#4241 = CARTESIAN_POINT('',(3.538000734193,3.52731778722));
#4242 = CARTESIAN_POINT('',(3.541304143382,3.524250885614));
#4243 = CARTESIAN_POINT('',(3.544625082454,3.521355164611));
#4244 = CARTESIAN_POINT('',(3.554762608793,3.513089626772));
#4245 = CARTESIAN_POINT('',(3.561631893787,3.508269260414));
#4246 = CARTESIAN_POINT('',(3.568560886421,3.504201789933));
#4247 = CARTESIAN_POINT('',(3.575539328455,3.500911975256));
#4248 = CARTESIAN_POINT('',(3.582556152068,3.498419629544));
#4249 = CARTESIAN_POINT('',(3.589599428283,3.496738795103));
#4250 = CARTESIAN_POINT('',(3.596656315381,3.495876919286));
#4251 = CARTESIAN_POINT('',(3.612089897987,3.495783117663));
#4252 = CARTESIAN_POINT('',(3.620468451669,3.496886326639));
#4253 = CARTESIAN_POINT('',(3.62882512256,3.499144272589));
#4254 = CARTESIAN_POINT('',(3.63713852979,3.502542623157));
#4255 = CARTESIAN_POINT('',(3.645389319132,3.507054225082));
#4256 = CARTESIAN_POINT('',(3.653560024711,3.512641230896));
#4257 = CARTESIAN_POINT('',(3.66163493071,3.519257225632));
#4258 = CARTESIAN_POINT('',(3.673836237658,3.530887339291));
#4259 = CARTESIAN_POINT('',(3.678041852971,3.535201932287));
#4260 = CARTESIAN_POINT('',(3.682214956179,3.53978529022));
#4261 = CARTESIAN_POINT('',(3.686353930228,3.54462945453));
#4262 = CARTESIAN_POINT('',(3.690457363838,3.549726350387));
#4263 = CARTESIAN_POINT('',(3.694524051512,3.555067786697));
#4264 = CARTESIAN_POINT('',(3.698552993531,3.560645456098));
#4265 = CARTESIAN_POINT('',(3.710864209835,3.5785565584));
#4266 = CARTESIAN_POINT('',(3.71901672378,3.591652313423));
#4267 = CARTESIAN_POINT('',(3.726994640329,3.605664477848));
#4268 = CARTESIAN_POINT('',(3.734794217531,3.62052119942));
#4269 = CARTESIAN_POINT('',(3.742413966515,3.636153960832));
#4270 = CARTESIAN_POINT('',(3.749854349073,3.652499044743));
#4271 = CARTESIAN_POINT('',(3.75711747523,3.669498998795));
#4272 = CARTESIAN_POINT('',(3.775591284268,3.715375476762));
#4273 = CARTESIAN_POINT('',(3.786523705065,3.745197067538));
#4274 = CARTESIAN_POINT('',(3.797021237996,3.776366377887));
#4275 = CARTESIAN_POINT('',(3.807101250772,3.808707052682));
#4276 = CARTESIAN_POINT('',(3.816781460936,3.842068671515));
#4277 = CARTESIAN_POINT('',(3.826080092752,3.876326543448));
#4278 = CARTESIAN_POINT('',(3.835016034108,3.911381501784));
#4279 = CARTESIAN_POINT('',(3.852628752335,3.984714946244));
#4280 = CARTESIAN_POINT('',(3.861267563871,4.023054766717));
#4281 = CARTESIAN_POINT('',(3.869546466095,4.062085389569));
#4282 = CARTESIAN_POINT('',(3.877483523547,4.101726582159));
#4283 = CARTESIAN_POINT('',(3.885094824432,4.141910070043));
#4284 = CARTESIAN_POINT('',(3.892395146982,4.182578504281));
#4285 = CARTESIAN_POINT('',(3.899398294982,4.223684975855));
#4286 = CARTESIAN_POINT('',(3.912850351023,4.30679039426));
#4287 = CARTESIAN_POINT('',(3.91929733247,4.34878645455));
#4288 = CARTESIAN_POINT('',(3.925470528827,4.391141530739));
#4289 = CARTESIAN_POINT('',(3.931380939307,4.433820552182));
#4290 = CARTESIAN_POINT('',(3.937038312879,4.476792845432));
#4291 = CARTESIAN_POINT('',(3.942451380836,4.520031874718));
#4292 = CARTESIAN_POINT('',(3.947628089371,4.563514982427));
#4293 = CARTESIAN_POINT('',(3.97157060249,4.775022114813));
#4294 = CARTESIAN_POINT('',(3.987178447111,4.946031880509));
#4295 = CARTESIAN_POINT('',(3.999833688833,5.119294574482));
#4296 = CARTESIAN_POINT('',(4.009747433993,5.29411350538));
#4297 = CARTESIAN_POINT('',(4.017085400601,5.469928688857));
#4298 = CARTESIAN_POINT('',(4.021942233566,5.646341031857));
#4299 = CARTESIAN_POINT('',(4.024375712821,5.823075075965));
#4300 = CARTESIAN_POINT('',(4.024375661029,6.179859452514));
#4301 = CARTESIAN_POINT('',(4.021860833225,6.359502365811));
#4302 = CARTESIAN_POINT('',(4.016842732195,6.538807810741));
#4303 = CARTESIAN_POINT('',(4.00925889194,6.717490243566));
#4304 = CARTESIAN_POINT('',(3.999008814727,6.895129601983));
#4305 = CARTESIAN_POINT('',(3.985913650578,7.071126567657));
#4306 = CARTESIAN_POINT('',(3.969749170832,7.244733637094));
#4307 = CARTESIAN_POINT('',(3.944920318608,7.459132888734));
#4308 = CARTESIAN_POINT('',(3.939560600885,7.503116879533));
#4309 = CARTESIAN_POINT('',(3.933954565943,7.546840554649));
#4310 = CARTESIAN_POINT('',(3.928093624428,7.590279263385));
#4311 = CARTESIAN_POINT('',(3.921968333594,7.63340397387));
#4312 = CARTESIAN_POINT('',(3.91556813277,7.676180969613));
#4313 = CARTESIAN_POINT('',(3.908881078812,7.718571546064));
#4314 = CARTESIAN_POINT('',(3.894995621846,7.801954192388));
#4315 = CARTESIAN_POINT('',(3.887805677533,7.842952064757));
#4316 = CARTESIAN_POINT('',(3.880310177204,7.883486434251));
#4317 = CARTESIAN_POINT('',(3.872494567451,7.92350678654));
#4318 = CARTESIAN_POINT('',(3.864343324182,7.962951083104));
#4319 = CARTESIAN_POINT('',(3.855839600878,8.001745240436));
#4320 = CARTESIAN_POINT('',(3.846964513805,8.03980198835));
#4321 = CARTESIAN_POINT('',(3.826604230335,8.121557958641));
#4322 = CARTESIAN_POINT('',(3.814958065933,8.16485792759));
#4323 = CARTESIAN_POINT('',(3.80271299682,8.206781036663));
#4324 = CARTESIAN_POINT('',(3.789827999027,8.247103947698));
#4325 = CARTESIAN_POINT('',(3.776267011109,8.285523238008));
#4326 = CARTESIAN_POINT('',(3.762000051802,8.321659946114));
#4327 = CARTESIAN_POINT('',(3.747004042986,8.355063387123));
#4328 = CARTESIAN_POINT('',(3.725950849349,8.395390151064));
#4329 = CARTESIAN_POINT('',(3.720555248197,8.405192261136));
#4330 = CARTESIAN_POINT('',(3.715076836278,8.414599541633));
#4331 = CARTESIAN_POINT('',(3.709516441482,8.423589615251));
#4332 = CARTESIAN_POINT('',(3.703875489441,8.432139166032));
#4333 = CARTESIAN_POINT('',(3.698156075161,8.440224351695));
#4334 = CARTESIAN_POINT('',(3.69236103466,8.44782121596));
#4335 = CARTESIAN_POINT('',(3.683290827403,8.458774203317));
#4336 = CARTESIAN_POINT('',(3.680066204789,8.462489714165));
#4337 = CARTESIAN_POINT('',(3.676820759435,8.466048706118));
#4338 = CARTESIAN_POINT('',(3.673555182329,8.469447359968));
#4339 = CARTESIAN_POINT('',(3.670270244772,8.472681964605));
#4340 = CARTESIAN_POINT('',(3.666966798382,8.475748917015));
#4341 = CARTESIAN_POINT('',(3.663645775089,8.478644722282));
#4342 = CARTESIAN_POINT('',(3.653407500131,8.486992404572));
#4343 = CARTESIAN_POINT('',(3.646435285727,8.491873427295));
#4344 = CARTESIAN_POINT('',(3.639401428952,8.495978812162));
#4345 = CARTESIAN_POINT('',(3.632316621143,8.499282646845));
#4346 = CARTESIAN_POINT('',(3.625192414951,8.501764247854));
#4347 = CARTESIAN_POINT('',(3.618041279341,8.503409052112));
#4348 = CARTESIAN_POINT('',(3.610876654598,8.504209508534));
#4349 = CARTESIAN_POINT('',(3.595332464334,8.504115034664));
#4350 = CARTESIAN_POINT('',(3.586951291017,8.502908955955));
#4351 = CARTESIAN_POINT('',(3.578593064664,8.500547730518));
#4352 = CARTESIAN_POINT('',(3.570279173898,8.497046294916));
#4353 = CARTESIAN_POINT('',(3.562028960562,8.49243238418));
#4354 = CARTESIAN_POINT('',(3.553859861607,8.486744390763));
#4355 = CARTESIAN_POINT('',(3.545787550992,8.480029223489));
#4356 = CARTESIAN_POINT('',(3.533588737168,8.468247808574));
#4357 = CARTESIAN_POINT('',(3.529382389916,8.463879092445));
#4358 = CARTESIAN_POINT('',(3.525208858267,8.459241938295));
#4359 = CARTESIAN_POINT('',(3.521069754086,8.454344377225));
#4360 = CARTESIAN_POINT('',(3.516966482647,8.449194551257));
#4361 = CARTESIAN_POINT('',(3.512900242635,8.443800713333));
#4362 = CARTESIAN_POINT('',(3.508872026148,8.438171227318));
#4363 = CARTESIAN_POINT('',(3.496557253607,8.420092495549));
#4364 = CARTESIAN_POINT('',(3.488401634254,8.406881496048));
#4365 = CARTESIAN_POINT('',(3.480421994758,8.392755915294));
#4366 = CARTESIAN_POINT('',(3.47262200331,8.377788128691));
#4367 = CARTESIAN_POINT('',(3.465003068234,8.362047082529));
#4368 = CARTESIAN_POINT('',(3.457564644052,8.34559683527));
#4369 = CARTESIAN_POINT('',(3.450304537543,8.328495098822));
#4370 = CARTESIAN_POINT('',(3.431823467954,8.282318483196));
#4371 = CARTESIAN_POINT('',(3.420883751003,8.252299489998));
#4372 = CARTESIAN_POINT('',(3.410382460974,8.220938936384));
#4373 = CARTESIAN_POINT('',(3.400301851164,8.1884144199));
#4374 = CARTESIAN_POINT('',(3.390623865978,8.154877254833));
#4375 = CARTESIAN_POINT('',(3.381329976759,8.120452727575));
#4376 = CARTESIAN_POINT('',(3.372401017614,8.085240351971));
#4377 = CARTESIAN_POINT('',(3.354785918456,8.011516642322));
#4378 = CARTESIAN_POINT('',(3.346139734771,7.972941509605));
#4379 = CARTESIAN_POINT('',(3.33785699442,7.933683385783));
#4380 = CARTESIAN_POINT('',(3.329919270306,7.893823186677));
#4381 = CARTESIAN_POINT('',(3.32231016078,7.853429693396));
#4382 = CARTESIAN_POINT('',(3.315014606226,7.812560605219));
#4383 = CARTESIAN_POINT('',(3.308018545502,7.771263036627));
#4384 = CARTESIAN_POINT('',(3.292437083555,7.674449314442));
#4385 = CARTESIAN_POINT('',(3.284067575232,7.618649620451));
#4386 = CARTESIAN_POINT('',(3.276170651816,7.562264073459));
#4387 = CARTESIAN_POINT('',(3.268721822006,7.505368778002));
#4388 = CARTESIAN_POINT('',(3.261700195173,7.448027962503));
#4389 = CARTESIAN_POINT('',(3.255087380773,7.390295112081));
#4390 = CARTESIAN_POINT('',(3.248866930622,7.332213517909));
#4391 = CARTESIAN_POINT('',(3.22752128058,7.118862204378));
#4392 = CARTESIAN_POINT('',(3.214686497199,6.961766350653));
#4393 = CARTESIAN_POINT('',(3.204241400045,6.803134725362));
#4394 = CARTESIAN_POINT('',(3.196032797025,6.643431044));
#4395 = CARTESIAN_POINT('',(3.1899468125,6.483028396557));
#4396 = CARTESIAN_POINT('',(3.185914041105,6.322204837287));
#4397 = CARTESIAN_POINT('',(3.183895031682,6.161158644776));
#4398 = CARTESIAN_POINT('',(3.183895031682,6.));
#4399 = ( GEOMETRIC_REPRESENTATION_CONTEXT(2) 
PARAMETRIC_REPRESENTATION_CONTEXT() REPRESENTATION_CONTEXT('2D SPACE',''
  ) );
#4400 = FACE_BOUND('',#4401,.F.);
#4401 = EDGE_LOOP('',(#4402));
#4402 = ORIENTED_EDGE('',*,*,#4403,.T.);
#4403 = EDGE_CURVE('',#4404,#4404,#4406,.T.);
#4404 = VERTEX_POINT('',#4405);
#4405 = CARTESIAN_POINT('',(31.879894651941,-24.78240272289,
    462.92996358068));
#4406 = SURFACE_CURVE('',#4407,(#4606,#4808),.PCURVE_S1.);
#4407 = B_SPLINE_CURVE_WITH_KNOTS('',8,(#4408,#4409,#4410,#4411,#4412,
    #4413,#4414,#4415,#4416,#4417,#4418,#4419,#4420,#4421,#4422,#4423,
    #4424,#4425,#4426,#4427,#4428,#4429,#4430,#4431,#4432,#4433,#4434,
    #4435,#4436,#4437,#4438,#4439,#4440,#4441,#4442,#4443,#4444,#4445,
    #4446,#4447,#4448,#4449,#4450,#4451,#4452,#4453,#4454,#4455,#4456,
    #4457,#4458,#4459,#4460,#4461,#4462,#4463,#4464,#4465,#4466,#4467,
    #4468,#4469,#4470,#4471,#4472,#4473,#4474,#4475,#4476,#4477,#4478,
    #4479,#4480,#4481,#4482,#4483,#4484,#4485,#4486,#4487,#4488,#4489,
    #4490,#4491,#4492,#4493,#4494,#4495,#4496,#4497,#4498,#4499,#4500,
    #4501,#4502,#4503,#4504,#4505,#4506,#4507,#4508,#4509,#4510,#4511,
    #4512,#4513,#4514,#4515,#4516,#4517,#4518,#4519,#4520,#4521,#4522,
    #4523,#4524,#4525,#4526,#4527,#4528,#4529,#4530,#4531,#4532,#4533,
    #4534,#4535,#4536,#4537,#4538,#4539,#4540,#4541,#4542,#4543,#4544,
    #4545,#4546,#4547,#4548,#4549,#4550,#4551,#4552,#4553,#4554,#4555,
    #4556,#4557,#4558,#4559,#4560,#4561,#4562,#4563,#4564,#4565,#4566,
    #4567,#4568,#4569,#4570,#4571,#4572,#4573,#4574,#4575,#4576,#4577,
    #4578,#4579,#4580,#4581,#4582,#4583,#4584,#4585,#4586,#4587,#4588,
    #4589,#4590,#4591,#4592,#4593,#4594,#4595,#4596,#4597,#4598,#4599,
    #4600,#4601,#4602,#4603,#4604,#4605),.UNSPECIFIED.,.T.,.F.,(9,7,7,7,
    7,7,7,7,7,7,7,7,7,7,7,7,7,7,7,7,7,7,7,7,7,7,7,7,9),(0.,
    0.112243846358,0.150661632114,0.180921230378,0.216968854634,
    0.229263219327,0.235979226573,0.249670780827,0.265936854764,
    0.274594170847,0.292660843104,0.321718542317,0.352289742132,
    0.383020859601,0.499977928233,0.619536324131,0.650523650919,
    0.681070668718,0.717575977027,0.729888781793,0.73661116948,
    0.750308083344,0.76656747951,0.775215280389,0.793247732754,
    0.822205375139,0.852601300994,0.893367677067,1.),.UNSPECIFIED.);
#4408 = CARTESIAN_POINT('',(31.879894651941,-24.78240272289,
    462.92996358068));
#4409 = CARTESIAN_POINT('',(31.732634269282,-24.69738190132,
    462.92996358068));
#4410 = CARTESIAN_POINT('',(31.589116789876,-24.60650341486,
    462.93566969046));
#4411 = CARTESIAN_POINT('',(31.449378849275,-24.50983506257,
    462.94705799226));
#4412 = CARTESIAN_POINT('',(31.313593842304,-24.40741083398,
    462.96430563752));
#4413 = CARTESIAN_POINT('',(31.182107279419,-24.29927182796,
    462.98782792602));
#4414 = CARTESIAN_POINT('',(31.055403409718,-24.18549360228,
    463.01824040646));
#4415 = CARTESIAN_POINT('',(30.934114287849,-24.06618520858,
    463.05642772142));
#4416 = CARTESIAN_POINT('',(30.779844659608,-23.89875030017,
    463.12014960708));
#4417 = CARTESIAN_POINT('',(30.741254866148,-23.85542258635,
    463.13748490381));
#4418 = CARTESIAN_POINT('',(30.703449188049,-23.81146458066,
    463.15596767651));
#4419 = CARTESIAN_POINT('',(30.666472471218,-23.7668827715,
    463.17566666129));
#4420 = CARTESIAN_POINT('',(30.630378089909,-23.72168790666,
    463.19665883061));
#4421 = CARTESIAN_POINT('',(30.595228559226,-23.67589496706,
    463.21903144362));
#4422 = CARTESIAN_POINT('',(30.56109697133,-23.62952278869,
    463.24288577993));
#4423 = CARTESIAN_POINT('',(30.502055121626,-23.54562955556,
    463.28839347413));
#4424 = CARTESIAN_POINT('',(30.476729589325,-23.50832536011,
    463.30943569991));
#4425 = CARTESIAN_POINT('',(30.452132681763,-23.47068938059,
    463.33152892255));
#4426 = CARTESIAN_POINT('',(30.428313929122,-23.43273699086,
    463.35473808053));
#4427 = CARTESIAN_POINT('',(30.405332067693,-23.39449062271,
    463.37913348694));
#4428 = CARTESIAN_POINT('',(30.383255529007,-23.35597994239,
    463.40479221933));
#4429 = CARTESIAN_POINT('',(30.362163718867,-23.31724188552,
    463.43180077514));
#4430 = CARTESIAN_POINT('',(30.318306074602,-23.23195438081,
    463.49416066975));
#4431 = CARTESIAN_POINT('',(30.296010643125,-23.18536473745,
    463.53009289341));
#4432 = CARTESIAN_POINT('',(30.275397534342,-23.13859316125,
    463.56824375109));
#4433 = CARTESIAN_POINT('',(30.256660052175,-23.09174455986,
    463.60879944604));
#4434 = CARTESIAN_POINT('',(30.240042970884,-23.04498946512,
    463.65193986319));
#4435 = CARTESIAN_POINT('',(30.225836750236,-22.99856489397,
    463.69783339215));
#4436 = CARTESIAN_POINT('',(30.214373056944,-22.95277381256,
    463.74663100723));
#4437 = CARTESIAN_POINT('',(30.203173250657,-22.89270696582,
    463.81613621111));
#4438 = CARTESIAN_POINT('',(30.200687848511,-22.87755194653,
    463.83415980834));
#4439 = CARTESIAN_POINT('',(30.198580035419,-22.86253481086,
    463.85253237161));
#4440 = CARTESIAN_POINT('',(30.196864923449,-22.84767407383,
    463.87125409197));
#4441 = CARTESIAN_POINT('',(30.195557721844,-22.83298990203,
    463.89032304319));
#4442 = CARTESIAN_POINT('',(30.194673371628,-22.81850391513,
    463.90973484869));
#4443 = CARTESIAN_POINT('',(30.194226180213,-22.80423898751,
    463.92948234871));
#4444 = CARTESIAN_POINT('',(30.19423124546,-22.78256041869,
    463.96052044276));
#4445 = CARTESIAN_POINT('',(30.194367426332,-22.77497490993,
    463.9715826486));
#4446 = CARTESIAN_POINT('',(30.194640208855,-22.7674665068,
    463.9827401616));
#4447 = CARTESIAN_POINT('',(30.195051649067,-22.76003923523,
    463.99399094238));
#4448 = CARTESIAN_POINT('',(30.1956036488,-22.75269716367,
    464.00533263535));
#4449 = CARTESIAN_POINT('',(30.196297955691,-22.74544440314,
    464.01676256872));
#4450 = CARTESIAN_POINT('',(30.197136163171,-22.73828510723,
    464.02827775452));
#4451 = CARTESIAN_POINT('',(30.200124814218,-22.71682730523,
    464.06351732729));
#4452 = CARTESIAN_POINT('',(30.202734067721,-22.70283550954,
    464.0875026406));
#4453 = CARTESIAN_POINT('',(30.205959097455,-22.68928515265,
    464.1117997518));
#4454 = CARTESIAN_POINT('',(30.20980782589,-22.67621141398,
    464.13637402995));
#4455 = CARTESIAN_POINT('',(30.214283859171,-22.66364701001,
    464.16118703957));
#4456 = CARTESIAN_POINT('',(30.219385874809,-22.65162161974,
    464.18619629025));
#4457 = CARTESIAN_POINT('',(30.225107009361,-22.64016131,464.21135498635
    ));
#4458 = CARTESIAN_POINT('',(30.238951237895,-22.61637001904,
    464.26661777976));
#4459 = CARTESIAN_POINT('',(30.247325481599,-22.60427756088,
    464.2967691999));
#4460 = CARTESIAN_POINT('',(30.256535113405,-22.59304846155,
    464.32697840535));
#4461 = CARTESIAN_POINT('',(30.266549580809,-22.5827057664,
    464.3571633907));
#4462 = CARTESIAN_POINT('',(30.277331065697,-22.57325950826,
    464.38724771744));
#4463 = CARTESIAN_POINT('',(30.288835907426,-22.56470852469,
    464.41716045462));
#4464 = CARTESIAN_POINT('',(30.301016025898,-22.5570422752,
    464.44683611939));
#4465 = CARTESIAN_POINT('',(30.320635205739,-22.54662368875,
    464.49185077828));
#4466 = CARTESIAN_POINT('',(30.327627595028,-22.54324994749,
    464.50740425208));
#4467 = CARTESIAN_POINT('',(30.334790166054,-22.54011831886,
    464.52286705604));
#4468 = CARTESIAN_POINT('',(30.342115687104,-22.53722526635,
    464.53823196173));
#4469 = CARTESIAN_POINT('',(30.349597041198,-22.53456683289,
    464.55349249532));
#4470 = CARTESIAN_POINT('',(30.357227226094,-22.53213864082,
    464.56864293753));
#4471 = CARTESIAN_POINT('',(30.364999354284,-22.52993589194,
    464.58367832363));
#4472 = CARTESIAN_POINT('',(30.389408138324,-22.52381610137,
    464.62972241045));
#4473 = CARTESIAN_POINT('',(30.406497308725,-22.52063878898,
    464.66032833145));
#4474 = CARTESIAN_POINT('',(30.424115373315,-22.51837456749,
    464.69037748514));
#4475 = CARTESIAN_POINT('',(30.442207371721,-22.51697388024,
    464.71984521347));
#4476 = CARTESIAN_POINT('',(30.460722931538,-22.51638608223,
    464.74871592457));
#4477 = CARTESIAN_POINT('',(30.479617025777,-22.51656104557,
    464.77698209571));
#4478 = CARTESIAN_POINT('',(30.498850730317,-22.51745076498,
    464.80464327623));
#4479 = CARTESIAN_POINT('',(30.549821332967,-22.52152032275,
    464.87523020934));
#4480 = CARTESIAN_POINT('',(30.58203492354,-22.52576273358,464.917189886
    ));
#4481 = CARTESIAN_POINT('',(30.614904767475,-22.53155160108,
    464.95761815991));
#4482 = CARTESIAN_POINT('',(30.648321828026,-22.53872058733,
    464.99655514975));
#4483 = CARTESIAN_POINT('',(30.682196083348,-22.54712298618,
    465.03404696842));
#4484 = CARTESIAN_POINT('',(30.716456592545,-22.55663109807,
    465.07014563808));
#4485 = CARTESIAN_POINT('',(30.751051561715,-22.56713560499,
    465.10490900517));
#4486 = CARTESIAN_POINT('',(30.822662897068,-22.59054855306,
    465.17363675335));
#4487 = CARTESIAN_POINT('',(30.859699342469,-22.60354981333,
    465.20745320692));
#4488 = CARTESIAN_POINT('',(30.897011838032,-22.6174389229,
    465.23991719342));
#4489 = CARTESIAN_POINT('',(30.934561282741,-22.63212177508,
    465.27108730522));
#4490 = CARTESIAN_POINT('',(30.972315182057,-22.64751708984,
    465.30101674401));
#4491 = CARTESIAN_POINT('',(31.010247592845,-22.66355440346,
    465.32975538678));
#4492 = CARTESIAN_POINT('',(31.048339213896,-22.68017291764,
    465.35735072374));
#4493 = CARTESIAN_POINT('',(31.125016054981,-22.71455920119,
    465.41048321787));
#4494 = CARTESIAN_POINT('',(31.163598518366,-22.73233051278,
    465.43600600695));
#4495 = CARTESIAN_POINT('',(31.202309515048,-22.75058157083,
    465.46045992796));
#4496 = CARTESIAN_POINT('',(31.241135349491,-22.7692652142,
    465.48388405682));
#4497 = CARTESIAN_POINT('',(31.280064211039,-22.78834002058,
    465.50631340638));
#4498 = CARTESIAN_POINT('',(31.319086257162,-22.80776963434,
    465.52777967998));
#4499 = CARTESIAN_POINT('',(31.358193696703,-22.82752209441,
    465.54831202502));
#4500 = CARTESIAN_POINT('',(31.546520170998,-22.92386467211,
    465.64262988108));
#4501 = CARTESIAN_POINT('',(31.696719672957,-23.00437952489,
    465.70414237809));
#4502 = CARTESIAN_POINT('',(31.847771074156,-23.0876137195,
    465.75404729324));
#4503 = CARTESIAN_POINT('',(31.999418469687,-23.17266727611,
    465.79314945119));
#4504 = CARTESIAN_POINT('',(32.151437337152,-23.25886844767,
    465.82208918636));
#4505 = CARTESIAN_POINT('',(32.303639871843,-23.34580775793,
    465.84124394557));
#4506 = CARTESIAN_POINT('',(32.455888543523,-23.43323922802,
    465.85084105196));
#4507 = CARTESIAN_POINT('',(32.763696716786,-23.61095236983,
    465.85084084496));
#4508 = CARTESIAN_POINT('',(32.918890232951,-23.70104392316,
    465.84081176256));
#4509 = CARTESIAN_POINT('',(33.073609396709,-23.79134741241,
    465.82080053644));
#4510 = CARTESIAN_POINT('',(33.22755527213,-23.88187355597,
    465.79055505193));
#4511 = CARTESIAN_POINT('',(33.380245874752,-23.97266975207,
    465.74966574846));
#4512 = CARTESIAN_POINT('',(33.530918133857,-24.06389417461,
    465.69742456296));
#4513 = CARTESIAN_POINT('',(33.678575790747,-24.15579402168,
    465.63295978913));
#4514 = CARTESIAN_POINT('',(33.858727063739,-24.27316881057,
    465.53417942395));
#4515 = CARTESIAN_POINT('',(33.895493164893,-24.29741228312,
    465.51291166702));
#4516 = CARTESIAN_POINT('',(33.931914836915,-24.32174949612,
    465.49067913653));
#4517 = CARTESIAN_POINT('',(33.967957920819,-24.3461903022,
    465.46745065507));
#4518 = CARTESIAN_POINT('',(34.003582876827,-24.37074494997,
    465.44319233293));
#4519 = CARTESIAN_POINT('',(34.038744167939,-24.39542453836,
    465.41786672563));
#4520 = CARTESIAN_POINT('',(34.073389643505,-24.42024147108,
    465.39143199134));
#4521 = CARTESIAN_POINT('',(34.141046086437,-24.46982356609,
    465.33664215407));
#4522 = CARTESIAN_POINT('',(34.174068996839,-24.49458142373,
    465.3083229314));
#4523 = CARTESIAN_POINT('',(34.206474617806,-24.51949907165,
    465.27883631555));
#4524 = CARTESIAN_POINT('',(34.238196246669,-24.54459051065,
    465.24813279932));
#4525 = CARTESIAN_POINT('',(34.269154415157,-24.56986852149,
    465.2161607046));
#4526 = CARTESIAN_POINT('',(34.299255883878,-24.59534534756,
    465.18286523384));
#4527 = CARTESIAN_POINT('',(34.328391730411,-24.62103369361,
    465.1481863011));
#4528 = CARTESIAN_POINT('',(34.389947166793,-24.67791706023,
    465.06887649075));
#4529 = CARTESIAN_POINT('',(34.421871264537,-24.70918347129,
    465.02365912073));
#4530 = CARTESIAN_POINT('',(34.452019165547,-24.74079482493,
    464.97625859888));
#4531 = CARTESIAN_POINT('',(34.480121502663,-24.77276851682,
    464.92655221345));
#4532 = CARTESIAN_POINT('',(34.505831740848,-24.80509424413,
    464.87444639041));
#4533 = CARTESIAN_POINT('',(34.528731032514,-24.83773466773,
    464.81988294446));
#4534 = CARTESIAN_POINT('',(34.54833338759,-24.87062427908,
    464.76284416581));
#4535 = CARTESIAN_POINT('',(34.569406066309,-24.91481120903,
    464.683292345));
#4536 = CARTESIAN_POINT('',(34.57428184741,-24.92596967821,
    464.66295589551));
#4537 = CARTESIAN_POINT('',(34.578697244109,-24.93713645428,
    464.64235179392));
#4538 = CARTESIAN_POINT('',(34.582630129367,-24.94830492526,
    464.6214866121));
#4539 = CARTESIAN_POINT('',(34.586057996758,-24.95946727391,
    464.60036930702));
#4540 = CARTESIAN_POINT('',(34.588958450596,-24.97061445932,
    464.5790114337));
#4541 = CARTESIAN_POINT('',(34.591309696073,-24.9817361985,
    464.55742735802));
#4542 = CARTESIAN_POINT('',(34.594063578965,-24.99887285778,
    464.52373626718));
#4543 = CARTESIAN_POINT('',(34.594866287954,-25.00491371297,
    464.51177589204));
#4544 = CARTESIAN_POINT('',(34.595495724148,-25.01094158988,
    464.49975624386));
#4545 = CARTESIAN_POINT('',(34.595948642949,-25.01695446071,
    464.4876805053));
#4546 = CARTESIAN_POINT('',(34.596221987359,-25.02295019352,
    464.47555214202));
#4547 = CARTESIAN_POINT('',(34.596312887987,-25.02892655222,
    464.46337490272));
#4548 = CARTESIAN_POINT('',(34.596218663042,-25.03488119662,
    464.45115281911));
#4549 = CARTESIAN_POINT('',(34.595362557696,-25.05289509026,
    464.41390504227));
#4550 = CARTESIAN_POINT('',(34.594009484923,-25.06487941376,
    464.38874915261));
#4551 = CARTESIAN_POINT('',(34.591857015911,-25.07674254041,
    464.36346216671));
#4552 = CARTESIAN_POINT('',(34.588889490988,-25.08846207371,
    464.33808605502));
#4553 = CARTESIAN_POINT('',(34.585097048882,-25.10001546754,
    464.31266513033));
#4554 = CARTESIAN_POINT('',(34.580476500686,-25.11138016066,
    464.28724604949));
#4555 = CARTESIAN_POINT('',(34.575032203831,-25.12253371106,
    464.26187781498));
#4556 = CARTESIAN_POINT('',(34.561351403688,-25.14641715524,
    464.20661885053));
#4557 = CARTESIAN_POINT('',(34.552781315492,-25.15905456547,
    464.17676298219));
#4558 = CARTESIAN_POINT('',(34.543087845586,-25.17132825595,
    464.1471318158));
#4559 = CARTESIAN_POINT('',(34.532305447434,-25.18320721624,
    464.11780291415));
#4560 = CARTESIAN_POINT('',(34.520479775848,-25.19466667641,
    464.08884446609));
#4561 = CARTESIAN_POINT('',(34.507665609014,-25.20568745279,
    464.06031599399));
#4562 = CARTESIAN_POINT('',(34.493924770509,-25.21625529375,
    464.03226906108));
#4563 = CARTESIAN_POINT('',(34.471558442388,-25.23173468312,
    463.99011048337));
#4564 = CARTESIAN_POINT('',(34.463548756735,-25.23697867963,
    463.97562037862));
#4565 = CARTESIAN_POINT('',(34.45530467321,-25.24209113529,
    463.96128327778));
#4566 = CARTESIAN_POINT('',(34.446835798597,-25.24707132778,
    463.9471040053));
#4567 = CARTESIAN_POINT('',(34.438151667619,-25.25191889214,
    463.93308659692));
#4568 = CARTESIAN_POINT('',(34.429261742936,-25.25663382075,
    463.91923429972));
#4569 = CARTESIAN_POINT('',(34.420175415151,-25.26121646333,
    463.90554957211));
#4570 = CARTESIAN_POINT('',(34.391565021206,-25.27494891466,
    463.86385149692));
#4571 = CARTESIAN_POINT('',(34.37141560163,-25.28365722306,
    463.83640734463));
#4572 = CARTESIAN_POINT('',(34.350534794625,-25.29179951285,
    463.8097139337));
#4573 = CARTESIAN_POINT('',(34.328999319118,-25.29938660745,
    463.78377414306));
#4574 = CARTESIAN_POINT('',(34.306880382247,-25.30643220709,
    463.75858281895));
#4575 = CARTESIAN_POINT('',(34.284242499189,-25.3129520029,
    463.73412817009));
#4576 = CARTESIAN_POINT('',(34.261142312991,-25.31896279096,
    463.71039316284));
#4577 = CARTESIAN_POINT('',(34.199865716195,-25.33334401399,
    463.65036386777));
#4578 = CARTESIAN_POINT('',(34.16104810413,-25.34093490876,
    463.61518529535));
#4579 = CARTESIAN_POINT('',(34.121365927412,-25.34732783429,
    463.58172462347));
#4580 = CARTESIAN_POINT('',(34.08098307142,-25.35259164304,
    463.54988780392));
#4581 = CARTESIAN_POINT('',(34.040036335252,-25.35679023282,
    463.51958294482));
#4582 = CARTESIAN_POINT('',(33.998635809288,-25.35998230338,
    463.49071993972));
#4583 = CARTESIAN_POINT('',(33.956865252735,-25.36222111292,
    463.46321009652));
#4584 = CARTESIAN_POINT('',(33.870609499824,-25.36495357049,
    463.40941791926));
#4585 = CARTESIAN_POINT('',(33.826107088175,-25.36535436757,
    463.38327370871));
#4586 = CARTESIAN_POINT('',(33.781351679499,-25.36481176361,
    463.35843682458));
#4587 = CARTESIAN_POINT('',(33.7364083235,-25.36337355449,
    463.33482393753));
#4588 = CARTESIAN_POINT('',(33.69133150165,-25.3610819244,
    463.31236097261));
#4589 = CARTESIAN_POINT('',(33.646165720522,-25.3579744836,
    463.29098056549));
#4590 = CARTESIAN_POINT('',(33.600945873121,-25.35408461367,
    463.27062070122));
#4591 = CARTESIAN_POINT('',(33.495011025725,-25.34321336483,
    463.22521080676));
#4592 = CARTESIAN_POINT('',(33.434284071448,-25.33563120125,
    463.20093511005));
#4593 = CARTESIAN_POINT('',(33.373583207019,-25.32676554481,
    463.17826148835));
#4594 = CARTESIAN_POINT('',(33.312965195776,-25.31667619045,
    463.15707696092));
#4595 = CARTESIAN_POINT('',(33.252477376616,-25.30541460157,
    463.13728497727));
#4596 = CARTESIAN_POINT('',(33.192158074359,-25.29302561735,
    463.11880093592));
#4597 = CARTESIAN_POINT('',(33.132036906612,-25.27954807886,
    463.10154976796));
#4598 = CARTESIAN_POINT('',(32.915449958052,-25.22699866327,
    463.04339430318));
#4599 = CARTESIAN_POINT('',(32.760345532525,-25.18177658973,
    463.00932850831));
#4600 = CARTESIAN_POINT('',(32.607184533224,-25.12993925725,
    462.98206832068));
#4601 = CARTESIAN_POINT('',(32.456289613162,-25.07187299385,
    462.96091541022));
#4602 = CARTESIAN_POINT('',(32.30792519988,-25.00789476062,
    462.94536207506));
#4603 = CARTESIAN_POINT('',(32.162302071328,-24.93823434573,
    462.93510084303));
#4604 = CARTESIAN_POINT('',(32.019583195508,-24.86305194112,
    462.92996358068));
#4605 = CARTESIAN_POINT('',(31.879894651941,-24.78240272289,
    462.92996358068));
#4606 = PCURVE('',#1100,#4607);
#4607 = DEFINITIONAL_REPRESENTATION('',(#4608),#4807);
#4608 = B_SPLINE_CURVE_WITH_KNOTS('',8,(#4609,#4610,#4611,#4612,#4613,
    #4614,#4615,#4616,#4617,#4618,#4619,#4620,#4621,#4622,#4623,#4624,
    #4625,#4626,#4627,#4628,#4629,#4630,#4631,#4632,#4633,#4634,#4635,
    #4636,#4637,#4638,#4639,#4640,#4641,#4642,#4643,#4644,#4645,#4646,
    #4647,#4648,#4649,#4650,#4651,#4652,#4653,#4654,#4655,#4656,#4657,
    #4658,#4659,#4660,#4661,#4662,#4663,#4664,#4665,#4666,#4667,#4668,
    #4669,#4670,#4671,#4672,#4673,#4674,#4675,#4676,#4677,#4678,#4679,
    #4680,#4681,#4682,#4683,#4684,#4685,#4686,#4687,#4688,#4689,#4690,
    #4691,#4692,#4693,#4694,#4695,#4696,#4697,#4698,#4699,#4700,#4701,
    #4702,#4703,#4704,#4705,#4706,#4707,#4708,#4709,#4710,#4711,#4712,
    #4713,#4714,#4715,#4716,#4717,#4718,#4719,#4720,#4721,#4722,#4723,
    #4724,#4725,#4726,#4727,#4728,#4729,#4730,#4731,#4732,#4733,#4734,
    #4735,#4736,#4737,#4738,#4739,#4740,#4741,#4742,#4743,#4744,#4745,
    #4746,#4747,#4748,#4749,#4750,#4751,#4752,#4753,#4754,#4755,#4756,
    #4757,#4758,#4759,#4760,#4761,#4762,#4763,#4764,#4765,#4766,#4767,
    #4768,#4769,#4770,#4771,#4772,#4773,#4774,#4775,#4776,#4777,#4778,
    #4779,#4780,#4781,#4782,#4783,#4784,#4785,#4786,#4787,#4788,#4789,
    #4790,#4791,#4792,#4793,#4794,#4795,#4796,#4797,#4798,#4799,#4800,
    #4801,#4802,#4803,#4804,#4805,#4806),.UNSPECIFIED.,.T.,.F.,(9,7,7,7,
    7,7,7,7,7,7,7,7,7,7,7,7,7,7,7,7,7,7,7,7,7,7,7,7,9),(0.,
    0.112243846358,0.150661632114,0.180921230378,0.216968854634,
    0.229263219327,0.235979226573,0.249670780827,0.265936854764,
    0.274594170847,0.292660843104,0.321718542317,0.352289742132,
    0.383020859601,0.499977928233,0.619536324131,0.650523650919,
    0.681070668718,0.717575977027,0.729888781793,0.73661116948,
    0.750308083344,0.76656747951,0.775215280389,0.793247732754,
    0.822205375139,0.852601300994,0.893367677067,1.),.UNSPECIFIED.);
#4609 = CARTESIAN_POINT('',(4.188790204786,0.166837833344));
#4610 = CARTESIAN_POINT('',(4.157998071377,0.166837833344));
#4611 = CARTESIAN_POINT('',(4.127262676104,0.167871077114));
#4612 = CARTESIAN_POINT('',(4.096529425355,0.169933457191));
#4613 = CARTESIAN_POINT('',(4.065764609935,0.17305766945));
#4614 = CARTESIAN_POINT('',(4.034955827574,0.177321234019));
#4615 = CARTESIAN_POINT('',(4.004108400263,0.182839180619));
#4616 = CARTESIAN_POINT('',(3.973242655211,0.189777651822));
#4617 = CARTESIAN_POINT('',(3.931839351442,0.201384301835));
#4618 = CARTESIAN_POINT('',(3.921284973614,0.204543860439));
#4619 = CARTESIAN_POINT('',(3.910734949095,0.207914952307));
#4620 = CARTESIAN_POINT('',(3.900191751425,0.211510729473));
#4621 = CARTESIAN_POINT('',(3.889659159273,0.215345981026));
#4622 = CARTESIAN_POINT('',(3.879142258762,0.219437554923));
#4623 = CARTESIAN_POINT('',(3.868647472205,0.223805117853));
#4624 = CARTESIAN_POINT('',(3.849940013505,0.232148301539));
#4625 = CARTESIAN_POINT('',(3.841717167913,0.236009683975));
#4626 = CARTESIAN_POINT('',(3.833517375621,0.240068049963));
#4627 = CARTESIAN_POINT('',(3.825345774357,0.244336159402));
#4628 = CARTESIAN_POINT('',(3.81720933139,0.248827927292));
#4629 = CARTESIAN_POINT('',(3.809116902376,0.253558729562));
#4630 = CARTESIAN_POINT('',(3.801079358029,0.258545970004));
#4631 = CARTESIAN_POINT('',(3.783615785966,0.270080727556));
#4632 = CARTESIAN_POINT('',(3.774225759067,0.2767392771));
#4633 = CARTESIAN_POINT('',(3.76495460944,0.283823350985));
#4634 = CARTESIAN_POINT('',(3.755832476283,0.291371224625));
#4635 = CARTESIAN_POINT('',(3.74690431264,0.299421053967));
#4636 = CARTESIAN_POINT('',(3.738229866182,0.308010197255));
#4637 = CARTESIAN_POINT('',(3.729884054605,0.317174459418));
#4638 = CARTESIAN_POINT('',(3.719254393642,0.330280359822));
#4639 = CARTESIAN_POINT('',(3.716600706961,0.333683195329));
#4640 = CARTESIAN_POINT('',(3.71400062025,0.337156508));
#4641 = CARTESIAN_POINT('',(3.711458449747,0.340700731308));
#4642 = CARTESIAN_POINT('',(3.708978828217,0.344315921728));
#4643 = CARTESIAN_POINT('',(3.706566649913,0.348001690671));
#4644 = CARTESIAN_POINT('',(3.70422701554,0.351757136407));
#4645 = CARTESIAN_POINT('',(3.700729609287,0.357669504595));
#4646 = CARTESIAN_POINT('',(3.699517256287,0.359778567321));
#4647 = CARTESIAN_POINT('',(3.698328990643,0.36190771406));
#4648 = CARTESIAN_POINT('',(3.697165684808,0.364056634081));
#4649 = CARTESIAN_POINT('',(3.696028211251,0.366224956037));
#4650 = CARTESIAN_POINT('',(3.694917442457,0.368412247959));
#4651 = CARTESIAN_POINT('',(3.693834250928,0.370618017263));
#4652 = CARTESIAN_POINT('',(3.690629265257,0.377375032233));
#4653 = CARTESIAN_POINT('',(3.688597029464,0.381983285897));
#4654 = CARTESIAN_POINT('',(3.686690383118,0.386661182826));
#4655 = CARTESIAN_POINT('',(3.684916415891,0.391402730479));
#4656 = CARTESIAN_POINT('',(3.683281561889,0.396201158362));
#4657 = CARTESIAN_POINT('',(3.681791435718,0.401048843712));
#4658 = CARTESIAN_POINT('',(3.680450668555,0.405937237171));
#4659 = CARTESIAN_POINT('',(3.677851446071,0.416701397749));
#4660 = CARTESIAN_POINT('',(3.676655550006,0.42259133735));
#4661 = CARTESIAN_POINT('',(3.675681072804,0.428510309701));
#4662 = CARTESIAN_POINT('',(3.674930979791,0.434442861216));
#4663 = CARTESIAN_POINT('',(3.674405527586,0.44037437756));
#4664 = CARTESIAN_POINT('',(3.674102606849,0.446291078927));
#4665 = CARTESIAN_POINT('',(3.674018085031,0.452180015312));
#4666 = CARTESIAN_POINT('',(3.674214308864,0.461142108259));
#4667 = CARTESIAN_POINT('',(3.674342712816,0.464244154589));
#4668 = CARTESIAN_POINT('',(3.674530460237,0.467333585823));
#4669 = CARTESIAN_POINT('',(3.674776579266,0.470408924207));
#4670 = CARTESIAN_POINT('',(3.675080026928,0.473468829191));
#4671 = CARTESIAN_POINT('',(3.675439689131,0.476512097425));
#4672 = CARTESIAN_POINT('',(3.675854380667,0.479537662759));
#4673 = CARTESIAN_POINT('',(3.677300468679,0.488819668252));
#4674 = CARTESIAN_POINT('',(3.678512306373,0.49501307708));
#4675 = CARTESIAN_POINT('',(3.679947306232,0.50111712073));
#4676 = CARTESIAN_POINT('',(3.681594031979,0.507125949272));
#4677 = CARTESIAN_POINT('',(3.683441031043,0.513035417526));
#4678 = CARTESIAN_POINT('',(3.685477202496,0.51884293775));
#4679 = CARTESIAN_POINT('',(3.687692164978,0.524547332317));
#4680 = CARTESIAN_POINT('',(3.693911692353,0.53915767599));
#4681 = CARTESIAN_POINT('',(3.698183765525,0.547897013049));
#4682 = CARTESIAN_POINT('',(3.702854429471,0.556369154669));
#4683 = CARTESIAN_POINT('',(3.70788906084,0.564577860757));
#4684 = CARTESIAN_POINT('',(3.713257053282,0.572528268962));
#4685 = CARTESIAN_POINT('',(3.718932043128,0.580226969606));
#4686 = CARTESIAN_POINT('',(3.724892135054,0.587682080608));
#4687 = CARTESIAN_POINT('',(3.737672511963,0.602500690132));
#4688 = CARTESIAN_POINT('',(3.744519284675,0.609836600608));
#4689 = CARTESIAN_POINT('',(3.751638836706,0.616920834063));
#4690 = CARTESIAN_POINT('',(3.759012188979,0.623761690003));
#4691 = CARTESIAN_POINT('',(3.766622624037,0.630366625737));
#4692 = CARTESIAN_POINT('',(3.774455483617,0.636742669253));
#4693 = CARTESIAN_POINT('',(3.782498132243,0.642896606486));
#4694 = CARTESIAN_POINT('',(3.799025155118,0.654804342789));
#4695 = CARTESIAN_POINT('',(3.807510678744,0.660555238795));
#4696 = CARTESIAN_POINT('',(3.816185347208,0.666093843782));
#4697 = CARTESIAN_POINT('',(3.825038744976,0.671425556465));
#4698 = CARTESIAN_POINT('',(3.83406129709,0.67655510781));
#4699 = CARTESIAN_POINT('',(3.843244214725,0.681486707396));
#4700 = CARTESIAN_POINT('',(3.852579440741,0.686224189771));
#4701 = CARTESIAN_POINT('',(3.898139346668,0.708076109245));
#4702 = CARTESIAN_POINT('',(3.936295472996,0.722610452604));
#4703 = CARTESIAN_POINT('',(3.976144193407,0.734587889801));
#4704 = CARTESIAN_POINT('',(4.017341658239,0.744087992396));
#4705 = CARTESIAN_POINT('',(4.059534296297,0.751175931686));
#4706 = CARTESIAN_POINT('',(4.102381581822,0.755887202306));
#4707 = CARTESIAN_POINT('',(4.145562589019,0.758247603473));
#4708 = CARTESIAN_POINT('',(4.232980343011,0.758247552562));
#4709 = CARTESIAN_POINT('',(4.277115720857,0.755780913355));
#4710 = CARTESIAN_POINT('',(4.320894800041,0.750858958405));
#4711 = CARTESIAN_POINT('',(4.363976262371,0.743452671317));
#4712 = CARTESIAN_POINT('',(4.405996676159,0.733523625458));
#4713 = CARTESIAN_POINT('',(4.446576166185,0.720998986559));
#4714 = CARTESIAN_POINT('',(4.485346391863,0.705793221997));
#4715 = CARTESIAN_POINT('',(4.531360665485,0.682965922506));
#4716 = CARTESIAN_POINT('',(4.540680566174,0.678071847359));
#4717 = CARTESIAN_POINT('',(4.549841365429,0.672978412267));
#4718 = CARTESIAN_POINT('',(4.55883456407,0.667681480894));
#4719 = CARTESIAN_POINT('',(4.5676508325,0.662176520686));
#4720 = CARTESIAN_POINT('',(4.57627994832,0.656458439223));
#4721 = CARTESIAN_POINT('',(4.584710733937,0.650521420566));
#4722 = CARTESIAN_POINT('',(4.601034450073,0.63828366987));
#4723 = CARTESIAN_POINT('',(4.608932290269,0.63199003578));
#4724 = CARTESIAN_POINT('',(4.616613554977,0.625470990609));
#4725 = CARTESIAN_POINT('',(4.624064908611,0.618719428791));
#4726 = CARTESIAN_POINT('',(4.631270794392,0.611728060703));
#4727 = CARTESIAN_POINT('',(4.638213403921,0.604489221063));
#4728 = CARTESIAN_POINT('',(4.644872461712,0.596994432968));
#4729 = CARTESIAN_POINT('',(4.658816235758,0.57995927252));
#4730 = CARTESIAN_POINT('',(4.665963404398,0.570312629455));
#4731 = CARTESIAN_POINT('',(4.672633866643,0.560270776346));
#4732 = CARTESIAN_POINT('',(4.678778862125,0.549816398498));
#4733 = CARTESIAN_POINT('',(4.684336129145,0.53893908955));
#4734 = CARTESIAN_POINT('',(4.689232267884,0.527636158254));
#4735 = CARTESIAN_POINT('',(4.693384671767,0.515913041035));
#4736 = CARTESIAN_POINT('',(4.697822268572,0.499692110301));
#4737 = CARTESIAN_POINT('',(4.698846257381,0.495555972524));
#4738 = CARTESIAN_POINT('',(4.699771474029,0.491376104369));
#4739 = CARTESIAN_POINT('',(4.700594291192,0.487154126289));
#4740 = CARTESIAN_POINT('',(4.70131106696,0.482892113471));
#4741 = CARTESIAN_POINT('',(4.701918238202,0.478592627491));
#4742 = CARTESIAN_POINT('',(4.702412413938,0.474258747983));
#4743 = CARTESIAN_POINT('',(4.702996874213,0.467511151946));
#4744 = CARTESIAN_POINT('',(4.703168672786,0.465119042871));
#4745 = CARTESIAN_POINT('',(4.703305344255,0.462718382627));
#4746 = CARTESIAN_POINT('',(4.703406407847,0.460309827162));
#4747 = CARTESIAN_POINT('',(4.703471422187,0.45789408281));
#4748 = CARTESIAN_POINT('',(4.703499985296,0.455471906294));
#4749 = CARTESIAN_POINT('',(4.703491734593,0.453044104725));
#4750 = CARTESIAN_POINT('',(4.703353869133,0.445655158294));
#4751 = CARTESIAN_POINT('',(4.703107233786,0.440678495966));
#4752 = CARTESIAN_POINT('',(4.70270378927,0.43568942105));
#4753 = CARTESIAN_POINT('',(4.702141869281,0.430696140101));
#4754 = CARTESIAN_POINT('',(4.701420919084,0.42570719392));
#4755 = CARTESIAN_POINT('',(4.700541621795,0.420731457686));
#4756 = CARTESIAN_POINT('',(4.699506024663,0.41577814109));
#4757 = CARTESIAN_POINT('',(4.696906982269,0.40501472632));
#4758 = CARTESIAN_POINT('',(4.695280688257,0.399216356617));
#4759 = CARTESIAN_POINT('',(4.693444693936,0.393477991191));
#4760 = CARTESIAN_POINT('',(4.691407166738,0.387813754269));
#4761 = CARTESIAN_POINT('',(4.689178119781,0.382235780446));
#4762 = CARTESIAN_POINT('',(4.686769000731,0.376754412663));
#4763 = CARTESIAN_POINT('',(4.684192280674,0.371378400179));
#4764 = CARTESIAN_POINT('',(4.68000839372,0.363315730486));
#4765 = CARTESIAN_POINT('',(4.678511882613,0.360547987747));
#4766 = CARTESIAN_POINT('',(4.67697340964,0.357812769207));
#4767 = CARTESIAN_POINT('',(4.675394843376,0.355110827544));
#4768 = CARTESIAN_POINT('',(4.67377802099,0.352442767227));
#4769 = CARTESIAN_POINT('',(4.672124748239,0.349809044525));
#4770 = CARTESIAN_POINT('',(4.670436799477,0.347209967502));
#4771 = CARTESIAN_POINT('',(4.665127523313,0.339298659929));
#4772 = CARTESIAN_POINT('',(4.661396133024,0.334103458159));
#4773 = CARTESIAN_POINT('',(4.65753693384,0.329061017564));
#4774 = CARTESIAN_POINT('',(4.653564055546,0.32417058357));
#4775 = CARTESIAN_POINT('',(4.649490409252,0.319429990695));
#4776 = CARTESIAN_POINT('',(4.645327526,0.314835933075));
#4777 = CARTESIAN_POINT('',(4.641085395366,0.310384234984));
#4778 = CARTESIAN_POINT('',(4.629846071674,0.299142247262));
#4779 = CARTESIAN_POINT('',(4.622739344804,0.292571504023));
#4780 = CARTESIAN_POINT('',(4.615485266088,0.286336199342));
#4781 = CARTESIAN_POINT('',(4.608111706401,0.280415809344));
#4782 = CARTESIAN_POINT('',(4.600641449215,0.274790800359));
#4783 = CARTESIAN_POINT('',(4.593092374972,0.269442450706));
#4784 = CARTESIAN_POINT('',(4.585477645451,0.264352672471));
#4785 = CARTESIAN_POINT('',(4.569753085917,0.254414159412));
#4786 = CARTESIAN_POINT('',(4.561640084965,0.249591677397));
#4787 = CARTESIAN_POINT('',(4.553478540532,0.245016951127));
#4788 = CARTESIAN_POINT('',(4.545278153631,0.240673296622));
#4789 = CARTESIAN_POINT('',(4.537046835048,0.236545999897));
#4790 = CARTESIAN_POINT('',(4.528790812297,0.23262177792));
#4791 = CARTESIAN_POINT('',(4.520514679524,0.228888482684));
#4792 = CARTESIAN_POINT('',(4.501098605437,0.220569257122));
#4793 = CARTESIAN_POINT('',(4.489946964715,0.216127827623));
#4794 = CARTESIAN_POINT('',(4.478774599739,0.211984274559));
#4795 = CARTESIAN_POINT('',(4.467588155537,0.208116722574));
#4796 = CARTESIAN_POINT('',(4.456392836627,0.204506583823));
#4797 = CARTESIAN_POINT('',(4.445192426793,0.201137649192));
#4798 = CARTESIAN_POINT('',(4.433989282615,0.197995593186));
#4799 = CARTESIAN_POINT('',(4.393475508573,0.187409926424));
#4800 = CARTESIAN_POINT('',(4.364169206152,0.181222388555));
#4801 = CARTESIAN_POINT('',(4.334879151813,0.176277303865));
#4802 = CARTESIAN_POINT('',(4.305617657196,0.172443607912));
#4803 = CARTESIAN_POINT('',(4.276389013743,0.169626272704));
#4804 = CARTESIAN_POINT('',(4.247188189774,0.16776812136));
#4805 = CARTESIAN_POINT('',(4.217999067289,0.166837833344));
#4806 = CARTESIAN_POINT('',(4.188790204786,0.166837833344));
#4807 = ( GEOMETRIC_REPRESENTATION_CONTEXT(2) 
PARAMETRIC_REPRESENTATION_CONTEXT() REPRESENTATION_CONTEXT('2D SPACE',''
  ) );
#4808 = PCURVE('',#4809,#4814);
#4809 = CYLINDRICAL_SURFACE('',#4810,4.);
#4810 = AXIS2_PLACEMENT_3D('',#4811,#4812,#4813);
#4811 = CARTESIAN_POINT('',(25.413734854522,-23.98212002188,466.02));
#4812 = DIRECTION('',(0.866025403784,-0.5,0.));
#4813 = DIRECTION('',(0.5,0.866025403784,0.));
#4814 = DEFINITIONAL_REPRESENTATION('',(#4815),#5014);
#4815 = B_SPLINE_CURVE_WITH_KNOTS('',8,(#4816,#4817,#4818,#4819,#4820,
    #4821,#4822,#4823,#4824,#4825,#4826,#4827,#4828,#4829,#4830,#4831,
    #4832,#4833,#4834,#4835,#4836,#4837,#4838,#4839,#4840,#4841,#4842,
    #4843,#4844,#4845,#4846,#4847,#4848,#4849,#4850,#4851,#4852,#4853,
    #4854,#4855,#4856,#4857,#4858,#4859,#4860,#4861,#4862,#4863,#4864,
    #4865,#4866,#4867,#4868,#4869,#4870,#4871,#4872,#4873,#4874,#4875,
    #4876,#4877,#4878,#4879,#4880,#4881,#4882,#4883,#4884,#4885,#4886,
    #4887,#4888,#4889,#4890,#4891,#4892,#4893,#4894,#4895,#4896,#4897,
    #4898,#4899,#4900,#4901,#4902,#4903,#4904,#4905,#4906,#4907,#4908,
    #4909,#4910,#4911,#4912,#4913,#4914,#4915,#4916,#4917,#4918,#4919,
    #4920,#4921,#4922,#4923,#4924,#4925,#4926,#4927,#4928,#4929,#4930,
    #4931,#4932,#4933,#4934,#4935,#4936,#4937,#4938,#4939,#4940,#4941,
    #4942,#4943,#4944,#4945,#4946,#4947,#4948,#4949,#4950,#4951,#4952,
    #4953,#4954,#4955,#4956,#4957,#4958,#4959,#4960,#4961,#4962,#4963,
    #4964,#4965,#4966,#4967,#4968,#4969,#4970,#4971,#4972,#4973,#4974,
    #4975,#4976,#4977,#4978,#4979,#4980,#4981,#4982,#4983,#4984,#4985,
    #4986,#4987,#4988,#4989,#4990,#4991,#4992,#4993,#4994,#4995,#4996,
    #4997,#4998,#4999,#5000,#5001,#5002,#5003,#5004,#5005,#5006,#5007,
    #5008,#5009,#5010,#5011,#5012,#5013),.UNSPECIFIED.,.T.,.F.,(9,7,7,7,
    7,7,7,7,7,7,7,7,7,7,7,7,7,7,7,7,7,7,7,7,7,7,7,7,9),(0.,
    0.112243846358,0.150661632114,0.180921230378,0.216968854634,
    0.229263219327,0.235979226573,0.249670780827,0.265936854764,
    0.274594170847,0.292660843104,0.321718542317,0.352289742132,
    0.383020859601,0.499977928233,0.619536324131,0.650523650919,
    0.681070668718,0.717575977027,0.729888781793,0.73661116948,
    0.750308083344,0.76656747951,0.775215280389,0.793247732754,
    0.822205375139,0.852601300994,0.893367677067,1.),.UNSPECIFIED.);
#4816 = CARTESIAN_POINT('',(5.400402273631,6.));
#4817 = CARTESIAN_POINT('',(5.400402273631,5.829958356861));
#4818 = CARTESIAN_POINT('',(5.402649170013,5.660229330575));
#4819 = CARTESIAN_POINT('',(5.407131773136,5.490878548002));
#4820 = CARTESIAN_POINT('',(5.41388854757,5.322073168213));
#4821 = CARTESIAN_POINT('',(5.423012522665,5.154132961489));
#4822 = CARTESIAN_POINT('',(5.434636931757,4.987515078734));
#4823 = CARTESIAN_POINT('',(5.448950237329,4.822821421139));
#4824 = CARTESIAN_POINT('',(5.472223818976,4.605502549849));
#4825 = CARTESIAN_POINT('',(5.47851243433,4.550418951474));
#4826 = CARTESIAN_POINT('',(5.485168662082,4.495699270989));
#4827 = CARTESIAN_POINT('',(5.492207812228,4.441385590282));
#4828 = CARTESIAN_POINT('',(5.499646916373,4.387529506717));
#4829 = CARTESIAN_POINT('',(5.507505223881,4.334192650415));
#4830 = CARTESIAN_POINT('',(5.515805165945,4.281447739038));
#4831 = CARTESIAN_POINT('',(5.531480353405,4.188369380742));
#4832 = CARTESIAN_POINT('',(5.538676704365,4.147784728684));
#4833 = CARTESIAN_POINT('',(5.546176325297,4.107665192119));
#4834 = CARTESIAN_POINT('',(5.553993652233,4.068061352378));
#4835 = CARTESIAN_POINT('',(5.562144060488,4.029035292481));
#4836 = CARTESIAN_POINT('',(5.57064420774,3.990661108994));
#4837 = CARTESIAN_POINT('',(5.57951273207,3.953026037163));
#4838 = CARTESIAN_POINT('',(5.599800848492,3.872400450727));
#4839 = CARTESIAN_POINT('',(5.611375228293,3.829797218996));
#4840 = CARTESIAN_POINT('',(5.623537655905,3.788559955043));
#4841 = CARTESIAN_POINT('',(5.636327706059,3.748908518786));
#4842 = CARTESIAN_POINT('',(5.64977998517,3.71114015688));
#4843 = CARTESIAN_POINT('',(5.663922998159,3.675624923333));
#4844 = CARTESIAN_POINT('',(5.678778213571,3.642801533014));
#4845 = CARTESIAN_POINT('',(5.699673405102,3.603068792882));
#4846 = CARTESIAN_POINT('',(5.705070242994,3.593338861842));
#4847 = CARTESIAN_POINT('',(5.710549491685,3.584004874321));
#4848 = CARTESIAN_POINT('',(5.716110273309,3.575089175272));
#4849 = CARTESIAN_POINT('',(5.72175110947,3.566615019573));
#4850 = CARTESIAN_POINT('',(5.727469849576,3.558606156372));
#4851 = CARTESIAN_POINT('',(5.733263599184,3.551086413432));
#4852 = CARTESIAN_POINT('',(5.74233253188,3.540251515659));
#4853 = CARTESIAN_POINT('',(5.745557671139,3.53657669737));
#4854 = CARTESIAN_POINT('',(5.748803444694,3.533058732405));
#4855 = CARTESIAN_POINT('',(5.752069151132,3.529701414293));
#4856 = CARTESIAN_POINT('',(5.755354009048,3.526508424305));
#4857 = CARTESIAN_POINT('',(5.758657157052,3.523483331446));
#4858 = CARTESIAN_POINT('',(5.761977653762,3.520629592462));
#4859 = CARTESIAN_POINT('',(5.772117077301,3.512488939191));
#4860 = CARTESIAN_POINT('',(5.778988201333,3.507752721162));
#4861 = CARTESIAN_POINT('',(5.785918322342,3.503770500399));
#4862 = CARTESIAN_POINT('',(5.792897160593,3.500566727657));
#4863 = CARTESIAN_POINT('',(5.799913633967,3.498160884204));
#4864 = CARTESIAN_POINT('',(5.806955807749,3.496566664222));
#4865 = CARTESIAN_POINT('',(5.814010844421,3.495791157213));
#4866 = CARTESIAN_POINT('',(5.829445496435,3.495884965336));
#4867 = CARTESIAN_POINT('',(5.837826669753,3.497091044045));
#4868 = CARTESIAN_POINT('',(5.846184896105,3.499452269482));
#4869 = CARTESIAN_POINT('',(5.854498786871,3.502953705084));
#4870 = CARTESIAN_POINT('',(5.862749000207,3.50756761582));
#4871 = CARTESIAN_POINT('',(5.870918099162,3.513255609237));
#4872 = CARTESIAN_POINT('',(5.878990409777,3.519970776511));
#4873 = CARTESIAN_POINT('',(5.891189223601,3.531752191426));
#4874 = CARTESIAN_POINT('',(5.895395570853,3.536120907555));
#4875 = CARTESIAN_POINT('',(5.899569102502,3.540758061705));
#4876 = CARTESIAN_POINT('',(5.903708206684,3.545655622774));
#4877 = CARTESIAN_POINT('',(5.907811478123,3.550805448743));
#4878 = CARTESIAN_POINT('',(5.911877718134,3.556199286667));
#4879 = CARTESIAN_POINT('',(5.915905934621,3.561828772682));
#4880 = CARTESIAN_POINT('',(5.928220707162,3.579907504451));
#4881 = CARTESIAN_POINT('',(5.936376326515,3.593118503952));
#4882 = CARTESIAN_POINT('',(5.944355966012,3.607244084706));
#4883 = CARTESIAN_POINT('',(5.952155957459,3.622211871309));
#4884 = CARTESIAN_POINT('',(5.959774892535,3.63795291747));
#4885 = CARTESIAN_POINT('',(5.967213316718,3.65440316473));
#4886 = CARTESIAN_POINT('',(5.974473423226,3.671504901178));
#4887 = CARTESIAN_POINT('',(5.992954492815,3.717681516803));
#4888 = CARTESIAN_POINT('',(6.003894209767,3.747700510002));
#4889 = CARTESIAN_POINT('',(6.014395499795,3.779061063615));
#4890 = CARTESIAN_POINT('',(6.024476109605,3.8115855801));
#4891 = CARTESIAN_POINT('',(6.034154094791,3.845122745166));
#4892 = CARTESIAN_POINT('',(6.04344798401,3.879547272424));
#4893 = CARTESIAN_POINT('',(6.052376943155,3.914759648028));
#4894 = CARTESIAN_POINT('',(6.069992042313,3.988483357677));
#4895 = CARTESIAN_POINT('',(6.078638225998,4.027058490395));
#4896 = CARTESIAN_POINT('',(6.08692096635,4.066316614216));
#4897 = CARTESIAN_POINT('',(6.094858690463,4.106176813322));
#4898 = CARTESIAN_POINT('',(6.10246779999,4.146570306603));
#4899 = CARTESIAN_POINT('',(6.109763354543,4.187439394781));
#4900 = CARTESIAN_POINT('',(6.116759415267,4.228736963372));
#4901 = CARTESIAN_POINT('',(6.130213779914,4.31233419741));
#4902 = CARTESIAN_POINT('',(6.136668363966,4.354633246637));
#4903 = CARTESIAN_POINT('',(6.142845629855,4.397283482194));
#4904 = CARTESIAN_POINT('',(6.148756880067,4.44024946283));
#4905 = CARTESIAN_POINT('',(6.154412130395,4.483500249059));
#4906 = CARTESIAN_POINT('',(6.159820349875,4.527009139189));
#4907 = CARTESIAN_POINT('',(6.164989700722,4.570753405347));
#4908 = CARTESIAN_POINT('',(6.188721207306,4.782020205139));
#4909 = CARTESIAN_POINT('',(6.204152589758,4.952354215863));
#4910 = CARTESIAN_POINT('',(6.216656222276,5.124785663883));
#4911 = CARTESIAN_POINT('',(6.226445648647,5.298642939134));
#4912 = CARTESIAN_POINT('',(6.233688612968,5.473395725994));
#4913 = CARTESIAN_POINT('',(6.238481513959,5.648676642687));
#4914 = CARTESIAN_POINT('',(6.2408829547,5.824243595101));
#4915 = CARTESIAN_POINT('',(6.240882902904,6.179669863545));
#4916 = CARTESIAN_POINT('',(6.238373366794,6.359117167709));
#4917 = CARTESIAN_POINT('',(6.233366179914,6.538259638599));
#4918 = CARTESIAN_POINT('',(6.225796305972,6.716843749305));
#4919 = CARTESIAN_POINT('',(6.21555928449,6.894475788142));
#4920 = CARTESIAN_POINT('',(6.20246938599,7.070574003446));
#4921 = CARTESIAN_POINT('',(6.186295141778,7.244399208907));
#4922 = CARTESIAN_POINT('',(6.161431116567,7.45910218229));
#4923 = CARTESIAN_POINT('',(6.156074302437,7.503064296164));
#4924 = CARTESIAN_POINT('',(6.150470350862,7.546774995882));
#4925 = CARTESIAN_POINT('',(6.144610497348,7.590209625214));
#4926 = CARTESIAN_POINT('',(6.138485111863,7.633339066008));
#4927 = CARTESIAN_POINT('',(6.13208342947,7.676129431538));
#4928 = CARTESIAN_POINT('',(6.125393280966,7.718541759862));
#4929 = CARTESIAN_POINT('',(6.111507724168,7.801925005679));
#4930 = CARTESIAN_POINT('',(6.104321665118,7.842902613812));
#4931 = CARTESIAN_POINT('',(6.096828882116,7.883425528754));
#4932 = CARTESIAN_POINT('',(6.089014618742,7.923442984702));
#4933 = CARTESIAN_POINT('',(6.080863139191,7.962892550483));
#4934 = CARTESIAN_POINT('',(6.072357372593,8.001699600125));
#4935 = CARTESIAN_POINT('',(6.063478188871,8.039776156408));
#4936 = CARTESIAN_POINT('',(6.043119328731,8.121526411367));
#4937 = CARTESIAN_POINT('',(6.031479291118,8.164806696535));
#4938 = CARTESIAN_POINT('',(6.019238279861,8.2067212215));
#4939 = CARTESIAN_POINT('',(6.006354987296,8.247045405293));
#4940 = CARTESIAN_POINT('',(5.992793108894,8.285473988354));
#4941 = CARTESIAN_POINT('',(5.978522500447,8.321625568467));
#4942 = CARTESIAN_POINT('',(5.963520095051,8.35504651161));
#4943 = CARTESIAN_POINT('',(5.942458456423,8.395389451679));
#4944 = CARTESIAN_POINT('',(5.937063063096,8.405191236568));
#4945 = CARTESIAN_POINT('',(5.931584723581,8.414598470311));
#4946 = CARTESIAN_POINT('',(5.926024290551,8.423588684346));
#4947 = CARTESIAN_POINT('',(5.920383218302,8.432138478914));
#4948 = CARTESIAN_POINT('',(5.914663635374,8.440223938325));
#4949 = CARTESIAN_POINT('',(5.908868417165,8.447821046228));
#4950 = CARTESIAN_POINT('',(5.899797982323,8.458774308411));
#4951 = CARTESIAN_POINT('',(5.896573282873,8.462489902379));
#4952 = CARTESIAN_POINT('',(5.893327778163,8.466048948569));
#4953 = CARTESIAN_POINT('',(5.890062166508,8.469447623172));
#4954 = CARTESIAN_POINT('',(5.886777226576,8.47268221278));
#4955 = CARTESIAN_POINT('',(5.883473817387,8.475749114386));
#4956 = CARTESIAN_POINT('',(5.880152878315,8.478644835389));
#4957 = CARTESIAN_POINT('',(5.870015351977,8.486910373228));
#4958 = CARTESIAN_POINT('',(5.863146066983,8.491730739586));
#4959 = CARTESIAN_POINT('',(5.856217074348,8.495798210067));
#4960 = CARTESIAN_POINT('',(5.849238632314,8.499088024744));
#4961 = CARTESIAN_POINT('',(5.842221808701,8.501580370456));
#4962 = CARTESIAN_POINT('',(5.835178532486,8.503261204897));
#4963 = CARTESIAN_POINT('',(5.828121645388,8.504123080714));
#4964 = CARTESIAN_POINT('',(5.812688062782,8.504216882337));
#4965 = CARTESIAN_POINT('',(5.8043095091,8.503113673361));
#4966 = CARTESIAN_POINT('',(5.795952838209,8.500855727411));
#4967 = CARTESIAN_POINT('',(5.787639430979,8.497457376843));
#4968 = CARTESIAN_POINT('',(5.779388641637,8.492945774918));
#4969 = CARTESIAN_POINT('',(5.771217936058,8.487358769104));
#4970 = CARTESIAN_POINT('',(5.76314303006,8.480742774368));
#4971 = CARTESIAN_POINT('',(5.750941723111,8.469112660709));
#4972 = CARTESIAN_POINT('',(5.746736107799,8.464798067713));
#4973 = CARTESIAN_POINT('',(5.74256300459,8.460214709779));
#4974 = CARTESIAN_POINT('',(5.738424030542,8.45537054547));
#4975 = CARTESIAN_POINT('',(5.734320596931,8.450273649613));
#4976 = CARTESIAN_POINT('',(5.730253909257,8.444932213303));
#4977 = CARTESIAN_POINT('',(5.726224967238,8.439354543902));
#4978 = CARTESIAN_POINT('',(5.713913750934,8.4214434416));
#4979 = CARTESIAN_POINT('',(5.705761236989,8.408347686576));
#4980 = CARTESIAN_POINT('',(5.69778332044,8.394335522152));
#4981 = CARTESIAN_POINT('',(5.689983743238,8.37947880058));
#4982 = CARTESIAN_POINT('',(5.682363994254,8.363846039168));
#4983 = CARTESIAN_POINT('',(5.674923611696,8.347500955257));
#4984 = CARTESIAN_POINT('',(5.667660485539,8.330501001205));
#4985 = CARTESIAN_POINT('',(5.649186676501,8.284624523238));
#4986 = CARTESIAN_POINT('',(5.638254255704,8.254802932462));
#4987 = CARTESIAN_POINT('',(5.627756722773,8.223633622113));
#4988 = CARTESIAN_POINT('',(5.617676709997,8.191292947317));
#4989 = CARTESIAN_POINT('',(5.607996499834,8.157931328485));
#4990 = CARTESIAN_POINT('',(5.598697868017,8.123673456551));
#4991 = CARTESIAN_POINT('',(5.589761926662,8.088618498215));
#4992 = CARTESIAN_POINT('',(5.572149208435,8.015285053756));
#4993 = CARTESIAN_POINT('',(5.563510396898,7.976945233282));
#4994 = CARTESIAN_POINT('',(5.555231494674,7.93791461043));
#4995 = CARTESIAN_POINT('',(5.547294437222,7.898273417841));
#4996 = CARTESIAN_POINT('',(5.539683136337,7.858089929956));
#4997 = CARTESIAN_POINT('',(5.532382813788,7.817421495718));
#4998 = CARTESIAN_POINT('',(5.525379665787,7.776315024144));
#4999 = CARTESIAN_POINT('',(5.509649735139,7.679137130735));
#5000 = CARTESIAN_POINT('',(5.501151663922,7.622754963847));
#5001 = CARTESIAN_POINT('',(5.493136148484,7.565753645001));
#5002 = CARTESIAN_POINT('',(5.485578161739,7.508212230158));
#5003 = CARTESIAN_POINT('',(5.478456415609,7.450197447703));
#5004 = CARTESIAN_POINT('',(5.471752204957,7.391764907503));
#5005 = CARTESIAN_POINT('',(5.465448825536,7.33295967968));
#5006 = CARTESIAN_POINT('',(5.444053831794,7.119115172308));
#5007 = CARTESIAN_POINT('',(5.431225698174,6.962179762791));
#5008 = CARTESIAN_POINT('',(5.420777077884,6.803619780285));
#5009 = CARTESIAN_POINT('',(5.412559928778,6.643907814508));
#5010 = CARTESIAN_POINT('',(5.406464719164,6.483431346977));
#5011 = CARTESIAN_POINT('',(5.402424785025,6.322487810828));
#5012 = CARTESIAN_POINT('',(5.400402273631,6.161298436462));
#5013 = CARTESIAN_POINT('',(5.400402273631,6.));
#5014 = ( GEOMETRIC_REPRESENTATION_CONTEXT(2) 
PARAMETRIC_REPRESENTATION_CONTEXT() REPRESENTATION_CONTEXT('2D SPACE',''
  ) );
#5015 = ADVANCED_FACE('',(#5016),#1131,.F.);
#5016 = FACE_BOUND('',#5017,.F.);
#5017 = EDGE_LOOP('',(#5018,#5047,#5068,#5069));
#5018 = ORIENTED_EDGE('',*,*,#5019,.F.);
#5019 = EDGE_CURVE('',#5020,#5020,#5022,.T.);
#5020 = VERTEX_POINT('',#5021);
#5021 = CARTESIAN_POINT('',(17.5,-4.286263797016E-15,470.));
#5022 = SURFACE_CURVE('',#5023,(#5028,#5035),.PCURVE_S1.);
#5023 = CIRCLE('',#5024,17.5);
#5024 = AXIS2_PLACEMENT_3D('',#5025,#5026,#5027);
#5025 = CARTESIAN_POINT('',(0.,0.,470.));
#5026 = DIRECTION('',(0.,0.,1.));
#5027 = DIRECTION('',(1.,0.,-0.));
#5028 = PCURVE('',#1131,#5029);
#5029 = DEFINITIONAL_REPRESENTATION('',(#5030),#5034);
#5030 = LINE('',#5031,#5032);
#5031 = CARTESIAN_POINT('',(0.,9.));
#5032 = VECTOR('',#5033,1.);
#5033 = DIRECTION('',(1.,0.));
#5034 = ( GEOMETRIC_REPRESENTATION_CONTEXT(2) 
PARAMETRIC_REPRESENTATION_CONTEXT() REPRESENTATION_CONTEXT('2D SPACE',''
  ) );
#5035 = PCURVE('',#5036,#5041);
#5036 = PLANE('',#5037);
#5037 = AXIS2_PLACEMENT_3D('',#5038,#5039,#5040);
#5038 = CARTESIAN_POINT('',(-52.,-62.,470.));
#5039 = DIRECTION('',(0.,0.,1.));
#5040 = DIRECTION('',(1.,0.,0.));
#5041 = DEFINITIONAL_REPRESENTATION('',(#5042),#5046);
#5042 = CIRCLE('',#5043,17.5);
#5043 = AXIS2_PLACEMENT_2D('',#5044,#5045);
#5044 = CARTESIAN_POINT('',(52.,62.));
#5045 = DIRECTION('',(1.,0.));
#5046 = ( GEOMETRIC_REPRESENTATION_CONTEXT(2) 
PARAMETRIC_REPRESENTATION_CONTEXT() REPRESENTATION_CONTEXT('2D SPACE',''
  ) );
#5047 = ORIENTED_EDGE('',*,*,#5048,.F.);
#5048 = EDGE_CURVE('',#1115,#5020,#5049,.T.);
#5049 = SEAM_CURVE('',#5050,(#5054,#5061),.PCURVE_S1.);
#5050 = LINE('',#5051,#5052);
#5051 = CARTESIAN_POINT('',(17.5,-4.286263797016E-15,461.));
#5052 = VECTOR('',#5053,1.);
#5053 = DIRECTION('',(0.,0.,1.));
#5054 = PCURVE('',#1131,#5055);
#5055 = DEFINITIONAL_REPRESENTATION('',(#5056),#5060);
#5056 = LINE('',#5057,#5058);
#5057 = CARTESIAN_POINT('',(6.28318530718,-0.));
#5058 = VECTOR('',#5059,1.);
#5059 = DIRECTION('',(0.,1.));
#5060 = ( GEOMETRIC_REPRESENTATION_CONTEXT(2) 
PARAMETRIC_REPRESENTATION_CONTEXT() REPRESENTATION_CONTEXT('2D SPACE',''
  ) );
#5061 = PCURVE('',#1131,#5062);
#5062 = DEFINITIONAL_REPRESENTATION('',(#5063),#5067);
#5063 = LINE('',#5064,#5065);
#5064 = CARTESIAN_POINT('',(0.,-0.));
#5065 = VECTOR('',#5066,1.);
#5066 = DIRECTION('',(0.,1.));
#5067 = ( GEOMETRIC_REPRESENTATION_CONTEXT(2) 
PARAMETRIC_REPRESENTATION_CONTEXT() REPRESENTATION_CONTEXT('2D SPACE',''
  ) );
#5068 = ORIENTED_EDGE('',*,*,#1114,.T.);
#5069 = ORIENTED_EDGE('',*,*,#5048,.T.);
#5070 = ADVANCED_FACE('',(#5071),#1162,.T.);
#5071 = FACE_BOUND('',#5072,.T.);
#5072 = EDGE_LOOP('',(#5073,#5096,#5097,#5120));
#5073 = ORIENTED_EDGE('',*,*,#5074,.F.);
#5074 = EDGE_CURVE('',#1146,#5075,#5077,.T.);
#5075 = VERTEX_POINT('',#5076);
#5076 = CARTESIAN_POINT('',(-18.,30.,470.));
#5077 = SURFACE_CURVE('',#5078,(#5082,#5089),.PCURVE_S1.);
#5078 = LINE('',#5079,#5080);
#5079 = CARTESIAN_POINT('',(-18.,30.,461.));
#5080 = VECTOR('',#5081,1.);
#5081 = DIRECTION('',(0.,0.,1.));
#5082 = PCURVE('',#1162,#5083);
#5083 = DEFINITIONAL_REPRESENTATION('',(#5084),#5088);
#5084 = LINE('',#5085,#5086);
#5085 = CARTESIAN_POINT('',(0.,26.));
#5086 = VECTOR('',#5087,1.);
#5087 = DIRECTION('',(1.,0.));
#5088 = ( GEOMETRIC_REPRESENTATION_CONTEXT(2) 
PARAMETRIC_REPRESENTATION_CONTEXT() REPRESENTATION_CONTEXT('2D SPACE',''
  ) );
#5089 = PCURVE('',#1238,#5090);
#5090 = DEFINITIONAL_REPRESENTATION('',(#5091),#5095);
#5091 = LINE('',#5092,#5093);
#5092 = CARTESIAN_POINT('',(0.,0.));
#5093 = VECTOR('',#5094,1.);
#5094 = DIRECTION('',(1.,0.));
#5095 = ( GEOMETRIC_REPRESENTATION_CONTEXT(2) 
PARAMETRIC_REPRESENTATION_CONTEXT() REPRESENTATION_CONTEXT('2D SPACE',''
  ) );
#5096 = ORIENTED_EDGE('',*,*,#1145,.T.);
#5097 = ORIENTED_EDGE('',*,*,#5098,.T.);
#5098 = EDGE_CURVE('',#1148,#5099,#5101,.T.);
#5099 = VERTEX_POINT('',#5100);
#5100 = CARTESIAN_POINT('',(-44.,30.,470.));
#5101 = SURFACE_CURVE('',#5102,(#5106,#5113),.PCURVE_S1.);
#5102 = LINE('',#5103,#5104);
#5103 = CARTESIAN_POINT('',(-44.,30.,461.));
#5104 = VECTOR('',#5105,1.);
#5105 = DIRECTION('',(0.,0.,1.));
#5106 = PCURVE('',#1162,#5107);
#5107 = DEFINITIONAL_REPRESENTATION('',(#5108),#5112);
#5108 = LINE('',#5109,#5110);
#5109 = CARTESIAN_POINT('',(0.,0.));
#5110 = VECTOR('',#5111,1.);
#5111 = DIRECTION('',(1.,0.));
#5112 = ( GEOMETRIC_REPRESENTATION_CONTEXT(2) 
PARAMETRIC_REPRESENTATION_CONTEXT() REPRESENTATION_CONTEXT('2D SPACE',''
  ) );
#5113 = PCURVE('',#1188,#5114);
#5114 = DEFINITIONAL_REPRESENTATION('',(#5115),#5119);
#5115 = LINE('',#5116,#5117);
#5116 = CARTESIAN_POINT('',(0.,0.));
#5117 = VECTOR('',#5118,1.);
#5118 = DIRECTION('',(1.,0.));
#5119 = ( GEOMETRIC_REPRESENTATION_CONTEXT(2) 
PARAMETRIC_REPRESENTATION_CONTEXT() REPRESENTATION_CONTEXT('2D SPACE',''
  ) );
#5120 = ORIENTED_EDGE('',*,*,#5121,.F.);
#5121 = EDGE_CURVE('',#5075,#5099,#5122,.T.);
#5122 = SURFACE_CURVE('',#5123,(#5127,#5133),.PCURVE_S1.);
#5123 = LINE('',#5124,#5125);
#5124 = CARTESIAN_POINT('',(-48.,30.,470.));
#5125 = VECTOR('',#5126,1.);
#5126 = DIRECTION('',(-1.,-0.,0.));
#5127 = PCURVE('',#1162,#5128);
#5128 = DEFINITIONAL_REPRESENTATION('',(#5129),#5132);
#5129 = B_SPLINE_CURVE_WITH_KNOTS('',1,(#5130,#5131),.UNSPECIFIED.,.F.,
  .F.,(2,2),(-30.,-4.),.PIECEWISE_BEZIER_KNOTS.);
#5130 = CARTESIAN_POINT('',(9.,26.));
#5131 = CARTESIAN_POINT('',(9.,0.));
#5132 = ( GEOMETRIC_REPRESENTATION_CONTEXT(2) 
PARAMETRIC_REPRESENTATION_CONTEXT() REPRESENTATION_CONTEXT('2D SPACE',''
  ) );
#5133 = PCURVE('',#2023,#5134);
#5134 = DEFINITIONAL_REPRESENTATION('',(#5135),#5138);
#5135 = B_SPLINE_CURVE_WITH_KNOTS('',1,(#5136,#5137),.UNSPECIFIED.,.F.,
  .F.,(2,2),(-30.,-4.),.PIECEWISE_BEZIER_KNOTS.);
#5136 = CARTESIAN_POINT('',(34.,92.));
#5137 = CARTESIAN_POINT('',(8.,92.));
#5138 = ( GEOMETRIC_REPRESENTATION_CONTEXT(2) 
PARAMETRIC_REPRESENTATION_CONTEXT() REPRESENTATION_CONTEXT('2D SPACE',''
  ) );
#5139 = ADVANCED_FACE('',(#5140),#1238,.F.);
#5140 = FACE_BOUND('',#5141,.F.);
#5141 = EDGE_LOOP('',(#5142,#5143,#5144,#5167));
#5142 = ORIENTED_EDGE('',*,*,#5074,.F.);
#5143 = ORIENTED_EDGE('',*,*,#1225,.T.);
#5144 = ORIENTED_EDGE('',*,*,#5145,.T.);
#5145 = EDGE_CURVE('',#1200,#5146,#5148,.T.);
#5146 = VERTEX_POINT('',#5147);
#5147 = CARTESIAN_POINT('',(-18.,46.,470.));
#5148 = SURFACE_CURVE('',#5149,(#5153,#5160),.PCURVE_S1.);
#5149 = LINE('',#5150,#5151);
#5150 = CARTESIAN_POINT('',(-18.,46.,461.));
#5151 = VECTOR('',#5152,1.);
#5152 = DIRECTION('',(0.,0.,1.));
#5153 = PCURVE('',#1238,#5154);
#5154 = DEFINITIONAL_REPRESENTATION('',(#5155),#5159);
#5155 = LINE('',#5156,#5157);
#5156 = CARTESIAN_POINT('',(0.,-16.));
#5157 = VECTOR('',#5158,1.);
#5158 = DIRECTION('',(1.,0.));
#5159 = ( GEOMETRIC_REPRESENTATION_CONTEXT(2) 
PARAMETRIC_REPRESENTATION_CONTEXT() REPRESENTATION_CONTEXT('2D SPACE',''
  ) );
#5160 = PCURVE('',#1214,#5161);
#5161 = DEFINITIONAL_REPRESENTATION('',(#5162),#5166);
#5162 = LINE('',#5163,#5164);
#5163 = CARTESIAN_POINT('',(0.,26.));
#5164 = VECTOR('',#5165,1.);
#5165 = DIRECTION('',(1.,0.));
#5166 = ( GEOMETRIC_REPRESENTATION_CONTEXT(2) 
PARAMETRIC_REPRESENTATION_CONTEXT() REPRESENTATION_CONTEXT('2D SPACE',''
  ) );
#5167 = ORIENTED_EDGE('',*,*,#5168,.F.);
#5168 = EDGE_CURVE('',#5075,#5146,#5169,.T.);
#5169 = SURFACE_CURVE('',#5170,(#5174,#5180),.PCURVE_S1.);
#5170 = LINE('',#5171,#5172);
#5171 = CARTESIAN_POINT('',(-18.,-16.,470.));
#5172 = VECTOR('',#5173,1.);
#5173 = DIRECTION('',(-0.,1.,0.));
#5174 = PCURVE('',#1238,#5175);
#5175 = DEFINITIONAL_REPRESENTATION('',(#5176),#5179);
#5176 = B_SPLINE_CURVE_WITH_KNOTS('',1,(#5177,#5178),.UNSPECIFIED.,.F.,
  .F.,(2,2),(46.,62.),.PIECEWISE_BEZIER_KNOTS.);
#5177 = CARTESIAN_POINT('',(9.,0.));
#5178 = CARTESIAN_POINT('',(9.,-16.));
#5179 = ( GEOMETRIC_REPRESENTATION_CONTEXT(2) 
PARAMETRIC_REPRESENTATION_CONTEXT() REPRESENTATION_CONTEXT('2D SPACE',''
  ) );
#5180 = PCURVE('',#2023,#5181);
#5181 = DEFINITIONAL_REPRESENTATION('',(#5182),#5185);
#5182 = B_SPLINE_CURVE_WITH_KNOTS('',1,(#5183,#5184),.UNSPECIFIED.,.F.,
  .F.,(2,2),(46.,62.),.PIECEWISE_BEZIER_KNOTS.);
#5183 = CARTESIAN_POINT('',(34.,92.));
#5184 = CARTESIAN_POINT('',(34.,108.));
#5185 = ( GEOMETRIC_REPRESENTATION_CONTEXT(2) 
PARAMETRIC_REPRESENTATION_CONTEXT() REPRESENTATION_CONTEXT('2D SPACE',''
  ) );
#5186 = ADVANCED_FACE('',(#5187),#1188,.T.);
#5187 = FACE_BOUND('',#5188,.T.);
#5188 = EDGE_LOOP('',(#5189,#5190,#5191,#5214));
#5189 = ORIENTED_EDGE('',*,*,#5098,.F.);
#5190 = ORIENTED_EDGE('',*,*,#1173,.T.);
#5191 = ORIENTED_EDGE('',*,*,#5192,.T.);
#5192 = EDGE_CURVE('',#1174,#5193,#5195,.T.);
#5193 = VERTEX_POINT('',#5194);
#5194 = CARTESIAN_POINT('',(-44.,46.,470.));
#5195 = SURFACE_CURVE('',#5196,(#5200,#5207),.PCURVE_S1.);
#5196 = LINE('',#5197,#5198);
#5197 = CARTESIAN_POINT('',(-44.,46.,461.));
#5198 = VECTOR('',#5199,1.);
#5199 = DIRECTION('',(0.,0.,1.));
#5200 = PCURVE('',#1188,#5201);
#5201 = DEFINITIONAL_REPRESENTATION('',(#5202),#5206);
#5202 = LINE('',#5203,#5204);
#5203 = CARTESIAN_POINT('',(0.,-16.));
#5204 = VECTOR('',#5205,1.);
#5205 = DIRECTION('',(1.,0.));
#5206 = ( GEOMETRIC_REPRESENTATION_CONTEXT(2) 
PARAMETRIC_REPRESENTATION_CONTEXT() REPRESENTATION_CONTEXT('2D SPACE',''
  ) );
#5207 = PCURVE('',#1214,#5208);
#5208 = DEFINITIONAL_REPRESENTATION('',(#5209),#5213);
#5209 = LINE('',#5210,#5211);
#5210 = CARTESIAN_POINT('',(0.,0.));
#5211 = VECTOR('',#5212,1.);
#5212 = DIRECTION('',(1.,0.));
#5213 = ( GEOMETRIC_REPRESENTATION_CONTEXT(2) 
PARAMETRIC_REPRESENTATION_CONTEXT() REPRESENTATION_CONTEXT('2D SPACE',''
  ) );
#5214 = ORIENTED_EDGE('',*,*,#5215,.F.);
#5215 = EDGE_CURVE('',#5099,#5193,#5216,.T.);
#5216 = SURFACE_CURVE('',#5217,(#5221,#5227),.PCURVE_S1.);
#5217 = LINE('',#5218,#5219);
#5218 = CARTESIAN_POINT('',(-44.,-16.,470.));
#5219 = VECTOR('',#5220,1.);
#5220 = DIRECTION('',(-0.,1.,0.));
#5221 = PCURVE('',#1188,#5222);
#5222 = DEFINITIONAL_REPRESENTATION('',(#5223),#5226);
#5223 = B_SPLINE_CURVE_WITH_KNOTS('',1,(#5224,#5225),.UNSPECIFIED.,.F.,
  .F.,(2,2),(46.,62.),.PIECEWISE_BEZIER_KNOTS.);
#5224 = CARTESIAN_POINT('',(9.,0.));
#5225 = CARTESIAN_POINT('',(9.,-16.));
#5226 = ( GEOMETRIC_REPRESENTATION_CONTEXT(2) 
PARAMETRIC_REPRESENTATION_CONTEXT() REPRESENTATION_CONTEXT('2D SPACE',''
  ) );
#5227 = PCURVE('',#2023,#5228);
#5228 = DEFINITIONAL_REPRESENTATION('',(#5229),#5232);
#5229 = B_SPLINE_CURVE_WITH_KNOTS('',1,(#5230,#5231),.UNSPECIFIED.,.F.,
  .F.,(2,2),(46.,62.),.PIECEWISE_BEZIER_KNOTS.);
#5230 = CARTESIAN_POINT('',(8.,92.));
#5231 = CARTESIAN_POINT('',(8.,108.));
#5232 = ( GEOMETRIC_REPRESENTATION_CONTEXT(2) 
PARAMETRIC_REPRESENTATION_CONTEXT() REPRESENTATION_CONTEXT('2D SPACE',''
  ) );
#5233 = ADVANCED_FACE('',(#5234),#1214,.F.);
#5234 = FACE_BOUND('',#5235,.F.);
#5235 = EDGE_LOOP('',(#5236,#5237,#5238,#5239));
#5236 = ORIENTED_EDGE('',*,*,#5145,.F.);
#5237 = ORIENTED_EDGE('',*,*,#1199,.T.);
#5238 = ORIENTED_EDGE('',*,*,#5192,.T.);
#5239 = ORIENTED_EDGE('',*,*,#5240,.F.);
#5240 = EDGE_CURVE('',#5146,#5193,#5241,.T.);
#5241 = SURFACE_CURVE('',#5242,(#5246,#5252),.PCURVE_S1.);
#5242 = LINE('',#5243,#5244);
#5243 = CARTESIAN_POINT('',(-48.,46.,470.));
#5244 = VECTOR('',#5245,1.);
#5245 = DIRECTION('',(-1.,-0.,0.));
#5246 = PCURVE('',#1214,#5247);
#5247 = DEFINITIONAL_REPRESENTATION('',(#5248),#5251);
#5248 = B_SPLINE_CURVE_WITH_KNOTS('',1,(#5249,#5250),.UNSPECIFIED.,.F.,
  .F.,(2,2),(-30.,-4.),.PIECEWISE_BEZIER_KNOTS.);
#5249 = CARTESIAN_POINT('',(9.,26.));
#5250 = CARTESIAN_POINT('',(9.,0.));
#5251 = ( GEOMETRIC_REPRESENTATION_CONTEXT(2) 
PARAMETRIC_REPRESENTATION_CONTEXT() REPRESENTATION_CONTEXT('2D SPACE',''
  ) );
#5252 = PCURVE('',#2023,#5253);
#5253 = DEFINITIONAL_REPRESENTATION('',(#5254),#5257);
#5254 = B_SPLINE_CURVE_WITH_KNOTS('',1,(#5255,#5256),.UNSPECIFIED.,.F.,
  .F.,(2,2),(-30.,-4.),.PIECEWISE_BEZIER_KNOTS.);
#5255 = CARTESIAN_POINT('',(34.,108.));
#5256 = CARTESIAN_POINT('',(8.,108.));
#5257 = ( GEOMETRIC_REPRESENTATION_CONTEXT(2) 
PARAMETRIC_REPRESENTATION_CONTEXT() REPRESENTATION_CONTEXT('2D SPACE',''
  ) );
#5258 = ADVANCED_FACE('',(#5259),#1268,.F.);
#5259 = FACE_BOUND('',#5260,.F.);
#5260 = EDGE_LOOP('',(#5261,#5284,#5306,#5307));
#5261 = ORIENTED_EDGE('',*,*,#5262,.T.);
#5262 = EDGE_CURVE('',#1252,#5263,#5265,.T.);
#5263 = VERTEX_POINT('',#5264);
#5264 = CARTESIAN_POINT('',(-35.,59.,467.5));
#5265 = SEAM_CURVE('',#5266,(#5270,#5277),.PCURVE_S1.);
#5266 = LINE('',#5267,#5268);
#5267 = CARTESIAN_POINT('',(-35.,59.,461.5));
#5268 = VECTOR('',#5269,1.);
#5269 = DIRECTION('',(0.,0.,1.));
#5270 = PCURVE('',#1268,#5271);
#5271 = DEFINITIONAL_REPRESENTATION('',(#5272),#5276);
#5272 = LINE('',#5273,#5274);
#5273 = CARTESIAN_POINT('',(6.28318530718,-0.));
#5274 = VECTOR('',#5275,1.);
#5275 = DIRECTION('',(0.,1.));
#5276 = ( GEOMETRIC_REPRESENTATION_CONTEXT(2) 
PARAMETRIC_REPRESENTATION_CONTEXT() REPRESENTATION_CONTEXT('2D SPACE',''
  ) );
#5277 = PCURVE('',#1268,#5278);
#5278 = DEFINITIONAL_REPRESENTATION('',(#5279),#5283);
#5279 = LINE('',#5280,#5281);
#5280 = CARTESIAN_POINT('',(0.,-0.));
#5281 = VECTOR('',#5282,1.);
#5282 = DIRECTION('',(0.,1.));
#5283 = ( GEOMETRIC_REPRESENTATION_CONTEXT(2) 
PARAMETRIC_REPRESENTATION_CONTEXT() REPRESENTATION_CONTEXT('2D SPACE',''
  ) );
#5284 = ORIENTED_EDGE('',*,*,#5285,.F.);
#5285 = EDGE_CURVE('',#5263,#5263,#5286,.T.);
#5286 = SURFACE_CURVE('',#5287,(#5292,#5299),.PCURVE_S1.);
#5287 = CIRCLE('',#5288,5.);
#5288 = AXIS2_PLACEMENT_3D('',#5289,#5290,#5291);
#5289 = CARTESIAN_POINT('',(-40.,59.,467.5));
#5290 = DIRECTION('',(0.,0.,1.));
#5291 = DIRECTION('',(1.,0.,-0.));
#5292 = PCURVE('',#1268,#5293);
#5293 = DEFINITIONAL_REPRESENTATION('',(#5294),#5298);
#5294 = LINE('',#5295,#5296);
#5295 = CARTESIAN_POINT('',(0.,6.));
#5296 = VECTOR('',#5297,1.);
#5297 = DIRECTION('',(1.,0.));
#5298 = ( GEOMETRIC_REPRESENTATION_CONTEXT(2) 
PARAMETRIC_REPRESENTATION_CONTEXT() REPRESENTATION_CONTEXT('2D SPACE',''
  ) );
#5299 = PCURVE('',#1916,#5300);
#5300 = DEFINITIONAL_REPRESENTATION('',(#5301),#5305);
#5301 = CIRCLE('',#5302,5.);
#5302 = AXIS2_PLACEMENT_2D('',#5303,#5304);
#5303 = CARTESIAN_POINT('',(0.,0.));
#5304 = DIRECTION('',(1.,0.));
#5305 = ( GEOMETRIC_REPRESENTATION_CONTEXT(2) 
PARAMETRIC_REPRESENTATION_CONTEXT() REPRESENTATION_CONTEXT('2D SPACE',''
  ) );
#5306 = ORIENTED_EDGE('',*,*,#5262,.F.);
#5307 = ORIENTED_EDGE('',*,*,#1251,.T.);
#5308 = ADVANCED_FACE('',(#5309,#5993),#1299,.F.);
#5309 = FACE_BOUND('',#5310,.F.);
#5310 = EDGE_LOOP('',(#5311,#5337,#5338,#5657,#5679,#5680,#5681));
#5311 = ORIENTED_EDGE('',*,*,#5312,.T.);
#5312 = EDGE_CURVE('',#5313,#5315,#5317,.T.);
#5313 = VERTEX_POINT('',#5314);
#5314 = CARTESIAN_POINT('',(4.065836197001,40.,465.8508409496));
#5315 = VERTEX_POINT('',#5316);
#5316 = CARTESIAN_POINT('',(2.792194702056E-15,40.,467.6));
#5317 = SEAM_CURVE('',#5318,(#5323,#5330),.PCURVE_S1.);
#5318 = CIRCLE('',#5319,5.6);
#5319 = AXIS2_PLACEMENT_3D('',#5320,#5321,#5322);
#5320 = CARTESIAN_POINT('',(2.449293598295E-15,40.,462.));
#5321 = DIRECTION('',(-2.449293598295E-16,-1.,0.));
#5322 = DIRECTION('',(1.,-2.449293598295E-16,0.));
#5323 = PCURVE('',#1299,#5324);
#5324 = DEFINITIONAL_REPRESENTATION('',(#5325),#5329);
#5325 = LINE('',#5326,#5327);
#5326 = CARTESIAN_POINT('',(6.28318530718,-6.28318530718));
#5327 = VECTOR('',#5328,1.);
#5328 = DIRECTION('',(0.,1.));
#5329 = ( GEOMETRIC_REPRESENTATION_CONTEXT(2) 
PARAMETRIC_REPRESENTATION_CONTEXT() REPRESENTATION_CONTEXT('2D SPACE',''
  ) );
#5330 = PCURVE('',#1299,#5331);
#5331 = DEFINITIONAL_REPRESENTATION('',(#5332),#5336);
#5332 = LINE('',#5333,#5334);
#5333 = CARTESIAN_POINT('',(0.,-6.28318530718));
#5334 = VECTOR('',#5335,1.);
#5335 = DIRECTION('',(0.,1.));
#5336 = ( GEOMETRIC_REPRESENTATION_CONTEXT(2) 
PARAMETRIC_REPRESENTATION_CONTEXT() REPRESENTATION_CONTEXT('2D SPACE',''
  ) );
#5337 = ORIENTED_EDGE('',*,*,#5312,.F.);
#5338 = ORIENTED_EDGE('',*,*,#5339,.T.);
#5339 = EDGE_CURVE('',#5313,#5340,#5342,.T.);
#5340 = VERTEX_POINT('',#5341);
#5341 = CARTESIAN_POINT('',(5.522242998873,40.,462.92996358068));
#5342 = SURFACE_CURVE('',#5343,(#5444,#5548),.PCURVE_S1.);
#5343 = B_SPLINE_CURVE_WITH_KNOTS('',8,(#5344,#5345,#5346,#5347,#5348,
    #5349,#5350,#5351,#5352,#5353,#5354,#5355,#5356,#5357,#5358,#5359,
    #5360,#5361,#5362,#5363,#5364,#5365,#5366,#5367,#5368,#5369,#5370,
    #5371,#5372,#5373,#5374,#5375,#5376,#5377,#5378,#5379,#5380,#5381,
    #5382,#5383,#5384,#5385,#5386,#5387,#5388,#5389,#5390,#5391,#5392,
    #5393,#5394,#5395,#5396,#5397,#5398,#5399,#5400,#5401,#5402,#5403,
    #5404,#5405,#5406,#5407,#5408,#5409,#5410,#5411,#5412,#5413,#5414,
    #5415,#5416,#5417,#5418,#5419,#5420,#5421,#5422,#5423,#5424,#5425,
    #5426,#5427,#5428,#5429,#5430,#5431,#5432,#5433,#5434,#5435,#5436,
    #5437,#5438,#5439,#5440,#5441,#5442,#5443),.UNSPECIFIED.,.F.,.F.,(9,
    7,7,7,7,7,7,7,7,7,7,7,7,7,9),(0.,0.221667321147,0.301517443049,
    0.362491105571,0.435153299224,0.459778754993,0.4732234474,
    0.500617107643,0.533351271856,0.550431181891,0.586227457886,
    0.644410959044,0.705202463118,0.786734748378,1.),.UNSPECIFIED.);
#5344 = CARTESIAN_POINT('',(4.065836197002,40.,465.8508409496));
#5345 = CARTESIAN_POINT('',(4.065836197002,40.166627261139,
    465.8508409496));
#5346 = CARTESIAN_POINT('',(4.066201568278,40.333044647129,
    465.84221502982));
#5347 = CARTESIAN_POINT('',(4.06692913462,40.49918714982,465.82500354784
    ));
#5348 = CARTESIAN_POINT('',(4.068134867222,40.6648642888,465.79902830436
    ));
#5349 = CARTESIAN_POINT('',(4.070031347751,40.829787025364,
    465.76397893145));
#5350 = CARTESIAN_POINT('',(4.072988857592,40.993533552683,
    465.71934658354));
#5351 = CARTESIAN_POINT('',(4.077531812507,41.155564115565,
    465.66446595141));
#5352 = CARTESIAN_POINT('',(4.087095845365,41.372602389937,
    465.57428184972));
#5353 = CARTESIAN_POINT('',(4.089951218033,41.429751300183,
    465.54892007911));
#5354 = CARTESIAN_POINT('',(4.093171127909,41.486537342937,
    465.52202550082));
#5355 = CARTESIAN_POINT('',(4.096803977188,41.542915697626,
    465.4935375108));
#5356 = CARTESIAN_POINT('',(4.100905158838,41.598830836177,
    465.46338935871));
#5357 = CARTESIAN_POINT('',(4.105538728807,41.654215938963,
    465.4315064215));
#5358 = CARTESIAN_POINT('',(4.11078017804,41.708991679643,
    465.39780256365));
#5359 = CARTESIAN_POINT('',(4.121256192903,41.804354366149,
    465.33496900951));
#5360 = CARTESIAN_POINT('',(4.126198834368,41.845228247674,
    465.30664549146));
#5361 = CARTESIAN_POINT('',(4.131588701039,41.885646997651,
    465.27715706465));
#5362 = CARTESIAN_POINT('',(4.137471208692,41.925559833114,
    465.2464543517));
#5363 = CARTESIAN_POINT('',(4.143897082073,41.964904311858,
    465.21448583464));
#5364 = CARTESIAN_POINT('',(4.150923442859,42.003605805256,
    465.1811969137));
#5365 = CARTESIAN_POINT('',(4.158615620057,42.041576345976,
    465.14652775292));
#5366 = CARTESIAN_POINT('',(4.177100538862,42.122968350099,
    465.06736835372));
#5367 = CARTESIAN_POINT('',(4.188196883418,42.166003615628,
    465.02230413377));
#5368 = CARTESIAN_POINT('',(4.200472234215,42.2076805424,464.97507492753
    ));
#5369 = CARTESIAN_POINT('',(4.214074554119,42.247776610891,
    464.92555996157));
#5370 = CARTESIAN_POINT('',(4.229166103611,42.285989933842,
    464.87366726479));
#5371 = CARTESIAN_POINT('',(4.245921583688,42.321943739321,
    464.81933982485));
#5372 = CARTESIAN_POINT('',(4.264524569229,42.355190289873,
    464.76256065096));
#5373 = CARTESIAN_POINT('',(4.292156404683,42.39538945215,
    464.68329234407));
#5374 = CARTESIAN_POINT('',(4.299382032173,42.40519123735,
    464.66295589388));
#5375 = CARTESIAN_POINT('',(4.306845045755,42.414598471248,
    464.64235179183));
#5376 = CARTESIAN_POINT('',(4.314550782804,42.423588685297,
    464.62148660982));
#5377 = CARTESIAN_POINT('',(4.322503726589,42.432138479755,
    464.60036930485));
#5378 = CARTESIAN_POINT('',(4.330707245275,42.440223938953,
    464.57901143193));
#5379 = CARTESIAN_POINT('',(4.33916333093,42.447821046567,
    464.55742735698));
#5380 = CARTESIAN_POINT('',(4.352627171458,42.458774308509,
    464.52373626688));
#5381 = CARTESIAN_POINT('',(4.3574573511,42.462489902537,464.51177589152
    ));
#5382 = CARTESIAN_POINT('',(4.362362927594,42.466048948755,
    464.49975624322));
#5383 = CARTESIAN_POINT('',(4.367343767103,42.469447623358,
    464.48768050462));
#5384 = CARTESIAN_POINT('',(4.372399551809,42.472682212942,
    464.47555214139));
#5385 = CARTESIAN_POINT('',(4.377529779906,42.475749114507,
    464.46337490222));
#5386 = CARTESIAN_POINT('',(4.382733765609,42.478644835454,
    464.45115281882));
#5387 = CARTESIAN_POINT('',(4.398762308016,42.48691037341,
    464.41390504145));
#5388 = CARTESIAN_POINT('',(4.409817573237,42.491730739829,
    464.38874915129));
#5389 = CARTESIAN_POINT('',(4.421167576902,42.49579821029,
    464.36346216518));
#5390 = CARTESIAN_POINT('',(4.432800752916,42.499088024904,
    464.33808605353));
#5391 = CARTESIAN_POINT('',(4.444702506436,42.501580370543,
    464.31266512908));
#5392 = CARTESIAN_POINT('',(4.456854893308,42.503261204926,
    464.28724604861));
#5393 = CARTESIAN_POINT('',(4.469236299512,42.504123080715,
    464.26187781455));
#5394 = CARTESIAN_POINT('',(4.496859403048,42.504217219845,
    464.20642002338));
#5395 = CARTESIAN_POINT('',(4.512191686617,42.503098993644,
    464.1763670961));
#5396 = CARTESIAN_POINT('',(4.527773655299,42.500810662109,
    464.14654246246));
#5397 = CARTESIAN_POINT('',(4.543560323681,42.497366950873,
    464.11702519796));
#5398 = CARTESIAN_POINT('',(4.559506525731,42.492795734856,
    464.08788472184));
#5399 = CARTESIAN_POINT('',(4.575567403575,42.487135833029,
    464.05918153301));
#5400 = CARTESIAN_POINT('',(4.591698896276,42.480434803177,
    464.03096794587));
#5401 = CARTESIAN_POINT('',(4.616289784741,42.468735286008,
    463.98884651847));
#5402 = CARTESIAN_POINT('',(4.624729752906,42.464454642451,
    463.97454836359));
#5403 = CARTESIAN_POINT('',(4.633172591312,42.459912373724,
    463.96039971671));
#5404 = CARTESIAN_POINT('',(4.641613087393,42.455116155299,
    463.94640518371));
#5405 = CARTESIAN_POINT('',(4.650046357824,42.450073770393,
    463.9325686212));
#5406 = CARTESIAN_POINT('',(4.658467848515,42.444793109961,
    463.91889313653));
#5407 = CARTESIAN_POINT('',(4.666873334615,42.439282172697,
    463.90538108778));
#5408 = CARTESIAN_POINT('',(4.692833529895,42.421533550699,
    463.86406127607));
#5409 = CARTESIAN_POINT('',(4.710319428771,42.408542567868,
    463.83681589141));
#5410 = CARTESIAN_POINT('',(4.727682938695,42.394648213475,
    463.81031002244));
#5411 = CARTESIAN_POINT('',(4.744895658882,42.379920776439,
    463.78454657844));
#5412 = CARTESIAN_POINT('',(4.761934295364,42.364427316745,
    463.75952063725));
#5413 = CARTESIAN_POINT('',(4.778780490145,42.348230244513,
    463.73522079712));
#5414 = CARTESIAN_POINT('',(4.795420650362,42.331385899074,
    463.71163052865));
#5415 = CARTESIAN_POINT('',(4.838543286433,42.285591533897,
    463.65150608831));
#5416 = CARTESIAN_POINT('',(4.864663335892,42.255669430876,
    463.61611642298));
#5417 = CARTESIAN_POINT('',(4.890173154806,42.22438287978,
    463.58246274696));
#5418 = CARTESIAN_POINT('',(4.915049864464,42.191911278441,
    463.55044976579));
#5419 = CARTESIAN_POINT('',(4.939280064085,42.158407561325,
    463.51998431255));
#5420 = CARTESIAN_POINT('',(4.962859416431,42.123998399136,
    463.49097498606));
#5421 = CARTESIAN_POINT('',(4.98579223344,42.08878439842,463.46333178907
    ));
#5422 = CARTESIAN_POINT('',(5.031389407438,42.015285054575,
    463.40941791986));
#5423 = CARTESIAN_POINT('',(5.053987713453,41.97694523462,
    463.38327370961));
#5424 = CARTESIAN_POINT('',(5.075895508889,41.937914612005,
    463.35843682555));
#5425 = CARTESIAN_POINT('',(5.097121661298,41.898273419412,
    463.33482393842));
#5426 = CARTESIAN_POINT('',(5.117675462495,41.858089931325,
    463.31236097334));
#5427 = CARTESIAN_POINT('',(5.137567230587,41.81742149673,463.290980566)
  );
#5428 = CARTESIAN_POINT('',(5.156808428337,41.776315024684,
    463.27062070147));
#5429 = CARTESIAN_POINT('',(5.20036107474,41.679137130454,
    463.22521080663));
#5430 = CARTESIAN_POINT('',(5.224158205755,41.622754963194,
    463.20093510977));
#5431 = CARTESIAN_POINT('',(5.24683075442,41.565753643933,
    463.17826148793));
#5432 = CARTESIAN_POINT('',(5.268402122969,41.508212228724,
    463.15707696039));
#5433 = CARTESIAN_POINT('',(5.288893210519,41.450197446062,
    463.13728497673));
#5434 = CARTESIAN_POINT('',(5.308323686523,41.391764905936,
    463.11880093545));
#5435 = CARTESIAN_POINT('',(5.326712379494,41.332959678606,
    463.10154976767));
#5436 = CARTESIAN_POINT('',(5.389497112887,41.11911384983,
    463.04339394353));
#5437 = CARTESIAN_POINT('',(5.427885577189,40.962178969326,
    463.00932843553));
#5438 = CARTESIAN_POINT('',(5.45957375035,40.803618784864,
    462.98206811122));
#5439 = CARTESIAN_POINT('',(5.484734497746,40.64390592159,
    462.96091509535));
#5440 = CARTESIAN_POINT('',(5.503510057389,40.483427735469,
    462.94536166591));
#5441 = CARTESIAN_POINT('',(5.515993783708,40.322482907625,
    462.9351005534));
#5442 = CARTESIAN_POINT('',(5.522242998873,40.161293890723,
    462.92996358068));
#5443 = CARTESIAN_POINT('',(5.522242998873,40.,462.92996358068));
#5444 = PCURVE('',#1299,#5445);
#5445 = DEFINITIONAL_REPRESENTATION('',(#5446),#5547);
#5446 = B_SPLINE_CURVE_WITH_KNOTS('',8,(#5447,#5448,#5449,#5450,#5451,
    #5452,#5453,#5454,#5455,#5456,#5457,#5458,#5459,#5460,#5461,#5462,
    #5463,#5464,#5465,#5466,#5467,#5468,#5469,#5470,#5471,#5472,#5473,
    #5474,#5475,#5476,#5477,#5478,#5479,#5480,#5481,#5482,#5483,#5484,
    #5485,#5486,#5487,#5488,#5489,#5490,#5491,#5492,#5493,#5494,#5495,
    #5496,#5497,#5498,#5499,#5500,#5501,#5502,#5503,#5504,#5505,#5506,
    #5507,#5508,#5509,#5510,#5511,#5512,#5513,#5514,#5515,#5516,#5517,
    #5518,#5519,#5520,#5521,#5522,#5523,#5524,#5525,#5526,#5527,#5528,
    #5529,#5530,#5531,#5532,#5533,#5534,#5535,#5536,#5537,#5538,#5539,
    #5540,#5541,#5542,#5543,#5544,#5545,#5546),.UNSPECIFIED.,.F.,.F.,(9,
    7,7,7,7,7,7,7,7,7,7,7,7,7,9),(0.,0.221667321147,0.301517443049,
    0.362491105571,0.435153299224,0.459778754993,0.4732234474,
    0.500617107643,0.533351271856,0.550431181891,0.586227457886,
    0.644410959044,0.705202463118,0.786734748378,1.),.UNSPECIFIED.);
#5447 = CARTESIAN_POINT('',(0.,0.758247578297));
#5448 = CARTESIAN_POINT('',(4.098228582405E-02,0.758247578297));
#5449 = CARTESIAN_POINT('',(8.191293992563E-02,0.756126043098));
#5450 = CARTESIAN_POINT('',(0.122551553142,0.751892750691));
#5451 = CARTESIAN_POINT('',(0.162628952233,0.745528145425));
#5452 = CARTESIAN_POINT('',(0.201860198434,0.737002389152));
#5453 = CARTESIAN_POINT('',(0.239948381755,0.726264006978));
#5454 = CARTESIAN_POINT('',(0.276600114046,0.713245707964));
#5455 = CARTESIAN_POINT('',(0.324062164848,0.692228972699));
#5456 = CARTESIAN_POINT('',(0.336401363729,0.686348289384));
#5457 = CARTESIAN_POINT('',(0.348495775934,0.68014569172));
#5458 = CARTESIAN_POINT('',(0.360328584614,0.673613235752));
#5459 = CARTESIAN_POINT('',(0.37188103098,0.666742127559));
#5460 = CARTESIAN_POINT('',(0.383132341184,0.659522393374));
#5461 = CARTESIAN_POINT('',(0.394059432686,0.651942167124));
#5462 = CARTESIAN_POINT('',(0.412712986953,0.637911709864));
#5463 = CARTESIAN_POINT('',(0.420584210488,0.631618857705));
#5464 = CARTESIAN_POINT('',(0.428239126415,0.625101181726));
#5465 = CARTESIAN_POINT('',(0.435664416597,0.618351593262));
#5466 = CARTESIAN_POINT('',(0.442844543586,0.611362824831));
#5467 = CARTESIAN_POINT('',(0.449761720816,0.604127239855));
#5468 = CARTESIAN_POINT('',(0.456395698472,0.596636399403));
#5469 = CARTESIAN_POINT('',(0.470264032821,0.579637560052));
#5470 = CARTESIAN_POINT('',(0.477363588669,0.570025600088));
#5471 = CARTESIAN_POINT('',(0.483989780198,0.560021843225));
#5472 = CARTESIAN_POINT('',(0.490094351412,0.549609274338));
#5473 = CARTESIAN_POINT('',(0.495615777598,0.538777697829));
#5474 = CARTESIAN_POINT('',(0.500481588837,0.527524532746));
#5475 = CARTESIAN_POINT('',(0.504610282138,0.515855231236));
#5476 = CARTESIAN_POINT('',(0.509032063837,0.499692110111));
#5477 = CARTESIAN_POINT('',(0.510056052675,0.495555972191));
#5478 = CARTESIAN_POINT('',(0.510981269333,0.491376103945));
#5479 = CARTESIAN_POINT('',(0.511804086489,0.48715412583));
#5480 = CARTESIAN_POINT('',(0.512520862239,0.482892113034));
#5481 = CARTESIAN_POINT('',(0.513128033458,0.478592627137));
#5482 = CARTESIAN_POINT('',(0.51362220917,0.474258747774));
#5483 = CARTESIAN_POINT('',(0.514206669432,0.467511151885));
#5484 = CARTESIAN_POINT('',(0.514378468007,0.465119042768));
#5485 = CARTESIAN_POINT('',(0.514515139475,0.4627183825));
#5486 = CARTESIAN_POINT('',(0.514616203065,0.460309827027));
#5487 = CARTESIAN_POINT('',(0.514681217402,0.457894082684));
#5488 = CARTESIAN_POINT('',(0.514709780509,0.455471906194));
#5489 = CARTESIAN_POINT('',(0.514701529806,0.453044104667));
#5490 = CARTESIAN_POINT('',(0.514563664343,0.445655158132));
#5491 = CARTESIAN_POINT('',(0.514317028985,0.440678495705));
#5492 = CARTESIAN_POINT('',(0.513913584455,0.435689420749));
#5493 = CARTESIAN_POINT('',(0.513351664455,0.430696139808));
#5494 = CARTESIAN_POINT('',(0.512630714255,0.425707193674));
#5495 = CARTESIAN_POINT('',(0.511751416972,0.420731457515));
#5496 = CARTESIAN_POINT('',(0.510715819856,0.415778141006));
#5497 = CARTESIAN_POINT('',(0.508107425874,0.404975998503));
#5498 = CARTESIAN_POINT('',(0.506468908904,0.399139471592));
#5499 = CARTESIAN_POINT('',(0.504617942089,0.393363859375));
#5500 = CARTESIAN_POINT('',(0.502562873871,0.387663559484));
#5501 = CARTESIAN_POINT('',(0.500313942972,0.382050921052));
#5502 = CARTESIAN_POINT('',(0.497882852659,0.376536450219));
#5503 = CARTESIAN_POINT('',(0.495282345014,0.371129015642));
#5504 = CARTESIAN_POINT('',(0.491087462485,0.363074312225));
#5505 = CARTESIAN_POINT('',(0.48960651143,0.360343477008));
#5506 = CARTESIAN_POINT('',(0.488084751268,0.357644406299));
#5507 = CARTESIAN_POINT('',(0.48652398089,0.354977817298));
#5508 = CARTESIAN_POINT('',(0.484925968837,0.352344286452));
#5509 = CARTESIAN_POINT('',(0.483292453306,0.349744249455));
#5510 = CARTESIAN_POINT('',(0.481625142146,0.347178001247));
#5511 = CARTESIAN_POINT('',(0.476364029004,0.339338460986));
#5512 = CARTESIAN_POINT('',(0.472661463102,0.334180797002));
#5513 = CARTESIAN_POINT('',(0.468832870094,0.329173621721));
#5514 = CARTESIAN_POINT('',(0.464892078375,0.324316214325));
#5515 = CARTESIAN_POINT('',(0.460851732967,0.319606477785));
#5516 = CARTESIAN_POINT('',(0.456723138689,0.315041201129));
#5517 = CARTESIAN_POINT('',(0.452516103327,0.310616321702));
#5518 = CARTESIAN_POINT('',(0.44128639281,0.299355600533));
#5519 = CARTESIAN_POINT('',(0.434150850759,0.292745021142));
#5520 = CARTESIAN_POINT('',(0.42686591786,0.286473463536));
#5521 = CARTESIAN_POINT('',(0.419459972098,0.280520118603));
#5522 = CARTESIAN_POINT('',(0.411956194556,0.274865174709));
#5523 = CARTESIAN_POINT('',(0.404372757739,0.269489638564));
#5524 = CARTESIAN_POINT('',(0.396723013896,0.264375156091));
#5525 = CARTESIAN_POINT('',(0.380962881306,0.254414159523));
#5526 = CARTESIAN_POINT('',(0.372849880461,0.249591677562));
#5527 = CARTESIAN_POINT('',(0.364688336073,0.245016951305));
#5528 = CARTESIAN_POINT('',(0.356487949168,0.240673296787));
#5529 = CARTESIAN_POINT('',(0.34825663054,0.236546000031));
#5530 = CARTESIAN_POINT('',(0.340000607715,0.232621778012));
#5531 = CARTESIAN_POINT('',(0.331724474846,0.228888482731));
#5532 = CARTESIAN_POINT('',(0.312308400595,0.220569257098));
#5533 = CARTESIAN_POINT('',(0.301156759799,0.21612782757));
#5534 = CARTESIAN_POINT('',(0.289984394743,0.211984274481));
#5535 = CARTESIAN_POINT('',(0.278797950472,0.208116722478));
#5536 = CARTESIAN_POINT('',(0.267602631525,0.204506583723));
#5537 = CARTESIAN_POINT('',(0.256402221708,0.201137649106));
#5538 = CARTESIAN_POINT('',(0.245199077625,0.197995593133));
#5539 = CARTESIAN_POINT('',(0.204685053237,0.187409860959));
#5540 = CARTESIAN_POINT('',(0.175378858104,0.181222375504));
#5541 = CARTESIAN_POINT('',(0.146088760625,0.176277265752));
#5542 = CARTESIAN_POINT('',(0.116827103428,0.172443550768));
#5543 = CARTESIAN_POINT('',(8.759815015655E-02,0.169626198701));
#5544 = CARTESIAN_POINT('',(5.839709699987E-02,0.167768068861));
#5545 = CARTESIAN_POINT('',(2.920803933408E-02,0.166837833343));
#5546 = CARTESIAN_POINT('',(0.,0.166837833343));
#5547 = ( GEOMETRIC_REPRESENTATION_CONTEXT(2) 
PARAMETRIC_REPRESENTATION_CONTEXT() REPRESENTATION_CONTEXT('2D SPACE',''
  ) );
#5548 = PCURVE('',#5549,#5554);
#5549 = CYLINDRICAL_SURFACE('',#5550,4.);
#5550 = AXIS2_PLACEMENT_3D('',#5551,#5552,#5553);
#5551 = CARTESIAN_POINT('',(8.062257748299,34.,466.02));
#5552 = DIRECTION('',(6.123233995737E-17,1.,0.));
#5553 = DIRECTION('',(1.,-6.123233995737E-17,0.));
#5554 = DEFINITIONAL_REPRESENTATION('',(#5555),#5656);
#5555 = B_SPLINE_CURVE_WITH_KNOTS('',8,(#5556,#5557,#5558,#5559,#5560,
    #5561,#5562,#5563,#5564,#5565,#5566,#5567,#5568,#5569,#5570,#5571,
    #5572,#5573,#5574,#5575,#5576,#5577,#5578,#5579,#5580,#5581,#5582,
    #5583,#5584,#5585,#5586,#5587,#5588,#5589,#5590,#5591,#5592,#5593,
    #5594,#5595,#5596,#5597,#5598,#5599,#5600,#5601,#5602,#5603,#5604,
    #5605,#5606,#5607,#5608,#5609,#5610,#5611,#5612,#5613,#5614,#5615,
    #5616,#5617,#5618,#5619,#5620,#5621,#5622,#5623,#5624,#5625,#5626,
    #5627,#5628,#5629,#5630,#5631,#5632,#5633,#5634,#5635,#5636,#5637,
    #5638,#5639,#5640,#5641,#5642,#5643,#5644,#5645,#5646,#5647,#5648,
    #5649,#5650,#5651,#5652,#5653,#5654,#5655),.UNSPECIFIED.,.F.,.F.,(9,
    7,7,7,7,7,7,7,7,7,7,7,7,7,9),(0.,0.221667321147,0.301517443049,
    0.362491105571,0.435153299224,0.459778754993,0.4732234474,
    0.500617107643,0.533351271856,0.550431181891,0.586227457886,
    0.644410959044,0.705202463118,0.786734748378,1.),.UNSPECIFIED.);
#5556 = CARTESIAN_POINT('',(3.099290275497,6.));
#5557 = CARTESIAN_POINT('',(3.099290275497,6.166627261139));
#5558 = CARTESIAN_POINT('',(3.097131846968,6.333044647129));
#5559 = CARTESIAN_POINT('',(3.092825189389,6.49918714982));
#5560 = CARTESIAN_POINT('',(3.086324333646,6.6648642888));
#5561 = CARTESIAN_POINT('',(3.077549929647,6.829787025364));
#5562 = CARTESIAN_POINT('',(3.066369052356,6.993533552683));
#5563 = CARTESIAN_POINT('',(3.052605626311,7.155564115565));
#5564 = CARTESIAN_POINT('',(3.029933172043,7.372602389937));
#5565 = CARTESIAN_POINT('',(3.023552803426,7.429751300183));
#5566 = CARTESIAN_POINT('',(3.016781433404,7.486537342937));
#5567 = CARTESIAN_POINT('',(3.009602207186,7.542915697626));
#5568 = CARTESIAN_POINT('',(3.001996330791,7.598830836177));
#5569 = CARTESIAN_POINT('',(2.993942499366,7.654215938963));
#5570 = CARTESIAN_POINT('',(2.98541576126,7.708991679643));
#5571 = CARTESIAN_POINT('',(2.969490540669,7.804354366149));
#5572 = CARTESIAN_POINT('',(2.962302858921,7.845228247674));
#5573 = CARTESIAN_POINT('',(2.95480903092,7.885646997651));
#5574 = CARTESIAN_POINT('',(2.946994330664,7.925559833114));
#5575 = CARTESIAN_POINT('',(2.938843060741,7.964904311858));
#5576 = CARTESIAN_POINT('',(2.930338198873,8.003605805256));
#5577 = CARTESIAN_POINT('',(2.921460678074,8.041576345976));
#5578 = CARTESIAN_POINT('',(2.901138426254,8.122968350099));
#5579 = CARTESIAN_POINT('',(2.889536701381,8.166003615628));
#5580 = CARTESIAN_POINT('',(2.877338819374,8.2076805424));
#5581 = CARTESIAN_POINT('',(2.864504064488,8.247776610891));
#5582 = CARTESIAN_POINT('',(2.850996676191,8.285989933842));
#5583 = CARTESIAN_POINT('',(2.836786993607,8.321943739321));
#5584 = CARTESIAN_POINT('',(2.821852379856,8.355190289873));
#5585 = CARTESIAN_POINT('',(2.800865802587,8.39538945215));
#5586 = CARTESIAN_POINT('',(2.795470409072,8.40519123735));
#5587 = CARTESIAN_POINT('',(2.789992069435,8.414598471248));
#5588 = CARTESIAN_POINT('',(2.784431636354,8.423588685297));
#5589 = CARTESIAN_POINT('',(2.778790564131,8.432138479755));
#5590 = CARTESIAN_POINT('',(2.773070981311,8.440223938953));
#5591 = CARTESIAN_POINT('',(2.767275763295,8.447821046567));
#5592 = CARTESIAN_POINT('',(2.758205328652,8.458774308509));
#5593 = CARTESIAN_POINT('',(2.754980629145,8.462489902537));
#5594 = CARTESIAN_POINT('',(2.751735124401,8.466048948755));
#5595 = CARTESIAN_POINT('',(2.748469512735,8.469447623358));
#5596 = CARTESIAN_POINT('',(2.745184572815,8.472682212942));
#5597 = CARTESIAN_POINT('',(2.74188116366,8.475749114507));
#5598 = CARTESIAN_POINT('',(2.738560224645,8.478644835454));
#5599 = CARTESIAN_POINT('',(2.728422698164,8.48691037341));
#5600 = CARTESIAN_POINT('',(2.721553413032,8.491730739829));
#5601 = CARTESIAN_POINT('',(2.714624420338,8.49579821029));
#5602 = CARTESIAN_POINT('',(2.707645978313,8.499088024904));
#5603 = CARTESIAN_POINT('',(2.700629154764,8.501580370543));
#5604 = CARTESIAN_POINT('',(2.693585878652,8.503261204926));
#5605 = CARTESIAN_POINT('',(2.686528991677,8.504123080715));
#5606 = CARTESIAN_POINT('',(2.671039877655,8.504217219845));
#5607 = CARTESIAN_POINT('',(2.662605755022,8.503098993644));
#5608 = CARTESIAN_POINT('',(2.654193967987,8.500810662109));
#5609 = CARTESIAN_POINT('',(2.645826318924,8.497366950873));
#5610 = CARTESIAN_POINT('',(2.637522520301,8.492795734856));
#5611 = CARTESIAN_POINT('',(2.629300338435,8.487135833029));
#5612 = CARTESIAN_POINT('',(2.621175737248,8.480434803177));
#5613 = CARTESIAN_POINT('',(2.608982177365,8.468735286008));
#5614 = CARTESIAN_POINT('',(2.604831395347,8.464454642451));
#5615 = CARTESIAN_POINT('',(2.60071241855,8.459912373724));
#5616 = CARTESIAN_POINT('',(2.59662679396,8.455116155299));
#5617 = CARTESIAN_POINT('',(2.592575872958,8.450073770393));
#5618 = CARTESIAN_POINT('',(2.58856081132,8.444793109961));
#5619 = CARTESIAN_POINT('',(2.58458256922,8.439282172697));
#5620 = CARTESIAN_POINT('',(2.572383033935,8.421533550699));
#5621 = CARTESIAN_POINT('',(2.564289943074,8.408542567868));
#5622 = CARTESIAN_POINT('',(2.556368813088,8.394648213475));
#5623 = CARTESIAN_POINT('',(2.548623329333,8.379920776439));
#5624 = CARTESIAN_POINT('',(2.541054981161,8.364427316745));
#5625 = CARTESIAN_POINT('',(2.53366335501,8.348230244513));
#5626 = CARTESIAN_POINT('',(2.526446427484,8.331385899074));
#5627 = CARTESIAN_POINT('',(2.507948944432,8.285591533897));
#5628 = CARTESIAN_POINT('',(2.496953692857,8.255669430876));
#5629 = CARTESIAN_POINT('',(2.486397752517,8.22438287978));
#5630 = CARTESIAN_POINT('',(2.476263552887,8.191911278441));
#5631 = CARTESIAN_POINT('',(2.466533147675,8.158407561325));
#5632 = CARTESIAN_POINT('',(2.457188058377,8.123998399136));
#5633 = CARTESIAN_POINT('',(2.448209117833,8.08878439842));
#5634 = CARTESIAN_POINT('',(2.430556555042,8.015285054575));
#5635 = CARTESIAN_POINT('',(2.421917743604,7.97694523462));
#5636 = CARTESIAN_POINT('',(2.413638841409,7.937914612005));
#5637 = CARTESIAN_POINT('',(2.405701783935,7.898273419412));
#5638 = CARTESIAN_POINT('',(2.398090482996,7.858089931325));
#5639 = CARTESIAN_POINT('',(2.390790160371,7.81742149673));
#5640 = CARTESIAN_POINT('',(2.383787012285,7.776315024684));
#5641 = CARTESIAN_POINT('',(2.368057081503,7.679137130454));
#5642 = CARTESIAN_POINT('',(2.359559010232,7.622754963194));
#5643 = CARTESIAN_POINT('',(2.351543494743,7.565753643933));
#5644 = CARTESIAN_POINT('',(2.343985507962,7.508212228724));
#5645 = CARTESIAN_POINT('',(2.336863761823,7.450197446062));
#5646 = CARTESIAN_POINT('',(2.330159551195,7.391764905936));
#5647 = CARTESIAN_POINT('',(2.323856171838,7.332959678606));
#5648 = CARTESIAN_POINT('',(2.302461045891,7.11911384983));
#5649 = CARTESIAN_POINT('',(2.289633013049,6.962178969326));
#5650 = CARTESIAN_POINT('',(2.279184347547,6.803618784864));
#5651 = CARTESIAN_POINT('',(2.270967153418,6.64390592159));
#5652 = CARTESIAN_POINT('',(2.264871904342,6.483427735469));
#5653 = CARTESIAN_POINT('',(2.26083201768,6.322482907625));
#5654 = CARTESIAN_POINT('',(2.258809620041,6.161293890723));
#5655 = CARTESIAN_POINT('',(2.258809620041,6.));
#5656 = ( GEOMETRIC_REPRESENTATION_CONTEXT(2) 
PARAMETRIC_REPRESENTATION_CONTEXT() REPRESENTATION_CONTEXT('2D SPACE',''
  ) );
#5657 = ORIENTED_EDGE('',*,*,#5658,.F.);
#5658 = EDGE_CURVE('',#1283,#5340,#5659,.T.);
#5659 = SEAM_CURVE('',#5660,(#5665,#5672),.PCURVE_S1.);
#5660 = CIRCLE('',#5661,5.6);
#5661 = AXIS2_PLACEMENT_3D('',#5662,#5663,#5664);
#5662 = CARTESIAN_POINT('',(2.449293598295E-15,40.,462.));
#5663 = DIRECTION('',(-2.449293598295E-16,-1.,0.));
#5664 = DIRECTION('',(1.,-2.449293598295E-16,0.));
#5665 = PCURVE('',#1299,#5666);
#5666 = DEFINITIONAL_REPRESENTATION('',(#5667),#5671);
#5667 = LINE('',#5668,#5669);
#5668 = CARTESIAN_POINT('',(6.28318530718,-6.28318530718));
#5669 = VECTOR('',#5670,1.);
#5670 = DIRECTION('',(0.,1.));
#5671 = ( GEOMETRIC_REPRESENTATION_CONTEXT(2) 
PARAMETRIC_REPRESENTATION_CONTEXT() REPRESENTATION_CONTEXT('2D SPACE',''
  ) );
#5672 = PCURVE('',#1299,#5673);
#5673 = DEFINITIONAL_REPRESENTATION('',(#5674),#5678);
#5674 = LINE('',#5675,#5676);
#5675 = CARTESIAN_POINT('',(0.,-6.28318530718));
#5676 = VECTOR('',#5677,1.);
#5677 = DIRECTION('',(0.,1.));
#5678 = ( GEOMETRIC_REPRESENTATION_CONTEXT(2) 
PARAMETRIC_REPRESENTATION_CONTEXT() REPRESENTATION_CONTEXT('2D SPACE',''
  ) );
#5679 = ORIENTED_EDGE('',*,*,#1282,.T.);
#5680 = ORIENTED_EDGE('',*,*,#5658,.T.);
#5681 = ORIENTED_EDGE('',*,*,#5682,.T.);
#5682 = EDGE_CURVE('',#5340,#5313,#5683,.T.);
#5683 = SURFACE_CURVE('',#5684,(#5785,#5889),.PCURVE_S1.);
#5684 = B_SPLINE_CURVE_WITH_KNOTS('',8,(#5685,#5686,#5687,#5688,#5689,
    #5690,#5691,#5692,#5693,#5694,#5695,#5696,#5697,#5698,#5699,#5700,
    #5701,#5702,#5703,#5704,#5705,#5706,#5707,#5708,#5709,#5710,#5711,
    #5712,#5713,#5714,#5715,#5716,#5717,#5718,#5719,#5720,#5721,#5722,
    #5723,#5724,#5725,#5726,#5727,#5728,#5729,#5730,#5731,#5732,#5733,
    #5734,#5735,#5736,#5737,#5738,#5739,#5740,#5741,#5742,#5743,#5744,
    #5745,#5746,#5747,#5748,#5749,#5750,#5751,#5752,#5753,#5754,#5755,
    #5756,#5757,#5758,#5759,#5760,#5761,#5762,#5763,#5764,#5765,#5766,
    #5767,#5768,#5769,#5770,#5771,#5772,#5773,#5774,#5775,#5776,#5777,
    #5778,#5779,#5780,#5781,#5782,#5783,#5784),.UNSPECIFIED.,.F.,.F.,(9,
    7,7,7,7,7,7,7,7,7,7,7,7,7,9),(0.,0.224500072482,0.301339881227,
    0.361862415192,0.433961639522,0.458551724897,0.47198448012,
    0.499369098718,0.531903040635,0.549218627647,0.585353964798,
    0.643472568098,0.704618339534,0.785468481575,1.),.UNSPECIFIED.);
#5685 = CARTESIAN_POINT('',(5.522242998873,40.,462.92996358068));
#5686 = CARTESIAN_POINT('',(5.522242998873,39.829958356919,
    462.92996358068));
#5687 = CARTESIAN_POINT('',(5.515298660638,39.660229330541,
    462.93566969046));
#5688 = CARTESIAN_POINT('',(5.501450382122,39.490878548002,
    462.94705799226));
#5689 = CARTESIAN_POINT('',(5.480640901679,39.322073168225,
    462.96430563752));
#5690 = CARTESIAN_POINT('',(5.452733056768,39.154132961481,
    462.98782792602));
#5691 = CARTESIAN_POINT('',(5.417550157789,38.987515078736,
    463.01824040646));
#5692 = CARTESIAN_POINT('',(5.374870618887,38.822821421139,
    463.05642772142));
#5693 = CARTESIAN_POINT('',(5.307002548852,38.605502549849,
    463.12014960708));
#5694 = CARTESIAN_POINT('',(5.288774544723,38.550418951474,
    463.13748490381));
#5695 = CARTESIAN_POINT('',(5.269608634148,38.495699270989,
    463.15596767651));
#5696 = CARTESIAN_POINT('',(5.24948801328,38.441385590282,463.1756666613
    ));
#5697 = CARTESIAN_POINT('',(5.228395302865,38.387529506717,
    463.19665883061));
#5698 = CARTESIAN_POINT('',(5.206312219199,38.334192650415,
    463.21903144362));
#5699 = CARTESIAN_POINT('',(5.183218528648,38.281447739038,
    463.24288577993));
#5700 = CARTESIAN_POINT('',(5.140085782401,38.188369380742,
    463.28839347413));
#5701 = CARTESIAN_POINT('',(5.12044216763,38.147784728684,
    463.30943569991));
#5702 = CARTESIAN_POINT('',(5.100146907049,38.107665192119,
    463.33152892255));
#5703 = CARTESIAN_POINT('',(5.079188549724,38.068061352378,
    463.35473808053));
#5704 = CARTESIAN_POINT('',(5.05755715402,38.029035292481,
    463.37913348694));
#5705 = CARTESIAN_POINT('',(5.035244195894,37.990661108994,
    463.40479221933));
#5706 = CARTESIAN_POINT('',(5.012241959617,37.953026037163,
    463.43180077514));
#5707 = CARTESIAN_POINT('',(4.960309636048,37.872400450727,
    463.49416066975));
#5708 = CARTESIAN_POINT('',(4.931109537078,37.829797218995,
    463.53009289341));
#5709 = CARTESIAN_POINT('',(4.900910718312,37.788559955043,
    463.56824375109));
#5710 = CARTESIAN_POINT('',(4.869707380456,37.748908518786,
    463.60879944604));
#5711 = CARTESIAN_POINT('',(4.8375248213,37.71114015688,463.65193986319)
  );
#5712 = CARTESIAN_POINT('',(4.804423073649,37.675624923333,
    463.69783339215));
#5713 = CARTESIAN_POINT('',(4.770498680525,37.642801533014,
    463.74663100723));
#5714 = CARTESIAN_POINT('',(4.724079168465,37.603068792882,
    463.81613621111));
#5715 = CARTESIAN_POINT('',(4.712197237842,37.593338861842,
    463.83415980834));
#5716 = CARTESIAN_POINT('',(4.700245923402,37.58400487432,
    463.85253237161));
#5717 = CARTESIAN_POINT('',(4.688233703605,37.575089175272,
    463.87125409197));
#5718 = CARTESIAN_POINT('',(4.676170438594,37.566615019573,
    463.89032304319));
#5719 = CARTESIAN_POINT('',(4.664067381051,37.558606156372,
    463.90973484869));
#5720 = CARTESIAN_POINT('',(4.651937187049,37.551086413432,
    463.92948234871));
#5721 = CARTESIAN_POINT('',(4.633160463117,37.540251515659,
    463.96052044276));
#5722 = CARTESIAN_POINT('',(4.626523129387,37.53657669737,463.9715826486
    ));
#5723 = CARTESIAN_POINT('',(4.61988427028,37.533058732405,463.9827401616
    ));
#5724 = CARTESIAN_POINT('',(4.613246344312,37.529701414293,
    463.99399094238));
#5725 = CARTESIAN_POINT('',(4.606611923957,37.526508424305,
    464.00533263535));
#5726 = CARTESIAN_POINT('',(4.599983695647,37.523483331446,
    464.01676256872));
#5727 = CARTESIAN_POINT('',(4.593364459773,37.520629592462,
    464.02827775452));
#5728 = CARTESIAN_POINT('',(4.573287132608,37.512488939191,
    464.06351732729));
#5729 = CARTESIAN_POINT('',(4.559865255341,37.507752721162,
    464.0875026406));
#5730 = CARTESIAN_POINT('',(4.546517787182,37.503770500399,
    464.1117997518));
#5731 = CARTESIAN_POINT('',(4.533271233149,37.500566727657,
    464.13637402995));
#5732 = CARTESIAN_POINT('',(4.520152123491,37.498160884204,
    464.16118703957));
#5733 = CARTESIAN_POINT('',(4.507186822208,37.496566664222,
    464.18619629025));
#5734 = CARTESIAN_POINT('',(4.494401335563,37.495791157213,
    464.21135498635));
#5735 = CARTESIAN_POINT('',(4.46687535893,37.495884965336,
    464.26661777976));
#5736 = CARTESIAN_POINT('',(4.452215861123,37.497091044045,
    464.2967691999));
#5737 = CARTESIAN_POINT('',(4.437886359936,37.499452269482,
    464.32697840535));
#5738 = CARTESIAN_POINT('',(4.423922089491,37.502953705084,
    464.3571633907));
#5739 = CARTESIAN_POINT('',(4.410350647531,37.50756761582,
    464.38724771744));
#5740 = CARTESIAN_POINT('',(4.397192857664,37.513255609237,
    464.41716045462));
#5741 = CARTESIAN_POINT('',(4.38446363162,37.519970776511,
    464.44683611939));
#5742 = CARTESIAN_POINT('',(4.365631281157,37.531752191426,
    464.49185077828));
#5743 = CARTESIAN_POINT('',(4.359213340878,37.536120907555,
    464.50740425208));
#5744 = CARTESIAN_POINT('',(4.352919985415,37.540758061705,
    464.52286705604));
#5745 = CARTESIAN_POINT('',(4.346751767922,37.545655622774,
    464.53823196173));
#5746 = CARTESIAN_POINT('',(4.340708819962,37.550805448743,
    464.55349249532));
#5747 = CARTESIAN_POINT('',(4.334790851502,37.556199286667,
    464.56864293753));
#5748 = CARTESIAN_POINT('',(4.328997150918,37.561828772682,
    464.58367832363));
#5749 = CARTESIAN_POINT('',(4.311492864801,37.579907504451,
    464.62972241045));
#5750 = CARTESIAN_POINT('',(4.300196646352,37.593118503952,
    464.66032833145));
#5751 = CARTESIAN_POINT('',(4.289426740724,37.607244084706,
    464.69037748514));
#5752 = CARTESIAN_POINT('',(4.279167710786,37.622211871309,
    464.71984521347));
#5753 = CARTESIAN_POINT('',(4.269400882869,37.63795291747,
    464.74871592457));
#5754 = CARTESIAN_POINT('',(4.260105358441,37.65440316473,
    464.77698209571));
#5755 = CARTESIAN_POINT('',(4.251259025786,37.671504901178,
    464.80464327623));
#5756 = CARTESIAN_POINT('',(4.22929806487,37.717681516803,
    464.87523020934));
#5757 = CARTESIAN_POINT('',(4.216865305137,37.747700510002,464.917189886
    ));
#5758 = CARTESIAN_POINT('',(4.205443689479,37.779061063615,
    464.95761815991));
#5759 = CARTESIAN_POINT('',(4.19494368342,37.8115855801,464.99655514975)
  );
#5760 = CARTESIAN_POINT('',(4.185283246612,37.845122745166,
    465.03404696842));
#5761 = CARTESIAN_POINT('',(4.176387258456,37.879547272424,
    465.07014563808));
#5762 = CARTESIAN_POINT('',(4.168186943717,37.914759648028,
    465.10490900517));
#5763 = CARTESIAN_POINT('',(4.152657483845,37.988483357677,
    465.17363675335));
#5764 = CARTESIAN_POINT('',(4.145398682818,38.027058490395,
    465.20745320692));
#5765 = CARTESIAN_POINT('',(4.138770756762,38.066316614216,
    465.23991719342));
#5766 = CARTESIAN_POINT('',(4.132711757395,38.106176813322,
    465.27108730522));
#5767 = CARTESIAN_POINT('',(4.12716754142,38.146570306603,
    465.30101674401));
#5768 = CARTESIAN_POINT('',(4.122090057028,38.187439394781,
    465.32975538678));
#5769 = CARTESIAN_POINT('',(4.117436301954,38.228736963372,
    465.35735072374));
#5770 = CARTESIAN_POINT('',(4.107524118603,38.325550685557,
    465.41888331611));
#5771 = CARTESIAN_POINT('',(4.102555049285,38.381350379548,
    465.45199247229));
#5772 = CARTESIAN_POINT('',(4.098172212832,38.43773592654,
    465.48327706036));
#5773 = CARTESIAN_POINT('',(4.094301987361,38.494631221996,
    465.51282214743));
#5774 = CARTESIAN_POINT('',(4.090881924271,38.551972037496,
    465.54070132741));
#5775 = CARTESIAN_POINT('',(4.087858066015,38.609704887917,
    465.56698025997));
#5776 = CARTESIAN_POINT('',(4.085183318782,38.66778648209,
    465.59171836495));
#5777 = CARTESIAN_POINT('',(4.076537661807,38.881137795621,
    465.67666211709));
#5778 = CARTESIAN_POINT('',(4.072432188032,39.038233649345,
    465.72784861642));
#5779 = CARTESIAN_POINT('',(4.069731954572,39.19686527464,
    465.76954726893));
#5780 = CARTESIAN_POINT('',(4.067981330605,39.356568955994,
    465.80233736831));
#5781 = CARTESIAN_POINT('',(4.066859572623,39.516971603448,
    465.82665539297));
#5782 = CARTESIAN_POINT('',(4.066177818344,39.677795162709,
    465.84277215998));
#5783 = CARTESIAN_POINT('',(4.065836197001,39.838841355226,
    465.8508409496));
#5784 = CARTESIAN_POINT('',(4.065836197001,40.,465.8508409496));
#5785 = PCURVE('',#1299,#5786);
#5786 = DEFINITIONAL_REPRESENTATION('',(#5787),#5888);
#5787 = B_SPLINE_CURVE_WITH_KNOTS('',8,(#5788,#5789,#5790,#5791,#5792,
    #5793,#5794,#5795,#5796,#5797,#5798,#5799,#5800,#5801,#5802,#5803,
    #5804,#5805,#5806,#5807,#5808,#5809,#5810,#5811,#5812,#5813,#5814,
    #5815,#5816,#5817,#5818,#5819,#5820,#5821,#5822,#5823,#5824,#5825,
    #5826,#5827,#5828,#5829,#5830,#5831,#5832,#5833,#5834,#5835,#5836,
    #5837,#5838,#5839,#5840,#5841,#5842,#5843,#5844,#5845,#5846,#5847,
    #5848,#5849,#5850,#5851,#5852,#5853,#5854,#5855,#5856,#5857,#5858,
    #5859,#5860,#5861,#5862,#5863,#5864,#5865,#5866,#5867,#5868,#5869,
    #5870,#5871,#5872,#5873,#5874,#5875,#5876,#5877,#5878,#5879,#5880,
    #5881,#5882,#5883,#5884,#5885,#5886,#5887),.UNSPECIFIED.,.F.,.F.,(9,
    7,7,7,7,7,7,7,7,7,7,7,7,7,9),(0.,0.224500072482,0.301339881227,
    0.361862415192,0.433961639522,0.458551724897,0.47198448012,
    0.499369098718,0.531903040635,0.549218627647,0.585353964798,
    0.643472568098,0.704618339534,0.785468481575,1.),.UNSPECIFIED.);
#5788 = CARTESIAN_POINT('',(6.28318530718,0.166837833343));
#5789 = CARTESIAN_POINT('',(6.252393173781,0.166837833343));
#5790 = CARTESIAN_POINT('',(6.221657778492,0.167871077114));
#5791 = CARTESIAN_POINT('',(6.190924527748,0.169933457191));
#5792 = CARTESIAN_POINT('',(6.16015971233,0.173057669449));
#5793 = CARTESIAN_POINT('',(6.129350929966,0.177321234019));
#5794 = CARTESIAN_POINT('',(6.098503502656,0.182839180619));
#5795 = CARTESIAN_POINT('',(6.067637757604,0.189777651822));
#5796 = CARTESIAN_POINT('',(6.026234453835,0.201384301835));
#5797 = CARTESIAN_POINT('',(6.015680076008,0.204543860439));
#5798 = CARTESIAN_POINT('',(6.005130051488,0.207914952307));
#5799 = CARTESIAN_POINT('',(5.994586853819,0.211510729473));
#5800 = CARTESIAN_POINT('',(5.984054261666,0.215345981026));
#5801 = CARTESIAN_POINT('',(5.973537361156,0.219437554923));
#5802 = CARTESIAN_POINT('',(5.963042574598,0.223805117853));
#5803 = CARTESIAN_POINT('',(5.944335115898,0.232148301539));
#5804 = CARTESIAN_POINT('',(5.936112270307,0.236009683975));
#5805 = CARTESIAN_POINT('',(5.927912478014,0.240068049963));
#5806 = CARTESIAN_POINT('',(5.91974087675,0.244336159402));
#5807 = CARTESIAN_POINT('',(5.911604433783,0.248827927292));
#5808 = CARTESIAN_POINT('',(5.903512004769,0.253558729562));
#5809 = CARTESIAN_POINT('',(5.895474460422,0.258545970004));
#5810 = CARTESIAN_POINT('',(5.878010888359,0.270080727556));
#5811 = CARTESIAN_POINT('',(5.86862086146,0.2767392771));
#5812 = CARTESIAN_POINT('',(5.859349711834,0.283823350985));
#5813 = CARTESIAN_POINT('',(5.850227578677,0.291371224625));
#5814 = CARTESIAN_POINT('',(5.841299415033,0.299421053967));
#5815 = CARTESIAN_POINT('',(5.832624968576,0.308010197255));
#5816 = CARTESIAN_POINT('',(5.824279156998,0.317174459418));
#5817 = CARTESIAN_POINT('',(5.813649496035,0.330280359822));
#5818 = CARTESIAN_POINT('',(5.810995809354,0.333683195329));
#5819 = CARTESIAN_POINT('',(5.808395722644,0.337156508));
#5820 = CARTESIAN_POINT('',(5.805853552141,0.340700731308));
#5821 = CARTESIAN_POINT('',(5.80337393061,0.344315921728));
#5822 = CARTESIAN_POINT('',(5.800961752306,0.348001690671));
#5823 = CARTESIAN_POINT('',(5.798622117933,0.351757136407));
#5824 = CARTESIAN_POINT('',(5.79512471168,0.357669504595));
#5825 = CARTESIAN_POINT('',(5.79391235868,0.359778567321));
#5826 = CARTESIAN_POINT('',(5.792724093036,0.36190771406));
#5827 = CARTESIAN_POINT('',(5.791560787201,0.364056634081));
#5828 = CARTESIAN_POINT('',(5.790423313644,0.366224956037));
#5829 = CARTESIAN_POINT('',(5.78931254485,0.368412247959));
#5830 = CARTESIAN_POINT('',(5.788229353322,0.370618017263));
#5831 = CARTESIAN_POINT('',(5.78502436765,0.377375032233));
#5832 = CARTESIAN_POINT('',(5.782992131857,0.381983285897));
#5833 = CARTESIAN_POINT('',(5.781085485511,0.386661182826));
#5834 = CARTESIAN_POINT('',(5.779311518284,0.391402730479));
#5835 = CARTESIAN_POINT('',(5.777676664283,0.396201158362));
#5836 = CARTESIAN_POINT('',(5.776186538111,0.401048843712));
#5837 = CARTESIAN_POINT('',(5.774845770948,0.405937237171));
#5838 = CARTESIAN_POINT('',(5.772246548464,0.416701397749));
#5839 = CARTESIAN_POINT('',(5.771050652399,0.42259133735));
#5840 = CARTESIAN_POINT('',(5.770076175197,0.428510309701));
#5841 = CARTESIAN_POINT('',(5.769326082184,0.434442861216));
#5842 = CARTESIAN_POINT('',(5.768800629979,0.44037437756));
#5843 = CARTESIAN_POINT('',(5.768497709242,0.446291078927));
#5844 = CARTESIAN_POINT('',(5.768413187424,0.452180015312));
#5845 = CARTESIAN_POINT('',(5.768609411257,0.461142108259));
#5846 = CARTESIAN_POINT('',(5.768737815209,0.464244154589));
#5847 = CARTESIAN_POINT('',(5.76892556263,0.467333585823));
#5848 = CARTESIAN_POINT('',(5.769171681659,0.470408924207));
#5849 = CARTESIAN_POINT('',(5.769475129322,0.473468829191));
#5850 = CARTESIAN_POINT('',(5.769834791524,0.476512097425));
#5851 = CARTESIAN_POINT('',(5.77024948306,0.479537662759));
#5852 = CARTESIAN_POINT('',(5.771695571072,0.488819668252));
#5853 = CARTESIAN_POINT('',(5.772907408766,0.49501307708));
#5854 = CARTESIAN_POINT('',(5.774342408626,0.50111712073));
#5855 = CARTESIAN_POINT('',(5.775989134372,0.507125949272));
#5856 = CARTESIAN_POINT('',(5.777836133436,0.513035417526));
#5857 = CARTESIAN_POINT('',(5.779872304889,0.51884293775));
#5858 = CARTESIAN_POINT('',(5.782087267372,0.524547332317));
#5859 = CARTESIAN_POINT('',(5.788306794746,0.53915767599));
#5860 = CARTESIAN_POINT('',(5.792578867919,0.547897013049));
#5861 = CARTESIAN_POINT('',(5.797249531865,0.556369154669));
#5862 = CARTESIAN_POINT('',(5.802284163233,0.564577860757));
#5863 = CARTESIAN_POINT('',(5.807652155675,0.572528268962));
#5864 = CARTESIAN_POINT('',(5.813327145521,0.580226969606));
#5865 = CARTESIAN_POINT('',(5.819287237447,0.587682080608));
#5866 = CARTESIAN_POINT('',(5.832067614357,0.602500690132));
#5867 = CARTESIAN_POINT('',(5.838914387068,0.609836600608));
#5868 = CARTESIAN_POINT('',(5.846033939099,0.616920834063));
#5869 = CARTESIAN_POINT('',(5.853407291372,0.623761690003));
#5870 = CARTESIAN_POINT('',(5.861017726431,0.630366625737));
#5871 = CARTESIAN_POINT('',(5.86885058601,0.636742669253));
#5872 = CARTESIAN_POINT('',(5.876893234636,0.642896606486));
#5873 = CARTESIAN_POINT('',(5.896033133457,0.656686922488));
#5874 = CARTESIAN_POINT('',(5.907277587758,0.664160581902));
#5875 = CARTESIAN_POINT('',(5.918843120823,0.671270499097));
#5876 = CARTESIAN_POINT('',(5.930706952408,0.678028307422));
#5877 = CARTESIAN_POINT('',(5.942848467507,0.684443757617));
#5878 = CARTESIAN_POINT('',(5.955248938706,0.690525410711));
#5879 = CARTESIAN_POINT('',(5.967891456736,0.696280961866));
#5880 = CARTESIAN_POINT('',(6.014909896249,0.716141948842));
#5881 = CARTESIAN_POINT('',(6.050639812534,0.728311026605));
#5882 = CARTESIAN_POINT('',(6.087671872582,0.738357320048));
#5883 = CARTESIAN_POINT('',(6.125743524686,0.746338993919));
#5884 = CARTESIAN_POINT('',(6.164586657559,0.752299059541));
#5885 = CARTESIAN_POINT('',(6.203938431741,0.756263053754));
#5886 = CARTESIAN_POINT('',(6.243548037756,0.758247578297));
#5887 = CARTESIAN_POINT('',(6.28318530718,0.758247578297));
#5888 = ( GEOMETRIC_REPRESENTATION_CONTEXT(2) 
PARAMETRIC_REPRESENTATION_CONTEXT() REPRESENTATION_CONTEXT('2D SPACE',''
  ) );
#5889 = PCURVE('',#5549,#5890);
#5890 = DEFINITIONAL_REPRESENTATION('',(#5891),#5992);
#5891 = B_SPLINE_CURVE_WITH_KNOTS('',8,(#5892,#5893,#5894,#5895,#5896,
    #5897,#5898,#5899,#5900,#5901,#5902,#5903,#5904,#5905,#5906,#5907,
    #5908,#5909,#5910,#5911,#5912,#5913,#5914,#5915,#5916,#5917,#5918,
    #5919,#5920,#5921,#5922,#5923,#5924,#5925,#5926,#5927,#5928,#5929,
    #5930,#5931,#5932,#5933,#5934,#5935,#5936,#5937,#5938,#5939,#5940,
    #5941,#5942,#5943,#5944,#5945,#5946,#5947,#5948,#5949,#5950,#5951,
    #5952,#5953,#5954,#5955,#5956,#5957,#5958,#5959,#5960,#5961,#5962,
    #5963,#5964,#5965,#5966,#5967,#5968,#5969,#5970,#5971,#5972,#5973,
    #5974,#5975,#5976,#5977,#5978,#5979,#5980,#5981,#5982,#5983,#5984,
    #5985,#5986,#5987,#5988,#5989,#5990,#5991),.UNSPECIFIED.,.F.,.F.,(9,
    7,7,7,7,7,7,7,7,7,7,7,7,7,9),(0.,0.224500072482,0.301339881227,
    0.361862415192,0.433961639522,0.458551724897,0.47198448012,
    0.499369098718,0.531903040635,0.549218627647,0.585353964798,
    0.643472568098,0.704618339534,0.785468481575,1.),.UNSPECIFIED.);
#5892 = CARTESIAN_POINT('',(2.258809620041,6.));
#5893 = CARTESIAN_POINT('',(2.258809620041,5.829958356919));
#5894 = CARTESIAN_POINT('',(2.261056516424,5.660229330541));
#5895 = CARTESIAN_POINT('',(2.265539119546,5.490878548002));
#5896 = CARTESIAN_POINT('',(2.27229589398,5.322073168225));
#5897 = CARTESIAN_POINT('',(2.281419869075,5.154132961481));
#5898 = CARTESIAN_POINT('',(2.293044278167,4.987515078736));
#5899 = CARTESIAN_POINT('',(2.307357583739,4.822821421139));
#5900 = CARTESIAN_POINT('',(2.330631165387,4.605502549849));
#5901 = CARTESIAN_POINT('',(2.336919780741,4.550418951474));
#5902 = CARTESIAN_POINT('',(2.343576008492,4.495699270989));
#5903 = CARTESIAN_POINT('',(2.350615158639,4.441385590282));
#5904 = CARTESIAN_POINT('',(2.358054262783,4.387529506717));
#5905 = CARTESIAN_POINT('',(2.365912570292,4.334192650415));
#5906 = CARTESIAN_POINT('',(2.374212512355,4.281447739038));
#5907 = CARTESIAN_POINT('',(2.389887699815,4.188369380742));
#5908 = CARTESIAN_POINT('',(2.397084050775,4.147784728684));
#5909 = CARTESIAN_POINT('',(2.404583671708,4.107665192119));
#5910 = CARTESIAN_POINT('',(2.412400998643,4.068061352378));
#5911 = CARTESIAN_POINT('',(2.420551406898,4.029035292481));
#5912 = CARTESIAN_POINT('',(2.42905155415,3.990661108994));
#5913 = CARTESIAN_POINT('',(2.43792007848,3.953026037163));
#5914 = CARTESIAN_POINT('',(2.458208194903,3.872400450727));
#5915 = CARTESIAN_POINT('',(2.469782574703,3.829797218995));
#5916 = CARTESIAN_POINT('',(2.481945002315,3.788559955043));
#5917 = CARTESIAN_POINT('',(2.494735052469,3.748908518786));
#5918 = CARTESIAN_POINT('',(2.50818733158,3.71114015688));
#5919 = CARTESIAN_POINT('',(2.522330344569,3.675624923333));
#5920 = CARTESIAN_POINT('',(2.537185559981,3.642801533014));
#5921 = CARTESIAN_POINT('',(2.558080751512,3.603068792882));
#5922 = CARTESIAN_POINT('',(2.563477589404,3.593338861842));
#5923 = CARTESIAN_POINT('',(2.568956838095,3.58400487432));
#5924 = CARTESIAN_POINT('',(2.57451761972,3.575089175272));
#5925 = CARTESIAN_POINT('',(2.58015845588,3.566615019573));
#5926 = CARTESIAN_POINT('',(2.585877195986,3.558606156372));
#5927 = CARTESIAN_POINT('',(2.591670945594,3.551086413432));
#5928 = CARTESIAN_POINT('',(2.600739878291,3.540251515659));
#5929 = CARTESIAN_POINT('',(2.603965017549,3.53657669737));
#5930 = CARTESIAN_POINT('',(2.607210791105,3.533058732405));
#5931 = CARTESIAN_POINT('',(2.610476497542,3.529701414293));
#5932 = CARTESIAN_POINT('',(2.613761355458,3.526508424305));
#5933 = CARTESIAN_POINT('',(2.617064503462,3.523483331446));
#5934 = CARTESIAN_POINT('',(2.620385000172,3.520629592462));
#5935 = CARTESIAN_POINT('',(2.630524423711,3.512488939191));
#5936 = CARTESIAN_POINT('',(2.637395547743,3.507752721162));
#5937 = CARTESIAN_POINT('',(2.644325668752,3.503770500399));
#5938 = CARTESIAN_POINT('',(2.651304507004,3.500566727657));
#5939 = CARTESIAN_POINT('',(2.658320980377,3.498160884204));
#5940 = CARTESIAN_POINT('',(2.665363154159,3.496566664222));
#5941 = CARTESIAN_POINT('',(2.672418190831,3.495791157213));
#5942 = CARTESIAN_POINT('',(2.687852842845,3.495884965336));
#5943 = CARTESIAN_POINT('',(2.696234016163,3.497091044045));
#5944 = CARTESIAN_POINT('',(2.704592242516,3.499452269482));
#5945 = CARTESIAN_POINT('',(2.712906133281,3.502953705084));
#5946 = CARTESIAN_POINT('',(2.721156346618,3.50756761582));
#5947 = CARTESIAN_POINT('',(2.729325445572,3.513255609237));
#5948 = CARTESIAN_POINT('',(2.737397756188,3.519970776511));
#5949 = CARTESIAN_POINT('',(2.749596570011,3.531752191426));
#5950 = CARTESIAN_POINT('',(2.753802917263,3.536120907555));
#5951 = CARTESIAN_POINT('',(2.757976448912,3.540758061705));
#5952 = CARTESIAN_POINT('',(2.762115553094,3.545655622774));
#5953 = CARTESIAN_POINT('',(2.766218824533,3.550805448743));
#5954 = CARTESIAN_POINT('',(2.770285064544,3.556199286667));
#5955 = CARTESIAN_POINT('',(2.774313281031,3.561828772682));
#5956 = CARTESIAN_POINT('',(2.786628053573,3.579907504451));
#5957 = CARTESIAN_POINT('',(2.794783672925,3.593118503952));
#5958 = CARTESIAN_POINT('',(2.802763312422,3.607244084706));
#5959 = CARTESIAN_POINT('',(2.81056330387,3.622211871309));
#5960 = CARTESIAN_POINT('',(2.818182238945,3.63795291747));
#5961 = CARTESIAN_POINT('',(2.825620663128,3.65440316473));
#5962 = CARTESIAN_POINT('',(2.832880769636,3.671504901178));
#5963 = CARTESIAN_POINT('',(2.851361839225,3.717681516803));
#5964 = CARTESIAN_POINT('',(2.862301556177,3.747700510002));
#5965 = CARTESIAN_POINT('',(2.872802846205,3.779061063615));
#5966 = CARTESIAN_POINT('',(2.882883456015,3.8115855801));
#5967 = CARTESIAN_POINT('',(2.892561441201,3.845122745166));
#5968 = CARTESIAN_POINT('',(2.90185533042,3.879547272424));
#5969 = CARTESIAN_POINT('',(2.910784289565,3.914759648028));
#5970 = CARTESIAN_POINT('',(2.928399388724,3.988483357677));
#5971 = CARTESIAN_POINT('',(2.937045572408,4.027058490395));
#5972 = CARTESIAN_POINT('',(2.94532831276,4.066316614216));
#5973 = CARTESIAN_POINT('',(2.953266036873,4.106176813322));
#5974 = CARTESIAN_POINT('',(2.9608751464,4.146570306603));
#5975 = CARTESIAN_POINT('',(2.968170700953,4.187439394781));
#5976 = CARTESIAN_POINT('',(2.975166761677,4.228736963372));
#5977 = CARTESIAN_POINT('',(2.990748223625,4.325550685557));
#5978 = CARTESIAN_POINT('',(2.999117731947,4.381350379548));
#5979 = CARTESIAN_POINT('',(3.007014655364,4.43773592654));
#5980 = CARTESIAN_POINT('',(3.014463485174,4.494631221996));
#5981 = CARTESIAN_POINT('',(3.021485112007,4.551972037496));
#5982 = CARTESIAN_POINT('',(3.028097926406,4.609704887917));
#5983 = CARTESIAN_POINT('',(3.034318376557,4.66778648209));
#5984 = CARTESIAN_POINT('',(3.0556640266,4.881137795621));
#5985 = CARTESIAN_POINT('',(3.06849880998,5.038233649345));
#5986 = CARTESIAN_POINT('',(3.078943907136,5.19686527464));
#5987 = CARTESIAN_POINT('',(3.087152510153,5.356568955994));
#5988 = CARTESIAN_POINT('',(3.093238494681,5.516971603448));
#5989 = CARTESIAN_POINT('',(3.097271266074,5.677795162709));
#5990 = CARTESIAN_POINT('',(3.099290275498,5.838841355226));
#5991 = CARTESIAN_POINT('',(3.099290275498,6.));
#5992 = ( GEOMETRIC_REPRESENTATION_CONTEXT(2) 
PARAMETRIC_REPRESENTATION_CONTEXT() REPRESENTATION_CONTEXT('2D SPACE',''
  ) );
#5993 = FACE_BOUND('',#5994,.F.);
#5994 = EDGE_LOOP('',(#5995));
#5995 = ORIENTED_EDGE('',*,*,#5996,.T.);
#5996 = EDGE_CURVE('',#5997,#5997,#5999,.T.);
#5997 = VERTEX_POINT('',#5998);
#5998 = CARTESIAN_POINT('',(-4.065836197002,40.,465.8508409496));
#5999 = SURFACE_CURVE('',#6000,(#6199,#6401),.PCURVE_S1.);
#6000 = B_SPLINE_CURVE_WITH_KNOTS('',8,(#6001,#6002,#6003,#6004,#6005,
    #6006,#6007,#6008,#6009,#6010,#6011,#6012,#6013,#6014,#6015,#6016,
    #6017,#6018,#6019,#6020,#6021,#6022,#6023,#6024,#6025,#6026,#6027,
    #6028,#6029,#6030,#6031,#6032,#6033,#6034,#6035,#6036,#6037,#6038,
    #6039,#6040,#6041,#6042,#6043,#6044,#6045,#6046,#6047,#6048,#6049,
    #6050,#6051,#6052,#6053,#6054,#6055,#6056,#6057,#6058,#6059,#6060,
    #6061,#6062,#6063,#6064,#6065,#6066,#6067,#6068,#6069,#6070,#6071,
    #6072,#6073,#6074,#6075,#6076,#6077,#6078,#6079,#6080,#6081,#6082,
    #6083,#6084,#6085,#6086,#6087,#6088,#6089,#6090,#6091,#6092,#6093,
    #6094,#6095,#6096,#6097,#6098,#6099,#6100,#6101,#6102,#6103,#6104,
    #6105,#6106,#6107,#6108,#6109,#6110,#6111,#6112,#6113,#6114,#6115,
    #6116,#6117,#6118,#6119,#6120,#6121,#6122,#6123,#6124,#6125,#6126,
    #6127,#6128,#6129,#6130,#6131,#6132,#6133,#6134,#6135,#6136,#6137,
    #6138,#6139,#6140,#6141,#6142,#6143,#6144,#6145,#6146,#6147,#6148,
    #6149,#6150,#6151,#6152,#6153,#6154,#6155,#6156,#6157,#6158,#6159,
    #6160,#6161,#6162,#6163,#6164,#6165,#6166,#6167,#6168,#6169,#6170,
    #6171,#6172,#6173,#6174,#6175,#6176,#6177,#6178,#6179,#6180,#6181,
    #6182,#6183,#6184,#6185,#6186,#6187,#6188,#6189,#6190,#6191,#6192,
    #6193,#6194,#6195,#6196,#6197,#6198),.UNSPECIFIED.,.T.,.F.,(9,7,7,7,
    7,7,7,7,7,7,7,7,7,7,7,7,7,7,7,7,7,7,7,7,7,7,7,7,9),(0.,
    0.112897396381,0.151437403607,0.181745402234,0.217556006217,
    0.229868614796,0.23659089537,0.250287590994,0.26654672809,
    0.275194391178,0.293226556222,0.322183737208,0.352579178747,
    0.383039950882,0.499981053996,0.61885928893,0.649752284823,
    0.680249419059,0.716746261413,0.729063947213,0.735788978181,
    0.749693430879,0.765959846445,0.774617344354,0.792684396056,
    0.821742705553,0.852314547441,0.893471861005,1.),.UNSPECIFIED.);
#6001 = CARTESIAN_POINT('',(-4.065836197002,40.,465.8508409496));
#6002 = CARTESIAN_POINT('',(-4.065836197002,39.830114903148,
    465.8508409496));
#6003 = CARTESIAN_POINT('',(-4.066213874634,39.660550967188,
    465.84187760414));
#6004 = CARTESIAN_POINT('',(-4.066974646922,39.491340386248,
    465.82399859836));
#6005 = CARTESIAN_POINT('',(-4.068224971387,39.322621298546,
    465.79704497134));
#6006 = CARTESIAN_POINT('',(-4.070214060065,39.15469053443,
    465.76064239705));
#6007 = CARTESIAN_POINT('',(-4.07332785428,38.987988919018,
    465.71425895312));
#6008 = CARTESIAN_POINT('',(-4.078142526291,38.823109306098,
    465.65715946611));
#6009 = CARTESIAN_POINT('',(-4.088205831022,38.605549789503,
    465.56450695527));
#6010 = CARTESIAN_POINT('',(-4.091079927228,38.550499999943,
    465.5395339639));
#6011 = CARTESIAN_POINT('',(-4.094306314686,38.495800431106,
    465.51311707926));
#6012 = CARTESIAN_POINT('',(-4.097930023501,38.441493082461,
    465.48520023054));
#6013 = CARTESIAN_POINT('',(-4.102002396127,38.387629654111,
    465.45572184521));
#6014 = CARTESIAN_POINT('',(-4.106582555482,38.334272069498,
    465.42461332673));
#6015 = CARTESIAN_POINT('',(-4.111739806776,38.28149353981,
    465.3917959101));
#6016 = CARTESIAN_POINT('',(-4.122131613304,38.188398030969,
    465.32995059251));
#6017 = CARTESIAN_POINT('',(-4.127113733168,38.147833253258,
    465.30161442394));
#6018 = CARTESIAN_POINT('',(-4.132543670564,38.107724933338,
    465.27212072262));
#6019 = CARTESIAN_POINT('',(-4.138466660966,38.068123907772,
    465.24142049899));
#6020 = CARTESIAN_POINT('',(-4.144933197475,38.029092654421,
    465.20946271358));
#6021 = CARTESIAN_POINT('',(-4.152000100547,37.990705812851,
    465.17619335777));
#6022 = CARTESIAN_POINT('',(-4.159732297398,37.953051324032,
    465.14155334272));
#6023 = CARTESIAN_POINT('',(-4.178216653042,37.872728312094,
    465.06284683868));
#6024 = CARTESIAN_POINT('',(-4.18925450301,37.830424345192,
    465.0182436433));
#6025 = CARTESIAN_POINT('',(-4.201447954549,37.789456411803,
    464.97152948966));
#6026 = CARTESIAN_POINT('',(-4.214939693369,37.750040885421,
    464.92258928949));
#6027 = CARTESIAN_POINT('',(-4.229885832341,37.712469668844,
    464.87133576346));
#6028 = CARTESIAN_POINT('',(-4.246454050488,37.677105868085,
    464.81771531997));
#6029 = CARTESIAN_POINT('',(-4.264820035929,37.644379861235,
    464.76171303644));
#6030 = CARTESIAN_POINT('',(-4.292156404359,37.604610548322,
    464.683292345));
#6031 = CARTESIAN_POINT('',(-4.29938203159,37.594808763432,
    464.66295589552));
#6032 = CARTESIAN_POINT('',(-4.306845044993,37.585401529689,
    464.64235179392));
#6033 = CARTESIAN_POINT('',(-4.314550781956,37.576411315654,
    464.6214866121));
#6034 = CARTESIAN_POINT('',(-4.322503725761,37.567861521087,
    464.60036930702));
#6035 = CARTESIAN_POINT('',(-4.330707244587,37.559776061676,
    464.5790114337));
#6036 = CARTESIAN_POINT('',(-4.339163330512,37.552178953772,
    464.55742735802));
#6037 = CARTESIAN_POINT('',(-4.352627171337,37.541225691589,
    464.52373626718));
#6038 = CARTESIAN_POINT('',(-4.357457350892,37.537510097621,
    464.51177589204));
#6039 = CARTESIAN_POINT('',(-4.362362927332,37.533951051431,
    464.49975624386));
#6040 = CARTESIAN_POINT('',(-4.367343766822,37.530552376828,
    464.4876805053));
#6041 = CARTESIAN_POINT('',(-4.372399551542,37.52731778722,
    464.47555214203));
#6042 = CARTESIAN_POINT('',(-4.377529779691,37.524250885614,
    464.46337490272));
#6043 = CARTESIAN_POINT('',(-4.382733765482,37.521355164612,
    464.45115281911));
#6044 = CARTESIAN_POINT('',(-4.398762307663,37.513089626772,
    464.41390504227));
#6045 = CARTESIAN_POINT('',(-4.409817572653,37.508269260414,
    464.38874915261));
#6046 = CARTESIAN_POINT('',(-4.421167576208,37.504201789933,
    464.36346216671));
#6047 = CARTESIAN_POINT('',(-4.432800752222,37.500911975256,
    464.33808605502));
#6048 = CARTESIAN_POINT('',(-4.444702505838,37.498419629544,
    464.31266513034));
#6049 = CARTESIAN_POINT('',(-4.45685489288,37.496738795103,
    464.28724604949));
#6050 = CARTESIAN_POINT('',(-4.469236299296,37.495876919286,
    464.26187781499));
#6051 = CARTESIAN_POINT('',(-4.496760368758,37.495783117663,
    464.20661885053));
#6052 = CARTESIAN_POINT('',(-4.511989731152,37.496886326639,
    464.17676298219));
#6053 = CARTESIAN_POINT('',(-4.527465793858,37.499144272589,
    464.1471318158));
#6054 = CARTESIAN_POINT('',(-4.543144474317,37.502542623157,
    464.11780291415));
#6055 = CARTESIAN_POINT('',(-4.558981493732,37.507054225082,
    464.08884446609));
#6056 = CARTESIAN_POINT('',(-4.574932849467,37.512641230896,
    464.06031599399));
#6057 = CARTESIAN_POINT('',(-4.590955287451,37.519257225631,
    464.03226906108));
#6058 = CARTESIAN_POINT('',(-4.615543995938,37.530887339291,
    463.99011048337));
#6059 = CARTESIAN_POINT('',(-4.624090272961,37.535201932287,
    463.97562037862));
#6060 = CARTESIAN_POINT('',(-4.632639831201,37.53978529022,
    463.96128327779));
#6061 = CARTESIAN_POINT('',(-4.641187241723,37.54462945453,
    463.9471040053));
#6062 = CARTESIAN_POINT('',(-4.649727421094,37.549726350387,
    463.93308659692));
#6063 = CARTESIAN_POINT('',(-4.658255631384,37.555067786697,
    463.91923429972));
#6064 = CARTESIAN_POINT('',(-4.666767480165,37.560645456098,
    463.90554957211));
#6065 = CARTESIAN_POINT('',(-4.692965328848,37.5785565584,
    463.86385149692));
#6066 = CARTESIAN_POINT('',(-4.710581654935,37.591652313423,
    463.83640734463));
#6067 = CARTESIAN_POINT('',(-4.728073488239,37.605664477848,
    463.8097139337));
#6068 = CARTESIAN_POINT('',(-4.745411842656,37.62052119942,
    463.78377414306));
#6069 = CARTESIAN_POINT('',(-4.762572979369,37.636153960832,
    463.75858281895));
#6070 = CARTESIAN_POINT('',(-4.779538229698,37.652499044742,
    463.73412817009));
#6071 = CARTESIAN_POINT('',(-4.796293817948,37.669498998795,
    463.71039316284));
#6072 = CARTESIAN_POINT('',(-4.83938662083,37.715375476762,
    463.65036386777));
#6073 = CARTESIAN_POINT('',(-4.865369334573,37.745197067538,
    463.61518529535));
#6074 = CARTESIAN_POINT('',(-4.890746858848,37.776366377886,
    463.58172462348));
#6075 = CARTESIAN_POINT('',(-4.915496878936,37.808707052682,
    463.54988780392));
#6076 = CARTESIAN_POINT('',(-4.93960633243,37.842068671514,
    463.51958294482));
#6077 = CARTESIAN_POINT('',(-4.963071009611,37.876326543448,
    463.49071993972));
#6078 = CARTESIAN_POINT('',(-4.98589515382,37.911381501784,
    463.46321009653));
#6079 = CARTESIAN_POINT('',(-5.031389407945,37.984714946243,
    463.40941791926));
#6080 = CARTESIAN_POINT('',(-5.05398771423,38.023054766717,
    463.38327370871));
#6081 = CARTESIAN_POINT('',(-5.075895509752,38.062085389569,
    463.35843682458));
#6082 = CARTESIAN_POINT('',(-5.097121662113,38.101726582158,
    463.33482393753));
#6083 = CARTESIAN_POINT('',(-5.117675463169,38.141910070043,
    463.31236097261));
#6084 = CARTESIAN_POINT('',(-5.137567231061,38.18257850428,
    463.29098056549));
#6085 = CARTESIAN_POINT('',(-5.156808428579,38.223684975854,
    463.27062070122));
#6086 = CARTESIAN_POINT('',(-5.194054151288,38.30679039426,
    463.23178668099));
#6087 = CARTESIAN_POINT('',(-5.212053936655,38.348786454549,
    463.21331867412));
#6088 = CARTESIAN_POINT('',(-5.229421786539,38.391141530738,
    463.19576454511));
#6089 = CARTESIAN_POINT('',(-5.246167831227,38.433820552181,
    463.17907474621));
#6090 = CARTESIAN_POINT('',(-5.262301418,38.476792845431,463.16320523097
    ));
#6091 = CARTESIAN_POINT('',(-5.277831330415,38.520031874717,
    463.14811653332));
#6092 = CARTESIAN_POINT('',(-5.292766007593,38.563514982426,
    463.13377284665));
#6093 = CARTESIAN_POINT('',(-5.362195834201,38.775021861727,
    463.06780785458));
#6094 = CARTESIAN_POINT('',(-5.408592262608,38.946031364605,
    463.02600168831));
#6095 = CARTESIAN_POINT('',(-5.446824406275,39.119293790442,
    462.99280936903));
#6096 = CARTESIAN_POINT('',(-5.477126756817,39.294112450475,
    462.96722338424));
#6097 = CARTESIAN_POINT('',(-5.499714817421,39.46992736258,
    462.94848056434));
#6098 = CARTESIAN_POINT('',(-5.514723600026,39.646339434836,
    462.93614485414));
#6099 = CARTESIAN_POINT('',(-5.522242998872,39.823073209683,
    462.92996358068));
#6100 = CARTESIAN_POINT('',(-5.522242998872,40.179857586299,
    462.92996358068));
#6101 = CARTESIAN_POINT('',(-5.514472385598,40.35950076896,
    462.93635141925));
#6102 = CARTESIAN_POINT('',(-5.498965148438,40.538806484643,
    462.94909653845));
#6103 = CARTESIAN_POINT('',(-5.475623561149,40.717489189098,
    462.96847119147));
#6104 = CARTESIAN_POINT('',(-5.444303747776,40.895128818476,
    462.99493838569));
#6105 = CARTESIAN_POINT('',(-5.404772960849,41.07112605244,
    463.02932043183));
#6106 = CARTESIAN_POINT('',(-5.356785183604,41.244733384595,
    463.07269065786));
#6107 = CARTESIAN_POINT('',(-5.284958513181,41.459132888733,
    463.14128003817));
#6108 = CARTESIAN_POINT('',(-5.269536325845,41.503116879532,
    463.15617286246));
#6109 = CARTESIAN_POINT('',(-5.253498545731,41.546840554648,
    463.17184645889));
#6110 = CARTESIAN_POINT('',(-5.236836147113,41.590279263384,
    463.18833951188));
#6111 = CARTESIAN_POINT('',(-5.21953977342,41.633403973869,
    463.2056947026));
#6112 = CARTESIAN_POINT('',(-5.201599490855,41.676180969612,
    463.22395975593));
#6113 = CARTESIAN_POINT('',(-5.183004542024,41.718571546063,
    463.24318848748));
#6114 = CARTESIAN_POINT('',(-5.144728472466,41.801954192387,
    463.2834356879));
#6115 = CARTESIAN_POINT('',(-5.125066603901,41.842952064757,
    463.30442575374));
#6116 = CARTESIAN_POINT('',(-5.104744760461,41.88348643425,
    463.32647211046));
#6117 = CARTESIAN_POINT('',(-5.083751234263,41.923506786539,
    463.34964018963));
#6118 = CARTESIAN_POINT('',(-5.062075772107,41.962951083103,
    463.37400092302));
#6119 = CARTESIAN_POINT('',(-5.039709475083,42.001745240436,
    463.39963216886));
#6120 = CARTESIAN_POINT('',(-5.016644168633,42.039801988349,
    463.42662143336));
#6121 = CARTESIAN_POINT('',(-4.964421464463,42.121557958641,
    463.48911501268));
#6122 = CARTESIAN_POINT('',(-4.934981417696,42.164857927589,
    463.5252222301));
#6123 = CARTESIAN_POINT('',(-4.904517677847,42.206781036663,
    463.56358506938));
#6124 = CARTESIAN_POINT('',(-4.873022826488,42.247103947697,
    463.60439587204));
#6125 = CARTESIAN_POINT('',(-4.840521252611,42.285523238007,
    463.64784113182));
#6126 = CARTESIAN_POINT('',(-4.807072929349,42.321659946114,
    463.69409639125));
#6127 = CARTESIAN_POINT('',(-4.772775166461,42.355063387123,
    463.7433206944));
#6128 = CARTESIAN_POINT('',(-4.725945507743,42.395390151063,
    463.81331194001));
#6129 = CARTESIAN_POINT('',(-4.714051043524,42.405192261136,
    463.83132133964));
#6130 = CARTESIAN_POINT('',(-4.702085969603,42.414599541632,
    463.84968094947));
#6131 = CARTESIAN_POINT('',(-4.690058682517,42.42358961525,
    463.86839115404));
#6132 = CARTESIAN_POINT('',(-4.67797896377,42.432139166032,
    463.88745023535));
#6133 = CARTESIAN_POINT('',(-4.665857991925,42.440224351695,
    463.90685404025));
#6134 = CARTESIAN_POINT('',(-4.653708354691,42.44782121596,
    463.92659564781));
#6135 = CARTESIAN_POINT('',(-4.634902776861,42.458774203317,
    463.95762222992));
#6136 = CARTESIAN_POINT('',(-4.628257154971,42.462489714165,
    463.96867704736));
#6137 = CARTESIAN_POINT('',(-4.621609526639,42.466048706118,
    463.97982780945));
#6138 = CARTESIAN_POINT('',(-4.614962338966,42.469447359968,
    463.99107251975));
#6139 = CARTESIAN_POINT('',(-4.608318154865,42.472681964605,
    464.00240886497));
#6140 = CARTESIAN_POINT('',(-4.601679653066,42.475748917015,
    464.01383421506));
#6141 = CARTESIAN_POINT('',(-4.595049628114,42.478644722282,
    464.02534562311));
#6142 = CARTESIAN_POINT('',(-4.574746512788,42.486992404572,
    464.06091161662));
#6143 = CARTESIAN_POINT('',(-4.561109248214,42.491873427295,
    464.08523980025));
#6144 = CARTESIAN_POINT('',(-4.547546641765,42.495978812162,
    464.10989222559));
#6145 = CARTESIAN_POINT('',(-4.534086405724,42.499282646845,
    464.13483294868));
#6146 = CARTESIAN_POINT('',(-4.520756311653,42.501764247853,
    464.16002195734));
#6147 = CARTESIAN_POINT('',(-4.507583982513,42.503409052112,
    464.18541489619));
#6148 = CARTESIAN_POINT('',(-4.494596684787,42.504209508534,
    464.21096279159));
#6149 = CARTESIAN_POINT('',(-4.46687535893,42.504115034664,
    464.26661777976));
#6150 = CARTESIAN_POINT('',(-4.452215861123,42.502908955955,
    464.2967691999));
#6151 = CARTESIAN_POINT('',(-4.437886359936,42.500547730518,
    464.32697840535));
#6152 = CARTESIAN_POINT('',(-4.423922089492,42.497046294916,
    464.3571633907));
#6153 = CARTESIAN_POINT('',(-4.410350647531,42.49243238418,
    464.38724771744));
#6154 = CARTESIAN_POINT('',(-4.397192857664,42.486744390763,
    464.41716045462));
#6155 = CARTESIAN_POINT('',(-4.38446363162,42.480029223489,
    464.44683611939));
#6156 = CARTESIAN_POINT('',(-4.365631281157,42.468247808574,
    464.49185077828));
#6157 = CARTESIAN_POINT('',(-4.359213340878,42.463879092445,
    464.50740425208));
#6158 = CARTESIAN_POINT('',(-4.352919985415,42.459241938296,
    464.52286705604));
#6159 = CARTESIAN_POINT('',(-4.346751767922,42.454344377226,
    464.53823196173));
#6160 = CARTESIAN_POINT('',(-4.340708819962,42.449194551257,
    464.55349249532));
#6161 = CARTESIAN_POINT('',(-4.334790851502,42.443800713333,
    464.56864293753));
#6162 = CARTESIAN_POINT('',(-4.328997150918,42.438171227319,
    464.58367832363));
#6163 = CARTESIAN_POINT('',(-4.311492864801,42.420092495549,
    464.62972241045));
#6164 = CARTESIAN_POINT('',(-4.300196646352,42.406881496048,
    464.66032833145));
#6165 = CARTESIAN_POINT('',(-4.289426740724,42.392755915295,
    464.69037748514));
#6166 = CARTESIAN_POINT('',(-4.279167710786,42.377788128692,
    464.71984521347));
#6167 = CARTESIAN_POINT('',(-4.269400882869,42.36204708253,
    464.74871592457));
#6168 = CARTESIAN_POINT('',(-4.260105358442,42.34559683527,
    464.77698209571));
#6169 = CARTESIAN_POINT('',(-4.251259025786,42.328495098823,
    464.80464327623));
#6170 = CARTESIAN_POINT('',(-4.22929806487,42.282318483197,
    464.87523020934));
#6171 = CARTESIAN_POINT('',(-4.216865305137,42.252299489998,
    464.917189886));
#6172 = CARTESIAN_POINT('',(-4.205443689479,42.220938936385,
    464.95761815991));
#6173 = CARTESIAN_POINT('',(-4.19494368342,42.188414419901,
    464.99655514975));
#6174 = CARTESIAN_POINT('',(-4.185283246612,42.154877254834,
    465.03404696842));
#6175 = CARTESIAN_POINT('',(-4.176387258456,42.120452727576,
    465.07014563808));
#6176 = CARTESIAN_POINT('',(-4.168186943717,42.085240351972,
    465.10490900517));
#6177 = CARTESIAN_POINT('',(-4.152657483845,42.011516642323,
    465.17363675335));
#6178 = CARTESIAN_POINT('',(-4.145398682818,41.972941509606,
    465.20745320692));
#6179 = CARTESIAN_POINT('',(-4.138770756762,41.933683385784,
    465.23991719342));
#6180 = CARTESIAN_POINT('',(-4.132711757395,41.893823186679,
    465.27108730522));
#6181 = CARTESIAN_POINT('',(-4.12716754142,41.853429693398,
    465.30101674401));
#6182 = CARTESIAN_POINT('',(-4.122090057028,41.81256060522,
    465.32975538678));
#6183 = CARTESIAN_POINT('',(-4.117436301954,41.771263036629,
    465.35735072374));
#6184 = CARTESIAN_POINT('',(-4.107421692394,41.673448902918,
    465.41951915484));
#6185 = CARTESIAN_POINT('',(-4.102374923702,41.616624206778,
    465.45319349851));
#6186 = CARTESIAN_POINT('',(-4.097934192955,41.559193876467,
    465.48497838033));
#6187 = CARTESIAN_POINT('',(-4.094022070395,41.50123789636,
    465.51496331191));
#6188 = CARTESIAN_POINT('',(-4.090573074631,41.44282359934,
    465.54322551522));
#6189 = CARTESIAN_POINT('',(-4.08753075754,41.384006896212,
    465.56983377239));
#6190 = CARTESIAN_POINT('',(-4.084845949957,41.324832863997,
    465.59485024558));
#6191 = CARTESIAN_POINT('',(-4.07634242375,41.11133820544,
    465.67910398484));
#6192 = CARTESIAN_POINT('',(-4.07232205625,40.955255432735,
    465.72955353255));
#6193 = CARTESIAN_POINT('',(-4.069672421485,40.797673862996,
    465.77066427168));
#6194 = CARTESIAN_POINT('',(-4.067950743581,40.639044034623,
    465.80300019137));
#6195 = CARTESIAN_POINT('',(-4.06684564648,40.479729061287,
    465.82698500377));
#6196 = CARTESIAN_POINT('',(-4.066173147056,40.320000860922,
    465.84288236396));
#6197 = CARTESIAN_POINT('',(-4.065836197002,40.160054402678,
    465.8508409496));
#6198 = CARTESIAN_POINT('',(-4.065836197002,40.,465.8508409496));
#6199 = PCURVE('',#1299,#6200);
#6200 = DEFINITIONAL_REPRESENTATION('',(#6201),#6400);
#6201 = B_SPLINE_CURVE_WITH_KNOTS('',8,(#6202,#6203,#6204,#6205,#6206,
    #6207,#6208,#6209,#6210,#6211,#6212,#6213,#6214,#6215,#6216,#6217,
    #6218,#6219,#6220,#6221,#6222,#6223,#6224,#6225,#6226,#6227,#6228,
    #6229,#6230,#6231,#6232,#6233,#6234,#6235,#6236,#6237,#6238,#6239,
    #6240,#6241,#6242,#6243,#6244,#6245,#6246,#6247,#6248,#6249,#6250,
    #6251,#6252,#6253,#6254,#6255,#6256,#6257,#6258,#6259,#6260,#6261,
    #6262,#6263,#6264,#6265,#6266,#6267,#6268,#6269,#6270,#6271,#6272,
    #6273,#6274,#6275,#6276,#6277,#6278,#6279,#6280,#6281,#6282,#6283,
    #6284,#6285,#6286,#6287,#6288,#6289,#6290,#6291,#6292,#6293,#6294,
    #6295,#6296,#6297,#6298,#6299,#6300,#6301,#6302,#6303,#6304,#6305,
    #6306,#6307,#6308,#6309,#6310,#6311,#6312,#6313,#6314,#6315,#6316,
    #6317,#6318,#6319,#6320,#6321,#6322,#6323,#6324,#6325,#6326,#6327,
    #6328,#6329,#6330,#6331,#6332,#6333,#6334,#6335,#6336,#6337,#6338,
    #6339,#6340,#6341,#6342,#6343,#6344,#6345,#6346,#6347,#6348,#6349,
    #6350,#6351,#6352,#6353,#6354,#6355,#6356,#6357,#6358,#6359,#6360,
    #6361,#6362,#6363,#6364,#6365,#6366,#6367,#6368,#6369,#6370,#6371,
    #6372,#6373,#6374,#6375,#6376,#6377,#6378,#6379,#6380,#6381,#6382,
    #6383,#6384,#6385,#6386,#6387,#6388,#6389,#6390,#6391,#6392,#6393,
    #6394,#6395,#6396,#6397,#6398,#6399),.UNSPECIFIED.,.F.,.F.,(9,7,7,7,
    7,7,7,7,7,7,7,7,7,7,7,7,7,7,7,7,7,7,7,7,7,7,7,7,9),(0.,
    0.112897396381,0.151437403607,0.181745402234,0.217556006217,
    0.229868614796,0.23659089537,0.250287590994,0.26654672809,
    0.275194391178,0.293226556222,0.322183737208,0.352579178747,
    0.383039950882,0.499981053996,0.61885928893,0.649752284823,
    0.680249419059,0.716746261413,0.729063947213,0.735788978181,
    0.749693430879,0.765959846445,0.774617344354,0.792684396056,
    0.821742705553,0.852314547441,0.893471861005,1.),.UNSPECIFIED.);
#6202 = CARTESIAN_POINT('',(3.14159265359,0.758247578297));
#6203 = CARTESIAN_POINT('',(3.183376210187,0.758247578297));
#6204 = CARTESIAN_POINT('',(3.225080815496,0.756042827414));
#6205 = CARTESIAN_POINT('',(3.266460452778,0.751645921845));
#6206 = CARTESIAN_POINT('',(3.307247383325,0.745042003613));
#6207 = CARTESIAN_POINT('',(3.347142574999,0.736191142045));
#6208 = CARTESIAN_POINT('',(3.385834464118,0.725040380932));
#6209 = CARTESIAN_POINT('',(3.423008829987,0.711513727007));
#6210 = CARTESIAN_POINT('',(3.470364265809,0.689964087725));
#6211 = CARTESIAN_POINT('',(3.482196946709,0.684184417736));
#6212 = CARTESIAN_POINT('',(3.493797077455,0.678102756025));
#6213 = CARTESIAN_POINT('',(3.505149239627,0.671711715521));
#6214 = CARTESIAN_POINT('',(3.516236243924,0.665003144524));
#6215 = CARTESIAN_POINT('',(3.527039063051,0.657967835503));
#6216 = CARTESIAN_POINT('',(3.537536576507,0.650594909649));
#6217 = CARTESIAN_POINT('',(3.555701711737,0.636796670581));
#6218 = CARTESIAN_POINT('',(3.563493680597,0.63050620465));
#6219 = CARTESIAN_POINT('',(3.571070134704,0.623992656965));
#6220 = CARTESIAN_POINT('',(3.578417806943,0.617248989571));
#6221 = CARTESIAN_POINT('',(3.58552121651,0.610268001411));
#6222 = CARTESIAN_POINT('',(3.592362640991,0.603042141977));
#6223 = CARTESIAN_POINT('',(3.598921906238,0.595563086144));
#6224 = CARTESIAN_POINT('',(3.61256555032,0.57867344322));
#6225 = CARTESIAN_POINT('',(3.619523324599,0.56916576829));
#6226 = CARTESIAN_POINT('',(3.626017708453,0.559276437761));
#6227 = CARTESIAN_POINT('',(3.632001942924,0.548989313452));
#6228 = CARTESIAN_POINT('',(3.637416680111,0.538294814895));
#6229 = CARTESIAN_POINT('',(3.64219219075,0.527190680159));
#6230 = CARTESIAN_POINT('',(3.646250217757,0.515682399284));
#6231 = CARTESIAN_POINT('',(3.650624717375,0.499692110301));
#6232 = CARTESIAN_POINT('',(3.651648706184,0.495555972524));
#6233 = CARTESIAN_POINT('',(3.652573922832,0.491376104369));
#6234 = CARTESIAN_POINT('',(3.653396739995,0.487154126289));
#6235 = CARTESIAN_POINT('',(3.654113515763,0.482892113471));
#6236 = CARTESIAN_POINT('',(3.654720687005,0.478592627492));
#6237 = CARTESIAN_POINT('',(3.655214862742,0.474258747983));
#6238 = CARTESIAN_POINT('',(3.655799323016,0.467511151946));
#6239 = CARTESIAN_POINT('',(3.655971121589,0.465119042871));
#6240 = CARTESIAN_POINT('',(3.656107793058,0.462718382628));
#6241 = CARTESIAN_POINT('',(3.65620885665,0.460309827162));
#6242 = CARTESIAN_POINT('',(3.65627387099,0.45789408281));
#6243 = CARTESIAN_POINT('',(3.656302434099,0.455471906294));
#6244 = CARTESIAN_POINT('',(3.656294183397,0.453044104725));
#6245 = CARTESIAN_POINT('',(3.656156317936,0.445655158295));
#6246 = CARTESIAN_POINT('',(3.65590968259,0.440678495966));
#6247 = CARTESIAN_POINT('',(3.655506238074,0.43568942105));
#6248 = CARTESIAN_POINT('',(3.654944318085,0.430696140101));
#6249 = CARTESIAN_POINT('',(3.654223367888,0.42570719392));
#6250 = CARTESIAN_POINT('',(3.653344070598,0.420731457686));
#6251 = CARTESIAN_POINT('',(3.652308473466,0.415778141091));
#6252 = CARTESIAN_POINT('',(3.649709431073,0.40501472632));
#6253 = CARTESIAN_POINT('',(3.648083137061,0.399216356618));
#6254 = CARTESIAN_POINT('',(3.646247142739,0.393477991191));
#6255 = CARTESIAN_POINT('',(3.644209615541,0.387813754269));
#6256 = CARTESIAN_POINT('',(3.641980568584,0.382235780446));
#6257 = CARTESIAN_POINT('',(3.639571449535,0.376754412663));
#6258 = CARTESIAN_POINT('',(3.636994729478,0.371378400179));
#6259 = CARTESIAN_POINT('',(3.632810842524,0.363315730486));
#6260 = CARTESIAN_POINT('',(3.631314331417,0.360547987747));
#6261 = CARTESIAN_POINT('',(3.629775858444,0.357812769208));
#6262 = CARTESIAN_POINT('',(3.62819729218,0.355110827544));
#6263 = CARTESIAN_POINT('',(3.626580469793,0.352442767227));
#6264 = CARTESIAN_POINT('',(3.624927197043,0.349809044525));
#6265 = CARTESIAN_POINT('',(3.62323924828,0.347209967502));
#6266 = CARTESIAN_POINT('',(3.617929972117,0.339298659929));
#6267 = CARTESIAN_POINT('',(3.614198581828,0.334103458159));
#6268 = CARTESIAN_POINT('',(3.610339382644,0.329061017564));
#6269 = CARTESIAN_POINT('',(3.606366504349,0.32417058357));
#6270 = CARTESIAN_POINT('',(3.602292858056,0.319429990695));
#6271 = CARTESIAN_POINT('',(3.598129974804,0.314835933075));
#6272 = CARTESIAN_POINT('',(3.593887844169,0.310384234984));
#6273 = CARTESIAN_POINT('',(3.582648520478,0.299142247262));
#6274 = CARTESIAN_POINT('',(3.575541793607,0.292571504023));
#6275 = CARTESIAN_POINT('',(3.568287714892,0.286336199342));
#6276 = CARTESIAN_POINT('',(3.560914155204,0.280415809344));
#6277 = CARTESIAN_POINT('',(3.553443898018,0.274790800359));
#6278 = CARTESIAN_POINT('',(3.545894823776,0.269442450706));
#6279 = CARTESIAN_POINT('',(3.538280094254,0.264352672471));
#6280 = CARTESIAN_POINT('',(3.522555534721,0.254414159412));
#6281 = CARTESIAN_POINT('',(3.514442533769,0.249591677397));
#6282 = CARTESIAN_POINT('',(3.506280989336,0.245016951127));
#6283 = CARTESIAN_POINT('',(3.498080602435,0.240673296622));
#6284 = CARTESIAN_POINT('',(3.489849283852,0.236545999897));
#6285 = CARTESIAN_POINT('',(3.481593261101,0.23262177792));
#6286 = CARTESIAN_POINT('',(3.473317128328,0.228888482685));
#6287 = CARTESIAN_POINT('',(3.456712724752,0.221773976525));
#6288 = CARTESIAN_POINT('',(3.448385295718,0.218393903961));
#6289 = CARTESIAN_POINT('',(3.440045127366,0.215183923087));
#6290 = CARTESIAN_POINT('',(3.431695255842,0.212134419807));
#6291 = CARTESIAN_POINT('',(3.423338184749,0.209236885393));
#6292 = CARTESIAN_POINT('',(3.414975891779,0.206483728334));
#6293 = CARTESIAN_POINT('',(3.406609835343,0.203868086178));
#6294 = CARTESIAN_POINT('',(3.366112249255,0.191845659117));
#6295 = CARTESIAN_POINT('',(3.333962338967,0.184247510785));
#6296 = CARTESIAN_POINT('',(3.301821438311,0.178224112317));
#6297 = CARTESIAN_POINT('',(3.269715513536,0.173586296873));
#6298 = CARTESIAN_POINT('',(3.237655467739,0.170190967913));
#6299 = CARTESIAN_POINT('',(3.205635599785,0.167957181925));
#6300 = CARTESIAN_POINT('',(3.173631589644,0.166837833344));
#6301 = CARTESIAN_POINT('',(3.10902299189,0.166837833344));
#6302 = CARTESIAN_POINT('',(3.076492123865,0.16799458955));
#6303 = CARTESIAN_POINT('',(3.043944531853,0.170302505917));
#6304 = CARTESIAN_POINT('',(3.011353948544,0.173812349898));
#6305 = CARTESIAN_POINT('',(2.978714527652,0.178610026391));
#6306 = CARTESIAN_POINT('',(2.946038893867,0.18484978491));
#6307 = CARTESIAN_POINT('',(2.9133565309,0.192733148797));
#6308 = CARTESIAN_POINT('',(2.872216128332,0.205237145993));
#6309 = CARTESIAN_POINT('',(2.863733606868,0.20795370126));
#6310 = CARTESIAN_POINT('',(2.85525556449,0.210814476699));
#6311 = CARTESIAN_POINT('',(2.84678364115,0.213826894341));
#6312 = CARTESIAN_POINT('',(2.838320069959,0.216999174595));
#6313 = CARTESIAN_POINT('',(2.829867686895,0.220340550618));
#6314 = CARTESIAN_POINT('',(2.821429940498,0.223861482691));
#6315 = CARTESIAN_POINT('',(2.804699743886,0.231238692075));
#6316 = CARTESIAN_POINT('',(2.796407844764,0.235089673123));
#6317 = CARTESIAN_POINT('',(2.788138447182,0.239138529066));
#6318 = CARTESIAN_POINT('',(2.779896629557,0.243398105456));
#6319 = CARTESIAN_POINT('',(2.771689296268,0.247882425951));
#6320 = CARTESIAN_POINT('',(2.763525235904,0.252607005192));
#6321 = CARTESIAN_POINT('',(2.755415247252,0.257589428709));
#6322 = CARTESIAN_POINT('',(2.737747134459,0.269145923646));
#6323 = CARTESIAN_POINT('',(2.728225862769,0.275835164461));
#6324 = CARTESIAN_POINT('',(2.718823196824,0.282956756292));
#6325 = CARTESIAN_POINT('',(2.70956954001,0.290550168855));
#6326 = CARTESIAN_POINT('',(2.700510570337,0.298654868832));
#6327 = CARTESIAN_POINT('',(2.691707243251,0.307309671813));
#6328 = CARTESIAN_POINT('',(2.683236247122,0.316552084907));
#6329 = CARTESIAN_POINT('',(2.672475610307,0.329747265289));
#6330 = CARTESIAN_POINT('',(2.66980967662,0.333146797918));
#6331 = CARTESIAN_POINT('',(2.667197044673,0.33661701374));
#6332 = CARTESIAN_POINT('',(2.664642024051,0.340158382671));
#6333 = CARTESIAN_POINT('',(2.662149245296,0.343771000835));
#6334 = CARTESIAN_POINT('',(2.65972360559,0.34745452268));
#6335 = CARTESIAN_POINT('',(2.657370214429,0.351208093094));
#6336 = CARTESIAN_POINT('',(2.653851790101,0.357117061294));
#6337 = CARTESIAN_POINT('',(2.652632347116,0.359224279964));
#6338 = CARTESIAN_POINT('',(2.651436884006,0.361351693893));
#6339 = CARTESIAN_POINT('',(2.650266275276,0.363499000774));
#6340 = CARTESIAN_POINT('',(2.64912139628,0.365665837646));
#6341 = CARTESIAN_POINT('',(2.648003123226,0.367851780888));
#6342 = CARTESIAN_POINT('',(2.646912333167,0.370056346222));
#6343 = CARTESIAN_POINT('',(2.643653260451,0.376874451173));
#6344 = CARTESIAN_POINT('',(2.6415776065,0.381547660815));
#6345 = CARTESIAN_POINT('',(2.63963090952,0.386293156265));
#6346 = CARTESIAN_POINT('',(2.637820630209,0.391104727043));
#6347 = CARTESIAN_POINT('',(2.636153544431,0.395975332371));
#6348 = CARTESIAN_POINT('',(2.634635565056,0.400897019987));
#6349 = CARTESIAN_POINT('',(2.633271563791,0.405860844953));
#6350 = CARTESIAN_POINT('',(2.630653894874,0.416701397749));
#6351 = CARTESIAN_POINT('',(2.629457998809,0.42259133735));
#6352 = CARTESIAN_POINT('',(2.628483521607,0.428510309701));
#6353 = CARTESIAN_POINT('',(2.627733428595,0.434442861216));
#6354 = CARTESIAN_POINT('',(2.627207976389,0.440374377559));
#6355 = CARTESIAN_POINT('',(2.626905055652,0.446291078927));
#6356 = CARTESIAN_POINT('',(2.626820533835,0.452180015312));
#6357 = CARTESIAN_POINT('',(2.627016757668,0.461142108259));
#6358 = CARTESIAN_POINT('',(2.627145161619,0.464244154589));
#6359 = CARTESIAN_POINT('',(2.62733290904,0.467333585823));
#6360 = CARTESIAN_POINT('',(2.62757902807,0.470408924207));
#6361 = CARTESIAN_POINT('',(2.627882475732,0.473468829191));
#6362 = CARTESIAN_POINT('',(2.628242137935,0.476512097424));
#6363 = CARTESIAN_POINT('',(2.62865682947,0.479537662759));
#6364 = CARTESIAN_POINT('',(2.630102917483,0.488819668252));
#6365 = CARTESIAN_POINT('',(2.631314755176,0.49501307708));
#6366 = CARTESIAN_POINT('',(2.632749755036,0.50111712073));
#6367 = CARTESIAN_POINT('',(2.634396480783,0.507125949272));
#6368 = CARTESIAN_POINT('',(2.636243479847,0.513035417526));
#6369 = CARTESIAN_POINT('',(2.638279651299,0.518842937749));
#6370 = CARTESIAN_POINT('',(2.640494613782,0.524547332317));
#6371 = CARTESIAN_POINT('',(2.646714141156,0.53915767599));
#6372 = CARTESIAN_POINT('',(2.650986214329,0.547897013049));
#6373 = CARTESIAN_POINT('',(2.655656878275,0.556369154669));
#6374 = CARTESIAN_POINT('',(2.660691509643,0.564577860756));
#6375 = CARTESIAN_POINT('',(2.666059502086,0.572528268962));
#6376 = CARTESIAN_POINT('',(2.671734491931,0.580226969606));
#6377 = CARTESIAN_POINT('',(2.677694583857,0.587682080608));
#6378 = CARTESIAN_POINT('',(2.690474960767,0.602500690132));
#6379 = CARTESIAN_POINT('',(2.697321733478,0.609836600608));
#6380 = CARTESIAN_POINT('',(2.70444128551,0.616920834063));
#6381 = CARTESIAN_POINT('',(2.711814637782,0.623761690003));
#6382 = CARTESIAN_POINT('',(2.719425072841,0.630366625737));
#6383 = CARTESIAN_POINT('',(2.72725793242,0.636742669253));
#6384 = CARTESIAN_POINT('',(2.735300581046,0.642896606486));
#6385 = CARTESIAN_POINT('',(2.754638259427,0.656829422856));
#6386 = CARTESIAN_POINT('',(2.766093154271,0.664431705616));
#6387 = CARTESIAN_POINT('',(2.777880410085,0.671657201349));
#6388 = CARTESIAN_POINT('',(2.789976050841,0.678518143388));
#6389 = CARTESIAN_POINT('',(2.802358403609,0.685024748322));
#6390 = CARTESIAN_POINT('',(2.815007796554,0.691185969837));
#6391 = CARTESIAN_POINT('',(2.82790648594,0.697009846328));
#6392 = CARTESIAN_POINT('',(2.875029424039,0.716722605417));
#6393 = CARTESIAN_POINT('',(2.910567679341,0.728721845382));
#6394 = CARTESIAN_POINT('',(2.947381326158,0.738629239064));
#6395 = CARTESIAN_POINT('',(2.985213338349,0.746501444366));
#6396 = CARTESIAN_POINT('',(3.023801336761,0.752380130611));
#6397 = CARTESIAN_POINT('',(3.062887849839,0.756290157935));
#6398 = CARTESIAN_POINT('',(3.10222697457,0.758247578297));
#6399 = CARTESIAN_POINT('',(3.14159265359,0.758247578297));
#6400 = ( GEOMETRIC_REPRESENTATION_CONTEXT(2) 
PARAMETRIC_REPRESENTATION_CONTEXT() REPRESENTATION_CONTEXT('2D SPACE',''
  ) );
#6401 = PCURVE('',#6402,#6407);
#6402 = CYLINDRICAL_SURFACE('',#6403,4.);
#6403 = AXIS2_PLACEMENT_3D('',#6404,#6405,#6406);
#6404 = CARTESIAN_POINT('',(-8.062257748299,34.,466.02));
#6405 = DIRECTION('',(6.123233995737E-17,1.,0.));
#6406 = DIRECTION('',(1.,-6.123233995737E-17,0.));
#6407 = DEFINITIONAL_REPRESENTATION('',(#6408),#6607);
#6408 = B_SPLINE_CURVE_WITH_KNOTS('',8,(#6409,#6410,#6411,#6412,#6413,
    #6414,#6415,#6416,#6417,#6418,#6419,#6420,#6421,#6422,#6423,#6424,
    #6425,#6426,#6427,#6428,#6429,#6430,#6431,#6432,#6433,#6434,#6435,
    #6436,#6437,#6438,#6439,#6440,#6441,#6442,#6443,#6444,#6445,#6446,
    #6447,#6448,#6449,#6450,#6451,#6452,#6453,#6454,#6455,#6456,#6457,
    #6458,#6459,#6460,#6461,#6462,#6463,#6464,#6465,#6466,#6467,#6468,
    #6469,#6470,#6471,#6472,#6473,#6474,#6475,#6476,#6477,#6478,#6479,
    #6480,#6481,#6482,#6483,#6484,#6485,#6486,#6487,#6488,#6489,#6490,
    #6491,#6492,#6493,#6494,#6495,#6496,#6497,#6498,#6499,#6500,#6501,
    #6502,#6503,#6504,#6505,#6506,#6507,#6508,#6509,#6510,#6511,#6512,
    #6513,#6514,#6515,#6516,#6517,#6518,#6519,#6520,#6521,#6522,#6523,
    #6524,#6525,#6526,#6527,#6528,#6529,#6530,#6531,#6532,#6533,#6534,
    #6535,#6536,#6537,#6538,#6539,#6540,#6541,#6542,#6543,#6544,#6545,
    #6546,#6547,#6548,#6549,#6550,#6551,#6552,#6553,#6554,#6555,#6556,
    #6557,#6558,#6559,#6560,#6561,#6562,#6563,#6564,#6565,#6566,#6567,
    #6568,#6569,#6570,#6571,#6572,#6573,#6574,#6575,#6576,#6577,#6578,
    #6579,#6580,#6581,#6582,#6583,#6584,#6585,#6586,#6587,#6588,#6589,
    #6590,#6591,#6592,#6593,#6594,#6595,#6596,#6597,#6598,#6599,#6600,
    #6601,#6602,#6603,#6604,#6605,#6606),.UNSPECIFIED.,.F.,.F.,(9,7,7,7,
    7,7,7,7,7,7,7,7,7,7,7,7,7,7,7,7,7,7,7,7,7,7,7,7,9),(0.,
    0.112897396381,0.151437403607,0.181745402234,0.217556006217,
    0.229868614796,0.23659089537,0.250287590994,0.26654672809,
    0.275194391178,0.293226556222,0.322183737208,0.352579178747,
    0.383039950882,0.499981053996,0.61885928893,0.649752284823,
    0.680249419059,0.716746261413,0.729063947213,0.735788978181,
    0.749693430879,0.765959846445,0.774617344354,0.792684396056,
    0.821742705553,0.852314547441,0.893471861005,1.),.UNSPECIFIED.);
#6409 = CARTESIAN_POINT('',(4.23023780925E-02,6.));
#6410 = CARTESIAN_POINT('',(4.23023780925E-02,5.830114903148));
#6411 = CARTESIAN_POINT('',(4.454510430132E-02,5.660550967188));
#6412 = CARTESIAN_POINT('',(4.901912764121E-02,5.491340386248));
#6413 = CARTESIAN_POINT('',(5.576453527234E-02,5.322621298546));
#6414 = CARTESIAN_POINT('',(6.487809146758E-02,5.15469053443));
#6415 = CARTESIAN_POINT('',(7.649811826196E-02,4.987988919018));
#6416 = CARTESIAN_POINT('',(9.081951099285E-02,4.823109306098));
#6417 = CARTESIAN_POINT('',(0.114118864347,4.605549789503));
#6418 = CARTESIAN_POINT('',(0.120403195566,4.550499999943));
#6419 = CARTESIAN_POINT('',(0.127056213593,4.495800431106));
#6420 = CARTESIAN_POINT('',(0.134093554314,4.441493082461));
#6421 = CARTESIAN_POINT('',(0.141532599041,4.387629654111));
#6422 = CARTESIAN_POINT('',(0.149392978782,4.334272069498));
#6423 = CARTESIAN_POINT('',(0.157697557166,4.28149353981));
#6424 = CARTESIAN_POINT('',(0.173375632924,4.188398030969));
#6425 = CARTESIAN_POINT('',(0.180568132098,4.147833253258));
#6426 = CARTESIAN_POINT('',(0.18806506382,4.107724933338));
#6427 = CARTESIAN_POINT('',(0.195881063241,4.068123907772));
#6428 = CARTESIAN_POINT('',(0.204031713059,4.029092654421));
#6429 = CARTESIAN_POINT('',(0.212533890343,3.990705812851));
#6430 = CARTESIAN_POINT('',(0.221406473502,3.953051324032));
#6431 = CARTESIAN_POINT('',(0.241618451977,3.872728312094));
#6432 = CARTESIAN_POINT('',(0.253104797603,3.830424345192));
#6433 = CARTESIAN_POINT('',(0.265172963582,3.789456411803));
#6434 = CARTESIAN_POINT('',(0.277861925517,3.750040885421));
#6435 = CARTESIAN_POINT('',(0.291205846562,3.712469668844));
#6436 = CARTESIAN_POINT('',(0.305232971093,3.677105868085));
#6437 = CARTESIAN_POINT('',(0.319964682812,3.644379861235));
#6438 = CARTESIAN_POINT('',(0.340726850757,3.604610548322));
#6439 = CARTESIAN_POINT('',(0.346122244084,3.594808763432));
#6440 = CARTESIAN_POINT('',(0.351600583598,3.585401529689));
#6441 = CARTESIAN_POINT('',(0.357161016629,3.576411315654));
#6442 = CARTESIAN_POINT('',(0.362802088878,3.567861521087));
#6443 = CARTESIAN_POINT('',(0.368521671806,3.559776061676));
#6444 = CARTESIAN_POINT('',(0.374316890014,3.552178953772));
#6445 = CARTESIAN_POINT('',(0.383387324856,3.541225691589));
#6446 = CARTESIAN_POINT('',(0.386612024306,3.537510097621));
#6447 = CARTESIAN_POINT('',(0.389857529016,3.533951051431));
#6448 = CARTESIAN_POINT('',(0.393123140671,3.530552376828));
#6449 = CARTESIAN_POINT('',(0.396408080603,3.52731778722));
#6450 = CARTESIAN_POINT('',(0.399711489792,3.524250885614));
#6451 = CARTESIAN_POINT('',(0.403032428865,3.521355164612));
#6452 = CARTESIAN_POINT('',(0.413169955203,3.513089626772));
#6453 = CARTESIAN_POINT('',(0.420039240197,3.508269260414));
#6454 = CARTESIAN_POINT('',(0.426968232832,3.504201789933));
#6455 = CARTESIAN_POINT('',(0.433946674865,3.500911975256));
#6456 = CARTESIAN_POINT('',(0.440963498479,3.498419629544));
#6457 = CARTESIAN_POINT('',(0.448006774693,3.496738795103));
#6458 = CARTESIAN_POINT('',(0.455063661791,3.495876919286));
#6459 = CARTESIAN_POINT('',(0.470497244397,3.495783117663));
#6460 = CARTESIAN_POINT('',(0.478875798079,3.496886326639));
#6461 = CARTESIAN_POINT('',(0.48723246897,3.499144272589));
#6462 = CARTESIAN_POINT('',(0.4955458762,3.502542623157));
#6463 = CARTESIAN_POINT('',(0.503796665542,3.507054225082));
#6464 = CARTESIAN_POINT('',(0.511967371121,3.512641230896));
#6465 = CARTESIAN_POINT('',(0.52004227712,3.519257225632));
#6466 = CARTESIAN_POINT('',(0.532243584068,3.530887339291));
#6467 = CARTESIAN_POINT('',(0.536449199381,3.535201932287));
#6468 = CARTESIAN_POINT('',(0.540622302589,3.53978529022));
#6469 = CARTESIAN_POINT('',(0.544761276638,3.54462945453));
#6470 = CARTESIAN_POINT('',(0.548864710248,3.549726350387));
#6471 = CARTESIAN_POINT('',(0.552931397923,3.555067786697));
#6472 = CARTESIAN_POINT('',(0.556960339941,3.560645456098));
#6473 = CARTESIAN_POINT('',(0.569271556245,3.5785565584));
#6474 = CARTESIAN_POINT('',(0.57742407019,3.591652313423));
#6475 = CARTESIAN_POINT('',(0.585401986739,3.605664477848));
#6476 = CARTESIAN_POINT('',(0.593201563941,3.62052119942));
#6477 = CARTESIAN_POINT('',(0.600821312926,3.636153960832));
#6478 = CARTESIAN_POINT('',(0.608261695483,3.652499044742));
#6479 = CARTESIAN_POINT('',(0.61552482164,3.669498998795));
#6480 = CARTESIAN_POINT('',(0.633998630679,3.715375476761));
#6481 = CARTESIAN_POINT('',(0.644931051475,3.745197067538));
#6482 = CARTESIAN_POINT('',(0.655428584406,3.776366377886));
#6483 = CARTESIAN_POINT('',(0.665508597182,3.808707052682));
#6484 = CARTESIAN_POINT('',(0.675188807346,3.842068671514));
#6485 = CARTESIAN_POINT('',(0.684487439162,3.876326543448));
#6486 = CARTESIAN_POINT('',(0.693423380518,3.911381501784));
#6487 = CARTESIAN_POINT('',(0.711036098745,3.984714946243));
#6488 = CARTESIAN_POINT('',(0.719674910281,4.023054766717));
#6489 = CARTESIAN_POINT('',(0.727953812505,4.062085389569));
#6490 = CARTESIAN_POINT('',(0.735890869957,4.101726582158));
#6491 = CARTESIAN_POINT('',(0.743502170842,4.141910070043));
#6492 = CARTESIAN_POINT('',(0.750802493392,4.18257850428));
#6493 = CARTESIAN_POINT('',(0.757805641392,4.223684975854));
#6494 = CARTESIAN_POINT('',(0.771257697433,4.30679039426));
#6495 = CARTESIAN_POINT('',(0.77770467888,4.348786454549));
#6496 = CARTESIAN_POINT('',(0.783877875237,4.391141530738));
#6497 = CARTESIAN_POINT('',(0.789788285717,4.433820552181));
#6498 = CARTESIAN_POINT('',(0.795445659289,4.476792845431));
#6499 = CARTESIAN_POINT('',(0.800858727246,4.520031874717));
#6500 = CARTESIAN_POINT('',(0.806035435781,4.563514982426));
#6501 = CARTESIAN_POINT('',(0.829977920251,4.775021861727));
#6502 = CARTESIAN_POINT('',(0.845585746434,4.946031364605));
#6503 = CARTESIAN_POINT('',(0.858240977978,5.119293790442));
#6504 = CARTESIAN_POINT('',(0.868154720571,5.294112450475));
#6505 = CARTESIAN_POINT('',(0.875492691659,5.46992736258));
#6506 = CARTESIAN_POINT('',(0.880349536008,5.646339434836));
#6507 = CARTESIAN_POINT('',(0.882783033548,5.823073209683));
#6508 = CARTESIAN_POINT('',(0.882783033548,6.179857586299));
#6509 = CARTESIAN_POINT('',(0.880268224326,6.35950076896));
#6510 = CARTESIAN_POINT('',(0.875250134886,6.538806484643));
#6511 = CARTESIAN_POINT('',(0.867666299206,6.717489189098));
#6512 = CARTESIAN_POINT('',(0.857416219432,6.895128818476));
#6513 = CARTESIAN_POINT('',(0.844321044962,7.07112605244));
#6514 = CARTESIAN_POINT('',(0.828156546483,7.244733384595));
#6515 = CARTESIAN_POINT('',(0.803327665019,7.459132888733));
#6516 = CARTESIAN_POINT('',(0.797967947295,7.503116879532));
#6517 = CARTESIAN_POINT('',(0.792361912353,7.546840554648));
#6518 = CARTESIAN_POINT('',(0.786500970838,7.590279263384));
#6519 = CARTESIAN_POINT('',(0.780375680005,7.633403973869));
#6520 = CARTESIAN_POINT('',(0.77397547918,7.676180969612));
#6521 = CARTESIAN_POINT('',(0.767288425223,7.718571546063));
#6522 = CARTESIAN_POINT('',(0.753402968256,7.801954192387));
#6523 = CARTESIAN_POINT('',(0.746213023943,7.842952064757));
#6524 = CARTESIAN_POINT('',(0.738717523615,7.88348643425));
#6525 = CARTESIAN_POINT('',(0.730901913861,7.923506786539));
#6526 = CARTESIAN_POINT('',(0.722750670592,7.962951083103));
#6527 = CARTESIAN_POINT('',(0.714246947289,8.001745240436));
#6528 = CARTESIAN_POINT('',(0.705371860216,8.039801988349));
#6529 = CARTESIAN_POINT('',(0.685011576745,8.121557958641));
#6530 = CARTESIAN_POINT('',(0.673365412343,8.164857927589));
#6531 = CARTESIAN_POINT('',(0.66112034323,8.206781036663));
#6532 = CARTESIAN_POINT('',(0.648235345437,8.247103947697));
#6533 = CARTESIAN_POINT('',(0.634674357519,8.285523238007));
#6534 = CARTESIAN_POINT('',(0.620407398213,8.321659946114));
#6535 = CARTESIAN_POINT('',(0.605411389397,8.355063387123));
#6536 = CARTESIAN_POINT('',(0.584358195759,8.395390151063));
#6537 = CARTESIAN_POINT('',(0.578962594607,8.405192261136));
#6538 = CARTESIAN_POINT('',(0.573484182688,8.414599541632));
#6539 = CARTESIAN_POINT('',(0.567923787893,8.42358961525));
#6540 = CARTESIAN_POINT('',(0.562282835851,8.432139166032));
#6541 = CARTESIAN_POINT('',(0.556563421572,8.440224351695));
#6542 = CARTESIAN_POINT('',(0.550768381071,8.44782121596));
#6543 = CARTESIAN_POINT('',(0.541698173813,8.458774203317));
#6544 = CARTESIAN_POINT('',(0.538473551199,8.462489714165));
#6545 = CARTESIAN_POINT('',(0.535228105845,8.466048706118));
#6546 = CARTESIAN_POINT('',(0.531962528739,8.469447359968));
#6547 = CARTESIAN_POINT('',(0.528677591183,8.472681964605));
#6548 = CARTESIAN_POINT('',(0.525374144793,8.475748917015));
#6549 = CARTESIAN_POINT('',(0.522053121499,8.478644722282));
#6550 = CARTESIAN_POINT('',(0.511814846541,8.486992404572));
#6551 = CARTESIAN_POINT('',(0.504842632138,8.491873427295));
#6552 = CARTESIAN_POINT('',(0.497808775362,8.495978812162));
#6553 = CARTESIAN_POINT('',(0.490723967553,8.499282646845));
#6554 = CARTESIAN_POINT('',(0.483599761361,8.501764247853));
#6555 = CARTESIAN_POINT('',(0.476448625752,8.503409052112));
#6556 = CARTESIAN_POINT('',(0.469284001008,8.504209508534));
#6557 = CARTESIAN_POINT('',(0.453739810745,8.504115034664));
#6558 = CARTESIAN_POINT('',(0.445358637427,8.502908955955));
#6559 = CARTESIAN_POINT('',(0.437000411074,8.500547730518));
#6560 = CARTESIAN_POINT('',(0.428686520309,8.497046294916));
#6561 = CARTESIAN_POINT('',(0.420436306972,8.49243238418));
#6562 = CARTESIAN_POINT('',(0.412267208018,8.486744390763));
#6563 = CARTESIAN_POINT('',(0.404194897402,8.480029223489));
#6564 = CARTESIAN_POINT('',(0.391996083578,8.468247808574));
#6565 = CARTESIAN_POINT('',(0.387789736327,8.463879092445));
#6566 = CARTESIAN_POINT('',(0.383616204678,8.459241938296));
#6567 = CARTESIAN_POINT('',(0.379477100496,8.454344377226));
#6568 = CARTESIAN_POINT('',(0.375373829057,8.449194551257));
#6569 = CARTESIAN_POINT('',(0.371307589046,8.443800713333));
#6570 = CARTESIAN_POINT('',(0.367279372558,8.438171227319));
#6571 = CARTESIAN_POINT('',(0.354964600017,8.420092495549));
#6572 = CARTESIAN_POINT('',(0.346808980664,8.406881496048));
#6573 = CARTESIAN_POINT('',(0.338829341168,8.392755915295));
#6574 = CARTESIAN_POINT('',(0.33102934972,8.377788128692));
#6575 = CARTESIAN_POINT('',(0.323410414645,8.36204708253));
#6576 = CARTESIAN_POINT('',(0.315971990462,8.34559683527));
#6577 = CARTESIAN_POINT('',(0.308711883954,8.328495098823));
#6578 = CARTESIAN_POINT('',(0.290230814365,8.282318483197));
#6579 = CARTESIAN_POINT('',(0.279291097413,8.252299489998));
#6580 = CARTESIAN_POINT('',(0.268789807385,8.220938936385));
#6581 = CARTESIAN_POINT('',(0.258709197575,8.188414419901));
#6582 = CARTESIAN_POINT('',(0.249031212389,8.154877254834));
#6583 = CARTESIAN_POINT('',(0.23973732317,8.120452727576));
#6584 = CARTESIAN_POINT('',(0.230808364025,8.085240351972));
#6585 = CARTESIAN_POINT('',(0.213193264866,8.011516642323));
#6586 = CARTESIAN_POINT('',(0.204547081182,7.972941509606));
#6587 = CARTESIAN_POINT('',(0.19626434083,7.933683385784));
#6588 = CARTESIAN_POINT('',(0.188326616717,7.893823186679));
#6589 = CARTESIAN_POINT('',(0.18071750719,7.853429693398));
#6590 = CARTESIAN_POINT('',(0.173421952637,7.81256060522));
#6591 = CARTESIAN_POINT('',(0.166425891913,7.771263036629));
#6592 = CARTESIAN_POINT('',(0.150683421032,7.673448902918));
#6593 = CARTESIAN_POINT('',(0.142171324782,7.616624206778));
#6594 = CARTESIAN_POINT('',(0.134148559339,7.559193876467));
#6595 = CARTESIAN_POINT('',(0.126589362582,7.50123789636));
#6596 = CARTESIAN_POINT('',(0.119471826586,7.44282359934));
#6597 = CARTESIAN_POINT('',(0.112776700841,7.384006896212));
#6598 = CARTESIAN_POINT('',(0.106486792867,7.324832863997));
#6599 = CARTESIAN_POINT('',(8.531634982637E-02,7.11133820544));
#6600 = CARTESIAN_POINT('',(7.266678240322E-02,6.955255432735));
#6601 = CARTESIAN_POINT('',(6.236912045736E-02,6.797673862996));
#6602 = CARTESIAN_POINT('',(5.427425963041E-02,6.639044034623));
#6603 = CARTESIAN_POINT('',(4.827168411082E-02,6.479729061287));
#6604 = CARTESIAN_POINT('',(4.429381141374E-02,6.320000860922));
#6605 = CARTESIAN_POINT('',(4.23023780925E-02,6.160054402678));
#6606 = CARTESIAN_POINT('',(4.23023780925E-02,6.));
#6607 = ( GEOMETRIC_REPRESENTATION_CONTEXT(2) 
PARAMETRIC_REPRESENTATION_CONTEXT() REPRESENTATION_CONTEXT('2D SPACE',''
  ) );
#6608 = ADVANCED_FACE('',(#6609),#1330,.T.);
#6609 = FACE_BOUND('',#6610,.T.);
#6610 = EDGE_LOOP('',(#6611,#6634,#6635,#6658));
#6611 = ORIENTED_EDGE('',*,*,#6612,.F.);
#6612 = EDGE_CURVE('',#1314,#6613,#6615,.T.);
#6613 = VERTEX_POINT('',#6614);
#6614 = CARTESIAN_POINT('',(42.,30.,470.));
#6615 = SURFACE_CURVE('',#6616,(#6620,#6627),.PCURVE_S1.);
#6616 = LINE('',#6617,#6618);
#6617 = CARTESIAN_POINT('',(42.,30.,461.));
#6618 = VECTOR('',#6619,1.);
#6619 = DIRECTION('',(0.,0.,1.));
#6620 = PCURVE('',#1330,#6621);
#6621 = DEFINITIONAL_REPRESENTATION('',(#6622),#6626);
#6622 = LINE('',#6623,#6624);
#6623 = CARTESIAN_POINT('',(0.,22.));
#6624 = VECTOR('',#6625,1.);
#6625 = DIRECTION('',(1.,0.));
#6626 = ( GEOMETRIC_REPRESENTATION_CONTEXT(2) 
PARAMETRIC_REPRESENTATION_CONTEXT() REPRESENTATION_CONTEXT('2D SPACE',''
  ) );
#6627 = PCURVE('',#1406,#6628);
#6628 = DEFINITIONAL_REPRESENTATION('',(#6629),#6633);
#6629 = LINE('',#6630,#6631);
#6630 = CARTESIAN_POINT('',(0.,0.));
#6631 = VECTOR('',#6632,1.);
#6632 = DIRECTION('',(1.,0.));
#6633 = ( GEOMETRIC_REPRESENTATION_CONTEXT(2) 
PARAMETRIC_REPRESENTATION_CONTEXT() REPRESENTATION_CONTEXT('2D SPACE',''
  ) );
#6634 = ORIENTED_EDGE('',*,*,#1313,.T.);
#6635 = ORIENTED_EDGE('',*,*,#6636,.T.);
#6636 = EDGE_CURVE('',#1316,#6637,#6639,.T.);
#6637 = VERTEX_POINT('',#6638);
#6638 = CARTESIAN_POINT('',(20.,30.,470.));
#6639 = SURFACE_CURVE('',#6640,(#6644,#6651),.PCURVE_S1.);
#6640 = LINE('',#6641,#6642);
#6641 = CARTESIAN_POINT('',(20.,30.,461.));
#6642 = VECTOR('',#6643,1.);
#6643 = DIRECTION('',(0.,0.,1.));
#6644 = PCURVE('',#1330,#6645);
#6645 = DEFINITIONAL_REPRESENTATION('',(#6646),#6650);
#6646 = LINE('',#6647,#6648);
#6647 = CARTESIAN_POINT('',(0.,0.));
#6648 = VECTOR('',#6649,1.);
#6649 = DIRECTION('',(1.,0.));
#6650 = ( GEOMETRIC_REPRESENTATION_CONTEXT(2) 
PARAMETRIC_REPRESENTATION_CONTEXT() REPRESENTATION_CONTEXT('2D SPACE',''
  ) );
#6651 = PCURVE('',#1356,#6652);
#6652 = DEFINITIONAL_REPRESENTATION('',(#6653),#6657);
#6653 = LINE('',#6654,#6655);
#6654 = CARTESIAN_POINT('',(0.,0.));
#6655 = VECTOR('',#6656,1.);
#6656 = DIRECTION('',(1.,0.));
#6657 = ( GEOMETRIC_REPRESENTATION_CONTEXT(2) 
PARAMETRIC_REPRESENTATION_CONTEXT() REPRESENTATION_CONTEXT('2D SPACE',''
  ) );
#6658 = ORIENTED_EDGE('',*,*,#6659,.F.);
#6659 = EDGE_CURVE('',#6613,#6637,#6660,.T.);
#6660 = SURFACE_CURVE('',#6661,(#6665,#6671),.PCURVE_S1.);
#6661 = LINE('',#6662,#6663);
#6662 = CARTESIAN_POINT('',(-16.,30.,470.));
#6663 = VECTOR('',#6664,1.);
#6664 = DIRECTION('',(-1.,-0.,0.));
#6665 = PCURVE('',#1330,#6666);
#6666 = DEFINITIONAL_REPRESENTATION('',(#6667),#6670);
#6667 = B_SPLINE_CURVE_WITH_KNOTS('',1,(#6668,#6669),.UNSPECIFIED.,.F.,
  .F.,(2,2),(-58.,-36.),.PIECEWISE_BEZIER_KNOTS.);
#6668 = CARTESIAN_POINT('',(9.,22.));
#6669 = CARTESIAN_POINT('',(9.,0.));
#6670 = ( GEOMETRIC_REPRESENTATION_CONTEXT(2) 
PARAMETRIC_REPRESENTATION_CONTEXT() REPRESENTATION_CONTEXT('2D SPACE',''
  ) );
#6671 = PCURVE('',#2023,#6672);
#6672 = DEFINITIONAL_REPRESENTATION('',(#6673),#6676);
#6673 = B_SPLINE_CURVE_WITH_KNOTS('',1,(#6674,#6675),.UNSPECIFIED.,.F.,
  .F.,(2,2),(-58.,-36.),.PIECEWISE_BEZIER_KNOTS.);
#6674 = CARTESIAN_POINT('',(94.,92.));
#6675 = CARTESIAN_POINT('',(72.,92.));
#6676 = ( GEOMETRIC_REPRESENTATION_CONTEXT(2) 
PARAMETRIC_REPRESENTATION_CONTEXT() REPRESENTATION_CONTEXT('2D SPACE',''
  ) );
#6677 = ADVANCED_FACE('',(#6678),#1406,.F.);
#6678 = FACE_BOUND('',#6679,.F.);
#6679 = EDGE_LOOP('',(#6680,#6681,#6682,#6705));
#6680 = ORIENTED_EDGE('',*,*,#6612,.F.);
#6681 = ORIENTED_EDGE('',*,*,#1393,.T.);
#6682 = ORIENTED_EDGE('',*,*,#6683,.T.);
#6683 = EDGE_CURVE('',#1368,#6684,#6686,.T.);
#6684 = VERTEX_POINT('',#6685);
#6685 = CARTESIAN_POINT('',(42.,46.,470.));
#6686 = SURFACE_CURVE('',#6687,(#6691,#6698),.PCURVE_S1.);
#6687 = LINE('',#6688,#6689);
#6688 = CARTESIAN_POINT('',(42.,46.,461.));
#6689 = VECTOR('',#6690,1.);
#6690 = DIRECTION('',(0.,0.,1.));
#6691 = PCURVE('',#1406,#6692);
#6692 = DEFINITIONAL_REPRESENTATION('',(#6693),#6697);
#6693 = LINE('',#6694,#6695);
#6694 = CARTESIAN_POINT('',(0.,-16.));
#6695 = VECTOR('',#6696,1.);
#6696 = DIRECTION('',(1.,0.));
#6697 = ( GEOMETRIC_REPRESENTATION_CONTEXT(2) 
PARAMETRIC_REPRESENTATION_CONTEXT() REPRESENTATION_CONTEXT('2D SPACE',''
  ) );
#6698 = PCURVE('',#1382,#6699);
#6699 = DEFINITIONAL_REPRESENTATION('',(#6700),#6704);
#6700 = LINE('',#6701,#6702);
#6701 = CARTESIAN_POINT('',(0.,22.));
#6702 = VECTOR('',#6703,1.);
#6703 = DIRECTION('',(1.,0.));
#6704 = ( GEOMETRIC_REPRESENTATION_CONTEXT(2) 
PARAMETRIC_REPRESENTATION_CONTEXT() REPRESENTATION_CONTEXT('2D SPACE',''
  ) );
#6705 = ORIENTED_EDGE('',*,*,#6706,.F.);
#6706 = EDGE_CURVE('',#6613,#6684,#6707,.T.);
#6707 = SURFACE_CURVE('',#6708,(#6712,#6718),.PCURVE_S1.);
#6708 = LINE('',#6709,#6710);
#6709 = CARTESIAN_POINT('',(42.,-16.,470.));
#6710 = VECTOR('',#6711,1.);
#6711 = DIRECTION('',(-0.,1.,0.));
#6712 = PCURVE('',#1406,#6713);
#6713 = DEFINITIONAL_REPRESENTATION('',(#6714),#6717);
#6714 = B_SPLINE_CURVE_WITH_KNOTS('',1,(#6715,#6716),.UNSPECIFIED.,.F.,
  .F.,(2,2),(46.,62.),.PIECEWISE_BEZIER_KNOTS.);
#6715 = CARTESIAN_POINT('',(9.,0.));
#6716 = CARTESIAN_POINT('',(9.,-16.));
#6717 = ( GEOMETRIC_REPRESENTATION_CONTEXT(2) 
PARAMETRIC_REPRESENTATION_CONTEXT() REPRESENTATION_CONTEXT('2D SPACE',''
  ) );
#6718 = PCURVE('',#2023,#6719);
#6719 = DEFINITIONAL_REPRESENTATION('',(#6720),#6723);
#6720 = B_SPLINE_CURVE_WITH_KNOTS('',1,(#6721,#6722),.UNSPECIFIED.,.F.,
  .F.,(2,2),(46.,62.),.PIECEWISE_BEZIER_KNOTS.);
#6721 = CARTESIAN_POINT('',(94.,92.));
#6722 = CARTESIAN_POINT('',(94.,108.));
#6723 = ( GEOMETRIC_REPRESENTATION_CONTEXT(2) 
PARAMETRIC_REPRESENTATION_CONTEXT() REPRESENTATION_CONTEXT('2D SPACE',''
  ) );
#6724 = ADVANCED_FACE('',(#6725),#1356,.T.);
#6725 = FACE_BOUND('',#6726,.T.);
#6726 = EDGE_LOOP('',(#6727,#6728,#6729,#6752));
#6727 = ORIENTED_EDGE('',*,*,#6636,.F.);
#6728 = ORIENTED_EDGE('',*,*,#1341,.T.);
#6729 = ORIENTED_EDGE('',*,*,#6730,.T.);
#6730 = EDGE_CURVE('',#1342,#6731,#6733,.T.);
#6731 = VERTEX_POINT('',#6732);
#6732 = CARTESIAN_POINT('',(20.,46.,470.));
#6733 = SURFACE_CURVE('',#6734,(#6738,#6745),.PCURVE_S1.);
#6734 = LINE('',#6735,#6736);
#6735 = CARTESIAN_POINT('',(20.,46.,461.));
#6736 = VECTOR('',#6737,1.);
#6737 = DIRECTION('',(0.,0.,1.));
#6738 = PCURVE('',#1356,#6739);
#6739 = DEFINITIONAL_REPRESENTATION('',(#6740),#6744);
#6740 = LINE('',#6741,#6742);
#6741 = CARTESIAN_POINT('',(0.,-16.));
#6742 = VECTOR('',#6743,1.);
#6743 = DIRECTION('',(1.,0.));
#6744 = ( GEOMETRIC_REPRESENTATION_CONTEXT(2) 
PARAMETRIC_REPRESENTATION_CONTEXT() REPRESENTATION_CONTEXT('2D SPACE',''
  ) );
#6745 = PCURVE('',#1382,#6746);
#6746 = DEFINITIONAL_REPRESENTATION('',(#6747),#6751);
#6747 = LINE('',#6748,#6749);
#6748 = CARTESIAN_POINT('',(0.,0.));
#6749 = VECTOR('',#6750,1.);
#6750 = DIRECTION('',(1.,0.));
#6751 = ( GEOMETRIC_REPRESENTATION_CONTEXT(2) 
PARAMETRIC_REPRESENTATION_CONTEXT() REPRESENTATION_CONTEXT('2D SPACE',''
  ) );
#6752 = ORIENTED_EDGE('',*,*,#6753,.F.);
#6753 = EDGE_CURVE('',#6637,#6731,#6754,.T.);
#6754 = SURFACE_CURVE('',#6755,(#6759,#6765),.PCURVE_S1.);
#6755 = LINE('',#6756,#6757);
#6756 = CARTESIAN_POINT('',(20.,-16.,470.));
#6757 = VECTOR('',#6758,1.);
#6758 = DIRECTION('',(-0.,1.,0.));
#6759 = PCURVE('',#1356,#6760);
#6760 = DEFINITIONAL_REPRESENTATION('',(#6761),#6764);
#6761 = B_SPLINE_CURVE_WITH_KNOTS('',1,(#6762,#6763),.UNSPECIFIED.,.F.,
  .F.,(2,2),(46.,62.),.PIECEWISE_BEZIER_KNOTS.);
#6762 = CARTESIAN_POINT('',(9.,0.));
#6763 = CARTESIAN_POINT('',(9.,-16.));
#6764 = ( GEOMETRIC_REPRESENTATION_CONTEXT(2) 
PARAMETRIC_REPRESENTATION_CONTEXT() REPRESENTATION_CONTEXT('2D SPACE',''
  ) );
#6765 = PCURVE('',#2023,#6766);
#6766 = DEFINITIONAL_REPRESENTATION('',(#6767),#6770);
#6767 = B_SPLINE_CURVE_WITH_KNOTS('',1,(#6768,#6769),.UNSPECIFIED.,.F.,
  .F.,(2,2),(46.,62.),.PIECEWISE_BEZIER_KNOTS.);
#6768 = CARTESIAN_POINT('',(72.,92.));
#6769 = CARTESIAN_POINT('',(72.,108.));
#6770 = ( GEOMETRIC_REPRESENTATION_CONTEXT(2) 
PARAMETRIC_REPRESENTATION_CONTEXT() REPRESENTATION_CONTEXT('2D SPACE',''
  ) );
#6771 = ADVANCED_FACE('',(#6772),#1382,.F.);
#6772 = FACE_BOUND('',#6773,.F.);
#6773 = EDGE_LOOP('',(#6774,#6775,#6776,#6777));
#6774 = ORIENTED_EDGE('',*,*,#6683,.F.);
#6775 = ORIENTED_EDGE('',*,*,#1367,.T.);
#6776 = ORIENTED_EDGE('',*,*,#6730,.T.);
#6777 = ORIENTED_EDGE('',*,*,#6778,.F.);
#6778 = EDGE_CURVE('',#6684,#6731,#6779,.T.);
#6779 = SURFACE_CURVE('',#6780,(#6784,#6790),.PCURVE_S1.);
#6780 = LINE('',#6781,#6782);
#6781 = CARTESIAN_POINT('',(-16.,46.,470.));
#6782 = VECTOR('',#6783,1.);
#6783 = DIRECTION('',(-1.,-0.,0.));
#6784 = PCURVE('',#1382,#6785);
#6785 = DEFINITIONAL_REPRESENTATION('',(#6786),#6789);
#6786 = B_SPLINE_CURVE_WITH_KNOTS('',1,(#6787,#6788),.UNSPECIFIED.,.F.,
  .F.,(2,2),(-58.,-36.),.PIECEWISE_BEZIER_KNOTS.);
#6787 = CARTESIAN_POINT('',(9.,22.));
#6788 = CARTESIAN_POINT('',(9.,0.));
#6789 = ( GEOMETRIC_REPRESENTATION_CONTEXT(2) 
PARAMETRIC_REPRESENTATION_CONTEXT() REPRESENTATION_CONTEXT('2D SPACE',''
  ) );
#6790 = PCURVE('',#2023,#6791);
#6791 = DEFINITIONAL_REPRESENTATION('',(#6792),#6795);
#6792 = B_SPLINE_CURVE_WITH_KNOTS('',1,(#6793,#6794),.UNSPECIFIED.,.F.,
  .F.,(2,2),(-58.,-36.),.PIECEWISE_BEZIER_KNOTS.);
#6793 = CARTESIAN_POINT('',(94.,108.));
#6794 = CARTESIAN_POINT('',(72.,108.));
#6795 = ( GEOMETRIC_REPRESENTATION_CONTEXT(2) 
PARAMETRIC_REPRESENTATION_CONTEXT() REPRESENTATION_CONTEXT('2D SPACE',''
  ) );
#6796 = ADVANCED_FACE('',(#6797),#1436,.F.);
#6797 = FACE_BOUND('',#6798,.F.);
#6798 = EDGE_LOOP('',(#6799,#6822,#6844,#6845));
#6799 = ORIENTED_EDGE('',*,*,#6800,.T.);
#6800 = EDGE_CURVE('',#1420,#6801,#6803,.T.);
#6801 = VERTEX_POINT('',#6802);
#6802 = CARTESIAN_POINT('',(45.,59.,467.5));
#6803 = SEAM_CURVE('',#6804,(#6808,#6815),.PCURVE_S1.);
#6804 = LINE('',#6805,#6806);
#6805 = CARTESIAN_POINT('',(45.,59.,461.5));
#6806 = VECTOR('',#6807,1.);
#6807 = DIRECTION('',(0.,0.,1.));
#6808 = PCURVE('',#1436,#6809);
#6809 = DEFINITIONAL_REPRESENTATION('',(#6810),#6814);
#6810 = LINE('',#6811,#6812);
#6811 = CARTESIAN_POINT('',(6.28318530718,-0.));
#6812 = VECTOR('',#6813,1.);
#6813 = DIRECTION('',(0.,1.));
#6814 = ( GEOMETRIC_REPRESENTATION_CONTEXT(2) 
PARAMETRIC_REPRESENTATION_CONTEXT() REPRESENTATION_CONTEXT('2D SPACE',''
  ) );
#6815 = PCURVE('',#1436,#6816);
#6816 = DEFINITIONAL_REPRESENTATION('',(#6817),#6821);
#6817 = LINE('',#6818,#6819);
#6818 = CARTESIAN_POINT('',(0.,-0.));
#6819 = VECTOR('',#6820,1.);
#6820 = DIRECTION('',(0.,1.));
#6821 = ( GEOMETRIC_REPRESENTATION_CONTEXT(2) 
PARAMETRIC_REPRESENTATION_CONTEXT() REPRESENTATION_CONTEXT('2D SPACE',''
  ) );
#6822 = ORIENTED_EDGE('',*,*,#6823,.F.);
#6823 = EDGE_CURVE('',#6801,#6801,#6824,.T.);
#6824 = SURFACE_CURVE('',#6825,(#6830,#6837),.PCURVE_S1.);
#6825 = CIRCLE('',#6826,5.);
#6826 = AXIS2_PLACEMENT_3D('',#6827,#6828,#6829);
#6827 = CARTESIAN_POINT('',(40.,59.,467.5));
#6828 = DIRECTION('',(0.,0.,1.));
#6829 = DIRECTION('',(1.,0.,-0.));
#6830 = PCURVE('',#1436,#6831);
#6831 = DEFINITIONAL_REPRESENTATION('',(#6832),#6836);
#6832 = LINE('',#6833,#6834);
#6833 = CARTESIAN_POINT('',(0.,6.));
#6834 = VECTOR('',#6835,1.);
#6835 = DIRECTION('',(1.,0.));
#6836 = ( GEOMETRIC_REPRESENTATION_CONTEXT(2) 
PARAMETRIC_REPRESENTATION_CONTEXT() REPRESENTATION_CONTEXT('2D SPACE',''
  ) );
#6837 = PCURVE('',#2128,#6838);
#6838 = DEFINITIONAL_REPRESENTATION('',(#6839),#6843);
#6839 = CIRCLE('',#6840,5.);
#6840 = AXIS2_PLACEMENT_2D('',#6841,#6842);
#6841 = CARTESIAN_POINT('',(0.,0.));
#6842 = DIRECTION('',(1.,0.));
#6843 = ( GEOMETRIC_REPRESENTATION_CONTEXT(2) 
PARAMETRIC_REPRESENTATION_CONTEXT() REPRESENTATION_CONTEXT('2D SPACE',''
  ) );
#6844 = ORIENTED_EDGE('',*,*,#6800,.F.);
#6845 = ORIENTED_EDGE('',*,*,#1419,.T.);
#6846 = ADVANCED_FACE('',(#6847),#1580,.F.);
#6847 = FACE_BOUND('',#6848,.F.);
#6848 = EDGE_LOOP('',(#6849,#6872,#6873,#6874,#6897));
#6849 = ORIENTED_EDGE('',*,*,#6850,.F.);
#6850 = EDGE_CURVE('',#1539,#6851,#6853,.T.);
#6851 = VERTEX_POINT('',#6852);
#6852 = CARTESIAN_POINT('',(70.,18.,492.));
#6853 = SURFACE_CURVE('',#6854,(#6858,#6865),.PCURVE_S1.);
#6854 = LINE('',#6855,#6856);
#6855 = CARTESIAN_POINT('',(60.,18.,492.));
#6856 = VECTOR('',#6857,1.);
#6857 = DIRECTION('',(1.,0.,0.));
#6858 = PCURVE('',#1580,#6859);
#6859 = DEFINITIONAL_REPRESENTATION('',(#6860),#6864);
#6860 = LINE('',#6861,#6862);
#6861 = CARTESIAN_POINT('',(0.,0.));
#6862 = VECTOR('',#6863,1.);
#6863 = DIRECTION('',(0.,1.));
#6864 = ( GEOMETRIC_REPRESENTATION_CONTEXT(2) 
PARAMETRIC_REPRESENTATION_CONTEXT() REPRESENTATION_CONTEXT('2D SPACE',''
  ) );
#6865 = PCURVE('',#1554,#6866);
#6866 = DEFINITIONAL_REPRESENTATION('',(#6867),#6871);
#6867 = LINE('',#6868,#6869);
#6868 = CARTESIAN_POINT('',(0.,0.));
#6869 = VECTOR('',#6870,1.);
#6870 = DIRECTION('',(1.,0.));
#6871 = ( GEOMETRIC_REPRESENTATION_CONTEXT(2) 
PARAMETRIC_REPRESENTATION_CONTEXT() REPRESENTATION_CONTEXT('2D SPACE',''
  ) );
#6872 = ORIENTED_EDGE('',*,*,#1566,.T.);
#6873 = ORIENTED_EDGE('',*,*,#1595,.T.);
#6874 = ORIENTED_EDGE('',*,*,#6875,.T.);
#6875 = EDGE_CURVE('',#1596,#6876,#6878,.T.);
#6876 = VERTEX_POINT('',#6877);
#6877 = CARTESIAN_POINT('',(70.,18.,552.));
#6878 = SURFACE_CURVE('',#6879,(#6883,#6890),.PCURVE_S1.);
#6879 = LINE('',#6880,#6881);
#6880 = CARTESIAN_POINT('',(60.,18.,552.));
#6881 = VECTOR('',#6882,1.);
#6882 = DIRECTION('',(1.,0.,0.));
#6883 = PCURVE('',#1580,#6884);
#6884 = DEFINITIONAL_REPRESENTATION('',(#6885),#6889);
#6885 = LINE('',#6886,#6887);
#6886 = CARTESIAN_POINT('',(60.,0.));
#6887 = VECTOR('',#6888,1.);
#6888 = DIRECTION('',(0.,1.));
#6889 = ( GEOMETRIC_REPRESENTATION_CONTEXT(2) 
PARAMETRIC_REPRESENTATION_CONTEXT() REPRESENTATION_CONTEXT('2D SPACE',''
  ) );
#6890 = PCURVE('',#1656,#6891);
#6891 = DEFINITIONAL_REPRESENTATION('',(#6892),#6896);
#6892 = LINE('',#6893,#6894);
#6893 = CARTESIAN_POINT('',(0.,0.));
#6894 = VECTOR('',#6895,1.);
#6895 = DIRECTION('',(1.,0.));
#6896 = ( GEOMETRIC_REPRESENTATION_CONTEXT(2) 
PARAMETRIC_REPRESENTATION_CONTEXT() REPRESENTATION_CONTEXT('2D SPACE',''
  ) );
#6897 = ORIENTED_EDGE('',*,*,#6898,.F.);
#6898 = EDGE_CURVE('',#6851,#6876,#6899,.T.);
#6899 = SURFACE_CURVE('',#6900,(#6904,#6911),.PCURVE_S1.);
#6900 = LINE('',#6901,#6902);
#6901 = CARTESIAN_POINT('',(70.,18.,492.));
#6902 = VECTOR('',#6903,1.);
#6903 = DIRECTION('',(0.,0.,1.));
#6904 = PCURVE('',#1580,#6905);
#6905 = DEFINITIONAL_REPRESENTATION('',(#6906),#6910);
#6906 = LINE('',#6907,#6908);
#6907 = CARTESIAN_POINT('',(0.,10.));
#6908 = VECTOR('',#6909,1.);
#6909 = DIRECTION('',(1.,0.));
#6910 = ( GEOMETRIC_REPRESENTATION_CONTEXT(2) 
PARAMETRIC_REPRESENTATION_CONTEXT() REPRESENTATION_CONTEXT('2D SPACE',''
  ) );
#6911 = PCURVE('',#6912,#6917);
#6912 = PLANE('',#6913);
#6913 = AXIS2_PLACEMENT_3D('',#6914,#6915,#6916);
#6914 = CARTESIAN_POINT('',(70.,18.,492.));
#6915 = DIRECTION('',(1.,0.,0.));
#6916 = DIRECTION('',(0.,0.,1.));
#6917 = DEFINITIONAL_REPRESENTATION('',(#6918),#6922);
#6918 = LINE('',#6919,#6920);
#6919 = CARTESIAN_POINT('',(0.,0.));
#6920 = VECTOR('',#6921,1.);
#6921 = DIRECTION('',(1.,0.));
#6922 = ( GEOMETRIC_REPRESENTATION_CONTEXT(2) 
PARAMETRIC_REPRESENTATION_CONTEXT() REPRESENTATION_CONTEXT('2D SPACE',''
  ) );
#6923 = ADVANCED_FACE('',(#6924),#1554,.F.);
#6924 = FACE_BOUND('',#6925,.F.);
#6925 = EDGE_LOOP('',(#6926,#6927,#6928,#6951));
#6926 = ORIENTED_EDGE('',*,*,#1538,.F.);
#6927 = ORIENTED_EDGE('',*,*,#6850,.T.);
#6928 = ORIENTED_EDGE('',*,*,#6929,.T.);
#6929 = EDGE_CURVE('',#6851,#6930,#6932,.T.);
#6930 = VERTEX_POINT('',#6931);
#6931 = CARTESIAN_POINT('',(70.,53.,492.));
#6932 = SURFACE_CURVE('',#6933,(#6937,#6944),.PCURVE_S1.);
#6933 = LINE('',#6934,#6935);
#6934 = CARTESIAN_POINT('',(70.,18.,492.));
#6935 = VECTOR('',#6936,1.);
#6936 = DIRECTION('',(0.,1.,0.));
#6937 = PCURVE('',#1554,#6938);
#6938 = DEFINITIONAL_REPRESENTATION('',(#6939),#6943);
#6939 = LINE('',#6940,#6941);
#6940 = CARTESIAN_POINT('',(10.,0.));
#6941 = VECTOR('',#6942,1.);
#6942 = DIRECTION('',(0.,1.));
#6943 = ( GEOMETRIC_REPRESENTATION_CONTEXT(2) 
PARAMETRIC_REPRESENTATION_CONTEXT() REPRESENTATION_CONTEXT('2D SPACE',''
  ) );
#6944 = PCURVE('',#6912,#6945);
#6945 = DEFINITIONAL_REPRESENTATION('',(#6946),#6950);
#6946 = LINE('',#6947,#6948);
#6947 = CARTESIAN_POINT('',(0.,0.));
#6948 = VECTOR('',#6949,1.);
#6949 = DIRECTION('',(0.,-1.));
#6950 = ( GEOMETRIC_REPRESENTATION_CONTEXT(2) 
PARAMETRIC_REPRESENTATION_CONTEXT() REPRESENTATION_CONTEXT('2D SPACE',''
  ) );
#6951 = ORIENTED_EDGE('',*,*,#6952,.F.);
#6952 = EDGE_CURVE('',#1511,#6930,#6953,.T.);
#6953 = SURFACE_CURVE('',#6954,(#6958,#6965),.PCURVE_S1.);
#6954 = LINE('',#6955,#6956);
#6955 = CARTESIAN_POINT('',(60.,53.,492.));
#6956 = VECTOR('',#6957,1.);
#6957 = DIRECTION('',(1.,0.,0.));
#6958 = PCURVE('',#1554,#6959);
#6959 = DEFINITIONAL_REPRESENTATION('',(#6960),#6964);
#6960 = LINE('',#6961,#6962);
#6961 = CARTESIAN_POINT('',(0.,35.));
#6962 = VECTOR('',#6963,1.);
#6963 = DIRECTION('',(1.,0.));
#6964 = ( GEOMETRIC_REPRESENTATION_CONTEXT(2) 
PARAMETRIC_REPRESENTATION_CONTEXT() REPRESENTATION_CONTEXT('2D SPACE',''
  ) );
#6965 = PCURVE('',#1526,#6966);
#6966 = DEFINITIONAL_REPRESENTATION('',(#6967),#6971);
#6967 = LINE('',#6968,#6969);
#6968 = CARTESIAN_POINT('',(0.,0.));
#6969 = VECTOR('',#6970,1.);
#6970 = DIRECTION('',(0.,1.));
#6971 = ( GEOMETRIC_REPRESENTATION_CONTEXT(2) 
PARAMETRIC_REPRESENTATION_CONTEXT() REPRESENTATION_CONTEXT('2D SPACE',''
  ) );
#6972 = ADVANCED_FACE('',(#6973),#1526,.T.);
#6973 = FACE_BOUND('',#6974,.T.);
#6974 = EDGE_LOOP('',(#6975,#6976,#6977,#6978,#7001));
#6975 = ORIENTED_EDGE('',*,*,#6952,.F.);
#6976 = ORIENTED_EDGE('',*,*,#1510,.T.);
#6977 = ORIENTED_EDGE('',*,*,#1619,.T.);
#6978 = ORIENTED_EDGE('',*,*,#6979,.T.);
#6979 = EDGE_CURVE('',#1620,#6980,#6982,.T.);
#6980 = VERTEX_POINT('',#6981);
#6981 = CARTESIAN_POINT('',(70.,53.,552.));
#6982 = SURFACE_CURVE('',#6983,(#6987,#6994),.PCURVE_S1.);
#6983 = LINE('',#6984,#6985);
#6984 = CARTESIAN_POINT('',(60.,53.,552.));
#6985 = VECTOR('',#6986,1.);
#6986 = DIRECTION('',(1.,0.,0.));
#6987 = PCURVE('',#1526,#6988);
#6988 = DEFINITIONAL_REPRESENTATION('',(#6989),#6993);
#6989 = LINE('',#6990,#6991);
#6990 = CARTESIAN_POINT('',(60.,0.));
#6991 = VECTOR('',#6992,1.);
#6992 = DIRECTION('',(0.,1.));
#6993 = ( GEOMETRIC_REPRESENTATION_CONTEXT(2) 
PARAMETRIC_REPRESENTATION_CONTEXT() REPRESENTATION_CONTEXT('2D SPACE',''
  ) );
#6994 = PCURVE('',#1656,#6995);
#6995 = DEFINITIONAL_REPRESENTATION('',(#6996),#7000);
#6996 = LINE('',#6997,#6998);
#6997 = CARTESIAN_POINT('',(0.,35.));
#6998 = VECTOR('',#6999,1.);
#6999 = DIRECTION('',(1.,0.));
#7000 = ( GEOMETRIC_REPRESENTATION_CONTEXT(2) 
PARAMETRIC_REPRESENTATION_CONTEXT() REPRESENTATION_CONTEXT('2D SPACE',''
  ) );
#7001 = ORIENTED_EDGE('',*,*,#7002,.F.);
#7002 = EDGE_CURVE('',#6930,#6980,#7003,.T.);
#7003 = SURFACE_CURVE('',#7004,(#7008,#7015),.PCURVE_S1.);
#7004 = LINE('',#7005,#7006);
#7005 = CARTESIAN_POINT('',(70.,53.,492.));
#7006 = VECTOR('',#7007,1.);
#7007 = DIRECTION('',(0.,0.,1.));
#7008 = PCURVE('',#1526,#7009);
#7009 = DEFINITIONAL_REPRESENTATION('',(#7010),#7014);
#7010 = LINE('',#7011,#7012);
#7011 = CARTESIAN_POINT('',(0.,10.));
#7012 = VECTOR('',#7013,1.);
#7013 = DIRECTION('',(1.,0.));
#7014 = ( GEOMETRIC_REPRESENTATION_CONTEXT(2) 
PARAMETRIC_REPRESENTATION_CONTEXT() REPRESENTATION_CONTEXT('2D SPACE',''
  ) );
#7015 = PCURVE('',#6912,#7016);
#7016 = DEFINITIONAL_REPRESENTATION('',(#7017),#7021);
#7017 = LINE('',#7018,#7019);
#7018 = CARTESIAN_POINT('',(0.,-35.));
#7019 = VECTOR('',#7020,1.);
#7020 = DIRECTION('',(1.,0.));
#7021 = ( GEOMETRIC_REPRESENTATION_CONTEXT(2) 
PARAMETRIC_REPRESENTATION_CONTEXT() REPRESENTATION_CONTEXT('2D SPACE',''
  ) );
#7022 = ADVANCED_FACE('',(#7023),#1656,.T.);
#7023 = FACE_BOUND('',#7024,.T.);
#7024 = EDGE_LOOP('',(#7025,#7026,#7027,#7048));
#7025 = ORIENTED_EDGE('',*,*,#1642,.F.);
#7026 = ORIENTED_EDGE('',*,*,#6875,.T.);
#7027 = ORIENTED_EDGE('',*,*,#7028,.T.);
#7028 = EDGE_CURVE('',#6876,#6980,#7029,.T.);
#7029 = SURFACE_CURVE('',#7030,(#7034,#7041),.PCURVE_S1.);
#7030 = LINE('',#7031,#7032);
#7031 = CARTESIAN_POINT('',(70.,18.,552.));
#7032 = VECTOR('',#7033,1.);
#7033 = DIRECTION('',(0.,1.,0.));
#7034 = PCURVE('',#1656,#7035);
#7035 = DEFINITIONAL_REPRESENTATION('',(#7036),#7040);
#7036 = LINE('',#7037,#7038);
#7037 = CARTESIAN_POINT('',(10.,0.));
#7038 = VECTOR('',#7039,1.);
#7039 = DIRECTION('',(0.,1.));
#7040 = ( GEOMETRIC_REPRESENTATION_CONTEXT(2) 
PARAMETRIC_REPRESENTATION_CONTEXT() REPRESENTATION_CONTEXT('2D SPACE',''
  ) );
#7041 = PCURVE('',#6912,#7042);
#7042 = DEFINITIONAL_REPRESENTATION('',(#7043),#7047);
#7043 = LINE('',#7044,#7045);
#7044 = CARTESIAN_POINT('',(60.,0.));
#7045 = VECTOR('',#7046,1.);
#7046 = DIRECTION('',(0.,-1.));
#7047 = ( GEOMETRIC_REPRESENTATION_CONTEXT(2) 
PARAMETRIC_REPRESENTATION_CONTEXT() REPRESENTATION_CONTEXT('2D SPACE',''
  ) );
#7048 = ORIENTED_EDGE('',*,*,#6979,.F.);
#7049 = ADVANCED_FACE('',(#7050,#7203,#7206,#7209,#7212,#7215),#1710,.F.
  );
#7050 = FACE_BOUND('',#7051,.F.);
#7051 = EDGE_LOOP('',(#7052,#7075,#7103,#7131,#7159,#7180,#7181,#7202));
#7052 = ORIENTED_EDGE('',*,*,#7053,.F.);
#7053 = EDGE_CURVE('',#7054,#1933,#7056,.T.);
#7054 = VERTEX_POINT('',#7055);
#7055 = CARTESIAN_POINT('',(-52.,57.,494.));
#7056 = SURFACE_CURVE('',#7057,(#7061,#7068),.PCURVE_S1.);
#7057 = LINE('',#7058,#7059);
#7058 = CARTESIAN_POINT('',(-52.,57.,494.));
#7059 = VECTOR('',#7060,1.);
#7060 = DIRECTION('',(1.,0.,0.));
#7061 = PCURVE('',#1710,#7062);
#7062 = DEFINITIONAL_REPRESENTATION('',(#7063),#7067);
#7063 = LINE('',#7064,#7065);
#7064 = CARTESIAN_POINT('',(0.,119.));
#7065 = VECTOR('',#7066,1.);
#7066 = DIRECTION('',(1.,0.));
#7067 = ( GEOMETRIC_REPRESENTATION_CONTEXT(2) 
PARAMETRIC_REPRESENTATION_CONTEXT() REPRESENTATION_CONTEXT('2D SPACE',''
  ) );
#7068 = PCURVE('',#1947,#7069);
#7069 = DEFINITIONAL_REPRESENTATION('',(#7070),#7074);
#7070 = LINE('',#7071,#7072);
#7071 = CARTESIAN_POINT('',(24.,0.));
#7072 = VECTOR('',#7073,1.);
#7073 = DIRECTION('',(0.,1.));
#7074 = ( GEOMETRIC_REPRESENTATION_CONTEXT(2) 
PARAMETRIC_REPRESENTATION_CONTEXT() REPRESENTATION_CONTEXT('2D SPACE',''
  ) );
#7075 = ORIENTED_EDGE('',*,*,#7076,.F.);
#7076 = EDGE_CURVE('',#7077,#7054,#7079,.T.);
#7077 = VERTEX_POINT('',#7078);
#7078 = CARTESIAN_POINT('',(-52.,-62.,494.));
#7079 = SURFACE_CURVE('',#7080,(#7084,#7091),.PCURVE_S1.);
#7080 = LINE('',#7081,#7082);
#7081 = CARTESIAN_POINT('',(-52.,-62.,494.));
#7082 = VECTOR('',#7083,1.);
#7083 = DIRECTION('',(0.,1.,0.));
#7084 = PCURVE('',#1710,#7085);
#7085 = DEFINITIONAL_REPRESENTATION('',(#7086),#7090);
#7086 = LINE('',#7087,#7088);
#7087 = CARTESIAN_POINT('',(0.,0.));
#7088 = VECTOR('',#7089,1.);
#7089 = DIRECTION('',(0.,1.));
#7090 = ( GEOMETRIC_REPRESENTATION_CONTEXT(2) 
PARAMETRIC_REPRESENTATION_CONTEXT() REPRESENTATION_CONTEXT('2D SPACE',''
  ) );
#7091 = PCURVE('',#7092,#7097);
#7092 = PLANE('',#7093);
#7093 = AXIS2_PLACEMENT_3D('',#7094,#7095,#7096);
#7094 = CARTESIAN_POINT('',(-52.,-62.,470.));
#7095 = DIRECTION('',(1.,0.,0.));
#7096 = DIRECTION('',(0.,0.,1.));
#7097 = DEFINITIONAL_REPRESENTATION('',(#7098),#7102);
#7098 = LINE('',#7099,#7100);
#7099 = CARTESIAN_POINT('',(24.,0.));
#7100 = VECTOR('',#7101,1.);
#7101 = DIRECTION('',(0.,-1.));
#7102 = ( GEOMETRIC_REPRESENTATION_CONTEXT(2) 
PARAMETRIC_REPRESENTATION_CONTEXT() REPRESENTATION_CONTEXT('2D SPACE',''
  ) );
#7103 = ORIENTED_EDGE('',*,*,#7104,.T.);
#7104 = EDGE_CURVE('',#7077,#7105,#7107,.T.);
#7105 = VERTEX_POINT('',#7106);
#7106 = CARTESIAN_POINT('',(52.,-62.,494.));
#7107 = SURFACE_CURVE('',#7108,(#7112,#7119),.PCURVE_S1.);
#7108 = LINE('',#7109,#7110);
#7109 = CARTESIAN_POINT('',(-52.,-62.,494.));
#7110 = VECTOR('',#7111,1.);
#7111 = DIRECTION('',(1.,0.,0.));
#7112 = PCURVE('',#1710,#7113);
#7113 = DEFINITIONAL_REPRESENTATION('',(#7114),#7118);
#7114 = LINE('',#7115,#7116);
#7115 = CARTESIAN_POINT('',(0.,0.));
#7116 = VECTOR('',#7117,1.);
#7117 = DIRECTION('',(1.,0.));
#7118 = ( GEOMETRIC_REPRESENTATION_CONTEXT(2) 
PARAMETRIC_REPRESENTATION_CONTEXT() REPRESENTATION_CONTEXT('2D SPACE',''
  ) );
#7119 = PCURVE('',#7120,#7125);
#7120 = PLANE('',#7121);
#7121 = AXIS2_PLACEMENT_3D('',#7122,#7123,#7124);
#7122 = CARTESIAN_POINT('',(-52.,-62.,470.));
#7123 = DIRECTION('',(0.,1.,0.));
#7124 = DIRECTION('',(0.,0.,1.));
#7125 = DEFINITIONAL_REPRESENTATION('',(#7126),#7130);
#7126 = LINE('',#7127,#7128);
#7127 = CARTESIAN_POINT('',(24.,0.));
#7128 = VECTOR('',#7129,1.);
#7129 = DIRECTION('',(0.,1.));
#7130 = ( GEOMETRIC_REPRESENTATION_CONTEXT(2) 
PARAMETRIC_REPRESENTATION_CONTEXT() REPRESENTATION_CONTEXT('2D SPACE',''
  ) );
#7131 = ORIENTED_EDGE('',*,*,#7132,.T.);
#7132 = EDGE_CURVE('',#7105,#7133,#7135,.T.);
#7133 = VERTEX_POINT('',#7134);
#7134 = CARTESIAN_POINT('',(52.,57.,494.));
#7135 = SURFACE_CURVE('',#7136,(#7140,#7147),.PCURVE_S1.);
#7136 = LINE('',#7137,#7138);
#7137 = CARTESIAN_POINT('',(52.,-62.,494.));
#7138 = VECTOR('',#7139,1.);
#7139 = DIRECTION('',(0.,1.,0.));
#7140 = PCURVE('',#1710,#7141);
#7141 = DEFINITIONAL_REPRESENTATION('',(#7142),#7146);
#7142 = LINE('',#7143,#7144);
#7143 = CARTESIAN_POINT('',(104.,0.));
#7144 = VECTOR('',#7145,1.);
#7145 = DIRECTION('',(0.,1.));
#7146 = ( GEOMETRIC_REPRESENTATION_CONTEXT(2) 
PARAMETRIC_REPRESENTATION_CONTEXT() REPRESENTATION_CONTEXT('2D SPACE',''
  ) );
#7147 = PCURVE('',#7148,#7153);
#7148 = PLANE('',#7149);
#7149 = AXIS2_PLACEMENT_3D('',#7150,#7151,#7152);
#7150 = CARTESIAN_POINT('',(52.,-62.,470.));
#7151 = DIRECTION('',(1.,0.,0.));
#7152 = DIRECTION('',(0.,0.,1.));
#7153 = DEFINITIONAL_REPRESENTATION('',(#7154),#7158);
#7154 = LINE('',#7155,#7156);
#7155 = CARTESIAN_POINT('',(24.,0.));
#7156 = VECTOR('',#7157,1.);
#7157 = DIRECTION('',(0.,-1.));
#7158 = ( GEOMETRIC_REPRESENTATION_CONTEXT(2) 
PARAMETRIC_REPRESENTATION_CONTEXT() REPRESENTATION_CONTEXT('2D SPACE',''
  ) );
#7159 = ORIENTED_EDGE('',*,*,#7160,.F.);
#7160 = EDGE_CURVE('',#2166,#7133,#7161,.T.);
#7161 = SURFACE_CURVE('',#7162,(#7166,#7173),.PCURVE_S1.);
#7162 = LINE('',#7163,#7164);
#7163 = CARTESIAN_POINT('',(-52.,57.,494.));
#7164 = VECTOR('',#7165,1.);
#7165 = DIRECTION('',(1.,0.,0.));
#7166 = PCURVE('',#1710,#7167);
#7167 = DEFINITIONAL_REPRESENTATION('',(#7168),#7172);
#7168 = LINE('',#7169,#7170);
#7169 = CARTESIAN_POINT('',(0.,119.));
#7170 = VECTOR('',#7171,1.);
#7171 = DIRECTION('',(1.,0.));
#7172 = ( GEOMETRIC_REPRESENTATION_CONTEXT(2) 
PARAMETRIC_REPRESENTATION_CONTEXT() REPRESENTATION_CONTEXT('2D SPACE',''
  ) );
#7173 = PCURVE('',#2204,#7174);
#7174 = DEFINITIONAL_REPRESENTATION('',(#7175),#7179);
#7175 = LINE('',#7176,#7177);
#7176 = CARTESIAN_POINT('',(24.,0.));
#7177 = VECTOR('',#7178,1.);
#7178 = DIRECTION('',(0.,1.));
#7179 = ( GEOMETRIC_REPRESENTATION_CONTEXT(2) 
PARAMETRIC_REPRESENTATION_CONTEXT() REPRESENTATION_CONTEXT('2D SPACE',''
  ) );
#7180 = ORIENTED_EDGE('',*,*,#2165,.F.);
#7181 = ORIENTED_EDGE('',*,*,#7182,.F.);
#7182 = EDGE_CURVE('',#1959,#2145,#7183,.T.);
#7183 = SURFACE_CURVE('',#7184,(#7188,#7195),.PCURVE_S1.);
#7184 = LINE('',#7185,#7186);
#7185 = CARTESIAN_POINT('',(-52.,57.,494.));
#7186 = VECTOR('',#7187,1.);
#7187 = DIRECTION('',(1.,0.,0.));
#7188 = PCURVE('',#1710,#7189);
#7189 = DEFINITIONAL_REPRESENTATION('',(#7190),#7194);
#7190 = LINE('',#7191,#7192);
#7191 = CARTESIAN_POINT('',(0.,119.));
#7192 = VECTOR('',#7193,1.);
#7193 = DIRECTION('',(1.,0.));
#7194 = ( GEOMETRIC_REPRESENTATION_CONTEXT(2) 
PARAMETRIC_REPRESENTATION_CONTEXT() REPRESENTATION_CONTEXT('2D SPACE',''
  ) );
#7195 = PCURVE('',#1997,#7196);
#7196 = DEFINITIONAL_REPRESENTATION('',(#7197),#7201);
#7197 = LINE('',#7198,#7199);
#7198 = CARTESIAN_POINT('',(24.,0.));
#7199 = VECTOR('',#7200,1.);
#7200 = DIRECTION('',(0.,1.));
#7201 = ( GEOMETRIC_REPRESENTATION_CONTEXT(2) 
PARAMETRIC_REPRESENTATION_CONTEXT() REPRESENTATION_CONTEXT('2D SPACE',''
  ) );
#7202 = ORIENTED_EDGE('',*,*,#1958,.F.);
#7203 = FACE_BOUND('',#7204,.F.);
#7204 = EDGE_LOOP('',(#7205));
#7205 = ORIENTED_EDGE('',*,*,#1695,.F.);
#7206 = FACE_BOUND('',#7207,.F.);
#7207 = EDGE_LOOP('',(#7208));
#7208 = ORIENTED_EDGE('',*,*,#1750,.F.);
#7209 = FACE_BOUND('',#7210,.F.);
#7210 = EDGE_LOOP('',(#7211));
#7211 = ORIENTED_EDGE('',*,*,#1850,.F.);
#7212 = FACE_BOUND('',#7213,.F.);
#7213 = EDGE_LOOP('',(#7214));
#7214 = ORIENTED_EDGE('',*,*,#1800,.F.);
#7215 = FACE_BOUND('',#7216,.F.);
#7216 = EDGE_LOOP('',(#7217));
#7217 = ORIENTED_EDGE('',*,*,#2062,.F.);
#7218 = ADVANCED_FACE('',(#7219,#7222),#1916,.F.);
#7219 = FACE_BOUND('',#7220,.F.);
#7220 = EDGE_LOOP('',(#7221));
#7221 = ORIENTED_EDGE('',*,*,#5285,.T.);
#7222 = FACE_BOUND('',#7223,.F.);
#7223 = EDGE_LOOP('',(#7224));
#7224 = ORIENTED_EDGE('',*,*,#1901,.F.);
#7225 = ADVANCED_FACE('',(#7226),#1947,.F.);
#7226 = FACE_BOUND('',#7227,.F.);
#7227 = EDGE_LOOP('',(#7228,#7251,#7272,#7273));
#7228 = ORIENTED_EDGE('',*,*,#7229,.F.);
#7229 = EDGE_CURVE('',#7230,#1931,#7232,.T.);
#7230 = VERTEX_POINT('',#7231);
#7231 = CARTESIAN_POINT('',(-52.,57.,470.));
#7232 = SURFACE_CURVE('',#7233,(#7237,#7244),.PCURVE_S1.);
#7233 = LINE('',#7234,#7235);
#7234 = CARTESIAN_POINT('',(-52.,57.,470.));
#7235 = VECTOR('',#7236,1.);
#7236 = DIRECTION('',(1.,0.,0.));
#7237 = PCURVE('',#1947,#7238);
#7238 = DEFINITIONAL_REPRESENTATION('',(#7239),#7243);
#7239 = LINE('',#7240,#7241);
#7240 = CARTESIAN_POINT('',(0.,0.));
#7241 = VECTOR('',#7242,1.);
#7242 = DIRECTION('',(0.,1.));
#7243 = ( GEOMETRIC_REPRESENTATION_CONTEXT(2) 
PARAMETRIC_REPRESENTATION_CONTEXT() REPRESENTATION_CONTEXT('2D SPACE',''
  ) );
#7244 = PCURVE('',#2023,#7245);
#7245 = DEFINITIONAL_REPRESENTATION('',(#7246),#7250);
#7246 = LINE('',#7247,#7248);
#7247 = CARTESIAN_POINT('',(0.,119.));
#7248 = VECTOR('',#7249,1.);
#7249 = DIRECTION('',(1.,0.));
#7250 = ( GEOMETRIC_REPRESENTATION_CONTEXT(2) 
PARAMETRIC_REPRESENTATION_CONTEXT() REPRESENTATION_CONTEXT('2D SPACE',''
  ) );
#7251 = ORIENTED_EDGE('',*,*,#7252,.T.);
#7252 = EDGE_CURVE('',#7230,#7054,#7253,.T.);
#7253 = SURFACE_CURVE('',#7254,(#7258,#7265),.PCURVE_S1.);
#7254 = LINE('',#7255,#7256);
#7255 = CARTESIAN_POINT('',(-52.,57.,470.));
#7256 = VECTOR('',#7257,1.);
#7257 = DIRECTION('',(0.,0.,1.));
#7258 = PCURVE('',#1947,#7259);
#7259 = DEFINITIONAL_REPRESENTATION('',(#7260),#7264);
#7260 = LINE('',#7261,#7262);
#7261 = CARTESIAN_POINT('',(0.,0.));
#7262 = VECTOR('',#7263,1.);
#7263 = DIRECTION('',(1.,0.));
#7264 = ( GEOMETRIC_REPRESENTATION_CONTEXT(2) 
PARAMETRIC_REPRESENTATION_CONTEXT() REPRESENTATION_CONTEXT('2D SPACE',''
  ) );
#7265 = PCURVE('',#7092,#7266);
#7266 = DEFINITIONAL_REPRESENTATION('',(#7267),#7271);
#7267 = LINE('',#7268,#7269);
#7268 = CARTESIAN_POINT('',(0.,-119.));
#7269 = VECTOR('',#7270,1.);
#7270 = DIRECTION('',(1.,0.));
#7271 = ( GEOMETRIC_REPRESENTATION_CONTEXT(2) 
PARAMETRIC_REPRESENTATION_CONTEXT() REPRESENTATION_CONTEXT('2D SPACE',''
  ) );
#7272 = ORIENTED_EDGE('',*,*,#7053,.T.);
#7273 = ORIENTED_EDGE('',*,*,#1930,.F.);
#7274 = ADVANCED_FACE('',(#7275,#7391,#7492,#7523,#7624,#7655,#7686,
    #7787,#7813,#7914,#7920,#8021,#8122),#2023,.T.);
#7275 = FACE_BOUND('',#7276,.T.);
#7276 = EDGE_LOOP('',(#7277,#7278,#7301,#7324,#7347,#7368,#7369,#7390));
#7277 = ORIENTED_EDGE('',*,*,#7229,.F.);
#7278 = ORIENTED_EDGE('',*,*,#7279,.F.);
#7279 = EDGE_CURVE('',#7280,#7230,#7282,.T.);
#7280 = VERTEX_POINT('',#7281);
#7281 = CARTESIAN_POINT('',(-52.,-62.,470.));
#7282 = SURFACE_CURVE('',#7283,(#7287,#7294),.PCURVE_S1.);
#7283 = LINE('',#7284,#7285);
#7284 = CARTESIAN_POINT('',(-52.,-62.,470.));
#7285 = VECTOR('',#7286,1.);
#7286 = DIRECTION('',(0.,1.,0.));
#7287 = PCURVE('',#2023,#7288);
#7288 = DEFINITIONAL_REPRESENTATION('',(#7289),#7293);
#7289 = LINE('',#7290,#7291);
#7290 = CARTESIAN_POINT('',(0.,0.));
#7291 = VECTOR('',#7292,1.);
#7292 = DIRECTION('',(0.,1.));
#7293 = ( GEOMETRIC_REPRESENTATION_CONTEXT(2) 
PARAMETRIC_REPRESENTATION_CONTEXT() REPRESENTATION_CONTEXT('2D SPACE',''
  ) );
#7294 = PCURVE('',#7092,#7295);
#7295 = DEFINITIONAL_REPRESENTATION('',(#7296),#7300);
#7296 = LINE('',#7297,#7298);
#7297 = CARTESIAN_POINT('',(0.,0.));
#7298 = VECTOR('',#7299,1.);
#7299 = DIRECTION('',(0.,-1.));
#7300 = ( GEOMETRIC_REPRESENTATION_CONTEXT(2) 
PARAMETRIC_REPRESENTATION_CONTEXT() REPRESENTATION_CONTEXT('2D SPACE',''
  ) );
#7301 = ORIENTED_EDGE('',*,*,#7302,.T.);
#7302 = EDGE_CURVE('',#7280,#7303,#7305,.T.);
#7303 = VERTEX_POINT('',#7304);
#7304 = CARTESIAN_POINT('',(52.,-62.,470.));
#7305 = SURFACE_CURVE('',#7306,(#7310,#7317),.PCURVE_S1.);
#7306 = LINE('',#7307,#7308);
#7307 = CARTESIAN_POINT('',(-52.,-62.,470.));
#7308 = VECTOR('',#7309,1.);
#7309 = DIRECTION('',(1.,0.,0.));
#7310 = PCURVE('',#2023,#7311);
#7311 = DEFINITIONAL_REPRESENTATION('',(#7312),#7316);
#7312 = LINE('',#7313,#7314);
#7313 = CARTESIAN_POINT('',(0.,0.));
#7314 = VECTOR('',#7315,1.);
#7315 = DIRECTION('',(1.,0.));
#7316 = ( GEOMETRIC_REPRESENTATION_CONTEXT(2) 
PARAMETRIC_REPRESENTATION_CONTEXT() REPRESENTATION_CONTEXT('2D SPACE',''
  ) );
#7317 = PCURVE('',#7120,#7318);
#7318 = DEFINITIONAL_REPRESENTATION('',(#7319),#7323);
#7319 = LINE('',#7320,#7321);
#7320 = CARTESIAN_POINT('',(0.,0.));
#7321 = VECTOR('',#7322,1.);
#7322 = DIRECTION('',(0.,1.));
#7323 = ( GEOMETRIC_REPRESENTATION_CONTEXT(2) 
PARAMETRIC_REPRESENTATION_CONTEXT() REPRESENTATION_CONTEXT('2D SPACE',''
  ) );
#7324 = ORIENTED_EDGE('',*,*,#7325,.T.);
#7325 = EDGE_CURVE('',#7303,#7326,#7328,.T.);
#7326 = VERTEX_POINT('',#7327);
#7327 = CARTESIAN_POINT('',(52.,57.,470.));
#7328 = SURFACE_CURVE('',#7329,(#7333,#7340),.PCURVE_S1.);
#7329 = LINE('',#7330,#7331);
#7330 = CARTESIAN_POINT('',(52.,-62.,470.));
#7331 = VECTOR('',#7332,1.);
#7332 = DIRECTION('',(0.,1.,0.));
#7333 = PCURVE('',#2023,#7334);
#7334 = DEFINITIONAL_REPRESENTATION('',(#7335),#7339);
#7335 = LINE('',#7336,#7337);
#7336 = CARTESIAN_POINT('',(104.,0.));
#7337 = VECTOR('',#7338,1.);
#7338 = DIRECTION('',(0.,1.));
#7339 = ( GEOMETRIC_REPRESENTATION_CONTEXT(2) 
PARAMETRIC_REPRESENTATION_CONTEXT() REPRESENTATION_CONTEXT('2D SPACE',''
  ) );
#7340 = PCURVE('',#7148,#7341);
#7341 = DEFINITIONAL_REPRESENTATION('',(#7342),#7346);
#7342 = LINE('',#7343,#7344);
#7343 = CARTESIAN_POINT('',(0.,0.));
#7344 = VECTOR('',#7345,1.);
#7345 = DIRECTION('',(0.,-1.));
#7346 = ( GEOMETRIC_REPRESENTATION_CONTEXT(2) 
PARAMETRIC_REPRESENTATION_CONTEXT() REPRESENTATION_CONTEXT('2D SPACE',''
  ) );
#7347 = ORIENTED_EDGE('',*,*,#7348,.F.);
#7348 = EDGE_CURVE('',#2190,#7326,#7349,.T.);
#7349 = SURFACE_CURVE('',#7350,(#7354,#7361),.PCURVE_S1.);
#7350 = LINE('',#7351,#7352);
#7351 = CARTESIAN_POINT('',(-52.,57.,470.));
#7352 = VECTOR('',#7353,1.);
#7353 = DIRECTION('',(1.,0.,0.));
#7354 = PCURVE('',#2023,#7355);
#7355 = DEFINITIONAL_REPRESENTATION('',(#7356),#7360);
#7356 = LINE('',#7357,#7358);
#7357 = CARTESIAN_POINT('',(0.,119.));
#7358 = VECTOR('',#7359,1.);
#7359 = DIRECTION('',(1.,0.));
#7360 = ( GEOMETRIC_REPRESENTATION_CONTEXT(2) 
PARAMETRIC_REPRESENTATION_CONTEXT() REPRESENTATION_CONTEXT('2D SPACE',''
  ) );
#7361 = PCURVE('',#2204,#7362);
#7362 = DEFINITIONAL_REPRESENTATION('',(#7363),#7367);
#7363 = LINE('',#7364,#7365);
#7364 = CARTESIAN_POINT('',(0.,0.));
#7365 = VECTOR('',#7366,1.);
#7366 = DIRECTION('',(0.,1.));
#7367 = ( GEOMETRIC_REPRESENTATION_CONTEXT(2) 
PARAMETRIC_REPRESENTATION_CONTEXT() REPRESENTATION_CONTEXT('2D SPACE',''
  ) );
#7368 = ORIENTED_EDGE('',*,*,#2215,.F.);
#7369 = ORIENTED_EDGE('',*,*,#7370,.F.);
#7370 = EDGE_CURVE('',#1983,#2143,#7371,.T.);
#7371 = SURFACE_CURVE('',#7372,(#7376,#7383),.PCURVE_S1.);
#7372 = LINE('',#7373,#7374);
#7373 = CARTESIAN_POINT('',(-52.,57.,470.));
#7374 = VECTOR('',#7375,1.);
#7375 = DIRECTION('',(1.,0.,0.));
#7376 = PCURVE('',#2023,#7377);
#7377 = DEFINITIONAL_REPRESENTATION('',(#7378),#7382);
#7378 = LINE('',#7379,#7380);
#7379 = CARTESIAN_POINT('',(0.,119.));
#7380 = VECTOR('',#7381,1.);
#7381 = DIRECTION('',(1.,0.));
#7382 = ( GEOMETRIC_REPRESENTATION_CONTEXT(2) 
PARAMETRIC_REPRESENTATION_CONTEXT() REPRESENTATION_CONTEXT('2D SPACE',''
  ) );
#7383 = PCURVE('',#1997,#7384);
#7384 = DEFINITIONAL_REPRESENTATION('',(#7385),#7389);
#7385 = LINE('',#7386,#7387);
#7386 = CARTESIAN_POINT('',(0.,0.));
#7387 = VECTOR('',#7388,1.);
#7388 = DIRECTION('',(0.,1.));
#7389 = ( GEOMETRIC_REPRESENTATION_CONTEXT(2) 
PARAMETRIC_REPRESENTATION_CONTEXT() REPRESENTATION_CONTEXT('2D SPACE',''
  ) );
#7390 = ORIENTED_EDGE('',*,*,#2008,.F.);
#7391 = FACE_BOUND('',#7392,.T.);
#7392 = EDGE_LOOP('',(#7393,#7421,#7447,#7473));
#7393 = ORIENTED_EDGE('',*,*,#7394,.T.);
#7394 = EDGE_CURVE('',#7395,#7397,#7399,.T.);
#7395 = VERTEX_POINT('',#7396);
#7396 = CARTESIAN_POINT('',(-25.61348469807,-23.63614314404,470.));
#7397 = VERTEX_POINT('',#7398);
#7398 = CARTESIAN_POINT('',(-25.21398501096,-24.32809689972,470.));
#7399 = SURFACE_CURVE('',#7400,(#7404,#7410),.PCURVE_S1.);
#7400 = LINE('',#7401,#7402);
#7401 = CARTESIAN_POINT('',(-20.50590553293,-32.48272976174,470.));
#7402 = VECTOR('',#7403,1.);
#7403 = DIRECTION('',(0.5,-0.866025403784,0.));
#7404 = PCURVE('',#2023,#7405);
#7405 = DEFINITIONAL_REPRESENTATION('',(#7406),#7409);
#7406 = B_SPLINE_CURVE_WITH_KNOTS('',1,(#7407,#7408),.UNSPECIFIED.,.F.,
  .F.,(2,2),(-13.81565864316,-5.815658643168),.PIECEWISE_BEZIER_KNOTS.);
#7407 = CARTESIAN_POINT('',(24.586265145478,41.481981593253));
#7408 = CARTESIAN_POINT('',(28.586265145478,34.553778362978));
#7409 = ( GEOMETRIC_REPRESENTATION_CONTEXT(2) 
PARAMETRIC_REPRESENTATION_CONTEXT() REPRESENTATION_CONTEXT('2D SPACE',''
  ) );
#7410 = PCURVE('',#7411,#7416);
#7411 = PLANE('',#7412);
#7412 = AXIS2_PLACEMENT_3D('',#7413,#7414,#7415);
#7413 = CARTESIAN_POINT('',(-25.41373485452,-23.98212002188,466.02));
#7414 = DIRECTION('',(-0.866025403784,-0.5,0.));
#7415 = DIRECTION('',(0.5,-0.866025403784,0.));
#7416 = DEFINITIONAL_REPRESENTATION('',(#7417),#7420);
#7417 = B_SPLINE_CURVE_WITH_KNOTS('',1,(#7418,#7419),.UNSPECIFIED.,.F.,
  .F.,(2,2),(-13.81565864316,-5.815658643168),.PIECEWISE_BEZIER_KNOTS.);
#7418 = CARTESIAN_POINT('',(-4.,3.98));
#7419 = CARTESIAN_POINT('',(4.,3.98));
#7420 = ( GEOMETRIC_REPRESENTATION_CONTEXT(2) 
PARAMETRIC_REPRESENTATION_CONTEXT() REPRESENTATION_CONTEXT('2D SPACE',''
  ) );
#7421 = ORIENTED_EDGE('',*,*,#7422,.T.);
#7422 = EDGE_CURVE('',#7397,#7423,#7425,.T.);
#7423 = VERTEX_POINT('',#7424);
#7424 = CARTESIAN_POINT('',(-35.60628985638,-30.32809689972,470.));
#7425 = SURFACE_CURVE('',#7426,(#7430,#7436),.PCURVE_S1.);
#7426 = LINE('',#7427,#7428);
#7427 = CARTESIAN_POINT('',(-25.21398501096,-24.32809689972,470.));
#7428 = VECTOR('',#7429,1.);
#7429 = DIRECTION('',(-0.866025403784,-0.5,0.));
#7430 = PCURVE('',#2023,#7431);
#7431 = DEFINITIONAL_REPRESENTATION('',(#7432),#7435);
#7432 = B_SPLINE_CURVE_WITH_KNOTS('',1,(#7433,#7434),.UNSPECIFIED.,.F.,
  .F.,(2,2),(-6.000000023868E-07,12.0000006),.PIECEWISE_BEZIER_KNOTS.);
#7433 = CARTESIAN_POINT('',(26.786015508648,37.671903400276));
#7434 = CARTESIAN_POINT('',(16.393709624004,31.671902800276));
#7435 = ( GEOMETRIC_REPRESENTATION_CONTEXT(2) 
PARAMETRIC_REPRESENTATION_CONTEXT() REPRESENTATION_CONTEXT('2D SPACE',''
  ) );
#7436 = PCURVE('',#7437,#7442);
#7437 = CYLINDRICAL_SURFACE('',#7438,4.);
#7438 = AXIS2_PLACEMENT_3D('',#7439,#7440,#7441);
#7439 = CARTESIAN_POINT('',(-25.41373485452,-23.98212002188,466.02));
#7440 = DIRECTION('',(-0.866025403784,-0.5,0.));
#7441 = DIRECTION('',(0.5,-0.866025403784,0.));
#7442 = DEFINITIONAL_REPRESENTATION('',(#7443),#7446);
#7443 = B_SPLINE_CURVE_WITH_KNOTS('',1,(#7444,#7445),.UNSPECIFIED.,.F.,
  .F.,(2,2),(-6.000000023868E-07,12.0000006),.PIECEWISE_BEZIER_KNOTS.);
#7444 = CARTESIAN_POINT('',(1.470754613183,-6.000000017484E-07));
#7445 = CARTESIAN_POINT('',(1.470754613183,12.0000006));
#7446 = ( GEOMETRIC_REPRESENTATION_CONTEXT(2) 
PARAMETRIC_REPRESENTATION_CONTEXT() REPRESENTATION_CONTEXT('2D SPACE',''
  ) );
#7447 = ORIENTED_EDGE('',*,*,#7448,.F.);
#7448 = EDGE_CURVE('',#7449,#7423,#7451,.T.);
#7449 = VERTEX_POINT('',#7450);
#7450 = CARTESIAN_POINT('',(-36.00578954348,-29.63614314404,470.));
#7451 = SURFACE_CURVE('',#7452,(#7456,#7462),.PCURVE_S1.);
#7452 = LINE('',#7453,#7454);
#7453 = CARTESIAN_POINT('',(-30.89821037835,-38.48272976174,470.));
#7454 = VECTOR('',#7455,1.);
#7455 = DIRECTION('',(0.5,-0.866025403784,0.));
#7456 = PCURVE('',#2023,#7457);
#7457 = DEFINITIONAL_REPRESENTATION('',(#7458),#7461);
#7458 = B_SPLINE_CURVE_WITH_KNOTS('',1,(#7459,#7460),.UNSPECIFIED.,.F.,
  .F.,(2,2),(-13.81565864316,-5.815658643168),.PIECEWISE_BEZIER_KNOTS.);
#7459 = CARTESIAN_POINT('',(14.193960300065,35.481981593253));
#7460 = CARTESIAN_POINT('',(18.193960300065,28.553778362978));
#7461 = ( GEOMETRIC_REPRESENTATION_CONTEXT(2) 
PARAMETRIC_REPRESENTATION_CONTEXT() REPRESENTATION_CONTEXT('2D SPACE',''
  ) );
#7462 = PCURVE('',#7463,#7468);
#7463 = PLANE('',#7464);
#7464 = AXIS2_PLACEMENT_3D('',#7465,#7466,#7467);
#7465 = CARTESIAN_POINT('',(-35.80603969993,-29.98212002188,466.02));
#7466 = DIRECTION('',(-0.866025403784,-0.5,0.));
#7467 = DIRECTION('',(0.5,-0.866025403784,0.));
#7468 = DEFINITIONAL_REPRESENTATION('',(#7469),#7472);
#7469 = B_SPLINE_CURVE_WITH_KNOTS('',1,(#7470,#7471),.UNSPECIFIED.,.F.,
  .F.,(2,2),(-13.81565864316,-5.815658643168),.PIECEWISE_BEZIER_KNOTS.);
#7470 = CARTESIAN_POINT('',(-4.,3.98));
#7471 = CARTESIAN_POINT('',(4.,3.98));
#7472 = ( GEOMETRIC_REPRESENTATION_CONTEXT(2) 
PARAMETRIC_REPRESENTATION_CONTEXT() REPRESENTATION_CONTEXT('2D SPACE',''
  ) );
#7473 = ORIENTED_EDGE('',*,*,#7474,.F.);
#7474 = EDGE_CURVE('',#7395,#7449,#7475,.T.);
#7475 = SURFACE_CURVE('',#7476,(#7480,#7486),.PCURVE_S1.);
#7476 = LINE('',#7477,#7478);
#7477 = CARTESIAN_POINT('',(-25.61348469807,-23.63614314404,470.));
#7478 = VECTOR('',#7479,1.);
#7479 = DIRECTION('',(-0.866025403784,-0.5,0.));
#7480 = PCURVE('',#2023,#7481);
#7481 = DEFINITIONAL_REPRESENTATION('',(#7482),#7485);
#7482 = B_SPLINE_CURVE_WITH_KNOTS('',1,(#7483,#7484),.UNSPECIFIED.,.F.,
  .F.,(2,2),(-5.9999999931E-07,12.0000006),.PIECEWISE_BEZIER_KNOTS.);
#7483 = CARTESIAN_POINT('',(26.386515821539,38.363857155955));
#7484 = CARTESIAN_POINT('',(15.994209936896,32.363856555955));
#7485 = ( GEOMETRIC_REPRESENTATION_CONTEXT(2) 
PARAMETRIC_REPRESENTATION_CONTEXT() REPRESENTATION_CONTEXT('2D SPACE',''
  ) );
#7486 = PCURVE('',#2770,#7487);
#7487 = DEFINITIONAL_REPRESENTATION('',(#7488),#7491);
#7488 = B_SPLINE_CURVE_WITH_KNOTS('',1,(#7489,#7490),.UNSPECIFIED.,.F.,
  .F.,(2,2),(-5.9999999931E-07,12.0000006),.PIECEWISE_BEZIER_KNOTS.);
#7489 = CARTESIAN_POINT('',(1.670838040406,-5.999999999484E-07));
#7490 = CARTESIAN_POINT('',(1.670838040406,12.0000006));
#7491 = ( GEOMETRIC_REPRESENTATION_CONTEXT(2) 
PARAMETRIC_REPRESENTATION_CONTEXT() REPRESENTATION_CONTEXT('2D SPACE',''
  ) );
#7492 = FACE_BOUND('',#7493,.T.);
#7493 = EDGE_LOOP('',(#7494));
#7494 = ORIENTED_EDGE('',*,*,#7495,.F.);
#7495 = EDGE_CURVE('',#7496,#7496,#7498,.T.);
#7496 = VERTEX_POINT('',#7497);
#7497 = CARTESIAN_POINT('',(-9.,-34.,470.));
#7498 = SURFACE_CURVE('',#7499,(#7504,#7511),.PCURVE_S1.);
#7499 = CIRCLE('',#7500,2.);
#7500 = AXIS2_PLACEMENT_3D('',#7501,#7502,#7503);
#7501 = CARTESIAN_POINT('',(-11.,-34.,470.));
#7502 = DIRECTION('',(0.,0.,1.));
#7503 = DIRECTION('',(1.,0.,-0.));
#7504 = PCURVE('',#2023,#7505);
#7505 = DEFINITIONAL_REPRESENTATION('',(#7506),#7510);
#7506 = CIRCLE('',#7507,2.);
#7507 = AXIS2_PLACEMENT_2D('',#7508,#7509);
#7508 = CARTESIAN_POINT('',(41.,28.));
#7509 = DIRECTION('',(1.,0.));
#7510 = ( GEOMETRIC_REPRESENTATION_CONTEXT(2) 
PARAMETRIC_REPRESENTATION_CONTEXT() REPRESENTATION_CONTEXT('2D SPACE',''
  ) );
#7511 = PCURVE('',#7512,#7517);
#7512 = CYLINDRICAL_SURFACE('',#7513,2.);
#7513 = AXIS2_PLACEMENT_3D('',#7514,#7515,#7516);
#7514 = CARTESIAN_POINT('',(-11.,-34.,461.));
#7515 = DIRECTION('',(0.,0.,1.));
#7516 = DIRECTION('',(1.,0.,-0.));
#7517 = DEFINITIONAL_REPRESENTATION('',(#7518),#7522);
#7518 = LINE('',#7519,#7520);
#7519 = CARTESIAN_POINT('',(0.,9.));
#7520 = VECTOR('',#7521,1.);
#7521 = DIRECTION('',(1.,0.));
#7522 = ( GEOMETRIC_REPRESENTATION_CONTEXT(2) 
PARAMETRIC_REPRESENTATION_CONTEXT() REPRESENTATION_CONTEXT('2D SPACE',''
  ) );
#7523 = FACE_BOUND('',#7524,.T.);
#7524 = EDGE_LOOP('',(#7525,#7553,#7579,#7605));
#7525 = ORIENTED_EDGE('',*,*,#7526,.T.);
#7526 = EDGE_CURVE('',#7527,#7529,#7531,.T.);
#7527 = VERTEX_POINT('',#7528);
#7528 = CARTESIAN_POINT('',(-33.67574244637,-9.671903100276,470.));
#7529 = VERTEX_POINT('',#7530);
#7530 = CARTESIAN_POINT('',(-33.27624275926,-10.36385685595,470.));
#7531 = SURFACE_CURVE('',#7532,(#7536,#7542),.PCURVE_S1.);
#7532 = LINE('',#7533,#7534);
#7533 = CARTESIAN_POINT('',(-24.53703440708,-25.50060973986,470.));
#7534 = VECTOR('',#7535,1.);
#7535 = DIRECTION('',(0.5,-0.866025403784,0.));
#7536 = PCURVE('',#2023,#7537);
#7537 = DEFINITIONAL_REPRESENTATION('',(#7538),#7541);
#7538 = B_SPLINE_CURVE_WITH_KNOTS('',1,(#7539,#7540),.UNSPECIFIED.,.F.,
  .F.,(2,2),(-21.87791639146,-13.87791639146),.PIECEWISE_BEZIER_KNOTS.);
#7539 = CARTESIAN_POINT('',(16.52400739718,55.446221637022));
#7540 = CARTESIAN_POINT('',(20.52400739718,48.518018406747));
#7541 = ( GEOMETRIC_REPRESENTATION_CONTEXT(2) 
PARAMETRIC_REPRESENTATION_CONTEXT() REPRESENTATION_CONTEXT('2D SPACE',''
  ) );
#7542 = PCURVE('',#7543,#7548);
#7543 = PLANE('',#7544);
#7544 = AXIS2_PLACEMENT_3D('',#7545,#7546,#7547);
#7545 = CARTESIAN_POINT('',(-33.47599260282,-10.01787997811,466.02));
#7546 = DIRECTION('',(-0.866025403784,-0.5,0.));
#7547 = DIRECTION('',(0.5,-0.866025403784,0.));
#7548 = DEFINITIONAL_REPRESENTATION('',(#7549),#7552);
#7549 = B_SPLINE_CURVE_WITH_KNOTS('',1,(#7550,#7551),.UNSPECIFIED.,.F.,
  .F.,(2,2),(-21.87791639146,-13.87791639146),.PIECEWISE_BEZIER_KNOTS.);
#7550 = CARTESIAN_POINT('',(-4.,3.98));
#7551 = CARTESIAN_POINT('',(4.,3.98));
#7552 = ( GEOMETRIC_REPRESENTATION_CONTEXT(2) 
PARAMETRIC_REPRESENTATION_CONTEXT() REPRESENTATION_CONTEXT('2D SPACE',''
  ) );
#7553 = ORIENTED_EDGE('',*,*,#7554,.T.);
#7554 = EDGE_CURVE('',#7529,#7555,#7557,.T.);
#7555 = VERTEX_POINT('',#7556);
#7556 = CARTESIAN_POINT('',(-43.66854760467,-16.36385685595,470.));
#7557 = SURFACE_CURVE('',#7558,(#7562,#7568),.PCURVE_S1.);
#7558 = LINE('',#7559,#7560);
#7559 = CARTESIAN_POINT('',(-33.27624275926,-10.36385685595,470.));
#7560 = VECTOR('',#7561,1.);
#7561 = DIRECTION('',(-0.866025403784,-0.5,0.));
#7562 = PCURVE('',#2023,#7563);
#7563 = DEFINITIONAL_REPRESENTATION('',(#7564),#7567);
#7564 = B_SPLINE_CURVE_WITH_KNOTS('',1,(#7565,#7566),.UNSPECIFIED.,.F.,
  .F.,(2,2),(-5.999999984218E-07,12.0000006),.PIECEWISE_BEZIER_KNOTS.);
#7565 = CARTESIAN_POINT('',(18.723757760349,51.636143444044));
#7566 = CARTESIAN_POINT('',(8.331451875706,45.636142844044));
#7567 = ( GEOMETRIC_REPRESENTATION_CONTEXT(2) 
PARAMETRIC_REPRESENTATION_CONTEXT() REPRESENTATION_CONTEXT('2D SPACE',''
  ) );
#7568 = PCURVE('',#7569,#7574);
#7569 = CYLINDRICAL_SURFACE('',#7570,4.);
#7570 = AXIS2_PLACEMENT_3D('',#7571,#7572,#7573);
#7571 = CARTESIAN_POINT('',(-33.47599260282,-10.01787997811,466.02));
#7572 = DIRECTION('',(-0.866025403784,-0.5,0.));
#7573 = DIRECTION('',(0.5,-0.866025403784,0.));
#7574 = DEFINITIONAL_REPRESENTATION('',(#7575),#7578);
#7575 = B_SPLINE_CURVE_WITH_KNOTS('',1,(#7576,#7577),.UNSPECIFIED.,.F.,
  .F.,(2,2),(-5.999999984218E-07,12.0000006),.PIECEWISE_BEZIER_KNOTS.);
#7576 = CARTESIAN_POINT('',(1.470754613183,-6.000000008643E-07));
#7577 = CARTESIAN_POINT('',(1.470754613183,12.0000006));
#7578 = ( GEOMETRIC_REPRESENTATION_CONTEXT(2) 
PARAMETRIC_REPRESENTATION_CONTEXT() REPRESENTATION_CONTEXT('2D SPACE',''
  ) );
#7579 = ORIENTED_EDGE('',*,*,#7580,.F.);
#7580 = EDGE_CURVE('',#7581,#7555,#7583,.T.);
#7581 = VERTEX_POINT('',#7582);
#7582 = CARTESIAN_POINT('',(-44.06804729178,-15.67190310027,470.));
#7583 = SURFACE_CURVE('',#7584,(#7588,#7594),.PCURVE_S1.);
#7584 = LINE('',#7585,#7586);
#7585 = CARTESIAN_POINT('',(-34.9293392525,-31.50060973986,470.));
#7586 = VECTOR('',#7587,1.);
#7587 = DIRECTION('',(0.5,-0.866025403784,0.));
#7588 = PCURVE('',#2023,#7589);
#7589 = DEFINITIONAL_REPRESENTATION('',(#7590),#7593);
#7590 = B_SPLINE_CURVE_WITH_KNOTS('',1,(#7591,#7592),.UNSPECIFIED.,.F.,
  .F.,(2,2),(-21.87791639146,-13.87791639146),.PIECEWISE_BEZIER_KNOTS.);
#7591 = CARTESIAN_POINT('',(6.131702551767,49.446221637022));
#7592 = CARTESIAN_POINT('',(10.131702551767,42.518018406747));
#7593 = ( GEOMETRIC_REPRESENTATION_CONTEXT(2) 
PARAMETRIC_REPRESENTATION_CONTEXT() REPRESENTATION_CONTEXT('2D SPACE',''
  ) );
#7594 = PCURVE('',#7595,#7600);
#7595 = PLANE('',#7596);
#7596 = AXIS2_PLACEMENT_3D('',#7597,#7598,#7599);
#7597 = CARTESIAN_POINT('',(-43.86829744823,-16.01787997811,466.02));
#7598 = DIRECTION('',(-0.866025403784,-0.5,0.));
#7599 = DIRECTION('',(0.5,-0.866025403784,0.));
#7600 = DEFINITIONAL_REPRESENTATION('',(#7601),#7604);
#7601 = B_SPLINE_CURVE_WITH_KNOTS('',1,(#7602,#7603),.UNSPECIFIED.,.F.,
  .F.,(2,2),(-21.87791639146,-13.87791639146),.PIECEWISE_BEZIER_KNOTS.);
#7602 = CARTESIAN_POINT('',(-4.,3.98));
#7603 = CARTESIAN_POINT('',(4.,3.98));
#7604 = ( GEOMETRIC_REPRESENTATION_CONTEXT(2) 
PARAMETRIC_REPRESENTATION_CONTEXT() REPRESENTATION_CONTEXT('2D SPACE',''
  ) );
#7605 = ORIENTED_EDGE('',*,*,#7606,.F.);
#7606 = EDGE_CURVE('',#7527,#7581,#7607,.T.);
#7607 = SURFACE_CURVE('',#7608,(#7612,#7618),.PCURVE_S1.);
#7608 = LINE('',#7609,#7610);
#7609 = CARTESIAN_POINT('',(-33.67574244637,-9.671903100276,470.));
#7610 = VECTOR('',#7611,1.);
#7611 = DIRECTION('',(-0.866025403784,-0.5,0.));
#7612 = PCURVE('',#2023,#7613);
#7613 = DEFINITIONAL_REPRESENTATION('',(#7614),#7617);
#7614 = B_SPLINE_CURVE_WITH_KNOTS('',1,(#7615,#7616),.UNSPECIFIED.,.F.,
  .F.,(2,2),(-5.9999999931E-07,12.0000006),.PIECEWISE_BEZIER_KNOTS.);
#7615 = CARTESIAN_POINT('',(18.324258073241,52.328097199724));
#7616 = CARTESIAN_POINT('',(7.931952188597,46.328096599724));
#7617 = ( GEOMETRIC_REPRESENTATION_CONTEXT(2) 
PARAMETRIC_REPRESENTATION_CONTEXT() REPRESENTATION_CONTEXT('2D SPACE',''
  ) );
#7618 = PCURVE('',#3385,#7619);
#7619 = DEFINITIONAL_REPRESENTATION('',(#7620),#7623);
#7620 = B_SPLINE_CURVE_WITH_KNOTS('',1,(#7621,#7622),.UNSPECIFIED.,.F.,
  .F.,(2,2),(-5.9999999931E-07,12.0000006),.PIECEWISE_BEZIER_KNOTS.);
#7621 = CARTESIAN_POINT('',(1.670838040406,-5.999999968675E-07));
#7622 = CARTESIAN_POINT('',(1.670838040406,12.0000006));
#7623 = ( GEOMETRIC_REPRESENTATION_CONTEXT(2) 
PARAMETRIC_REPRESENTATION_CONTEXT() REPRESENTATION_CONTEXT('2D SPACE',''
  ) );
#7624 = FACE_BOUND('',#7625,.T.);
#7625 = EDGE_LOOP('',(#7626));
#7626 = ORIENTED_EDGE('',*,*,#7627,.F.);
#7627 = EDGE_CURVE('',#7628,#7628,#7630,.T.);
#7628 = VERTEX_POINT('',#7629);
#7629 = CARTESIAN_POINT('',(3.,-36.,470.));
#7630 = SURFACE_CURVE('',#7631,(#7636,#7643),.PCURVE_S1.);
#7631 = CIRCLE('',#7632,3.);
#7632 = AXIS2_PLACEMENT_3D('',#7633,#7634,#7635);
#7633 = CARTESIAN_POINT('',(0.,-36.,470.));
#7634 = DIRECTION('',(0.,0.,1.));
#7635 = DIRECTION('',(1.,0.,-0.));
#7636 = PCURVE('',#2023,#7637);
#7637 = DEFINITIONAL_REPRESENTATION('',(#7638),#7642);
#7638 = CIRCLE('',#7639,3.);
#7639 = AXIS2_PLACEMENT_2D('',#7640,#7641);
#7640 = CARTESIAN_POINT('',(52.,26.));
#7641 = DIRECTION('',(1.,0.));
#7642 = ( GEOMETRIC_REPRESENTATION_CONTEXT(2) 
PARAMETRIC_REPRESENTATION_CONTEXT() REPRESENTATION_CONTEXT('2D SPACE',''
  ) );
#7643 = PCURVE('',#7644,#7649);
#7644 = CYLINDRICAL_SURFACE('',#7645,3.);
#7645 = AXIS2_PLACEMENT_3D('',#7646,#7647,#7648);
#7646 = CARTESIAN_POINT('',(0.,-36.,461.));
#7647 = DIRECTION('',(0.,0.,1.));
#7648 = DIRECTION('',(1.,0.,-0.));
#7649 = DEFINITIONAL_REPRESENTATION('',(#7650),#7654);
#7650 = LINE('',#7651,#7652);
#7651 = CARTESIAN_POINT('',(0.,9.));
#7652 = VECTOR('',#7653,1.);
#7653 = DIRECTION('',(1.,0.));
#7654 = ( GEOMETRIC_REPRESENTATION_CONTEXT(2) 
PARAMETRIC_REPRESENTATION_CONTEXT() REPRESENTATION_CONTEXT('2D SPACE',''
  ) );
#7655 = FACE_BOUND('',#7656,.T.);
#7656 = EDGE_LOOP('',(#7657));
#7657 = ORIENTED_EDGE('',*,*,#7658,.F.);
#7658 = EDGE_CURVE('',#7659,#7659,#7661,.T.);
#7659 = VERTEX_POINT('',#7660);
#7660 = CARTESIAN_POINT('',(13.,-34.,470.));
#7661 = SURFACE_CURVE('',#7662,(#7667,#7674),.PCURVE_S1.);
#7662 = CIRCLE('',#7663,2.);
#7663 = AXIS2_PLACEMENT_3D('',#7664,#7665,#7666);
#7664 = CARTESIAN_POINT('',(11.,-34.,470.));
#7665 = DIRECTION('',(0.,0.,1.));
#7666 = DIRECTION('',(1.,0.,-0.));
#7667 = PCURVE('',#2023,#7668);
#7668 = DEFINITIONAL_REPRESENTATION('',(#7669),#7673);
#7669 = CIRCLE('',#7670,2.);
#7670 = AXIS2_PLACEMENT_2D('',#7671,#7672);
#7671 = CARTESIAN_POINT('',(63.,28.));
#7672 = DIRECTION('',(1.,0.));
#7673 = ( GEOMETRIC_REPRESENTATION_CONTEXT(2) 
PARAMETRIC_REPRESENTATION_CONTEXT() REPRESENTATION_CONTEXT('2D SPACE',''
  ) );
#7674 = PCURVE('',#7675,#7680);
#7675 = CYLINDRICAL_SURFACE('',#7676,2.);
#7676 = AXIS2_PLACEMENT_3D('',#7677,#7678,#7679);
#7677 = CARTESIAN_POINT('',(11.,-34.,461.));
#7678 = DIRECTION('',(0.,0.,1.));
#7679 = DIRECTION('',(1.,0.,-0.));
#7680 = DEFINITIONAL_REPRESENTATION('',(#7681),#7685);
#7681 = LINE('',#7682,#7683);
#7682 = CARTESIAN_POINT('',(0.,9.));
#7683 = VECTOR('',#7684,1.);
#7684 = DIRECTION('',(1.,0.));
#7685 = ( GEOMETRIC_REPRESENTATION_CONTEXT(2) 
PARAMETRIC_REPRESENTATION_CONTEXT() REPRESENTATION_CONTEXT('2D SPACE',''
  ) );
#7686 = FACE_BOUND('',#7687,.T.);
#7687 = EDGE_LOOP('',(#7688,#7716,#7742,#7768));
#7688 = ORIENTED_EDGE('',*,*,#7689,.T.);
#7689 = EDGE_CURVE('',#7690,#7692,#7694,.T.);
#7690 = VERTEX_POINT('',#7691);
#7691 = CARTESIAN_POINT('',(25.213985010967,-24.32809689972,470.));
#7692 = VERTEX_POINT('',#7693);
#7693 = CARTESIAN_POINT('',(25.613484698076,-23.63614314404,470.));
#7694 = SURFACE_CURVE('',#7695,(#7699,#7705),.PCURVE_S1.);
#7695 = LINE('',#7696,#7697);
#7696 = CARTESIAN_POINT('',(7.505905532937,-54.99939026014,470.));
#7697 = VECTOR('',#7698,1.);
#7698 = DIRECTION('',(0.5,0.866025403784,-0.));
#7699 = PCURVE('',#2023,#7700);
#7700 = DEFINITIONAL_REPRESENTATION('',(#7701),#7704);
#7701 = B_SPLINE_CURVE_WITH_KNOTS('',1,(#7702,#7703),.UNSPECIFIED.,.F.,
  .F.,(2,2),(31.815658643168,39.815658643168),.PIECEWISE_BEZIER_KNOTS.);
#7702 = CARTESIAN_POINT('',(75.413734854522,34.553778362978));
#7703 = CARTESIAN_POINT('',(79.413734854522,41.481981593253));
#7704 = ( GEOMETRIC_REPRESENTATION_CONTEXT(2) 
PARAMETRIC_REPRESENTATION_CONTEXT() REPRESENTATION_CONTEXT('2D SPACE',''
  ) );
#7705 = PCURVE('',#7706,#7711);
#7706 = PLANE('',#7707);
#7707 = AXIS2_PLACEMENT_3D('',#7708,#7709,#7710);
#7708 = CARTESIAN_POINT('',(25.413734854522,-23.98212002188,466.02));
#7709 = DIRECTION('',(0.866025403784,-0.5,0.));
#7710 = DIRECTION('',(0.5,0.866025403784,0.));
#7711 = DEFINITIONAL_REPRESENTATION('',(#7712),#7715);
#7712 = B_SPLINE_CURVE_WITH_KNOTS('',1,(#7713,#7714),.UNSPECIFIED.,.F.,
  .F.,(2,2),(31.815658643168,39.815658643168),.PIECEWISE_BEZIER_KNOTS.);
#7713 = CARTESIAN_POINT('',(-4.,3.98));
#7714 = CARTESIAN_POINT('',(4.,3.98));
#7715 = ( GEOMETRIC_REPRESENTATION_CONTEXT(2) 
PARAMETRIC_REPRESENTATION_CONTEXT() REPRESENTATION_CONTEXT('2D SPACE',''
  ) );
#7716 = ORIENTED_EDGE('',*,*,#7717,.T.);
#7717 = EDGE_CURVE('',#7692,#7718,#7720,.T.);
#7718 = VERTEX_POINT('',#7719);
#7719 = CARTESIAN_POINT('',(36.005789543489,-29.63614314404,470.));
#7720 = SURFACE_CURVE('',#7721,(#7725,#7731),.PCURVE_S1.);
#7721 = LINE('',#7722,#7723);
#7722 = CARTESIAN_POINT('',(25.613484698076,-23.63614314404,470.));
#7723 = VECTOR('',#7724,1.);
#7724 = DIRECTION('',(0.866025403784,-0.5,0.));
#7725 = PCURVE('',#2023,#7726);
#7726 = DEFINITIONAL_REPRESENTATION('',(#7727),#7730);
#7727 = B_SPLINE_CURVE_WITH_KNOTS('',1,(#7728,#7729),.UNSPECIFIED.,.F.,
  .F.,(2,2),(-5.9999999931E-07,12.0000006),.PIECEWISE_BEZIER_KNOTS.);
#7728 = CARTESIAN_POINT('',(77.613484178461,38.363857155955));
#7729 = CARTESIAN_POINT('',(88.005790063104,32.363856555955));
#7730 = ( GEOMETRIC_REPRESENTATION_CONTEXT(2) 
PARAMETRIC_REPRESENTATION_CONTEXT() REPRESENTATION_CONTEXT('2D SPACE',''
  ) );
#7731 = PCURVE('',#7732,#7737);
#7732 = CYLINDRICAL_SURFACE('',#7733,4.);
#7733 = AXIS2_PLACEMENT_3D('',#7734,#7735,#7736);
#7734 = CARTESIAN_POINT('',(25.413734854522,-23.98212002188,466.02));
#7735 = DIRECTION('',(0.866025403784,-0.5,0.));
#7736 = DIRECTION('',(0.5,0.866025403784,0.));
#7737 = DEFINITIONAL_REPRESENTATION('',(#7738),#7741);
#7738 = B_SPLINE_CURVE_WITH_KNOTS('',1,(#7739,#7740),.UNSPECIFIED.,.F.,
  .F.,(2,2),(-5.9999999931E-07,12.0000006),.PIECEWISE_BEZIER_KNOTS.);
#7739 = CARTESIAN_POINT('',(1.470754613183,-6.000000001149E-07));
#7740 = CARTESIAN_POINT('',(1.470754613183,12.0000006));
#7741 = ( GEOMETRIC_REPRESENTATION_CONTEXT(2) 
PARAMETRIC_REPRESENTATION_CONTEXT() REPRESENTATION_CONTEXT('2D SPACE',''
  ) );
#7742 = ORIENTED_EDGE('',*,*,#7743,.F.);
#7743 = EDGE_CURVE('',#7744,#7718,#7746,.T.);
#7744 = VERTEX_POINT('',#7745);
#7745 = CARTESIAN_POINT('',(35.606289856381,-30.32809689972,470.));
#7746 = SURFACE_CURVE('',#7747,(#7751,#7757),.PCURVE_S1.);
#7747 = LINE('',#7748,#7749);
#7748 = CARTESIAN_POINT('',(17.898210378351,-60.99939026014,470.));
#7749 = VECTOR('',#7750,1.);
#7750 = DIRECTION('',(0.5,0.866025403784,-0.));
#7751 = PCURVE('',#2023,#7752);
#7752 = DEFINITIONAL_REPRESENTATION('',(#7753),#7756);
#7753 = B_SPLINE_CURVE_WITH_KNOTS('',1,(#7754,#7755),.UNSPECIFIED.,.F.,
  .F.,(2,2),(31.815658643168,39.815658643168),.PIECEWISE_BEZIER_KNOTS.);
#7754 = CARTESIAN_POINT('',(85.806039699935,28.553778362978));
#7755 = CARTESIAN_POINT('',(89.806039699935,35.481981593253));
#7756 = ( GEOMETRIC_REPRESENTATION_CONTEXT(2) 
PARAMETRIC_REPRESENTATION_CONTEXT() REPRESENTATION_CONTEXT('2D SPACE',''
  ) );
#7757 = PCURVE('',#7758,#7763);
#7758 = PLANE('',#7759);
#7759 = AXIS2_PLACEMENT_3D('',#7760,#7761,#7762);
#7760 = CARTESIAN_POINT('',(35.806039699935,-29.98212002188,466.02));
#7761 = DIRECTION('',(0.866025403784,-0.5,0.));
#7762 = DIRECTION('',(0.5,0.866025403784,0.));
#7763 = DEFINITIONAL_REPRESENTATION('',(#7764),#7767);
#7764 = B_SPLINE_CURVE_WITH_KNOTS('',1,(#7765,#7766),.UNSPECIFIED.,.F.,
  .F.,(2,2),(31.815658643168,39.815658643168),.PIECEWISE_BEZIER_KNOTS.);
#7765 = CARTESIAN_POINT('',(-4.,3.98));
#7766 = CARTESIAN_POINT('',(4.,3.98));
#7767 = ( GEOMETRIC_REPRESENTATION_CONTEXT(2) 
PARAMETRIC_REPRESENTATION_CONTEXT() REPRESENTATION_CONTEXT('2D SPACE',''
  ) );
#7768 = ORIENTED_EDGE('',*,*,#7769,.F.);
#7769 = EDGE_CURVE('',#7690,#7744,#7770,.T.);
#7770 = SURFACE_CURVE('',#7771,(#7775,#7781),.PCURVE_S1.);
#7771 = LINE('',#7772,#7773);
#7772 = CARTESIAN_POINT('',(25.213985010967,-24.32809689972,470.));
#7773 = VECTOR('',#7774,1.);
#7774 = DIRECTION('',(0.866025403784,-0.5,0.));
#7775 = PCURVE('',#2023,#7776);
#7776 = DEFINITIONAL_REPRESENTATION('',(#7777),#7780);
#7777 = B_SPLINE_CURVE_WITH_KNOTS('',1,(#7778,#7779),.UNSPECIFIED.,.F.,
  .F.,(2,2),(-6.000000023868E-07,12.0000006),.PIECEWISE_BEZIER_KNOTS.);
#7778 = CARTESIAN_POINT('',(77.213984491352,37.671903400276));
#7779 = CARTESIAN_POINT('',(87.606290375996,31.671902800276));
#7780 = ( GEOMETRIC_REPRESENTATION_CONTEXT(2) 
PARAMETRIC_REPRESENTATION_CONTEXT() REPRESENTATION_CONTEXT('2D SPACE',''
  ) );
#7781 = PCURVE('',#4809,#7782);
#7782 = DEFINITIONAL_REPRESENTATION('',(#7783),#7786);
#7783 = B_SPLINE_CURVE_WITH_KNOTS('',1,(#7784,#7785),.UNSPECIFIED.,.F.,
  .F.,(2,2),(-6.000000023868E-07,12.0000006),.PIECEWISE_BEZIER_KNOTS.);
#7784 = CARTESIAN_POINT('',(1.670838040406,-6.000000015819E-07));
#7785 = CARTESIAN_POINT('',(1.670838040406,12.0000006));
#7786 = ( GEOMETRIC_REPRESENTATION_CONTEXT(2) 
PARAMETRIC_REPRESENTATION_CONTEXT() REPRESENTATION_CONTEXT('2D SPACE',''
  ) );
#7787 = FACE_BOUND('',#7788,.T.);
#7788 = EDGE_LOOP('',(#7789));
#7789 = ORIENTED_EDGE('',*,*,#7790,.F.);
#7790 = EDGE_CURVE('',#7791,#7791,#7793,.T.);
#7791 = VERTEX_POINT('',#7792);
#7792 = CARTESIAN_POINT('',(25.05,-6.135480463728E-15,470.));
#7793 = SURFACE_CURVE('',#7794,(#7799,#7806),.PCURVE_S1.);
#7794 = CIRCLE('',#7795,25.05);
#7795 = AXIS2_PLACEMENT_3D('',#7796,#7797,#7798);
#7796 = CARTESIAN_POINT('',(0.,0.,470.));
#7797 = DIRECTION('',(0.,0.,1.));
#7798 = DIRECTION('',(1.,0.,-0.));
#7799 = PCURVE('',#2023,#7800);
#7800 = DEFINITIONAL_REPRESENTATION('',(#7801),#7805);
#7801 = CIRCLE('',#7802,25.05);
#7802 = AXIS2_PLACEMENT_2D('',#7803,#7804);
#7803 = CARTESIAN_POINT('',(52.,62.));
#7804 = DIRECTION('',(1.,0.));
#7805 = ( GEOMETRIC_REPRESENTATION_CONTEXT(2) 
PARAMETRIC_REPRESENTATION_CONTEXT() REPRESENTATION_CONTEXT('2D SPACE',''
  ) );
#7806 = PCURVE('',#5036,#7807);
#7807 = DEFINITIONAL_REPRESENTATION('',(#7808),#7812);
#7808 = CIRCLE('',#7809,25.05);
#7809 = AXIS2_PLACEMENT_2D('',#7810,#7811);
#7810 = CARTESIAN_POINT('',(52.,62.));
#7811 = DIRECTION('',(1.,0.));
#7812 = ( GEOMETRIC_REPRESENTATION_CONTEXT(2) 
PARAMETRIC_REPRESENTATION_CONTEXT() REPRESENTATION_CONTEXT('2D SPACE',''
  ) );
#7813 = FACE_BOUND('',#7814,.T.);
#7814 = EDGE_LOOP('',(#7815,#7843,#7869,#7895));
#7815 = ORIENTED_EDGE('',*,*,#7816,.T.);
#7816 = EDGE_CURVE('',#7817,#7819,#7821,.T.);
#7817 = VERTEX_POINT('',#7818);
#7818 = CARTESIAN_POINT('',(33.276242759266,-10.36385685595,470.));
#7819 = VERTEX_POINT('',#7820);
#7820 = CARTESIAN_POINT('',(33.675742446374,-9.671903100276,470.));
#7821 = SURFACE_CURVE('',#7822,(#7826,#7832),.PCURVE_S1.);
#7822 = LINE('',#7823,#7824);
#7823 = CARTESIAN_POINT('',(11.537034407087,-48.01727023825,470.));
#7824 = VECTOR('',#7825,1.);
#7825 = DIRECTION('',(0.5,0.866025403784,-0.));
#7826 = PCURVE('',#2023,#7827);
#7827 = DEFINITIONAL_REPRESENTATION('',(#7828),#7831);
#7828 = B_SPLINE_CURVE_WITH_KNOTS('',1,(#7829,#7830),.UNSPECIFIED.,.F.,
  .F.,(2,2),(39.877916391467,47.877916391467),.PIECEWISE_BEZIER_KNOTS.);
#7829 = CARTESIAN_POINT('',(83.47599260282,48.518018406747));
#7830 = CARTESIAN_POINT('',(87.47599260282,55.446221637022));
#7831 = ( GEOMETRIC_REPRESENTATION_CONTEXT(2) 
PARAMETRIC_REPRESENTATION_CONTEXT() REPRESENTATION_CONTEXT('2D SPACE',''
  ) );
#7832 = PCURVE('',#7833,#7838);
#7833 = PLANE('',#7834);
#7834 = AXIS2_PLACEMENT_3D('',#7835,#7836,#7837);
#7835 = CARTESIAN_POINT('',(33.47599260282,-10.01787997811,466.02));
#7836 = DIRECTION('',(0.866025403784,-0.5,0.));
#7837 = DIRECTION('',(0.5,0.866025403784,0.));
#7838 = DEFINITIONAL_REPRESENTATION('',(#7839),#7842);
#7839 = B_SPLINE_CURVE_WITH_KNOTS('',1,(#7840,#7841),.UNSPECIFIED.,.F.,
  .F.,(2,2),(39.877916391467,47.877916391467),.PIECEWISE_BEZIER_KNOTS.);
#7840 = CARTESIAN_POINT('',(-4.,3.98));
#7841 = CARTESIAN_POINT('',(4.,3.98));
#7842 = ( GEOMETRIC_REPRESENTATION_CONTEXT(2) 
PARAMETRIC_REPRESENTATION_CONTEXT() REPRESENTATION_CONTEXT('2D SPACE',''
  ) );
#7843 = ORIENTED_EDGE('',*,*,#7844,.T.);
#7844 = EDGE_CURVE('',#7819,#7845,#7847,.T.);
#7845 = VERTEX_POINT('',#7846);
#7846 = CARTESIAN_POINT('',(44.068047291788,-15.67190310027,470.));
#7847 = SURFACE_CURVE('',#7848,(#7852,#7858),.PCURVE_S1.);
#7848 = LINE('',#7849,#7850);
#7849 = CARTESIAN_POINT('',(33.675742446374,-9.671903100276,470.));
#7850 = VECTOR('',#7851,1.);
#7851 = DIRECTION('',(0.866025403784,-0.5,0.));
#7852 = PCURVE('',#2023,#7853);
#7853 = DEFINITIONAL_REPRESENTATION('',(#7854),#7857);
#7854 = B_SPLINE_CURVE_WITH_KNOTS('',1,(#7855,#7856),.UNSPECIFIED.,.F.,
  .F.,(2,2),(-6.000000001982E-07,12.0000006),.PIECEWISE_BEZIER_KNOTS.);
#7855 = CARTESIAN_POINT('',(85.675741926759,52.328097199724));
#7856 = CARTESIAN_POINT('',(96.068047811403,46.328096599724));
#7857 = ( GEOMETRIC_REPRESENTATION_CONTEXT(2) 
PARAMETRIC_REPRESENTATION_CONTEXT() REPRESENTATION_CONTEXT('2D SPACE',''
  ) );
#7858 = PCURVE('',#7859,#7864);
#7859 = CYLINDRICAL_SURFACE('',#7860,4.);
#7860 = AXIS2_PLACEMENT_3D('',#7861,#7862,#7863);
#7861 = CARTESIAN_POINT('',(33.47599260282,-10.01787997811,466.02));
#7862 = DIRECTION('',(0.866025403784,-0.5,0.));
#7863 = DIRECTION('',(0.5,0.866025403784,0.));
#7864 = DEFINITIONAL_REPRESENTATION('',(#7865),#7868);
#7865 = B_SPLINE_CURVE_WITH_KNOTS('',1,(#7866,#7867),.UNSPECIFIED.,.F.,
  .F.,(2,2),(-6.000000001982E-07,12.0000006),.PIECEWISE_BEZIER_KNOTS.);
#7866 = CARTESIAN_POINT('',(1.470754613183,-5.999999979222E-07));
#7867 = CARTESIAN_POINT('',(1.470754613183,12.0000006));
#7868 = ( GEOMETRIC_REPRESENTATION_CONTEXT(2) 
PARAMETRIC_REPRESENTATION_CONTEXT() REPRESENTATION_CONTEXT('2D SPACE',''
  ) );
#7869 = ORIENTED_EDGE('',*,*,#7870,.F.);
#7870 = EDGE_CURVE('',#7871,#7845,#7873,.T.);
#7871 = VERTEX_POINT('',#7872);
#7872 = CARTESIAN_POINT('',(43.668547604679,-16.36385685595,470.));
#7873 = SURFACE_CURVE('',#7874,(#7878,#7884),.PCURVE_S1.);
#7874 = LINE('',#7875,#7876);
#7875 = CARTESIAN_POINT('',(21.9293392525,-54.01727023825,470.));
#7876 = VECTOR('',#7877,1.);
#7877 = DIRECTION('',(0.5,0.866025403784,-0.));
#7878 = PCURVE('',#2023,#7879);
#7879 = DEFINITIONAL_REPRESENTATION('',(#7880),#7883);
#7880 = B_SPLINE_CURVE_WITH_KNOTS('',1,(#7881,#7882),.UNSPECIFIED.,.F.,
  .F.,(2,2),(39.877916391467,47.877916391467),.PIECEWISE_BEZIER_KNOTS.);
#7881 = CARTESIAN_POINT('',(93.868297448233,42.518018406747));
#7882 = CARTESIAN_POINT('',(97.868297448233,49.446221637022));
#7883 = ( GEOMETRIC_REPRESENTATION_CONTEXT(2) 
PARAMETRIC_REPRESENTATION_CONTEXT() REPRESENTATION_CONTEXT('2D SPACE',''
  ) );
#7884 = PCURVE('',#7885,#7890);
#7885 = PLANE('',#7886);
#7886 = AXIS2_PLACEMENT_3D('',#7887,#7888,#7889);
#7887 = CARTESIAN_POINT('',(43.868297448233,-16.01787997811,466.02));
#7888 = DIRECTION('',(0.866025403784,-0.5,0.));
#7889 = DIRECTION('',(0.5,0.866025403784,0.));
#7890 = DEFINITIONAL_REPRESENTATION('',(#7891),#7894);
#7891 = B_SPLINE_CURVE_WITH_KNOTS('',1,(#7892,#7893),.UNSPECIFIED.,.F.,
  .F.,(2,2),(39.877916391467,47.877916391467),.PIECEWISE_BEZIER_KNOTS.);
#7892 = CARTESIAN_POINT('',(-4.,3.98));
#7893 = CARTESIAN_POINT('',(4.,3.98));
#7894 = ( GEOMETRIC_REPRESENTATION_CONTEXT(2) 
PARAMETRIC_REPRESENTATION_CONTEXT() REPRESENTATION_CONTEXT('2D SPACE',''
  ) );
#7895 = ORIENTED_EDGE('',*,*,#7896,.F.);
#7896 = EDGE_CURVE('',#7817,#7871,#7897,.T.);
#7897 = SURFACE_CURVE('',#7898,(#7902,#7908),.PCURVE_S1.);
#7898 = LINE('',#7899,#7900);
#7899 = CARTESIAN_POINT('',(33.276242759266,-10.36385685595,470.));
#7900 = VECTOR('',#7901,1.);
#7901 = DIRECTION('',(0.866025403784,-0.5,0.));
#7902 = PCURVE('',#2023,#7903);
#7903 = DEFINITIONAL_REPRESENTATION('',(#7904),#7907);
#7904 = B_SPLINE_CURVE_WITH_KNOTS('',1,(#7905,#7906),.UNSPECIFIED.,.F.,
  .F.,(2,2),(-5.9999999931E-07,12.0000006),.PIECEWISE_BEZIER_KNOTS.);
#7905 = CARTESIAN_POINT('',(85.276242239651,51.636143444044));
#7906 = CARTESIAN_POINT('',(95.668548124294,45.636142844044));
#7907 = ( GEOMETRIC_REPRESENTATION_CONTEXT(2) 
PARAMETRIC_REPRESENTATION_CONTEXT() REPRESENTATION_CONTEXT('2D SPACE',''
  ) );
#7908 = PCURVE('',#4194,#7909);
#7909 = DEFINITIONAL_REPRESENTATION('',(#7910),#7913);
#7910 = B_SPLINE_CURVE_WITH_KNOTS('',1,(#7911,#7912),.UNSPECIFIED.,.F.,
  .F.,(2,2),(-5.9999999931E-07,12.0000006),.PIECEWISE_BEZIER_KNOTS.);
#7911 = CARTESIAN_POINT('',(1.670838040406,-6.00000001586E-07));
#7912 = CARTESIAN_POINT('',(1.670838040406,12.0000006));
#7913 = ( GEOMETRIC_REPRESENTATION_CONTEXT(2) 
PARAMETRIC_REPRESENTATION_CONTEXT() REPRESENTATION_CONTEXT('2D SPACE',''
  ) );
#7914 = FACE_BOUND('',#7915,.T.);
#7915 = EDGE_LOOP('',(#7916,#7917,#7918,#7919));
#7916 = ORIENTED_EDGE('',*,*,#5121,.T.);
#7917 = ORIENTED_EDGE('',*,*,#5215,.T.);
#7918 = ORIENTED_EDGE('',*,*,#5240,.F.);
#7919 = ORIENTED_EDGE('',*,*,#5168,.F.);
#7920 = FACE_BOUND('',#7921,.T.);
#7921 = EDGE_LOOP('',(#7922,#7950,#7971,#7997));
#7922 = ORIENTED_EDGE('',*,*,#7923,.T.);
#7923 = EDGE_CURVE('',#7924,#7926,#7928,.T.);
#7924 = VERTEX_POINT('',#7925);
#7925 = CARTESIAN_POINT('',(-7.66275806119,34.,470.));
#7926 = VERTEX_POINT('',#7927);
#7927 = CARTESIAN_POINT('',(-8.461757435407,34.,470.));
#7928 = SURFACE_CURVE('',#7929,(#7933,#7939),.PCURVE_S1.);
#7929 = LINE('',#7930,#7931);
#7930 = CARTESIAN_POINT('',(-30.03112887414,34.,470.));
#7931 = VECTOR('',#7932,1.);
#7932 = DIRECTION('',(-1.,6.123233995737E-17,0.));
#7933 = PCURVE('',#2023,#7934);
#7934 = DEFINITIONAL_REPRESENTATION('',(#7935),#7938);
#7935 = B_SPLINE_CURVE_WITH_KNOTS('',1,(#7936,#7937),.UNSPECIFIED.,.F.,
  .F.,(2,2),(-25.96887112585,-17.96887112585),.PIECEWISE_BEZIER_KNOTS.);
#7936 = CARTESIAN_POINT('',(47.937742251701,96.));
#7937 = CARTESIAN_POINT('',(39.937742251701,96.));
#7938 = ( GEOMETRIC_REPRESENTATION_CONTEXT(2) 
PARAMETRIC_REPRESENTATION_CONTEXT() REPRESENTATION_CONTEXT('2D SPACE',''
  ) );
#7939 = PCURVE('',#7940,#7945);
#7940 = PLANE('',#7941);
#7941 = AXIS2_PLACEMENT_3D('',#7942,#7943,#7944);
#7942 = CARTESIAN_POINT('',(-8.062257748299,34.,466.02));
#7943 = DIRECTION('',(6.123233995737E-17,1.,0.));
#7944 = DIRECTION('',(1.,-6.123233995737E-17,0.));
#7945 = DEFINITIONAL_REPRESENTATION('',(#7946),#7949);
#7946 = B_SPLINE_CURVE_WITH_KNOTS('',1,(#7947,#7948),.UNSPECIFIED.,.F.,
  .F.,(2,2),(-25.96887112585,-17.96887112585),.PIECEWISE_BEZIER_KNOTS.);
#7947 = CARTESIAN_POINT('',(4.,-3.98));
#7948 = CARTESIAN_POINT('',(-4.,-3.98));
#7949 = ( GEOMETRIC_REPRESENTATION_CONTEXT(2) 
PARAMETRIC_REPRESENTATION_CONTEXT() REPRESENTATION_CONTEXT('2D SPACE',''
  ) );
#7950 = ORIENTED_EDGE('',*,*,#7951,.T.);
#7951 = EDGE_CURVE('',#7926,#7952,#7954,.T.);
#7952 = VERTEX_POINT('',#7953);
#7953 = CARTESIAN_POINT('',(-8.461757435407,46.,470.));
#7954 = SURFACE_CURVE('',#7955,(#7959,#7965),.PCURVE_S1.);
#7955 = LINE('',#7956,#7957);
#7956 = CARTESIAN_POINT('',(-8.461757435407,34.,470.));
#7957 = VECTOR('',#7958,1.);
#7958 = DIRECTION('',(6.123233995737E-17,1.,0.));
#7959 = PCURVE('',#2023,#7960);
#7960 = DEFINITIONAL_REPRESENTATION('',(#7961),#7964);
#7961 = B_SPLINE_CURVE_WITH_KNOTS('',1,(#7962,#7963),.UNSPECIFIED.,.F.,
  .F.,(2,2),(-5.999999999062E-07,12.0000006),.PIECEWISE_BEZIER_KNOTS.);
#7962 = CARTESIAN_POINT('',(43.538242564593,95.9999994));
#7963 = CARTESIAN_POINT('',(43.538242564593,108.0000006));
#7964 = ( GEOMETRIC_REPRESENTATION_CONTEXT(2) 
PARAMETRIC_REPRESENTATION_CONTEXT() REPRESENTATION_CONTEXT('2D SPACE',''
  ) );
#7965 = PCURVE('',#6402,#7966);
#7966 = DEFINITIONAL_REPRESENTATION('',(#7967),#7970);
#7967 = B_SPLINE_CURVE_WITH_KNOTS('',1,(#7968,#7969),.UNSPECIFIED.,.F.,
  .F.,(2,2),(-5.999999999062E-07,12.0000006),.PIECEWISE_BEZIER_KNOTS.);
#7968 = CARTESIAN_POINT('',(4.612347266773,-5.999999999307E-07));
#7969 = CARTESIAN_POINT('',(4.612347266773,12.0000006));
#7970 = ( GEOMETRIC_REPRESENTATION_CONTEXT(2) 
PARAMETRIC_REPRESENTATION_CONTEXT() REPRESENTATION_CONTEXT('2D SPACE',''
  ) );
#7971 = ORIENTED_EDGE('',*,*,#7972,.F.);
#7972 = EDGE_CURVE('',#7973,#7952,#7975,.T.);
#7973 = VERTEX_POINT('',#7974);
#7974 = CARTESIAN_POINT('',(-7.66275806119,46.,470.));
#7975 = SURFACE_CURVE('',#7976,(#7980,#7986),.PCURVE_S1.);
#7976 = LINE('',#7977,#7978);
#7977 = CARTESIAN_POINT('',(-30.03112887414,46.,470.));
#7978 = VECTOR('',#7979,1.);
#7979 = DIRECTION('',(-1.,6.123233995737E-17,0.));
#7980 = PCURVE('',#2023,#7981);
#7981 = DEFINITIONAL_REPRESENTATION('',(#7982),#7985);
#7982 = B_SPLINE_CURVE_WITH_KNOTS('',1,(#7983,#7984),.UNSPECIFIED.,.F.,
  .F.,(2,2),(-25.96887112585,-17.96887112585),.PIECEWISE_BEZIER_KNOTS.);
#7983 = CARTESIAN_POINT('',(47.937742251701,108.));
#7984 = CARTESIAN_POINT('',(39.937742251701,108.));
#7985 = ( GEOMETRIC_REPRESENTATION_CONTEXT(2) 
PARAMETRIC_REPRESENTATION_CONTEXT() REPRESENTATION_CONTEXT('2D SPACE',''
  ) );
#7986 = PCURVE('',#7987,#7992);
#7987 = PLANE('',#7988);
#7988 = AXIS2_PLACEMENT_3D('',#7989,#7990,#7991);
#7989 = CARTESIAN_POINT('',(-8.062257748299,46.,466.02));
#7990 = DIRECTION('',(6.123233995737E-17,1.,0.));
#7991 = DIRECTION('',(1.,-6.123233995737E-17,0.));
#7992 = DEFINITIONAL_REPRESENTATION('',(#7993),#7996);
#7993 = B_SPLINE_CURVE_WITH_KNOTS('',1,(#7994,#7995),.UNSPECIFIED.,.F.,
  .F.,(2,2),(-25.96887112585,-17.96887112585),.PIECEWISE_BEZIER_KNOTS.);
#7994 = CARTESIAN_POINT('',(4.,-3.98));
#7995 = CARTESIAN_POINT('',(-4.,-3.98));
#7996 = ( GEOMETRIC_REPRESENTATION_CONTEXT(2) 
PARAMETRIC_REPRESENTATION_CONTEXT() REPRESENTATION_CONTEXT('2D SPACE',''
  ) );
#7997 = ORIENTED_EDGE('',*,*,#7998,.F.);
#7998 = EDGE_CURVE('',#7924,#7973,#7999,.T.);
#7999 = SURFACE_CURVE('',#8000,(#8004,#8010),.PCURVE_S1.);
#8000 = LINE('',#8001,#8002);
#8001 = CARTESIAN_POINT('',(-7.66275806119,34.,470.));
#8002 = VECTOR('',#8003,1.);
#8003 = DIRECTION('',(6.123233995737E-17,1.,0.));
#8004 = PCURVE('',#2023,#8005);
#8005 = DEFINITIONAL_REPRESENTATION('',(#8006),#8009);
#8006 = B_SPLINE_CURVE_WITH_KNOTS('',1,(#8007,#8008),.UNSPECIFIED.,.F.,
  .F.,(2,2),(-5.999999999062E-07,12.0000006),.PIECEWISE_BEZIER_KNOTS.);
#8007 = CARTESIAN_POINT('',(44.33724193881,95.9999994));
#8008 = CARTESIAN_POINT('',(44.33724193881,108.0000006));
#8009 = ( GEOMETRIC_REPRESENTATION_CONTEXT(2) 
PARAMETRIC_REPRESENTATION_CONTEXT() REPRESENTATION_CONTEXT('2D SPACE',''
  ) );
#8010 = PCURVE('',#8011,#8016);
#8011 = CYLINDRICAL_SURFACE('',#8012,4.);
#8012 = AXIS2_PLACEMENT_3D('',#8013,#8014,#8015);
#8013 = CARTESIAN_POINT('',(-8.062257748299,34.,466.02));
#8014 = DIRECTION('',(6.123233995737E-17,1.,0.));
#8015 = DIRECTION('',(1.,-6.123233995737E-17,0.));
#8016 = DEFINITIONAL_REPRESENTATION('',(#8017),#8020);
#8017 = B_SPLINE_CURVE_WITH_KNOTS('',1,(#8018,#8019),.UNSPECIFIED.,.F.,
  .F.,(2,2),(-5.999999999062E-07,12.0000006),.PIECEWISE_BEZIER_KNOTS.);
#8018 = CARTESIAN_POINT('',(4.812430693996,-5.999999998818E-07));
#8019 = CARTESIAN_POINT('',(4.812430693996,12.0000006));
#8020 = ( GEOMETRIC_REPRESENTATION_CONTEXT(2) 
PARAMETRIC_REPRESENTATION_CONTEXT() REPRESENTATION_CONTEXT('2D SPACE',''
  ) );
#8021 = FACE_BOUND('',#8022,.T.);
#8022 = EDGE_LOOP('',(#8023,#8051,#8072,#8098));
#8023 = ORIENTED_EDGE('',*,*,#8024,.T.);
#8024 = EDGE_CURVE('',#8025,#8027,#8029,.T.);
#8025 = VERTEX_POINT('',#8026);
#8026 = CARTESIAN_POINT('',(8.461757435407,34.,470.));
#8027 = VERTEX_POINT('',#8028);
#8028 = CARTESIAN_POINT('',(7.66275806119,34.,470.));
#8029 = SURFACE_CURVE('',#8030,(#8034,#8040),.PCURVE_S1.);
#8030 = LINE('',#8031,#8032);
#8031 = CARTESIAN_POINT('',(-21.96887112585,34.,470.));
#8032 = VECTOR('',#8033,1.);
#8033 = DIRECTION('',(-1.,6.123233995737E-17,0.));
#8034 = PCURVE('',#2023,#8035);
#8035 = DEFINITIONAL_REPRESENTATION('',(#8036),#8039);
#8036 = B_SPLINE_CURVE_WITH_KNOTS('',1,(#8037,#8038),.UNSPECIFIED.,.F.,
  .F.,(2,2),(-34.03112887414,-26.03112887414),.PIECEWISE_BEZIER_KNOTS.);
#8037 = CARTESIAN_POINT('',(64.062257748299,96.));
#8038 = CARTESIAN_POINT('',(56.062257748299,96.));
#8039 = ( GEOMETRIC_REPRESENTATION_CONTEXT(2) 
PARAMETRIC_REPRESENTATION_CONTEXT() REPRESENTATION_CONTEXT('2D SPACE',''
  ) );
#8040 = PCURVE('',#8041,#8046);
#8041 = PLANE('',#8042);
#8042 = AXIS2_PLACEMENT_3D('',#8043,#8044,#8045);
#8043 = CARTESIAN_POINT('',(8.062257748299,34.,466.02));
#8044 = DIRECTION('',(6.123233995737E-17,1.,0.));
#8045 = DIRECTION('',(1.,-6.123233995737E-17,0.));
#8046 = DEFINITIONAL_REPRESENTATION('',(#8047),#8050);
#8047 = B_SPLINE_CURVE_WITH_KNOTS('',1,(#8048,#8049),.UNSPECIFIED.,.F.,
  .F.,(2,2),(-34.03112887414,-26.03112887414),.PIECEWISE_BEZIER_KNOTS.);
#8048 = CARTESIAN_POINT('',(4.,-3.98));
#8049 = CARTESIAN_POINT('',(-4.,-3.98));
#8050 = ( GEOMETRIC_REPRESENTATION_CONTEXT(2) 
PARAMETRIC_REPRESENTATION_CONTEXT() REPRESENTATION_CONTEXT('2D SPACE',''
  ) );
#8051 = ORIENTED_EDGE('',*,*,#8052,.T.);
#8052 = EDGE_CURVE('',#8027,#8053,#8055,.T.);
#8053 = VERTEX_POINT('',#8054);
#8054 = CARTESIAN_POINT('',(7.66275806119,46.,470.));
#8055 = SURFACE_CURVE('',#8056,(#8060,#8066),.PCURVE_S1.);
#8056 = LINE('',#8057,#8058);
#8057 = CARTESIAN_POINT('',(7.66275806119,34.,470.));
#8058 = VECTOR('',#8059,1.);
#8059 = DIRECTION('',(6.123233995737E-17,1.,0.));
#8060 = PCURVE('',#2023,#8061);
#8061 = DEFINITIONAL_REPRESENTATION('',(#8062),#8065);
#8062 = B_SPLINE_CURVE_WITH_KNOTS('',1,(#8063,#8064),.UNSPECIFIED.,.F.,
  .F.,(2,2),(-5.999999999062E-07,12.0000006),.PIECEWISE_BEZIER_KNOTS.);
#8063 = CARTESIAN_POINT('',(59.66275806119,95.9999994));
#8064 = CARTESIAN_POINT('',(59.66275806119,108.0000006));
#8065 = ( GEOMETRIC_REPRESENTATION_CONTEXT(2) 
PARAMETRIC_REPRESENTATION_CONTEXT() REPRESENTATION_CONTEXT('2D SPACE',''
  ) );
#8066 = PCURVE('',#5549,#8067);
#8067 = DEFINITIONAL_REPRESENTATION('',(#8068),#8071);
#8068 = B_SPLINE_CURVE_WITH_KNOTS('',1,(#8069,#8070),.UNSPECIFIED.,.F.,
  .F.,(2,2),(-5.999999999062E-07,12.0000006),.PIECEWISE_BEZIER_KNOTS.);
#8069 = CARTESIAN_POINT('',(4.612347266773,-5.999999999307E-07));
#8070 = CARTESIAN_POINT('',(4.612347266773,12.0000006));
#8071 = ( GEOMETRIC_REPRESENTATION_CONTEXT(2) 
PARAMETRIC_REPRESENTATION_CONTEXT() REPRESENTATION_CONTEXT('2D SPACE',''
  ) );
#8072 = ORIENTED_EDGE('',*,*,#8073,.F.);
#8073 = EDGE_CURVE('',#8074,#8053,#8076,.T.);
#8074 = VERTEX_POINT('',#8075);
#8075 = CARTESIAN_POINT('',(8.461757435407,46.,470.));
#8076 = SURFACE_CURVE('',#8077,(#8081,#8087),.PCURVE_S1.);
#8077 = LINE('',#8078,#8079);
#8078 = CARTESIAN_POINT('',(-21.96887112585,46.,470.));
#8079 = VECTOR('',#8080,1.);
#8080 = DIRECTION('',(-1.,6.123233995737E-17,0.));
#8081 = PCURVE('',#2023,#8082);
#8082 = DEFINITIONAL_REPRESENTATION('',(#8083),#8086);
#8083 = B_SPLINE_CURVE_WITH_KNOTS('',1,(#8084,#8085),.UNSPECIFIED.,.F.,
  .F.,(2,2),(-34.03112887414,-26.03112887414),.PIECEWISE_BEZIER_KNOTS.);
#8084 = CARTESIAN_POINT('',(64.062257748299,108.));
#8085 = CARTESIAN_POINT('',(56.062257748299,108.));
#8086 = ( GEOMETRIC_REPRESENTATION_CONTEXT(2) 
PARAMETRIC_REPRESENTATION_CONTEXT() REPRESENTATION_CONTEXT('2D SPACE',''
  ) );
#8087 = PCURVE('',#8088,#8093);
#8088 = PLANE('',#8089);
#8089 = AXIS2_PLACEMENT_3D('',#8090,#8091,#8092);
#8090 = CARTESIAN_POINT('',(8.062257748299,46.,466.02));
#8091 = DIRECTION('',(6.123233995737E-17,1.,0.));
#8092 = DIRECTION('',(1.,-6.123233995737E-17,0.));
#8093 = DEFINITIONAL_REPRESENTATION('',(#8094),#8097);
#8094 = B_SPLINE_CURVE_WITH_KNOTS('',1,(#8095,#8096),.UNSPECIFIED.,.F.,
  .F.,(2,2),(-34.03112887414,-26.03112887414),.PIECEWISE_BEZIER_KNOTS.);
#8095 = CARTESIAN_POINT('',(4.,-3.98));
#8096 = CARTESIAN_POINT('',(-4.,-3.98));
#8097 = ( GEOMETRIC_REPRESENTATION_CONTEXT(2) 
PARAMETRIC_REPRESENTATION_CONTEXT() REPRESENTATION_CONTEXT('2D SPACE',''
  ) );
#8098 = ORIENTED_EDGE('',*,*,#8099,.F.);
#8099 = EDGE_CURVE('',#8025,#8074,#8100,.T.);
#8100 = SURFACE_CURVE('',#8101,(#8105,#8111),.PCURVE_S1.);
#8101 = LINE('',#8102,#8103);
#8102 = CARTESIAN_POINT('',(8.461757435407,34.,470.));
#8103 = VECTOR('',#8104,1.);
#8104 = DIRECTION('',(6.123233995737E-17,1.,0.));
#8105 = PCURVE('',#2023,#8106);
#8106 = DEFINITIONAL_REPRESENTATION('',(#8107),#8110);
#8107 = B_SPLINE_CURVE_WITH_KNOTS('',1,(#8108,#8109),.UNSPECIFIED.,.F.,
  .F.,(2,2),(-5.999999999062E-07,12.0000006),.PIECEWISE_BEZIER_KNOTS.);
#8108 = CARTESIAN_POINT('',(60.461757435407,95.9999994));
#8109 = CARTESIAN_POINT('',(60.461757435407,108.0000006));
#8110 = ( GEOMETRIC_REPRESENTATION_CONTEXT(2) 
PARAMETRIC_REPRESENTATION_CONTEXT() REPRESENTATION_CONTEXT('2D SPACE',''
  ) );
#8111 = PCURVE('',#8112,#8117);
#8112 = CYLINDRICAL_SURFACE('',#8113,4.);
#8113 = AXIS2_PLACEMENT_3D('',#8114,#8115,#8116);
#8114 = CARTESIAN_POINT('',(8.062257748299,34.,466.02));
#8115 = DIRECTION('',(6.123233995737E-17,1.,0.));
#8116 = DIRECTION('',(1.,-6.123233995737E-17,0.));
#8117 = DEFINITIONAL_REPRESENTATION('',(#8118),#8121);
#8118 = B_SPLINE_CURVE_WITH_KNOTS('',1,(#8119,#8120),.UNSPECIFIED.,.F.,
  .F.,(2,2),(-5.999999999062E-07,12.0000006),.PIECEWISE_BEZIER_KNOTS.);
#8119 = CARTESIAN_POINT('',(4.812430693996,-5.999999998818E-07));
#8120 = CARTESIAN_POINT('',(4.812430693996,12.0000006));
#8121 = ( GEOMETRIC_REPRESENTATION_CONTEXT(2) 
PARAMETRIC_REPRESENTATION_CONTEXT() REPRESENTATION_CONTEXT('2D SPACE',''
  ) );
#8122 = FACE_BOUND('',#8123,.T.);
#8123 = EDGE_LOOP('',(#8124,#8125,#8126,#8127));
#8124 = ORIENTED_EDGE('',*,*,#6659,.T.);
#8125 = ORIENTED_EDGE('',*,*,#6753,.T.);
#8126 = ORIENTED_EDGE('',*,*,#6778,.F.);
#8127 = ORIENTED_EDGE('',*,*,#6706,.F.);
#8128 = ADVANCED_FACE('',(#8129),#1997,.F.);
#8129 = FACE_BOUND('',#8130,.F.);
#8130 = EDGE_LOOP('',(#8131,#8132,#8133,#8134));
#8131 = ORIENTED_EDGE('',*,*,#7370,.F.);
#8132 = ORIENTED_EDGE('',*,*,#1982,.T.);
#8133 = ORIENTED_EDGE('',*,*,#7182,.T.);
#8134 = ORIENTED_EDGE('',*,*,#2142,.F.);
#8135 = ADVANCED_FACE('',(#8136,#8139),#2128,.F.);
#8136 = FACE_BOUND('',#8137,.F.);
#8137 = EDGE_LOOP('',(#8138));
#8138 = ORIENTED_EDGE('',*,*,#6823,.T.);
#8139 = FACE_BOUND('',#8140,.F.);
#8140 = EDGE_LOOP('',(#8141));
#8141 = ORIENTED_EDGE('',*,*,#2113,.F.);
#8142 = ADVANCED_FACE('',(#8143),#2204,.F.);
#8143 = FACE_BOUND('',#8144,.F.);
#8144 = EDGE_LOOP('',(#8145,#8146,#8147,#8148));
#8145 = ORIENTED_EDGE('',*,*,#7348,.F.);
#8146 = ORIENTED_EDGE('',*,*,#2189,.T.);
#8147 = ORIENTED_EDGE('',*,*,#7160,.T.);
#8148 = ORIENTED_EDGE('',*,*,#8149,.F.);
#8149 = EDGE_CURVE('',#7326,#7133,#8150,.T.);
#8150 = SURFACE_CURVE('',#8151,(#8155,#8162),.PCURVE_S1.);
#8151 = LINE('',#8152,#8153);
#8152 = CARTESIAN_POINT('',(52.,57.,470.));
#8153 = VECTOR('',#8154,1.);
#8154 = DIRECTION('',(0.,0.,1.));
#8155 = PCURVE('',#2204,#8156);
#8156 = DEFINITIONAL_REPRESENTATION('',(#8157),#8161);
#8157 = LINE('',#8158,#8159);
#8158 = CARTESIAN_POINT('',(0.,104.));
#8159 = VECTOR('',#8160,1.);
#8160 = DIRECTION('',(1.,0.));
#8161 = ( GEOMETRIC_REPRESENTATION_CONTEXT(2) 
PARAMETRIC_REPRESENTATION_CONTEXT() REPRESENTATION_CONTEXT('2D SPACE',''
  ) );
#8162 = PCURVE('',#7148,#8163);
#8163 = DEFINITIONAL_REPRESENTATION('',(#8164),#8168);
#8164 = LINE('',#8165,#8166);
#8165 = CARTESIAN_POINT('',(0.,-119.));
#8166 = VECTOR('',#8167,1.);
#8167 = DIRECTION('',(1.,0.));
#8168 = ( GEOMETRIC_REPRESENTATION_CONTEXT(2) 
PARAMETRIC_REPRESENTATION_CONTEXT() REPRESENTATION_CONTEXT('2D SPACE',''
  ) );
#8169 = ADVANCED_FACE('',(#8170),#2290,.F.);
#8170 = FACE_BOUND('',#8171,.F.);
#8171 = EDGE_LOOP('',(#8172,#8195,#8222,#8223));
#8172 = ORIENTED_EDGE('',*,*,#8173,.T.);
#8173 = EDGE_CURVE('',#2274,#8174,#8176,.T.);
#8174 = VERTEX_POINT('',#8175);
#8175 = CARTESIAN_POINT('',(-61.,41.,517.));
#8176 = SEAM_CURVE('',#8177,(#8181,#8188),.PCURVE_S1.);
#8177 = LINE('',#8178,#8179);
#8178 = CARTESIAN_POINT('',(-70.5,41.,517.));
#8179 = VECTOR('',#8180,1.);
#8180 = DIRECTION('',(1.,0.,0.));
#8181 = PCURVE('',#2290,#8182);
#8182 = DEFINITIONAL_REPRESENTATION('',(#8183),#8187);
#8183 = LINE('',#8184,#8185);
#8184 = CARTESIAN_POINT('',(6.28318530718,-0.));
#8185 = VECTOR('',#8186,1.);
#8186 = DIRECTION('',(0.,1.));
#8187 = ( GEOMETRIC_REPRESENTATION_CONTEXT(2) 
PARAMETRIC_REPRESENTATION_CONTEXT() REPRESENTATION_CONTEXT('2D SPACE',''
  ) );
#8188 = PCURVE('',#2290,#8189);
#8189 = DEFINITIONAL_REPRESENTATION('',(#8190),#8194);
#8190 = LINE('',#8191,#8192);
#8191 = CARTESIAN_POINT('',(0.,-0.));
#8192 = VECTOR('',#8193,1.);
#8193 = DIRECTION('',(0.,1.));
#8194 = ( GEOMETRIC_REPRESENTATION_CONTEXT(2) 
PARAMETRIC_REPRESENTATION_CONTEXT() REPRESENTATION_CONTEXT('2D SPACE',''
  ) );
#8195 = ORIENTED_EDGE('',*,*,#8196,.F.);
#8196 = EDGE_CURVE('',#8174,#8174,#8197,.T.);
#8197 = SURFACE_CURVE('',#8198,(#8203,#8210),.PCURVE_S1.);
#8198 = CIRCLE('',#8199,2.5);
#8199 = AXIS2_PLACEMENT_3D('',#8200,#8201,#8202);
#8200 = CARTESIAN_POINT('',(-61.,41.,514.5));
#8201 = DIRECTION('',(1.,0.,0.));
#8202 = DIRECTION('',(-0.,0.,1.));
#8203 = PCURVE('',#2290,#8204);
#8204 = DEFINITIONAL_REPRESENTATION('',(#8205),#8209);
#8205 = LINE('',#8206,#8207);
#8206 = CARTESIAN_POINT('',(0.,9.5));
#8207 = VECTOR('',#8208,1.);
#8208 = DIRECTION('',(1.,0.));
#8209 = ( GEOMETRIC_REPRESENTATION_CONTEXT(2) 
PARAMETRIC_REPRESENTATION_CONTEXT() REPRESENTATION_CONTEXT('2D SPACE',''
  ) );
#8210 = PCURVE('',#8211,#8216);
#8211 = PLANE('',#8212);
#8212 = AXIS2_PLACEMENT_3D('',#8213,#8214,#8215);
#8213 = CARTESIAN_POINT('',(-61.,41.,514.5));
#8214 = DIRECTION('',(1.,0.,0.));
#8215 = DIRECTION('',(-0.,0.,1.));
#8216 = DEFINITIONAL_REPRESENTATION('',(#8217),#8221);
#8217 = CIRCLE('',#8218,2.5);
#8218 = AXIS2_PLACEMENT_2D('',#8219,#8220);
#8219 = CARTESIAN_POINT('',(0.,0.));
#8220 = DIRECTION('',(1.,0.));
#8221 = ( GEOMETRIC_REPRESENTATION_CONTEXT(2) 
PARAMETRIC_REPRESENTATION_CONTEXT() REPRESENTATION_CONTEXT('2D SPACE',''
  ) );
#8222 = ORIENTED_EDGE('',*,*,#8173,.F.);
#8223 = ORIENTED_EDGE('',*,*,#2273,.T.);
#8224 = ADVANCED_FACE('',(#8225),#2321,.F.);
#8225 = FACE_BOUND('',#8226,.F.);
#8226 = EDGE_LOOP('',(#8227,#8250,#8277,#8278));
#8227 = ORIENTED_EDGE('',*,*,#8228,.T.);
#8228 = EDGE_CURVE('',#2305,#8229,#8231,.T.);
#8229 = VERTEX_POINT('',#8230);
#8230 = CARTESIAN_POINT('',(-61.,41.,542.));
#8231 = SEAM_CURVE('',#8232,(#8236,#8243),.PCURVE_S1.);
#8232 = LINE('',#8233,#8234);
#8233 = CARTESIAN_POINT('',(-70.5,41.,542.));
#8234 = VECTOR('',#8235,1.);
#8235 = DIRECTION('',(1.,0.,0.));
#8236 = PCURVE('',#2321,#8237);
#8237 = DEFINITIONAL_REPRESENTATION('',(#8238),#8242);
#8238 = LINE('',#8239,#8240);
#8239 = CARTESIAN_POINT('',(6.28318530718,-0.));
#8240 = VECTOR('',#8241,1.);
#8241 = DIRECTION('',(0.,1.));
#8242 = ( GEOMETRIC_REPRESENTATION_CONTEXT(2) 
PARAMETRIC_REPRESENTATION_CONTEXT() REPRESENTATION_CONTEXT('2D SPACE',''
  ) );
#8243 = PCURVE('',#2321,#8244);
#8244 = DEFINITIONAL_REPRESENTATION('',(#8245),#8249);
#8245 = LINE('',#8246,#8247);
#8246 = CARTESIAN_POINT('',(0.,-0.));
#8247 = VECTOR('',#8248,1.);
#8248 = DIRECTION('',(0.,1.));
#8249 = ( GEOMETRIC_REPRESENTATION_CONTEXT(2) 
PARAMETRIC_REPRESENTATION_CONTEXT() REPRESENTATION_CONTEXT('2D SPACE',''
  ) );
#8250 = ORIENTED_EDGE('',*,*,#8251,.F.);
#8251 = EDGE_CURVE('',#8229,#8229,#8252,.T.);
#8252 = SURFACE_CURVE('',#8253,(#8258,#8265),.PCURVE_S1.);
#8253 = CIRCLE('',#8254,2.5);
#8254 = AXIS2_PLACEMENT_3D('',#8255,#8256,#8257);
#8255 = CARTESIAN_POINT('',(-61.,41.,539.5));
#8256 = DIRECTION('',(1.,0.,0.));
#8257 = DIRECTION('',(-0.,0.,1.));
#8258 = PCURVE('',#2321,#8259);
#8259 = DEFINITIONAL_REPRESENTATION('',(#8260),#8264);
#8260 = LINE('',#8261,#8262);
#8261 = CARTESIAN_POINT('',(0.,9.5));
#8262 = VECTOR('',#8263,1.);
#8263 = DIRECTION('',(1.,0.));
#8264 = ( GEOMETRIC_REPRESENTATION_CONTEXT(2) 
PARAMETRIC_REPRESENTATION_CONTEXT() REPRESENTATION_CONTEXT('2D SPACE',''
  ) );
#8265 = PCURVE('',#8266,#8271);
#8266 = PLANE('',#8267);
#8267 = AXIS2_PLACEMENT_3D('',#8268,#8269,#8270);
#8268 = CARTESIAN_POINT('',(-61.,41.,539.5));
#8269 = DIRECTION('',(1.,0.,0.));
#8270 = DIRECTION('',(-0.,0.,1.));
#8271 = DEFINITIONAL_REPRESENTATION('',(#8272),#8276);
#8272 = CIRCLE('',#8273,2.5);
#8273 = AXIS2_PLACEMENT_2D('',#8274,#8275);
#8274 = CARTESIAN_POINT('',(0.,0.));
#8275 = DIRECTION('',(1.,0.));
#8276 = ( GEOMETRIC_REPRESENTATION_CONTEXT(2) 
PARAMETRIC_REPRESENTATION_CONTEXT() REPRESENTATION_CONTEXT('2D SPACE',''
  ) );
#8277 = ORIENTED_EDGE('',*,*,#8228,.F.);
#8278 = ORIENTED_EDGE('',*,*,#2304,.T.);
#8279 = ADVANCED_FACE('',(#8280,#8352),#2770,.F.);
#8280 = FACE_BOUND('',#8281,.F.);
#8281 = EDGE_LOOP('',(#8282,#8307,#8329,#8330));
#8282 = ORIENTED_EDGE('',*,*,#8283,.T.);
#8283 = EDGE_CURVE('',#8284,#8286,#8288,.T.);
#8284 = VERTEX_POINT('',#8285);
#8285 = CARTESIAN_POINT('',(-23.41373485452,-27.44622163702,466.02));
#8286 = VERTEX_POINT('',#8287);
#8287 = CARTESIAN_POINT('',(-33.80603969993,-33.44622163702,466.02));
#8288 = SURFACE_CURVE('',#8289,(#8293,#8300),.PCURVE_S1.);
#8289 = LINE('',#8290,#8291);
#8290 = CARTESIAN_POINT('',(-23.41373485452,-27.44622163702,466.02));
#8291 = VECTOR('',#8292,1.);
#8292 = DIRECTION('',(-0.866025403784,-0.5,0.));
#8293 = PCURVE('',#2770,#8294);
#8294 = DEFINITIONAL_REPRESENTATION('',(#8295),#8299);
#8295 = LINE('',#8296,#8297);
#8296 = CARTESIAN_POINT('',(6.28318530718,-0.));
#8297 = VECTOR('',#8298,1.);
#8298 = DIRECTION('',(0.,1.));
#8299 = ( GEOMETRIC_REPRESENTATION_CONTEXT(2) 
PARAMETRIC_REPRESENTATION_CONTEXT() REPRESENTATION_CONTEXT('2D SPACE',''
  ) );
#8300 = PCURVE('',#7437,#8301);
#8301 = DEFINITIONAL_REPRESENTATION('',(#8302),#8306);
#8302 = LINE('',#8303,#8304);
#8303 = CARTESIAN_POINT('',(0.,-0.));
#8304 = VECTOR('',#8305,1.);
#8305 = DIRECTION('',(0.,1.));
#8306 = ( GEOMETRIC_REPRESENTATION_CONTEXT(2) 
PARAMETRIC_REPRESENTATION_CONTEXT() REPRESENTATION_CONTEXT('2D SPACE',''
  ) );
#8307 = ORIENTED_EDGE('',*,*,#8308,.F.);
#8308 = EDGE_CURVE('',#7449,#8286,#8309,.T.);
#8309 = SURFACE_CURVE('',#8310,(#8315,#8322),.PCURVE_S1.);
#8310 = CIRCLE('',#8311,4.);
#8311 = AXIS2_PLACEMENT_3D('',#8312,#8313,#8314);
#8312 = CARTESIAN_POINT('',(-35.80603969993,-29.98212002188,466.02));
#8313 = DIRECTION('',(-0.866025403784,-0.5,0.));
#8314 = DIRECTION('',(0.5,-0.866025403784,0.));
#8315 = PCURVE('',#2770,#8316);
#8316 = DEFINITIONAL_REPRESENTATION('',(#8317),#8321);
#8317 = LINE('',#8318,#8319);
#8318 = CARTESIAN_POINT('',(0.,12.));
#8319 = VECTOR('',#8320,1.);
#8320 = DIRECTION('',(1.,0.));
#8321 = ( GEOMETRIC_REPRESENTATION_CONTEXT(2) 
PARAMETRIC_REPRESENTATION_CONTEXT() REPRESENTATION_CONTEXT('2D SPACE',''
  ) );
#8322 = PCURVE('',#7463,#8323);
#8323 = DEFINITIONAL_REPRESENTATION('',(#8324),#8328);
#8324 = CIRCLE('',#8325,4.);
#8325 = AXIS2_PLACEMENT_2D('',#8326,#8327);
#8326 = CARTESIAN_POINT('',(0.,0.));
#8327 = DIRECTION('',(1.,0.));
#8328 = ( GEOMETRIC_REPRESENTATION_CONTEXT(2) 
PARAMETRIC_REPRESENTATION_CONTEXT() REPRESENTATION_CONTEXT('2D SPACE',''
  ) );
#8329 = ORIENTED_EDGE('',*,*,#7474,.F.);
#8330 = ORIENTED_EDGE('',*,*,#8331,.T.);
#8331 = EDGE_CURVE('',#7395,#8284,#8332,.T.);
#8332 = SURFACE_CURVE('',#8333,(#8338,#8345),.PCURVE_S1.);
#8333 = CIRCLE('',#8334,4.);
#8334 = AXIS2_PLACEMENT_3D('',#8335,#8336,#8337);
#8335 = CARTESIAN_POINT('',(-25.41373485452,-23.98212002188,466.02));
#8336 = DIRECTION('',(-0.866025403784,-0.5,0.));
#8337 = DIRECTION('',(0.5,-0.866025403784,0.));
#8338 = PCURVE('',#2770,#8339);
#8339 = DEFINITIONAL_REPRESENTATION('',(#8340),#8344);
#8340 = LINE('',#8341,#8342);
#8341 = CARTESIAN_POINT('',(0.,0.));
#8342 = VECTOR('',#8343,1.);
#8343 = DIRECTION('',(1.,0.));
#8344 = ( GEOMETRIC_REPRESENTATION_CONTEXT(2) 
PARAMETRIC_REPRESENTATION_CONTEXT() REPRESENTATION_CONTEXT('2D SPACE',''
  ) );
#8345 = PCURVE('',#7411,#8346);
#8346 = DEFINITIONAL_REPRESENTATION('',(#8347),#8351);
#8347 = CIRCLE('',#8348,4.);
#8348 = AXIS2_PLACEMENT_2D('',#8349,#8350);
#8349 = CARTESIAN_POINT('',(0.,0.));
#8350 = DIRECTION('',(1.,0.));
#8351 = ( GEOMETRIC_REPRESENTATION_CONTEXT(2) 
PARAMETRIC_REPRESENTATION_CONTEXT() REPRESENTATION_CONTEXT('2D SPACE',''
  ) );
#8352 = FACE_BOUND('',#8353,.F.);
#8353 = EDGE_LOOP('',(#8354));
#8354 = ORIENTED_EDGE('',*,*,#2364,.F.);
#8355 = ADVANCED_FACE('',(#8356,#8428),#3385,.F.);
#8356 = FACE_BOUND('',#8357,.F.);
#8357 = EDGE_LOOP('',(#8358,#8383,#8405,#8406));
#8358 = ORIENTED_EDGE('',*,*,#8359,.T.);
#8359 = EDGE_CURVE('',#8360,#8362,#8364,.T.);
#8360 = VERTEX_POINT('',#8361);
#8361 = CARTESIAN_POINT('',(-31.47599260282,-13.48198159325,466.02));
#8362 = VERTEX_POINT('',#8363);
#8363 = CARTESIAN_POINT('',(-41.86829744823,-19.48198159325,466.02));
#8364 = SURFACE_CURVE('',#8365,(#8369,#8376),.PCURVE_S1.);
#8365 = LINE('',#8366,#8367);
#8366 = CARTESIAN_POINT('',(-31.47599260282,-13.48198159325,466.02));
#8367 = VECTOR('',#8368,1.);
#8368 = DIRECTION('',(-0.866025403784,-0.5,0.));
#8369 = PCURVE('',#3385,#8370);
#8370 = DEFINITIONAL_REPRESENTATION('',(#8371),#8375);
#8371 = LINE('',#8372,#8373);
#8372 = CARTESIAN_POINT('',(6.28318530718,-0.));
#8373 = VECTOR('',#8374,1.);
#8374 = DIRECTION('',(0.,1.));
#8375 = ( GEOMETRIC_REPRESENTATION_CONTEXT(2) 
PARAMETRIC_REPRESENTATION_CONTEXT() REPRESENTATION_CONTEXT('2D SPACE',''
  ) );
#8376 = PCURVE('',#7569,#8377);
#8377 = DEFINITIONAL_REPRESENTATION('',(#8378),#8382);
#8378 = LINE('',#8379,#8380);
#8379 = CARTESIAN_POINT('',(0.,-0.));
#8380 = VECTOR('',#8381,1.);
#8381 = DIRECTION('',(0.,1.));
#8382 = ( GEOMETRIC_REPRESENTATION_CONTEXT(2) 
PARAMETRIC_REPRESENTATION_CONTEXT() REPRESENTATION_CONTEXT('2D SPACE',''
  ) );
#8383 = ORIENTED_EDGE('',*,*,#8384,.F.);
#8384 = EDGE_CURVE('',#7581,#8362,#8385,.T.);
#8385 = SURFACE_CURVE('',#8386,(#8391,#8398),.PCURVE_S1.);
#8386 = CIRCLE('',#8387,4.);
#8387 = AXIS2_PLACEMENT_3D('',#8388,#8389,#8390);
#8388 = CARTESIAN_POINT('',(-43.86829744823,-16.01787997811,466.02));
#8389 = DIRECTION('',(-0.866025403784,-0.5,0.));
#8390 = DIRECTION('',(0.5,-0.866025403784,0.));
#8391 = PCURVE('',#3385,#8392);
#8392 = DEFINITIONAL_REPRESENTATION('',(#8393),#8397);
#8393 = LINE('',#8394,#8395);
#8394 = CARTESIAN_POINT('',(0.,12.));
#8395 = VECTOR('',#8396,1.);
#8396 = DIRECTION('',(1.,0.));
#8397 = ( GEOMETRIC_REPRESENTATION_CONTEXT(2) 
PARAMETRIC_REPRESENTATION_CONTEXT() REPRESENTATION_CONTEXT('2D SPACE',''
  ) );
#8398 = PCURVE('',#7595,#8399);
#8399 = DEFINITIONAL_REPRESENTATION('',(#8400),#8404);
#8400 = CIRCLE('',#8401,4.);
#8401 = AXIS2_PLACEMENT_2D('',#8402,#8403);
#8402 = CARTESIAN_POINT('',(0.,0.));
#8403 = DIRECTION('',(1.,0.));
#8404 = ( GEOMETRIC_REPRESENTATION_CONTEXT(2) 
PARAMETRIC_REPRESENTATION_CONTEXT() REPRESENTATION_CONTEXT('2D SPACE',''
  ) );
#8405 = ORIENTED_EDGE('',*,*,#7606,.F.);
#8406 = ORIENTED_EDGE('',*,*,#8407,.T.);
#8407 = EDGE_CURVE('',#7527,#8360,#8408,.T.);
#8408 = SURFACE_CURVE('',#8409,(#8414,#8421),.PCURVE_S1.);
#8409 = CIRCLE('',#8410,4.);
#8410 = AXIS2_PLACEMENT_3D('',#8411,#8412,#8413);
#8411 = CARTESIAN_POINT('',(-33.47599260282,-10.01787997811,466.02));
#8412 = DIRECTION('',(-0.866025403784,-0.5,0.));
#8413 = DIRECTION('',(0.5,-0.866025403784,0.));
#8414 = PCURVE('',#3385,#8415);
#8415 = DEFINITIONAL_REPRESENTATION('',(#8416),#8420);
#8416 = LINE('',#8417,#8418);
#8417 = CARTESIAN_POINT('',(0.,0.));
#8418 = VECTOR('',#8419,1.);
#8419 = DIRECTION('',(1.,0.));
#8420 = ( GEOMETRIC_REPRESENTATION_CONTEXT(2) 
PARAMETRIC_REPRESENTATION_CONTEXT() REPRESENTATION_CONTEXT('2D SPACE',''
  ) );
#8421 = PCURVE('',#7543,#8422);
#8422 = DEFINITIONAL_REPRESENTATION('',(#8423),#8427);
#8423 = CIRCLE('',#8424,4.);
#8424 = AXIS2_PLACEMENT_2D('',#8425,#8426);
#8425 = CARTESIAN_POINT('',(0.,0.));
#8426 = DIRECTION('',(1.,0.));
#8427 = ( GEOMETRIC_REPRESENTATION_CONTEXT(2) 
PARAMETRIC_REPRESENTATION_CONTEXT() REPRESENTATION_CONTEXT('2D SPACE',''
  ) );
#8428 = FACE_BOUND('',#8429,.F.);
#8429 = EDGE_LOOP('',(#8430));
#8430 = ORIENTED_EDGE('',*,*,#2979,.F.);
#8431 = ADVANCED_FACE('',(#8432,#8435),#3633,.F.);
#8432 = FACE_BOUND('',#8433,.F.);
#8433 = EDGE_LOOP('',(#8434));
#8434 = ORIENTED_EDGE('',*,*,#3618,.T.);
#8435 = FACE_BOUND('',#8436,.F.);
#8436 = EDGE_LOOP('',(#8437));
#8437 = ORIENTED_EDGE('',*,*,#8438,.F.);
#8438 = EDGE_CURVE('',#8439,#8439,#8441,.T.);
#8439 = VERTEX_POINT('',#8440);
#8440 = CARTESIAN_POINT('',(-8.,-34.,463.4));
#8441 = SURFACE_CURVE('',#8442,(#8447,#8454),.PCURVE_S1.);
#8442 = CIRCLE('',#8443,3.);
#8443 = AXIS2_PLACEMENT_3D('',#8444,#8445,#8446);
#8444 = CARTESIAN_POINT('',(-11.,-34.,463.4));
#8445 = DIRECTION('',(0.,0.,1.));
#8446 = DIRECTION('',(1.,0.,-0.));
#8447 = PCURVE('',#3633,#8448);
#8448 = DEFINITIONAL_REPRESENTATION('',(#8449),#8453);
#8449 = CIRCLE('',#8450,3.);
#8450 = AXIS2_PLACEMENT_2D('',#8451,#8452);
#8451 = CARTESIAN_POINT('',(0.,0.));
#8452 = DIRECTION('',(1.,0.));
#8453 = ( GEOMETRIC_REPRESENTATION_CONTEXT(2) 
PARAMETRIC_REPRESENTATION_CONTEXT() REPRESENTATION_CONTEXT('2D SPACE',''
  ) );
#8454 = PCURVE('',#8455,#8460);
#8455 = CYLINDRICAL_SURFACE('',#8456,3.);
#8456 = AXIS2_PLACEMENT_3D('',#8457,#8458,#8459);
#8457 = CARTESIAN_POINT('',(-11.,-34.,461.));
#8458 = DIRECTION('',(0.,0.,1.));
#8459 = DIRECTION('',(1.,0.,-0.));
#8460 = DEFINITIONAL_REPRESENTATION('',(#8461),#8465);
#8461 = LINE('',#8462,#8463);
#8462 = CARTESIAN_POINT('',(0.,2.4));
#8463 = VECTOR('',#8464,1.);
#8464 = DIRECTION('',(1.,0.));
#8465 = ( GEOMETRIC_REPRESENTATION_CONTEXT(2) 
PARAMETRIC_REPRESENTATION_CONTEXT() REPRESENTATION_CONTEXT('2D SPACE',''
  ) );
#8466 = ADVANCED_FACE('',(#8467,#8470),#3688,.F.);
#8467 = FACE_BOUND('',#8468,.F.);
#8468 = EDGE_LOOP('',(#8469));
#8469 = ORIENTED_EDGE('',*,*,#3673,.T.);
#8470 = FACE_BOUND('',#8471,.F.);
#8471 = EDGE_LOOP('',(#8472));
#8472 = ORIENTED_EDGE('',*,*,#8473,.F.);
#8473 = EDGE_CURVE('',#8474,#8474,#8476,.T.);
#8474 = VERTEX_POINT('',#8475);
#8475 = CARTESIAN_POINT('',(4.,-36.,463.4));
#8476 = SURFACE_CURVE('',#8477,(#8482,#8489),.PCURVE_S1.);
#8477 = CIRCLE('',#8478,4.);
#8478 = AXIS2_PLACEMENT_3D('',#8479,#8480,#8481);
#8479 = CARTESIAN_POINT('',(0.,-36.,463.4));
#8480 = DIRECTION('',(0.,0.,1.));
#8481 = DIRECTION('',(1.,0.,-0.));
#8482 = PCURVE('',#3688,#8483);
#8483 = DEFINITIONAL_REPRESENTATION('',(#8484),#8488);
#8484 = CIRCLE('',#8485,4.);
#8485 = AXIS2_PLACEMENT_2D('',#8486,#8487);
#8486 = CARTESIAN_POINT('',(0.,0.));
#8487 = DIRECTION('',(1.,0.));
#8488 = ( GEOMETRIC_REPRESENTATION_CONTEXT(2) 
PARAMETRIC_REPRESENTATION_CONTEXT() REPRESENTATION_CONTEXT('2D SPACE',''
  ) );
#8489 = PCURVE('',#8490,#8495);
#8490 = CYLINDRICAL_SURFACE('',#8491,4.);
#8491 = AXIS2_PLACEMENT_3D('',#8492,#8493,#8494);
#8492 = CARTESIAN_POINT('',(0.,-36.,461.));
#8493 = DIRECTION('',(0.,0.,1.));
#8494 = DIRECTION('',(1.,0.,-0.));
#8495 = DEFINITIONAL_REPRESENTATION('',(#8496),#8500);
#8496 = LINE('',#8497,#8498);
#8497 = CARTESIAN_POINT('',(0.,2.4));
#8498 = VECTOR('',#8499,1.);
#8499 = DIRECTION('',(1.,0.));
#8500 = ( GEOMETRIC_REPRESENTATION_CONTEXT(2) 
PARAMETRIC_REPRESENTATION_CONTEXT() REPRESENTATION_CONTEXT('2D SPACE',''
  ) );
#8501 = ADVANCED_FACE('',(#8502,#8505),#3743,.F.);
#8502 = FACE_BOUND('',#8503,.F.);
#8503 = EDGE_LOOP('',(#8504));
#8504 = ORIENTED_EDGE('',*,*,#3728,.T.);
#8505 = FACE_BOUND('',#8506,.F.);
#8506 = EDGE_LOOP('',(#8507));
#8507 = ORIENTED_EDGE('',*,*,#8508,.F.);
#8508 = EDGE_CURVE('',#8509,#8509,#8511,.T.);
#8509 = VERTEX_POINT('',#8510);
#8510 = CARTESIAN_POINT('',(14.,-34.,463.4));
#8511 = SURFACE_CURVE('',#8512,(#8517,#8524),.PCURVE_S1.);
#8512 = CIRCLE('',#8513,3.);
#8513 = AXIS2_PLACEMENT_3D('',#8514,#8515,#8516);
#8514 = CARTESIAN_POINT('',(11.,-34.,463.4));
#8515 = DIRECTION('',(0.,0.,1.));
#8516 = DIRECTION('',(1.,0.,-0.));
#8517 = PCURVE('',#3743,#8518);
#8518 = DEFINITIONAL_REPRESENTATION('',(#8519),#8523);
#8519 = CIRCLE('',#8520,3.);
#8520 = AXIS2_PLACEMENT_2D('',#8521,#8522);
#8521 = CARTESIAN_POINT('',(0.,0.));
#8522 = DIRECTION('',(1.,0.));
#8523 = ( GEOMETRIC_REPRESENTATION_CONTEXT(2) 
PARAMETRIC_REPRESENTATION_CONTEXT() REPRESENTATION_CONTEXT('2D SPACE',''
  ) );
#8524 = PCURVE('',#8525,#8530);
#8525 = CYLINDRICAL_SURFACE('',#8526,3.);
#8526 = AXIS2_PLACEMENT_3D('',#8527,#8528,#8529);
#8527 = CARTESIAN_POINT('',(11.,-34.,461.));
#8528 = DIRECTION('',(0.,0.,1.));
#8529 = DIRECTION('',(1.,0.,-0.));
#8530 = DEFINITIONAL_REPRESENTATION('',(#8531),#8535);
#8531 = LINE('',#8532,#8533);
#8532 = CARTESIAN_POINT('',(0.,2.4));
#8533 = VECTOR('',#8534,1.);
#8534 = DIRECTION('',(1.,0.));
#8535 = ( GEOMETRIC_REPRESENTATION_CONTEXT(2) 
PARAMETRIC_REPRESENTATION_CONTEXT() REPRESENTATION_CONTEXT('2D SPACE',''
  ) );
#8536 = ADVANCED_FACE('',(#8537,#8609),#4194,.F.);
#8537 = FACE_BOUND('',#8538,.F.);
#8538 = EDGE_LOOP('',(#8539,#8564,#8586,#8587));
#8539 = ORIENTED_EDGE('',*,*,#8540,.T.);
#8540 = EDGE_CURVE('',#8541,#8543,#8545,.T.);
#8541 = VERTEX_POINT('',#8542);
#8542 = CARTESIAN_POINT('',(35.47599260282,-6.553778362978,466.02));
#8543 = VERTEX_POINT('',#8544);
#8544 = CARTESIAN_POINT('',(45.868297448233,-12.55377836297,466.02));
#8545 = SURFACE_CURVE('',#8546,(#8550,#8557),.PCURVE_S1.);
#8546 = LINE('',#8547,#8548);
#8547 = CARTESIAN_POINT('',(35.47599260282,-6.553778362978,466.02));
#8548 = VECTOR('',#8549,1.);
#8549 = DIRECTION('',(0.866025403784,-0.5,1.232595164408E-32));
#8550 = PCURVE('',#4194,#8551);
#8551 = DEFINITIONAL_REPRESENTATION('',(#8552),#8556);
#8552 = LINE('',#8553,#8554);
#8553 = CARTESIAN_POINT('',(6.28318530718,-0.));
#8554 = VECTOR('',#8555,1.);
#8555 = DIRECTION('',(0.,1.));
#8556 = ( GEOMETRIC_REPRESENTATION_CONTEXT(2) 
PARAMETRIC_REPRESENTATION_CONTEXT() REPRESENTATION_CONTEXT('2D SPACE',''
  ) );
#8557 = PCURVE('',#7859,#8558);
#8558 = DEFINITIONAL_REPRESENTATION('',(#8559),#8563);
#8559 = LINE('',#8560,#8561);
#8560 = CARTESIAN_POINT('',(0.,-0.));
#8561 = VECTOR('',#8562,1.);
#8562 = DIRECTION('',(0.,1.));
#8563 = ( GEOMETRIC_REPRESENTATION_CONTEXT(2) 
PARAMETRIC_REPRESENTATION_CONTEXT() REPRESENTATION_CONTEXT('2D SPACE',''
  ) );
#8564 = ORIENTED_EDGE('',*,*,#8565,.F.);
#8565 = EDGE_CURVE('',#7871,#8543,#8566,.T.);
#8566 = SURFACE_CURVE('',#8567,(#8572,#8579),.PCURVE_S1.);
#8567 = CIRCLE('',#8568,4.);
#8568 = AXIS2_PLACEMENT_3D('',#8569,#8570,#8571);
#8569 = CARTESIAN_POINT('',(43.868297448233,-16.01787997811,466.02));
#8570 = DIRECTION('',(0.866025403784,-0.5,0.));
#8571 = DIRECTION('',(0.5,0.866025403784,0.));
#8572 = PCURVE('',#4194,#8573);
#8573 = DEFINITIONAL_REPRESENTATION('',(#8574),#8578);
#8574 = LINE('',#8575,#8576);
#8575 = CARTESIAN_POINT('',(0.,12.));
#8576 = VECTOR('',#8577,1.);
#8577 = DIRECTION('',(1.,0.));
#8578 = ( GEOMETRIC_REPRESENTATION_CONTEXT(2) 
PARAMETRIC_REPRESENTATION_CONTEXT() REPRESENTATION_CONTEXT('2D SPACE',''
  ) );
#8579 = PCURVE('',#7885,#8580);
#8580 = DEFINITIONAL_REPRESENTATION('',(#8581),#8585);
#8581 = CIRCLE('',#8582,4.);
#8582 = AXIS2_PLACEMENT_2D('',#8583,#8584);
#8583 = CARTESIAN_POINT('',(0.,0.));
#8584 = DIRECTION('',(1.,0.));
#8585 = ( GEOMETRIC_REPRESENTATION_CONTEXT(2) 
PARAMETRIC_REPRESENTATION_CONTEXT() REPRESENTATION_CONTEXT('2D SPACE',''
  ) );
#8586 = ORIENTED_EDGE('',*,*,#7896,.F.);
#8587 = ORIENTED_EDGE('',*,*,#8588,.T.);
#8588 = EDGE_CURVE('',#7817,#8541,#8589,.T.);
#8589 = SURFACE_CURVE('',#8590,(#8595,#8602),.PCURVE_S1.);
#8590 = CIRCLE('',#8591,4.);
#8591 = AXIS2_PLACEMENT_3D('',#8592,#8593,#8594);
#8592 = CARTESIAN_POINT('',(33.47599260282,-10.01787997811,466.02));
#8593 = DIRECTION('',(0.866025403784,-0.5,0.));
#8594 = DIRECTION('',(0.5,0.866025403784,0.));
#8595 = PCURVE('',#4194,#8596);
#8596 = DEFINITIONAL_REPRESENTATION('',(#8597),#8601);
#8597 = LINE('',#8598,#8599);
#8598 = CARTESIAN_POINT('',(0.,0.));
#8599 = VECTOR('',#8600,1.);
#8600 = DIRECTION('',(1.,0.));
#8601 = ( GEOMETRIC_REPRESENTATION_CONTEXT(2) 
PARAMETRIC_REPRESENTATION_CONTEXT() REPRESENTATION_CONTEXT('2D SPACE',''
  ) );
#8602 = PCURVE('',#7833,#8603);
#8603 = DEFINITIONAL_REPRESENTATION('',(#8604),#8608);
#8604 = CIRCLE('',#8605,4.);
#8605 = AXIS2_PLACEMENT_2D('',#8606,#8607);
#8606 = CARTESIAN_POINT('',(0.,0.));
#8607 = DIRECTION('',(1.,0.));
#8608 = ( GEOMETRIC_REPRESENTATION_CONTEXT(2) 
PARAMETRIC_REPRESENTATION_CONTEXT() REPRESENTATION_CONTEXT('2D SPACE',''
  ) );
#8609 = FACE_BOUND('',#8610,.F.);
#8610 = EDGE_LOOP('',(#8611));
#8611 = ORIENTED_EDGE('',*,*,#3788,.F.);
#8612 = ADVANCED_FACE('',(#8613,#8685),#4809,.F.);
#8613 = FACE_BOUND('',#8614,.F.);
#8614 = EDGE_LOOP('',(#8615,#8640,#8662,#8663));
#8615 = ORIENTED_EDGE('',*,*,#8616,.T.);
#8616 = EDGE_CURVE('',#8617,#8619,#8621,.T.);
#8617 = VERTEX_POINT('',#8618);
#8618 = CARTESIAN_POINT('',(27.413734854522,-20.51801840674,466.02));
#8619 = VERTEX_POINT('',#8620);
#8620 = CARTESIAN_POINT('',(37.806039699935,-26.51801840674,466.02));
#8621 = SURFACE_CURVE('',#8622,(#8626,#8633),.PCURVE_S1.);
#8622 = LINE('',#8623,#8624);
#8623 = CARTESIAN_POINT('',(27.413734854522,-20.51801840674,466.02));
#8624 = VECTOR('',#8625,1.);
#8625 = DIRECTION('',(0.866025403784,-0.5,1.232595164408E-32));
#8626 = PCURVE('',#4809,#8627);
#8627 = DEFINITIONAL_REPRESENTATION('',(#8628),#8632);
#8628 = LINE('',#8629,#8630);
#8629 = CARTESIAN_POINT('',(6.28318530718,-0.));
#8630 = VECTOR('',#8631,1.);
#8631 = DIRECTION('',(0.,1.));
#8632 = ( GEOMETRIC_REPRESENTATION_CONTEXT(2) 
PARAMETRIC_REPRESENTATION_CONTEXT() REPRESENTATION_CONTEXT('2D SPACE',''
  ) );
#8633 = PCURVE('',#7732,#8634);
#8634 = DEFINITIONAL_REPRESENTATION('',(#8635),#8639);
#8635 = LINE('',#8636,#8637);
#8636 = CARTESIAN_POINT('',(0.,-0.));
#8637 = VECTOR('',#8638,1.);
#8638 = DIRECTION('',(0.,1.));
#8639 = ( GEOMETRIC_REPRESENTATION_CONTEXT(2) 
PARAMETRIC_REPRESENTATION_CONTEXT() REPRESENTATION_CONTEXT('2D SPACE',''
  ) );
#8640 = ORIENTED_EDGE('',*,*,#8641,.F.);
#8641 = EDGE_CURVE('',#7744,#8619,#8642,.T.);
#8642 = SURFACE_CURVE('',#8643,(#8648,#8655),.PCURVE_S1.);
#8643 = CIRCLE('',#8644,4.);
#8644 = AXIS2_PLACEMENT_3D('',#8645,#8646,#8647);
#8645 = CARTESIAN_POINT('',(35.806039699935,-29.98212002188,466.02));
#8646 = DIRECTION('',(0.866025403784,-0.5,0.));
#8647 = DIRECTION('',(0.5,0.866025403784,0.));
#8648 = PCURVE('',#4809,#8649);
#8649 = DEFINITIONAL_REPRESENTATION('',(#8650),#8654);
#8650 = LINE('',#8651,#8652);
#8651 = CARTESIAN_POINT('',(0.,12.));
#8652 = VECTOR('',#8653,1.);
#8653 = DIRECTION('',(1.,0.));
#8654 = ( GEOMETRIC_REPRESENTATION_CONTEXT(2) 
PARAMETRIC_REPRESENTATION_CONTEXT() REPRESENTATION_CONTEXT('2D SPACE',''
  ) );
#8655 = PCURVE('',#7758,#8656);
#8656 = DEFINITIONAL_REPRESENTATION('',(#8657),#8661);
#8657 = CIRCLE('',#8658,4.);
#8658 = AXIS2_PLACEMENT_2D('',#8659,#8660);
#8659 = CARTESIAN_POINT('',(0.,0.));
#8660 = DIRECTION('',(1.,0.));
#8661 = ( GEOMETRIC_REPRESENTATION_CONTEXT(2) 
PARAMETRIC_REPRESENTATION_CONTEXT() REPRESENTATION_CONTEXT('2D SPACE',''
  ) );
#8662 = ORIENTED_EDGE('',*,*,#7769,.F.);
#8663 = ORIENTED_EDGE('',*,*,#8664,.T.);
#8664 = EDGE_CURVE('',#7690,#8617,#8665,.T.);
#8665 = SURFACE_CURVE('',#8666,(#8671,#8678),.PCURVE_S1.);
#8666 = CIRCLE('',#8667,4.);
#8667 = AXIS2_PLACEMENT_3D('',#8668,#8669,#8670);
#8668 = CARTESIAN_POINT('',(25.413734854522,-23.98212002188,466.02));
#8669 = DIRECTION('',(0.866025403784,-0.5,0.));
#8670 = DIRECTION('',(0.5,0.866025403784,0.));
#8671 = PCURVE('',#4809,#8672);
#8672 = DEFINITIONAL_REPRESENTATION('',(#8673),#8677);
#8673 = LINE('',#8674,#8675);
#8674 = CARTESIAN_POINT('',(0.,0.));
#8675 = VECTOR('',#8676,1.);
#8676 = DIRECTION('',(1.,0.));
#8677 = ( GEOMETRIC_REPRESENTATION_CONTEXT(2) 
PARAMETRIC_REPRESENTATION_CONTEXT() REPRESENTATION_CONTEXT('2D SPACE',''
  ) );
#8678 = PCURVE('',#7706,#8679);
#8679 = DEFINITIONAL_REPRESENTATION('',(#8680),#8684);
#8680 = CIRCLE('',#8681,4.);
#8681 = AXIS2_PLACEMENT_2D('',#8682,#8683);
#8682 = CARTESIAN_POINT('',(0.,0.));
#8683 = DIRECTION('',(1.,0.));
#8684 = ( GEOMETRIC_REPRESENTATION_CONTEXT(2) 
PARAMETRIC_REPRESENTATION_CONTEXT() REPRESENTATION_CONTEXT('2D SPACE',''
  ) );
#8685 = FACE_BOUND('',#8686,.F.);
#8686 = EDGE_LOOP('',(#8687));
#8687 = ORIENTED_EDGE('',*,*,#4403,.F.);
#8688 = ADVANCED_FACE('',(#8689,#8692),#5036,.T.);
#8689 = FACE_BOUND('',#8690,.T.);
#8690 = EDGE_LOOP('',(#8691));
#8691 = ORIENTED_EDGE('',*,*,#7790,.T.);
#8692 = FACE_BOUND('',#8693,.T.);
#8693 = EDGE_LOOP('',(#8694));
#8694 = ORIENTED_EDGE('',*,*,#5019,.F.);
#8695 = ADVANCED_FACE('',(#8696,#8768),#5549,.F.);
#8696 = FACE_BOUND('',#8697,.F.);
#8697 = EDGE_LOOP('',(#8698,#8722,#8745,#8767));
#8698 = ORIENTED_EDGE('',*,*,#8699,.F.);
#8699 = EDGE_CURVE('',#8700,#8053,#8702,.T.);
#8700 = VERTEX_POINT('',#8701);
#8701 = CARTESIAN_POINT('',(12.062257748299,46.,466.02));
#8702 = SURFACE_CURVE('',#8703,(#8708,#8715),.PCURVE_S1.);
#8703 = CIRCLE('',#8704,4.);
#8704 = AXIS2_PLACEMENT_3D('',#8705,#8706,#8707);
#8705 = CARTESIAN_POINT('',(8.062257748299,46.,466.02));
#8706 = DIRECTION('',(6.123233995737E-17,1.,0.));
#8707 = DIRECTION('',(1.,-6.123233995737E-17,0.));
#8708 = PCURVE('',#5549,#8709);
#8709 = DEFINITIONAL_REPRESENTATION('',(#8710),#8714);
#8710 = LINE('',#8711,#8712);
#8711 = CARTESIAN_POINT('',(0.,12.));
#8712 = VECTOR('',#8713,1.);
#8713 = DIRECTION('',(1.,0.));
#8714 = ( GEOMETRIC_REPRESENTATION_CONTEXT(2) 
PARAMETRIC_REPRESENTATION_CONTEXT() REPRESENTATION_CONTEXT('2D SPACE',''
  ) );
#8715 = PCURVE('',#8088,#8716);
#8716 = DEFINITIONAL_REPRESENTATION('',(#8717),#8721);
#8717 = CIRCLE('',#8718,4.);
#8718 = AXIS2_PLACEMENT_2D('',#8719,#8720);
#8719 = CARTESIAN_POINT('',(0.,0.));
#8720 = DIRECTION('',(1.,0.));
#8721 = ( GEOMETRIC_REPRESENTATION_CONTEXT(2) 
PARAMETRIC_REPRESENTATION_CONTEXT() REPRESENTATION_CONTEXT('2D SPACE',''
  ) );
#8722 = ORIENTED_EDGE('',*,*,#8723,.F.);
#8723 = EDGE_CURVE('',#8724,#8700,#8726,.T.);
#8724 = VERTEX_POINT('',#8725);
#8725 = CARTESIAN_POINT('',(12.062257748299,34.,466.02));
#8726 = SURFACE_CURVE('',#8727,(#8731,#8738),.PCURVE_S1.);
#8727 = LINE('',#8728,#8729);
#8728 = CARTESIAN_POINT('',(12.062257748299,34.,466.02));
#8729 = VECTOR('',#8730,1.);
#8730 = DIRECTION('',(6.123233995737E-17,1.,0.));
#8731 = PCURVE('',#5549,#8732);
#8732 = DEFINITIONAL_REPRESENTATION('',(#8733),#8737);
#8733 = LINE('',#8734,#8735);
#8734 = CARTESIAN_POINT('',(0.,-0.));
#8735 = VECTOR('',#8736,1.);
#8736 = DIRECTION('',(0.,1.));
#8737 = ( GEOMETRIC_REPRESENTATION_CONTEXT(2) 
PARAMETRIC_REPRESENTATION_CONTEXT() REPRESENTATION_CONTEXT('2D SPACE',''
  ) );
#8738 = PCURVE('',#8112,#8739);
#8739 = DEFINITIONAL_REPRESENTATION('',(#8740),#8744);
#8740 = LINE('',#8741,#8742);
#8741 = CARTESIAN_POINT('',(6.28318530718,-0.));
#8742 = VECTOR('',#8743,1.);
#8743 = DIRECTION('',(0.,1.));
#8744 = ( GEOMETRIC_REPRESENTATION_CONTEXT(2) 
PARAMETRIC_REPRESENTATION_CONTEXT() REPRESENTATION_CONTEXT('2D SPACE',''
  ) );
#8745 = ORIENTED_EDGE('',*,*,#8746,.T.);
#8746 = EDGE_CURVE('',#8724,#8027,#8747,.T.);
#8747 = SURFACE_CURVE('',#8748,(#8753,#8760),.PCURVE_S1.);
#8748 = CIRCLE('',#8749,4.);
#8749 = AXIS2_PLACEMENT_3D('',#8750,#8751,#8752);
#8750 = CARTESIAN_POINT('',(8.062257748299,34.,466.02));
#8751 = DIRECTION('',(6.123233995737E-17,1.,0.));
#8752 = DIRECTION('',(1.,-6.123233995737E-17,0.));
#8753 = PCURVE('',#5549,#8754);
#8754 = DEFINITIONAL_REPRESENTATION('',(#8755),#8759);
#8755 = LINE('',#8756,#8757);
#8756 = CARTESIAN_POINT('',(0.,0.));
#8757 = VECTOR('',#8758,1.);
#8758 = DIRECTION('',(1.,0.));
#8759 = ( GEOMETRIC_REPRESENTATION_CONTEXT(2) 
PARAMETRIC_REPRESENTATION_CONTEXT() REPRESENTATION_CONTEXT('2D SPACE',''
  ) );
#8760 = PCURVE('',#8041,#8761);
#8761 = DEFINITIONAL_REPRESENTATION('',(#8762),#8766);
#8762 = CIRCLE('',#8763,4.);
#8763 = AXIS2_PLACEMENT_2D('',#8764,#8765);
#8764 = CARTESIAN_POINT('',(0.,0.));
#8765 = DIRECTION('',(1.,0.));
#8766 = ( GEOMETRIC_REPRESENTATION_CONTEXT(2) 
PARAMETRIC_REPRESENTATION_CONTEXT() REPRESENTATION_CONTEXT('2D SPACE',''
  ) );
#8767 = ORIENTED_EDGE('',*,*,#8052,.T.);
#8768 = FACE_BOUND('',#8769,.F.);
#8769 = EDGE_LOOP('',(#8770,#8771));
#8770 = ORIENTED_EDGE('',*,*,#5339,.F.);
#8771 = ORIENTED_EDGE('',*,*,#5682,.F.);
#8772 = ADVANCED_FACE('',(#8773,#8845),#6402,.F.);
#8773 = FACE_BOUND('',#8774,.F.);
#8774 = EDGE_LOOP('',(#8775,#8799,#8822,#8844));
#8775 = ORIENTED_EDGE('',*,*,#8776,.F.);
#8776 = EDGE_CURVE('',#8777,#7952,#8779,.T.);
#8777 = VERTEX_POINT('',#8778);
#8778 = CARTESIAN_POINT('',(-4.062257748299,46.,466.02));
#8779 = SURFACE_CURVE('',#8780,(#8785,#8792),.PCURVE_S1.);
#8780 = CIRCLE('',#8781,4.);
#8781 = AXIS2_PLACEMENT_3D('',#8782,#8783,#8784);
#8782 = CARTESIAN_POINT('',(-8.062257748299,46.,466.02));
#8783 = DIRECTION('',(6.123233995737E-17,1.,0.));
#8784 = DIRECTION('',(1.,-6.123233995737E-17,0.));
#8785 = PCURVE('',#6402,#8786);
#8786 = DEFINITIONAL_REPRESENTATION('',(#8787),#8791);
#8787 = LINE('',#8788,#8789);
#8788 = CARTESIAN_POINT('',(0.,12.));
#8789 = VECTOR('',#8790,1.);
#8790 = DIRECTION('',(1.,0.));
#8791 = ( GEOMETRIC_REPRESENTATION_CONTEXT(2) 
PARAMETRIC_REPRESENTATION_CONTEXT() REPRESENTATION_CONTEXT('2D SPACE',''
  ) );
#8792 = PCURVE('',#7987,#8793);
#8793 = DEFINITIONAL_REPRESENTATION('',(#8794),#8798);
#8794 = CIRCLE('',#8795,4.);
#8795 = AXIS2_PLACEMENT_2D('',#8796,#8797);
#8796 = CARTESIAN_POINT('',(0.,0.));
#8797 = DIRECTION('',(1.,0.));
#8798 = ( GEOMETRIC_REPRESENTATION_CONTEXT(2) 
PARAMETRIC_REPRESENTATION_CONTEXT() REPRESENTATION_CONTEXT('2D SPACE',''
  ) );
#8799 = ORIENTED_EDGE('',*,*,#8800,.F.);
#8800 = EDGE_CURVE('',#8801,#8777,#8803,.T.);
#8801 = VERTEX_POINT('',#8802);
#8802 = CARTESIAN_POINT('',(-4.062257748299,34.,466.02));
#8803 = SURFACE_CURVE('',#8804,(#8808,#8815),.PCURVE_S1.);
#8804 = LINE('',#8805,#8806);
#8805 = CARTESIAN_POINT('',(-4.062257748299,34.,466.02));
#8806 = VECTOR('',#8807,1.);
#8807 = DIRECTION('',(6.123233995737E-17,1.,0.));
#8808 = PCURVE('',#6402,#8809);
#8809 = DEFINITIONAL_REPRESENTATION('',(#8810),#8814);
#8810 = LINE('',#8811,#8812);
#8811 = CARTESIAN_POINT('',(0.,-0.));
#8812 = VECTOR('',#8813,1.);
#8813 = DIRECTION('',(0.,1.));
#8814 = ( GEOMETRIC_REPRESENTATION_CONTEXT(2) 
PARAMETRIC_REPRESENTATION_CONTEXT() REPRESENTATION_CONTEXT('2D SPACE',''
  ) );
#8815 = PCURVE('',#8011,#8816);
#8816 = DEFINITIONAL_REPRESENTATION('',(#8817),#8821);
#8817 = LINE('',#8818,#8819);
#8818 = CARTESIAN_POINT('',(6.28318530718,-0.));
#8819 = VECTOR('',#8820,1.);
#8820 = DIRECTION('',(0.,1.));
#8821 = ( GEOMETRIC_REPRESENTATION_CONTEXT(2) 
PARAMETRIC_REPRESENTATION_CONTEXT() REPRESENTATION_CONTEXT('2D SPACE',''
  ) );
#8822 = ORIENTED_EDGE('',*,*,#8823,.T.);
#8823 = EDGE_CURVE('',#8801,#7926,#8824,.T.);
#8824 = SURFACE_CURVE('',#8825,(#8830,#8837),.PCURVE_S1.);
#8825 = CIRCLE('',#8826,4.);
#8826 = AXIS2_PLACEMENT_3D('',#8827,#8828,#8829);
#8827 = CARTESIAN_POINT('',(-8.062257748299,34.,466.02));
#8828 = DIRECTION('',(6.123233995737E-17,1.,0.));
#8829 = DIRECTION('',(1.,-6.123233995737E-17,0.));
#8830 = PCURVE('',#6402,#8831);
#8831 = DEFINITIONAL_REPRESENTATION('',(#8832),#8836);
#8832 = LINE('',#8833,#8834);
#8833 = CARTESIAN_POINT('',(0.,0.));
#8834 = VECTOR('',#8835,1.);
#8835 = DIRECTION('',(1.,0.));
#8836 = ( GEOMETRIC_REPRESENTATION_CONTEXT(2) 
PARAMETRIC_REPRESENTATION_CONTEXT() REPRESENTATION_CONTEXT('2D SPACE',''
  ) );
#8837 = PCURVE('',#7940,#8838);
#8838 = DEFINITIONAL_REPRESENTATION('',(#8839),#8843);
#8839 = CIRCLE('',#8840,4.);
#8840 = AXIS2_PLACEMENT_2D('',#8841,#8842);
#8841 = CARTESIAN_POINT('',(0.,0.));
#8842 = DIRECTION('',(1.,0.));
#8843 = ( GEOMETRIC_REPRESENTATION_CONTEXT(2) 
PARAMETRIC_REPRESENTATION_CONTEXT() REPRESENTATION_CONTEXT('2D SPACE',''
  ) );
#8844 = ORIENTED_EDGE('',*,*,#7951,.T.);
#8845 = FACE_BOUND('',#8846,.F.);
#8846 = EDGE_LOOP('',(#8847));
#8847 = ORIENTED_EDGE('',*,*,#5996,.F.);
#8848 = ADVANCED_FACE('',(#8849,#8855,#8886),#6912,.T.);
#8849 = FACE_BOUND('',#8850,.T.);
#8850 = EDGE_LOOP('',(#8851,#8852,#8853,#8854));
#8851 = ORIENTED_EDGE('',*,*,#6898,.F.);
#8852 = ORIENTED_EDGE('',*,*,#6929,.T.);
#8853 = ORIENTED_EDGE('',*,*,#7002,.T.);
#8854 = ORIENTED_EDGE('',*,*,#7028,.F.);
#8855 = FACE_BOUND('',#8856,.T.);
#8856 = EDGE_LOOP('',(#8857));
#8857 = ORIENTED_EDGE('',*,*,#8858,.F.);
#8858 = EDGE_CURVE('',#8859,#8859,#8861,.T.);
#8859 = VERTEX_POINT('',#8860);
#8860 = CARTESIAN_POINT('',(70.,41.,517.));
#8861 = SURFACE_CURVE('',#8862,(#8867,#8874),.PCURVE_S1.);
#8862 = CIRCLE('',#8863,2.5);
#8863 = AXIS2_PLACEMENT_3D('',#8864,#8865,#8866);
#8864 = CARTESIAN_POINT('',(70.,41.,514.5));
#8865 = DIRECTION('',(1.,0.,0.));
#8866 = DIRECTION('',(-0.,0.,1.));
#8867 = PCURVE('',#6912,#8868);
#8868 = DEFINITIONAL_REPRESENTATION('',(#8869),#8873);
#8869 = CIRCLE('',#8870,2.5);
#8870 = AXIS2_PLACEMENT_2D('',#8871,#8872);
#8871 = CARTESIAN_POINT('',(22.5,-23.));
#8872 = DIRECTION('',(1.,0.));
#8873 = ( GEOMETRIC_REPRESENTATION_CONTEXT(2) 
PARAMETRIC_REPRESENTATION_CONTEXT() REPRESENTATION_CONTEXT('2D SPACE',''
  ) );
#8874 = PCURVE('',#8875,#8880);
#8875 = CYLINDRICAL_SURFACE('',#8876,2.5);
#8876 = AXIS2_PLACEMENT_3D('',#8877,#8878,#8879);
#8877 = CARTESIAN_POINT('',(61.,41.,514.5));
#8878 = DIRECTION('',(1.,0.,0.));
#8879 = DIRECTION('',(-0.,0.,1.));
#8880 = DEFINITIONAL_REPRESENTATION('',(#8881),#8885);
#8881 = LINE('',#8882,#8883);
#8882 = CARTESIAN_POINT('',(0.,9.));
#8883 = VECTOR('',#8884,1.);
#8884 = DIRECTION('',(1.,0.));
#8885 = ( GEOMETRIC_REPRESENTATION_CONTEXT(2) 
PARAMETRIC_REPRESENTATION_CONTEXT() REPRESENTATION_CONTEXT('2D SPACE',''
  ) );
#8886 = FACE_BOUND('',#8887,.T.);
#8887 = EDGE_LOOP('',(#8888));
#8888 = ORIENTED_EDGE('',*,*,#8889,.F.);
#8889 = EDGE_CURVE('',#8890,#8890,#8892,.T.);
#8890 = VERTEX_POINT('',#8891);
#8891 = CARTESIAN_POINT('',(70.,41.,542.));
#8892 = SURFACE_CURVE('',#8893,(#8898,#8905),.PCURVE_S1.);
#8893 = CIRCLE('',#8894,2.5);
#8894 = AXIS2_PLACEMENT_3D('',#8895,#8896,#8897);
#8895 = CARTESIAN_POINT('',(70.,41.,539.5));
#8896 = DIRECTION('',(1.,0.,0.));
#8897 = DIRECTION('',(-0.,0.,1.));
#8898 = PCURVE('',#6912,#8899);
#8899 = DEFINITIONAL_REPRESENTATION('',(#8900),#8904);
#8900 = CIRCLE('',#8901,2.5);
#8901 = AXIS2_PLACEMENT_2D('',#8902,#8903);
#8902 = CARTESIAN_POINT('',(47.5,-23.));
#8903 = DIRECTION('',(1.,0.));
#8904 = ( GEOMETRIC_REPRESENTATION_CONTEXT(2) 
PARAMETRIC_REPRESENTATION_CONTEXT() REPRESENTATION_CONTEXT('2D SPACE',''
  ) );
#8905 = PCURVE('',#8906,#8911);
#8906 = CYLINDRICAL_SURFACE('',#8907,2.5);
#8907 = AXIS2_PLACEMENT_3D('',#8908,#8909,#8910);
#8908 = CARTESIAN_POINT('',(61.,41.,539.5));
#8909 = DIRECTION('',(1.,0.,0.));
#8910 = DIRECTION('',(-0.,0.,1.));
#8911 = DEFINITIONAL_REPRESENTATION('',(#8912),#8916);
#8912 = LINE('',#8913,#8914);
#8913 = CARTESIAN_POINT('',(0.,9.));
#8914 = VECTOR('',#8915,1.);
#8915 = DIRECTION('',(1.,0.));
#8916 = ( GEOMETRIC_REPRESENTATION_CONTEXT(2) 
PARAMETRIC_REPRESENTATION_CONTEXT() REPRESENTATION_CONTEXT('2D SPACE',''
  ) );
#8917 = ADVANCED_FACE('',(#8918),#7148,.F.);
#8918 = FACE_BOUND('',#8919,.F.);
#8919 = EDGE_LOOP('',(#8920,#8941,#8942,#8943));
#8920 = ORIENTED_EDGE('',*,*,#8921,.F.);
#8921 = EDGE_CURVE('',#7303,#7105,#8922,.T.);
#8922 = SURFACE_CURVE('',#8923,(#8927,#8934),.PCURVE_S1.);
#8923 = LINE('',#8924,#8925);
#8924 = CARTESIAN_POINT('',(52.,-62.,470.));
#8925 = VECTOR('',#8926,1.);
#8926 = DIRECTION('',(0.,0.,1.));
#8927 = PCURVE('',#7148,#8928);
#8928 = DEFINITIONAL_REPRESENTATION('',(#8929),#8933);
#8929 = LINE('',#8930,#8931);
#8930 = CARTESIAN_POINT('',(0.,0.));
#8931 = VECTOR('',#8932,1.);
#8932 = DIRECTION('',(1.,0.));
#8933 = ( GEOMETRIC_REPRESENTATION_CONTEXT(2) 
PARAMETRIC_REPRESENTATION_CONTEXT() REPRESENTATION_CONTEXT('2D SPACE',''
  ) );
#8934 = PCURVE('',#7120,#8935);
#8935 = DEFINITIONAL_REPRESENTATION('',(#8936),#8940);
#8936 = LINE('',#8937,#8938);
#8937 = CARTESIAN_POINT('',(0.,104.));
#8938 = VECTOR('',#8939,1.);
#8939 = DIRECTION('',(1.,0.));
#8940 = ( GEOMETRIC_REPRESENTATION_CONTEXT(2) 
PARAMETRIC_REPRESENTATION_CONTEXT() REPRESENTATION_CONTEXT('2D SPACE',''
  ) );
#8941 = ORIENTED_EDGE('',*,*,#7325,.T.);
#8942 = ORIENTED_EDGE('',*,*,#8149,.T.);
#8943 = ORIENTED_EDGE('',*,*,#7132,.F.);
#8944 = ADVANCED_FACE('',(#8945),#7120,.T.);
#8945 = FACE_BOUND('',#8946,.T.);
#8946 = EDGE_LOOP('',(#8947,#8948,#8969,#8970));
#8947 = ORIENTED_EDGE('',*,*,#7302,.F.);
#8948 = ORIENTED_EDGE('',*,*,#8949,.T.);
#8949 = EDGE_CURVE('',#7280,#7077,#8950,.T.);
#8950 = SURFACE_CURVE('',#8951,(#8955,#8962),.PCURVE_S1.);
#8951 = LINE('',#8952,#8953);
#8952 = CARTESIAN_POINT('',(-52.,-62.,470.));
#8953 = VECTOR('',#8954,1.);
#8954 = DIRECTION('',(0.,0.,1.));
#8955 = PCURVE('',#7120,#8956);
#8956 = DEFINITIONAL_REPRESENTATION('',(#8957),#8961);
#8957 = LINE('',#8958,#8959);
#8958 = CARTESIAN_POINT('',(0.,0.));
#8959 = VECTOR('',#8960,1.);
#8960 = DIRECTION('',(1.,0.));
#8961 = ( GEOMETRIC_REPRESENTATION_CONTEXT(2) 
PARAMETRIC_REPRESENTATION_CONTEXT() REPRESENTATION_CONTEXT('2D SPACE',''
  ) );
#8962 = PCURVE('',#7092,#8963);
#8963 = DEFINITIONAL_REPRESENTATION('',(#8964),#8968);
#8964 = LINE('',#8965,#8966);
#8965 = CARTESIAN_POINT('',(0.,0.));
#8966 = VECTOR('',#8967,1.);
#8967 = DIRECTION('',(1.,0.));
#8968 = ( GEOMETRIC_REPRESENTATION_CONTEXT(2) 
PARAMETRIC_REPRESENTATION_CONTEXT() REPRESENTATION_CONTEXT('2D SPACE',''
  ) );
#8969 = ORIENTED_EDGE('',*,*,#7104,.T.);
#8970 = ORIENTED_EDGE('',*,*,#8921,.F.);
#8971 = ADVANCED_FACE('',(#8972),#7092,.T.);
#8972 = FACE_BOUND('',#8973,.T.);
#8973 = EDGE_LOOP('',(#8974,#8975,#8976,#8977));
#8974 = ORIENTED_EDGE('',*,*,#8949,.F.);
#8975 = ORIENTED_EDGE('',*,*,#7279,.T.);
#8976 = ORIENTED_EDGE('',*,*,#7252,.T.);
#8977 = ORIENTED_EDGE('',*,*,#7076,.F.);
#8978 = ADVANCED_FACE('',(#8979),#7411,.T.);
#8979 = FACE_BOUND('',#8980,.T.);
#8980 = EDGE_LOOP('',(#8981,#8982,#9004));
#8981 = ORIENTED_EDGE('',*,*,#8331,.T.);
#8982 = ORIENTED_EDGE('',*,*,#8983,.T.);
#8983 = EDGE_CURVE('',#8284,#7397,#8984,.T.);
#8984 = SURFACE_CURVE('',#8985,(#8990,#8997),.PCURVE_S1.);
#8985 = CIRCLE('',#8986,4.);
#8986 = AXIS2_PLACEMENT_3D('',#8987,#8988,#8989);
#8987 = CARTESIAN_POINT('',(-25.41373485452,-23.98212002188,466.02));
#8988 = DIRECTION('',(-0.866025403784,-0.5,0.));
#8989 = DIRECTION('',(0.5,-0.866025403784,0.));
#8990 = PCURVE('',#7411,#8991);
#8991 = DEFINITIONAL_REPRESENTATION('',(#8992),#8996);
#8992 = CIRCLE('',#8993,4.);
#8993 = AXIS2_PLACEMENT_2D('',#8994,#8995);
#8994 = CARTESIAN_POINT('',(0.,0.));
#8995 = DIRECTION('',(1.,0.));
#8996 = ( GEOMETRIC_REPRESENTATION_CONTEXT(2) 
PARAMETRIC_REPRESENTATION_CONTEXT() REPRESENTATION_CONTEXT('2D SPACE',''
  ) );
#8997 = PCURVE('',#7437,#8998);
#8998 = DEFINITIONAL_REPRESENTATION('',(#8999),#9003);
#8999 = LINE('',#9000,#9001);
#9000 = CARTESIAN_POINT('',(0.,0.));
#9001 = VECTOR('',#9002,1.);
#9002 = DIRECTION('',(1.,0.));
#9003 = ( GEOMETRIC_REPRESENTATION_CONTEXT(2) 
PARAMETRIC_REPRESENTATION_CONTEXT() REPRESENTATION_CONTEXT('2D SPACE',''
  ) );
#9004 = ORIENTED_EDGE('',*,*,#7394,.F.);
#9005 = ADVANCED_FACE('',(#9006),#7437,.F.);
#9006 = FACE_BOUND('',#9007,.F.);
#9007 = EDGE_LOOP('',(#9008,#9030,#9031,#9032));
#9008 = ORIENTED_EDGE('',*,*,#9009,.F.);
#9009 = EDGE_CURVE('',#8286,#7423,#9010,.T.);
#9010 = SURFACE_CURVE('',#9011,(#9016,#9023),.PCURVE_S1.);
#9011 = CIRCLE('',#9012,4.);
#9012 = AXIS2_PLACEMENT_3D('',#9013,#9014,#9015);
#9013 = CARTESIAN_POINT('',(-35.80603969993,-29.98212002188,466.02));
#9014 = DIRECTION('',(-0.866025403784,-0.5,0.));
#9015 = DIRECTION('',(0.5,-0.866025403784,0.));
#9016 = PCURVE('',#7437,#9017);
#9017 = DEFINITIONAL_REPRESENTATION('',(#9018),#9022);
#9018 = LINE('',#9019,#9020);
#9019 = CARTESIAN_POINT('',(0.,12.));
#9020 = VECTOR('',#9021,1.);
#9021 = DIRECTION('',(1.,0.));
#9022 = ( GEOMETRIC_REPRESENTATION_CONTEXT(2) 
PARAMETRIC_REPRESENTATION_CONTEXT() REPRESENTATION_CONTEXT('2D SPACE',''
  ) );
#9023 = PCURVE('',#7463,#9024);
#9024 = DEFINITIONAL_REPRESENTATION('',(#9025),#9029);
#9025 = CIRCLE('',#9026,4.);
#9026 = AXIS2_PLACEMENT_2D('',#9027,#9028);
#9027 = CARTESIAN_POINT('',(0.,0.));
#9028 = DIRECTION('',(1.,0.));
#9029 = ( GEOMETRIC_REPRESENTATION_CONTEXT(2) 
PARAMETRIC_REPRESENTATION_CONTEXT() REPRESENTATION_CONTEXT('2D SPACE',''
  ) );
#9030 = ORIENTED_EDGE('',*,*,#8283,.F.);
#9031 = ORIENTED_EDGE('',*,*,#8983,.T.);
#9032 = ORIENTED_EDGE('',*,*,#7422,.T.);
#9033 = ADVANCED_FACE('',(#9034),#7463,.F.);
#9034 = FACE_BOUND('',#9035,.F.);
#9035 = EDGE_LOOP('',(#9036,#9037,#9038));
#9036 = ORIENTED_EDGE('',*,*,#8308,.T.);
#9037 = ORIENTED_EDGE('',*,*,#9009,.T.);
#9038 = ORIENTED_EDGE('',*,*,#7448,.F.);
#9039 = ADVANCED_FACE('',(#9040),#7512,.F.);
#9040 = FACE_BOUND('',#9041,.F.);
#9041 = EDGE_LOOP('',(#9042,#9043,#9066,#9093));
#9042 = ORIENTED_EDGE('',*,*,#7495,.F.);
#9043 = ORIENTED_EDGE('',*,*,#9044,.F.);
#9044 = EDGE_CURVE('',#9045,#7496,#9047,.T.);
#9045 = VERTEX_POINT('',#9046);
#9046 = CARTESIAN_POINT('',(-9.,-34.,462.));
#9047 = SEAM_CURVE('',#9048,(#9052,#9059),.PCURVE_S1.);
#9048 = LINE('',#9049,#9050);
#9049 = CARTESIAN_POINT('',(-9.,-34.,461.));
#9050 = VECTOR('',#9051,1.);
#9051 = DIRECTION('',(0.,0.,1.));
#9052 = PCURVE('',#7512,#9053);
#9053 = DEFINITIONAL_REPRESENTATION('',(#9054),#9058);
#9054 = LINE('',#9055,#9056);
#9055 = CARTESIAN_POINT('',(6.28318530718,-0.));
#9056 = VECTOR('',#9057,1.);
#9057 = DIRECTION('',(0.,1.));
#9058 = ( GEOMETRIC_REPRESENTATION_CONTEXT(2) 
PARAMETRIC_REPRESENTATION_CONTEXT() REPRESENTATION_CONTEXT('2D SPACE',''
  ) );
#9059 = PCURVE('',#7512,#9060);
#9060 = DEFINITIONAL_REPRESENTATION('',(#9061),#9065);
#9061 = LINE('',#9062,#9063);
#9062 = CARTESIAN_POINT('',(0.,-0.));
#9063 = VECTOR('',#9064,1.);
#9064 = DIRECTION('',(0.,1.));
#9065 = ( GEOMETRIC_REPRESENTATION_CONTEXT(2) 
PARAMETRIC_REPRESENTATION_CONTEXT() REPRESENTATION_CONTEXT('2D SPACE',''
  ) );
#9066 = ORIENTED_EDGE('',*,*,#9067,.T.);
#9067 = EDGE_CURVE('',#9045,#9045,#9068,.T.);
#9068 = SURFACE_CURVE('',#9069,(#9074,#9081),.PCURVE_S1.);
#9069 = CIRCLE('',#9070,2.);
#9070 = AXIS2_PLACEMENT_3D('',#9071,#9072,#9073);
#9071 = CARTESIAN_POINT('',(-11.,-34.,462.));
#9072 = DIRECTION('',(0.,0.,1.));
#9073 = DIRECTION('',(1.,0.,-0.));
#9074 = PCURVE('',#7512,#9075);
#9075 = DEFINITIONAL_REPRESENTATION('',(#9076),#9080);
#9076 = LINE('',#9077,#9078);
#9077 = CARTESIAN_POINT('',(0.,1.));
#9078 = VECTOR('',#9079,1.);
#9079 = DIRECTION('',(1.,0.));
#9080 = ( GEOMETRIC_REPRESENTATION_CONTEXT(2) 
PARAMETRIC_REPRESENTATION_CONTEXT() REPRESENTATION_CONTEXT('2D SPACE',''
  ) );
#9081 = PCURVE('',#9082,#9087);
#9082 = PLANE('',#9083);
#9083 = AXIS2_PLACEMENT_3D('',#9084,#9085,#9086);
#9084 = CARTESIAN_POINT('',(-60.,-70.,462.));
#9085 = DIRECTION('',(0.,0.,1.));
#9086 = DIRECTION('',(1.,0.,0.));
#9087 = DEFINITIONAL_REPRESENTATION('',(#9088),#9092);
#9088 = CIRCLE('',#9089,2.);
#9089 = AXIS2_PLACEMENT_2D('',#9090,#9091);
#9090 = CARTESIAN_POINT('',(49.,36.));
#9091 = DIRECTION('',(1.,0.));
#9092 = ( GEOMETRIC_REPRESENTATION_CONTEXT(2) 
PARAMETRIC_REPRESENTATION_CONTEXT() REPRESENTATION_CONTEXT('2D SPACE',''
  ) );
#9093 = ORIENTED_EDGE('',*,*,#9044,.T.);
#9094 = ADVANCED_FACE('',(#9095),#7543,.T.);
#9095 = FACE_BOUND('',#9096,.T.);
#9096 = EDGE_LOOP('',(#9097,#9098,#9120));
#9097 = ORIENTED_EDGE('',*,*,#8407,.T.);
#9098 = ORIENTED_EDGE('',*,*,#9099,.T.);
#9099 = EDGE_CURVE('',#8360,#7529,#9100,.T.);
#9100 = SURFACE_CURVE('',#9101,(#9106,#9113),.PCURVE_S1.);
#9101 = CIRCLE('',#9102,4.);
#9102 = AXIS2_PLACEMENT_3D('',#9103,#9104,#9105);
#9103 = CARTESIAN_POINT('',(-33.47599260282,-10.01787997811,466.02));
#9104 = DIRECTION('',(-0.866025403784,-0.5,0.));
#9105 = DIRECTION('',(0.5,-0.866025403784,0.));
#9106 = PCURVE('',#7543,#9107);
#9107 = DEFINITIONAL_REPRESENTATION('',(#9108),#9112);
#9108 = CIRCLE('',#9109,4.);
#9109 = AXIS2_PLACEMENT_2D('',#9110,#9111);
#9110 = CARTESIAN_POINT('',(0.,0.));
#9111 = DIRECTION('',(1.,0.));
#9112 = ( GEOMETRIC_REPRESENTATION_CONTEXT(2) 
PARAMETRIC_REPRESENTATION_CONTEXT() REPRESENTATION_CONTEXT('2D SPACE',''
  ) );
#9113 = PCURVE('',#7569,#9114);
#9114 = DEFINITIONAL_REPRESENTATION('',(#9115),#9119);
#9115 = LINE('',#9116,#9117);
#9116 = CARTESIAN_POINT('',(0.,0.));
#9117 = VECTOR('',#9118,1.);
#9118 = DIRECTION('',(1.,0.));
#9119 = ( GEOMETRIC_REPRESENTATION_CONTEXT(2) 
PARAMETRIC_REPRESENTATION_CONTEXT() REPRESENTATION_CONTEXT('2D SPACE',''
  ) );
#9120 = ORIENTED_EDGE('',*,*,#7526,.F.);
#9121 = ADVANCED_FACE('',(#9122),#7569,.F.);
#9122 = FACE_BOUND('',#9123,.F.);
#9123 = EDGE_LOOP('',(#9124,#9146,#9147,#9148));
#9124 = ORIENTED_EDGE('',*,*,#9125,.F.);
#9125 = EDGE_CURVE('',#8362,#7555,#9126,.T.);
#9126 = SURFACE_CURVE('',#9127,(#9132,#9139),.PCURVE_S1.);
#9127 = CIRCLE('',#9128,4.);
#9128 = AXIS2_PLACEMENT_3D('',#9129,#9130,#9131);
#9129 = CARTESIAN_POINT('',(-43.86829744823,-16.01787997811,466.02));
#9130 = DIRECTION('',(-0.866025403784,-0.5,0.));
#9131 = DIRECTION('',(0.5,-0.866025403784,0.));
#9132 = PCURVE('',#7569,#9133);
#9133 = DEFINITIONAL_REPRESENTATION('',(#9134),#9138);
#9134 = LINE('',#9135,#9136);
#9135 = CARTESIAN_POINT('',(0.,12.));
#9136 = VECTOR('',#9137,1.);
#9137 = DIRECTION('',(1.,0.));
#9138 = ( GEOMETRIC_REPRESENTATION_CONTEXT(2) 
PARAMETRIC_REPRESENTATION_CONTEXT() REPRESENTATION_CONTEXT('2D SPACE',''
  ) );
#9139 = PCURVE('',#7595,#9140);
#9140 = DEFINITIONAL_REPRESENTATION('',(#9141),#9145);
#9141 = CIRCLE('',#9142,4.);
#9142 = AXIS2_PLACEMENT_2D('',#9143,#9144);
#9143 = CARTESIAN_POINT('',(0.,0.));
#9144 = DIRECTION('',(1.,0.));
#9145 = ( GEOMETRIC_REPRESENTATION_CONTEXT(2) 
PARAMETRIC_REPRESENTATION_CONTEXT() REPRESENTATION_CONTEXT('2D SPACE',''
  ) );
#9146 = ORIENTED_EDGE('',*,*,#8359,.F.);
#9147 = ORIENTED_EDGE('',*,*,#9099,.T.);
#9148 = ORIENTED_EDGE('',*,*,#7554,.T.);
#9149 = ADVANCED_FACE('',(#9150),#7595,.F.);
#9150 = FACE_BOUND('',#9151,.F.);
#9151 = EDGE_LOOP('',(#9152,#9153,#9154));
#9152 = ORIENTED_EDGE('',*,*,#8384,.T.);
#9153 = ORIENTED_EDGE('',*,*,#9125,.T.);
#9154 = ORIENTED_EDGE('',*,*,#7580,.F.);
#9155 = ADVANCED_FACE('',(#9156),#7644,.F.);
#9156 = FACE_BOUND('',#9157,.F.);
#9157 = EDGE_LOOP('',(#9158,#9159,#9182,#9209));
#9158 = ORIENTED_EDGE('',*,*,#7627,.F.);
#9159 = ORIENTED_EDGE('',*,*,#9160,.F.);
#9160 = EDGE_CURVE('',#9161,#7628,#9163,.T.);
#9161 = VERTEX_POINT('',#9162);
#9162 = CARTESIAN_POINT('',(3.,-36.,462.));
#9163 = SEAM_CURVE('',#9164,(#9168,#9175),.PCURVE_S1.);
#9164 = LINE('',#9165,#9166);
#9165 = CARTESIAN_POINT('',(3.,-36.,461.));
#9166 = VECTOR('',#9167,1.);
#9167 = DIRECTION('',(0.,0.,1.));
#9168 = PCURVE('',#7644,#9169);
#9169 = DEFINITIONAL_REPRESENTATION('',(#9170),#9174);
#9170 = LINE('',#9171,#9172);
#9171 = CARTESIAN_POINT('',(6.28318530718,-0.));
#9172 = VECTOR('',#9173,1.);
#9173 = DIRECTION('',(0.,1.));
#9174 = ( GEOMETRIC_REPRESENTATION_CONTEXT(2) 
PARAMETRIC_REPRESENTATION_CONTEXT() REPRESENTATION_CONTEXT('2D SPACE',''
  ) );
#9175 = PCURVE('',#7644,#9176);
#9176 = DEFINITIONAL_REPRESENTATION('',(#9177),#9181);
#9177 = LINE('',#9178,#9179);
#9178 = CARTESIAN_POINT('',(0.,-0.));
#9179 = VECTOR('',#9180,1.);
#9180 = DIRECTION('',(0.,1.));
#9181 = ( GEOMETRIC_REPRESENTATION_CONTEXT(2) 
PARAMETRIC_REPRESENTATION_CONTEXT() REPRESENTATION_CONTEXT('2D SPACE',''
  ) );
#9182 = ORIENTED_EDGE('',*,*,#9183,.T.);
#9183 = EDGE_CURVE('',#9161,#9161,#9184,.T.);
#9184 = SURFACE_CURVE('',#9185,(#9190,#9197),.PCURVE_S1.);
#9185 = CIRCLE('',#9186,3.);
#9186 = AXIS2_PLACEMENT_3D('',#9187,#9188,#9189);
#9187 = CARTESIAN_POINT('',(0.,-36.,462.));
#9188 = DIRECTION('',(0.,0.,1.));
#9189 = DIRECTION('',(1.,0.,-0.));
#9190 = PCURVE('',#7644,#9191);
#9191 = DEFINITIONAL_REPRESENTATION('',(#9192),#9196);
#9192 = LINE('',#9193,#9194);
#9193 = CARTESIAN_POINT('',(0.,1.));
#9194 = VECTOR('',#9195,1.);
#9195 = DIRECTION('',(1.,0.));
#9196 = ( GEOMETRIC_REPRESENTATION_CONTEXT(2) 
PARAMETRIC_REPRESENTATION_CONTEXT() REPRESENTATION_CONTEXT('2D SPACE',''
  ) );
#9197 = PCURVE('',#9198,#9203);
#9198 = PLANE('',#9199);
#9199 = AXIS2_PLACEMENT_3D('',#9200,#9201,#9202);
#9200 = CARTESIAN_POINT('',(-60.,-70.,462.));
#9201 = DIRECTION('',(0.,0.,1.));
#9202 = DIRECTION('',(1.,0.,0.));
#9203 = DEFINITIONAL_REPRESENTATION('',(#9204),#9208);
#9204 = CIRCLE('',#9205,3.);
#9205 = AXIS2_PLACEMENT_2D('',#9206,#9207);
#9206 = CARTESIAN_POINT('',(60.,34.));
#9207 = DIRECTION('',(1.,0.));
#9208 = ( GEOMETRIC_REPRESENTATION_CONTEXT(2) 
PARAMETRIC_REPRESENTATION_CONTEXT() REPRESENTATION_CONTEXT('2D SPACE',''
  ) );
#9209 = ORIENTED_EDGE('',*,*,#9160,.T.);
#9210 = ADVANCED_FACE('',(#9211),#7675,.F.);
#9211 = FACE_BOUND('',#9212,.F.);
#9212 = EDGE_LOOP('',(#9213,#9214,#9237,#9264));
#9213 = ORIENTED_EDGE('',*,*,#7658,.F.);
#9214 = ORIENTED_EDGE('',*,*,#9215,.F.);
#9215 = EDGE_CURVE('',#9216,#7659,#9218,.T.);
#9216 = VERTEX_POINT('',#9217);
#9217 = CARTESIAN_POINT('',(13.,-34.,462.));
#9218 = SEAM_CURVE('',#9219,(#9223,#9230),.PCURVE_S1.);
#9219 = LINE('',#9220,#9221);
#9220 = CARTESIAN_POINT('',(13.,-34.,461.));
#9221 = VECTOR('',#9222,1.);
#9222 = DIRECTION('',(0.,0.,1.));
#9223 = PCURVE('',#7675,#9224);
#9224 = DEFINITIONAL_REPRESENTATION('',(#9225),#9229);
#9225 = LINE('',#9226,#9227);
#9226 = CARTESIAN_POINT('',(6.28318530718,-0.));
#9227 = VECTOR('',#9228,1.);
#9228 = DIRECTION('',(0.,1.));
#9229 = ( GEOMETRIC_REPRESENTATION_CONTEXT(2) 
PARAMETRIC_REPRESENTATION_CONTEXT() REPRESENTATION_CONTEXT('2D SPACE',''
  ) );
#9230 = PCURVE('',#7675,#9231);
#9231 = DEFINITIONAL_REPRESENTATION('',(#9232),#9236);
#9232 = LINE('',#9233,#9234);
#9233 = CARTESIAN_POINT('',(0.,-0.));
#9234 = VECTOR('',#9235,1.);
#9235 = DIRECTION('',(0.,1.));
#9236 = ( GEOMETRIC_REPRESENTATION_CONTEXT(2) 
PARAMETRIC_REPRESENTATION_CONTEXT() REPRESENTATION_CONTEXT('2D SPACE',''
  ) );
#9237 = ORIENTED_EDGE('',*,*,#9238,.T.);
#9238 = EDGE_CURVE('',#9216,#9216,#9239,.T.);
#9239 = SURFACE_CURVE('',#9240,(#9245,#9252),.PCURVE_S1.);
#9240 = CIRCLE('',#9241,2.);
#9241 = AXIS2_PLACEMENT_3D('',#9242,#9243,#9244);
#9242 = CARTESIAN_POINT('',(11.,-34.,462.));
#9243 = DIRECTION('',(0.,0.,1.));
#9244 = DIRECTION('',(1.,0.,-0.));
#9245 = PCURVE('',#7675,#9246);
#9246 = DEFINITIONAL_REPRESENTATION('',(#9247),#9251);
#9247 = LINE('',#9248,#9249);
#9248 = CARTESIAN_POINT('',(0.,1.));
#9249 = VECTOR('',#9250,1.);
#9250 = DIRECTION('',(1.,0.));
#9251 = ( GEOMETRIC_REPRESENTATION_CONTEXT(2) 
PARAMETRIC_REPRESENTATION_CONTEXT() REPRESENTATION_CONTEXT('2D SPACE',''
  ) );
#9252 = PCURVE('',#9253,#9258);
#9253 = PLANE('',#9254);
#9254 = AXIS2_PLACEMENT_3D('',#9255,#9256,#9257);
#9255 = CARTESIAN_POINT('',(-60.,-70.,462.));
#9256 = DIRECTION('',(0.,0.,1.));
#9257 = DIRECTION('',(1.,0.,0.));
#9258 = DEFINITIONAL_REPRESENTATION('',(#9259),#9263);
#9259 = CIRCLE('',#9260,2.);
#9260 = AXIS2_PLACEMENT_2D('',#9261,#9262);
#9261 = CARTESIAN_POINT('',(71.,36.));
#9262 = DIRECTION('',(1.,0.));
#9263 = ( GEOMETRIC_REPRESENTATION_CONTEXT(2) 
PARAMETRIC_REPRESENTATION_CONTEXT() REPRESENTATION_CONTEXT('2D SPACE',''
  ) );
#9264 = ORIENTED_EDGE('',*,*,#9215,.T.);
#9265 = ADVANCED_FACE('',(#9266),#7706,.T.);
#9266 = FACE_BOUND('',#9267,.T.);
#9267 = EDGE_LOOP('',(#9268,#9269,#9291));
#9268 = ORIENTED_EDGE('',*,*,#8664,.T.);
#9269 = ORIENTED_EDGE('',*,*,#9270,.T.);
#9270 = EDGE_CURVE('',#8617,#7692,#9271,.T.);
#9271 = SURFACE_CURVE('',#9272,(#9277,#9284),.PCURVE_S1.);
#9272 = CIRCLE('',#9273,4.);
#9273 = AXIS2_PLACEMENT_3D('',#9274,#9275,#9276);
#9274 = CARTESIAN_POINT('',(25.413734854522,-23.98212002188,466.02));
#9275 = DIRECTION('',(0.866025403784,-0.5,0.));
#9276 = DIRECTION('',(0.5,0.866025403784,0.));
#9277 = PCURVE('',#7706,#9278);
#9278 = DEFINITIONAL_REPRESENTATION('',(#9279),#9283);
#9279 = CIRCLE('',#9280,4.);
#9280 = AXIS2_PLACEMENT_2D('',#9281,#9282);
#9281 = CARTESIAN_POINT('',(0.,0.));
#9282 = DIRECTION('',(1.,0.));
#9283 = ( GEOMETRIC_REPRESENTATION_CONTEXT(2) 
PARAMETRIC_REPRESENTATION_CONTEXT() REPRESENTATION_CONTEXT('2D SPACE',''
  ) );
#9284 = PCURVE('',#7732,#9285);
#9285 = DEFINITIONAL_REPRESENTATION('',(#9286),#9290);
#9286 = LINE('',#9287,#9288);
#9287 = CARTESIAN_POINT('',(0.,0.));
#9288 = VECTOR('',#9289,1.);
#9289 = DIRECTION('',(1.,0.));
#9290 = ( GEOMETRIC_REPRESENTATION_CONTEXT(2) 
PARAMETRIC_REPRESENTATION_CONTEXT() REPRESENTATION_CONTEXT('2D SPACE',''
  ) );
#9291 = ORIENTED_EDGE('',*,*,#7689,.F.);
#9292 = ADVANCED_FACE('',(#9293),#7732,.F.);
#9293 = FACE_BOUND('',#9294,.F.);
#9294 = EDGE_LOOP('',(#9295,#9317,#9318,#9319));
#9295 = ORIENTED_EDGE('',*,*,#9296,.F.);
#9296 = EDGE_CURVE('',#8619,#7718,#9297,.T.);
#9297 = SURFACE_CURVE('',#9298,(#9303,#9310),.PCURVE_S1.);
#9298 = CIRCLE('',#9299,4.);
#9299 = AXIS2_PLACEMENT_3D('',#9300,#9301,#9302);
#9300 = CARTESIAN_POINT('',(35.806039699935,-29.98212002188,466.02));
#9301 = DIRECTION('',(0.866025403784,-0.5,0.));
#9302 = DIRECTION('',(0.5,0.866025403784,0.));
#9303 = PCURVE('',#7732,#9304);
#9304 = DEFINITIONAL_REPRESENTATION('',(#9305),#9309);
#9305 = LINE('',#9306,#9307);
#9306 = CARTESIAN_POINT('',(0.,12.));
#9307 = VECTOR('',#9308,1.);
#9308 = DIRECTION('',(1.,0.));
#9309 = ( GEOMETRIC_REPRESENTATION_CONTEXT(2) 
PARAMETRIC_REPRESENTATION_CONTEXT() REPRESENTATION_CONTEXT('2D SPACE',''
  ) );
#9310 = PCURVE('',#7758,#9311);
#9311 = DEFINITIONAL_REPRESENTATION('',(#9312),#9316);
#9312 = CIRCLE('',#9313,4.);
#9313 = AXIS2_PLACEMENT_2D('',#9314,#9315);
#9314 = CARTESIAN_POINT('',(0.,0.));
#9315 = DIRECTION('',(1.,0.));
#9316 = ( GEOMETRIC_REPRESENTATION_CONTEXT(2) 
PARAMETRIC_REPRESENTATION_CONTEXT() REPRESENTATION_CONTEXT('2D SPACE',''
  ) );
#9317 = ORIENTED_EDGE('',*,*,#8616,.F.);
#9318 = ORIENTED_EDGE('',*,*,#9270,.T.);
#9319 = ORIENTED_EDGE('',*,*,#7717,.T.);
#9320 = ADVANCED_FACE('',(#9321),#7758,.F.);
#9321 = FACE_BOUND('',#9322,.F.);
#9322 = EDGE_LOOP('',(#9323,#9324,#9325));
#9323 = ORIENTED_EDGE('',*,*,#8641,.T.);
#9324 = ORIENTED_EDGE('',*,*,#9296,.T.);
#9325 = ORIENTED_EDGE('',*,*,#7743,.F.);
#9326 = ADVANCED_FACE('',(#9327),#7833,.T.);
#9327 = FACE_BOUND('',#9328,.T.);
#9328 = EDGE_LOOP('',(#9329,#9330,#9352));
#9329 = ORIENTED_EDGE('',*,*,#8588,.T.);
#9330 = ORIENTED_EDGE('',*,*,#9331,.T.);
#9331 = EDGE_CURVE('',#8541,#7819,#9332,.T.);
#9332 = SURFACE_CURVE('',#9333,(#9338,#9345),.PCURVE_S1.);
#9333 = CIRCLE('',#9334,4.);
#9334 = AXIS2_PLACEMENT_3D('',#9335,#9336,#9337);
#9335 = CARTESIAN_POINT('',(33.47599260282,-10.01787997811,466.02));
#9336 = DIRECTION('',(0.866025403784,-0.5,0.));
#9337 = DIRECTION('',(0.5,0.866025403784,0.));
#9338 = PCURVE('',#7833,#9339);
#9339 = DEFINITIONAL_REPRESENTATION('',(#9340),#9344);
#9340 = CIRCLE('',#9341,4.);
#9341 = AXIS2_PLACEMENT_2D('',#9342,#9343);
#9342 = CARTESIAN_POINT('',(0.,0.));
#9343 = DIRECTION('',(1.,0.));
#9344 = ( GEOMETRIC_REPRESENTATION_CONTEXT(2) 
PARAMETRIC_REPRESENTATION_CONTEXT() REPRESENTATION_CONTEXT('2D SPACE',''
  ) );
#9345 = PCURVE('',#7859,#9346);
#9346 = DEFINITIONAL_REPRESENTATION('',(#9347),#9351);
#9347 = LINE('',#9348,#9349);
#9348 = CARTESIAN_POINT('',(0.,0.));
#9349 = VECTOR('',#9350,1.);
#9350 = DIRECTION('',(1.,0.));
#9351 = ( GEOMETRIC_REPRESENTATION_CONTEXT(2) 
PARAMETRIC_REPRESENTATION_CONTEXT() REPRESENTATION_CONTEXT('2D SPACE',''
  ) );
#9352 = ORIENTED_EDGE('',*,*,#7816,.F.);
#9353 = ADVANCED_FACE('',(#9354),#7859,.F.);
#9354 = FACE_BOUND('',#9355,.F.);
#9355 = EDGE_LOOP('',(#9356,#9378,#9379,#9380));
#9356 = ORIENTED_EDGE('',*,*,#9357,.F.);
#9357 = EDGE_CURVE('',#8543,#7845,#9358,.T.);
#9358 = SURFACE_CURVE('',#9359,(#9364,#9371),.PCURVE_S1.);
#9359 = CIRCLE('',#9360,4.);
#9360 = AXIS2_PLACEMENT_3D('',#9361,#9362,#9363);
#9361 = CARTESIAN_POINT('',(43.868297448233,-16.01787997811,466.02));
#9362 = DIRECTION('',(0.866025403784,-0.5,0.));
#9363 = DIRECTION('',(0.5,0.866025403784,0.));
#9364 = PCURVE('',#7859,#9365);
#9365 = DEFINITIONAL_REPRESENTATION('',(#9366),#9370);
#9366 = LINE('',#9367,#9368);
#9367 = CARTESIAN_POINT('',(0.,12.));
#9368 = VECTOR('',#9369,1.);
#9369 = DIRECTION('',(1.,0.));
#9370 = ( GEOMETRIC_REPRESENTATION_CONTEXT(2) 
PARAMETRIC_REPRESENTATION_CONTEXT() REPRESENTATION_CONTEXT('2D SPACE',''
  ) );
#9371 = PCURVE('',#7885,#9372);
#9372 = DEFINITIONAL_REPRESENTATION('',(#9373),#9377);
#9373 = CIRCLE('',#9374,4.);
#9374 = AXIS2_PLACEMENT_2D('',#9375,#9376);
#9375 = CARTESIAN_POINT('',(0.,0.));
#9376 = DIRECTION('',(1.,0.));
#9377 = ( GEOMETRIC_REPRESENTATION_CONTEXT(2) 
PARAMETRIC_REPRESENTATION_CONTEXT() REPRESENTATION_CONTEXT('2D SPACE',''
  ) );
#9378 = ORIENTED_EDGE('',*,*,#8540,.F.);
#9379 = ORIENTED_EDGE('',*,*,#9331,.T.);
#9380 = ORIENTED_EDGE('',*,*,#7844,.T.);
#9381 = ADVANCED_FACE('',(#9382),#7885,.F.);
#9382 = FACE_BOUND('',#9383,.F.);
#9383 = EDGE_LOOP('',(#9384,#9385,#9386));
#9384 = ORIENTED_EDGE('',*,*,#8565,.T.);
#9385 = ORIENTED_EDGE('',*,*,#9357,.T.);
#9386 = ORIENTED_EDGE('',*,*,#7870,.F.);
#9387 = ADVANCED_FACE('',(#9388),#7940,.T.);
#9388 = FACE_BOUND('',#9389,.T.);
#9389 = EDGE_LOOP('',(#9390,#9412,#9413));
#9390 = ORIENTED_EDGE('',*,*,#9391,.T.);
#9391 = EDGE_CURVE('',#7924,#8801,#9392,.T.);
#9392 = SURFACE_CURVE('',#9393,(#9398,#9405),.PCURVE_S1.);
#9393 = CIRCLE('',#9394,4.);
#9394 = AXIS2_PLACEMENT_3D('',#9395,#9396,#9397);
#9395 = CARTESIAN_POINT('',(-8.062257748299,34.,466.02));
#9396 = DIRECTION('',(6.123233995737E-17,1.,0.));
#9397 = DIRECTION('',(1.,-6.123233995737E-17,0.));
#9398 = PCURVE('',#7940,#9399);
#9399 = DEFINITIONAL_REPRESENTATION('',(#9400),#9404);
#9400 = CIRCLE('',#9401,4.);
#9401 = AXIS2_PLACEMENT_2D('',#9402,#9403);
#9402 = CARTESIAN_POINT('',(0.,0.));
#9403 = DIRECTION('',(1.,0.));
#9404 = ( GEOMETRIC_REPRESENTATION_CONTEXT(2) 
PARAMETRIC_REPRESENTATION_CONTEXT() REPRESENTATION_CONTEXT('2D SPACE',''
  ) );
#9405 = PCURVE('',#8011,#9406);
#9406 = DEFINITIONAL_REPRESENTATION('',(#9407),#9411);
#9407 = LINE('',#9408,#9409);
#9408 = CARTESIAN_POINT('',(0.,0.));
#9409 = VECTOR('',#9410,1.);
#9410 = DIRECTION('',(1.,0.));
#9411 = ( GEOMETRIC_REPRESENTATION_CONTEXT(2) 
PARAMETRIC_REPRESENTATION_CONTEXT() REPRESENTATION_CONTEXT('2D SPACE',''
  ) );
#9412 = ORIENTED_EDGE('',*,*,#8823,.T.);
#9413 = ORIENTED_EDGE('',*,*,#7923,.F.);
#9414 = ADVANCED_FACE('',(#9415),#8011,.F.);
#9415 = FACE_BOUND('',#9416,.F.);
#9416 = EDGE_LOOP('',(#9417,#9418,#9440,#9441));
#9417 = ORIENTED_EDGE('',*,*,#8800,.T.);
#9418 = ORIENTED_EDGE('',*,*,#9419,.F.);
#9419 = EDGE_CURVE('',#7973,#8777,#9420,.T.);
#9420 = SURFACE_CURVE('',#9421,(#9426,#9433),.PCURVE_S1.);
#9421 = CIRCLE('',#9422,4.);
#9422 = AXIS2_PLACEMENT_3D('',#9423,#9424,#9425);
#9423 = CARTESIAN_POINT('',(-8.062257748299,46.,466.02));
#9424 = DIRECTION('',(6.123233995737E-17,1.,0.));
#9425 = DIRECTION('',(1.,-6.123233995737E-17,0.));
#9426 = PCURVE('',#8011,#9427);
#9427 = DEFINITIONAL_REPRESENTATION('',(#9428),#9432);
#9428 = LINE('',#9429,#9430);
#9429 = CARTESIAN_POINT('',(0.,12.));
#9430 = VECTOR('',#9431,1.);
#9431 = DIRECTION('',(1.,0.));
#9432 = ( GEOMETRIC_REPRESENTATION_CONTEXT(2) 
PARAMETRIC_REPRESENTATION_CONTEXT() REPRESENTATION_CONTEXT('2D SPACE',''
  ) );
#9433 = PCURVE('',#7987,#9434);
#9434 = DEFINITIONAL_REPRESENTATION('',(#9435),#9439);
#9435 = CIRCLE('',#9436,4.);
#9436 = AXIS2_PLACEMENT_2D('',#9437,#9438);
#9437 = CARTESIAN_POINT('',(0.,0.));
#9438 = DIRECTION('',(1.,0.));
#9439 = ( GEOMETRIC_REPRESENTATION_CONTEXT(2) 
PARAMETRIC_REPRESENTATION_CONTEXT() REPRESENTATION_CONTEXT('2D SPACE',''
  ) );
#9440 = ORIENTED_EDGE('',*,*,#7998,.F.);
#9441 = ORIENTED_EDGE('',*,*,#9391,.T.);
#9442 = ADVANCED_FACE('',(#9443),#7987,.F.);
#9443 = FACE_BOUND('',#9444,.F.);
#9444 = EDGE_LOOP('',(#9445,#9446,#9447));
#9445 = ORIENTED_EDGE('',*,*,#9419,.T.);
#9446 = ORIENTED_EDGE('',*,*,#8776,.T.);
#9447 = ORIENTED_EDGE('',*,*,#7972,.F.);
#9448 = ADVANCED_FACE('',(#9449),#8041,.T.);
#9449 = FACE_BOUND('',#9450,.T.);
#9450 = EDGE_LOOP('',(#9451,#9473,#9474));
#9451 = ORIENTED_EDGE('',*,*,#9452,.T.);
#9452 = EDGE_CURVE('',#8025,#8724,#9453,.T.);
#9453 = SURFACE_CURVE('',#9454,(#9459,#9466),.PCURVE_S1.);
#9454 = CIRCLE('',#9455,4.);
#9455 = AXIS2_PLACEMENT_3D('',#9456,#9457,#9458);
#9456 = CARTESIAN_POINT('',(8.062257748299,34.,466.02));
#9457 = DIRECTION('',(6.123233995737E-17,1.,0.));
#9458 = DIRECTION('',(1.,-6.123233995737E-17,0.));
#9459 = PCURVE('',#8041,#9460);
#9460 = DEFINITIONAL_REPRESENTATION('',(#9461),#9465);
#9461 = CIRCLE('',#9462,4.);
#9462 = AXIS2_PLACEMENT_2D('',#9463,#9464);
#9463 = CARTESIAN_POINT('',(0.,0.));
#9464 = DIRECTION('',(1.,0.));
#9465 = ( GEOMETRIC_REPRESENTATION_CONTEXT(2) 
PARAMETRIC_REPRESENTATION_CONTEXT() REPRESENTATION_CONTEXT('2D SPACE',''
  ) );
#9466 = PCURVE('',#8112,#9467);
#9467 = DEFINITIONAL_REPRESENTATION('',(#9468),#9472);
#9468 = LINE('',#9469,#9470);
#9469 = CARTESIAN_POINT('',(0.,0.));
#9470 = VECTOR('',#9471,1.);
#9471 = DIRECTION('',(1.,0.));
#9472 = ( GEOMETRIC_REPRESENTATION_CONTEXT(2) 
PARAMETRIC_REPRESENTATION_CONTEXT() REPRESENTATION_CONTEXT('2D SPACE',''
  ) );
#9473 = ORIENTED_EDGE('',*,*,#8746,.T.);
#9474 = ORIENTED_EDGE('',*,*,#8024,.F.);
#9475 = ADVANCED_FACE('',(#9476),#8112,.F.);
#9476 = FACE_BOUND('',#9477,.F.);
#9477 = EDGE_LOOP('',(#9478,#9479,#9501,#9502));
#9478 = ORIENTED_EDGE('',*,*,#8723,.T.);
#9479 = ORIENTED_EDGE('',*,*,#9480,.F.);
#9480 = EDGE_CURVE('',#8074,#8700,#9481,.T.);
#9481 = SURFACE_CURVE('',#9482,(#9487,#9494),.PCURVE_S1.);
#9482 = CIRCLE('',#9483,4.);
#9483 = AXIS2_PLACEMENT_3D('',#9484,#9485,#9486);
#9484 = CARTESIAN_POINT('',(8.062257748299,46.,466.02));
#9485 = DIRECTION('',(6.123233995737E-17,1.,0.));
#9486 = DIRECTION('',(1.,-6.123233995737E-17,0.));
#9487 = PCURVE('',#8112,#9488);
#9488 = DEFINITIONAL_REPRESENTATION('',(#9489),#9493);
#9489 = LINE('',#9490,#9491);
#9490 = CARTESIAN_POINT('',(0.,12.));
#9491 = VECTOR('',#9492,1.);
#9492 = DIRECTION('',(1.,0.));
#9493 = ( GEOMETRIC_REPRESENTATION_CONTEXT(2) 
PARAMETRIC_REPRESENTATION_CONTEXT() REPRESENTATION_CONTEXT('2D SPACE',''
  ) );
#9494 = PCURVE('',#8088,#9495);
#9495 = DEFINITIONAL_REPRESENTATION('',(#9496),#9500);
#9496 = CIRCLE('',#9497,4.);
#9497 = AXIS2_PLACEMENT_2D('',#9498,#9499);
#9498 = CARTESIAN_POINT('',(0.,0.));
#9499 = DIRECTION('',(1.,0.));
#9500 = ( GEOMETRIC_REPRESENTATION_CONTEXT(2) 
PARAMETRIC_REPRESENTATION_CONTEXT() REPRESENTATION_CONTEXT('2D SPACE',''
  ) );
#9501 = ORIENTED_EDGE('',*,*,#8099,.F.);
#9502 = ORIENTED_EDGE('',*,*,#9452,.T.);
#9503 = ADVANCED_FACE('',(#9504),#8088,.F.);
#9504 = FACE_BOUND('',#9505,.F.);
#9505 = EDGE_LOOP('',(#9506,#9507,#9508));
#9506 = ORIENTED_EDGE('',*,*,#9480,.T.);
#9507 = ORIENTED_EDGE('',*,*,#8699,.T.);
#9508 = ORIENTED_EDGE('',*,*,#8073,.F.);
#9509 = ADVANCED_FACE('',(#9510),#8211,.F.);
#9510 = FACE_BOUND('',#9511,.F.);
#9511 = EDGE_LOOP('',(#9512));
#9512 = ORIENTED_EDGE('',*,*,#8196,.T.);
#9513 = ADVANCED_FACE('',(#9514),#8266,.F.);
#9514 = FACE_BOUND('',#9515,.F.);
#9515 = EDGE_LOOP('',(#9516));
#9516 = ORIENTED_EDGE('',*,*,#8251,.T.);
#9517 = ADVANCED_FACE('',(#9518),#8455,.T.);
#9518 = FACE_BOUND('',#9519,.T.);
#9519 = EDGE_LOOP('',(#9520,#9543,#9544,#9545));
#9520 = ORIENTED_EDGE('',*,*,#9521,.T.);
#9521 = EDGE_CURVE('',#9522,#8439,#9524,.T.);
#9522 = VERTEX_POINT('',#9523);
#9523 = CARTESIAN_POINT('',(-8.,-34.,462.));
#9524 = SEAM_CURVE('',#9525,(#9529,#9536),.PCURVE_S1.);
#9525 = LINE('',#9526,#9527);
#9526 = CARTESIAN_POINT('',(-8.,-34.,461.));
#9527 = VECTOR('',#9528,1.);
#9528 = DIRECTION('',(0.,0.,1.));
#9529 = PCURVE('',#8455,#9530);
#9530 = DEFINITIONAL_REPRESENTATION('',(#9531),#9535);
#9531 = LINE('',#9532,#9533);
#9532 = CARTESIAN_POINT('',(6.28318530718,-0.));
#9533 = VECTOR('',#9534,1.);
#9534 = DIRECTION('',(0.,1.));
#9535 = ( GEOMETRIC_REPRESENTATION_CONTEXT(2) 
PARAMETRIC_REPRESENTATION_CONTEXT() REPRESENTATION_CONTEXT('2D SPACE',''
  ) );
#9536 = PCURVE('',#8455,#9537);
#9537 = DEFINITIONAL_REPRESENTATION('',(#9538),#9542);
#9538 = LINE('',#9539,#9540);
#9539 = CARTESIAN_POINT('',(0.,-0.));
#9540 = VECTOR('',#9541,1.);
#9541 = DIRECTION('',(0.,1.));
#9542 = ( GEOMETRIC_REPRESENTATION_CONTEXT(2) 
PARAMETRIC_REPRESENTATION_CONTEXT() REPRESENTATION_CONTEXT('2D SPACE',''
  ) );
#9543 = ORIENTED_EDGE('',*,*,#8438,.F.);
#9544 = ORIENTED_EDGE('',*,*,#9521,.F.);
#9545 = ORIENTED_EDGE('',*,*,#9546,.T.);
#9546 = EDGE_CURVE('',#9522,#9522,#9547,.T.);
#9547 = SURFACE_CURVE('',#9548,(#9553,#9560),.PCURVE_S1.);
#9548 = CIRCLE('',#9549,3.);
#9549 = AXIS2_PLACEMENT_3D('',#9550,#9551,#9552);
#9550 = CARTESIAN_POINT('',(-11.,-34.,462.));
#9551 = DIRECTION('',(0.,0.,1.));
#9552 = DIRECTION('',(1.,0.,-0.));
#9553 = PCURVE('',#8455,#9554);
#9554 = DEFINITIONAL_REPRESENTATION('',(#9555),#9559);
#9555 = LINE('',#9556,#9557);
#9556 = CARTESIAN_POINT('',(0.,1.));
#9557 = VECTOR('',#9558,1.);
#9558 = DIRECTION('',(1.,0.));
#9559 = ( GEOMETRIC_REPRESENTATION_CONTEXT(2) 
PARAMETRIC_REPRESENTATION_CONTEXT() REPRESENTATION_CONTEXT('2D SPACE',''
  ) );
#9560 = PCURVE('',#9082,#9561);
#9561 = DEFINITIONAL_REPRESENTATION('',(#9562),#9566);
#9562 = CIRCLE('',#9563,3.);
#9563 = AXIS2_PLACEMENT_2D('',#9564,#9565);
#9564 = CARTESIAN_POINT('',(49.,36.));
#9565 = DIRECTION('',(1.,0.));
#9566 = ( GEOMETRIC_REPRESENTATION_CONTEXT(2) 
PARAMETRIC_REPRESENTATION_CONTEXT() REPRESENTATION_CONTEXT('2D SPACE',''
  ) );
#9567 = ADVANCED_FACE('',(#9568),#8490,.T.);
#9568 = FACE_BOUND('',#9569,.T.);
#9569 = EDGE_LOOP('',(#9570,#9593,#9594,#9595));
#9570 = ORIENTED_EDGE('',*,*,#9571,.T.);
#9571 = EDGE_CURVE('',#9572,#8474,#9574,.T.);
#9572 = VERTEX_POINT('',#9573);
#9573 = CARTESIAN_POINT('',(4.,-36.,462.));
#9574 = SEAM_CURVE('',#9575,(#9579,#9586),.PCURVE_S1.);
#9575 = LINE('',#9576,#9577);
#9576 = CARTESIAN_POINT('',(4.,-36.,461.));
#9577 = VECTOR('',#9578,1.);
#9578 = DIRECTION('',(0.,0.,1.));
#9579 = PCURVE('',#8490,#9580);
#9580 = DEFINITIONAL_REPRESENTATION('',(#9581),#9585);
#9581 = LINE('',#9582,#9583);
#9582 = CARTESIAN_POINT('',(6.28318530718,-0.));
#9583 = VECTOR('',#9584,1.);
#9584 = DIRECTION('',(0.,1.));
#9585 = ( GEOMETRIC_REPRESENTATION_CONTEXT(2) 
PARAMETRIC_REPRESENTATION_CONTEXT() REPRESENTATION_CONTEXT('2D SPACE',''
  ) );
#9586 = PCURVE('',#8490,#9587);
#9587 = DEFINITIONAL_REPRESENTATION('',(#9588),#9592);
#9588 = LINE('',#9589,#9590);
#9589 = CARTESIAN_POINT('',(0.,-0.));
#9590 = VECTOR('',#9591,1.);
#9591 = DIRECTION('',(0.,1.));
#9592 = ( GEOMETRIC_REPRESENTATION_CONTEXT(2) 
PARAMETRIC_REPRESENTATION_CONTEXT() REPRESENTATION_CONTEXT('2D SPACE',''
  ) );
#9593 = ORIENTED_EDGE('',*,*,#8473,.F.);
#9594 = ORIENTED_EDGE('',*,*,#9571,.F.);
#9595 = ORIENTED_EDGE('',*,*,#9596,.T.);
#9596 = EDGE_CURVE('',#9572,#9572,#9597,.T.);
#9597 = SURFACE_CURVE('',#9598,(#9603,#9610),.PCURVE_S1.);
#9598 = CIRCLE('',#9599,4.);
#9599 = AXIS2_PLACEMENT_3D('',#9600,#9601,#9602);
#9600 = CARTESIAN_POINT('',(0.,-36.,462.));
#9601 = DIRECTION('',(0.,0.,1.));
#9602 = DIRECTION('',(1.,0.,-0.));
#9603 = PCURVE('',#8490,#9604);
#9604 = DEFINITIONAL_REPRESENTATION('',(#9605),#9609);
#9605 = LINE('',#9606,#9607);
#9606 = CARTESIAN_POINT('',(0.,1.));
#9607 = VECTOR('',#9608,1.);
#9608 = DIRECTION('',(1.,0.));
#9609 = ( GEOMETRIC_REPRESENTATION_CONTEXT(2) 
PARAMETRIC_REPRESENTATION_CONTEXT() REPRESENTATION_CONTEXT('2D SPACE',''
  ) );
#9610 = PCURVE('',#9198,#9611);
#9611 = DEFINITIONAL_REPRESENTATION('',(#9612),#9616);
#9612 = CIRCLE('',#9613,4.);
#9613 = AXIS2_PLACEMENT_2D('',#9614,#9615);
#9614 = CARTESIAN_POINT('',(60.,34.));
#9615 = DIRECTION('',(1.,0.));
#9616 = ( GEOMETRIC_REPRESENTATION_CONTEXT(2) 
PARAMETRIC_REPRESENTATION_CONTEXT() REPRESENTATION_CONTEXT('2D SPACE',''
  ) );
#9617 = ADVANCED_FACE('',(#9618),#8525,.T.);
#9618 = FACE_BOUND('',#9619,.T.);
#9619 = EDGE_LOOP('',(#9620,#9643,#9644,#9645));
#9620 = ORIENTED_EDGE('',*,*,#9621,.T.);
#9621 = EDGE_CURVE('',#9622,#8509,#9624,.T.);
#9622 = VERTEX_POINT('',#9623);
#9623 = CARTESIAN_POINT('',(14.,-34.,462.));
#9624 = SEAM_CURVE('',#9625,(#9629,#9636),.PCURVE_S1.);
#9625 = LINE('',#9626,#9627);
#9626 = CARTESIAN_POINT('',(14.,-34.,461.));
#9627 = VECTOR('',#9628,1.);
#9628 = DIRECTION('',(0.,0.,1.));
#9629 = PCURVE('',#8525,#9630);
#9630 = DEFINITIONAL_REPRESENTATION('',(#9631),#9635);
#9631 = LINE('',#9632,#9633);
#9632 = CARTESIAN_POINT('',(6.28318530718,-0.));
#9633 = VECTOR('',#9634,1.);
#9634 = DIRECTION('',(0.,1.));
#9635 = ( GEOMETRIC_REPRESENTATION_CONTEXT(2) 
PARAMETRIC_REPRESENTATION_CONTEXT() REPRESENTATION_CONTEXT('2D SPACE',''
  ) );
#9636 = PCURVE('',#8525,#9637);
#9637 = DEFINITIONAL_REPRESENTATION('',(#9638),#9642);
#9638 = LINE('',#9639,#9640);
#9639 = CARTESIAN_POINT('',(0.,-0.));
#9640 = VECTOR('',#9641,1.);
#9641 = DIRECTION('',(0.,1.));
#9642 = ( GEOMETRIC_REPRESENTATION_CONTEXT(2) 
PARAMETRIC_REPRESENTATION_CONTEXT() REPRESENTATION_CONTEXT('2D SPACE',''
  ) );
#9643 = ORIENTED_EDGE('',*,*,#8508,.F.);
#9644 = ORIENTED_EDGE('',*,*,#9621,.F.);
#9645 = ORIENTED_EDGE('',*,*,#9646,.T.);
#9646 = EDGE_CURVE('',#9622,#9622,#9647,.T.);
#9647 = SURFACE_CURVE('',#9648,(#9653,#9660),.PCURVE_S1.);
#9648 = CIRCLE('',#9649,3.);
#9649 = AXIS2_PLACEMENT_3D('',#9650,#9651,#9652);
#9650 = CARTESIAN_POINT('',(11.,-34.,462.));
#9651 = DIRECTION('',(0.,0.,1.));
#9652 = DIRECTION('',(1.,0.,-0.));
#9653 = PCURVE('',#8525,#9654);
#9654 = DEFINITIONAL_REPRESENTATION('',(#9655),#9659);
#9655 = LINE('',#9656,#9657);
#9656 = CARTESIAN_POINT('',(0.,1.));
#9657 = VECTOR('',#9658,1.);
#9658 = DIRECTION('',(1.,0.));
#9659 = ( GEOMETRIC_REPRESENTATION_CONTEXT(2) 
PARAMETRIC_REPRESENTATION_CONTEXT() REPRESENTATION_CONTEXT('2D SPACE',''
  ) );
#9660 = PCURVE('',#9253,#9661);
#9661 = DEFINITIONAL_REPRESENTATION('',(#9662),#9666);
#9662 = CIRCLE('',#9663,3.);
#9663 = AXIS2_PLACEMENT_2D('',#9664,#9665);
#9664 = CARTESIAN_POINT('',(71.,36.));
#9665 = DIRECTION('',(1.,0.));
#9666 = ( GEOMETRIC_REPRESENTATION_CONTEXT(2) 
PARAMETRIC_REPRESENTATION_CONTEXT() REPRESENTATION_CONTEXT('2D SPACE',''
  ) );
#9667 = ADVANCED_FACE('',(#9668),#8875,.F.);
#9668 = FACE_BOUND('',#9669,.F.);
#9669 = EDGE_LOOP('',(#9670,#9671,#9694,#9721));
#9670 = ORIENTED_EDGE('',*,*,#8858,.F.);
#9671 = ORIENTED_EDGE('',*,*,#9672,.F.);
#9672 = EDGE_CURVE('',#9673,#8859,#9675,.T.);
#9673 = VERTEX_POINT('',#9674);
#9674 = CARTESIAN_POINT('',(61.,41.,517.));
#9675 = SEAM_CURVE('',#9676,(#9680,#9687),.PCURVE_S1.);
#9676 = LINE('',#9677,#9678);
#9677 = CARTESIAN_POINT('',(61.,41.,517.));
#9678 = VECTOR('',#9679,1.);
#9679 = DIRECTION('',(1.,0.,0.));
#9680 = PCURVE('',#8875,#9681);
#9681 = DEFINITIONAL_REPRESENTATION('',(#9682),#9686);
#9682 = LINE('',#9683,#9684);
#9683 = CARTESIAN_POINT('',(6.28318530718,-0.));
#9684 = VECTOR('',#9685,1.);
#9685 = DIRECTION('',(0.,1.));
#9686 = ( GEOMETRIC_REPRESENTATION_CONTEXT(2) 
PARAMETRIC_REPRESENTATION_CONTEXT() REPRESENTATION_CONTEXT('2D SPACE',''
  ) );
#9687 = PCURVE('',#8875,#9688);
#9688 = DEFINITIONAL_REPRESENTATION('',(#9689),#9693);
#9689 = LINE('',#9690,#9691);
#9690 = CARTESIAN_POINT('',(0.,-0.));
#9691 = VECTOR('',#9692,1.);
#9692 = DIRECTION('',(0.,1.));
#9693 = ( GEOMETRIC_REPRESENTATION_CONTEXT(2) 
PARAMETRIC_REPRESENTATION_CONTEXT() REPRESENTATION_CONTEXT('2D SPACE',''
  ) );
#9694 = ORIENTED_EDGE('',*,*,#9695,.T.);
#9695 = EDGE_CURVE('',#9673,#9673,#9696,.T.);
#9696 = SURFACE_CURVE('',#9697,(#9702,#9709),.PCURVE_S1.);
#9697 = CIRCLE('',#9698,2.5);
#9698 = AXIS2_PLACEMENT_3D('',#9699,#9700,#9701);
#9699 = CARTESIAN_POINT('',(61.,41.,514.5));
#9700 = DIRECTION('',(1.,0.,0.));
#9701 = DIRECTION('',(-0.,0.,1.));
#9702 = PCURVE('',#8875,#9703);
#9703 = DEFINITIONAL_REPRESENTATION('',(#9704),#9708);
#9704 = LINE('',#9705,#9706);
#9705 = CARTESIAN_POINT('',(0.,0.));
#9706 = VECTOR('',#9707,1.);
#9707 = DIRECTION('',(1.,0.));
#9708 = ( GEOMETRIC_REPRESENTATION_CONTEXT(2) 
PARAMETRIC_REPRESENTATION_CONTEXT() REPRESENTATION_CONTEXT('2D SPACE',''
  ) );
#9709 = PCURVE('',#9710,#9715);
#9710 = PLANE('',#9711);
#9711 = AXIS2_PLACEMENT_3D('',#9712,#9713,#9714);
#9712 = CARTESIAN_POINT('',(61.,41.,514.5));
#9713 = DIRECTION('',(1.,0.,0.));
#9714 = DIRECTION('',(-0.,0.,1.));
#9715 = DEFINITIONAL_REPRESENTATION('',(#9716),#9720);
#9716 = CIRCLE('',#9717,2.5);
#9717 = AXIS2_PLACEMENT_2D('',#9718,#9719);
#9718 = CARTESIAN_POINT('',(0.,0.));
#9719 = DIRECTION('',(1.,0.));
#9720 = ( GEOMETRIC_REPRESENTATION_CONTEXT(2) 
PARAMETRIC_REPRESENTATION_CONTEXT() REPRESENTATION_CONTEXT('2D SPACE',''
  ) );
#9721 = ORIENTED_EDGE('',*,*,#9672,.T.);
#9722 = ADVANCED_FACE('',(#9723),#8906,.F.);
#9723 = FACE_BOUND('',#9724,.F.);
#9724 = EDGE_LOOP('',(#9725,#9726,#9749,#9776));
#9725 = ORIENTED_EDGE('',*,*,#8889,.F.);
#9726 = ORIENTED_EDGE('',*,*,#9727,.F.);
#9727 = EDGE_CURVE('',#9728,#8890,#9730,.T.);
#9728 = VERTEX_POINT('',#9729);
#9729 = CARTESIAN_POINT('',(61.,41.,542.));
#9730 = SEAM_CURVE('',#9731,(#9735,#9742),.PCURVE_S1.);
#9731 = LINE('',#9732,#9733);
#9732 = CARTESIAN_POINT('',(61.,41.,542.));
#9733 = VECTOR('',#9734,1.);
#9734 = DIRECTION('',(1.,0.,0.));
#9735 = PCURVE('',#8906,#9736);
#9736 = DEFINITIONAL_REPRESENTATION('',(#9737),#9741);
#9737 = LINE('',#9738,#9739);
#9738 = CARTESIAN_POINT('',(6.28318530718,-0.));
#9739 = VECTOR('',#9740,1.);
#9740 = DIRECTION('',(0.,1.));
#9741 = ( GEOMETRIC_REPRESENTATION_CONTEXT(2) 
PARAMETRIC_REPRESENTATION_CONTEXT() REPRESENTATION_CONTEXT('2D SPACE',''
  ) );
#9742 = PCURVE('',#8906,#9743);
#9743 = DEFINITIONAL_REPRESENTATION('',(#9744),#9748);
#9744 = LINE('',#9745,#9746);
#9745 = CARTESIAN_POINT('',(0.,-0.));
#9746 = VECTOR('',#9747,1.);
#9747 = DIRECTION('',(0.,1.));
#9748 = ( GEOMETRIC_REPRESENTATION_CONTEXT(2) 
PARAMETRIC_REPRESENTATION_CONTEXT() REPRESENTATION_CONTEXT('2D SPACE',''
  ) );
#9749 = ORIENTED_EDGE('',*,*,#9750,.T.);
#9750 = EDGE_CURVE('',#9728,#9728,#9751,.T.);
#9751 = SURFACE_CURVE('',#9752,(#9757,#9764),.PCURVE_S1.);
#9752 = CIRCLE('',#9753,2.5);
#9753 = AXIS2_PLACEMENT_3D('',#9754,#9755,#9756);
#9754 = CARTESIAN_POINT('',(61.,41.,539.5));
#9755 = DIRECTION('',(1.,0.,0.));
#9756 = DIRECTION('',(-0.,0.,1.));
#9757 = PCURVE('',#8906,#9758);
#9758 = DEFINITIONAL_REPRESENTATION('',(#9759),#9763);
#9759 = LINE('',#9760,#9761);
#9760 = CARTESIAN_POINT('',(0.,0.));
#9761 = VECTOR('',#9762,1.);
#9762 = DIRECTION('',(1.,0.));
#9763 = ( GEOMETRIC_REPRESENTATION_CONTEXT(2) 
PARAMETRIC_REPRESENTATION_CONTEXT() REPRESENTATION_CONTEXT('2D SPACE',''
  ) );
#9764 = PCURVE('',#9765,#9770);
#9765 = PLANE('',#9766);
#9766 = AXIS2_PLACEMENT_3D('',#9767,#9768,#9769);
#9767 = CARTESIAN_POINT('',(61.,41.,539.5));
#9768 = DIRECTION('',(1.,0.,0.));
#9769 = DIRECTION('',(-0.,0.,1.));
#9770 = DEFINITIONAL_REPRESENTATION('',(#9771),#9775);
#9771 = CIRCLE('',#9772,2.5);
#9772 = AXIS2_PLACEMENT_2D('',#9773,#9774);
#9773 = CARTESIAN_POINT('',(0.,0.));
#9774 = DIRECTION('',(1.,0.));
#9775 = ( GEOMETRIC_REPRESENTATION_CONTEXT(2) 
PARAMETRIC_REPRESENTATION_CONTEXT() REPRESENTATION_CONTEXT('2D SPACE',''
  ) );
#9776 = ORIENTED_EDGE('',*,*,#9727,.T.);
#9777 = ADVANCED_FACE('',(#9778,#9781),#9082,.F.);
#9778 = FACE_BOUND('',#9779,.F.);
#9779 = EDGE_LOOP('',(#9780));
#9780 = ORIENTED_EDGE('',*,*,#9546,.T.);
#9781 = FACE_BOUND('',#9782,.F.);
#9782 = EDGE_LOOP('',(#9783));
#9783 = ORIENTED_EDGE('',*,*,#9067,.F.);
#9784 = ADVANCED_FACE('',(#9785,#9788),#9198,.F.);
#9785 = FACE_BOUND('',#9786,.F.);
#9786 = EDGE_LOOP('',(#9787));
#9787 = ORIENTED_EDGE('',*,*,#9596,.T.);
#9788 = FACE_BOUND('',#9789,.F.);
#9789 = EDGE_LOOP('',(#9790));
#9790 = ORIENTED_EDGE('',*,*,#9183,.F.);
#9791 = ADVANCED_FACE('',(#9792,#9795),#9253,.F.);
#9792 = FACE_BOUND('',#9793,.F.);
#9793 = EDGE_LOOP('',(#9794));
#9794 = ORIENTED_EDGE('',*,*,#9646,.T.);
#9795 = FACE_BOUND('',#9796,.F.);
#9796 = EDGE_LOOP('',(#9797));
#9797 = ORIENTED_EDGE('',*,*,#9238,.F.);
#9798 = ADVANCED_FACE('',(#9799),#9710,.T.);
#9799 = FACE_BOUND('',#9800,.F.);
#9800 = EDGE_LOOP('',(#9801));
#9801 = ORIENTED_EDGE('',*,*,#9695,.F.);
#9802 = ADVANCED_FACE('',(#9803),#9765,.T.);
#9803 = FACE_BOUND('',#9804,.F.);
#9804 = EDGE_LOOP('',(#9805));
#9805 = ORIENTED_EDGE('',*,*,#9750,.F.);
#9806 = ( GEOMETRIC_REPRESENTATION_CONTEXT(3) 
GLOBAL_UNCERTAINTY_ASSIGNED_CONTEXT((#9810)) 
GLOBAL_UNIT_ASSIGNED_CONTEXT((#9807,#9808,#9809)) REPRESENTATION_CONTEXT
('Context #1','3D Context with UNIT and UNCERTAINTY') );
#9807 = ( LENGTH_UNIT() NAMED_UNIT(*) SI_UNIT(.MILLI.,.METRE.) );
#9808 = ( NAMED_UNIT(*) PLANE_ANGLE_UNIT() SI_UNIT($,.RADIAN.) );
#9809 = ( NAMED_UNIT(*) SI_UNIT($,.STERADIAN.) SOLID_ANGLE_UNIT() );
#9810 = UNCERTAINTY_MEASURE_WITH_UNIT(LENGTH_MEASURE(1.E-07),#9807,
  'distance_accuracy_value','confusion accuracy');
#9811 = CONTEXT_DEPENDENT_SHAPE_REPRESENTATION(#9812,#9814);
#9812 = ( REPRESENTATION_RELATIONSHIP('','',#32,#10) 
REPRESENTATION_RELATIONSHIP_WITH_TRANSFORMATION(#9813) 
SHAPE_REPRESENTATION_RELATIONSHIP() );
#9813 = ITEM_DEFINED_TRANSFORMATION('','',#11,#15);
#9814 = PRODUCT_DEFINITION_SHAPE('Placement','Placement of an item',
  #9815);
#9815 = NEXT_ASSEMBLY_USAGE_OCCURRENCE('32','tooldock_master','',#5,#27,
  $);
#9816 = PRODUCT_RELATED_PRODUCT_CATEGORY('part',$,(#29));
#9817 = MECHANICAL_DESIGN_GEOMETRIC_PRESENTATION_REPRESENTATION('',(
    #9818),#9806);
#9818 = STYLED_ITEM('color',(#9819),#33);
#9819 = PRESENTATION_STYLE_ASSIGNMENT((#9820));
#9820 = SURFACE_STYLE_USAGE(.BOTH.,#9821);
#9821 = SURFACE_SIDE_STYLE('',(#9822));
#9822 = SURFACE_STYLE_FILL_AREA(#9823);
#9823 = FILL_AREA_STYLE('',(#9824));
#9824 = FILL_AREA_STYLE_COLOUR('',#9825);
#9825 = COLOUR_RGB('',1.,0.389999993588,0.27999999963);
ENDSEC;
END-ISO-10303-21;
