ISO-10303-21;
HEADER;
FILE_DESCRIPTION(('Open CASCADE Model'),'2;1');
FILE_NAME('Open CASCADE Shape Model','2026-09-26T14:09:37',('Author'),(
    'Open CASCADE'),'Open CASCADE STEP processor 7.9','Open CASCADE 7.9'
  ,'Unknown');
FILE_SCHEMA(('AUTOMOTIVE_DESIGN { 1 0 10303 214 1 1 1 1 }'));
ENDSEC;
DATA;
#1 = APPLICATION_PROTOCOL_DEFINITION('international standard',
  'automotive_design',2000,#2);
#2 = APPLICATION_CONTEXT(
  'core data for automotive mechanical design processes');
#3 = SHAPE_DEFINITION_REPRESENTATION(#4,#10);
#4 = PRODUCT_DEFINITION_SHAPE('','',#5);
#5 = PRODUCT_DEFINITION('design','',#6,#9);
#6 = PRODUCT_DEFINITION_FORMATION('','',#7);
#7 = PRODUCT('MC-TBL-001','MC-TBL-001','',(#8));
#8 = PRODUCT_CONTEXT('',#2,'mechanical');
#9 = PRODUCT_DEFINITION_CONTEXT('part definition',#2,'design');
#10 = SHAPE_REPRESENTATION('',(#11,#15),#19);
#11 = AXIS2_PLACEMENT_3D('',#12,#13,#14);
#12 = CARTESIAN_POINT('',(0.,0.,0.));
#13 = DIRECTION('',(0.,0.,1.));
#14 = DIRECTION('',(1.,0.,-0.));
#15 = AXIS2_PLACEMENT_3D('',#16,#17,#18);
#16 = CARTESIAN_POINT('',(0.,0.,0.));
#17 = DIRECTION('',(0.,0.,1.));
#18 = DIRECTION('',(1.,0.,-0.));
#19 = ( GEOMETRIC_REPRESENTATION_CONTEXT(3) 
GLOBAL_UNCERTAINTY_ASSIGNED_CONTEXT((#23)) GLOBAL_UNIT_ASSIGNED_CONTEXT(
(#20,#21,#22)) REPRESENTATION_CONTEXT('Context #1',
  '3D Context with UNIT and UNCERTAINTY') );
#20 = ( LENGTH_UNIT() NAMED_UNIT(*) SI_UNIT(.MILLI.,.METRE.) );
#21 = ( NAMED_UNIT(*) PLANE_ANGLE_UNIT() SI_UNIT($,.RADIAN.) );
#22 = ( NAMED_UNIT(*) SI_UNIT($,.STERADIAN.) SOLID_ANGLE_UNIT() );
#23 = UNCERTAINTY_MEASURE_WITH_UNIT(LENGTH_MEASURE(1.E-07),#20,
  'distance_accuracy_value','confusion accuracy');
#24 = PRODUCT_RELATED_PRODUCT_CATEGORY('part',$,(#7));
#25 = SHAPE_DEFINITION_REPRESENTATION(#26,#32);
#26 = PRODUCT_DEFINITION_SHAPE('','',#27);
#27 = PRODUCT_DEFINITION('design','',#28,#31);
#28 = PRODUCT_DEFINITION_FORMATION('','',#29);
#29 = PRODUCT('table','table','',(#30));
#30 = PRODUCT_CONTEXT('',#2,'mechanical');
#31 = PRODUCT_DEFINITION_CONTEXT('part definition',#2,'design');
#32 = ADVANCED_BREP_SHAPE_REPRESENTATION('',(#11,#33),#17581);
#33 = MANIFOLD_SOLID_BREP('',#34);
#34 = CLOSED_SHELL('',(#35,#155,#231,#394,#443,#3392,#3399,#3475,#3524,
    #3573,#3600,#3659,#3718,#3777,#3836,#3891,#3946,#4001,#4055,#4110,
    #4169,#4228,#4287,#4346,#4405,#4464,#4523,#4582,#4641,#4700,#4759,
    #4818,#4877,#4936,#4995,#5054,#5130,#5184,#5238,#5265,#5320,#5374,
    #5429,#5484,#5543,#5598,#5657,#5716,#5775,#5834,#5893,#5952,#6011,
    #6070,#6129,#6188,#6247,#6302,#6361,#6420,#6475,#6534,#6589,#6644,
    #6703,#6758,#6817,#6876,#6935,#6994,#7053,#7112,#7171,#7230,#7285,
    #7344,#7403,#7462,#7521,#7580,#7639,#7698,#7757,#7816,#7875,#7934,
    #7993,#8052,#8111,#8166,#8225,#8280,#8335,#8390,#8449,#8508,#8567,
    #11349,#11379,#11651,#11681,#11711,#11741,#11771,#11801,#11831,
    #11861,#11891,#11921,#11951,#11981,#12011,#12041,#12071,#12101,
    #12131,#12161,#12191,#12221,#12251,#12281,#12311,#12586,#12616,
    #12646,#12676,#12706,#12736,#12766,#12796,#12826,#12856,#12886,
    #12916,#12946,#12976,#13006,#13036,#13066,#13101,#13131,#13161,
    #13196,#13226,#13261,#13296,#13503,#13533,#13563,#13593,#13623,
    #13653,#13683,#13713,#13743,#13773,#13808,#13838,#14035,#14065,
    #14095,#14125,#14155,#14185,#14215,#14245,#14275,#14305,#14335,
    #14365,#14395,#14430,#14647,#14677,#14707,#14737,#14767,#14797,
    #14827,#14854,#14881,#14908,#14955,#14982,#15009,#15036,#15063,
    #15070,#15097,#15124,#15151,#15178,#15205,#15232,#15259,#15286,
    #15313,#15340,#15367,#15394,#15421,#15448,#15475,#15502,#15549,
    #15576,#15603,#15630,#15657,#15664,#15691,#15718,#15745,#15772,
    #15799,#15826,#15853,#15880,#15907,#15934,#15961,#15988,#16015,
    #16042,#16069,#16116,#16143,#16170,#16177,#16204,#16231,#16258,
    #16285,#16312,#16339,#16366,#16393,#16440,#16467,#16494,#16521,
    #16548,#16555,#16582,#16609,#16636,#16663,#16690,#16717,#16744,
    #16771,#16798,#16825,#16852,#16879,#16906,#16953,#16980,#17007,
    #17014,#17041,#17068,#17095,#17122,#17149,#17176,#17203,#17230,
    #17257,#17284,#17311,#17338,#17365,#17392,#17419,#17446,#17473,
    #17500,#17527,#17554));
#35 = ADVANCED_FACE('',(#36),#50,.F.);
#36 = FACE_BOUND('',#37,.F.);
#37 = EDGE_LOOP('',(#38,#73,#101,#129));
#38 = ORIENTED_EDGE('',*,*,#39,.F.);
#39 = EDGE_CURVE('',#40,#42,#44,.T.);
#40 = VERTEX_POINT('',#41);
#41 = CARTESIAN_POINT('',(0.,0.,16.));
#42 = VERTEX_POINT('',#43);
#43 = CARTESIAN_POINT('',(0.,0.,26.));
#44 = SURFACE_CURVE('',#45,(#49,#61),.PCURVE_S1.);
#45 = LINE('',#46,#47);
#46 = CARTESIAN_POINT('',(0.,0.,16.));
#47 = VECTOR('',#48,1.);
#48 = DIRECTION('',(0.,0.,1.));
#49 = PCURVE('',#50,#55);
#50 = PLANE('',#51);
#51 = AXIS2_PLACEMENT_3D('',#52,#53,#54);
#52 = CARTESIAN_POINT('',(0.,0.,20.));
#53 = DIRECTION('',(1.,0.,0.));
#54 = DIRECTION('',(0.,0.,1.));
#55 = DEFINITIONAL_REPRESENTATION('',(#56),#60);
#56 = LINE('',#57,#58);
#57 = CARTESIAN_POINT('',(-4.,0.));
#58 = VECTOR('',#59,1.);
#59 = DIRECTION('',(1.,0.));
#60 = ( GEOMETRIC_REPRESENTATION_CONTEXT(2) 
PARAMETRIC_REPRESENTATION_CONTEXT() REPRESENTATION_CONTEXT('2D SPACE',''
  ) );
#61 = PCURVE('',#62,#67);
#62 = PLANE('',#63);
#63 = AXIS2_PLACEMENT_3D('',#64,#65,#66);
#64 = CARTESIAN_POINT('',(0.,0.,20.));
#65 = DIRECTION('',(0.,1.,0.));
#66 = DIRECTION('',(0.,0.,1.));
#67 = DEFINITIONAL_REPRESENTATION('',(#68),#72);
#68 = LINE('',#69,#70);
#69 = CARTESIAN_POINT('',(-4.,0.));
#70 = VECTOR('',#71,1.);
#71 = DIRECTION('',(1.,0.));
#72 = ( GEOMETRIC_REPRESENTATION_CONTEXT(2) 
PARAMETRIC_REPRESENTATION_CONTEXT() REPRESENTATION_CONTEXT('2D SPACE',''
  ) );
#73 = ORIENTED_EDGE('',*,*,#74,.F.);
#74 = EDGE_CURVE('',#75,#40,#77,.T.);
#75 = VERTEX_POINT('',#76);
#76 = CARTESIAN_POINT('',(0.,350.,16.));
#77 = SURFACE_CURVE('',#78,(#82,#89),.PCURVE_S1.);
#78 = LINE('',#79,#80);
#79 = CARTESIAN_POINT('',(0.,350.,16.));
#80 = VECTOR('',#81,1.);
#81 = DIRECTION('',(0.,-1.,0.));
#82 = PCURVE('',#50,#83);
#83 = DEFINITIONAL_REPRESENTATION('',(#84),#88);
#84 = LINE('',#85,#86);
#85 = CARTESIAN_POINT('',(-4.,-350.));
#86 = VECTOR('',#87,1.);
#87 = DIRECTION('',(0.,1.));
#88 = ( GEOMETRIC_REPRESENTATION_CONTEXT(2) 
PARAMETRIC_REPRESENTATION_CONTEXT() REPRESENTATION_CONTEXT('2D SPACE',''
  ) );
#89 = PCURVE('',#90,#95);
#90 = PLANE('',#91);
#91 = AXIS2_PLACEMENT_3D('',#92,#93,#94);
#92 = CARTESIAN_POINT('',(0.,0.,16.));
#93 = DIRECTION('',(0.,0.,1.));
#94 = DIRECTION('',(1.,0.,0.));
#95 = DEFINITIONAL_REPRESENTATION('',(#96),#100);
#96 = LINE('',#97,#98);
#97 = CARTESIAN_POINT('',(0.,350.));
#98 = VECTOR('',#99,1.);
#99 = DIRECTION('',(0.,-1.));
#100 = ( GEOMETRIC_REPRESENTATION_CONTEXT(2) 
PARAMETRIC_REPRESENTATION_CONTEXT() REPRESENTATION_CONTEXT('2D SPACE',''
  ) );
#101 = ORIENTED_EDGE('',*,*,#102,.F.);
#102 = EDGE_CURVE('',#103,#75,#105,.T.);
#103 = VERTEX_POINT('',#104);
#104 = CARTESIAN_POINT('',(0.,350.,26.));
#105 = SURFACE_CURVE('',#106,(#110,#117),.PCURVE_S1.);
#106 = LINE('',#107,#108);
#107 = CARTESIAN_POINT('',(0.,350.,26.));
#108 = VECTOR('',#109,1.);
#109 = DIRECTION('',(0.,0.,-1.));
#110 = PCURVE('',#50,#111);
#111 = DEFINITIONAL_REPRESENTATION('',(#112),#116);
#112 = LINE('',#113,#114);
#113 = CARTESIAN_POINT('',(6.,-350.));
#114 = VECTOR('',#115,1.);
#115 = DIRECTION('',(-1.,0.));
#116 = ( GEOMETRIC_REPRESENTATION_CONTEXT(2) 
PARAMETRIC_REPRESENTATION_CONTEXT() REPRESENTATION_CONTEXT('2D SPACE',''
  ) );
#117 = PCURVE('',#118,#123);
#118 = PLANE('',#119);
#119 = AXIS2_PLACEMENT_3D('',#120,#121,#122);
#120 = CARTESIAN_POINT('',(0.,350.,20.));
#121 = DIRECTION('',(0.,1.,0.));
#122 = DIRECTION('',(0.,0.,1.));
#123 = DEFINITIONAL_REPRESENTATION('',(#124),#128);
#124 = LINE('',#125,#126);
#125 = CARTESIAN_POINT('',(6.,0.));
#126 = VECTOR('',#127,1.);
#127 = DIRECTION('',(-1.,0.));
#128 = ( GEOMETRIC_REPRESENTATION_CONTEXT(2) 
PARAMETRIC_REPRESENTATION_CONTEXT() REPRESENTATION_CONTEXT('2D SPACE',''
  ) );
#129 = ORIENTED_EDGE('',*,*,#130,.F.);
#130 = EDGE_CURVE('',#42,#103,#131,.T.);
#131 = SURFACE_CURVE('',#132,(#136,#143),.PCURVE_S1.);
#132 = LINE('',#133,#134);
#133 = CARTESIAN_POINT('',(0.,0.,26.));
#134 = VECTOR('',#135,1.);
#135 = DIRECTION('',(0.,1.,0.));
#136 = PCURVE('',#50,#137);
#137 = DEFINITIONAL_REPRESENTATION('',(#138),#142);
#138 = LINE('',#139,#140);
#139 = CARTESIAN_POINT('',(6.,0.));
#140 = VECTOR('',#141,1.);
#141 = DIRECTION('',(0.,-1.));
#142 = ( GEOMETRIC_REPRESENTATION_CONTEXT(2) 
PARAMETRIC_REPRESENTATION_CONTEXT() REPRESENTATION_CONTEXT('2D SPACE',''
  ) );
#143 = PCURVE('',#144,#149);
#144 = PLANE('',#145);
#145 = AXIS2_PLACEMENT_3D('',#146,#147,#148);
#146 = CARTESIAN_POINT('',(0.,0.,26.));
#147 = DIRECTION('',(0.,0.,1.));
#148 = DIRECTION('',(1.,0.,0.));
#149 = DEFINITIONAL_REPRESENTATION('',(#150),#154);
#150 = LINE('',#151,#152);
#151 = CARTESIAN_POINT('',(0.,0.));
#152 = VECTOR('',#153,1.);
#153 = DIRECTION('',(0.,1.));
#154 = ( GEOMETRIC_REPRESENTATION_CONTEXT(2) 
PARAMETRIC_REPRESENTATION_CONTEXT() REPRESENTATION_CONTEXT('2D SPACE',''
  ) );
#155 = ADVANCED_FACE('',(#156),#62,.F.);
#156 = FACE_BOUND('',#157,.F.);
#157 = EDGE_LOOP('',(#158,#181,#209,#230));
#158 = ORIENTED_EDGE('',*,*,#159,.F.);
#159 = EDGE_CURVE('',#160,#42,#162,.T.);
#160 = VERTEX_POINT('',#161);
#161 = CARTESIAN_POINT('',(450.,0.,26.));
#162 = SURFACE_CURVE('',#163,(#167,#174),.PCURVE_S1.);
#163 = LINE('',#164,#165);
#164 = CARTESIAN_POINT('',(450.,0.,26.));
#165 = VECTOR('',#166,1.);
#166 = DIRECTION('',(-1.,0.,0.));
#167 = PCURVE('',#62,#168);
#168 = DEFINITIONAL_REPRESENTATION('',(#169),#173);
#169 = LINE('',#170,#171);
#170 = CARTESIAN_POINT('',(6.,450.));
#171 = VECTOR('',#172,1.);
#172 = DIRECTION('',(0.,-1.));
#173 = ( GEOMETRIC_REPRESENTATION_CONTEXT(2) 
PARAMETRIC_REPRESENTATION_CONTEXT() REPRESENTATION_CONTEXT('2D SPACE',''
  ) );
#174 = PCURVE('',#144,#175);
#175 = DEFINITIONAL_REPRESENTATION('',(#176),#180);
#176 = LINE('',#177,#178);
#177 = CARTESIAN_POINT('',(450.,0.));
#178 = VECTOR('',#179,1.);
#179 = DIRECTION('',(-1.,0.));
#180 = ( GEOMETRIC_REPRESENTATION_CONTEXT(2) 
PARAMETRIC_REPRESENTATION_CONTEXT() REPRESENTATION_CONTEXT('2D SPACE',''
  ) );
#181 = ORIENTED_EDGE('',*,*,#182,.F.);
#182 = EDGE_CURVE('',#183,#160,#185,.T.);
#183 = VERTEX_POINT('',#184);
#184 = CARTESIAN_POINT('',(450.,0.,16.));
#185 = SURFACE_CURVE('',#186,(#190,#197),.PCURVE_S1.);
#186 = LINE('',#187,#188);
#187 = CARTESIAN_POINT('',(450.,0.,16.));
#188 = VECTOR('',#189,1.);
#189 = DIRECTION('',(0.,0.,1.));
#190 = PCURVE('',#62,#191);
#191 = DEFINITIONAL_REPRESENTATION('',(#192),#196);
#192 = LINE('',#193,#194);
#193 = CARTESIAN_POINT('',(-4.,450.));
#194 = VECTOR('',#195,1.);
#195 = DIRECTION('',(1.,0.));
#196 = ( GEOMETRIC_REPRESENTATION_CONTEXT(2) 
PARAMETRIC_REPRESENTATION_CONTEXT() REPRESENTATION_CONTEXT('2D SPACE',''
  ) );
#197 = PCURVE('',#198,#203);
#198 = PLANE('',#199);
#199 = AXIS2_PLACEMENT_3D('',#200,#201,#202);
#200 = CARTESIAN_POINT('',(450.,0.,20.));
#201 = DIRECTION('',(1.,0.,0.));
#202 = DIRECTION('',(0.,0.,1.));
#203 = DEFINITIONAL_REPRESENTATION('',(#204),#208);
#204 = LINE('',#205,#206);
#205 = CARTESIAN_POINT('',(-4.,0.));
#206 = VECTOR('',#207,1.);
#207 = DIRECTION('',(1.,0.));
#208 = ( GEOMETRIC_REPRESENTATION_CONTEXT(2) 
PARAMETRIC_REPRESENTATION_CONTEXT() REPRESENTATION_CONTEXT('2D SPACE',''
  ) );
#209 = ORIENTED_EDGE('',*,*,#210,.F.);
#210 = EDGE_CURVE('',#40,#183,#211,.T.);
#211 = SURFACE_CURVE('',#212,(#216,#223),.PCURVE_S1.);
#212 = LINE('',#213,#214);
#213 = CARTESIAN_POINT('',(0.,0.,16.));
#214 = VECTOR('',#215,1.);
#215 = DIRECTION('',(1.,0.,0.));
#216 = PCURVE('',#62,#217);
#217 = DEFINITIONAL_REPRESENTATION('',(#218),#222);
#218 = LINE('',#219,#220);
#219 = CARTESIAN_POINT('',(-4.,0.));
#220 = VECTOR('',#221,1.);
#221 = DIRECTION('',(0.,1.));
#222 = ( GEOMETRIC_REPRESENTATION_CONTEXT(2) 
PARAMETRIC_REPRESENTATION_CONTEXT() REPRESENTATION_CONTEXT('2D SPACE',''
  ) );
#223 = PCURVE('',#90,#224);
#224 = DEFINITIONAL_REPRESENTATION('',(#225),#229);
#225 = LINE('',#226,#227);
#226 = CARTESIAN_POINT('',(0.,0.));
#227 = VECTOR('',#228,1.);
#228 = DIRECTION('',(1.,0.));
#229 = ( GEOMETRIC_REPRESENTATION_CONTEXT(2) 
PARAMETRIC_REPRESENTATION_CONTEXT() REPRESENTATION_CONTEXT('2D SPACE',''
  ) );
#230 = ORIENTED_EDGE('',*,*,#39,.T.);
#231 = ADVANCED_FACE('',(#232,#280),#90,.F.);
#232 = FACE_BOUND('',#233,.F.);
#233 = EDGE_LOOP('',(#234,#235,#236,#259));
#234 = ORIENTED_EDGE('',*,*,#74,.T.);
#235 = ORIENTED_EDGE('',*,*,#210,.T.);
#236 = ORIENTED_EDGE('',*,*,#237,.F.);
#237 = EDGE_CURVE('',#238,#183,#240,.T.);
#238 = VERTEX_POINT('',#239);
#239 = CARTESIAN_POINT('',(450.,350.,16.));
#240 = SURFACE_CURVE('',#241,(#245,#252),.PCURVE_S1.);
#241 = LINE('',#242,#243);
#242 = CARTESIAN_POINT('',(450.,350.,16.));
#243 = VECTOR('',#244,1.);
#244 = DIRECTION('',(0.,-1.,0.));
#245 = PCURVE('',#90,#246);
#246 = DEFINITIONAL_REPRESENTATION('',(#247),#251);
#247 = LINE('',#248,#249);
#248 = CARTESIAN_POINT('',(450.,350.));
#249 = VECTOR('',#250,1.);
#250 = DIRECTION('',(0.,-1.));
#251 = ( GEOMETRIC_REPRESENTATION_CONTEXT(2) 
PARAMETRIC_REPRESENTATION_CONTEXT() REPRESENTATION_CONTEXT('2D SPACE',''
  ) );
#252 = PCURVE('',#198,#253);
#253 = DEFINITIONAL_REPRESENTATION('',(#254),#258);
#254 = LINE('',#255,#256);
#255 = CARTESIAN_POINT('',(-4.,-350.));
#256 = VECTOR('',#257,1.);
#257 = DIRECTION('',(0.,1.));
#258 = ( GEOMETRIC_REPRESENTATION_CONTEXT(2) 
PARAMETRIC_REPRESENTATION_CONTEXT() REPRESENTATION_CONTEXT('2D SPACE',''
  ) );
#259 = ORIENTED_EDGE('',*,*,#260,.F.);
#260 = EDGE_CURVE('',#75,#238,#261,.T.);
#261 = SURFACE_CURVE('',#262,(#266,#273),.PCURVE_S1.);
#262 = LINE('',#263,#264);
#263 = CARTESIAN_POINT('',(0.,350.,16.));
#264 = VECTOR('',#265,1.);
#265 = DIRECTION('',(1.,0.,0.));
#266 = PCURVE('',#90,#267);
#267 = DEFINITIONAL_REPRESENTATION('',(#268),#272);
#268 = LINE('',#269,#270);
#269 = CARTESIAN_POINT('',(0.,350.));
#270 = VECTOR('',#271,1.);
#271 = DIRECTION('',(1.,0.));
#272 = ( GEOMETRIC_REPRESENTATION_CONTEXT(2) 
PARAMETRIC_REPRESENTATION_CONTEXT() REPRESENTATION_CONTEXT('2D SPACE',''
  ) );
#273 = PCURVE('',#118,#274);
#274 = DEFINITIONAL_REPRESENTATION('',(#275),#279);
#275 = LINE('',#276,#277);
#276 = CARTESIAN_POINT('',(-4.,0.));
#277 = VECTOR('',#278,1.);
#278 = DIRECTION('',(0.,1.));
#279 = ( GEOMETRIC_REPRESENTATION_CONTEXT(2) 
PARAMETRIC_REPRESENTATION_CONTEXT() REPRESENTATION_CONTEXT('2D SPACE',''
  ) );
#280 = FACE_BOUND('',#281,.F.);
#281 = EDGE_LOOP('',(#282,#312,#340,#368));
#282 = ORIENTED_EDGE('',*,*,#283,.T.);
#283 = EDGE_CURVE('',#284,#286,#288,.T.);
#284 = VERTEX_POINT('',#285);
#285 = CARTESIAN_POINT('',(12.,338.,16.));
#286 = VERTEX_POINT('',#287);
#287 = CARTESIAN_POINT('',(438.,338.,16.));
#288 = SURFACE_CURVE('',#289,(#293,#300),.PCURVE_S1.);
#289 = LINE('',#290,#291);
#290 = CARTESIAN_POINT('',(0.,338.,16.));
#291 = VECTOR('',#292,1.);
#292 = DIRECTION('',(1.,0.,0.));
#293 = PCURVE('',#90,#294);
#294 = DEFINITIONAL_REPRESENTATION('',(#295),#299);
#295 = LINE('',#296,#297);
#296 = CARTESIAN_POINT('',(0.,338.));
#297 = VECTOR('',#298,1.);
#298 = DIRECTION('',(1.,0.));
#299 = ( GEOMETRIC_REPRESENTATION_CONTEXT(2) 
PARAMETRIC_REPRESENTATION_CONTEXT() REPRESENTATION_CONTEXT('2D SPACE',''
  ) );
#300 = PCURVE('',#301,#306);
#301 = PLANE('',#302);
#302 = AXIS2_PLACEMENT_3D('',#303,#304,#305);
#303 = CARTESIAN_POINT('',(0.,338.,16.));
#304 = DIRECTION('',(0.,1.,0.));
#305 = DIRECTION('',(0.,0.,1.));
#306 = DEFINITIONAL_REPRESENTATION('',(#307),#311);
#307 = LINE('',#308,#309);
#308 = CARTESIAN_POINT('',(0.,0.));
#309 = VECTOR('',#310,1.);
#310 = DIRECTION('',(0.,1.));
#311 = ( GEOMETRIC_REPRESENTATION_CONTEXT(2) 
PARAMETRIC_REPRESENTATION_CONTEXT() REPRESENTATION_CONTEXT('2D SPACE',''
  ) );
#312 = ORIENTED_EDGE('',*,*,#313,.F.);
#313 = EDGE_CURVE('',#314,#286,#316,.T.);
#314 = VERTEX_POINT('',#315);
#315 = CARTESIAN_POINT('',(438.,12.,16.));
#316 = SURFACE_CURVE('',#317,(#321,#328),.PCURVE_S1.);
#317 = LINE('',#318,#319);
#318 = CARTESIAN_POINT('',(438.,0.,16.));
#319 = VECTOR('',#320,1.);
#320 = DIRECTION('',(0.,1.,0.));
#321 = PCURVE('',#90,#322);
#322 = DEFINITIONAL_REPRESENTATION('',(#323),#327);
#323 = LINE('',#324,#325);
#324 = CARTESIAN_POINT('',(438.,0.));
#325 = VECTOR('',#326,1.);
#326 = DIRECTION('',(0.,1.));
#327 = ( GEOMETRIC_REPRESENTATION_CONTEXT(2) 
PARAMETRIC_REPRESENTATION_CONTEXT() REPRESENTATION_CONTEXT('2D SPACE',''
  ) );
#328 = PCURVE('',#329,#334);
#329 = PLANE('',#330);
#330 = AXIS2_PLACEMENT_3D('',#331,#332,#333);
#331 = CARTESIAN_POINT('',(438.,0.,16.));
#332 = DIRECTION('',(1.,0.,0.));
#333 = DIRECTION('',(0.,0.,1.));
#334 = DEFINITIONAL_REPRESENTATION('',(#335),#339);
#335 = LINE('',#336,#337);
#336 = CARTESIAN_POINT('',(0.,0.));
#337 = VECTOR('',#338,1.);
#338 = DIRECTION('',(0.,-1.));
#339 = ( GEOMETRIC_REPRESENTATION_CONTEXT(2) 
PARAMETRIC_REPRESENTATION_CONTEXT() REPRESENTATION_CONTEXT('2D SPACE',''
  ) );
#340 = ORIENTED_EDGE('',*,*,#341,.F.);
#341 = EDGE_CURVE('',#342,#314,#344,.T.);
#342 = VERTEX_POINT('',#343);
#343 = CARTESIAN_POINT('',(12.,12.,16.));
#344 = SURFACE_CURVE('',#345,(#349,#356),.PCURVE_S1.);
#345 = LINE('',#346,#347);
#346 = CARTESIAN_POINT('',(0.,12.,16.));
#347 = VECTOR('',#348,1.);
#348 = DIRECTION('',(1.,0.,0.));
#349 = PCURVE('',#90,#350);
#350 = DEFINITIONAL_REPRESENTATION('',(#351),#355);
#351 = LINE('',#352,#353);
#352 = CARTESIAN_POINT('',(0.,12.));
#353 = VECTOR('',#354,1.);
#354 = DIRECTION('',(1.,0.));
#355 = ( GEOMETRIC_REPRESENTATION_CONTEXT(2) 
PARAMETRIC_REPRESENTATION_CONTEXT() REPRESENTATION_CONTEXT('2D SPACE',''
  ) );
#356 = PCURVE('',#357,#362);
#357 = PLANE('',#358);
#358 = AXIS2_PLACEMENT_3D('',#359,#360,#361);
#359 = CARTESIAN_POINT('',(0.,12.,16.));
#360 = DIRECTION('',(0.,1.,0.));
#361 = DIRECTION('',(0.,0.,1.));
#362 = DEFINITIONAL_REPRESENTATION('',(#363),#367);
#363 = LINE('',#364,#365);
#364 = CARTESIAN_POINT('',(0.,0.));
#365 = VECTOR('',#366,1.);
#366 = DIRECTION('',(0.,1.));
#367 = ( GEOMETRIC_REPRESENTATION_CONTEXT(2) 
PARAMETRIC_REPRESENTATION_CONTEXT() REPRESENTATION_CONTEXT('2D SPACE',''
  ) );
#368 = ORIENTED_EDGE('',*,*,#369,.T.);
#369 = EDGE_CURVE('',#342,#284,#370,.T.);
#370 = SURFACE_CURVE('',#371,(#375,#382),.PCURVE_S1.);
#371 = LINE('',#372,#373);
#372 = CARTESIAN_POINT('',(12.,0.,16.));
#373 = VECTOR('',#374,1.);
#374 = DIRECTION('',(0.,1.,0.));
#375 = PCURVE('',#90,#376);
#376 = DEFINITIONAL_REPRESENTATION('',(#377),#381);
#377 = LINE('',#378,#379);
#378 = CARTESIAN_POINT('',(12.,0.));
#379 = VECTOR('',#380,1.);
#380 = DIRECTION('',(0.,1.));
#381 = ( GEOMETRIC_REPRESENTATION_CONTEXT(2) 
PARAMETRIC_REPRESENTATION_CONTEXT() REPRESENTATION_CONTEXT('2D SPACE',''
  ) );
#382 = PCURVE('',#383,#388);
#383 = PLANE('',#384);
#384 = AXIS2_PLACEMENT_3D('',#385,#386,#387);
#385 = CARTESIAN_POINT('',(12.,0.,16.));
#386 = DIRECTION('',(1.,0.,0.));
#387 = DIRECTION('',(0.,0.,1.));
#388 = DEFINITIONAL_REPRESENTATION('',(#389),#393);
#389 = LINE('',#390,#391);
#390 = CARTESIAN_POINT('',(0.,0.));
#391 = VECTOR('',#392,1.);
#392 = DIRECTION('',(0.,-1.));
#393 = ( GEOMETRIC_REPRESENTATION_CONTEXT(2) 
PARAMETRIC_REPRESENTATION_CONTEXT() REPRESENTATION_CONTEXT('2D SPACE',''
  ) );
#394 = ADVANCED_FACE('',(#395),#118,.T.);
#395 = FACE_BOUND('',#396,.T.);
#396 = EDGE_LOOP('',(#397,#398,#421,#442));
#397 = ORIENTED_EDGE('',*,*,#102,.F.);
#398 = ORIENTED_EDGE('',*,*,#399,.T.);
#399 = EDGE_CURVE('',#103,#400,#402,.T.);
#400 = VERTEX_POINT('',#401);
#401 = CARTESIAN_POINT('',(450.,350.,26.));
#402 = SURFACE_CURVE('',#403,(#407,#414),.PCURVE_S1.);
#403 = LINE('',#404,#405);
#404 = CARTESIAN_POINT('',(0.,350.,26.));
#405 = VECTOR('',#406,1.);
#406 = DIRECTION('',(1.,0.,0.));
#407 = PCURVE('',#118,#408);
#408 = DEFINITIONAL_REPRESENTATION('',(#409),#413);
#409 = LINE('',#410,#411);
#410 = CARTESIAN_POINT('',(6.,0.));
#411 = VECTOR('',#412,1.);
#412 = DIRECTION('',(0.,1.));
#413 = ( GEOMETRIC_REPRESENTATION_CONTEXT(2) 
PARAMETRIC_REPRESENTATION_CONTEXT() REPRESENTATION_CONTEXT('2D SPACE',''
  ) );
#414 = PCURVE('',#144,#415);
#415 = DEFINITIONAL_REPRESENTATION('',(#416),#420);
#416 = LINE('',#417,#418);
#417 = CARTESIAN_POINT('',(0.,350.));
#418 = VECTOR('',#419,1.);
#419 = DIRECTION('',(1.,0.));
#420 = ( GEOMETRIC_REPRESENTATION_CONTEXT(2) 
PARAMETRIC_REPRESENTATION_CONTEXT() REPRESENTATION_CONTEXT('2D SPACE',''
  ) );
#421 = ORIENTED_EDGE('',*,*,#422,.F.);
#422 = EDGE_CURVE('',#238,#400,#423,.T.);
#423 = SURFACE_CURVE('',#424,(#428,#435),.PCURVE_S1.);
#424 = LINE('',#425,#426);
#425 = CARTESIAN_POINT('',(450.,350.,16.));
#426 = VECTOR('',#427,1.);
#427 = DIRECTION('',(0.,0.,1.));
#428 = PCURVE('',#118,#429);
#429 = DEFINITIONAL_REPRESENTATION('',(#430),#434);
#430 = LINE('',#431,#432);
#431 = CARTESIAN_POINT('',(-4.,450.));
#432 = VECTOR('',#433,1.);
#433 = DIRECTION('',(1.,0.));
#434 = ( GEOMETRIC_REPRESENTATION_CONTEXT(2) 
PARAMETRIC_REPRESENTATION_CONTEXT() REPRESENTATION_CONTEXT('2D SPACE',''
  ) );
#435 = PCURVE('',#198,#436);
#436 = DEFINITIONAL_REPRESENTATION('',(#437),#441);
#437 = LINE('',#438,#439);
#438 = CARTESIAN_POINT('',(-4.,-350.));
#439 = VECTOR('',#440,1.);
#440 = DIRECTION('',(1.,0.));
#441 = ( GEOMETRIC_REPRESENTATION_CONTEXT(2) 
PARAMETRIC_REPRESENTATION_CONTEXT() REPRESENTATION_CONTEXT('2D SPACE',''
  ) );
#442 = ORIENTED_EDGE('',*,*,#260,.F.);
#443 = ADVANCED_FACE('',(#444,#470,#505,#540,#575,#610,#641,#672,#703,
    #738,#769,#804,#839,#874,#909,#944,#979,#1014,#1049,#1084,#1119,
    #1154,#1189,#1224,#1259,#1294,#1329,#1453,#1484,#1519,#1550,#1581,
    #1616,#1647,#1682,#1717,#1752,#1787,#1822,#1857,#1892,#1927,#1962,
    #1997,#2032,#2063,#2098,#2133,#2164,#2199,#2230,#2261,#2296,#2327,
    #2362,#2397,#2432,#2467,#2502,#2537,#2572,#2607,#2638,#2673,#2708,
    #2743,#2778,#2813,#2848,#2883,#2918,#2953,#2988,#3023,#3058,#3093,
    #3128,#3159,#3194,#3225,#3256,#3287,#3322,#3357),#144,.T.);
#444 = FACE_BOUND('',#445,.T.);
#445 = EDGE_LOOP('',(#446,#447,#448,#469));
#446 = ORIENTED_EDGE('',*,*,#130,.F.);
#447 = ORIENTED_EDGE('',*,*,#159,.F.);
#448 = ORIENTED_EDGE('',*,*,#449,.T.);
#449 = EDGE_CURVE('',#160,#400,#450,.T.);
#450 = SURFACE_CURVE('',#451,(#455,#462),.PCURVE_S1.);
#451 = LINE('',#452,#453);
#452 = CARTESIAN_POINT('',(450.,0.,26.));
#453 = VECTOR('',#454,1.);
#454 = DIRECTION('',(0.,1.,0.));
#455 = PCURVE('',#144,#456);
#456 = DEFINITIONAL_REPRESENTATION('',(#457),#461);
#457 = LINE('',#458,#459);
#458 = CARTESIAN_POINT('',(450.,0.));
#459 = VECTOR('',#460,1.);
#460 = DIRECTION('',(0.,1.));
#461 = ( GEOMETRIC_REPRESENTATION_CONTEXT(2) 
PARAMETRIC_REPRESENTATION_CONTEXT() REPRESENTATION_CONTEXT('2D SPACE',''
  ) );
#462 = PCURVE('',#198,#463);
#463 = DEFINITIONAL_REPRESENTATION('',(#464),#468);
#464 = LINE('',#465,#466);
#465 = CARTESIAN_POINT('',(6.,0.));
#466 = VECTOR('',#467,1.);
#467 = DIRECTION('',(0.,-1.));
#468 = ( GEOMETRIC_REPRESENTATION_CONTEXT(2) 
PARAMETRIC_REPRESENTATION_CONTEXT() REPRESENTATION_CONTEXT('2D SPACE',''
  ) );
#469 = ORIENTED_EDGE('',*,*,#399,.F.);
#470 = FACE_BOUND('',#471,.T.);
#471 = EDGE_LOOP('',(#472));
#472 = ORIENTED_EDGE('',*,*,#473,.T.);
#473 = EDGE_CURVE('',#474,#474,#476,.T.);
#474 = VERTEX_POINT('',#475);
#475 = CARTESIAN_POINT('',(28.,25.,26.));
#476 = SURFACE_CURVE('',#477,(#482,#493),.PCURVE_S1.);
#477 = CIRCLE('',#478,3.);
#478 = AXIS2_PLACEMENT_3D('',#479,#480,#481);
#479 = CARTESIAN_POINT('',(25.,25.,26.));
#480 = DIRECTION('',(0.,0.,-1.));
#481 = DIRECTION('',(1.,0.,0.));
#482 = PCURVE('',#144,#483);
#483 = DEFINITIONAL_REPRESENTATION('',(#484),#492);
#484 = ( BOUNDED_CURVE() B_SPLINE_CURVE(2,(#485,#486,#487,#488,#489,#490
,#491),.UNSPECIFIED.,.T.,.F.) B_SPLINE_CURVE_WITH_KNOTS((1,2,2,2,2,1),(
    -2.094395102393,0.,2.094395102393,4.188790204786,6.28318530718,
8.377580409573),.UNSPECIFIED.) CURVE() GEOMETRIC_REPRESENTATION_ITEM() 
RATIONAL_B_SPLINE_CURVE((1.,0.5,1.,0.5,1.,0.5,1.)) REPRESENTATION_ITEM(
  '') );
#485 = CARTESIAN_POINT('',(28.,25.));
#486 = CARTESIAN_POINT('',(28.,19.803847577293));
#487 = CARTESIAN_POINT('',(23.5,22.401923788647));
#488 = CARTESIAN_POINT('',(19.,25.));
#489 = CARTESIAN_POINT('',(23.5,27.598076211353));
#490 = CARTESIAN_POINT('',(28.,30.196152422707));
#491 = CARTESIAN_POINT('',(28.,25.));
#492 = ( GEOMETRIC_REPRESENTATION_CONTEXT(2) 
PARAMETRIC_REPRESENTATION_CONTEXT() REPRESENTATION_CONTEXT('2D SPACE',''
  ) );
#493 = PCURVE('',#494,#499);
#494 = CYLINDRICAL_SURFACE('',#495,3.);
#495 = AXIS2_PLACEMENT_3D('',#496,#497,#498);
#496 = CARTESIAN_POINT('',(25.,25.,15.));
#497 = DIRECTION('',(-0.,-0.,-1.));
#498 = DIRECTION('',(1.,0.,0.));
#499 = DEFINITIONAL_REPRESENTATION('',(#500),#504);
#500 = LINE('',#501,#502);
#501 = CARTESIAN_POINT('',(-6.28318530718,-11.));
#502 = VECTOR('',#503,1.);
#503 = DIRECTION('',(1.,-0.));
#504 = ( GEOMETRIC_REPRESENTATION_CONTEXT(2) 
PARAMETRIC_REPRESENTATION_CONTEXT() REPRESENTATION_CONTEXT('2D SPACE',''
  ) );
#505 = FACE_BOUND('',#506,.T.);
#506 = EDGE_LOOP('',(#507));
#507 = ORIENTED_EDGE('',*,*,#508,.T.);
#508 = EDGE_CURVE('',#509,#509,#511,.T.);
#509 = VERTEX_POINT('',#510);
#510 = CARTESIAN_POINT('',(54.,50.,26.));
#511 = SURFACE_CURVE('',#512,(#517,#528),.PCURVE_S1.);
#512 = CIRCLE('',#513,4.);
#513 = AXIS2_PLACEMENT_3D('',#514,#515,#516);
#514 = CARTESIAN_POINT('',(50.,50.,26.));
#515 = DIRECTION('',(0.,0.,-1.));
#516 = DIRECTION('',(1.,0.,0.));
#517 = PCURVE('',#144,#518);
#518 = DEFINITIONAL_REPRESENTATION('',(#519),#527);
#519 = ( BOUNDED_CURVE() B_SPLINE_CURVE(2,(#520,#521,#522,#523,#524,#525
,#526),.UNSPECIFIED.,.T.,.F.) B_SPLINE_CURVE_WITH_KNOTS((1,2,2,2,2,1),(
    -2.094395102393,0.,2.094395102393,4.188790204786,6.28318530718,
8.377580409573),.UNSPECIFIED.) CURVE() GEOMETRIC_REPRESENTATION_ITEM() 
RATIONAL_B_SPLINE_CURVE((1.,0.5,1.,0.5,1.,0.5,1.)) REPRESENTATION_ITEM(
  '') );
#520 = CARTESIAN_POINT('',(54.,50.));
#521 = CARTESIAN_POINT('',(54.,43.071796769724));
#522 = CARTESIAN_POINT('',(48.,46.535898384862));
#523 = CARTESIAN_POINT('',(42.,50.));
#524 = CARTESIAN_POINT('',(48.,53.464101615138));
#525 = CARTESIAN_POINT('',(54.,56.928203230276));
#526 = CARTESIAN_POINT('',(54.,50.));
#527 = ( GEOMETRIC_REPRESENTATION_CONTEXT(2) 
PARAMETRIC_REPRESENTATION_CONTEXT() REPRESENTATION_CONTEXT('2D SPACE',''
  ) );
#528 = PCURVE('',#529,#534);
#529 = CYLINDRICAL_SURFACE('',#530,4.);
#530 = AXIS2_PLACEMENT_3D('',#531,#532,#533);
#531 = CARTESIAN_POINT('',(50.,50.,15.));
#532 = DIRECTION('',(-0.,-0.,-1.));
#533 = DIRECTION('',(1.,0.,0.));
#534 = DEFINITIONAL_REPRESENTATION('',(#535),#539);
#535 = LINE('',#536,#537);
#536 = CARTESIAN_POINT('',(-6.28318530718,-11.));
#537 = VECTOR('',#538,1.);
#538 = DIRECTION('',(1.,-0.));
#539 = ( GEOMETRIC_REPRESENTATION_CONTEXT(2) 
PARAMETRIC_REPRESENTATION_CONTEXT() REPRESENTATION_CONTEXT('2D SPACE',''
  ) );
#540 = FACE_BOUND('',#541,.T.);
#541 = EDGE_LOOP('',(#542));
#542 = ORIENTED_EDGE('',*,*,#543,.T.);
#543 = EDGE_CURVE('',#544,#544,#546,.T.);
#544 = VERTEX_POINT('',#545);
#545 = CARTESIAN_POINT('',(78.,25.,26.));
#546 = SURFACE_CURVE('',#547,(#552,#563),.PCURVE_S1.);
#547 = CIRCLE('',#548,3.);
#548 = AXIS2_PLACEMENT_3D('',#549,#550,#551);
#549 = CARTESIAN_POINT('',(75.,25.,26.));
#550 = DIRECTION('',(0.,0.,-1.));
#551 = DIRECTION('',(1.,0.,0.));
#552 = PCURVE('',#144,#553);
#553 = DEFINITIONAL_REPRESENTATION('',(#554),#562);
#554 = ( BOUNDED_CURVE() B_SPLINE_CURVE(2,(#555,#556,#557,#558,#559,#560
,#561),.UNSPECIFIED.,.T.,.F.) B_SPLINE_CURVE_WITH_KNOTS((1,2,2,2,2,1),(
    -2.094395102393,0.,2.094395102393,4.188790204786,6.28318530718,
8.377580409573),.UNSPECIFIED.) CURVE() GEOMETRIC_REPRESENTATION_ITEM() 
RATIONAL_B_SPLINE_CURVE((1.,0.5,1.,0.5,1.,0.5,1.)) REPRESENTATION_ITEM(
  '') );
#555 = CARTESIAN_POINT('',(78.,25.));
#556 = CARTESIAN_POINT('',(78.,19.803847577293));
#557 = CARTESIAN_POINT('',(73.5,22.401923788647));
#558 = CARTESIAN_POINT('',(69.,25.));
#559 = CARTESIAN_POINT('',(73.5,27.598076211353));
#560 = CARTESIAN_POINT('',(78.,30.196152422707));
#561 = CARTESIAN_POINT('',(78.,25.));
#562 = ( GEOMETRIC_REPRESENTATION_CONTEXT(2) 
PARAMETRIC_REPRESENTATION_CONTEXT() REPRESENTATION_CONTEXT('2D SPACE',''
  ) );
#563 = PCURVE('',#564,#569);
#564 = CYLINDRICAL_SURFACE('',#565,3.);
#565 = AXIS2_PLACEMENT_3D('',#566,#567,#568);
#566 = CARTESIAN_POINT('',(75.,25.,15.));
#567 = DIRECTION('',(-0.,-0.,-1.));
#568 = DIRECTION('',(1.,0.,0.));
#569 = DEFINITIONAL_REPRESENTATION('',(#570),#574);
#570 = LINE('',#571,#572);
#571 = CARTESIAN_POINT('',(-6.28318530718,-11.));
#572 = VECTOR('',#573,1.);
#573 = DIRECTION('',(1.,-0.));
#574 = ( GEOMETRIC_REPRESENTATION_CONTEXT(2) 
PARAMETRIC_REPRESENTATION_CONTEXT() REPRESENTATION_CONTEXT('2D SPACE',''
  ) );
#575 = FACE_BOUND('',#576,.T.);
#576 = EDGE_LOOP('',(#577));
#577 = ORIENTED_EDGE('',*,*,#578,.T.);
#578 = EDGE_CURVE('',#579,#579,#581,.T.);
#579 = VERTEX_POINT('',#580);
#580 = CARTESIAN_POINT('',(28.,75.,26.));
#581 = SURFACE_CURVE('',#582,(#587,#598),.PCURVE_S1.);
#582 = CIRCLE('',#583,3.);
#583 = AXIS2_PLACEMENT_3D('',#584,#585,#586);
#584 = CARTESIAN_POINT('',(25.,75.,26.));
#585 = DIRECTION('',(0.,0.,-1.));
#586 = DIRECTION('',(1.,0.,0.));
#587 = PCURVE('',#144,#588);
#588 = DEFINITIONAL_REPRESENTATION('',(#589),#597);
#589 = ( BOUNDED_CURVE() B_SPLINE_CURVE(2,(#590,#591,#592,#593,#594,#595
,#596),.UNSPECIFIED.,.T.,.F.) B_SPLINE_CURVE_WITH_KNOTS((1,2,2,2,2,1),(
    -2.094395102393,0.,2.094395102393,4.188790204786,6.28318530718,
8.377580409573),.UNSPECIFIED.) CURVE() GEOMETRIC_REPRESENTATION_ITEM() 
RATIONAL_B_SPLINE_CURVE((1.,0.5,1.,0.5,1.,0.5,1.)) REPRESENTATION_ITEM(
  '') );
#590 = CARTESIAN_POINT('',(28.,75.));
#591 = CARTESIAN_POINT('',(28.,69.803847577293));
#592 = CARTESIAN_POINT('',(23.5,72.401923788647));
#593 = CARTESIAN_POINT('',(19.,75.));
#594 = CARTESIAN_POINT('',(23.5,77.598076211353));
#595 = CARTESIAN_POINT('',(28.,80.196152422707));
#596 = CARTESIAN_POINT('',(28.,75.));
#597 = ( GEOMETRIC_REPRESENTATION_CONTEXT(2) 
PARAMETRIC_REPRESENTATION_CONTEXT() REPRESENTATION_CONTEXT('2D SPACE',''
  ) );
#598 = PCURVE('',#599,#604);
#599 = CYLINDRICAL_SURFACE('',#600,3.);
#600 = AXIS2_PLACEMENT_3D('',#601,#602,#603);
#601 = CARTESIAN_POINT('',(25.,75.,15.));
#602 = DIRECTION('',(-0.,-0.,-1.));
#603 = DIRECTION('',(1.,0.,0.));
#604 = DEFINITIONAL_REPRESENTATION('',(#605),#609);
#605 = LINE('',#606,#607);
#606 = CARTESIAN_POINT('',(-6.28318530718,-11.));
#607 = VECTOR('',#608,1.);
#608 = DIRECTION('',(1.,-0.));
#609 = ( GEOMETRIC_REPRESENTATION_CONTEXT(2) 
PARAMETRIC_REPRESENTATION_CONTEXT() REPRESENTATION_CONTEXT('2D SPACE',''
  ) );
#610 = FACE_BOUND('',#611,.T.);
#611 = EDGE_LOOP('',(#612));
#612 = ORIENTED_EDGE('',*,*,#613,.F.);
#613 = EDGE_CURVE('',#614,#614,#616,.T.);
#614 = VERTEX_POINT('',#615);
#615 = CARTESIAN_POINT('',(65.75,62.5,26.));
#616 = SURFACE_CURVE('',#617,(#622,#629),.PCURVE_S1.);
#617 = CIRCLE('',#618,3.25);
#618 = AXIS2_PLACEMENT_3D('',#619,#620,#621);
#619 = CARTESIAN_POINT('',(62.5,62.5,26.));
#620 = DIRECTION('',(0.,0.,1.));
#621 = DIRECTION('',(1.,0.,-0.));
#622 = PCURVE('',#144,#623);
#623 = DEFINITIONAL_REPRESENTATION('',(#624),#628);
#624 = CIRCLE('',#625,3.25);
#625 = AXIS2_PLACEMENT_2D('',#626,#627);
#626 = CARTESIAN_POINT('',(62.5,62.5));
#627 = DIRECTION('',(1.,0.));
#628 = ( GEOMETRIC_REPRESENTATION_CONTEXT(2) 
PARAMETRIC_REPRESENTATION_CONTEXT() REPRESENTATION_CONTEXT('2D SPACE',''
  ) );
#629 = PCURVE('',#630,#635);
#630 = CYLINDRICAL_SURFACE('',#631,3.25);
#631 = AXIS2_PLACEMENT_3D('',#632,#633,#634);
#632 = CARTESIAN_POINT('',(62.5,62.5,22.5));
#633 = DIRECTION('',(0.,0.,1.));
#634 = DIRECTION('',(1.,0.,-0.));
#635 = DEFINITIONAL_REPRESENTATION('',(#636),#640);
#636 = LINE('',#637,#638);
#637 = CARTESIAN_POINT('',(0.,3.5));
#638 = VECTOR('',#639,1.);
#639 = DIRECTION('',(1.,0.));
#640 = ( GEOMETRIC_REPRESENTATION_CONTEXT(2) 
PARAMETRIC_REPRESENTATION_CONTEXT() REPRESENTATION_CONTEXT('2D SPACE',''
  ) );
#641 = FACE_BOUND('',#642,.T.);
#642 = EDGE_LOOP('',(#643));
#643 = ORIENTED_EDGE('',*,*,#644,.F.);
#644 = EDGE_CURVE('',#645,#645,#647,.T.);
#645 = VERTEX_POINT('',#646);
#646 = CARTESIAN_POINT('',(65.75,87.5,26.));
#647 = SURFACE_CURVE('',#648,(#653,#660),.PCURVE_S1.);
#648 = CIRCLE('',#649,3.25);
#649 = AXIS2_PLACEMENT_3D('',#650,#651,#652);
#650 = CARTESIAN_POINT('',(62.5,87.5,26.));
#651 = DIRECTION('',(0.,0.,1.));
#652 = DIRECTION('',(1.,0.,-0.));
#653 = PCURVE('',#144,#654);
#654 = DEFINITIONAL_REPRESENTATION('',(#655),#659);
#655 = CIRCLE('',#656,3.25);
#656 = AXIS2_PLACEMENT_2D('',#657,#658);
#657 = CARTESIAN_POINT('',(62.5,87.5));
#658 = DIRECTION('',(1.,0.));
#659 = ( GEOMETRIC_REPRESENTATION_CONTEXT(2) 
PARAMETRIC_REPRESENTATION_CONTEXT() REPRESENTATION_CONTEXT('2D SPACE',''
  ) );
#660 = PCURVE('',#661,#666);
#661 = CYLINDRICAL_SURFACE('',#662,3.25);
#662 = AXIS2_PLACEMENT_3D('',#663,#664,#665);
#663 = CARTESIAN_POINT('',(62.5,87.5,22.5));
#664 = DIRECTION('',(0.,0.,1.));
#665 = DIRECTION('',(1.,0.,-0.));
#666 = DEFINITIONAL_REPRESENTATION('',(#667),#671);
#667 = LINE('',#668,#669);
#668 = CARTESIAN_POINT('',(0.,3.5));
#669 = VECTOR('',#670,1.);
#670 = DIRECTION('',(1.,0.));
#671 = ( GEOMETRIC_REPRESENTATION_CONTEXT(2) 
PARAMETRIC_REPRESENTATION_CONTEXT() REPRESENTATION_CONTEXT('2D SPACE',''
  ) );
#672 = FACE_BOUND('',#673,.T.);
#673 = EDGE_LOOP('',(#674));
#674 = ORIENTED_EDGE('',*,*,#675,.F.);
#675 = EDGE_CURVE('',#676,#676,#678,.T.);
#676 = VERTEX_POINT('',#677);
#677 = CARTESIAN_POINT('',(90.75,62.5,26.));
#678 = SURFACE_CURVE('',#679,(#684,#691),.PCURVE_S1.);
#679 = CIRCLE('',#680,3.25);
#680 = AXIS2_PLACEMENT_3D('',#681,#682,#683);
#681 = CARTESIAN_POINT('',(87.5,62.5,26.));
#682 = DIRECTION('',(0.,0.,1.));
#683 = DIRECTION('',(1.,0.,-0.));
#684 = PCURVE('',#144,#685);
#685 = DEFINITIONAL_REPRESENTATION('',(#686),#690);
#686 = CIRCLE('',#687,3.25);
#687 = AXIS2_PLACEMENT_2D('',#688,#689);
#688 = CARTESIAN_POINT('',(87.5,62.5));
#689 = DIRECTION('',(1.,0.));
#690 = ( GEOMETRIC_REPRESENTATION_CONTEXT(2) 
PARAMETRIC_REPRESENTATION_CONTEXT() REPRESENTATION_CONTEXT('2D SPACE',''
  ) );
#691 = PCURVE('',#692,#697);
#692 = CYLINDRICAL_SURFACE('',#693,3.25);
#693 = AXIS2_PLACEMENT_3D('',#694,#695,#696);
#694 = CARTESIAN_POINT('',(87.5,62.5,22.5));
#695 = DIRECTION('',(0.,0.,1.));
#696 = DIRECTION('',(1.,0.,-0.));
#697 = DEFINITIONAL_REPRESENTATION('',(#698),#702);
#698 = LINE('',#699,#700);
#699 = CARTESIAN_POINT('',(0.,3.5));
#700 = VECTOR('',#701,1.);
#701 = DIRECTION('',(1.,0.));
#702 = ( GEOMETRIC_REPRESENTATION_CONTEXT(2) 
PARAMETRIC_REPRESENTATION_CONTEXT() REPRESENTATION_CONTEXT('2D SPACE',''
  ) );
#703 = FACE_BOUND('',#704,.T.);
#704 = EDGE_LOOP('',(#705));
#705 = ORIENTED_EDGE('',*,*,#706,.T.);
#706 = EDGE_CURVE('',#707,#707,#709,.T.);
#707 = VERTEX_POINT('',#708);
#708 = CARTESIAN_POINT('',(78.,75.,26.));
#709 = SURFACE_CURVE('',#710,(#715,#726),.PCURVE_S1.);
#710 = CIRCLE('',#711,3.);
#711 = AXIS2_PLACEMENT_3D('',#712,#713,#714);
#712 = CARTESIAN_POINT('',(75.,75.,26.));
#713 = DIRECTION('',(0.,0.,-1.));
#714 = DIRECTION('',(1.,0.,0.));
#715 = PCURVE('',#144,#716);
#716 = DEFINITIONAL_REPRESENTATION('',(#717),#725);
#717 = ( BOUNDED_CURVE() B_SPLINE_CURVE(2,(#718,#719,#720,#721,#722,#723
,#724),.UNSPECIFIED.,.T.,.F.) B_SPLINE_CURVE_WITH_KNOTS((1,2,2,2,2,1),(
    -2.094395102393,0.,2.094395102393,4.188790204786,6.28318530718,
8.377580409573),.UNSPECIFIED.) CURVE() GEOMETRIC_REPRESENTATION_ITEM() 
RATIONAL_B_SPLINE_CURVE((1.,0.5,1.,0.5,1.,0.5,1.)) REPRESENTATION_ITEM(
  '') );
#718 = CARTESIAN_POINT('',(78.,75.));
#719 = CARTESIAN_POINT('',(78.,69.803847577293));
#720 = CARTESIAN_POINT('',(73.5,72.401923788647));
#721 = CARTESIAN_POINT('',(69.,75.));
#722 = CARTESIAN_POINT('',(73.5,77.598076211353));
#723 = CARTESIAN_POINT('',(78.,80.196152422707));
#724 = CARTESIAN_POINT('',(78.,75.));
#725 = ( GEOMETRIC_REPRESENTATION_CONTEXT(2) 
PARAMETRIC_REPRESENTATION_CONTEXT() REPRESENTATION_CONTEXT('2D SPACE',''
  ) );
#726 = PCURVE('',#727,#732);
#727 = CYLINDRICAL_SURFACE('',#728,3.);
#728 = AXIS2_PLACEMENT_3D('',#729,#730,#731);
#729 = CARTESIAN_POINT('',(75.,75.,15.));
#730 = DIRECTION('',(-0.,-0.,-1.));
#731 = DIRECTION('',(1.,0.,0.));
#732 = DEFINITIONAL_REPRESENTATION('',(#733),#737);
#733 = LINE('',#734,#735);
#734 = CARTESIAN_POINT('',(-6.28318530718,-11.));
#735 = VECTOR('',#736,1.);
#736 = DIRECTION('',(1.,-0.));
#737 = ( GEOMETRIC_REPRESENTATION_CONTEXT(2) 
PARAMETRIC_REPRESENTATION_CONTEXT() REPRESENTATION_CONTEXT('2D SPACE',''
  ) );
#738 = FACE_BOUND('',#739,.T.);
#739 = EDGE_LOOP('',(#740));
#740 = ORIENTED_EDGE('',*,*,#741,.F.);
#741 = EDGE_CURVE('',#742,#742,#744,.T.);
#742 = VERTEX_POINT('',#743);
#743 = CARTESIAN_POINT('',(90.75,87.5,26.));
#744 = SURFACE_CURVE('',#745,(#750,#757),.PCURVE_S1.);
#745 = CIRCLE('',#746,3.25);
#746 = AXIS2_PLACEMENT_3D('',#747,#748,#749);
#747 = CARTESIAN_POINT('',(87.5,87.5,26.));
#748 = DIRECTION('',(0.,0.,1.));
#749 = DIRECTION('',(1.,0.,-0.));
#750 = PCURVE('',#144,#751);
#751 = DEFINITIONAL_REPRESENTATION('',(#752),#756);
#752 = CIRCLE('',#753,3.25);
#753 = AXIS2_PLACEMENT_2D('',#754,#755);
#754 = CARTESIAN_POINT('',(87.5,87.5));
#755 = DIRECTION('',(1.,0.));
#756 = ( GEOMETRIC_REPRESENTATION_CONTEXT(2) 
PARAMETRIC_REPRESENTATION_CONTEXT() REPRESENTATION_CONTEXT('2D SPACE',''
  ) );
#757 = PCURVE('',#758,#763);
#758 = CYLINDRICAL_SURFACE('',#759,3.25);
#759 = AXIS2_PLACEMENT_3D('',#760,#761,#762);
#760 = CARTESIAN_POINT('',(87.5,87.5,22.5));
#761 = DIRECTION('',(0.,0.,1.));
#762 = DIRECTION('',(1.,0.,-0.));
#763 = DEFINITIONAL_REPRESENTATION('',(#764),#768);
#764 = LINE('',#765,#766);
#765 = CARTESIAN_POINT('',(0.,3.5));
#766 = VECTOR('',#767,1.);
#767 = DIRECTION('',(1.,0.));
#768 = ( GEOMETRIC_REPRESENTATION_CONTEXT(2) 
PARAMETRIC_REPRESENTATION_CONTEXT() REPRESENTATION_CONTEXT('2D SPACE',''
  ) );
#769 = FACE_BOUND('',#770,.T.);
#770 = EDGE_LOOP('',(#771));
#771 = ORIENTED_EDGE('',*,*,#772,.T.);
#772 = EDGE_CURVE('',#773,#773,#775,.T.);
#773 = VERTEX_POINT('',#774);
#774 = CARTESIAN_POINT('',(128.,25.,26.));
#775 = SURFACE_CURVE('',#776,(#781,#792),.PCURVE_S1.);
#776 = CIRCLE('',#777,3.);
#777 = AXIS2_PLACEMENT_3D('',#778,#779,#780);
#778 = CARTESIAN_POINT('',(125.,25.,26.));
#779 = DIRECTION('',(0.,0.,-1.));
#780 = DIRECTION('',(1.,0.,0.));
#781 = PCURVE('',#144,#782);
#782 = DEFINITIONAL_REPRESENTATION('',(#783),#791);
#783 = ( BOUNDED_CURVE() B_SPLINE_CURVE(2,(#784,#785,#786,#787,#788,#789
,#790),.UNSPECIFIED.,.T.,.F.) B_SPLINE_CURVE_WITH_KNOTS((1,2,2,2,2,1),(
    -2.094395102393,0.,2.094395102393,4.188790204786,6.28318530718,
8.377580409573),.UNSPECIFIED.) CURVE() GEOMETRIC_REPRESENTATION_ITEM() 
RATIONAL_B_SPLINE_CURVE((1.,0.5,1.,0.5,1.,0.5,1.)) REPRESENTATION_ITEM(
  '') );
#784 = CARTESIAN_POINT('',(128.,25.));
#785 = CARTESIAN_POINT('',(128.,19.803847577293));
#786 = CARTESIAN_POINT('',(123.5,22.401923788647));
#787 = CARTESIAN_POINT('',(119.,25.));
#788 = CARTESIAN_POINT('',(123.5,27.598076211353));
#789 = CARTESIAN_POINT('',(128.,30.196152422707));
#790 = CARTESIAN_POINT('',(128.,25.));
#791 = ( GEOMETRIC_REPRESENTATION_CONTEXT(2) 
PARAMETRIC_REPRESENTATION_CONTEXT() REPRESENTATION_CONTEXT('2D SPACE',''
  ) );
#792 = PCURVE('',#793,#798);
#793 = CYLINDRICAL_SURFACE('',#794,3.);
#794 = AXIS2_PLACEMENT_3D('',#795,#796,#797);
#795 = CARTESIAN_POINT('',(125.,25.,15.));
#796 = DIRECTION('',(-0.,-0.,-1.));
#797 = DIRECTION('',(1.,0.,0.));
#798 = DEFINITIONAL_REPRESENTATION('',(#799),#803);
#799 = LINE('',#800,#801);
#800 = CARTESIAN_POINT('',(-6.28318530718,-11.));
#801 = VECTOR('',#802,1.);
#802 = DIRECTION('',(1.,-0.));
#803 = ( GEOMETRIC_REPRESENTATION_CONTEXT(2) 
PARAMETRIC_REPRESENTATION_CONTEXT() REPRESENTATION_CONTEXT('2D SPACE',''
  ) );
#804 = FACE_BOUND('',#805,.T.);
#805 = EDGE_LOOP('',(#806));
#806 = ORIENTED_EDGE('',*,*,#807,.T.);
#807 = EDGE_CURVE('',#808,#808,#810,.T.);
#808 = VERTEX_POINT('',#809);
#809 = CARTESIAN_POINT('',(178.,25.,26.));
#810 = SURFACE_CURVE('',#811,(#816,#827),.PCURVE_S1.);
#811 = CIRCLE('',#812,3.);
#812 = AXIS2_PLACEMENT_3D('',#813,#814,#815);
#813 = CARTESIAN_POINT('',(175.,25.,26.));
#814 = DIRECTION('',(0.,0.,-1.));
#815 = DIRECTION('',(1.,0.,0.));
#816 = PCURVE('',#144,#817);
#817 = DEFINITIONAL_REPRESENTATION('',(#818),#826);
#818 = ( BOUNDED_CURVE() B_SPLINE_CURVE(2,(#819,#820,#821,#822,#823,#824
,#825),.UNSPECIFIED.,.T.,.F.) B_SPLINE_CURVE_WITH_KNOTS((1,2,2,2,2,1),(
    -2.094395102393,0.,2.094395102393,4.188790204786,6.28318530718,
8.377580409573),.UNSPECIFIED.) CURVE() GEOMETRIC_REPRESENTATION_ITEM() 
RATIONAL_B_SPLINE_CURVE((1.,0.5,1.,0.5,1.,0.5,1.)) REPRESENTATION_ITEM(
  '') );
#819 = CARTESIAN_POINT('',(178.,25.));
#820 = CARTESIAN_POINT('',(178.,19.803847577293));
#821 = CARTESIAN_POINT('',(173.5,22.401923788647));
#822 = CARTESIAN_POINT('',(169.,25.));
#823 = CARTESIAN_POINT('',(173.5,27.598076211353));
#824 = CARTESIAN_POINT('',(178.,30.196152422707));
#825 = CARTESIAN_POINT('',(178.,25.));
#826 = ( GEOMETRIC_REPRESENTATION_CONTEXT(2) 
PARAMETRIC_REPRESENTATION_CONTEXT() REPRESENTATION_CONTEXT('2D SPACE',''
  ) );
#827 = PCURVE('',#828,#833);
#828 = CYLINDRICAL_SURFACE('',#829,3.);
#829 = AXIS2_PLACEMENT_3D('',#830,#831,#832);
#830 = CARTESIAN_POINT('',(175.,25.,15.));
#831 = DIRECTION('',(-0.,-0.,-1.));
#832 = DIRECTION('',(1.,0.,0.));
#833 = DEFINITIONAL_REPRESENTATION('',(#834),#838);
#834 = LINE('',#835,#836);
#835 = CARTESIAN_POINT('',(-6.28318530718,-11.));
#836 = VECTOR('',#837,1.);
#837 = DIRECTION('',(1.,-0.));
#838 = ( GEOMETRIC_REPRESENTATION_CONTEXT(2) 
PARAMETRIC_REPRESENTATION_CONTEXT() REPRESENTATION_CONTEXT('2D SPACE',''
  ) );
#839 = FACE_BOUND('',#840,.T.);
#840 = EDGE_LOOP('',(#841));
#841 = ORIENTED_EDGE('',*,*,#842,.T.);
#842 = EDGE_CURVE('',#843,#843,#845,.T.);
#843 = VERTEX_POINT('',#844);
#844 = CARTESIAN_POINT('',(128.,75.,26.));
#845 = SURFACE_CURVE('',#846,(#851,#862),.PCURVE_S1.);
#846 = CIRCLE('',#847,3.);
#847 = AXIS2_PLACEMENT_3D('',#848,#849,#850);
#848 = CARTESIAN_POINT('',(125.,75.,26.));
#849 = DIRECTION('',(0.,0.,-1.));
#850 = DIRECTION('',(1.,0.,0.));
#851 = PCURVE('',#144,#852);
#852 = DEFINITIONAL_REPRESENTATION('',(#853),#861);
#853 = ( BOUNDED_CURVE() B_SPLINE_CURVE(2,(#854,#855,#856,#857,#858,#859
,#860),.UNSPECIFIED.,.T.,.F.) B_SPLINE_CURVE_WITH_KNOTS((1,2,2,2,2,1),(
    -2.094395102393,0.,2.094395102393,4.188790204786,6.28318530718,
8.377580409573),.UNSPECIFIED.) CURVE() GEOMETRIC_REPRESENTATION_ITEM() 
RATIONAL_B_SPLINE_CURVE((1.,0.5,1.,0.5,1.,0.5,1.)) REPRESENTATION_ITEM(
  '') );
#854 = CARTESIAN_POINT('',(128.,75.));
#855 = CARTESIAN_POINT('',(128.,69.803847577293));
#856 = CARTESIAN_POINT('',(123.5,72.401923788647));
#857 = CARTESIAN_POINT('',(119.,75.));
#858 = CARTESIAN_POINT('',(123.5,77.598076211353));
#859 = CARTESIAN_POINT('',(128.,80.196152422707));
#860 = CARTESIAN_POINT('',(128.,75.));
#861 = ( GEOMETRIC_REPRESENTATION_CONTEXT(2) 
PARAMETRIC_REPRESENTATION_CONTEXT() REPRESENTATION_CONTEXT('2D SPACE',''
  ) );
#862 = PCURVE('',#863,#868);
#863 = CYLINDRICAL_SURFACE('',#864,3.);
#864 = AXIS2_PLACEMENT_3D('',#865,#866,#867);
#865 = CARTESIAN_POINT('',(125.,75.,15.));
#866 = DIRECTION('',(-0.,-0.,-1.));
#867 = DIRECTION('',(1.,0.,0.));
#868 = DEFINITIONAL_REPRESENTATION('',(#869),#873);
#869 = LINE('',#870,#871);
#870 = CARTESIAN_POINT('',(-6.28318530718,-11.));
#871 = VECTOR('',#872,1.);
#872 = DIRECTION('',(1.,-0.));
#873 = ( GEOMETRIC_REPRESENTATION_CONTEXT(2) 
PARAMETRIC_REPRESENTATION_CONTEXT() REPRESENTATION_CONTEXT('2D SPACE',''
  ) );
#874 = FACE_BOUND('',#875,.T.);
#875 = EDGE_LOOP('',(#876));
#876 = ORIENTED_EDGE('',*,*,#877,.T.);
#877 = EDGE_CURVE('',#878,#878,#880,.T.);
#878 = VERTEX_POINT('',#879);
#879 = CARTESIAN_POINT('',(178.,75.,26.));
#880 = SURFACE_CURVE('',#881,(#886,#897),.PCURVE_S1.);
#881 = CIRCLE('',#882,3.);
#882 = AXIS2_PLACEMENT_3D('',#883,#884,#885);
#883 = CARTESIAN_POINT('',(175.,75.,26.));
#884 = DIRECTION('',(0.,0.,-1.));
#885 = DIRECTION('',(1.,0.,0.));
#886 = PCURVE('',#144,#887);
#887 = DEFINITIONAL_REPRESENTATION('',(#888),#896);
#888 = ( BOUNDED_CURVE() B_SPLINE_CURVE(2,(#889,#890,#891,#892,#893,#894
,#895),.UNSPECIFIED.,.T.,.F.) B_SPLINE_CURVE_WITH_KNOTS((1,2,2,2,2,1),(
    -2.094395102393,0.,2.094395102393,4.188790204786,6.28318530718,
8.377580409573),.UNSPECIFIED.) CURVE() GEOMETRIC_REPRESENTATION_ITEM() 
RATIONAL_B_SPLINE_CURVE((1.,0.5,1.,0.5,1.,0.5,1.)) REPRESENTATION_ITEM(
  '') );
#889 = CARTESIAN_POINT('',(178.,75.));
#890 = CARTESIAN_POINT('',(178.,69.803847577293));
#891 = CARTESIAN_POINT('',(173.5,72.401923788647));
#892 = CARTESIAN_POINT('',(169.,75.));
#893 = CARTESIAN_POINT('',(173.5,77.598076211353));
#894 = CARTESIAN_POINT('',(178.,80.196152422707));
#895 = CARTESIAN_POINT('',(178.,75.));
#896 = ( GEOMETRIC_REPRESENTATION_CONTEXT(2) 
PARAMETRIC_REPRESENTATION_CONTEXT() REPRESENTATION_CONTEXT('2D SPACE',''
  ) );
#897 = PCURVE('',#898,#903);
#898 = CYLINDRICAL_SURFACE('',#899,3.);
#899 = AXIS2_PLACEMENT_3D('',#900,#901,#902);
#900 = CARTESIAN_POINT('',(175.,75.,15.));
#901 = DIRECTION('',(-0.,-0.,-1.));
#902 = DIRECTION('',(1.,0.,0.));
#903 = DEFINITIONAL_REPRESENTATION('',(#904),#908);
#904 = LINE('',#905,#906);
#905 = CARTESIAN_POINT('',(-6.28318530718,-11.));
#906 = VECTOR('',#907,1.);
#907 = DIRECTION('',(1.,-0.));
#908 = ( GEOMETRIC_REPRESENTATION_CONTEXT(2) 
PARAMETRIC_REPRESENTATION_CONTEXT() REPRESENTATION_CONTEXT('2D SPACE',''
  ) );
#909 = FACE_BOUND('',#910,.T.);
#910 = EDGE_LOOP('',(#911));
#911 = ORIENTED_EDGE('',*,*,#912,.T.);
#912 = EDGE_CURVE('',#913,#913,#915,.T.);
#913 = VERTEX_POINT('',#914);
#914 = CARTESIAN_POINT('',(28.,125.,26.));
#915 = SURFACE_CURVE('',#916,(#921,#932),.PCURVE_S1.);
#916 = CIRCLE('',#917,3.);
#917 = AXIS2_PLACEMENT_3D('',#918,#919,#920);
#918 = CARTESIAN_POINT('',(25.,125.,26.));
#919 = DIRECTION('',(0.,0.,-1.));
#920 = DIRECTION('',(1.,0.,0.));
#921 = PCURVE('',#144,#922);
#922 = DEFINITIONAL_REPRESENTATION('',(#923),#931);
#923 = ( BOUNDED_CURVE() B_SPLINE_CURVE(2,(#924,#925,#926,#927,#928,#929
,#930),.UNSPECIFIED.,.T.,.F.) B_SPLINE_CURVE_WITH_KNOTS((1,2,2,2,2,1),(
    -2.094395102393,0.,2.094395102393,4.188790204786,6.28318530718,
8.377580409573),.UNSPECIFIED.) CURVE() GEOMETRIC_REPRESENTATION_ITEM() 
RATIONAL_B_SPLINE_CURVE((1.,0.5,1.,0.5,1.,0.5,1.)) REPRESENTATION_ITEM(
  '') );
#924 = CARTESIAN_POINT('',(28.,125.));
#925 = CARTESIAN_POINT('',(28.,119.80384757729));
#926 = CARTESIAN_POINT('',(23.5,122.40192378864));
#927 = CARTESIAN_POINT('',(19.,125.));
#928 = CARTESIAN_POINT('',(23.5,127.59807621135));
#929 = CARTESIAN_POINT('',(28.,130.1961524227));
#930 = CARTESIAN_POINT('',(28.,125.));
#931 = ( GEOMETRIC_REPRESENTATION_CONTEXT(2) 
PARAMETRIC_REPRESENTATION_CONTEXT() REPRESENTATION_CONTEXT('2D SPACE',''
  ) );
#932 = PCURVE('',#933,#938);
#933 = CYLINDRICAL_SURFACE('',#934,3.);
#934 = AXIS2_PLACEMENT_3D('',#935,#936,#937);
#935 = CARTESIAN_POINT('',(25.,125.,15.));
#936 = DIRECTION('',(-0.,-0.,-1.));
#937 = DIRECTION('',(1.,0.,0.));
#938 = DEFINITIONAL_REPRESENTATION('',(#939),#943);
#939 = LINE('',#940,#941);
#940 = CARTESIAN_POINT('',(-6.28318530718,-11.));
#941 = VECTOR('',#942,1.);
#942 = DIRECTION('',(1.,-0.));
#943 = ( GEOMETRIC_REPRESENTATION_CONTEXT(2) 
PARAMETRIC_REPRESENTATION_CONTEXT() REPRESENTATION_CONTEXT('2D SPACE',''
  ) );
#944 = FACE_BOUND('',#945,.T.);
#945 = EDGE_LOOP('',(#946));
#946 = ORIENTED_EDGE('',*,*,#947,.T.);
#947 = EDGE_CURVE('',#948,#948,#950,.T.);
#948 = VERTEX_POINT('',#949);
#949 = CARTESIAN_POINT('',(78.,125.,26.));
#950 = SURFACE_CURVE('',#951,(#956,#967),.PCURVE_S1.);
#951 = CIRCLE('',#952,3.);
#952 = AXIS2_PLACEMENT_3D('',#953,#954,#955);
#953 = CARTESIAN_POINT('',(75.,125.,26.));
#954 = DIRECTION('',(0.,0.,-1.));
#955 = DIRECTION('',(1.,0.,0.));
#956 = PCURVE('',#144,#957);
#957 = DEFINITIONAL_REPRESENTATION('',(#958),#966);
#958 = ( BOUNDED_CURVE() B_SPLINE_CURVE(2,(#959,#960,#961,#962,#963,#964
,#965),.UNSPECIFIED.,.T.,.F.) B_SPLINE_CURVE_WITH_KNOTS((1,2,2,2,2,1),(
    -2.094395102393,0.,2.094395102393,4.188790204786,6.28318530718,
8.377580409573),.UNSPECIFIED.) CURVE() GEOMETRIC_REPRESENTATION_ITEM() 
RATIONAL_B_SPLINE_CURVE((1.,0.5,1.,0.5,1.,0.5,1.)) REPRESENTATION_ITEM(
  '') );
#959 = CARTESIAN_POINT('',(78.,125.));
#960 = CARTESIAN_POINT('',(78.,119.80384757729));
#961 = CARTESIAN_POINT('',(73.5,122.40192378864));
#962 = CARTESIAN_POINT('',(69.,125.));
#963 = CARTESIAN_POINT('',(73.5,127.59807621135));
#964 = CARTESIAN_POINT('',(78.,130.1961524227));
#965 = CARTESIAN_POINT('',(78.,125.));
#966 = ( GEOMETRIC_REPRESENTATION_CONTEXT(2) 
PARAMETRIC_REPRESENTATION_CONTEXT() REPRESENTATION_CONTEXT('2D SPACE',''
  ) );
#967 = PCURVE('',#968,#973);
#968 = CYLINDRICAL_SURFACE('',#969,3.);
#969 = AXIS2_PLACEMENT_3D('',#970,#971,#972);
#970 = CARTESIAN_POINT('',(75.,125.,15.));
#971 = DIRECTION('',(-0.,-0.,-1.));
#972 = DIRECTION('',(1.,0.,0.));
#973 = DEFINITIONAL_REPRESENTATION('',(#974),#978);
#974 = LINE('',#975,#976);
#975 = CARTESIAN_POINT('',(-6.28318530718,-11.));
#976 = VECTOR('',#977,1.);
#977 = DIRECTION('',(1.,-0.));
#978 = ( GEOMETRIC_REPRESENTATION_CONTEXT(2) 
PARAMETRIC_REPRESENTATION_CONTEXT() REPRESENTATION_CONTEXT('2D SPACE',''
  ) );
#979 = FACE_BOUND('',#980,.T.);
#980 = EDGE_LOOP('',(#981));
#981 = ORIENTED_EDGE('',*,*,#982,.T.);
#982 = EDGE_CURVE('',#983,#983,#985,.T.);
#983 = VERTEX_POINT('',#984);
#984 = CARTESIAN_POINT('',(128.,125.,26.));
#985 = SURFACE_CURVE('',#986,(#991,#1002),.PCURVE_S1.);
#986 = CIRCLE('',#987,3.);
#987 = AXIS2_PLACEMENT_3D('',#988,#989,#990);
#988 = CARTESIAN_POINT('',(125.,125.,26.));
#989 = DIRECTION('',(0.,0.,-1.));
#990 = DIRECTION('',(1.,0.,0.));
#991 = PCURVE('',#144,#992);
#992 = DEFINITIONAL_REPRESENTATION('',(#993),#1001);
#993 = ( BOUNDED_CURVE() B_SPLINE_CURVE(2,(#994,#995,#996,#997,#998,#999
,#1000),.UNSPECIFIED.,.T.,.F.) B_SPLINE_CURVE_WITH_KNOTS((1,2,2,2,2,1),(
    -2.094395102393,0.,2.094395102393,4.188790204786,6.28318530718,
8.377580409573),.UNSPECIFIED.) CURVE() GEOMETRIC_REPRESENTATION_ITEM() 
RATIONAL_B_SPLINE_CURVE((1.,0.5,1.,0.5,1.,0.5,1.)) REPRESENTATION_ITEM(
  '') );
#994 = CARTESIAN_POINT('',(128.,125.));
#995 = CARTESIAN_POINT('',(128.,119.80384757729));
#996 = CARTESIAN_POINT('',(123.5,122.40192378864));
#997 = CARTESIAN_POINT('',(119.,125.));
#998 = CARTESIAN_POINT('',(123.5,127.59807621135));
#999 = CARTESIAN_POINT('',(128.,130.1961524227));
#1000 = CARTESIAN_POINT('',(128.,125.));
#1001 = ( GEOMETRIC_REPRESENTATION_CONTEXT(2) 
PARAMETRIC_REPRESENTATION_CONTEXT() REPRESENTATION_CONTEXT('2D SPACE',''
  ) );
#1002 = PCURVE('',#1003,#1008);
#1003 = CYLINDRICAL_SURFACE('',#1004,3.);
#1004 = AXIS2_PLACEMENT_3D('',#1005,#1006,#1007);
#1005 = CARTESIAN_POINT('',(125.,125.,15.));
#1006 = DIRECTION('',(-0.,-0.,-1.));
#1007 = DIRECTION('',(1.,0.,0.));
#1008 = DEFINITIONAL_REPRESENTATION('',(#1009),#1013);
#1009 = LINE('',#1010,#1011);
#1010 = CARTESIAN_POINT('',(-6.28318530718,-11.));
#1011 = VECTOR('',#1012,1.);
#1012 = DIRECTION('',(1.,-0.));
#1013 = ( GEOMETRIC_REPRESENTATION_CONTEXT(2) 
PARAMETRIC_REPRESENTATION_CONTEXT() REPRESENTATION_CONTEXT('2D SPACE',''
  ) );
#1014 = FACE_BOUND('',#1015,.T.);
#1015 = EDGE_LOOP('',(#1016));
#1016 = ORIENTED_EDGE('',*,*,#1017,.T.);
#1017 = EDGE_CURVE('',#1018,#1018,#1020,.T.);
#1018 = VERTEX_POINT('',#1019);
#1019 = CARTESIAN_POINT('',(178.,125.,26.));
#1020 = SURFACE_CURVE('',#1021,(#1026,#1037),.PCURVE_S1.);
#1021 = CIRCLE('',#1022,3.);
#1022 = AXIS2_PLACEMENT_3D('',#1023,#1024,#1025);
#1023 = CARTESIAN_POINT('',(175.,125.,26.));
#1024 = DIRECTION('',(0.,0.,-1.));
#1025 = DIRECTION('',(1.,0.,0.));
#1026 = PCURVE('',#144,#1027);
#1027 = DEFINITIONAL_REPRESENTATION('',(#1028),#1036);
#1028 = ( BOUNDED_CURVE() B_SPLINE_CURVE(2,(#1029,#1030,#1031,#1032,
#1033,#1034,#1035),.UNSPECIFIED.,.T.,.F.) B_SPLINE_CURVE_WITH_KNOTS((1,2
    ,2,2,2,1),(-2.094395102393,0.,2.094395102393,4.188790204786,
6.28318530718,8.377580409573),.UNSPECIFIED.) CURVE() 
GEOMETRIC_REPRESENTATION_ITEM() RATIONAL_B_SPLINE_CURVE((1.,0.5,1.,0.5,
1.,0.5,1.)) REPRESENTATION_ITEM('') );
#1029 = CARTESIAN_POINT('',(178.,125.));
#1030 = CARTESIAN_POINT('',(178.,119.80384757729));
#1031 = CARTESIAN_POINT('',(173.5,122.40192378864));
#1032 = CARTESIAN_POINT('',(169.,125.));
#1033 = CARTESIAN_POINT('',(173.5,127.59807621135));
#1034 = CARTESIAN_POINT('',(178.,130.1961524227));
#1035 = CARTESIAN_POINT('',(178.,125.));
#1036 = ( GEOMETRIC_REPRESENTATION_CONTEXT(2) 
PARAMETRIC_REPRESENTATION_CONTEXT() REPRESENTATION_CONTEXT('2D SPACE',''
  ) );
#1037 = PCURVE('',#1038,#1043);
#1038 = CYLINDRICAL_SURFACE('',#1039,3.);
#1039 = AXIS2_PLACEMENT_3D('',#1040,#1041,#1042);
#1040 = CARTESIAN_POINT('',(175.,125.,15.));
#1041 = DIRECTION('',(-0.,-0.,-1.));
#1042 = DIRECTION('',(1.,0.,0.));
#1043 = DEFINITIONAL_REPRESENTATION('',(#1044),#1048);
#1044 = LINE('',#1045,#1046);
#1045 = CARTESIAN_POINT('',(-6.28318530718,-11.));
#1046 = VECTOR('',#1047,1.);
#1047 = DIRECTION('',(1.,-0.));
#1048 = ( GEOMETRIC_REPRESENTATION_CONTEXT(2) 
PARAMETRIC_REPRESENTATION_CONTEXT() REPRESENTATION_CONTEXT('2D SPACE',''
  ) );
#1049 = FACE_BOUND('',#1050,.T.);
#1050 = EDGE_LOOP('',(#1051));
#1051 = ORIENTED_EDGE('',*,*,#1052,.T.);
#1052 = EDGE_CURVE('',#1053,#1053,#1055,.T.);
#1053 = VERTEX_POINT('',#1054);
#1054 = CARTESIAN_POINT('',(228.,25.,26.));
#1055 = SURFACE_CURVE('',#1056,(#1061,#1072),.PCURVE_S1.);
#1056 = CIRCLE('',#1057,3.);
#1057 = AXIS2_PLACEMENT_3D('',#1058,#1059,#1060);
#1058 = CARTESIAN_POINT('',(225.,25.,26.));
#1059 = DIRECTION('',(0.,0.,-1.));
#1060 = DIRECTION('',(1.,0.,0.));
#1061 = PCURVE('',#144,#1062);
#1062 = DEFINITIONAL_REPRESENTATION('',(#1063),#1071);
#1063 = ( BOUNDED_CURVE() B_SPLINE_CURVE(2,(#1064,#1065,#1066,#1067,
#1068,#1069,#1070),.UNSPECIFIED.,.T.,.F.) B_SPLINE_CURVE_WITH_KNOTS((1,2
    ,2,2,2,1),(-2.094395102393,0.,2.094395102393,4.188790204786,
6.28318530718,8.377580409573),.UNSPECIFIED.) CURVE() 
GEOMETRIC_REPRESENTATION_ITEM() RATIONAL_B_SPLINE_CURVE((1.,0.5,1.,0.5,
1.,0.5,1.)) REPRESENTATION_ITEM('') );
#1064 = CARTESIAN_POINT('',(228.,25.));
#1065 = CARTESIAN_POINT('',(228.,19.803847577293));
#1066 = CARTESIAN_POINT('',(223.5,22.401923788647));
#1067 = CARTESIAN_POINT('',(219.,25.));
#1068 = CARTESIAN_POINT('',(223.5,27.598076211353));
#1069 = CARTESIAN_POINT('',(228.,30.196152422707));
#1070 = CARTESIAN_POINT('',(228.,25.));
#1071 = ( GEOMETRIC_REPRESENTATION_CONTEXT(2) 
PARAMETRIC_REPRESENTATION_CONTEXT() REPRESENTATION_CONTEXT('2D SPACE',''
  ) );
#1072 = PCURVE('',#1073,#1078);
#1073 = CYLINDRICAL_SURFACE('',#1074,3.);
#1074 = AXIS2_PLACEMENT_3D('',#1075,#1076,#1077);
#1075 = CARTESIAN_POINT('',(225.,25.,15.));
#1076 = DIRECTION('',(-0.,-0.,-1.));
#1077 = DIRECTION('',(1.,0.,0.));
#1078 = DEFINITIONAL_REPRESENTATION('',(#1079),#1083);
#1079 = LINE('',#1080,#1081);
#1080 = CARTESIAN_POINT('',(-6.28318530718,-11.));
#1081 = VECTOR('',#1082,1.);
#1082 = DIRECTION('',(1.,-0.));
#1083 = ( GEOMETRIC_REPRESENTATION_CONTEXT(2) 
PARAMETRIC_REPRESENTATION_CONTEXT() REPRESENTATION_CONTEXT('2D SPACE',''
  ) );
#1084 = FACE_BOUND('',#1085,.T.);
#1085 = EDGE_LOOP('',(#1086));
#1086 = ORIENTED_EDGE('',*,*,#1087,.T.);
#1087 = EDGE_CURVE('',#1088,#1088,#1090,.T.);
#1088 = VERTEX_POINT('',#1089);
#1089 = CARTESIAN_POINT('',(278.,25.,26.));
#1090 = SURFACE_CURVE('',#1091,(#1096,#1107),.PCURVE_S1.);
#1091 = CIRCLE('',#1092,3.);
#1092 = AXIS2_PLACEMENT_3D('',#1093,#1094,#1095);
#1093 = CARTESIAN_POINT('',(275.,25.,26.));
#1094 = DIRECTION('',(0.,0.,-1.));
#1095 = DIRECTION('',(1.,0.,0.));
#1096 = PCURVE('',#144,#1097);
#1097 = DEFINITIONAL_REPRESENTATION('',(#1098),#1106);
#1098 = ( BOUNDED_CURVE() B_SPLINE_CURVE(2,(#1099,#1100,#1101,#1102,
#1103,#1104,#1105),.UNSPECIFIED.,.T.,.F.) B_SPLINE_CURVE_WITH_KNOTS((1,2
    ,2,2,2,1),(-2.094395102393,0.,2.094395102393,4.188790204786,
6.28318530718,8.377580409573),.UNSPECIFIED.) CURVE() 
GEOMETRIC_REPRESENTATION_ITEM() RATIONAL_B_SPLINE_CURVE((1.,0.5,1.,0.5,
1.,0.5,1.)) REPRESENTATION_ITEM('') );
#1099 = CARTESIAN_POINT('',(278.,25.));
#1100 = CARTESIAN_POINT('',(278.,19.803847577293));
#1101 = CARTESIAN_POINT('',(273.5,22.401923788647));
#1102 = CARTESIAN_POINT('',(269.,25.));
#1103 = CARTESIAN_POINT('',(273.5,27.598076211353));
#1104 = CARTESIAN_POINT('',(278.,30.196152422707));
#1105 = CARTESIAN_POINT('',(278.,25.));
#1106 = ( GEOMETRIC_REPRESENTATION_CONTEXT(2) 
PARAMETRIC_REPRESENTATION_CONTEXT() REPRESENTATION_CONTEXT('2D SPACE',''
  ) );
#1107 = PCURVE('',#1108,#1113);
#1108 = CYLINDRICAL_SURFACE('',#1109,3.);
#1109 = AXIS2_PLACEMENT_3D('',#1110,#1111,#1112);
#1110 = CARTESIAN_POINT('',(275.,25.,15.));
#1111 = DIRECTION('',(-0.,-0.,-1.));
#1112 = DIRECTION('',(1.,0.,0.));
#1113 = DEFINITIONAL_REPRESENTATION('',(#1114),#1118);
#1114 = LINE('',#1115,#1116);
#1115 = CARTESIAN_POINT('',(-6.28318530718,-11.));
#1116 = VECTOR('',#1117,1.);
#1117 = DIRECTION('',(1.,-0.));
#1118 = ( GEOMETRIC_REPRESENTATION_CONTEXT(2) 
PARAMETRIC_REPRESENTATION_CONTEXT() REPRESENTATION_CONTEXT('2D SPACE',''
  ) );
#1119 = FACE_BOUND('',#1120,.T.);
#1120 = EDGE_LOOP('',(#1121));
#1121 = ORIENTED_EDGE('',*,*,#1122,.T.);
#1122 = EDGE_CURVE('',#1123,#1123,#1125,.T.);
#1123 = VERTEX_POINT('',#1124);
#1124 = CARTESIAN_POINT('',(328.,25.,26.));
#1125 = SURFACE_CURVE('',#1126,(#1131,#1142),.PCURVE_S1.);
#1126 = CIRCLE('',#1127,3.);
#1127 = AXIS2_PLACEMENT_3D('',#1128,#1129,#1130);
#1128 = CARTESIAN_POINT('',(325.,25.,26.));
#1129 = DIRECTION('',(0.,0.,-1.));
#1130 = DIRECTION('',(1.,0.,0.));
#1131 = PCURVE('',#144,#1132);
#1132 = DEFINITIONAL_REPRESENTATION('',(#1133),#1141);
#1133 = ( BOUNDED_CURVE() B_SPLINE_CURVE(2,(#1134,#1135,#1136,#1137,
#1138,#1139,#1140),.UNSPECIFIED.,.T.,.F.) B_SPLINE_CURVE_WITH_KNOTS((1,2
    ,2,2,2,1),(-2.094395102393,0.,2.094395102393,4.188790204786,
6.28318530718,8.377580409573),.UNSPECIFIED.) CURVE() 
GEOMETRIC_REPRESENTATION_ITEM() RATIONAL_B_SPLINE_CURVE((1.,0.5,1.,0.5,
1.,0.5,1.)) REPRESENTATION_ITEM('') );
#1134 = CARTESIAN_POINT('',(328.,25.));
#1135 = CARTESIAN_POINT('',(328.,19.803847577293));
#1136 = CARTESIAN_POINT('',(323.5,22.401923788647));
#1137 = CARTESIAN_POINT('',(319.,25.));
#1138 = CARTESIAN_POINT('',(323.5,27.598076211353));
#1139 = CARTESIAN_POINT('',(328.,30.196152422707));
#1140 = CARTESIAN_POINT('',(328.,25.));
#1141 = ( GEOMETRIC_REPRESENTATION_CONTEXT(2) 
PARAMETRIC_REPRESENTATION_CONTEXT() REPRESENTATION_CONTEXT('2D SPACE',''
  ) );
#1142 = PCURVE('',#1143,#1148);
#1143 = CYLINDRICAL_SURFACE('',#1144,3.);
#1144 = AXIS2_PLACEMENT_3D('',#1145,#1146,#1147);
#1145 = CARTESIAN_POINT('',(325.,25.,15.));
#1146 = DIRECTION('',(-0.,-0.,-1.));
#1147 = DIRECTION('',(1.,0.,0.));
#1148 = DEFINITIONAL_REPRESENTATION('',(#1149),#1153);
#1149 = LINE('',#1150,#1151);
#1150 = CARTESIAN_POINT('',(-6.28318530718,-11.));
#1151 = VECTOR('',#1152,1.);
#1152 = DIRECTION('',(1.,-0.));
#1153 = ( GEOMETRIC_REPRESENTATION_CONTEXT(2) 
PARAMETRIC_REPRESENTATION_CONTEXT() REPRESENTATION_CONTEXT('2D SPACE',''
  ) );
#1154 = FACE_BOUND('',#1155,.T.);
#1155 = EDGE_LOOP('',(#1156));
#1156 = ORIENTED_EDGE('',*,*,#1157,.T.);
#1157 = EDGE_CURVE('',#1158,#1158,#1160,.T.);
#1158 = VERTEX_POINT('',#1159);
#1159 = CARTESIAN_POINT('',(228.,75.,26.));
#1160 = SURFACE_CURVE('',#1161,(#1166,#1177),.PCURVE_S1.);
#1161 = CIRCLE('',#1162,3.);
#1162 = AXIS2_PLACEMENT_3D('',#1163,#1164,#1165);
#1163 = CARTESIAN_POINT('',(225.,75.,26.));
#1164 = DIRECTION('',(0.,0.,-1.));
#1165 = DIRECTION('',(1.,0.,0.));
#1166 = PCURVE('',#144,#1167);
#1167 = DEFINITIONAL_REPRESENTATION('',(#1168),#1176);
#1168 = ( BOUNDED_CURVE() B_SPLINE_CURVE(2,(#1169,#1170,#1171,#1172,
#1173,#1174,#1175),.UNSPECIFIED.,.T.,.F.) B_SPLINE_CURVE_WITH_KNOTS((1,2
    ,2,2,2,1),(-2.094395102393,0.,2.094395102393,4.188790204786,
6.28318530718,8.377580409573),.UNSPECIFIED.) CURVE() 
GEOMETRIC_REPRESENTATION_ITEM() RATIONAL_B_SPLINE_CURVE((1.,0.5,1.,0.5,
1.,0.5,1.)) REPRESENTATION_ITEM('') );
#1169 = CARTESIAN_POINT('',(228.,75.));
#1170 = CARTESIAN_POINT('',(228.,69.803847577293));
#1171 = CARTESIAN_POINT('',(223.5,72.401923788647));
#1172 = CARTESIAN_POINT('',(219.,75.));
#1173 = CARTESIAN_POINT('',(223.5,77.598076211353));
#1174 = CARTESIAN_POINT('',(228.,80.196152422707));
#1175 = CARTESIAN_POINT('',(228.,75.));
#1176 = ( GEOMETRIC_REPRESENTATION_CONTEXT(2) 
PARAMETRIC_REPRESENTATION_CONTEXT() REPRESENTATION_CONTEXT('2D SPACE',''
  ) );
#1177 = PCURVE('',#1178,#1183);
#1178 = CYLINDRICAL_SURFACE('',#1179,3.);
#1179 = AXIS2_PLACEMENT_3D('',#1180,#1181,#1182);
#1180 = CARTESIAN_POINT('',(225.,75.,15.));
#1181 = DIRECTION('',(-0.,-0.,-1.));
#1182 = DIRECTION('',(1.,0.,0.));
#1183 = DEFINITIONAL_REPRESENTATION('',(#1184),#1188);
#1184 = LINE('',#1185,#1186);
#1185 = CARTESIAN_POINT('',(-6.28318530718,-11.));
#1186 = VECTOR('',#1187,1.);
#1187 = DIRECTION('',(1.,-0.));
#1188 = ( GEOMETRIC_REPRESENTATION_CONTEXT(2) 
PARAMETRIC_REPRESENTATION_CONTEXT() REPRESENTATION_CONTEXT('2D SPACE',''
  ) );
#1189 = FACE_BOUND('',#1190,.T.);
#1190 = EDGE_LOOP('',(#1191));
#1191 = ORIENTED_EDGE('',*,*,#1192,.T.);
#1192 = EDGE_CURVE('',#1193,#1193,#1195,.T.);
#1193 = VERTEX_POINT('',#1194);
#1194 = CARTESIAN_POINT('',(278.,75.,26.));
#1195 = SURFACE_CURVE('',#1196,(#1201,#1212),.PCURVE_S1.);
#1196 = CIRCLE('',#1197,3.);
#1197 = AXIS2_PLACEMENT_3D('',#1198,#1199,#1200);
#1198 = CARTESIAN_POINT('',(275.,75.,26.));
#1199 = DIRECTION('',(0.,0.,-1.));
#1200 = DIRECTION('',(1.,0.,0.));
#1201 = PCURVE('',#144,#1202);
#1202 = DEFINITIONAL_REPRESENTATION('',(#1203),#1211);
#1203 = ( BOUNDED_CURVE() B_SPLINE_CURVE(2,(#1204,#1205,#1206,#1207,
#1208,#1209,#1210),.UNSPECIFIED.,.T.,.F.) B_SPLINE_CURVE_WITH_KNOTS((1,2
    ,2,2,2,1),(-2.094395102393,0.,2.094395102393,4.188790204786,
6.28318530718,8.377580409573),.UNSPECIFIED.) CURVE() 
GEOMETRIC_REPRESENTATION_ITEM() RATIONAL_B_SPLINE_CURVE((1.,0.5,1.,0.5,
1.,0.5,1.)) REPRESENTATION_ITEM('') );
#1204 = CARTESIAN_POINT('',(278.,75.));
#1205 = CARTESIAN_POINT('',(278.,69.803847577293));
#1206 = CARTESIAN_POINT('',(273.5,72.401923788647));
#1207 = CARTESIAN_POINT('',(269.,75.));
#1208 = CARTESIAN_POINT('',(273.5,77.598076211353));
#1209 = CARTESIAN_POINT('',(278.,80.196152422707));
#1210 = CARTESIAN_POINT('',(278.,75.));
#1211 = ( GEOMETRIC_REPRESENTATION_CONTEXT(2) 
PARAMETRIC_REPRESENTATION_CONTEXT() REPRESENTATION_CONTEXT('2D SPACE',''
  ) );
#1212 = PCURVE('',#1213,#1218);
#1213 = CYLINDRICAL_SURFACE('',#1214,3.);
#1214 = AXIS2_PLACEMENT_3D('',#1215,#1216,#1217);
#1215 = CARTESIAN_POINT('',(275.,75.,15.));
#1216 = DIRECTION('',(-0.,-0.,-1.));
#1217 = DIRECTION('',(1.,0.,0.));
#1218 = DEFINITIONAL_REPRESENTATION('',(#1219),#1223);
#1219 = LINE('',#1220,#1221);
#1220 = CARTESIAN_POINT('',(-6.28318530718,-11.));
#1221 = VECTOR('',#1222,1.);
#1222 = DIRECTION('',(1.,-0.));
#1223 = ( GEOMETRIC_REPRESENTATION_CONTEXT(2) 
PARAMETRIC_REPRESENTATION_CONTEXT() REPRESENTATION_CONTEXT('2D SPACE',''
  ) );
#1224 = FACE_BOUND('',#1225,.T.);
#1225 = EDGE_LOOP('',(#1226));
#1226 = ORIENTED_EDGE('',*,*,#1227,.T.);
#1227 = EDGE_CURVE('',#1228,#1228,#1230,.T.);
#1228 = VERTEX_POINT('',#1229);
#1229 = CARTESIAN_POINT('',(328.,75.,26.));
#1230 = SURFACE_CURVE('',#1231,(#1236,#1247),.PCURVE_S1.);
#1231 = CIRCLE('',#1232,3.);
#1232 = AXIS2_PLACEMENT_3D('',#1233,#1234,#1235);
#1233 = CARTESIAN_POINT('',(325.,75.,26.));
#1234 = DIRECTION('',(0.,0.,-1.));
#1235 = DIRECTION('',(1.,0.,0.));
#1236 = PCURVE('',#144,#1237);
#1237 = DEFINITIONAL_REPRESENTATION('',(#1238),#1246);
#1238 = ( BOUNDED_CURVE() B_SPLINE_CURVE(2,(#1239,#1240,#1241,#1242,
#1243,#1244,#1245),.UNSPECIFIED.,.T.,.F.) B_SPLINE_CURVE_WITH_KNOTS((1,2
    ,2,2,2,1),(-2.094395102393,0.,2.094395102393,4.188790204786,
6.28318530718,8.377580409573),.UNSPECIFIED.) CURVE() 
GEOMETRIC_REPRESENTATION_ITEM() RATIONAL_B_SPLINE_CURVE((1.,0.5,1.,0.5,
1.,0.5,1.)) REPRESENTATION_ITEM('') );
#1239 = CARTESIAN_POINT('',(328.,75.));
#1240 = CARTESIAN_POINT('',(328.,69.803847577293));
#1241 = CARTESIAN_POINT('',(323.5,72.401923788647));
#1242 = CARTESIAN_POINT('',(319.,75.));
#1243 = CARTESIAN_POINT('',(323.5,77.598076211353));
#1244 = CARTESIAN_POINT('',(328.,80.196152422707));
#1245 = CARTESIAN_POINT('',(328.,75.));
#1246 = ( GEOMETRIC_REPRESENTATION_CONTEXT(2) 
PARAMETRIC_REPRESENTATION_CONTEXT() REPRESENTATION_CONTEXT('2D SPACE',''
  ) );
#1247 = PCURVE('',#1248,#1253);
#1248 = CYLINDRICAL_SURFACE('',#1249,3.);
#1249 = AXIS2_PLACEMENT_3D('',#1250,#1251,#1252);
#1250 = CARTESIAN_POINT('',(325.,75.,15.));
#1251 = DIRECTION('',(-0.,-0.,-1.));
#1252 = DIRECTION('',(1.,0.,0.));
#1253 = DEFINITIONAL_REPRESENTATION('',(#1254),#1258);
#1254 = LINE('',#1255,#1256);
#1255 = CARTESIAN_POINT('',(-6.28318530718,-11.));
#1256 = VECTOR('',#1257,1.);
#1257 = DIRECTION('',(1.,-0.));
#1258 = ( GEOMETRIC_REPRESENTATION_CONTEXT(2) 
PARAMETRIC_REPRESENTATION_CONTEXT() REPRESENTATION_CONTEXT('2D SPACE',''
  ) );
#1259 = FACE_BOUND('',#1260,.T.);
#1260 = EDGE_LOOP('',(#1261));
#1261 = ORIENTED_EDGE('',*,*,#1262,.T.);
#1262 = EDGE_CURVE('',#1263,#1263,#1265,.T.);
#1263 = VERTEX_POINT('',#1264);
#1264 = CARTESIAN_POINT('',(378.,25.,26.));
#1265 = SURFACE_CURVE('',#1266,(#1271,#1282),.PCURVE_S1.);
#1266 = CIRCLE('',#1267,3.);
#1267 = AXIS2_PLACEMENT_3D('',#1268,#1269,#1270);
#1268 = CARTESIAN_POINT('',(375.,25.,26.));
#1269 = DIRECTION('',(0.,0.,-1.));
#1270 = DIRECTION('',(1.,0.,0.));
#1271 = PCURVE('',#144,#1272);
#1272 = DEFINITIONAL_REPRESENTATION('',(#1273),#1281);
#1273 = ( BOUNDED_CURVE() B_SPLINE_CURVE(2,(#1274,#1275,#1276,#1277,
#1278,#1279,#1280),.UNSPECIFIED.,.T.,.F.) B_SPLINE_CURVE_WITH_KNOTS((1,2
    ,2,2,2,1),(-2.094395102393,0.,2.094395102393,4.188790204786,
6.28318530718,8.377580409573),.UNSPECIFIED.) CURVE() 
GEOMETRIC_REPRESENTATION_ITEM() RATIONAL_B_SPLINE_CURVE((1.,0.5,1.,0.5,
1.,0.5,1.)) REPRESENTATION_ITEM('') );
#1274 = CARTESIAN_POINT('',(378.,25.));
#1275 = CARTESIAN_POINT('',(378.,19.803847577293));
#1276 = CARTESIAN_POINT('',(373.5,22.401923788647));
#1277 = CARTESIAN_POINT('',(369.,25.));
#1278 = CARTESIAN_POINT('',(373.5,27.598076211353));
#1279 = CARTESIAN_POINT('',(378.,30.196152422707));
#1280 = CARTESIAN_POINT('',(378.,25.));
#1281 = ( GEOMETRIC_REPRESENTATION_CONTEXT(2) 
PARAMETRIC_REPRESENTATION_CONTEXT() REPRESENTATION_CONTEXT('2D SPACE',''
  ) );
#1282 = PCURVE('',#1283,#1288);
#1283 = CYLINDRICAL_SURFACE('',#1284,3.);
#1284 = AXIS2_PLACEMENT_3D('',#1285,#1286,#1287);
#1285 = CARTESIAN_POINT('',(375.,25.,15.));
#1286 = DIRECTION('',(-0.,-0.,-1.));
#1287 = DIRECTION('',(1.,0.,0.));
#1288 = DEFINITIONAL_REPRESENTATION('',(#1289),#1293);
#1289 = LINE('',#1290,#1291);
#1290 = CARTESIAN_POINT('',(-6.28318530718,-11.));
#1291 = VECTOR('',#1292,1.);
#1292 = DIRECTION('',(1.,-0.));
#1293 = ( GEOMETRIC_REPRESENTATION_CONTEXT(2) 
PARAMETRIC_REPRESENTATION_CONTEXT() REPRESENTATION_CONTEXT('2D SPACE',''
  ) );
#1294 = FACE_BOUND('',#1295,.T.);
#1295 = EDGE_LOOP('',(#1296));
#1296 = ORIENTED_EDGE('',*,*,#1297,.T.);
#1297 = EDGE_CURVE('',#1298,#1298,#1300,.T.);
#1298 = VERTEX_POINT('',#1299);
#1299 = CARTESIAN_POINT('',(428.,25.,26.));
#1300 = SURFACE_CURVE('',#1301,(#1306,#1317),.PCURVE_S1.);
#1301 = CIRCLE('',#1302,3.);
#1302 = AXIS2_PLACEMENT_3D('',#1303,#1304,#1305);
#1303 = CARTESIAN_POINT('',(425.,25.,26.));
#1304 = DIRECTION('',(0.,0.,-1.));
#1305 = DIRECTION('',(1.,0.,0.));
#1306 = PCURVE('',#144,#1307);
#1307 = DEFINITIONAL_REPRESENTATION('',(#1308),#1316);
#1308 = ( BOUNDED_CURVE() B_SPLINE_CURVE(2,(#1309,#1310,#1311,#1312,
#1313,#1314,#1315),.UNSPECIFIED.,.T.,.F.) B_SPLINE_CURVE_WITH_KNOTS((1,2
    ,2,2,2,1),(-2.094395102393,0.,2.094395102393,4.188790204786,
6.28318530718,8.377580409573),.UNSPECIFIED.) CURVE() 
GEOMETRIC_REPRESENTATION_ITEM() RATIONAL_B_SPLINE_CURVE((1.,0.5,1.,0.5,
1.,0.5,1.)) REPRESENTATION_ITEM('') );
#1309 = CARTESIAN_POINT('',(428.,25.));
#1310 = CARTESIAN_POINT('',(428.,19.803847577293));
#1311 = CARTESIAN_POINT('',(423.5,22.401923788647));
#1312 = CARTESIAN_POINT('',(419.,25.));
#1313 = CARTESIAN_POINT('',(423.5,27.598076211353));
#1314 = CARTESIAN_POINT('',(428.,30.196152422707));
#1315 = CARTESIAN_POINT('',(428.,25.));
#1316 = ( GEOMETRIC_REPRESENTATION_CONTEXT(2) 
PARAMETRIC_REPRESENTATION_CONTEXT() REPRESENTATION_CONTEXT('2D SPACE',''
  ) );
#1317 = PCURVE('',#1318,#1323);
#1318 = CYLINDRICAL_SURFACE('',#1319,3.);
#1319 = AXIS2_PLACEMENT_3D('',#1320,#1321,#1322);
#1320 = CARTESIAN_POINT('',(425.,25.,15.));
#1321 = DIRECTION('',(-0.,-0.,-1.));
#1322 = DIRECTION('',(1.,0.,0.));
#1323 = DEFINITIONAL_REPRESENTATION('',(#1324),#1328);
#1324 = LINE('',#1325,#1326);
#1325 = CARTESIAN_POINT('',(-6.28318530718,-11.));
#1326 = VECTOR('',#1327,1.);
#1327 = DIRECTION('',(1.,-0.));
#1328 = ( GEOMETRIC_REPRESENTATION_CONTEXT(2) 
PARAMETRIC_REPRESENTATION_CONTEXT() REPRESENTATION_CONTEXT('2D SPACE',''
  ) );
#1329 = FACE_BOUND('',#1330,.T.);
#1330 = EDGE_LOOP('',(#1331,#1361,#1394,#1422));
#1331 = ORIENTED_EDGE('',*,*,#1332,.T.);
#1332 = EDGE_CURVE('',#1333,#1335,#1337,.T.);
#1333 = VERTEX_POINT('',#1334);
#1334 = CARTESIAN_POINT('',(402.,46.,26.));
#1335 = VERTEX_POINT('',#1336);
#1336 = CARTESIAN_POINT('',(398.,46.,26.));
#1337 = SURFACE_CURVE('',#1338,(#1342,#1349),.PCURVE_S1.);
#1338 = LINE('',#1339,#1340);
#1339 = CARTESIAN_POINT('',(199.,46.,26.));
#1340 = VECTOR('',#1341,1.);
#1341 = DIRECTION('',(-1.,0.,0.));
#1342 = PCURVE('',#144,#1343);
#1343 = DEFINITIONAL_REPRESENTATION('',(#1344),#1348);
#1344 = LINE('',#1345,#1346);
#1345 = CARTESIAN_POINT('',(199.,46.));
#1346 = VECTOR('',#1347,1.);
#1347 = DIRECTION('',(-1.,0.));
#1348 = ( GEOMETRIC_REPRESENTATION_CONTEXT(2) 
PARAMETRIC_REPRESENTATION_CONTEXT() REPRESENTATION_CONTEXT('2D SPACE',''
  ) );
#1349 = PCURVE('',#1350,#1355);
#1350 = PLANE('',#1351);
#1351 = AXIS2_PLACEMENT_3D('',#1352,#1353,#1354);
#1352 = CARTESIAN_POINT('',(398.,46.,15.));
#1353 = DIRECTION('',(0.,1.,0.));
#1354 = DIRECTION('',(0.,0.,1.));
#1355 = DEFINITIONAL_REPRESENTATION('',(#1356),#1360);
#1356 = LINE('',#1357,#1358);
#1357 = CARTESIAN_POINT('',(11.,-199.));
#1358 = VECTOR('',#1359,1.);
#1359 = DIRECTION('',(0.,-1.));
#1360 = ( GEOMETRIC_REPRESENTATION_CONTEXT(2) 
PARAMETRIC_REPRESENTATION_CONTEXT() REPRESENTATION_CONTEXT('2D SPACE',''
  ) );
#1361 = ORIENTED_EDGE('',*,*,#1362,.T.);
#1362 = EDGE_CURVE('',#1335,#1363,#1365,.T.);
#1363 = VERTEX_POINT('',#1364);
#1364 = CARTESIAN_POINT('',(398.,54.,26.));
#1365 = SURFACE_CURVE('',#1366,(#1371,#1382),.PCURVE_S1.);
#1366 = CIRCLE('',#1367,4.);
#1367 = AXIS2_PLACEMENT_3D('',#1368,#1369,#1370);
#1368 = CARTESIAN_POINT('',(398.,50.,26.));
#1369 = DIRECTION('',(0.,0.,-1.));
#1370 = DIRECTION('',(1.,0.,0.));
#1371 = PCURVE('',#144,#1372);
#1372 = DEFINITIONAL_REPRESENTATION('',(#1373),#1381);
#1373 = ( BOUNDED_CURVE() B_SPLINE_CURVE(2,(#1374,#1375,#1376,#1377,
#1378,#1379,#1380),.UNSPECIFIED.,.T.,.F.) B_SPLINE_CURVE_WITH_KNOTS((1,2
    ,2,2,2,1),(-2.094395102393,0.,2.094395102393,4.188790204786,
6.28318530718,8.377580409573),.UNSPECIFIED.) CURVE() 
GEOMETRIC_REPRESENTATION_ITEM() RATIONAL_B_SPLINE_CURVE((1.,0.5,1.,0.5,
1.,0.5,1.)) REPRESENTATION_ITEM('') );
#1374 = CARTESIAN_POINT('',(402.,50.));
#1375 = CARTESIAN_POINT('',(402.,43.071796769724));
#1376 = CARTESIAN_POINT('',(396.,46.535898384862));
#1377 = CARTESIAN_POINT('',(390.,50.));
#1378 = CARTESIAN_POINT('',(396.,53.464101615138));
#1379 = CARTESIAN_POINT('',(402.,56.928203230276));
#1380 = CARTESIAN_POINT('',(402.,50.));
#1381 = ( GEOMETRIC_REPRESENTATION_CONTEXT(2) 
PARAMETRIC_REPRESENTATION_CONTEXT() REPRESENTATION_CONTEXT('2D SPACE',''
  ) );
#1382 = PCURVE('',#1383,#1388);
#1383 = CYLINDRICAL_SURFACE('',#1384,4.);
#1384 = AXIS2_PLACEMENT_3D('',#1385,#1386,#1387);
#1385 = CARTESIAN_POINT('',(398.,50.,15.));
#1386 = DIRECTION('',(-0.,-0.,-1.));
#1387 = DIRECTION('',(1.,0.,0.));
#1388 = DEFINITIONAL_REPRESENTATION('',(#1389),#1393);
#1389 = LINE('',#1390,#1391);
#1390 = CARTESIAN_POINT('',(-6.28318530718,-11.));
#1391 = VECTOR('',#1392,1.);
#1392 = DIRECTION('',(1.,-0.));
#1393 = ( GEOMETRIC_REPRESENTATION_CONTEXT(2) 
PARAMETRIC_REPRESENTATION_CONTEXT() REPRESENTATION_CONTEXT('2D SPACE',''
  ) );
#1394 = ORIENTED_EDGE('',*,*,#1395,.F.);
#1395 = EDGE_CURVE('',#1396,#1363,#1398,.T.);
#1396 = VERTEX_POINT('',#1397);
#1397 = CARTESIAN_POINT('',(402.,54.,26.));
#1398 = SURFACE_CURVE('',#1399,(#1403,#1410),.PCURVE_S1.);
#1399 = LINE('',#1400,#1401);
#1400 = CARTESIAN_POINT('',(199.,54.,26.));
#1401 = VECTOR('',#1402,1.);
#1402 = DIRECTION('',(-1.,0.,0.));
#1403 = PCURVE('',#144,#1404);
#1404 = DEFINITIONAL_REPRESENTATION('',(#1405),#1409);
#1405 = LINE('',#1406,#1407);
#1406 = CARTESIAN_POINT('',(199.,54.));
#1407 = VECTOR('',#1408,1.);
#1408 = DIRECTION('',(-1.,0.));
#1409 = ( GEOMETRIC_REPRESENTATION_CONTEXT(2) 
PARAMETRIC_REPRESENTATION_CONTEXT() REPRESENTATION_CONTEXT('2D SPACE',''
  ) );
#1410 = PCURVE('',#1411,#1416);
#1411 = PLANE('',#1412);
#1412 = AXIS2_PLACEMENT_3D('',#1413,#1414,#1415);
#1413 = CARTESIAN_POINT('',(398.,54.,15.));
#1414 = DIRECTION('',(0.,1.,0.));
#1415 = DIRECTION('',(0.,0.,1.));
#1416 = DEFINITIONAL_REPRESENTATION('',(#1417),#1421);
#1417 = LINE('',#1418,#1419);
#1418 = CARTESIAN_POINT('',(11.,-199.));
#1419 = VECTOR('',#1420,1.);
#1420 = DIRECTION('',(0.,-1.));
#1421 = ( GEOMETRIC_REPRESENTATION_CONTEXT(2) 
PARAMETRIC_REPRESENTATION_CONTEXT() REPRESENTATION_CONTEXT('2D SPACE',''
  ) );
#1422 = ORIENTED_EDGE('',*,*,#1423,.T.);
#1423 = EDGE_CURVE('',#1396,#1333,#1424,.T.);
#1424 = SURFACE_CURVE('',#1425,(#1430,#1441),.PCURVE_S1.);
#1425 = CIRCLE('',#1426,4.);
#1426 = AXIS2_PLACEMENT_3D('',#1427,#1428,#1429);
#1427 = CARTESIAN_POINT('',(402.,50.,26.));
#1428 = DIRECTION('',(0.,0.,-1.));
#1429 = DIRECTION('',(1.,0.,0.));
#1430 = PCURVE('',#144,#1431);
#1431 = DEFINITIONAL_REPRESENTATION('',(#1432),#1440);
#1432 = ( BOUNDED_CURVE() B_SPLINE_CURVE(2,(#1433,#1434,#1435,#1436,
#1437,#1438,#1439),.UNSPECIFIED.,.T.,.F.) B_SPLINE_CURVE_WITH_KNOTS((1,2
    ,2,2,2,1),(-2.094395102393,0.,2.094395102393,4.188790204786,
6.28318530718,8.377580409573),.UNSPECIFIED.) CURVE() 
GEOMETRIC_REPRESENTATION_ITEM() RATIONAL_B_SPLINE_CURVE((1.,0.5,1.,0.5,
1.,0.5,1.)) REPRESENTATION_ITEM('') );
#1433 = CARTESIAN_POINT('',(406.,50.));
#1434 = CARTESIAN_POINT('',(406.,43.071796769724));
#1435 = CARTESIAN_POINT('',(400.,46.535898384862));
#1436 = CARTESIAN_POINT('',(394.,50.));
#1437 = CARTESIAN_POINT('',(400.,53.464101615138));
#1438 = CARTESIAN_POINT('',(406.,56.928203230276));
#1439 = CARTESIAN_POINT('',(406.,50.));
#1440 = ( GEOMETRIC_REPRESENTATION_CONTEXT(2) 
PARAMETRIC_REPRESENTATION_CONTEXT() REPRESENTATION_CONTEXT('2D SPACE',''
  ) );
#1441 = PCURVE('',#1442,#1447);
#1442 = CYLINDRICAL_SURFACE('',#1443,4.);
#1443 = AXIS2_PLACEMENT_3D('',#1444,#1445,#1446);
#1444 = CARTESIAN_POINT('',(402.,50.,15.));
#1445 = DIRECTION('',(-0.,-0.,-1.));
#1446 = DIRECTION('',(1.,0.,0.));
#1447 = DEFINITIONAL_REPRESENTATION('',(#1448),#1452);
#1448 = LINE('',#1449,#1450);
#1449 = CARTESIAN_POINT('',(-12.56637061435,-11.));
#1450 = VECTOR('',#1451,1.);
#1451 = DIRECTION('',(1.,-0.));
#1452 = ( GEOMETRIC_REPRESENTATION_CONTEXT(2) 
PARAMETRIC_REPRESENTATION_CONTEXT() REPRESENTATION_CONTEXT('2D SPACE',''
  ) );
#1453 = FACE_BOUND('',#1454,.T.);
#1454 = EDGE_LOOP('',(#1455));
#1455 = ORIENTED_EDGE('',*,*,#1456,.F.);
#1456 = EDGE_CURVE('',#1457,#1457,#1459,.T.);
#1457 = VERTEX_POINT('',#1458);
#1458 = CARTESIAN_POINT('',(365.75,62.5,26.));
#1459 = SURFACE_CURVE('',#1460,(#1465,#1472),.PCURVE_S1.);
#1460 = CIRCLE('',#1461,3.25);
#1461 = AXIS2_PLACEMENT_3D('',#1462,#1463,#1464);
#1462 = CARTESIAN_POINT('',(362.5,62.5,26.));
#1463 = DIRECTION('',(0.,0.,1.));
#1464 = DIRECTION('',(1.,0.,-0.));
#1465 = PCURVE('',#144,#1466);
#1466 = DEFINITIONAL_REPRESENTATION('',(#1467),#1471);
#1467 = CIRCLE('',#1468,3.25);
#1468 = AXIS2_PLACEMENT_2D('',#1469,#1470);
#1469 = CARTESIAN_POINT('',(362.5,62.5));
#1470 = DIRECTION('',(1.,0.));
#1471 = ( GEOMETRIC_REPRESENTATION_CONTEXT(2) 
PARAMETRIC_REPRESENTATION_CONTEXT() REPRESENTATION_CONTEXT('2D SPACE',''
  ) );
#1472 = PCURVE('',#1473,#1478);
#1473 = CYLINDRICAL_SURFACE('',#1474,3.25);
#1474 = AXIS2_PLACEMENT_3D('',#1475,#1476,#1477);
#1475 = CARTESIAN_POINT('',(362.5,62.5,22.5));
#1476 = DIRECTION('',(0.,0.,1.));
#1477 = DIRECTION('',(1.,0.,-0.));
#1478 = DEFINITIONAL_REPRESENTATION('',(#1479),#1483);
#1479 = LINE('',#1480,#1481);
#1480 = CARTESIAN_POINT('',(0.,3.5));
#1481 = VECTOR('',#1482,1.);
#1482 = DIRECTION('',(1.,0.));
#1483 = ( GEOMETRIC_REPRESENTATION_CONTEXT(2) 
PARAMETRIC_REPRESENTATION_CONTEXT() REPRESENTATION_CONTEXT('2D SPACE',''
  ) );
#1484 = FACE_BOUND('',#1485,.T.);
#1485 = EDGE_LOOP('',(#1486));
#1486 = ORIENTED_EDGE('',*,*,#1487,.T.);
#1487 = EDGE_CURVE('',#1488,#1488,#1490,.T.);
#1488 = VERTEX_POINT('',#1489);
#1489 = CARTESIAN_POINT('',(378.,75.,26.));
#1490 = SURFACE_CURVE('',#1491,(#1496,#1507),.PCURVE_S1.);
#1491 = CIRCLE('',#1492,3.);
#1492 = AXIS2_PLACEMENT_3D('',#1493,#1494,#1495);
#1493 = CARTESIAN_POINT('',(375.,75.,26.));
#1494 = DIRECTION('',(0.,0.,-1.));
#1495 = DIRECTION('',(1.,0.,0.));
#1496 = PCURVE('',#144,#1497);
#1497 = DEFINITIONAL_REPRESENTATION('',(#1498),#1506);
#1498 = ( BOUNDED_CURVE() B_SPLINE_CURVE(2,(#1499,#1500,#1501,#1502,
#1503,#1504,#1505),.UNSPECIFIED.,.T.,.F.) B_SPLINE_CURVE_WITH_KNOTS((1,2
    ,2,2,2,1),(-2.094395102393,0.,2.094395102393,4.188790204786,
6.28318530718,8.377580409573),.UNSPECIFIED.) CURVE() 
GEOMETRIC_REPRESENTATION_ITEM() RATIONAL_B_SPLINE_CURVE((1.,0.5,1.,0.5,
1.,0.5,1.)) REPRESENTATION_ITEM('') );
#1499 = CARTESIAN_POINT('',(378.,75.));
#1500 = CARTESIAN_POINT('',(378.,69.803847577293));
#1501 = CARTESIAN_POINT('',(373.5,72.401923788647));
#1502 = CARTESIAN_POINT('',(369.,75.));
#1503 = CARTESIAN_POINT('',(373.5,77.598076211353));
#1504 = CARTESIAN_POINT('',(378.,80.196152422707));
#1505 = CARTESIAN_POINT('',(378.,75.));
#1506 = ( GEOMETRIC_REPRESENTATION_CONTEXT(2) 
PARAMETRIC_REPRESENTATION_CONTEXT() REPRESENTATION_CONTEXT('2D SPACE',''
  ) );
#1507 = PCURVE('',#1508,#1513);
#1508 = CYLINDRICAL_SURFACE('',#1509,3.);
#1509 = AXIS2_PLACEMENT_3D('',#1510,#1511,#1512);
#1510 = CARTESIAN_POINT('',(375.,75.,15.));
#1511 = DIRECTION('',(-0.,-0.,-1.));
#1512 = DIRECTION('',(1.,0.,0.));
#1513 = DEFINITIONAL_REPRESENTATION('',(#1514),#1518);
#1514 = LINE('',#1515,#1516);
#1515 = CARTESIAN_POINT('',(-6.28318530718,-11.));
#1516 = VECTOR('',#1517,1.);
#1517 = DIRECTION('',(1.,-0.));
#1518 = ( GEOMETRIC_REPRESENTATION_CONTEXT(2) 
PARAMETRIC_REPRESENTATION_CONTEXT() REPRESENTATION_CONTEXT('2D SPACE',''
  ) );
#1519 = FACE_BOUND('',#1520,.T.);
#1520 = EDGE_LOOP('',(#1521));
#1521 = ORIENTED_EDGE('',*,*,#1522,.F.);
#1522 = EDGE_CURVE('',#1523,#1523,#1525,.T.);
#1523 = VERTEX_POINT('',#1524);
#1524 = CARTESIAN_POINT('',(365.75,87.5,26.));
#1525 = SURFACE_CURVE('',#1526,(#1531,#1538),.PCURVE_S1.);
#1526 = CIRCLE('',#1527,3.25);
#1527 = AXIS2_PLACEMENT_3D('',#1528,#1529,#1530);
#1528 = CARTESIAN_POINT('',(362.5,87.5,26.));
#1529 = DIRECTION('',(0.,0.,1.));
#1530 = DIRECTION('',(1.,0.,-0.));
#1531 = PCURVE('',#144,#1532);
#1532 = DEFINITIONAL_REPRESENTATION('',(#1533),#1537);
#1533 = CIRCLE('',#1534,3.25);
#1534 = AXIS2_PLACEMENT_2D('',#1535,#1536);
#1535 = CARTESIAN_POINT('',(362.5,87.5));
#1536 = DIRECTION('',(1.,0.));
#1537 = ( GEOMETRIC_REPRESENTATION_CONTEXT(2) 
PARAMETRIC_REPRESENTATION_CONTEXT() REPRESENTATION_CONTEXT('2D SPACE',''
  ) );
#1538 = PCURVE('',#1539,#1544);
#1539 = CYLINDRICAL_SURFACE('',#1540,3.25);
#1540 = AXIS2_PLACEMENT_3D('',#1541,#1542,#1543);
#1541 = CARTESIAN_POINT('',(362.5,87.5,22.5));
#1542 = DIRECTION('',(0.,0.,1.));
#1543 = DIRECTION('',(1.,0.,-0.));
#1544 = DEFINITIONAL_REPRESENTATION('',(#1545),#1549);
#1545 = LINE('',#1546,#1547);
#1546 = CARTESIAN_POINT('',(0.,3.5));
#1547 = VECTOR('',#1548,1.);
#1548 = DIRECTION('',(1.,0.));
#1549 = ( GEOMETRIC_REPRESENTATION_CONTEXT(2) 
PARAMETRIC_REPRESENTATION_CONTEXT() REPRESENTATION_CONTEXT('2D SPACE',''
  ) );
#1550 = FACE_BOUND('',#1551,.T.);
#1551 = EDGE_LOOP('',(#1552));
#1552 = ORIENTED_EDGE('',*,*,#1553,.F.);
#1553 = EDGE_CURVE('',#1554,#1554,#1556,.T.);
#1554 = VERTEX_POINT('',#1555);
#1555 = CARTESIAN_POINT('',(390.75,62.5,26.));
#1556 = SURFACE_CURVE('',#1557,(#1562,#1569),.PCURVE_S1.);
#1557 = CIRCLE('',#1558,3.25);
#1558 = AXIS2_PLACEMENT_3D('',#1559,#1560,#1561);
#1559 = CARTESIAN_POINT('',(387.5,62.5,26.));
#1560 = DIRECTION('',(0.,0.,1.));
#1561 = DIRECTION('',(1.,0.,-0.));
#1562 = PCURVE('',#144,#1563);
#1563 = DEFINITIONAL_REPRESENTATION('',(#1564),#1568);
#1564 = CIRCLE('',#1565,3.25);
#1565 = AXIS2_PLACEMENT_2D('',#1566,#1567);
#1566 = CARTESIAN_POINT('',(387.5,62.5));
#1567 = DIRECTION('',(1.,0.));
#1568 = ( GEOMETRIC_REPRESENTATION_CONTEXT(2) 
PARAMETRIC_REPRESENTATION_CONTEXT() REPRESENTATION_CONTEXT('2D SPACE',''
  ) );
#1569 = PCURVE('',#1570,#1575);
#1570 = CYLINDRICAL_SURFACE('',#1571,3.25);
#1571 = AXIS2_PLACEMENT_3D('',#1572,#1573,#1574);
#1572 = CARTESIAN_POINT('',(387.5,62.5,22.5));
#1573 = DIRECTION('',(0.,0.,1.));
#1574 = DIRECTION('',(1.,0.,-0.));
#1575 = DEFINITIONAL_REPRESENTATION('',(#1576),#1580);
#1576 = LINE('',#1577,#1578);
#1577 = CARTESIAN_POINT('',(0.,3.5));
#1578 = VECTOR('',#1579,1.);
#1579 = DIRECTION('',(1.,0.));
#1580 = ( GEOMETRIC_REPRESENTATION_CONTEXT(2) 
PARAMETRIC_REPRESENTATION_CONTEXT() REPRESENTATION_CONTEXT('2D SPACE',''
  ) );
#1581 = FACE_BOUND('',#1582,.T.);
#1582 = EDGE_LOOP('',(#1583));
#1583 = ORIENTED_EDGE('',*,*,#1584,.T.);
#1584 = EDGE_CURVE('',#1585,#1585,#1587,.T.);
#1585 = VERTEX_POINT('',#1586);
#1586 = CARTESIAN_POINT('',(428.,75.,26.));
#1587 = SURFACE_CURVE('',#1588,(#1593,#1604),.PCURVE_S1.);
#1588 = CIRCLE('',#1589,3.);
#1589 = AXIS2_PLACEMENT_3D('',#1590,#1591,#1592);
#1590 = CARTESIAN_POINT('',(425.,75.,26.));
#1591 = DIRECTION('',(0.,0.,-1.));
#1592 = DIRECTION('',(1.,0.,0.));
#1593 = PCURVE('',#144,#1594);
#1594 = DEFINITIONAL_REPRESENTATION('',(#1595),#1603);
#1595 = ( BOUNDED_CURVE() B_SPLINE_CURVE(2,(#1596,#1597,#1598,#1599,
#1600,#1601,#1602),.UNSPECIFIED.,.T.,.F.) B_SPLINE_CURVE_WITH_KNOTS((1,2
    ,2,2,2,1),(-2.094395102393,0.,2.094395102393,4.188790204786,
6.28318530718,8.377580409573),.UNSPECIFIED.) CURVE() 
GEOMETRIC_REPRESENTATION_ITEM() RATIONAL_B_SPLINE_CURVE((1.,0.5,1.,0.5,
1.,0.5,1.)) REPRESENTATION_ITEM('') );
#1596 = CARTESIAN_POINT('',(428.,75.));
#1597 = CARTESIAN_POINT('',(428.,69.803847577293));
#1598 = CARTESIAN_POINT('',(423.5,72.401923788647));
#1599 = CARTESIAN_POINT('',(419.,75.));
#1600 = CARTESIAN_POINT('',(423.5,77.598076211353));
#1601 = CARTESIAN_POINT('',(428.,80.196152422707));
#1602 = CARTESIAN_POINT('',(428.,75.));
#1603 = ( GEOMETRIC_REPRESENTATION_CONTEXT(2) 
PARAMETRIC_REPRESENTATION_CONTEXT() REPRESENTATION_CONTEXT('2D SPACE',''
  ) );
#1604 = PCURVE('',#1605,#1610);
#1605 = CYLINDRICAL_SURFACE('',#1606,3.);
#1606 = AXIS2_PLACEMENT_3D('',#1607,#1608,#1609);
#1607 = CARTESIAN_POINT('',(425.,75.,15.));
#1608 = DIRECTION('',(-0.,-0.,-1.));
#1609 = DIRECTION('',(1.,0.,0.));
#1610 = DEFINITIONAL_REPRESENTATION('',(#1611),#1615);
#1611 = LINE('',#1612,#1613);
#1612 = CARTESIAN_POINT('',(-6.28318530718,-11.));
#1613 = VECTOR('',#1614,1.);
#1614 = DIRECTION('',(1.,-0.));
#1615 = ( GEOMETRIC_REPRESENTATION_CONTEXT(2) 
PARAMETRIC_REPRESENTATION_CONTEXT() REPRESENTATION_CONTEXT('2D SPACE',''
  ) );
#1616 = FACE_BOUND('',#1617,.T.);
#1617 = EDGE_LOOP('',(#1618));
#1618 = ORIENTED_EDGE('',*,*,#1619,.F.);
#1619 = EDGE_CURVE('',#1620,#1620,#1622,.T.);
#1620 = VERTEX_POINT('',#1621);
#1621 = CARTESIAN_POINT('',(390.75,87.5,26.));
#1622 = SURFACE_CURVE('',#1623,(#1628,#1635),.PCURVE_S1.);
#1623 = CIRCLE('',#1624,3.25);
#1624 = AXIS2_PLACEMENT_3D('',#1625,#1626,#1627);
#1625 = CARTESIAN_POINT('',(387.5,87.5,26.));
#1626 = DIRECTION('',(0.,0.,1.));
#1627 = DIRECTION('',(1.,0.,-0.));
#1628 = PCURVE('',#144,#1629);
#1629 = DEFINITIONAL_REPRESENTATION('',(#1630),#1634);
#1630 = CIRCLE('',#1631,3.25);
#1631 = AXIS2_PLACEMENT_2D('',#1632,#1633);
#1632 = CARTESIAN_POINT('',(387.5,87.5));
#1633 = DIRECTION('',(1.,0.));
#1634 = ( GEOMETRIC_REPRESENTATION_CONTEXT(2) 
PARAMETRIC_REPRESENTATION_CONTEXT() REPRESENTATION_CONTEXT('2D SPACE',''
  ) );
#1635 = PCURVE('',#1636,#1641);
#1636 = CYLINDRICAL_SURFACE('',#1637,3.25);
#1637 = AXIS2_PLACEMENT_3D('',#1638,#1639,#1640);
#1638 = CARTESIAN_POINT('',(387.5,87.5,22.5));
#1639 = DIRECTION('',(0.,0.,1.));
#1640 = DIRECTION('',(1.,0.,-0.));
#1641 = DEFINITIONAL_REPRESENTATION('',(#1642),#1646);
#1642 = LINE('',#1643,#1644);
#1643 = CARTESIAN_POINT('',(0.,3.5));
#1644 = VECTOR('',#1645,1.);
#1645 = DIRECTION('',(1.,0.));
#1646 = ( GEOMETRIC_REPRESENTATION_CONTEXT(2) 
PARAMETRIC_REPRESENTATION_CONTEXT() REPRESENTATION_CONTEXT('2D SPACE',''
  ) );
#1647 = FACE_BOUND('',#1648,.T.);
#1648 = EDGE_LOOP('',(#1649));
#1649 = ORIENTED_EDGE('',*,*,#1650,.T.);
#1650 = EDGE_CURVE('',#1651,#1651,#1653,.T.);
#1651 = VERTEX_POINT('',#1652);
#1652 = CARTESIAN_POINT('',(228.,125.,26.));
#1653 = SURFACE_CURVE('',#1654,(#1659,#1670),.PCURVE_S1.);
#1654 = CIRCLE('',#1655,3.);
#1655 = AXIS2_PLACEMENT_3D('',#1656,#1657,#1658);
#1656 = CARTESIAN_POINT('',(225.,125.,26.));
#1657 = DIRECTION('',(0.,0.,-1.));
#1658 = DIRECTION('',(1.,0.,0.));
#1659 = PCURVE('',#144,#1660);
#1660 = DEFINITIONAL_REPRESENTATION('',(#1661),#1669);
#1661 = ( BOUNDED_CURVE() B_SPLINE_CURVE(2,(#1662,#1663,#1664,#1665,
#1666,#1667,#1668),.UNSPECIFIED.,.T.,.F.) B_SPLINE_CURVE_WITH_KNOTS((1,2
    ,2,2,2,1),(-2.094395102393,0.,2.094395102393,4.188790204786,
6.28318530718,8.377580409573),.UNSPECIFIED.) CURVE() 
GEOMETRIC_REPRESENTATION_ITEM() RATIONAL_B_SPLINE_CURVE((1.,0.5,1.,0.5,
1.,0.5,1.)) REPRESENTATION_ITEM('') );
#1662 = CARTESIAN_POINT('',(228.,125.));
#1663 = CARTESIAN_POINT('',(228.,119.80384757729));
#1664 = CARTESIAN_POINT('',(223.5,122.40192378864));
#1665 = CARTESIAN_POINT('',(219.,125.));
#1666 = CARTESIAN_POINT('',(223.5,127.59807621135));
#1667 = CARTESIAN_POINT('',(228.,130.1961524227));
#1668 = CARTESIAN_POINT('',(228.,125.));
#1669 = ( GEOMETRIC_REPRESENTATION_CONTEXT(2) 
PARAMETRIC_REPRESENTATION_CONTEXT() REPRESENTATION_CONTEXT('2D SPACE',''
  ) );
#1670 = PCURVE('',#1671,#1676);
#1671 = CYLINDRICAL_SURFACE('',#1672,3.);
#1672 = AXIS2_PLACEMENT_3D('',#1673,#1674,#1675);
#1673 = CARTESIAN_POINT('',(225.,125.,15.));
#1674 = DIRECTION('',(-0.,-0.,-1.));
#1675 = DIRECTION('',(1.,0.,0.));
#1676 = DEFINITIONAL_REPRESENTATION('',(#1677),#1681);
#1677 = LINE('',#1678,#1679);
#1678 = CARTESIAN_POINT('',(-6.28318530718,-11.));
#1679 = VECTOR('',#1680,1.);
#1680 = DIRECTION('',(1.,-0.));
#1681 = ( GEOMETRIC_REPRESENTATION_CONTEXT(2) 
PARAMETRIC_REPRESENTATION_CONTEXT() REPRESENTATION_CONTEXT('2D SPACE',''
  ) );
#1682 = FACE_BOUND('',#1683,.T.);
#1683 = EDGE_LOOP('',(#1684));
#1684 = ORIENTED_EDGE('',*,*,#1685,.T.);
#1685 = EDGE_CURVE('',#1686,#1686,#1688,.T.);
#1686 = VERTEX_POINT('',#1687);
#1687 = CARTESIAN_POINT('',(278.,125.,26.));
#1688 = SURFACE_CURVE('',#1689,(#1694,#1705),.PCURVE_S1.);
#1689 = CIRCLE('',#1690,3.);
#1690 = AXIS2_PLACEMENT_3D('',#1691,#1692,#1693);
#1691 = CARTESIAN_POINT('',(275.,125.,26.));
#1692 = DIRECTION('',(0.,0.,-1.));
#1693 = DIRECTION('',(1.,0.,0.));
#1694 = PCURVE('',#144,#1695);
#1695 = DEFINITIONAL_REPRESENTATION('',(#1696),#1704);
#1696 = ( BOUNDED_CURVE() B_SPLINE_CURVE(2,(#1697,#1698,#1699,#1700,
#1701,#1702,#1703),.UNSPECIFIED.,.T.,.F.) B_SPLINE_CURVE_WITH_KNOTS((1,2
    ,2,2,2,1),(-2.094395102393,0.,2.094395102393,4.188790204786,
6.28318530718,8.377580409573),.UNSPECIFIED.) CURVE() 
GEOMETRIC_REPRESENTATION_ITEM() RATIONAL_B_SPLINE_CURVE((1.,0.5,1.,0.5,
1.,0.5,1.)) REPRESENTATION_ITEM('') );
#1697 = CARTESIAN_POINT('',(278.,125.));
#1698 = CARTESIAN_POINT('',(278.,119.80384757729));
#1699 = CARTESIAN_POINT('',(273.5,122.40192378864));
#1700 = CARTESIAN_POINT('',(269.,125.));
#1701 = CARTESIAN_POINT('',(273.5,127.59807621135));
#1702 = CARTESIAN_POINT('',(278.,130.1961524227));
#1703 = CARTESIAN_POINT('',(278.,125.));
#1704 = ( GEOMETRIC_REPRESENTATION_CONTEXT(2) 
PARAMETRIC_REPRESENTATION_CONTEXT() REPRESENTATION_CONTEXT('2D SPACE',''
  ) );
#1705 = PCURVE('',#1706,#1711);
#1706 = CYLINDRICAL_SURFACE('',#1707,3.);
#1707 = AXIS2_PLACEMENT_3D('',#1708,#1709,#1710);
#1708 = CARTESIAN_POINT('',(275.,125.,15.));
#1709 = DIRECTION('',(-0.,-0.,-1.));
#1710 = DIRECTION('',(1.,0.,0.));
#1711 = DEFINITIONAL_REPRESENTATION('',(#1712),#1716);
#1712 = LINE('',#1713,#1714);
#1713 = CARTESIAN_POINT('',(-6.28318530718,-11.));
#1714 = VECTOR('',#1715,1.);
#1715 = DIRECTION('',(1.,-0.));
#1716 = ( GEOMETRIC_REPRESENTATION_CONTEXT(2) 
PARAMETRIC_REPRESENTATION_CONTEXT() REPRESENTATION_CONTEXT('2D SPACE',''
  ) );
#1717 = FACE_BOUND('',#1718,.T.);
#1718 = EDGE_LOOP('',(#1719));
#1719 = ORIENTED_EDGE('',*,*,#1720,.T.);
#1720 = EDGE_CURVE('',#1721,#1721,#1723,.T.);
#1721 = VERTEX_POINT('',#1722);
#1722 = CARTESIAN_POINT('',(328.,125.,26.));
#1723 = SURFACE_CURVE('',#1724,(#1729,#1740),.PCURVE_S1.);
#1724 = CIRCLE('',#1725,3.);
#1725 = AXIS2_PLACEMENT_3D('',#1726,#1727,#1728);
#1726 = CARTESIAN_POINT('',(325.,125.,26.));
#1727 = DIRECTION('',(0.,0.,-1.));
#1728 = DIRECTION('',(1.,0.,0.));
#1729 = PCURVE('',#144,#1730);
#1730 = DEFINITIONAL_REPRESENTATION('',(#1731),#1739);
#1731 = ( BOUNDED_CURVE() B_SPLINE_CURVE(2,(#1732,#1733,#1734,#1735,
#1736,#1737,#1738),.UNSPECIFIED.,.T.,.F.) B_SPLINE_CURVE_WITH_KNOTS((1,2
    ,2,2,2,1),(-2.094395102393,0.,2.094395102393,4.188790204786,
6.28318530718,8.377580409573),.UNSPECIFIED.) CURVE() 
GEOMETRIC_REPRESENTATION_ITEM() RATIONAL_B_SPLINE_CURVE((1.,0.5,1.,0.5,
1.,0.5,1.)) REPRESENTATION_ITEM('') );
#1732 = CARTESIAN_POINT('',(328.,125.));
#1733 = CARTESIAN_POINT('',(328.,119.80384757729));
#1734 = CARTESIAN_POINT('',(323.5,122.40192378864));
#1735 = CARTESIAN_POINT('',(319.,125.));
#1736 = CARTESIAN_POINT('',(323.5,127.59807621135));
#1737 = CARTESIAN_POINT('',(328.,130.1961524227));
#1738 = CARTESIAN_POINT('',(328.,125.));
#1739 = ( GEOMETRIC_REPRESENTATION_CONTEXT(2) 
PARAMETRIC_REPRESENTATION_CONTEXT() REPRESENTATION_CONTEXT('2D SPACE',''
  ) );
#1740 = PCURVE('',#1741,#1746);
#1741 = CYLINDRICAL_SURFACE('',#1742,3.);
#1742 = AXIS2_PLACEMENT_3D('',#1743,#1744,#1745);
#1743 = CARTESIAN_POINT('',(325.,125.,15.));
#1744 = DIRECTION('',(-0.,-0.,-1.));
#1745 = DIRECTION('',(1.,0.,0.));
#1746 = DEFINITIONAL_REPRESENTATION('',(#1747),#1751);
#1747 = LINE('',#1748,#1749);
#1748 = CARTESIAN_POINT('',(-6.28318530718,-11.));
#1749 = VECTOR('',#1750,1.);
#1750 = DIRECTION('',(1.,-0.));
#1751 = ( GEOMETRIC_REPRESENTATION_CONTEXT(2) 
PARAMETRIC_REPRESENTATION_CONTEXT() REPRESENTATION_CONTEXT('2D SPACE',''
  ) );
#1752 = FACE_BOUND('',#1753,.T.);
#1753 = EDGE_LOOP('',(#1754));
#1754 = ORIENTED_EDGE('',*,*,#1755,.T.);
#1755 = EDGE_CURVE('',#1756,#1756,#1758,.T.);
#1756 = VERTEX_POINT('',#1757);
#1757 = CARTESIAN_POINT('',(378.,125.,26.));
#1758 = SURFACE_CURVE('',#1759,(#1764,#1775),.PCURVE_S1.);
#1759 = CIRCLE('',#1760,3.);
#1760 = AXIS2_PLACEMENT_3D('',#1761,#1762,#1763);
#1761 = CARTESIAN_POINT('',(375.,125.,26.));
#1762 = DIRECTION('',(0.,0.,-1.));
#1763 = DIRECTION('',(1.,0.,0.));
#1764 = PCURVE('',#144,#1765);
#1765 = DEFINITIONAL_REPRESENTATION('',(#1766),#1774);
#1766 = ( BOUNDED_CURVE() B_SPLINE_CURVE(2,(#1767,#1768,#1769,#1770,
#1771,#1772,#1773),.UNSPECIFIED.,.T.,.F.) B_SPLINE_CURVE_WITH_KNOTS((1,2
    ,2,2,2,1),(-2.094395102393,0.,2.094395102393,4.188790204786,
6.28318530718,8.377580409573),.UNSPECIFIED.) CURVE() 
GEOMETRIC_REPRESENTATION_ITEM() RATIONAL_B_SPLINE_CURVE((1.,0.5,1.,0.5,
1.,0.5,1.)) REPRESENTATION_ITEM('') );
#1767 = CARTESIAN_POINT('',(378.,125.));
#1768 = CARTESIAN_POINT('',(378.,119.80384757729));
#1769 = CARTESIAN_POINT('',(373.5,122.40192378864));
#1770 = CARTESIAN_POINT('',(369.,125.));
#1771 = CARTESIAN_POINT('',(373.5,127.59807621135));
#1772 = CARTESIAN_POINT('',(378.,130.1961524227));
#1773 = CARTESIAN_POINT('',(378.,125.));
#1774 = ( GEOMETRIC_REPRESENTATION_CONTEXT(2) 
PARAMETRIC_REPRESENTATION_CONTEXT() REPRESENTATION_CONTEXT('2D SPACE',''
  ) );
#1775 = PCURVE('',#1776,#1781);
#1776 = CYLINDRICAL_SURFACE('',#1777,3.);
#1777 = AXIS2_PLACEMENT_3D('',#1778,#1779,#1780);
#1778 = CARTESIAN_POINT('',(375.,125.,15.));
#1779 = DIRECTION('',(-0.,-0.,-1.));
#1780 = DIRECTION('',(1.,0.,0.));
#1781 = DEFINITIONAL_REPRESENTATION('',(#1782),#1786);
#1782 = LINE('',#1783,#1784);
#1783 = CARTESIAN_POINT('',(-6.28318530718,-11.));
#1784 = VECTOR('',#1785,1.);
#1785 = DIRECTION('',(1.,-0.));
#1786 = ( GEOMETRIC_REPRESENTATION_CONTEXT(2) 
PARAMETRIC_REPRESENTATION_CONTEXT() REPRESENTATION_CONTEXT('2D SPACE',''
  ) );
#1787 = FACE_BOUND('',#1788,.T.);
#1788 = EDGE_LOOP('',(#1789));
#1789 = ORIENTED_EDGE('',*,*,#1790,.T.);
#1790 = EDGE_CURVE('',#1791,#1791,#1793,.T.);
#1791 = VERTEX_POINT('',#1792);
#1792 = CARTESIAN_POINT('',(428.,125.,26.));
#1793 = SURFACE_CURVE('',#1794,(#1799,#1810),.PCURVE_S1.);
#1794 = CIRCLE('',#1795,3.);
#1795 = AXIS2_PLACEMENT_3D('',#1796,#1797,#1798);
#1796 = CARTESIAN_POINT('',(425.,125.,26.));
#1797 = DIRECTION('',(0.,0.,-1.));
#1798 = DIRECTION('',(1.,0.,0.));
#1799 = PCURVE('',#144,#1800);
#1800 = DEFINITIONAL_REPRESENTATION('',(#1801),#1809);
#1801 = ( BOUNDED_CURVE() B_SPLINE_CURVE(2,(#1802,#1803,#1804,#1805,
#1806,#1807,#1808),.UNSPECIFIED.,.T.,.F.) B_SPLINE_CURVE_WITH_KNOTS((1,2
    ,2,2,2,1),(-2.094395102393,0.,2.094395102393,4.188790204786,
6.28318530718,8.377580409573),.UNSPECIFIED.) CURVE() 
GEOMETRIC_REPRESENTATION_ITEM() RATIONAL_B_SPLINE_CURVE((1.,0.5,1.,0.5,
1.,0.5,1.)) REPRESENTATION_ITEM('') );
#1802 = CARTESIAN_POINT('',(428.,125.));
#1803 = CARTESIAN_POINT('',(428.,119.80384757729));
#1804 = CARTESIAN_POINT('',(423.5,122.40192378864));
#1805 = CARTESIAN_POINT('',(419.,125.));
#1806 = CARTESIAN_POINT('',(423.5,127.59807621135));
#1807 = CARTESIAN_POINT('',(428.,130.1961524227));
#1808 = CARTESIAN_POINT('',(428.,125.));
#1809 = ( GEOMETRIC_REPRESENTATION_CONTEXT(2) 
PARAMETRIC_REPRESENTATION_CONTEXT() REPRESENTATION_CONTEXT('2D SPACE',''
  ) );
#1810 = PCURVE('',#1811,#1816);
#1811 = CYLINDRICAL_SURFACE('',#1812,3.);
#1812 = AXIS2_PLACEMENT_3D('',#1813,#1814,#1815);
#1813 = CARTESIAN_POINT('',(425.,125.,15.));
#1814 = DIRECTION('',(-0.,-0.,-1.));
#1815 = DIRECTION('',(1.,0.,0.));
#1816 = DEFINITIONAL_REPRESENTATION('',(#1817),#1821);
#1817 = LINE('',#1818,#1819);
#1818 = CARTESIAN_POINT('',(-6.28318530718,-11.));
#1819 = VECTOR('',#1820,1.);
#1820 = DIRECTION('',(1.,-0.));
#1821 = ( GEOMETRIC_REPRESENTATION_CONTEXT(2) 
PARAMETRIC_REPRESENTATION_CONTEXT() REPRESENTATION_CONTEXT('2D SPACE',''
  ) );
#1822 = FACE_BOUND('',#1823,.T.);
#1823 = EDGE_LOOP('',(#1824));
#1824 = ORIENTED_EDGE('',*,*,#1825,.T.);
#1825 = EDGE_CURVE('',#1826,#1826,#1828,.T.);
#1826 = VERTEX_POINT('',#1827);
#1827 = CARTESIAN_POINT('',(28.,175.,26.));
#1828 = SURFACE_CURVE('',#1829,(#1834,#1845),.PCURVE_S1.);
#1829 = CIRCLE('',#1830,3.);
#1830 = AXIS2_PLACEMENT_3D('',#1831,#1832,#1833);
#1831 = CARTESIAN_POINT('',(25.,175.,26.));
#1832 = DIRECTION('',(0.,0.,-1.));
#1833 = DIRECTION('',(1.,0.,0.));
#1834 = PCURVE('',#144,#1835);
#1835 = DEFINITIONAL_REPRESENTATION('',(#1836),#1844);
#1836 = ( BOUNDED_CURVE() B_SPLINE_CURVE(2,(#1837,#1838,#1839,#1840,
#1841,#1842,#1843),.UNSPECIFIED.,.T.,.F.) B_SPLINE_CURVE_WITH_KNOTS((1,2
    ,2,2,2,1),(-2.094395102393,0.,2.094395102393,4.188790204786,
6.28318530718,8.377580409573),.UNSPECIFIED.) CURVE() 
GEOMETRIC_REPRESENTATION_ITEM() RATIONAL_B_SPLINE_CURVE((1.,0.5,1.,0.5,
1.,0.5,1.)) REPRESENTATION_ITEM('') );
#1837 = CARTESIAN_POINT('',(28.,175.));
#1838 = CARTESIAN_POINT('',(28.,169.80384757729));
#1839 = CARTESIAN_POINT('',(23.5,172.40192378864));
#1840 = CARTESIAN_POINT('',(19.,175.));
#1841 = CARTESIAN_POINT('',(23.5,177.59807621135));
#1842 = CARTESIAN_POINT('',(28.,180.1961524227));
#1843 = CARTESIAN_POINT('',(28.,175.));
#1844 = ( GEOMETRIC_REPRESENTATION_CONTEXT(2) 
PARAMETRIC_REPRESENTATION_CONTEXT() REPRESENTATION_CONTEXT('2D SPACE',''
  ) );
#1845 = PCURVE('',#1846,#1851);
#1846 = CYLINDRICAL_SURFACE('',#1847,3.);
#1847 = AXIS2_PLACEMENT_3D('',#1848,#1849,#1850);
#1848 = CARTESIAN_POINT('',(25.,175.,15.));
#1849 = DIRECTION('',(-0.,-0.,-1.));
#1850 = DIRECTION('',(1.,0.,0.));
#1851 = DEFINITIONAL_REPRESENTATION('',(#1852),#1856);
#1852 = LINE('',#1853,#1854);
#1853 = CARTESIAN_POINT('',(-6.28318530718,-11.));
#1854 = VECTOR('',#1855,1.);
#1855 = DIRECTION('',(1.,-0.));
#1856 = ( GEOMETRIC_REPRESENTATION_CONTEXT(2) 
PARAMETRIC_REPRESENTATION_CONTEXT() REPRESENTATION_CONTEXT('2D SPACE',''
  ) );
#1857 = FACE_BOUND('',#1858,.T.);
#1858 = EDGE_LOOP('',(#1859));
#1859 = ORIENTED_EDGE('',*,*,#1860,.T.);
#1860 = EDGE_CURVE('',#1861,#1861,#1863,.T.);
#1861 = VERTEX_POINT('',#1862);
#1862 = CARTESIAN_POINT('',(78.,175.,26.));
#1863 = SURFACE_CURVE('',#1864,(#1869,#1880),.PCURVE_S1.);
#1864 = CIRCLE('',#1865,3.);
#1865 = AXIS2_PLACEMENT_3D('',#1866,#1867,#1868);
#1866 = CARTESIAN_POINT('',(75.,175.,26.));
#1867 = DIRECTION('',(0.,0.,-1.));
#1868 = DIRECTION('',(1.,0.,0.));
#1869 = PCURVE('',#144,#1870);
#1870 = DEFINITIONAL_REPRESENTATION('',(#1871),#1879);
#1871 = ( BOUNDED_CURVE() B_SPLINE_CURVE(2,(#1872,#1873,#1874,#1875,
#1876,#1877,#1878),.UNSPECIFIED.,.T.,.F.) B_SPLINE_CURVE_WITH_KNOTS((1,2
    ,2,2,2,1),(-2.094395102393,0.,2.094395102393,4.188790204786,
6.28318530718,8.377580409573),.UNSPECIFIED.) CURVE() 
GEOMETRIC_REPRESENTATION_ITEM() RATIONAL_B_SPLINE_CURVE((1.,0.5,1.,0.5,
1.,0.5,1.)) REPRESENTATION_ITEM('') );
#1872 = CARTESIAN_POINT('',(78.,175.));
#1873 = CARTESIAN_POINT('',(78.,169.80384757729));
#1874 = CARTESIAN_POINT('',(73.5,172.40192378864));
#1875 = CARTESIAN_POINT('',(69.,175.));
#1876 = CARTESIAN_POINT('',(73.5,177.59807621135));
#1877 = CARTESIAN_POINT('',(78.,180.1961524227));
#1878 = CARTESIAN_POINT('',(78.,175.));
#1879 = ( GEOMETRIC_REPRESENTATION_CONTEXT(2) 
PARAMETRIC_REPRESENTATION_CONTEXT() REPRESENTATION_CONTEXT('2D SPACE',''
  ) );
#1880 = PCURVE('',#1881,#1886);
#1881 = CYLINDRICAL_SURFACE('',#1882,3.);
#1882 = AXIS2_PLACEMENT_3D('',#1883,#1884,#1885);
#1883 = CARTESIAN_POINT('',(75.,175.,15.));
#1884 = DIRECTION('',(-0.,-0.,-1.));
#1885 = DIRECTION('',(1.,0.,0.));
#1886 = DEFINITIONAL_REPRESENTATION('',(#1887),#1891);
#1887 = LINE('',#1888,#1889);
#1888 = CARTESIAN_POINT('',(-6.28318530718,-11.));
#1889 = VECTOR('',#1890,1.);
#1890 = DIRECTION('',(1.,-0.));
#1891 = ( GEOMETRIC_REPRESENTATION_CONTEXT(2) 
PARAMETRIC_REPRESENTATION_CONTEXT() REPRESENTATION_CONTEXT('2D SPACE',''
  ) );
#1892 = FACE_BOUND('',#1893,.T.);
#1893 = EDGE_LOOP('',(#1894));
#1894 = ORIENTED_EDGE('',*,*,#1895,.T.);
#1895 = EDGE_CURVE('',#1896,#1896,#1898,.T.);
#1896 = VERTEX_POINT('',#1897);
#1897 = CARTESIAN_POINT('',(28.,225.,26.));
#1898 = SURFACE_CURVE('',#1899,(#1904,#1915),.PCURVE_S1.);
#1899 = CIRCLE('',#1900,3.);
#1900 = AXIS2_PLACEMENT_3D('',#1901,#1902,#1903);
#1901 = CARTESIAN_POINT('',(25.,225.,26.));
#1902 = DIRECTION('',(0.,0.,-1.));
#1903 = DIRECTION('',(1.,0.,0.));
#1904 = PCURVE('',#144,#1905);
#1905 = DEFINITIONAL_REPRESENTATION('',(#1906),#1914);
#1906 = ( BOUNDED_CURVE() B_SPLINE_CURVE(2,(#1907,#1908,#1909,#1910,
#1911,#1912,#1913),.UNSPECIFIED.,.T.,.F.) B_SPLINE_CURVE_WITH_KNOTS((1,2
    ,2,2,2,1),(-2.094395102393,0.,2.094395102393,4.188790204786,
6.28318530718,8.377580409573),.UNSPECIFIED.) CURVE() 
GEOMETRIC_REPRESENTATION_ITEM() RATIONAL_B_SPLINE_CURVE((1.,0.5,1.,0.5,
1.,0.5,1.)) REPRESENTATION_ITEM('') );
#1907 = CARTESIAN_POINT('',(28.,225.));
#1908 = CARTESIAN_POINT('',(28.,219.80384757729));
#1909 = CARTESIAN_POINT('',(23.5,222.40192378864));
#1910 = CARTESIAN_POINT('',(19.,225.));
#1911 = CARTESIAN_POINT('',(23.5,227.59807621135));
#1912 = CARTESIAN_POINT('',(28.,230.1961524227));
#1913 = CARTESIAN_POINT('',(28.,225.));
#1914 = ( GEOMETRIC_REPRESENTATION_CONTEXT(2) 
PARAMETRIC_REPRESENTATION_CONTEXT() REPRESENTATION_CONTEXT('2D SPACE',''
  ) );
#1915 = PCURVE('',#1916,#1921);
#1916 = CYLINDRICAL_SURFACE('',#1917,3.);
#1917 = AXIS2_PLACEMENT_3D('',#1918,#1919,#1920);
#1918 = CARTESIAN_POINT('',(25.,225.,15.));
#1919 = DIRECTION('',(-0.,-0.,-1.));
#1920 = DIRECTION('',(1.,0.,0.));
#1921 = DEFINITIONAL_REPRESENTATION('',(#1922),#1926);
#1922 = LINE('',#1923,#1924);
#1923 = CARTESIAN_POINT('',(-6.28318530718,-11.));
#1924 = VECTOR('',#1925,1.);
#1925 = DIRECTION('',(1.,-0.));
#1926 = ( GEOMETRIC_REPRESENTATION_CONTEXT(2) 
PARAMETRIC_REPRESENTATION_CONTEXT() REPRESENTATION_CONTEXT('2D SPACE',''
  ) );
#1927 = FACE_BOUND('',#1928,.T.);
#1928 = EDGE_LOOP('',(#1929));
#1929 = ORIENTED_EDGE('',*,*,#1930,.T.);
#1930 = EDGE_CURVE('',#1931,#1931,#1933,.T.);
#1931 = VERTEX_POINT('',#1932);
#1932 = CARTESIAN_POINT('',(78.,225.,26.));
#1933 = SURFACE_CURVE('',#1934,(#1939,#1950),.PCURVE_S1.);
#1934 = CIRCLE('',#1935,3.);
#1935 = AXIS2_PLACEMENT_3D('',#1936,#1937,#1938);
#1936 = CARTESIAN_POINT('',(75.,225.,26.));
#1937 = DIRECTION('',(0.,0.,-1.));
#1938 = DIRECTION('',(1.,0.,0.));
#1939 = PCURVE('',#144,#1940);
#1940 = DEFINITIONAL_REPRESENTATION('',(#1941),#1949);
#1941 = ( BOUNDED_CURVE() B_SPLINE_CURVE(2,(#1942,#1943,#1944,#1945,
#1946,#1947,#1948),.UNSPECIFIED.,.T.,.F.) B_SPLINE_CURVE_WITH_KNOTS((1,2
    ,2,2,2,1),(-2.094395102393,0.,2.094395102393,4.188790204786,
6.28318530718,8.377580409573),.UNSPECIFIED.) CURVE() 
GEOMETRIC_REPRESENTATION_ITEM() RATIONAL_B_SPLINE_CURVE((1.,0.5,1.,0.5,
1.,0.5,1.)) REPRESENTATION_ITEM('') );
#1942 = CARTESIAN_POINT('',(78.,225.));
#1943 = CARTESIAN_POINT('',(78.,219.80384757729));
#1944 = CARTESIAN_POINT('',(73.5,222.40192378864));
#1945 = CARTESIAN_POINT('',(69.,225.));
#1946 = CARTESIAN_POINT('',(73.5,227.59807621135));
#1947 = CARTESIAN_POINT('',(78.,230.1961524227));
#1948 = CARTESIAN_POINT('',(78.,225.));
#1949 = ( GEOMETRIC_REPRESENTATION_CONTEXT(2) 
PARAMETRIC_REPRESENTATION_CONTEXT() REPRESENTATION_CONTEXT('2D SPACE',''
  ) );
#1950 = PCURVE('',#1951,#1956);
#1951 = CYLINDRICAL_SURFACE('',#1952,3.);
#1952 = AXIS2_PLACEMENT_3D('',#1953,#1954,#1955);
#1953 = CARTESIAN_POINT('',(75.,225.,15.));
#1954 = DIRECTION('',(-0.,-0.,-1.));
#1955 = DIRECTION('',(1.,0.,0.));
#1956 = DEFINITIONAL_REPRESENTATION('',(#1957),#1961);
#1957 = LINE('',#1958,#1959);
#1958 = CARTESIAN_POINT('',(-6.28318530718,-11.));
#1959 = VECTOR('',#1960,1.);
#1960 = DIRECTION('',(1.,-0.));
#1961 = ( GEOMETRIC_REPRESENTATION_CONTEXT(2) 
PARAMETRIC_REPRESENTATION_CONTEXT() REPRESENTATION_CONTEXT('2D SPACE',''
  ) );
#1962 = FACE_BOUND('',#1963,.T.);
#1963 = EDGE_LOOP('',(#1964));
#1964 = ORIENTED_EDGE('',*,*,#1965,.T.);
#1965 = EDGE_CURVE('',#1966,#1966,#1968,.T.);
#1966 = VERTEX_POINT('',#1967);
#1967 = CARTESIAN_POINT('',(128.,175.,26.));
#1968 = SURFACE_CURVE('',#1969,(#1974,#1985),.PCURVE_S1.);
#1969 = CIRCLE('',#1970,3.);
#1970 = AXIS2_PLACEMENT_3D('',#1971,#1972,#1973);
#1971 = CARTESIAN_POINT('',(125.,175.,26.));
#1972 = DIRECTION('',(0.,0.,-1.));
#1973 = DIRECTION('',(1.,0.,0.));
#1974 = PCURVE('',#144,#1975);
#1975 = DEFINITIONAL_REPRESENTATION('',(#1976),#1984);
#1976 = ( BOUNDED_CURVE() B_SPLINE_CURVE(2,(#1977,#1978,#1979,#1980,
#1981,#1982,#1983),.UNSPECIFIED.,.T.,.F.) B_SPLINE_CURVE_WITH_KNOTS((1,2
    ,2,2,2,1),(-2.094395102393,0.,2.094395102393,4.188790204786,
6.28318530718,8.377580409573),.UNSPECIFIED.) CURVE() 
GEOMETRIC_REPRESENTATION_ITEM() RATIONAL_B_SPLINE_CURVE((1.,0.5,1.,0.5,
1.,0.5,1.)) REPRESENTATION_ITEM('') );
#1977 = CARTESIAN_POINT('',(128.,175.));
#1978 = CARTESIAN_POINT('',(128.,169.80384757729));
#1979 = CARTESIAN_POINT('',(123.5,172.40192378864));
#1980 = CARTESIAN_POINT('',(119.,175.));
#1981 = CARTESIAN_POINT('',(123.5,177.59807621135));
#1982 = CARTESIAN_POINT('',(128.,180.1961524227));
#1983 = CARTESIAN_POINT('',(128.,175.));
#1984 = ( GEOMETRIC_REPRESENTATION_CONTEXT(2) 
PARAMETRIC_REPRESENTATION_CONTEXT() REPRESENTATION_CONTEXT('2D SPACE',''
  ) );
#1985 = PCURVE('',#1986,#1991);
#1986 = CYLINDRICAL_SURFACE('',#1987,3.);
#1987 = AXIS2_PLACEMENT_3D('',#1988,#1989,#1990);
#1988 = CARTESIAN_POINT('',(125.,175.,15.));
#1989 = DIRECTION('',(-0.,-0.,-1.));
#1990 = DIRECTION('',(1.,0.,0.));
#1991 = DEFINITIONAL_REPRESENTATION('',(#1992),#1996);
#1992 = LINE('',#1993,#1994);
#1993 = CARTESIAN_POINT('',(-6.28318530718,-11.));
#1994 = VECTOR('',#1995,1.);
#1995 = DIRECTION('',(1.,-0.));
#1996 = ( GEOMETRIC_REPRESENTATION_CONTEXT(2) 
PARAMETRIC_REPRESENTATION_CONTEXT() REPRESENTATION_CONTEXT('2D SPACE',''
  ) );
#1997 = FACE_BOUND('',#1998,.T.);
#1998 = EDGE_LOOP('',(#1999));
#1999 = ORIENTED_EDGE('',*,*,#2000,.T.);
#2000 = EDGE_CURVE('',#2001,#2001,#2003,.T.);
#2001 = VERTEX_POINT('',#2002);
#2002 = CARTESIAN_POINT('',(178.,175.,26.));
#2003 = SURFACE_CURVE('',#2004,(#2009,#2020),.PCURVE_S1.);
#2004 = CIRCLE('',#2005,3.);
#2005 = AXIS2_PLACEMENT_3D('',#2006,#2007,#2008);
#2006 = CARTESIAN_POINT('',(175.,175.,26.));
#2007 = DIRECTION('',(0.,0.,-1.));
#2008 = DIRECTION('',(1.,0.,0.));
#2009 = PCURVE('',#144,#2010);
#2010 = DEFINITIONAL_REPRESENTATION('',(#2011),#2019);
#2011 = ( BOUNDED_CURVE() B_SPLINE_CURVE(2,(#2012,#2013,#2014,#2015,
#2016,#2017,#2018),.UNSPECIFIED.,.T.,.F.) B_SPLINE_CURVE_WITH_KNOTS((1,2
    ,2,2,2,1),(-2.094395102393,0.,2.094395102393,4.188790204786,
6.28318530718,8.377580409573),.UNSPECIFIED.) CURVE() 
GEOMETRIC_REPRESENTATION_ITEM() RATIONAL_B_SPLINE_CURVE((1.,0.5,1.,0.5,
1.,0.5,1.)) REPRESENTATION_ITEM('') );
#2012 = CARTESIAN_POINT('',(178.,175.));
#2013 = CARTESIAN_POINT('',(178.,169.80384757729));
#2014 = CARTESIAN_POINT('',(173.5,172.40192378864));
#2015 = CARTESIAN_POINT('',(169.,175.));
#2016 = CARTESIAN_POINT('',(173.5,177.59807621135));
#2017 = CARTESIAN_POINT('',(178.,180.1961524227));
#2018 = CARTESIAN_POINT('',(178.,175.));
#2019 = ( GEOMETRIC_REPRESENTATION_CONTEXT(2) 
PARAMETRIC_REPRESENTATION_CONTEXT() REPRESENTATION_CONTEXT('2D SPACE',''
  ) );
#2020 = PCURVE('',#2021,#2026);
#2021 = CYLINDRICAL_SURFACE('',#2022,3.);
#2022 = AXIS2_PLACEMENT_3D('',#2023,#2024,#2025);
#2023 = CARTESIAN_POINT('',(175.,175.,15.));
#2024 = DIRECTION('',(-0.,-0.,-1.));
#2025 = DIRECTION('',(1.,0.,0.));
#2026 = DEFINITIONAL_REPRESENTATION('',(#2027),#2031);
#2027 = LINE('',#2028,#2029);
#2028 = CARTESIAN_POINT('',(-6.28318530718,-11.));
#2029 = VECTOR('',#2030,1.);
#2030 = DIRECTION('',(1.,-0.));
#2031 = ( GEOMETRIC_REPRESENTATION_CONTEXT(2) 
PARAMETRIC_REPRESENTATION_CONTEXT() REPRESENTATION_CONTEXT('2D SPACE',''
  ) );
#2032 = FACE_BOUND('',#2033,.T.);
#2033 = EDGE_LOOP('',(#2034));
#2034 = ORIENTED_EDGE('',*,*,#2035,.F.);
#2035 = EDGE_CURVE('',#2036,#2036,#2038,.T.);
#2036 = VERTEX_POINT('',#2037);
#2037 = CARTESIAN_POINT('',(210.,201.,26.));
#2038 = SURFACE_CURVE('',#2039,(#2044,#2051),.PCURVE_S1.);
#2039 = CIRCLE('',#2040,5.);
#2040 = AXIS2_PLACEMENT_3D('',#2041,#2042,#2043);
#2041 = CARTESIAN_POINT('',(205.,201.,26.));
#2042 = DIRECTION('',(0.,0.,1.));
#2043 = DIRECTION('',(1.,0.,-0.));
#2044 = PCURVE('',#144,#2045);
#2045 = DEFINITIONAL_REPRESENTATION('',(#2046),#2050);
#2046 = CIRCLE('',#2047,5.);
#2047 = AXIS2_PLACEMENT_2D('',#2048,#2049);
#2048 = CARTESIAN_POINT('',(205.,201.));
#2049 = DIRECTION('',(1.,0.));
#2050 = ( GEOMETRIC_REPRESENTATION_CONTEXT(2) 
PARAMETRIC_REPRESENTATION_CONTEXT() REPRESENTATION_CONTEXT('2D SPACE',''
  ) );
#2051 = PCURVE('',#2052,#2057);
#2052 = CYLINDRICAL_SURFACE('',#2053,5.);
#2053 = AXIS2_PLACEMENT_3D('',#2054,#2055,#2056);
#2054 = CARTESIAN_POINT('',(205.,201.,20.5));
#2055 = DIRECTION('',(0.,0.,1.));
#2056 = DIRECTION('',(1.,0.,-0.));
#2057 = DEFINITIONAL_REPRESENTATION('',(#2058),#2062);
#2058 = LINE('',#2059,#2060);
#2059 = CARTESIAN_POINT('',(0.,5.5));
#2060 = VECTOR('',#2061,1.);
#2061 = DIRECTION('',(1.,0.));
#2062 = ( GEOMETRIC_REPRESENTATION_CONTEXT(2) 
PARAMETRIC_REPRESENTATION_CONTEXT() REPRESENTATION_CONTEXT('2D SPACE',''
  ) );
#2063 = FACE_BOUND('',#2064,.T.);
#2064 = EDGE_LOOP('',(#2065));
#2065 = ORIENTED_EDGE('',*,*,#2066,.T.);
#2066 = EDGE_CURVE('',#2067,#2067,#2069,.T.);
#2067 = VERTEX_POINT('',#2068);
#2068 = CARTESIAN_POINT('',(128.,225.,26.));
#2069 = SURFACE_CURVE('',#2070,(#2075,#2086),.PCURVE_S1.);
#2070 = CIRCLE('',#2071,3.);
#2071 = AXIS2_PLACEMENT_3D('',#2072,#2073,#2074);
#2072 = CARTESIAN_POINT('',(125.,225.,26.));
#2073 = DIRECTION('',(0.,0.,-1.));
#2074 = DIRECTION('',(1.,0.,0.));
#2075 = PCURVE('',#144,#2076);
#2076 = DEFINITIONAL_REPRESENTATION('',(#2077),#2085);
#2077 = ( BOUNDED_CURVE() B_SPLINE_CURVE(2,(#2078,#2079,#2080,#2081,
#2082,#2083,#2084),.UNSPECIFIED.,.T.,.F.) B_SPLINE_CURVE_WITH_KNOTS((1,2
    ,2,2,2,1),(-2.094395102393,0.,2.094395102393,4.188790204786,
6.28318530718,8.377580409573),.UNSPECIFIED.) CURVE() 
GEOMETRIC_REPRESENTATION_ITEM() RATIONAL_B_SPLINE_CURVE((1.,0.5,1.,0.5,
1.,0.5,1.)) REPRESENTATION_ITEM('') );
#2078 = CARTESIAN_POINT('',(128.,225.));
#2079 = CARTESIAN_POINT('',(128.,219.80384757729));
#2080 = CARTESIAN_POINT('',(123.5,222.40192378864));
#2081 = CARTESIAN_POINT('',(119.,225.));
#2082 = CARTESIAN_POINT('',(123.5,227.59807621135));
#2083 = CARTESIAN_POINT('',(128.,230.1961524227));
#2084 = CARTESIAN_POINT('',(128.,225.));
#2085 = ( GEOMETRIC_REPRESENTATION_CONTEXT(2) 
PARAMETRIC_REPRESENTATION_CONTEXT() REPRESENTATION_CONTEXT('2D SPACE',''
  ) );
#2086 = PCURVE('',#2087,#2092);
#2087 = CYLINDRICAL_SURFACE('',#2088,3.);
#2088 = AXIS2_PLACEMENT_3D('',#2089,#2090,#2091);
#2089 = CARTESIAN_POINT('',(125.,225.,15.));
#2090 = DIRECTION('',(-0.,-0.,-1.));
#2091 = DIRECTION('',(1.,0.,0.));
#2092 = DEFINITIONAL_REPRESENTATION('',(#2093),#2097);
#2093 = LINE('',#2094,#2095);
#2094 = CARTESIAN_POINT('',(-6.28318530718,-11.));
#2095 = VECTOR('',#2096,1.);
#2096 = DIRECTION('',(1.,-0.));
#2097 = ( GEOMETRIC_REPRESENTATION_CONTEXT(2) 
PARAMETRIC_REPRESENTATION_CONTEXT() REPRESENTATION_CONTEXT('2D SPACE',''
  ) );
#2098 = FACE_BOUND('',#2099,.T.);
#2099 = EDGE_LOOP('',(#2100));
#2100 = ORIENTED_EDGE('',*,*,#2101,.T.);
#2101 = EDGE_CURVE('',#2102,#2102,#2104,.T.);
#2102 = VERTEX_POINT('',#2103);
#2103 = CARTESIAN_POINT('',(178.,225.,26.));
#2104 = SURFACE_CURVE('',#2105,(#2110,#2121),.PCURVE_S1.);
#2105 = CIRCLE('',#2106,3.);
#2106 = AXIS2_PLACEMENT_3D('',#2107,#2108,#2109);
#2107 = CARTESIAN_POINT('',(175.,225.,26.));
#2108 = DIRECTION('',(0.,0.,-1.));
#2109 = DIRECTION('',(1.,0.,0.));
#2110 = PCURVE('',#144,#2111);
#2111 = DEFINITIONAL_REPRESENTATION('',(#2112),#2120);
#2112 = ( BOUNDED_CURVE() B_SPLINE_CURVE(2,(#2113,#2114,#2115,#2116,
#2117,#2118,#2119),.UNSPECIFIED.,.T.,.F.) B_SPLINE_CURVE_WITH_KNOTS((1,2
    ,2,2,2,1),(-2.094395102393,0.,2.094395102393,4.188790204786,
6.28318530718,8.377580409573),.UNSPECIFIED.) CURVE() 
GEOMETRIC_REPRESENTATION_ITEM() RATIONAL_B_SPLINE_CURVE((1.,0.5,1.,0.5,
1.,0.5,1.)) REPRESENTATION_ITEM('') );
#2113 = CARTESIAN_POINT('',(178.,225.));
#2114 = CARTESIAN_POINT('',(178.,219.80384757729));
#2115 = CARTESIAN_POINT('',(173.5,222.40192378864));
#2116 = CARTESIAN_POINT('',(169.,225.));
#2117 = CARTESIAN_POINT('',(173.5,227.59807621135));
#2118 = CARTESIAN_POINT('',(178.,230.1961524227));
#2119 = CARTESIAN_POINT('',(178.,225.));
#2120 = ( GEOMETRIC_REPRESENTATION_CONTEXT(2) 
PARAMETRIC_REPRESENTATION_CONTEXT() REPRESENTATION_CONTEXT('2D SPACE',''
  ) );
#2121 = PCURVE('',#2122,#2127);
#2122 = CYLINDRICAL_SURFACE('',#2123,3.);
#2123 = AXIS2_PLACEMENT_3D('',#2124,#2125,#2126);
#2124 = CARTESIAN_POINT('',(175.,225.,15.));
#2125 = DIRECTION('',(-0.,-0.,-1.));
#2126 = DIRECTION('',(1.,0.,0.));
#2127 = DEFINITIONAL_REPRESENTATION('',(#2128),#2132);
#2128 = LINE('',#2129,#2130);
#2129 = CARTESIAN_POINT('',(-6.28318530718,-11.));
#2130 = VECTOR('',#2131,1.);
#2131 = DIRECTION('',(1.,-0.));
#2132 = ( GEOMETRIC_REPRESENTATION_CONTEXT(2) 
PARAMETRIC_REPRESENTATION_CONTEXT() REPRESENTATION_CONTEXT('2D SPACE',''
  ) );
#2133 = FACE_BOUND('',#2134,.T.);
#2134 = EDGE_LOOP('',(#2135));
#2135 = ORIENTED_EDGE('',*,*,#2136,.F.);
#2136 = EDGE_CURVE('',#2137,#2137,#2139,.T.);
#2137 = VERTEX_POINT('',#2138);
#2138 = CARTESIAN_POINT('',(65.75,262.5,26.));
#2139 = SURFACE_CURVE('',#2140,(#2145,#2152),.PCURVE_S1.);
#2140 = CIRCLE('',#2141,3.25);
#2141 = AXIS2_PLACEMENT_3D('',#2142,#2143,#2144);
#2142 = CARTESIAN_POINT('',(62.5,262.5,26.));
#2143 = DIRECTION('',(0.,0.,1.));
#2144 = DIRECTION('',(1.,0.,-0.));
#2145 = PCURVE('',#144,#2146);
#2146 = DEFINITIONAL_REPRESENTATION('',(#2147),#2151);
#2147 = CIRCLE('',#2148,3.25);
#2148 = AXIS2_PLACEMENT_2D('',#2149,#2150);
#2149 = CARTESIAN_POINT('',(62.5,262.5));
#2150 = DIRECTION('',(1.,0.));
#2151 = ( GEOMETRIC_REPRESENTATION_CONTEXT(2) 
PARAMETRIC_REPRESENTATION_CONTEXT() REPRESENTATION_CONTEXT('2D SPACE',''
  ) );
#2152 = PCURVE('',#2153,#2158);
#2153 = CYLINDRICAL_SURFACE('',#2154,3.25);
#2154 = AXIS2_PLACEMENT_3D('',#2155,#2156,#2157);
#2155 = CARTESIAN_POINT('',(62.5,262.5,22.5));
#2156 = DIRECTION('',(0.,0.,1.));
#2157 = DIRECTION('',(1.,0.,-0.));
#2158 = DEFINITIONAL_REPRESENTATION('',(#2159),#2163);
#2159 = LINE('',#2160,#2161);
#2160 = CARTESIAN_POINT('',(0.,3.5));
#2161 = VECTOR('',#2162,1.);
#2162 = DIRECTION('',(1.,0.));
#2163 = ( GEOMETRIC_REPRESENTATION_CONTEXT(2) 
PARAMETRIC_REPRESENTATION_CONTEXT() REPRESENTATION_CONTEXT('2D SPACE',''
  ) );
#2164 = FACE_BOUND('',#2165,.T.);
#2165 = EDGE_LOOP('',(#2166));
#2166 = ORIENTED_EDGE('',*,*,#2167,.T.);
#2167 = EDGE_CURVE('',#2168,#2168,#2170,.T.);
#2168 = VERTEX_POINT('',#2169);
#2169 = CARTESIAN_POINT('',(28.,275.,26.));
#2170 = SURFACE_CURVE('',#2171,(#2176,#2187),.PCURVE_S1.);
#2171 = CIRCLE('',#2172,3.);
#2172 = AXIS2_PLACEMENT_3D('',#2173,#2174,#2175);
#2173 = CARTESIAN_POINT('',(25.,275.,26.));
#2174 = DIRECTION('',(0.,0.,-1.));
#2175 = DIRECTION('',(1.,0.,0.));
#2176 = PCURVE('',#144,#2177);
#2177 = DEFINITIONAL_REPRESENTATION('',(#2178),#2186);
#2178 = ( BOUNDED_CURVE() B_SPLINE_CURVE(2,(#2179,#2180,#2181,#2182,
#2183,#2184,#2185),.UNSPECIFIED.,.T.,.F.) B_SPLINE_CURVE_WITH_KNOTS((1,2
    ,2,2,2,1),(-2.094395102393,0.,2.094395102393,4.188790204786,
6.28318530718,8.377580409573),.UNSPECIFIED.) CURVE() 
GEOMETRIC_REPRESENTATION_ITEM() RATIONAL_B_SPLINE_CURVE((1.,0.5,1.,0.5,
1.,0.5,1.)) REPRESENTATION_ITEM('') );
#2179 = CARTESIAN_POINT('',(28.,275.));
#2180 = CARTESIAN_POINT('',(28.,269.80384757729));
#2181 = CARTESIAN_POINT('',(23.5,272.40192378864));
#2182 = CARTESIAN_POINT('',(19.,275.));
#2183 = CARTESIAN_POINT('',(23.5,277.59807621135));
#2184 = CARTESIAN_POINT('',(28.,280.1961524227));
#2185 = CARTESIAN_POINT('',(28.,275.));
#2186 = ( GEOMETRIC_REPRESENTATION_CONTEXT(2) 
PARAMETRIC_REPRESENTATION_CONTEXT() REPRESENTATION_CONTEXT('2D SPACE',''
  ) );
#2187 = PCURVE('',#2188,#2193);
#2188 = CYLINDRICAL_SURFACE('',#2189,3.);
#2189 = AXIS2_PLACEMENT_3D('',#2190,#2191,#2192);
#2190 = CARTESIAN_POINT('',(25.,275.,15.));
#2191 = DIRECTION('',(-0.,-0.,-1.));
#2192 = DIRECTION('',(1.,0.,0.));
#2193 = DEFINITIONAL_REPRESENTATION('',(#2194),#2198);
#2194 = LINE('',#2195,#2196);
#2195 = CARTESIAN_POINT('',(-6.28318530718,-11.));
#2196 = VECTOR('',#2197,1.);
#2197 = DIRECTION('',(1.,-0.));
#2198 = ( GEOMETRIC_REPRESENTATION_CONTEXT(2) 
PARAMETRIC_REPRESENTATION_CONTEXT() REPRESENTATION_CONTEXT('2D SPACE',''
  ) );
#2199 = FACE_BOUND('',#2200,.T.);
#2200 = EDGE_LOOP('',(#2201));
#2201 = ORIENTED_EDGE('',*,*,#2202,.F.);
#2202 = EDGE_CURVE('',#2203,#2203,#2205,.T.);
#2203 = VERTEX_POINT('',#2204);
#2204 = CARTESIAN_POINT('',(65.75,287.5,26.));
#2205 = SURFACE_CURVE('',#2206,(#2211,#2218),.PCURVE_S1.);
#2206 = CIRCLE('',#2207,3.25);
#2207 = AXIS2_PLACEMENT_3D('',#2208,#2209,#2210);
#2208 = CARTESIAN_POINT('',(62.5,287.5,26.));
#2209 = DIRECTION('',(0.,0.,1.));
#2210 = DIRECTION('',(1.,0.,-0.));
#2211 = PCURVE('',#144,#2212);
#2212 = DEFINITIONAL_REPRESENTATION('',(#2213),#2217);
#2213 = CIRCLE('',#2214,3.25);
#2214 = AXIS2_PLACEMENT_2D('',#2215,#2216);
#2215 = CARTESIAN_POINT('',(62.5,287.5));
#2216 = DIRECTION('',(1.,0.));
#2217 = ( GEOMETRIC_REPRESENTATION_CONTEXT(2) 
PARAMETRIC_REPRESENTATION_CONTEXT() REPRESENTATION_CONTEXT('2D SPACE',''
  ) );
#2218 = PCURVE('',#2219,#2224);
#2219 = CYLINDRICAL_SURFACE('',#2220,3.25);
#2220 = AXIS2_PLACEMENT_3D('',#2221,#2222,#2223);
#2221 = CARTESIAN_POINT('',(62.5,287.5,22.5));
#2222 = DIRECTION('',(0.,0.,1.));
#2223 = DIRECTION('',(1.,0.,-0.));
#2224 = DEFINITIONAL_REPRESENTATION('',(#2225),#2229);
#2225 = LINE('',#2226,#2227);
#2226 = CARTESIAN_POINT('',(0.,3.5));
#2227 = VECTOR('',#2228,1.);
#2228 = DIRECTION('',(1.,0.));
#2229 = ( GEOMETRIC_REPRESENTATION_CONTEXT(2) 
PARAMETRIC_REPRESENTATION_CONTEXT() REPRESENTATION_CONTEXT('2D SPACE',''
  ) );
#2230 = FACE_BOUND('',#2231,.T.);
#2231 = EDGE_LOOP('',(#2232));
#2232 = ORIENTED_EDGE('',*,*,#2233,.F.);
#2233 = EDGE_CURVE('',#2234,#2234,#2236,.T.);
#2234 = VERTEX_POINT('',#2235);
#2235 = CARTESIAN_POINT('',(90.75,262.5,26.));
#2236 = SURFACE_CURVE('',#2237,(#2242,#2249),.PCURVE_S1.);
#2237 = CIRCLE('',#2238,3.25);
#2238 = AXIS2_PLACEMENT_3D('',#2239,#2240,#2241);
#2239 = CARTESIAN_POINT('',(87.5,262.5,26.));
#2240 = DIRECTION('',(0.,0.,1.));
#2241 = DIRECTION('',(1.,0.,-0.));
#2242 = PCURVE('',#144,#2243);
#2243 = DEFINITIONAL_REPRESENTATION('',(#2244),#2248);
#2244 = CIRCLE('',#2245,3.25);
#2245 = AXIS2_PLACEMENT_2D('',#2246,#2247);
#2246 = CARTESIAN_POINT('',(87.5,262.5));
#2247 = DIRECTION('',(1.,0.));
#2248 = ( GEOMETRIC_REPRESENTATION_CONTEXT(2) 
PARAMETRIC_REPRESENTATION_CONTEXT() REPRESENTATION_CONTEXT('2D SPACE',''
  ) );
#2249 = PCURVE('',#2250,#2255);
#2250 = CYLINDRICAL_SURFACE('',#2251,3.25);
#2251 = AXIS2_PLACEMENT_3D('',#2252,#2253,#2254);
#2252 = CARTESIAN_POINT('',(87.5,262.5,22.5));
#2253 = DIRECTION('',(0.,0.,1.));
#2254 = DIRECTION('',(1.,0.,-0.));
#2255 = DEFINITIONAL_REPRESENTATION('',(#2256),#2260);
#2256 = LINE('',#2257,#2258);
#2257 = CARTESIAN_POINT('',(0.,3.5));
#2258 = VECTOR('',#2259,1.);
#2259 = DIRECTION('',(1.,0.));
#2260 = ( GEOMETRIC_REPRESENTATION_CONTEXT(2) 
PARAMETRIC_REPRESENTATION_CONTEXT() REPRESENTATION_CONTEXT('2D SPACE',''
  ) );
#2261 = FACE_BOUND('',#2262,.T.);
#2262 = EDGE_LOOP('',(#2263));
#2263 = ORIENTED_EDGE('',*,*,#2264,.T.);
#2264 = EDGE_CURVE('',#2265,#2265,#2267,.T.);
#2265 = VERTEX_POINT('',#2266);
#2266 = CARTESIAN_POINT('',(78.,275.,26.));
#2267 = SURFACE_CURVE('',#2268,(#2273,#2284),.PCURVE_S1.);
#2268 = CIRCLE('',#2269,3.);
#2269 = AXIS2_PLACEMENT_3D('',#2270,#2271,#2272);
#2270 = CARTESIAN_POINT('',(75.,275.,26.));
#2271 = DIRECTION('',(0.,0.,-1.));
#2272 = DIRECTION('',(1.,0.,0.));
#2273 = PCURVE('',#144,#2274);
#2274 = DEFINITIONAL_REPRESENTATION('',(#2275),#2283);
#2275 = ( BOUNDED_CURVE() B_SPLINE_CURVE(2,(#2276,#2277,#2278,#2279,
#2280,#2281,#2282),.UNSPECIFIED.,.T.,.F.) B_SPLINE_CURVE_WITH_KNOTS((1,2
    ,2,2,2,1),(-2.094395102393,0.,2.094395102393,4.188790204786,
6.28318530718,8.377580409573),.UNSPECIFIED.) CURVE() 
GEOMETRIC_REPRESENTATION_ITEM() RATIONAL_B_SPLINE_CURVE((1.,0.5,1.,0.5,
1.,0.5,1.)) REPRESENTATION_ITEM('') );
#2276 = CARTESIAN_POINT('',(78.,275.));
#2277 = CARTESIAN_POINT('',(78.,269.80384757729));
#2278 = CARTESIAN_POINT('',(73.5,272.40192378864));
#2279 = CARTESIAN_POINT('',(69.,275.));
#2280 = CARTESIAN_POINT('',(73.5,277.59807621135));
#2281 = CARTESIAN_POINT('',(78.,280.1961524227));
#2282 = CARTESIAN_POINT('',(78.,275.));
#2283 = ( GEOMETRIC_REPRESENTATION_CONTEXT(2) 
PARAMETRIC_REPRESENTATION_CONTEXT() REPRESENTATION_CONTEXT('2D SPACE',''
  ) );
#2284 = PCURVE('',#2285,#2290);
#2285 = CYLINDRICAL_SURFACE('',#2286,3.);
#2286 = AXIS2_PLACEMENT_3D('',#2287,#2288,#2289);
#2287 = CARTESIAN_POINT('',(75.,275.,15.));
#2288 = DIRECTION('',(-0.,-0.,-1.));
#2289 = DIRECTION('',(1.,0.,0.));
#2290 = DEFINITIONAL_REPRESENTATION('',(#2291),#2295);
#2291 = LINE('',#2292,#2293);
#2292 = CARTESIAN_POINT('',(-6.28318530718,-11.));
#2293 = VECTOR('',#2294,1.);
#2294 = DIRECTION('',(1.,-0.));
#2295 = ( GEOMETRIC_REPRESENTATION_CONTEXT(2) 
PARAMETRIC_REPRESENTATION_CONTEXT() REPRESENTATION_CONTEXT('2D SPACE',''
  ) );
#2296 = FACE_BOUND('',#2297,.T.);
#2297 = EDGE_LOOP('',(#2298));
#2298 = ORIENTED_EDGE('',*,*,#2299,.F.);
#2299 = EDGE_CURVE('',#2300,#2300,#2302,.T.);
#2300 = VERTEX_POINT('',#2301);
#2301 = CARTESIAN_POINT('',(90.75,287.5,26.));
#2302 = SURFACE_CURVE('',#2303,(#2308,#2315),.PCURVE_S1.);
#2303 = CIRCLE('',#2304,3.25);
#2304 = AXIS2_PLACEMENT_3D('',#2305,#2306,#2307);
#2305 = CARTESIAN_POINT('',(87.5,287.5,26.));
#2306 = DIRECTION('',(0.,0.,1.));
#2307 = DIRECTION('',(1.,0.,-0.));
#2308 = PCURVE('',#144,#2309);
#2309 = DEFINITIONAL_REPRESENTATION('',(#2310),#2314);
#2310 = CIRCLE('',#2311,3.25);
#2311 = AXIS2_PLACEMENT_2D('',#2312,#2313);
#2312 = CARTESIAN_POINT('',(87.5,287.5));
#2313 = DIRECTION('',(1.,0.));
#2314 = ( GEOMETRIC_REPRESENTATION_CONTEXT(2) 
PARAMETRIC_REPRESENTATION_CONTEXT() REPRESENTATION_CONTEXT('2D SPACE',''
  ) );
#2315 = PCURVE('',#2316,#2321);
#2316 = CYLINDRICAL_SURFACE('',#2317,3.25);
#2317 = AXIS2_PLACEMENT_3D('',#2318,#2319,#2320);
#2318 = CARTESIAN_POINT('',(87.5,287.5,22.5));
#2319 = DIRECTION('',(0.,0.,1.));
#2320 = DIRECTION('',(1.,0.,-0.));
#2321 = DEFINITIONAL_REPRESENTATION('',(#2322),#2326);
#2322 = LINE('',#2323,#2324);
#2323 = CARTESIAN_POINT('',(0.,3.5));
#2324 = VECTOR('',#2325,1.);
#2325 = DIRECTION('',(1.,0.));
#2326 = ( GEOMETRIC_REPRESENTATION_CONTEXT(2) 
PARAMETRIC_REPRESENTATION_CONTEXT() REPRESENTATION_CONTEXT('2D SPACE',''
  ) );
#2327 = FACE_BOUND('',#2328,.T.);
#2328 = EDGE_LOOP('',(#2329));
#2329 = ORIENTED_EDGE('',*,*,#2330,.T.);
#2330 = EDGE_CURVE('',#2331,#2331,#2333,.T.);
#2331 = VERTEX_POINT('',#2332);
#2332 = CARTESIAN_POINT('',(28.,325.,26.));
#2333 = SURFACE_CURVE('',#2334,(#2339,#2350),.PCURVE_S1.);
#2334 = CIRCLE('',#2335,3.);
#2335 = AXIS2_PLACEMENT_3D('',#2336,#2337,#2338);
#2336 = CARTESIAN_POINT('',(25.,325.,26.));
#2337 = DIRECTION('',(0.,0.,-1.));
#2338 = DIRECTION('',(1.,0.,0.));
#2339 = PCURVE('',#144,#2340);
#2340 = DEFINITIONAL_REPRESENTATION('',(#2341),#2349);
#2341 = ( BOUNDED_CURVE() B_SPLINE_CURVE(2,(#2342,#2343,#2344,#2345,
#2346,#2347,#2348),.UNSPECIFIED.,.T.,.F.) B_SPLINE_CURVE_WITH_KNOTS((1,2
    ,2,2,2,1),(-2.094395102393,0.,2.094395102393,4.188790204786,
6.28318530718,8.377580409573),.UNSPECIFIED.) CURVE() 
GEOMETRIC_REPRESENTATION_ITEM() RATIONAL_B_SPLINE_CURVE((1.,0.5,1.,0.5,
1.,0.5,1.)) REPRESENTATION_ITEM('') );
#2342 = CARTESIAN_POINT('',(28.,325.));
#2343 = CARTESIAN_POINT('',(28.,319.80384757729));
#2344 = CARTESIAN_POINT('',(23.5,322.40192378864));
#2345 = CARTESIAN_POINT('',(19.,325.));
#2346 = CARTESIAN_POINT('',(23.5,327.59807621135));
#2347 = CARTESIAN_POINT('',(28.,330.1961524227));
#2348 = CARTESIAN_POINT('',(28.,325.));
#2349 = ( GEOMETRIC_REPRESENTATION_CONTEXT(2) 
PARAMETRIC_REPRESENTATION_CONTEXT() REPRESENTATION_CONTEXT('2D SPACE',''
  ) );
#2350 = PCURVE('',#2351,#2356);
#2351 = CYLINDRICAL_SURFACE('',#2352,3.);
#2352 = AXIS2_PLACEMENT_3D('',#2353,#2354,#2355);
#2353 = CARTESIAN_POINT('',(25.,325.,15.));
#2354 = DIRECTION('',(-0.,-0.,-1.));
#2355 = DIRECTION('',(1.,0.,0.));
#2356 = DEFINITIONAL_REPRESENTATION('',(#2357),#2361);
#2357 = LINE('',#2358,#2359);
#2358 = CARTESIAN_POINT('',(-6.28318530718,-11.));
#2359 = VECTOR('',#2360,1.);
#2360 = DIRECTION('',(1.,-0.));
#2361 = ( GEOMETRIC_REPRESENTATION_CONTEXT(2) 
PARAMETRIC_REPRESENTATION_CONTEXT() REPRESENTATION_CONTEXT('2D SPACE',''
  ) );
#2362 = FACE_BOUND('',#2363,.T.);
#2363 = EDGE_LOOP('',(#2364));
#2364 = ORIENTED_EDGE('',*,*,#2365,.T.);
#2365 = EDGE_CURVE('',#2366,#2366,#2368,.T.);
#2366 = VERTEX_POINT('',#2367);
#2367 = CARTESIAN_POINT('',(78.,325.,26.));
#2368 = SURFACE_CURVE('',#2369,(#2374,#2385),.PCURVE_S1.);
#2369 = CIRCLE('',#2370,3.);
#2370 = AXIS2_PLACEMENT_3D('',#2371,#2372,#2373);
#2371 = CARTESIAN_POINT('',(75.,325.,26.));
#2372 = DIRECTION('',(0.,0.,-1.));
#2373 = DIRECTION('',(1.,0.,0.));
#2374 = PCURVE('',#144,#2375);
#2375 = DEFINITIONAL_REPRESENTATION('',(#2376),#2384);
#2376 = ( BOUNDED_CURVE() B_SPLINE_CURVE(2,(#2377,#2378,#2379,#2380,
#2381,#2382,#2383),.UNSPECIFIED.,.T.,.F.) B_SPLINE_CURVE_WITH_KNOTS((1,2
    ,2,2,2,1),(-2.094395102393,0.,2.094395102393,4.188790204786,
6.28318530718,8.377580409573),.UNSPECIFIED.) CURVE() 
GEOMETRIC_REPRESENTATION_ITEM() RATIONAL_B_SPLINE_CURVE((1.,0.5,1.,0.5,
1.,0.5,1.)) REPRESENTATION_ITEM('') );
#2377 = CARTESIAN_POINT('',(78.,325.));
#2378 = CARTESIAN_POINT('',(78.,319.80384757729));
#2379 = CARTESIAN_POINT('',(73.5,322.40192378864));
#2380 = CARTESIAN_POINT('',(69.,325.));
#2381 = CARTESIAN_POINT('',(73.5,327.59807621135));
#2382 = CARTESIAN_POINT('',(78.,330.1961524227));
#2383 = CARTESIAN_POINT('',(78.,325.));
#2384 = ( GEOMETRIC_REPRESENTATION_CONTEXT(2) 
PARAMETRIC_REPRESENTATION_CONTEXT() REPRESENTATION_CONTEXT('2D SPACE',''
  ) );
#2385 = PCURVE('',#2386,#2391);
#2386 = CYLINDRICAL_SURFACE('',#2387,3.);
#2387 = AXIS2_PLACEMENT_3D('',#2388,#2389,#2390);
#2388 = CARTESIAN_POINT('',(75.,325.,15.));
#2389 = DIRECTION('',(-0.,-0.,-1.));
#2390 = DIRECTION('',(1.,0.,0.));
#2391 = DEFINITIONAL_REPRESENTATION('',(#2392),#2396);
#2392 = LINE('',#2393,#2394);
#2393 = CARTESIAN_POINT('',(-6.28318530718,-11.));
#2394 = VECTOR('',#2395,1.);
#2395 = DIRECTION('',(1.,-0.));
#2396 = ( GEOMETRIC_REPRESENTATION_CONTEXT(2) 
PARAMETRIC_REPRESENTATION_CONTEXT() REPRESENTATION_CONTEXT('2D SPACE',''
  ) );
#2397 = FACE_BOUND('',#2398,.T.);
#2398 = EDGE_LOOP('',(#2399));
#2399 = ORIENTED_EDGE('',*,*,#2400,.T.);
#2400 = EDGE_CURVE('',#2401,#2401,#2403,.T.);
#2401 = VERTEX_POINT('',#2402);
#2402 = CARTESIAN_POINT('',(128.,275.,26.));
#2403 = SURFACE_CURVE('',#2404,(#2409,#2420),.PCURVE_S1.);
#2404 = CIRCLE('',#2405,3.);
#2405 = AXIS2_PLACEMENT_3D('',#2406,#2407,#2408);
#2406 = CARTESIAN_POINT('',(125.,275.,26.));
#2407 = DIRECTION('',(0.,0.,-1.));
#2408 = DIRECTION('',(1.,0.,0.));
#2409 = PCURVE('',#144,#2410);
#2410 = DEFINITIONAL_REPRESENTATION('',(#2411),#2419);
#2411 = ( BOUNDED_CURVE() B_SPLINE_CURVE(2,(#2412,#2413,#2414,#2415,
#2416,#2417,#2418),.UNSPECIFIED.,.T.,.F.) B_SPLINE_CURVE_WITH_KNOTS((1,2
    ,2,2,2,1),(-2.094395102393,0.,2.094395102393,4.188790204786,
6.28318530718,8.377580409573),.UNSPECIFIED.) CURVE() 
GEOMETRIC_REPRESENTATION_ITEM() RATIONAL_B_SPLINE_CURVE((1.,0.5,1.,0.5,
1.,0.5,1.)) REPRESENTATION_ITEM('') );
#2412 = CARTESIAN_POINT('',(128.,275.));
#2413 = CARTESIAN_POINT('',(128.,269.80384757729));
#2414 = CARTESIAN_POINT('',(123.5,272.40192378864));
#2415 = CARTESIAN_POINT('',(119.,275.));
#2416 = CARTESIAN_POINT('',(123.5,277.59807621135));
#2417 = CARTESIAN_POINT('',(128.,280.1961524227));
#2418 = CARTESIAN_POINT('',(128.,275.));
#2419 = ( GEOMETRIC_REPRESENTATION_CONTEXT(2) 
PARAMETRIC_REPRESENTATION_CONTEXT() REPRESENTATION_CONTEXT('2D SPACE',''
  ) );
#2420 = PCURVE('',#2421,#2426);
#2421 = CYLINDRICAL_SURFACE('',#2422,3.);
#2422 = AXIS2_PLACEMENT_3D('',#2423,#2424,#2425);
#2423 = CARTESIAN_POINT('',(125.,275.,15.));
#2424 = DIRECTION('',(-0.,-0.,-1.));
#2425 = DIRECTION('',(1.,0.,0.));
#2426 = DEFINITIONAL_REPRESENTATION('',(#2427),#2431);
#2427 = LINE('',#2428,#2429);
#2428 = CARTESIAN_POINT('',(-6.28318530718,-11.));
#2429 = VECTOR('',#2430,1.);
#2430 = DIRECTION('',(1.,-0.));
#2431 = ( GEOMETRIC_REPRESENTATION_CONTEXT(2) 
PARAMETRIC_REPRESENTATION_CONTEXT() REPRESENTATION_CONTEXT('2D SPACE',''
  ) );
#2432 = FACE_BOUND('',#2433,.T.);
#2433 = EDGE_LOOP('',(#2434));
#2434 = ORIENTED_EDGE('',*,*,#2435,.T.);
#2435 = EDGE_CURVE('',#2436,#2436,#2438,.T.);
#2436 = VERTEX_POINT('',#2437);
#2437 = CARTESIAN_POINT('',(178.,275.,26.));
#2438 = SURFACE_CURVE('',#2439,(#2444,#2455),.PCURVE_S1.);
#2439 = CIRCLE('',#2440,3.);
#2440 = AXIS2_PLACEMENT_3D('',#2441,#2442,#2443);
#2441 = CARTESIAN_POINT('',(175.,275.,26.));
#2442 = DIRECTION('',(0.,0.,-1.));
#2443 = DIRECTION('',(1.,0.,0.));
#2444 = PCURVE('',#144,#2445);
#2445 = DEFINITIONAL_REPRESENTATION('',(#2446),#2454);
#2446 = ( BOUNDED_CURVE() B_SPLINE_CURVE(2,(#2447,#2448,#2449,#2450,
#2451,#2452,#2453),.UNSPECIFIED.,.T.,.F.) B_SPLINE_CURVE_WITH_KNOTS((1,2
    ,2,2,2,1),(-2.094395102393,0.,2.094395102393,4.188790204786,
6.28318530718,8.377580409573),.UNSPECIFIED.) CURVE() 
GEOMETRIC_REPRESENTATION_ITEM() RATIONAL_B_SPLINE_CURVE((1.,0.5,1.,0.5,
1.,0.5,1.)) REPRESENTATION_ITEM('') );
#2447 = CARTESIAN_POINT('',(178.,275.));
#2448 = CARTESIAN_POINT('',(178.,269.80384757729));
#2449 = CARTESIAN_POINT('',(173.5,272.40192378864));
#2450 = CARTESIAN_POINT('',(169.,275.));
#2451 = CARTESIAN_POINT('',(173.5,277.59807621135));
#2452 = CARTESIAN_POINT('',(178.,280.1961524227));
#2453 = CARTESIAN_POINT('',(178.,275.));
#2454 = ( GEOMETRIC_REPRESENTATION_CONTEXT(2) 
PARAMETRIC_REPRESENTATION_CONTEXT() REPRESENTATION_CONTEXT('2D SPACE',''
  ) );
#2455 = PCURVE('',#2456,#2461);
#2456 = CYLINDRICAL_SURFACE('',#2457,3.);
#2457 = AXIS2_PLACEMENT_3D('',#2458,#2459,#2460);
#2458 = CARTESIAN_POINT('',(175.,275.,15.));
#2459 = DIRECTION('',(-0.,-0.,-1.));
#2460 = DIRECTION('',(1.,0.,0.));
#2461 = DEFINITIONAL_REPRESENTATION('',(#2462),#2466);
#2462 = LINE('',#2463,#2464);
#2463 = CARTESIAN_POINT('',(-6.28318530718,-11.));
#2464 = VECTOR('',#2465,1.);
#2465 = DIRECTION('',(1.,-0.));
#2466 = ( GEOMETRIC_REPRESENTATION_CONTEXT(2) 
PARAMETRIC_REPRESENTATION_CONTEXT() REPRESENTATION_CONTEXT('2D SPACE',''
  ) );
#2467 = FACE_BOUND('',#2468,.T.);
#2468 = EDGE_LOOP('',(#2469));
#2469 = ORIENTED_EDGE('',*,*,#2470,.T.);
#2470 = EDGE_CURVE('',#2471,#2471,#2473,.T.);
#2471 = VERTEX_POINT('',#2472);
#2472 = CARTESIAN_POINT('',(128.,325.,26.));
#2473 = SURFACE_CURVE('',#2474,(#2479,#2490),.PCURVE_S1.);
#2474 = CIRCLE('',#2475,3.);
#2475 = AXIS2_PLACEMENT_3D('',#2476,#2477,#2478);
#2476 = CARTESIAN_POINT('',(125.,325.,26.));
#2477 = DIRECTION('',(0.,0.,-1.));
#2478 = DIRECTION('',(1.,0.,0.));
#2479 = PCURVE('',#144,#2480);
#2480 = DEFINITIONAL_REPRESENTATION('',(#2481),#2489);
#2481 = ( BOUNDED_CURVE() B_SPLINE_CURVE(2,(#2482,#2483,#2484,#2485,
#2486,#2487,#2488),.UNSPECIFIED.,.T.,.F.) B_SPLINE_CURVE_WITH_KNOTS((1,2
    ,2,2,2,1),(-2.094395102393,0.,2.094395102393,4.188790204786,
6.28318530718,8.377580409573),.UNSPECIFIED.) CURVE() 
GEOMETRIC_REPRESENTATION_ITEM() RATIONAL_B_SPLINE_CURVE((1.,0.5,1.,0.5,
1.,0.5,1.)) REPRESENTATION_ITEM('') );
#2482 = CARTESIAN_POINT('',(128.,325.));
#2483 = CARTESIAN_POINT('',(128.,319.80384757729));
#2484 = CARTESIAN_POINT('',(123.5,322.40192378864));
#2485 = CARTESIAN_POINT('',(119.,325.));
#2486 = CARTESIAN_POINT('',(123.5,327.59807621135));
#2487 = CARTESIAN_POINT('',(128.,330.1961524227));
#2488 = CARTESIAN_POINT('',(128.,325.));
#2489 = ( GEOMETRIC_REPRESENTATION_CONTEXT(2) 
PARAMETRIC_REPRESENTATION_CONTEXT() REPRESENTATION_CONTEXT('2D SPACE',''
  ) );
#2490 = PCURVE('',#2491,#2496);
#2491 = CYLINDRICAL_SURFACE('',#2492,3.);
#2492 = AXIS2_PLACEMENT_3D('',#2493,#2494,#2495);
#2493 = CARTESIAN_POINT('',(125.,325.,15.));
#2494 = DIRECTION('',(-0.,-0.,-1.));
#2495 = DIRECTION('',(1.,0.,0.));
#2496 = DEFINITIONAL_REPRESENTATION('',(#2497),#2501);
#2497 = LINE('',#2498,#2499);
#2498 = CARTESIAN_POINT('',(-6.28318530718,-11.));
#2499 = VECTOR('',#2500,1.);
#2500 = DIRECTION('',(1.,-0.));
#2501 = ( GEOMETRIC_REPRESENTATION_CONTEXT(2) 
PARAMETRIC_REPRESENTATION_CONTEXT() REPRESENTATION_CONTEXT('2D SPACE',''
  ) );
#2502 = FACE_BOUND('',#2503,.T.);
#2503 = EDGE_LOOP('',(#2504));
#2504 = ORIENTED_EDGE('',*,*,#2505,.T.);
#2505 = EDGE_CURVE('',#2506,#2506,#2508,.T.);
#2506 = VERTEX_POINT('',#2507);
#2507 = CARTESIAN_POINT('',(178.,325.,26.));
#2508 = SURFACE_CURVE('',#2509,(#2514,#2525),.PCURVE_S1.);
#2509 = CIRCLE('',#2510,3.);
#2510 = AXIS2_PLACEMENT_3D('',#2511,#2512,#2513);
#2511 = CARTESIAN_POINT('',(175.,325.,26.));
#2512 = DIRECTION('',(0.,0.,-1.));
#2513 = DIRECTION('',(1.,0.,0.));
#2514 = PCURVE('',#144,#2515);
#2515 = DEFINITIONAL_REPRESENTATION('',(#2516),#2524);
#2516 = ( BOUNDED_CURVE() B_SPLINE_CURVE(2,(#2517,#2518,#2519,#2520,
#2521,#2522,#2523),.UNSPECIFIED.,.T.,.F.) B_SPLINE_CURVE_WITH_KNOTS((1,2
    ,2,2,2,1),(-2.094395102393,0.,2.094395102393,4.188790204786,
6.28318530718,8.377580409573),.UNSPECIFIED.) CURVE() 
GEOMETRIC_REPRESENTATION_ITEM() RATIONAL_B_SPLINE_CURVE((1.,0.5,1.,0.5,
1.,0.5,1.)) REPRESENTATION_ITEM('') );
#2517 = CARTESIAN_POINT('',(178.,325.));
#2518 = CARTESIAN_POINT('',(178.,319.80384757729));
#2519 = CARTESIAN_POINT('',(173.5,322.40192378864));
#2520 = CARTESIAN_POINT('',(169.,325.));
#2521 = CARTESIAN_POINT('',(173.5,327.59807621135));
#2522 = CARTESIAN_POINT('',(178.,330.1961524227));
#2523 = CARTESIAN_POINT('',(178.,325.));
#2524 = ( GEOMETRIC_REPRESENTATION_CONTEXT(2) 
PARAMETRIC_REPRESENTATION_CONTEXT() REPRESENTATION_CONTEXT('2D SPACE',''
  ) );
#2525 = PCURVE('',#2526,#2531);
#2526 = CYLINDRICAL_SURFACE('',#2527,3.);
#2527 = AXIS2_PLACEMENT_3D('',#2528,#2529,#2530);
#2528 = CARTESIAN_POINT('',(175.,325.,15.));
#2529 = DIRECTION('',(-0.,-0.,-1.));
#2530 = DIRECTION('',(1.,0.,0.));
#2531 = DEFINITIONAL_REPRESENTATION('',(#2532),#2536);
#2532 = LINE('',#2533,#2534);
#2533 = CARTESIAN_POINT('',(-6.28318530718,-11.));
#2534 = VECTOR('',#2535,1.);
#2535 = DIRECTION('',(1.,-0.));
#2536 = ( GEOMETRIC_REPRESENTATION_CONTEXT(2) 
PARAMETRIC_REPRESENTATION_CONTEXT() REPRESENTATION_CONTEXT('2D SPACE',''
  ) );
#2537 = FACE_BOUND('',#2538,.T.);
#2538 = EDGE_LOOP('',(#2539));
#2539 = ORIENTED_EDGE('',*,*,#2540,.T.);
#2540 = EDGE_CURVE('',#2541,#2541,#2543,.T.);
#2541 = VERTEX_POINT('',#2542);
#2542 = CARTESIAN_POINT('',(228.,175.,26.));
#2543 = SURFACE_CURVE('',#2544,(#2549,#2560),.PCURVE_S1.);
#2544 = CIRCLE('',#2545,3.);
#2545 = AXIS2_PLACEMENT_3D('',#2546,#2547,#2548);
#2546 = CARTESIAN_POINT('',(225.,175.,26.));
#2547 = DIRECTION('',(0.,0.,-1.));
#2548 = DIRECTION('',(1.,0.,0.));
#2549 = PCURVE('',#144,#2550);
#2550 = DEFINITIONAL_REPRESENTATION('',(#2551),#2559);
#2551 = ( BOUNDED_CURVE() B_SPLINE_CURVE(2,(#2552,#2553,#2554,#2555,
#2556,#2557,#2558),.UNSPECIFIED.,.T.,.F.) B_SPLINE_CURVE_WITH_KNOTS((1,2
    ,2,2,2,1),(-2.094395102393,0.,2.094395102393,4.188790204786,
6.28318530718,8.377580409573),.UNSPECIFIED.) CURVE() 
GEOMETRIC_REPRESENTATION_ITEM() RATIONAL_B_SPLINE_CURVE((1.,0.5,1.,0.5,
1.,0.5,1.)) REPRESENTATION_ITEM('') );
#2552 = CARTESIAN_POINT('',(228.,175.));
#2553 = CARTESIAN_POINT('',(228.,169.80384757729));
#2554 = CARTESIAN_POINT('',(223.5,172.40192378864));
#2555 = CARTESIAN_POINT('',(219.,175.));
#2556 = CARTESIAN_POINT('',(223.5,177.59807621135));
#2557 = CARTESIAN_POINT('',(228.,180.1961524227));
#2558 = CARTESIAN_POINT('',(228.,175.));
#2559 = ( GEOMETRIC_REPRESENTATION_CONTEXT(2) 
PARAMETRIC_REPRESENTATION_CONTEXT() REPRESENTATION_CONTEXT('2D SPACE',''
  ) );
#2560 = PCURVE('',#2561,#2566);
#2561 = CYLINDRICAL_SURFACE('',#2562,3.);
#2562 = AXIS2_PLACEMENT_3D('',#2563,#2564,#2565);
#2563 = CARTESIAN_POINT('',(225.,175.,15.));
#2564 = DIRECTION('',(-0.,-0.,-1.));
#2565 = DIRECTION('',(1.,0.,0.));
#2566 = DEFINITIONAL_REPRESENTATION('',(#2567),#2571);
#2567 = LINE('',#2568,#2569);
#2568 = CARTESIAN_POINT('',(-6.28318530718,-11.));
#2569 = VECTOR('',#2570,1.);
#2570 = DIRECTION('',(1.,-0.));
#2571 = ( GEOMETRIC_REPRESENTATION_CONTEXT(2) 
PARAMETRIC_REPRESENTATION_CONTEXT() REPRESENTATION_CONTEXT('2D SPACE',''
  ) );
#2572 = FACE_BOUND('',#2573,.T.);
#2573 = EDGE_LOOP('',(#2574));
#2574 = ORIENTED_EDGE('',*,*,#2575,.T.);
#2575 = EDGE_CURVE('',#2576,#2576,#2578,.T.);
#2576 = VERTEX_POINT('',#2577);
#2577 = CARTESIAN_POINT('',(278.,175.,26.));
#2578 = SURFACE_CURVE('',#2579,(#2584,#2595),.PCURVE_S1.);
#2579 = CIRCLE('',#2580,3.);
#2580 = AXIS2_PLACEMENT_3D('',#2581,#2582,#2583);
#2581 = CARTESIAN_POINT('',(275.,175.,26.));
#2582 = DIRECTION('',(0.,0.,-1.));
#2583 = DIRECTION('',(1.,0.,0.));
#2584 = PCURVE('',#144,#2585);
#2585 = DEFINITIONAL_REPRESENTATION('',(#2586),#2594);
#2586 = ( BOUNDED_CURVE() B_SPLINE_CURVE(2,(#2587,#2588,#2589,#2590,
#2591,#2592,#2593),.UNSPECIFIED.,.T.,.F.) B_SPLINE_CURVE_WITH_KNOTS((1,2
    ,2,2,2,1),(-2.094395102393,0.,2.094395102393,4.188790204786,
6.28318530718,8.377580409573),.UNSPECIFIED.) CURVE() 
GEOMETRIC_REPRESENTATION_ITEM() RATIONAL_B_SPLINE_CURVE((1.,0.5,1.,0.5,
1.,0.5,1.)) REPRESENTATION_ITEM('') );
#2587 = CARTESIAN_POINT('',(278.,175.));
#2588 = CARTESIAN_POINT('',(278.,169.80384757729));
#2589 = CARTESIAN_POINT('',(273.5,172.40192378864));
#2590 = CARTESIAN_POINT('',(269.,175.));
#2591 = CARTESIAN_POINT('',(273.5,177.59807621135));
#2592 = CARTESIAN_POINT('',(278.,180.1961524227));
#2593 = CARTESIAN_POINT('',(278.,175.));
#2594 = ( GEOMETRIC_REPRESENTATION_CONTEXT(2) 
PARAMETRIC_REPRESENTATION_CONTEXT() REPRESENTATION_CONTEXT('2D SPACE',''
  ) );
#2595 = PCURVE('',#2596,#2601);
#2596 = CYLINDRICAL_SURFACE('',#2597,3.);
#2597 = AXIS2_PLACEMENT_3D('',#2598,#2599,#2600);
#2598 = CARTESIAN_POINT('',(275.,175.,15.));
#2599 = DIRECTION('',(-0.,-0.,-1.));
#2600 = DIRECTION('',(1.,0.,0.));
#2601 = DEFINITIONAL_REPRESENTATION('',(#2602),#2606);
#2602 = LINE('',#2603,#2604);
#2603 = CARTESIAN_POINT('',(-6.28318530718,-11.));
#2604 = VECTOR('',#2605,1.);
#2605 = DIRECTION('',(1.,-0.));
#2606 = ( GEOMETRIC_REPRESENTATION_CONTEXT(2) 
PARAMETRIC_REPRESENTATION_CONTEXT() REPRESENTATION_CONTEXT('2D SPACE',''
  ) );
#2607 = FACE_BOUND('',#2608,.T.);
#2608 = EDGE_LOOP('',(#2609));
#2609 = ORIENTED_EDGE('',*,*,#2610,.F.);
#2610 = EDGE_CURVE('',#2611,#2611,#2613,.T.);
#2611 = VERTEX_POINT('',#2612);
#2612 = CARTESIAN_POINT('',(250.,201.,26.));
#2613 = SURFACE_CURVE('',#2614,(#2619,#2626),.PCURVE_S1.);
#2614 = CIRCLE('',#2615,5.);
#2615 = AXIS2_PLACEMENT_3D('',#2616,#2617,#2618);
#2616 = CARTESIAN_POINT('',(245.,201.,26.));
#2617 = DIRECTION('',(0.,0.,1.));
#2618 = DIRECTION('',(1.,0.,-0.));
#2619 = PCURVE('',#144,#2620);
#2620 = DEFINITIONAL_REPRESENTATION('',(#2621),#2625);
#2621 = CIRCLE('',#2622,5.);
#2622 = AXIS2_PLACEMENT_2D('',#2623,#2624);
#2623 = CARTESIAN_POINT('',(245.,201.));
#2624 = DIRECTION('',(1.,0.));
#2625 = ( GEOMETRIC_REPRESENTATION_CONTEXT(2) 
PARAMETRIC_REPRESENTATION_CONTEXT() REPRESENTATION_CONTEXT('2D SPACE',''
  ) );
#2626 = PCURVE('',#2627,#2632);
#2627 = CYLINDRICAL_SURFACE('',#2628,5.);
#2628 = AXIS2_PLACEMENT_3D('',#2629,#2630,#2631);
#2629 = CARTESIAN_POINT('',(245.,201.,20.5));
#2630 = DIRECTION('',(0.,0.,1.));
#2631 = DIRECTION('',(1.,0.,-0.));
#2632 = DEFINITIONAL_REPRESENTATION('',(#2633),#2637);
#2633 = LINE('',#2634,#2635);
#2634 = CARTESIAN_POINT('',(0.,5.5));
#2635 = VECTOR('',#2636,1.);
#2636 = DIRECTION('',(1.,0.));
#2637 = ( GEOMETRIC_REPRESENTATION_CONTEXT(2) 
PARAMETRIC_REPRESENTATION_CONTEXT() REPRESENTATION_CONTEXT('2D SPACE',''
  ) );
#2638 = FACE_BOUND('',#2639,.T.);
#2639 = EDGE_LOOP('',(#2640));
#2640 = ORIENTED_EDGE('',*,*,#2641,.T.);
#2641 = EDGE_CURVE('',#2642,#2642,#2644,.T.);
#2642 = VERTEX_POINT('',#2643);
#2643 = CARTESIAN_POINT('',(328.,175.,26.));
#2644 = SURFACE_CURVE('',#2645,(#2650,#2661),.PCURVE_S1.);
#2645 = CIRCLE('',#2646,3.);
#2646 = AXIS2_PLACEMENT_3D('',#2647,#2648,#2649);
#2647 = CARTESIAN_POINT('',(325.,175.,26.));
#2648 = DIRECTION('',(0.,0.,-1.));
#2649 = DIRECTION('',(1.,0.,0.));
#2650 = PCURVE('',#144,#2651);
#2651 = DEFINITIONAL_REPRESENTATION('',(#2652),#2660);
#2652 = ( BOUNDED_CURVE() B_SPLINE_CURVE(2,(#2653,#2654,#2655,#2656,
#2657,#2658,#2659),.UNSPECIFIED.,.T.,.F.) B_SPLINE_CURVE_WITH_KNOTS((1,2
    ,2,2,2,1),(-2.094395102393,0.,2.094395102393,4.188790204786,
6.28318530718,8.377580409573),.UNSPECIFIED.) CURVE() 
GEOMETRIC_REPRESENTATION_ITEM() RATIONAL_B_SPLINE_CURVE((1.,0.5,1.,0.5,
1.,0.5,1.)) REPRESENTATION_ITEM('') );
#2653 = CARTESIAN_POINT('',(328.,175.));
#2654 = CARTESIAN_POINT('',(328.,169.80384757729));
#2655 = CARTESIAN_POINT('',(323.5,172.40192378864));
#2656 = CARTESIAN_POINT('',(319.,175.));
#2657 = CARTESIAN_POINT('',(323.5,177.59807621135));
#2658 = CARTESIAN_POINT('',(328.,180.1961524227));
#2659 = CARTESIAN_POINT('',(328.,175.));
#2660 = ( GEOMETRIC_REPRESENTATION_CONTEXT(2) 
PARAMETRIC_REPRESENTATION_CONTEXT() REPRESENTATION_CONTEXT('2D SPACE',''
  ) );
#2661 = PCURVE('',#2662,#2667);
#2662 = CYLINDRICAL_SURFACE('',#2663,3.);
#2663 = AXIS2_PLACEMENT_3D('',#2664,#2665,#2666);
#2664 = CARTESIAN_POINT('',(325.,175.,15.));
#2665 = DIRECTION('',(-0.,-0.,-1.));
#2666 = DIRECTION('',(1.,0.,0.));
#2667 = DEFINITIONAL_REPRESENTATION('',(#2668),#2672);
#2668 = LINE('',#2669,#2670);
#2669 = CARTESIAN_POINT('',(-6.28318530718,-11.));
#2670 = VECTOR('',#2671,1.);
#2671 = DIRECTION('',(1.,-0.));
#2672 = ( GEOMETRIC_REPRESENTATION_CONTEXT(2) 
PARAMETRIC_REPRESENTATION_CONTEXT() REPRESENTATION_CONTEXT('2D SPACE',''
  ) );
#2673 = FACE_BOUND('',#2674,.T.);
#2674 = EDGE_LOOP('',(#2675));
#2675 = ORIENTED_EDGE('',*,*,#2676,.T.);
#2676 = EDGE_CURVE('',#2677,#2677,#2679,.T.);
#2677 = VERTEX_POINT('',#2678);
#2678 = CARTESIAN_POINT('',(228.,225.,26.));
#2679 = SURFACE_CURVE('',#2680,(#2685,#2696),.PCURVE_S1.);
#2680 = CIRCLE('',#2681,3.);
#2681 = AXIS2_PLACEMENT_3D('',#2682,#2683,#2684);
#2682 = CARTESIAN_POINT('',(225.,225.,26.));
#2683 = DIRECTION('',(0.,0.,-1.));
#2684 = DIRECTION('',(1.,0.,0.));
#2685 = PCURVE('',#144,#2686);
#2686 = DEFINITIONAL_REPRESENTATION('',(#2687),#2695);
#2687 = ( BOUNDED_CURVE() B_SPLINE_CURVE(2,(#2688,#2689,#2690,#2691,
#2692,#2693,#2694),.UNSPECIFIED.,.T.,.F.) B_SPLINE_CURVE_WITH_KNOTS((1,2
    ,2,2,2,1),(-2.094395102393,0.,2.094395102393,4.188790204786,
6.28318530718,8.377580409573),.UNSPECIFIED.) CURVE() 
GEOMETRIC_REPRESENTATION_ITEM() RATIONAL_B_SPLINE_CURVE((1.,0.5,1.,0.5,
1.,0.5,1.)) REPRESENTATION_ITEM('') );
#2688 = CARTESIAN_POINT('',(228.,225.));
#2689 = CARTESIAN_POINT('',(228.,219.80384757729));
#2690 = CARTESIAN_POINT('',(223.5,222.40192378864));
#2691 = CARTESIAN_POINT('',(219.,225.));
#2692 = CARTESIAN_POINT('',(223.5,227.59807621135));
#2693 = CARTESIAN_POINT('',(228.,230.1961524227));
#2694 = CARTESIAN_POINT('',(228.,225.));
#2695 = ( GEOMETRIC_REPRESENTATION_CONTEXT(2) 
PARAMETRIC_REPRESENTATION_CONTEXT() REPRESENTATION_CONTEXT('2D SPACE',''
  ) );
#2696 = PCURVE('',#2697,#2702);
#2697 = CYLINDRICAL_SURFACE('',#2698,3.);
#2698 = AXIS2_PLACEMENT_3D('',#2699,#2700,#2701);
#2699 = CARTESIAN_POINT('',(225.,225.,15.));
#2700 = DIRECTION('',(-0.,-0.,-1.));
#2701 = DIRECTION('',(1.,0.,0.));
#2702 = DEFINITIONAL_REPRESENTATION('',(#2703),#2707);
#2703 = LINE('',#2704,#2705);
#2704 = CARTESIAN_POINT('',(-6.28318530718,-11.));
#2705 = VECTOR('',#2706,1.);
#2706 = DIRECTION('',(1.,-0.));
#2707 = ( GEOMETRIC_REPRESENTATION_CONTEXT(2) 
PARAMETRIC_REPRESENTATION_CONTEXT() REPRESENTATION_CONTEXT('2D SPACE',''
  ) );
#2708 = FACE_BOUND('',#2709,.T.);
#2709 = EDGE_LOOP('',(#2710));
#2710 = ORIENTED_EDGE('',*,*,#2711,.T.);
#2711 = EDGE_CURVE('',#2712,#2712,#2714,.T.);
#2712 = VERTEX_POINT('',#2713);
#2713 = CARTESIAN_POINT('',(278.,225.,26.));
#2714 = SURFACE_CURVE('',#2715,(#2720,#2731),.PCURVE_S1.);
#2715 = CIRCLE('',#2716,3.);
#2716 = AXIS2_PLACEMENT_3D('',#2717,#2718,#2719);
#2717 = CARTESIAN_POINT('',(275.,225.,26.));
#2718 = DIRECTION('',(0.,0.,-1.));
#2719 = DIRECTION('',(1.,0.,0.));
#2720 = PCURVE('',#144,#2721);
#2721 = DEFINITIONAL_REPRESENTATION('',(#2722),#2730);
#2722 = ( BOUNDED_CURVE() B_SPLINE_CURVE(2,(#2723,#2724,#2725,#2726,
#2727,#2728,#2729),.UNSPECIFIED.,.T.,.F.) B_SPLINE_CURVE_WITH_KNOTS((1,2
    ,2,2,2,1),(-2.094395102393,0.,2.094395102393,4.188790204786,
6.28318530718,8.377580409573),.UNSPECIFIED.) CURVE() 
GEOMETRIC_REPRESENTATION_ITEM() RATIONAL_B_SPLINE_CURVE((1.,0.5,1.,0.5,
1.,0.5,1.)) REPRESENTATION_ITEM('') );
#2723 = CARTESIAN_POINT('',(278.,225.));
#2724 = CARTESIAN_POINT('',(278.,219.80384757729));
#2725 = CARTESIAN_POINT('',(273.5,222.40192378864));
#2726 = CARTESIAN_POINT('',(269.,225.));
#2727 = CARTESIAN_POINT('',(273.5,227.59807621135));
#2728 = CARTESIAN_POINT('',(278.,230.1961524227));
#2729 = CARTESIAN_POINT('',(278.,225.));
#2730 = ( GEOMETRIC_REPRESENTATION_CONTEXT(2) 
PARAMETRIC_REPRESENTATION_CONTEXT() REPRESENTATION_CONTEXT('2D SPACE',''
  ) );
#2731 = PCURVE('',#2732,#2737);
#2732 = CYLINDRICAL_SURFACE('',#2733,3.);
#2733 = AXIS2_PLACEMENT_3D('',#2734,#2735,#2736);
#2734 = CARTESIAN_POINT('',(275.,225.,15.));
#2735 = DIRECTION('',(-0.,-0.,-1.));
#2736 = DIRECTION('',(1.,0.,0.));
#2737 = DEFINITIONAL_REPRESENTATION('',(#2738),#2742);
#2738 = LINE('',#2739,#2740);
#2739 = CARTESIAN_POINT('',(-6.28318530718,-11.));
#2740 = VECTOR('',#2741,1.);
#2741 = DIRECTION('',(1.,-0.));
#2742 = ( GEOMETRIC_REPRESENTATION_CONTEXT(2) 
PARAMETRIC_REPRESENTATION_CONTEXT() REPRESENTATION_CONTEXT('2D SPACE',''
  ) );
#2743 = FACE_BOUND('',#2744,.T.);
#2744 = EDGE_LOOP('',(#2745));
#2745 = ORIENTED_EDGE('',*,*,#2746,.T.);
#2746 = EDGE_CURVE('',#2747,#2747,#2749,.T.);
#2747 = VERTEX_POINT('',#2748);
#2748 = CARTESIAN_POINT('',(328.,225.,26.));
#2749 = SURFACE_CURVE('',#2750,(#2755,#2766),.PCURVE_S1.);
#2750 = CIRCLE('',#2751,3.);
#2751 = AXIS2_PLACEMENT_3D('',#2752,#2753,#2754);
#2752 = CARTESIAN_POINT('',(325.,225.,26.));
#2753 = DIRECTION('',(0.,0.,-1.));
#2754 = DIRECTION('',(1.,0.,0.));
#2755 = PCURVE('',#144,#2756);
#2756 = DEFINITIONAL_REPRESENTATION('',(#2757),#2765);
#2757 = ( BOUNDED_CURVE() B_SPLINE_CURVE(2,(#2758,#2759,#2760,#2761,
#2762,#2763,#2764),.UNSPECIFIED.,.T.,.F.) B_SPLINE_CURVE_WITH_KNOTS((1,2
    ,2,2,2,1),(-2.094395102393,0.,2.094395102393,4.188790204786,
6.28318530718,8.377580409573),.UNSPECIFIED.) CURVE() 
GEOMETRIC_REPRESENTATION_ITEM() RATIONAL_B_SPLINE_CURVE((1.,0.5,1.,0.5,
1.,0.5,1.)) REPRESENTATION_ITEM('') );
#2758 = CARTESIAN_POINT('',(328.,225.));
#2759 = CARTESIAN_POINT('',(328.,219.80384757729));
#2760 = CARTESIAN_POINT('',(323.5,222.40192378864));
#2761 = CARTESIAN_POINT('',(319.,225.));
#2762 = CARTESIAN_POINT('',(323.5,227.59807621135));
#2763 = CARTESIAN_POINT('',(328.,230.1961524227));
#2764 = CARTESIAN_POINT('',(328.,225.));
#2765 = ( GEOMETRIC_REPRESENTATION_CONTEXT(2) 
PARAMETRIC_REPRESENTATION_CONTEXT() REPRESENTATION_CONTEXT('2D SPACE',''
  ) );
#2766 = PCURVE('',#2767,#2772);
#2767 = CYLINDRICAL_SURFACE('',#2768,3.);
#2768 = AXIS2_PLACEMENT_3D('',#2769,#2770,#2771);
#2769 = CARTESIAN_POINT('',(325.,225.,15.));
#2770 = DIRECTION('',(-0.,-0.,-1.));
#2771 = DIRECTION('',(1.,0.,0.));
#2772 = DEFINITIONAL_REPRESENTATION('',(#2773),#2777);
#2773 = LINE('',#2774,#2775);
#2774 = CARTESIAN_POINT('',(-6.28318530718,-11.));
#2775 = VECTOR('',#2776,1.);
#2776 = DIRECTION('',(1.,-0.));
#2777 = ( GEOMETRIC_REPRESENTATION_CONTEXT(2) 
PARAMETRIC_REPRESENTATION_CONTEXT() REPRESENTATION_CONTEXT('2D SPACE',''
  ) );
#2778 = FACE_BOUND('',#2779,.T.);
#2779 = EDGE_LOOP('',(#2780));
#2780 = ORIENTED_EDGE('',*,*,#2781,.T.);
#2781 = EDGE_CURVE('',#2782,#2782,#2784,.T.);
#2782 = VERTEX_POINT('',#2783);
#2783 = CARTESIAN_POINT('',(378.,175.,26.));
#2784 = SURFACE_CURVE('',#2785,(#2790,#2801),.PCURVE_S1.);
#2785 = CIRCLE('',#2786,3.);
#2786 = AXIS2_PLACEMENT_3D('',#2787,#2788,#2789);
#2787 = CARTESIAN_POINT('',(375.,175.,26.));
#2788 = DIRECTION('',(0.,0.,-1.));
#2789 = DIRECTION('',(1.,0.,0.));
#2790 = PCURVE('',#144,#2791);
#2791 = DEFINITIONAL_REPRESENTATION('',(#2792),#2800);
#2792 = ( BOUNDED_CURVE() B_SPLINE_CURVE(2,(#2793,#2794,#2795,#2796,
#2797,#2798,#2799),.UNSPECIFIED.,.T.,.F.) B_SPLINE_CURVE_WITH_KNOTS((1,2
    ,2,2,2,1),(-2.094395102393,0.,2.094395102393,4.188790204786,
6.28318530718,8.377580409573),.UNSPECIFIED.) CURVE() 
GEOMETRIC_REPRESENTATION_ITEM() RATIONAL_B_SPLINE_CURVE((1.,0.5,1.,0.5,
1.,0.5,1.)) REPRESENTATION_ITEM('') );
#2793 = CARTESIAN_POINT('',(378.,175.));
#2794 = CARTESIAN_POINT('',(378.,169.80384757729));
#2795 = CARTESIAN_POINT('',(373.5,172.40192378864));
#2796 = CARTESIAN_POINT('',(369.,175.));
#2797 = CARTESIAN_POINT('',(373.5,177.59807621135));
#2798 = CARTESIAN_POINT('',(378.,180.1961524227));
#2799 = CARTESIAN_POINT('',(378.,175.));
#2800 = ( GEOMETRIC_REPRESENTATION_CONTEXT(2) 
PARAMETRIC_REPRESENTATION_CONTEXT() REPRESENTATION_CONTEXT('2D SPACE',''
  ) );
#2801 = PCURVE('',#2802,#2807);
#2802 = CYLINDRICAL_SURFACE('',#2803,3.);
#2803 = AXIS2_PLACEMENT_3D('',#2804,#2805,#2806);
#2804 = CARTESIAN_POINT('',(375.,175.,15.));
#2805 = DIRECTION('',(-0.,-0.,-1.));
#2806 = DIRECTION('',(1.,0.,0.));
#2807 = DEFINITIONAL_REPRESENTATION('',(#2808),#2812);
#2808 = LINE('',#2809,#2810);
#2809 = CARTESIAN_POINT('',(-6.28318530718,-11.));
#2810 = VECTOR('',#2811,1.);
#2811 = DIRECTION('',(1.,-0.));
#2812 = ( GEOMETRIC_REPRESENTATION_CONTEXT(2) 
PARAMETRIC_REPRESENTATION_CONTEXT() REPRESENTATION_CONTEXT('2D SPACE',''
  ) );
#2813 = FACE_BOUND('',#2814,.T.);
#2814 = EDGE_LOOP('',(#2815));
#2815 = ORIENTED_EDGE('',*,*,#2816,.T.);
#2816 = EDGE_CURVE('',#2817,#2817,#2819,.T.);
#2817 = VERTEX_POINT('',#2818);
#2818 = CARTESIAN_POINT('',(428.,175.,26.));
#2819 = SURFACE_CURVE('',#2820,(#2825,#2836),.PCURVE_S1.);
#2820 = CIRCLE('',#2821,3.);
#2821 = AXIS2_PLACEMENT_3D('',#2822,#2823,#2824);
#2822 = CARTESIAN_POINT('',(425.,175.,26.));
#2823 = DIRECTION('',(0.,0.,-1.));
#2824 = DIRECTION('',(1.,0.,0.));
#2825 = PCURVE('',#144,#2826);
#2826 = DEFINITIONAL_REPRESENTATION('',(#2827),#2835);
#2827 = ( BOUNDED_CURVE() B_SPLINE_CURVE(2,(#2828,#2829,#2830,#2831,
#2832,#2833,#2834),.UNSPECIFIED.,.T.,.F.) B_SPLINE_CURVE_WITH_KNOTS((1,2
    ,2,2,2,1),(-2.094395102393,0.,2.094395102393,4.188790204786,
6.28318530718,8.377580409573),.UNSPECIFIED.) CURVE() 
GEOMETRIC_REPRESENTATION_ITEM() RATIONAL_B_SPLINE_CURVE((1.,0.5,1.,0.5,
1.,0.5,1.)) REPRESENTATION_ITEM('') );
#2828 = CARTESIAN_POINT('',(428.,175.));
#2829 = CARTESIAN_POINT('',(428.,169.80384757729));
#2830 = CARTESIAN_POINT('',(423.5,172.40192378864));
#2831 = CARTESIAN_POINT('',(419.,175.));
#2832 = CARTESIAN_POINT('',(423.5,177.59807621135));
#2833 = CARTESIAN_POINT('',(428.,180.1961524227));
#2834 = CARTESIAN_POINT('',(428.,175.));
#2835 = ( GEOMETRIC_REPRESENTATION_CONTEXT(2) 
PARAMETRIC_REPRESENTATION_CONTEXT() REPRESENTATION_CONTEXT('2D SPACE',''
  ) );
#2836 = PCURVE('',#2837,#2842);
#2837 = CYLINDRICAL_SURFACE('',#2838,3.);
#2838 = AXIS2_PLACEMENT_3D('',#2839,#2840,#2841);
#2839 = CARTESIAN_POINT('',(425.,175.,15.));
#2840 = DIRECTION('',(-0.,-0.,-1.));
#2841 = DIRECTION('',(1.,0.,0.));
#2842 = DEFINITIONAL_REPRESENTATION('',(#2843),#2847);
#2843 = LINE('',#2844,#2845);
#2844 = CARTESIAN_POINT('',(-6.28318530718,-11.));
#2845 = VECTOR('',#2846,1.);
#2846 = DIRECTION('',(1.,-0.));
#2847 = ( GEOMETRIC_REPRESENTATION_CONTEXT(2) 
PARAMETRIC_REPRESENTATION_CONTEXT() REPRESENTATION_CONTEXT('2D SPACE',''
  ) );
#2848 = FACE_BOUND('',#2849,.T.);
#2849 = EDGE_LOOP('',(#2850));
#2850 = ORIENTED_EDGE('',*,*,#2851,.T.);
#2851 = EDGE_CURVE('',#2852,#2852,#2854,.T.);
#2852 = VERTEX_POINT('',#2853);
#2853 = CARTESIAN_POINT('',(378.,225.,26.));
#2854 = SURFACE_CURVE('',#2855,(#2860,#2871),.PCURVE_S1.);
#2855 = CIRCLE('',#2856,3.);
#2856 = AXIS2_PLACEMENT_3D('',#2857,#2858,#2859);
#2857 = CARTESIAN_POINT('',(375.,225.,26.));
#2858 = DIRECTION('',(0.,0.,-1.));
#2859 = DIRECTION('',(1.,0.,0.));
#2860 = PCURVE('',#144,#2861);
#2861 = DEFINITIONAL_REPRESENTATION('',(#2862),#2870);
#2862 = ( BOUNDED_CURVE() B_SPLINE_CURVE(2,(#2863,#2864,#2865,#2866,
#2867,#2868,#2869),.UNSPECIFIED.,.T.,.F.) B_SPLINE_CURVE_WITH_KNOTS((1,2
    ,2,2,2,1),(-2.094395102393,0.,2.094395102393,4.188790204786,
6.28318530718,8.377580409573),.UNSPECIFIED.) CURVE() 
GEOMETRIC_REPRESENTATION_ITEM() RATIONAL_B_SPLINE_CURVE((1.,0.5,1.,0.5,
1.,0.5,1.)) REPRESENTATION_ITEM('') );
#2863 = CARTESIAN_POINT('',(378.,225.));
#2864 = CARTESIAN_POINT('',(378.,219.80384757729));
#2865 = CARTESIAN_POINT('',(373.5,222.40192378864));
#2866 = CARTESIAN_POINT('',(369.,225.));
#2867 = CARTESIAN_POINT('',(373.5,227.59807621135));
#2868 = CARTESIAN_POINT('',(378.,230.1961524227));
#2869 = CARTESIAN_POINT('',(378.,225.));
#2870 = ( GEOMETRIC_REPRESENTATION_CONTEXT(2) 
PARAMETRIC_REPRESENTATION_CONTEXT() REPRESENTATION_CONTEXT('2D SPACE',''
  ) );
#2871 = PCURVE('',#2872,#2877);
#2872 = CYLINDRICAL_SURFACE('',#2873,3.);
#2873 = AXIS2_PLACEMENT_3D('',#2874,#2875,#2876);
#2874 = CARTESIAN_POINT('',(375.,225.,15.));
#2875 = DIRECTION('',(-0.,-0.,-1.));
#2876 = DIRECTION('',(1.,0.,0.));
#2877 = DEFINITIONAL_REPRESENTATION('',(#2878),#2882);
#2878 = LINE('',#2879,#2880);
#2879 = CARTESIAN_POINT('',(-6.28318530718,-11.));
#2880 = VECTOR('',#2881,1.);
#2881 = DIRECTION('',(1.,-0.));
#2882 = ( GEOMETRIC_REPRESENTATION_CONTEXT(2) 
PARAMETRIC_REPRESENTATION_CONTEXT() REPRESENTATION_CONTEXT('2D SPACE',''
  ) );
#2883 = FACE_BOUND('',#2884,.T.);
#2884 = EDGE_LOOP('',(#2885));
#2885 = ORIENTED_EDGE('',*,*,#2886,.T.);
#2886 = EDGE_CURVE('',#2887,#2887,#2889,.T.);
#2887 = VERTEX_POINT('',#2888);
#2888 = CARTESIAN_POINT('',(428.,225.,26.));
#2889 = SURFACE_CURVE('',#2890,(#2895,#2906),.PCURVE_S1.);
#2890 = CIRCLE('',#2891,3.);
#2891 = AXIS2_PLACEMENT_3D('',#2892,#2893,#2894);
#2892 = CARTESIAN_POINT('',(425.,225.,26.));
#2893 = DIRECTION('',(0.,0.,-1.));
#2894 = DIRECTION('',(1.,0.,0.));
#2895 = PCURVE('',#144,#2896);
#2896 = DEFINITIONAL_REPRESENTATION('',(#2897),#2905);
#2897 = ( BOUNDED_CURVE() B_SPLINE_CURVE(2,(#2898,#2899,#2900,#2901,
#2902,#2903,#2904),.UNSPECIFIED.,.T.,.F.) B_SPLINE_CURVE_WITH_KNOTS((1,2
    ,2,2,2,1),(-2.094395102393,0.,2.094395102393,4.188790204786,
6.28318530718,8.377580409573),.UNSPECIFIED.) CURVE() 
GEOMETRIC_REPRESENTATION_ITEM() RATIONAL_B_SPLINE_CURVE((1.,0.5,1.,0.5,
1.,0.5,1.)) REPRESENTATION_ITEM('') );
#2898 = CARTESIAN_POINT('',(428.,225.));
#2899 = CARTESIAN_POINT('',(428.,219.80384757729));
#2900 = CARTESIAN_POINT('',(423.5,222.40192378864));
#2901 = CARTESIAN_POINT('',(419.,225.));
#2902 = CARTESIAN_POINT('',(423.5,227.59807621135));
#2903 = CARTESIAN_POINT('',(428.,230.1961524227));
#2904 = CARTESIAN_POINT('',(428.,225.));
#2905 = ( GEOMETRIC_REPRESENTATION_CONTEXT(2) 
PARAMETRIC_REPRESENTATION_CONTEXT() REPRESENTATION_CONTEXT('2D SPACE',''
  ) );
#2906 = PCURVE('',#2907,#2912);
#2907 = CYLINDRICAL_SURFACE('',#2908,3.);
#2908 = AXIS2_PLACEMENT_3D('',#2909,#2910,#2911);
#2909 = CARTESIAN_POINT('',(425.,225.,15.));
#2910 = DIRECTION('',(-0.,-0.,-1.));
#2911 = DIRECTION('',(1.,0.,0.));
#2912 = DEFINITIONAL_REPRESENTATION('',(#2913),#2917);
#2913 = LINE('',#2914,#2915);
#2914 = CARTESIAN_POINT('',(-6.28318530718,-11.));
#2915 = VECTOR('',#2916,1.);
#2916 = DIRECTION('',(1.,-0.));
#2917 = ( GEOMETRIC_REPRESENTATION_CONTEXT(2) 
PARAMETRIC_REPRESENTATION_CONTEXT() REPRESENTATION_CONTEXT('2D SPACE',''
  ) );
#2918 = FACE_BOUND('',#2919,.T.);
#2919 = EDGE_LOOP('',(#2920));
#2920 = ORIENTED_EDGE('',*,*,#2921,.T.);
#2921 = EDGE_CURVE('',#2922,#2922,#2924,.T.);
#2922 = VERTEX_POINT('',#2923);
#2923 = CARTESIAN_POINT('',(228.,275.,26.));
#2924 = SURFACE_CURVE('',#2925,(#2930,#2941),.PCURVE_S1.);
#2925 = CIRCLE('',#2926,3.);
#2926 = AXIS2_PLACEMENT_3D('',#2927,#2928,#2929);
#2927 = CARTESIAN_POINT('',(225.,275.,26.));
#2928 = DIRECTION('',(0.,0.,-1.));
#2929 = DIRECTION('',(1.,0.,0.));
#2930 = PCURVE('',#144,#2931);
#2931 = DEFINITIONAL_REPRESENTATION('',(#2932),#2940);
#2932 = ( BOUNDED_CURVE() B_SPLINE_CURVE(2,(#2933,#2934,#2935,#2936,
#2937,#2938,#2939),.UNSPECIFIED.,.T.,.F.) B_SPLINE_CURVE_WITH_KNOTS((1,2
    ,2,2,2,1),(-2.094395102393,0.,2.094395102393,4.188790204786,
6.28318530718,8.377580409573),.UNSPECIFIED.) CURVE() 
GEOMETRIC_REPRESENTATION_ITEM() RATIONAL_B_SPLINE_CURVE((1.,0.5,1.,0.5,
1.,0.5,1.)) REPRESENTATION_ITEM('') );
#2933 = CARTESIAN_POINT('',(228.,275.));
#2934 = CARTESIAN_POINT('',(228.,269.80384757729));
#2935 = CARTESIAN_POINT('',(223.5,272.40192378864));
#2936 = CARTESIAN_POINT('',(219.,275.));
#2937 = CARTESIAN_POINT('',(223.5,277.59807621135));
#2938 = CARTESIAN_POINT('',(228.,280.1961524227));
#2939 = CARTESIAN_POINT('',(228.,275.));
#2940 = ( GEOMETRIC_REPRESENTATION_CONTEXT(2) 
PARAMETRIC_REPRESENTATION_CONTEXT() REPRESENTATION_CONTEXT('2D SPACE',''
  ) );
#2941 = PCURVE('',#2942,#2947);
#2942 = CYLINDRICAL_SURFACE('',#2943,3.);
#2943 = AXIS2_PLACEMENT_3D('',#2944,#2945,#2946);
#2944 = CARTESIAN_POINT('',(225.,275.,15.));
#2945 = DIRECTION('',(-0.,-0.,-1.));
#2946 = DIRECTION('',(1.,0.,0.));
#2947 = DEFINITIONAL_REPRESENTATION('',(#2948),#2952);
#2948 = LINE('',#2949,#2950);
#2949 = CARTESIAN_POINT('',(-6.28318530718,-11.));
#2950 = VECTOR('',#2951,1.);
#2951 = DIRECTION('',(1.,-0.));
#2952 = ( GEOMETRIC_REPRESENTATION_CONTEXT(2) 
PARAMETRIC_REPRESENTATION_CONTEXT() REPRESENTATION_CONTEXT('2D SPACE',''
  ) );
#2953 = FACE_BOUND('',#2954,.T.);
#2954 = EDGE_LOOP('',(#2955));
#2955 = ORIENTED_EDGE('',*,*,#2956,.T.);
#2956 = EDGE_CURVE('',#2957,#2957,#2959,.T.);
#2957 = VERTEX_POINT('',#2958);
#2958 = CARTESIAN_POINT('',(278.,275.,26.));
#2959 = SURFACE_CURVE('',#2960,(#2965,#2976),.PCURVE_S1.);
#2960 = CIRCLE('',#2961,3.);
#2961 = AXIS2_PLACEMENT_3D('',#2962,#2963,#2964);
#2962 = CARTESIAN_POINT('',(275.,275.,26.));
#2963 = DIRECTION('',(0.,0.,-1.));
#2964 = DIRECTION('',(1.,0.,0.));
#2965 = PCURVE('',#144,#2966);
#2966 = DEFINITIONAL_REPRESENTATION('',(#2967),#2975);
#2967 = ( BOUNDED_CURVE() B_SPLINE_CURVE(2,(#2968,#2969,#2970,#2971,
#2972,#2973,#2974),.UNSPECIFIED.,.T.,.F.) B_SPLINE_CURVE_WITH_KNOTS((1,2
    ,2,2,2,1),(-2.094395102393,0.,2.094395102393,4.188790204786,
6.28318530718,8.377580409573),.UNSPECIFIED.) CURVE() 
GEOMETRIC_REPRESENTATION_ITEM() RATIONAL_B_SPLINE_CURVE((1.,0.5,1.,0.5,
1.,0.5,1.)) REPRESENTATION_ITEM('') );
#2968 = CARTESIAN_POINT('',(278.,275.));
#2969 = CARTESIAN_POINT('',(278.,269.80384757729));
#2970 = CARTESIAN_POINT('',(273.5,272.40192378864));
#2971 = CARTESIAN_POINT('',(269.,275.));
#2972 = CARTESIAN_POINT('',(273.5,277.59807621135));
#2973 = CARTESIAN_POINT('',(278.,280.1961524227));
#2974 = CARTESIAN_POINT('',(278.,275.));
#2975 = ( GEOMETRIC_REPRESENTATION_CONTEXT(2) 
PARAMETRIC_REPRESENTATION_CONTEXT() REPRESENTATION_CONTEXT('2D SPACE',''
  ) );
#2976 = PCURVE('',#2977,#2982);
#2977 = CYLINDRICAL_SURFACE('',#2978,3.);
#2978 = AXIS2_PLACEMENT_3D('',#2979,#2980,#2981);
#2979 = CARTESIAN_POINT('',(275.,275.,15.));
#2980 = DIRECTION('',(-0.,-0.,-1.));
#2981 = DIRECTION('',(1.,0.,0.));
#2982 = DEFINITIONAL_REPRESENTATION('',(#2983),#2987);
#2983 = LINE('',#2984,#2985);
#2984 = CARTESIAN_POINT('',(-6.28318530718,-11.));
#2985 = VECTOR('',#2986,1.);
#2986 = DIRECTION('',(1.,-0.));
#2987 = ( GEOMETRIC_REPRESENTATION_CONTEXT(2) 
PARAMETRIC_REPRESENTATION_CONTEXT() REPRESENTATION_CONTEXT('2D SPACE',''
  ) );
#2988 = FACE_BOUND('',#2989,.T.);
#2989 = EDGE_LOOP('',(#2990));
#2990 = ORIENTED_EDGE('',*,*,#2991,.T.);
#2991 = EDGE_CURVE('',#2992,#2992,#2994,.T.);
#2992 = VERTEX_POINT('',#2993);
#2993 = CARTESIAN_POINT('',(328.,275.,26.));
#2994 = SURFACE_CURVE('',#2995,(#3000,#3011),.PCURVE_S1.);
#2995 = CIRCLE('',#2996,3.);
#2996 = AXIS2_PLACEMENT_3D('',#2997,#2998,#2999);
#2997 = CARTESIAN_POINT('',(325.,275.,26.));
#2998 = DIRECTION('',(0.,0.,-1.));
#2999 = DIRECTION('',(1.,0.,0.));
#3000 = PCURVE('',#144,#3001);
#3001 = DEFINITIONAL_REPRESENTATION('',(#3002),#3010);
#3002 = ( BOUNDED_CURVE() B_SPLINE_CURVE(2,(#3003,#3004,#3005,#3006,
#3007,#3008,#3009),.UNSPECIFIED.,.T.,.F.) B_SPLINE_CURVE_WITH_KNOTS((1,2
    ,2,2,2,1),(-2.094395102393,0.,2.094395102393,4.188790204786,
6.28318530718,8.377580409573),.UNSPECIFIED.) CURVE() 
GEOMETRIC_REPRESENTATION_ITEM() RATIONAL_B_SPLINE_CURVE((1.,0.5,1.,0.5,
1.,0.5,1.)) REPRESENTATION_ITEM('') );
#3003 = CARTESIAN_POINT('',(328.,275.));
#3004 = CARTESIAN_POINT('',(328.,269.80384757729));
#3005 = CARTESIAN_POINT('',(323.5,272.40192378864));
#3006 = CARTESIAN_POINT('',(319.,275.));
#3007 = CARTESIAN_POINT('',(323.5,277.59807621135));
#3008 = CARTESIAN_POINT('',(328.,280.1961524227));
#3009 = CARTESIAN_POINT('',(328.,275.));
#3010 = ( GEOMETRIC_REPRESENTATION_CONTEXT(2) 
PARAMETRIC_REPRESENTATION_CONTEXT() REPRESENTATION_CONTEXT('2D SPACE',''
  ) );
#3011 = PCURVE('',#3012,#3017);
#3012 = CYLINDRICAL_SURFACE('',#3013,3.);
#3013 = AXIS2_PLACEMENT_3D('',#3014,#3015,#3016);
#3014 = CARTESIAN_POINT('',(325.,275.,15.));
#3015 = DIRECTION('',(-0.,-0.,-1.));
#3016 = DIRECTION('',(1.,0.,0.));
#3017 = DEFINITIONAL_REPRESENTATION('',(#3018),#3022);
#3018 = LINE('',#3019,#3020);
#3019 = CARTESIAN_POINT('',(-6.28318530718,-11.));
#3020 = VECTOR('',#3021,1.);
#3021 = DIRECTION('',(1.,-0.));
#3022 = ( GEOMETRIC_REPRESENTATION_CONTEXT(2) 
PARAMETRIC_REPRESENTATION_CONTEXT() REPRESENTATION_CONTEXT('2D SPACE',''
  ) );
#3023 = FACE_BOUND('',#3024,.T.);
#3024 = EDGE_LOOP('',(#3025));
#3025 = ORIENTED_EDGE('',*,*,#3026,.T.);
#3026 = EDGE_CURVE('',#3027,#3027,#3029,.T.);
#3027 = VERTEX_POINT('',#3028);
#3028 = CARTESIAN_POINT('',(228.,325.,26.));
#3029 = SURFACE_CURVE('',#3030,(#3035,#3046),.PCURVE_S1.);
#3030 = CIRCLE('',#3031,3.);
#3031 = AXIS2_PLACEMENT_3D('',#3032,#3033,#3034);
#3032 = CARTESIAN_POINT('',(225.,325.,26.));
#3033 = DIRECTION('',(0.,0.,-1.));
#3034 = DIRECTION('',(1.,0.,0.));
#3035 = PCURVE('',#144,#3036);
#3036 = DEFINITIONAL_REPRESENTATION('',(#3037),#3045);
#3037 = ( BOUNDED_CURVE() B_SPLINE_CURVE(2,(#3038,#3039,#3040,#3041,
#3042,#3043,#3044),.UNSPECIFIED.,.T.,.F.) B_SPLINE_CURVE_WITH_KNOTS((1,2
    ,2,2,2,1),(-2.094395102393,0.,2.094395102393,4.188790204786,
6.28318530718,8.377580409573),.UNSPECIFIED.) CURVE() 
GEOMETRIC_REPRESENTATION_ITEM() RATIONAL_B_SPLINE_CURVE((1.,0.5,1.,0.5,
1.,0.5,1.)) REPRESENTATION_ITEM('') );
#3038 = CARTESIAN_POINT('',(228.,325.));
#3039 = CARTESIAN_POINT('',(228.,319.80384757729));
#3040 = CARTESIAN_POINT('',(223.5,322.40192378864));
#3041 = CARTESIAN_POINT('',(219.,325.));
#3042 = CARTESIAN_POINT('',(223.5,327.59807621135));
#3043 = CARTESIAN_POINT('',(228.,330.1961524227));
#3044 = CARTESIAN_POINT('',(228.,325.));
#3045 = ( GEOMETRIC_REPRESENTATION_CONTEXT(2) 
PARAMETRIC_REPRESENTATION_CONTEXT() REPRESENTATION_CONTEXT('2D SPACE',''
  ) );
#3046 = PCURVE('',#3047,#3052);
#3047 = CYLINDRICAL_SURFACE('',#3048,3.);
#3048 = AXIS2_PLACEMENT_3D('',#3049,#3050,#3051);
#3049 = CARTESIAN_POINT('',(225.,325.,15.));
#3050 = DIRECTION('',(-0.,-0.,-1.));
#3051 = DIRECTION('',(1.,0.,0.));
#3052 = DEFINITIONAL_REPRESENTATION('',(#3053),#3057);
#3053 = LINE('',#3054,#3055);
#3054 = CARTESIAN_POINT('',(-6.28318530718,-11.));
#3055 = VECTOR('',#3056,1.);
#3056 = DIRECTION('',(1.,-0.));
#3057 = ( GEOMETRIC_REPRESENTATION_CONTEXT(2) 
PARAMETRIC_REPRESENTATION_CONTEXT() REPRESENTATION_CONTEXT('2D SPACE',''
  ) );
#3058 = FACE_BOUND('',#3059,.T.);
#3059 = EDGE_LOOP('',(#3060));
#3060 = ORIENTED_EDGE('',*,*,#3061,.T.);
#3061 = EDGE_CURVE('',#3062,#3062,#3064,.T.);
#3062 = VERTEX_POINT('',#3063);
#3063 = CARTESIAN_POINT('',(278.,325.,26.));
#3064 = SURFACE_CURVE('',#3065,(#3070,#3081),.PCURVE_S1.);
#3065 = CIRCLE('',#3066,3.);
#3066 = AXIS2_PLACEMENT_3D('',#3067,#3068,#3069);
#3067 = CARTESIAN_POINT('',(275.,325.,26.));
#3068 = DIRECTION('',(0.,0.,-1.));
#3069 = DIRECTION('',(1.,0.,0.));
#3070 = PCURVE('',#144,#3071);
#3071 = DEFINITIONAL_REPRESENTATION('',(#3072),#3080);
#3072 = ( BOUNDED_CURVE() B_SPLINE_CURVE(2,(#3073,#3074,#3075,#3076,
#3077,#3078,#3079),.UNSPECIFIED.,.T.,.F.) B_SPLINE_CURVE_WITH_KNOTS((1,2
    ,2,2,2,1),(-2.094395102393,0.,2.094395102393,4.188790204786,
6.28318530718,8.377580409573),.UNSPECIFIED.) CURVE() 
GEOMETRIC_REPRESENTATION_ITEM() RATIONAL_B_SPLINE_CURVE((1.,0.5,1.,0.5,
1.,0.5,1.)) REPRESENTATION_ITEM('') );
#3073 = CARTESIAN_POINT('',(278.,325.));
#3074 = CARTESIAN_POINT('',(278.,319.80384757729));
#3075 = CARTESIAN_POINT('',(273.5,322.40192378864));
#3076 = CARTESIAN_POINT('',(269.,325.));
#3077 = CARTESIAN_POINT('',(273.5,327.59807621135));
#3078 = CARTESIAN_POINT('',(278.,330.1961524227));
#3079 = CARTESIAN_POINT('',(278.,325.));
#3080 = ( GEOMETRIC_REPRESENTATION_CONTEXT(2) 
PARAMETRIC_REPRESENTATION_CONTEXT() REPRESENTATION_CONTEXT('2D SPACE',''
  ) );
#3081 = PCURVE('',#3082,#3087);
#3082 = CYLINDRICAL_SURFACE('',#3083,3.);
#3083 = AXIS2_PLACEMENT_3D('',#3084,#3085,#3086);
#3084 = CARTESIAN_POINT('',(275.,325.,15.));
#3085 = DIRECTION('',(-0.,-0.,-1.));
#3086 = DIRECTION('',(1.,0.,0.));
#3087 = DEFINITIONAL_REPRESENTATION('',(#3088),#3092);
#3088 = LINE('',#3089,#3090);
#3089 = CARTESIAN_POINT('',(-6.28318530718,-11.));
#3090 = VECTOR('',#3091,1.);
#3091 = DIRECTION('',(1.,-0.));
#3092 = ( GEOMETRIC_REPRESENTATION_CONTEXT(2) 
PARAMETRIC_REPRESENTATION_CONTEXT() REPRESENTATION_CONTEXT('2D SPACE',''
  ) );
#3093 = FACE_BOUND('',#3094,.T.);
#3094 = EDGE_LOOP('',(#3095));
#3095 = ORIENTED_EDGE('',*,*,#3096,.T.);
#3096 = EDGE_CURVE('',#3097,#3097,#3099,.T.);
#3097 = VERTEX_POINT('',#3098);
#3098 = CARTESIAN_POINT('',(328.,325.,26.));
#3099 = SURFACE_CURVE('',#3100,(#3105,#3116),.PCURVE_S1.);
#3100 = CIRCLE('',#3101,3.);
#3101 = AXIS2_PLACEMENT_3D('',#3102,#3103,#3104);
#3102 = CARTESIAN_POINT('',(325.,325.,26.));
#3103 = DIRECTION('',(0.,0.,-1.));
#3104 = DIRECTION('',(1.,0.,0.));
#3105 = PCURVE('',#144,#3106);
#3106 = DEFINITIONAL_REPRESENTATION('',(#3107),#3115);
#3107 = ( BOUNDED_CURVE() B_SPLINE_CURVE(2,(#3108,#3109,#3110,#3111,
#3112,#3113,#3114),.UNSPECIFIED.,.T.,.F.) B_SPLINE_CURVE_WITH_KNOTS((1,2
    ,2,2,2,1),(-2.094395102393,0.,2.094395102393,4.188790204786,
6.28318530718,8.377580409573),.UNSPECIFIED.) CURVE() 
GEOMETRIC_REPRESENTATION_ITEM() RATIONAL_B_SPLINE_CURVE((1.,0.5,1.,0.5,
1.,0.5,1.)) REPRESENTATION_ITEM('') );
#3108 = CARTESIAN_POINT('',(328.,325.));
#3109 = CARTESIAN_POINT('',(328.,319.80384757729));
#3110 = CARTESIAN_POINT('',(323.5,322.40192378864));
#3111 = CARTESIAN_POINT('',(319.,325.));
#3112 = CARTESIAN_POINT('',(323.5,327.59807621135));
#3113 = CARTESIAN_POINT('',(328.,330.1961524227));
#3114 = CARTESIAN_POINT('',(328.,325.));
#3115 = ( GEOMETRIC_REPRESENTATION_CONTEXT(2) 
PARAMETRIC_REPRESENTATION_CONTEXT() REPRESENTATION_CONTEXT('2D SPACE',''
  ) );
#3116 = PCURVE('',#3117,#3122);
#3117 = CYLINDRICAL_SURFACE('',#3118,3.);
#3118 = AXIS2_PLACEMENT_3D('',#3119,#3120,#3121);
#3119 = CARTESIAN_POINT('',(325.,325.,15.));
#3120 = DIRECTION('',(-0.,-0.,-1.));
#3121 = DIRECTION('',(1.,0.,0.));
#3122 = DEFINITIONAL_REPRESENTATION('',(#3123),#3127);
#3123 = LINE('',#3124,#3125);
#3124 = CARTESIAN_POINT('',(-6.28318530718,-11.));
#3125 = VECTOR('',#3126,1.);
#3126 = DIRECTION('',(1.,-0.));
#3127 = ( GEOMETRIC_REPRESENTATION_CONTEXT(2) 
PARAMETRIC_REPRESENTATION_CONTEXT() REPRESENTATION_CONTEXT('2D SPACE',''
  ) );
#3128 = FACE_BOUND('',#3129,.T.);
#3129 = EDGE_LOOP('',(#3130));
#3130 = ORIENTED_EDGE('',*,*,#3131,.F.);
#3131 = EDGE_CURVE('',#3132,#3132,#3134,.T.);
#3132 = VERTEX_POINT('',#3133);
#3133 = CARTESIAN_POINT('',(365.75,262.5,26.));
#3134 = SURFACE_CURVE('',#3135,(#3140,#3147),.PCURVE_S1.);
#3135 = CIRCLE('',#3136,3.25);
#3136 = AXIS2_PLACEMENT_3D('',#3137,#3138,#3139);
#3137 = CARTESIAN_POINT('',(362.5,262.5,26.));
#3138 = DIRECTION('',(0.,0.,1.));
#3139 = DIRECTION('',(1.,0.,-0.));
#3140 = PCURVE('',#144,#3141);
#3141 = DEFINITIONAL_REPRESENTATION('',(#3142),#3146);
#3142 = CIRCLE('',#3143,3.25);
#3143 = AXIS2_PLACEMENT_2D('',#3144,#3145);
#3144 = CARTESIAN_POINT('',(362.5,262.5));
#3145 = DIRECTION('',(1.,0.));
#3146 = ( GEOMETRIC_REPRESENTATION_CONTEXT(2) 
PARAMETRIC_REPRESENTATION_CONTEXT() REPRESENTATION_CONTEXT('2D SPACE',''
  ) );
#3147 = PCURVE('',#3148,#3153);
#3148 = CYLINDRICAL_SURFACE('',#3149,3.25);
#3149 = AXIS2_PLACEMENT_3D('',#3150,#3151,#3152);
#3150 = CARTESIAN_POINT('',(362.5,262.5,22.5));
#3151 = DIRECTION('',(0.,0.,1.));
#3152 = DIRECTION('',(1.,0.,-0.));
#3153 = DEFINITIONAL_REPRESENTATION('',(#3154),#3158);
#3154 = LINE('',#3155,#3156);
#3155 = CARTESIAN_POINT('',(0.,3.5));
#3156 = VECTOR('',#3157,1.);
#3157 = DIRECTION('',(1.,0.));
#3158 = ( GEOMETRIC_REPRESENTATION_CONTEXT(2) 
PARAMETRIC_REPRESENTATION_CONTEXT() REPRESENTATION_CONTEXT('2D SPACE',''
  ) );
#3159 = FACE_BOUND('',#3160,.T.);
#3160 = EDGE_LOOP('',(#3161));
#3161 = ORIENTED_EDGE('',*,*,#3162,.T.);
#3162 = EDGE_CURVE('',#3163,#3163,#3165,.T.);
#3163 = VERTEX_POINT('',#3164);
#3164 = CARTESIAN_POINT('',(378.,275.,26.));
#3165 = SURFACE_CURVE('',#3166,(#3171,#3182),.PCURVE_S1.);
#3166 = CIRCLE('',#3167,3.);
#3167 = AXIS2_PLACEMENT_3D('',#3168,#3169,#3170);
#3168 = CARTESIAN_POINT('',(375.,275.,26.));
#3169 = DIRECTION('',(0.,0.,-1.));
#3170 = DIRECTION('',(1.,0.,0.));
#3171 = PCURVE('',#144,#3172);
#3172 = DEFINITIONAL_REPRESENTATION('',(#3173),#3181);
#3173 = ( BOUNDED_CURVE() B_SPLINE_CURVE(2,(#3174,#3175,#3176,#3177,
#3178,#3179,#3180),.UNSPECIFIED.,.T.,.F.) B_SPLINE_CURVE_WITH_KNOTS((1,2
    ,2,2,2,1),(-2.094395102393,0.,2.094395102393,4.188790204786,
6.28318530718,8.377580409573),.UNSPECIFIED.) CURVE() 
GEOMETRIC_REPRESENTATION_ITEM() RATIONAL_B_SPLINE_CURVE((1.,0.5,1.,0.5,
1.,0.5,1.)) REPRESENTATION_ITEM('') );
#3174 = CARTESIAN_POINT('',(378.,275.));
#3175 = CARTESIAN_POINT('',(378.,269.80384757729));
#3176 = CARTESIAN_POINT('',(373.5,272.40192378864));
#3177 = CARTESIAN_POINT('',(369.,275.));
#3178 = CARTESIAN_POINT('',(373.5,277.59807621135));
#3179 = CARTESIAN_POINT('',(378.,280.1961524227));
#3180 = CARTESIAN_POINT('',(378.,275.));
#3181 = ( GEOMETRIC_REPRESENTATION_CONTEXT(2) 
PARAMETRIC_REPRESENTATION_CONTEXT() REPRESENTATION_CONTEXT('2D SPACE',''
  ) );
#3182 = PCURVE('',#3183,#3188);
#3183 = CYLINDRICAL_SURFACE('',#3184,3.);
#3184 = AXIS2_PLACEMENT_3D('',#3185,#3186,#3187);
#3185 = CARTESIAN_POINT('',(375.,275.,15.));
#3186 = DIRECTION('',(-0.,-0.,-1.));
#3187 = DIRECTION('',(1.,0.,0.));
#3188 = DEFINITIONAL_REPRESENTATION('',(#3189),#3193);
#3189 = LINE('',#3190,#3191);
#3190 = CARTESIAN_POINT('',(-6.28318530718,-11.));
#3191 = VECTOR('',#3192,1.);
#3192 = DIRECTION('',(1.,-0.));
#3193 = ( GEOMETRIC_REPRESENTATION_CONTEXT(2) 
PARAMETRIC_REPRESENTATION_CONTEXT() REPRESENTATION_CONTEXT('2D SPACE',''
  ) );
#3194 = FACE_BOUND('',#3195,.T.);
#3195 = EDGE_LOOP('',(#3196));
#3196 = ORIENTED_EDGE('',*,*,#3197,.F.);
#3197 = EDGE_CURVE('',#3198,#3198,#3200,.T.);
#3198 = VERTEX_POINT('',#3199);
#3199 = CARTESIAN_POINT('',(365.75,287.5,26.));
#3200 = SURFACE_CURVE('',#3201,(#3206,#3213),.PCURVE_S1.);
#3201 = CIRCLE('',#3202,3.25);
#3202 = AXIS2_PLACEMENT_3D('',#3203,#3204,#3205);
#3203 = CARTESIAN_POINT('',(362.5,287.5,26.));
#3204 = DIRECTION('',(0.,0.,1.));
#3205 = DIRECTION('',(1.,0.,-0.));
#3206 = PCURVE('',#144,#3207);
#3207 = DEFINITIONAL_REPRESENTATION('',(#3208),#3212);
#3208 = CIRCLE('',#3209,3.25);
#3209 = AXIS2_PLACEMENT_2D('',#3210,#3211);
#3210 = CARTESIAN_POINT('',(362.5,287.5));
#3211 = DIRECTION('',(1.,0.));
#3212 = ( GEOMETRIC_REPRESENTATION_CONTEXT(2) 
PARAMETRIC_REPRESENTATION_CONTEXT() REPRESENTATION_CONTEXT('2D SPACE',''
  ) );
#3213 = PCURVE('',#3214,#3219);
#3214 = CYLINDRICAL_SURFACE('',#3215,3.25);
#3215 = AXIS2_PLACEMENT_3D('',#3216,#3217,#3218);
#3216 = CARTESIAN_POINT('',(362.5,287.5,22.5));
#3217 = DIRECTION('',(0.,0.,1.));
#3218 = DIRECTION('',(1.,0.,-0.));
#3219 = DEFINITIONAL_REPRESENTATION('',(#3220),#3224);
#3220 = LINE('',#3221,#3222);
#3221 = CARTESIAN_POINT('',(0.,3.5));
#3222 = VECTOR('',#3223,1.);
#3223 = DIRECTION('',(1.,0.));
#3224 = ( GEOMETRIC_REPRESENTATION_CONTEXT(2) 
PARAMETRIC_REPRESENTATION_CONTEXT() REPRESENTATION_CONTEXT('2D SPACE',''
  ) );
#3225 = FACE_BOUND('',#3226,.T.);
#3226 = EDGE_LOOP('',(#3227));
#3227 = ORIENTED_EDGE('',*,*,#3228,.F.);
#3228 = EDGE_CURVE('',#3229,#3229,#3231,.T.);
#3229 = VERTEX_POINT('',#3230);
#3230 = CARTESIAN_POINT('',(390.75,262.5,26.));
#3231 = SURFACE_CURVE('',#3232,(#3237,#3244),.PCURVE_S1.);
#3232 = CIRCLE('',#3233,3.25);
#3233 = AXIS2_PLACEMENT_3D('',#3234,#3235,#3236);
#3234 = CARTESIAN_POINT('',(387.5,262.5,26.));
#3235 = DIRECTION('',(0.,0.,1.));
#3236 = DIRECTION('',(1.,0.,-0.));
#3237 = PCURVE('',#144,#3238);
#3238 = DEFINITIONAL_REPRESENTATION('',(#3239),#3243);
#3239 = CIRCLE('',#3240,3.25);
#3240 = AXIS2_PLACEMENT_2D('',#3241,#3242);
#3241 = CARTESIAN_POINT('',(387.5,262.5));
#3242 = DIRECTION('',(1.,0.));
#3243 = ( GEOMETRIC_REPRESENTATION_CONTEXT(2) 
PARAMETRIC_REPRESENTATION_CONTEXT() REPRESENTATION_CONTEXT('2D SPACE',''
  ) );
#3244 = PCURVE('',#3245,#3250);
#3245 = CYLINDRICAL_SURFACE('',#3246,3.25);
#3246 = AXIS2_PLACEMENT_3D('',#3247,#3248,#3249);
#3247 = CARTESIAN_POINT('',(387.5,262.5,22.5));
#3248 = DIRECTION('',(0.,0.,1.));
#3249 = DIRECTION('',(1.,0.,-0.));
#3250 = DEFINITIONAL_REPRESENTATION('',(#3251),#3255);
#3251 = LINE('',#3252,#3253);
#3252 = CARTESIAN_POINT('',(0.,3.5));
#3253 = VECTOR('',#3254,1.);
#3254 = DIRECTION('',(1.,0.));
#3255 = ( GEOMETRIC_REPRESENTATION_CONTEXT(2) 
PARAMETRIC_REPRESENTATION_CONTEXT() REPRESENTATION_CONTEXT('2D SPACE',''
  ) );
#3256 = FACE_BOUND('',#3257,.T.);
#3257 = EDGE_LOOP('',(#3258));
#3258 = ORIENTED_EDGE('',*,*,#3259,.F.);
#3259 = EDGE_CURVE('',#3260,#3260,#3262,.T.);
#3260 = VERTEX_POINT('',#3261);
#3261 = CARTESIAN_POINT('',(390.75,287.5,26.));
#3262 = SURFACE_CURVE('',#3263,(#3268,#3275),.PCURVE_S1.);
#3263 = CIRCLE('',#3264,3.25);
#3264 = AXIS2_PLACEMENT_3D('',#3265,#3266,#3267);
#3265 = CARTESIAN_POINT('',(387.5,287.5,26.));
#3266 = DIRECTION('',(0.,0.,1.));
#3267 = DIRECTION('',(1.,0.,-0.));
#3268 = PCURVE('',#144,#3269);
#3269 = DEFINITIONAL_REPRESENTATION('',(#3270),#3274);
#3270 = CIRCLE('',#3271,3.25);
#3271 = AXIS2_PLACEMENT_2D('',#3272,#3273);
#3272 = CARTESIAN_POINT('',(387.5,287.5));
#3273 = DIRECTION('',(1.,0.));
#3274 = ( GEOMETRIC_REPRESENTATION_CONTEXT(2) 
PARAMETRIC_REPRESENTATION_CONTEXT() REPRESENTATION_CONTEXT('2D SPACE',''
  ) );
#3275 = PCURVE('',#3276,#3281);
#3276 = CYLINDRICAL_SURFACE('',#3277,3.25);
#3277 = AXIS2_PLACEMENT_3D('',#3278,#3279,#3280);
#3278 = CARTESIAN_POINT('',(387.5,287.5,22.5));
#3279 = DIRECTION('',(0.,0.,1.));
#3280 = DIRECTION('',(1.,0.,-0.));
#3281 = DEFINITIONAL_REPRESENTATION('',(#3282),#3286);
#3282 = LINE('',#3283,#3284);
#3283 = CARTESIAN_POINT('',(0.,3.5));
#3284 = VECTOR('',#3285,1.);
#3285 = DIRECTION('',(1.,0.));
#3286 = ( GEOMETRIC_REPRESENTATION_CONTEXT(2) 
PARAMETRIC_REPRESENTATION_CONTEXT() REPRESENTATION_CONTEXT('2D SPACE',''
  ) );
#3287 = FACE_BOUND('',#3288,.T.);
#3288 = EDGE_LOOP('',(#3289));
#3289 = ORIENTED_EDGE('',*,*,#3290,.T.);
#3290 = EDGE_CURVE('',#3291,#3291,#3293,.T.);
#3291 = VERTEX_POINT('',#3292);
#3292 = CARTESIAN_POINT('',(428.,275.,26.));
#3293 = SURFACE_CURVE('',#3294,(#3299,#3310),.PCURVE_S1.);
#3294 = CIRCLE('',#3295,3.);
#3295 = AXIS2_PLACEMENT_3D('',#3296,#3297,#3298);
#3296 = CARTESIAN_POINT('',(425.,275.,26.));
#3297 = DIRECTION('',(0.,0.,-1.));
#3298 = DIRECTION('',(1.,0.,0.));
#3299 = PCURVE('',#144,#3300);
#3300 = DEFINITIONAL_REPRESENTATION('',(#3301),#3309);
#3301 = ( BOUNDED_CURVE() B_SPLINE_CURVE(2,(#3302,#3303,#3304,#3305,
#3306,#3307,#3308),.UNSPECIFIED.,.T.,.F.) B_SPLINE_CURVE_WITH_KNOTS((1,2
    ,2,2,2,1),(-2.094395102393,0.,2.094395102393,4.188790204786,
6.28318530718,8.377580409573),.UNSPECIFIED.) CURVE() 
GEOMETRIC_REPRESENTATION_ITEM() RATIONAL_B_SPLINE_CURVE((1.,0.5,1.,0.5,
1.,0.5,1.)) REPRESENTATION_ITEM('') );
#3302 = CARTESIAN_POINT('',(428.,275.));
#3303 = CARTESIAN_POINT('',(428.,269.80384757729));
#3304 = CARTESIAN_POINT('',(423.5,272.40192378864));
#3305 = CARTESIAN_POINT('',(419.,275.));
#3306 = CARTESIAN_POINT('',(423.5,277.59807621135));
#3307 = CARTESIAN_POINT('',(428.,280.1961524227));
#3308 = CARTESIAN_POINT('',(428.,275.));
#3309 = ( GEOMETRIC_REPRESENTATION_CONTEXT(2) 
PARAMETRIC_REPRESENTATION_CONTEXT() REPRESENTATION_CONTEXT('2D SPACE',''
  ) );
#3310 = PCURVE('',#3311,#3316);
#3311 = CYLINDRICAL_SURFACE('',#3312,3.);
#3312 = AXIS2_PLACEMENT_3D('',#3313,#3314,#3315);
#3313 = CARTESIAN_POINT('',(425.,275.,15.));
#3314 = DIRECTION('',(-0.,-0.,-1.));
#3315 = DIRECTION('',(1.,0.,0.));
#3316 = DEFINITIONAL_REPRESENTATION('',(#3317),#3321);
#3317 = LINE('',#3318,#3319);
#3318 = CARTESIAN_POINT('',(-6.28318530718,-11.));
#3319 = VECTOR('',#3320,1.);
#3320 = DIRECTION('',(1.,-0.));
#3321 = ( GEOMETRIC_REPRESENTATION_CONTEXT(2) 
PARAMETRIC_REPRESENTATION_CONTEXT() REPRESENTATION_CONTEXT('2D SPACE',''
  ) );
#3322 = FACE_BOUND('',#3323,.T.);
#3323 = EDGE_LOOP('',(#3324));
#3324 = ORIENTED_EDGE('',*,*,#3325,.T.);
#3325 = EDGE_CURVE('',#3326,#3326,#3328,.T.);
#3326 = VERTEX_POINT('',#3327);
#3327 = CARTESIAN_POINT('',(378.,325.,26.));
#3328 = SURFACE_CURVE('',#3329,(#3334,#3345),.PCURVE_S1.);
#3329 = CIRCLE('',#3330,3.);
#3330 = AXIS2_PLACEMENT_3D('',#3331,#3332,#3333);
#3331 = CARTESIAN_POINT('',(375.,325.,26.));
#3332 = DIRECTION('',(0.,0.,-1.));
#3333 = DIRECTION('',(1.,0.,0.));
#3334 = PCURVE('',#144,#3335);
#3335 = DEFINITIONAL_REPRESENTATION('',(#3336),#3344);
#3336 = ( BOUNDED_CURVE() B_SPLINE_CURVE(2,(#3337,#3338,#3339,#3340,
#3341,#3342,#3343),.UNSPECIFIED.,.T.,.F.) B_SPLINE_CURVE_WITH_KNOTS((1,2
    ,2,2,2,1),(-2.094395102393,0.,2.094395102393,4.188790204786,
6.28318530718,8.377580409573),.UNSPECIFIED.) CURVE() 
GEOMETRIC_REPRESENTATION_ITEM() RATIONAL_B_SPLINE_CURVE((1.,0.5,1.,0.5,
1.,0.5,1.)) REPRESENTATION_ITEM('') );
#3337 = CARTESIAN_POINT('',(378.,325.));
#3338 = CARTESIAN_POINT('',(378.,319.80384757729));
#3339 = CARTESIAN_POINT('',(373.5,322.40192378864));
#3340 = CARTESIAN_POINT('',(369.,325.));
#3341 = CARTESIAN_POINT('',(373.5,327.59807621135));
#3342 = CARTESIAN_POINT('',(378.,330.1961524227));
#3343 = CARTESIAN_POINT('',(378.,325.));
#3344 = ( GEOMETRIC_REPRESENTATION_CONTEXT(2) 
PARAMETRIC_REPRESENTATION_CONTEXT() REPRESENTATION_CONTEXT('2D SPACE',''
  ) );
#3345 = PCURVE('',#3346,#3351);
#3346 = CYLINDRICAL_SURFACE('',#3347,3.);
#3347 = AXIS2_PLACEMENT_3D('',#3348,#3349,#3350);
#3348 = CARTESIAN_POINT('',(375.,325.,15.));
#3349 = DIRECTION('',(-0.,-0.,-1.));
#3350 = DIRECTION('',(1.,0.,0.));
#3351 = DEFINITIONAL_REPRESENTATION('',(#3352),#3356);
#3352 = LINE('',#3353,#3354);
#3353 = CARTESIAN_POINT('',(-6.28318530718,-11.));
#3354 = VECTOR('',#3355,1.);
#3355 = DIRECTION('',(1.,-0.));
#3356 = ( GEOMETRIC_REPRESENTATION_CONTEXT(2) 
PARAMETRIC_REPRESENTATION_CONTEXT() REPRESENTATION_CONTEXT('2D SPACE',''
  ) );
#3357 = FACE_BOUND('',#3358,.T.);
#3358 = EDGE_LOOP('',(#3359));
#3359 = ORIENTED_EDGE('',*,*,#3360,.T.);
#3360 = EDGE_CURVE('',#3361,#3361,#3363,.T.);
#3361 = VERTEX_POINT('',#3362);
#3362 = CARTESIAN_POINT('',(428.,325.,26.));
#3363 = SURFACE_CURVE('',#3364,(#3369,#3380),.PCURVE_S1.);
#3364 = CIRCLE('',#3365,3.);
#3365 = AXIS2_PLACEMENT_3D('',#3366,#3367,#3368);
#3366 = CARTESIAN_POINT('',(425.,325.,26.));
#3367 = DIRECTION('',(0.,0.,-1.));
#3368 = DIRECTION('',(1.,0.,0.));
#3369 = PCURVE('',#144,#3370);
#3370 = DEFINITIONAL_REPRESENTATION('',(#3371),#3379);
#3371 = ( BOUNDED_CURVE() B_SPLINE_CURVE(2,(#3372,#3373,#3374,#3375,
#3376,#3377,#3378),.UNSPECIFIED.,.T.,.F.) B_SPLINE_CURVE_WITH_KNOTS((1,2
    ,2,2,2,1),(-2.094395102393,0.,2.094395102393,4.188790204786,
6.28318530718,8.377580409573),.UNSPECIFIED.) CURVE() 
GEOMETRIC_REPRESENTATION_ITEM() RATIONAL_B_SPLINE_CURVE((1.,0.5,1.,0.5,
1.,0.5,1.)) REPRESENTATION_ITEM('') );
#3372 = CARTESIAN_POINT('',(428.,325.));
#3373 = CARTESIAN_POINT('',(428.,319.80384757729));
#3374 = CARTESIAN_POINT('',(423.5,322.40192378864));
#3375 = CARTESIAN_POINT('',(419.,325.));
#3376 = CARTESIAN_POINT('',(423.5,327.59807621135));
#3377 = CARTESIAN_POINT('',(428.,330.1961524227));
#3378 = CARTESIAN_POINT('',(428.,325.));
#3379 = ( GEOMETRIC_REPRESENTATION_CONTEXT(2) 
PARAMETRIC_REPRESENTATION_CONTEXT() REPRESENTATION_CONTEXT('2D SPACE',''
  ) );
#3380 = PCURVE('',#3381,#3386);
#3381 = CYLINDRICAL_SURFACE('',#3382,3.);
#3382 = AXIS2_PLACEMENT_3D('',#3383,#3384,#3385);
#3383 = CARTESIAN_POINT('',(425.,325.,15.));
#3384 = DIRECTION('',(-0.,-0.,-1.));
#3385 = DIRECTION('',(1.,0.,0.));
#3386 = DEFINITIONAL_REPRESENTATION('',(#3387),#3391);
#3387 = LINE('',#3388,#3389);
#3388 = CARTESIAN_POINT('',(-6.28318530718,-11.));
#3389 = VECTOR('',#3390,1.);
#3390 = DIRECTION('',(1.,-0.));
#3391 = ( GEOMETRIC_REPRESENTATION_CONTEXT(2) 
PARAMETRIC_REPRESENTATION_CONTEXT() REPRESENTATION_CONTEXT('2D SPACE',''
  ) );
#3392 = ADVANCED_FACE('',(#3393),#198,.T.);
#3393 = FACE_BOUND('',#3394,.T.);
#3394 = EDGE_LOOP('',(#3395,#3396,#3397,#3398));
#3395 = ORIENTED_EDGE('',*,*,#182,.F.);
#3396 = ORIENTED_EDGE('',*,*,#237,.F.);
#3397 = ORIENTED_EDGE('',*,*,#422,.T.);
#3398 = ORIENTED_EDGE('',*,*,#449,.F.);
#3399 = ADVANCED_FACE('',(#3400),#301,.F.);
#3400 = FACE_BOUND('',#3401,.F.);
#3401 = EDGE_LOOP('',(#3402,#3425,#3426,#3449));
#3402 = ORIENTED_EDGE('',*,*,#3403,.T.);
#3403 = EDGE_CURVE('',#3404,#286,#3406,.T.);
#3404 = VERTEX_POINT('',#3405);
#3405 = CARTESIAN_POINT('',(438.,338.,20.));
#3406 = SURFACE_CURVE('',#3407,(#3411,#3418),.PCURVE_S1.);
#3407 = LINE('',#3408,#3409);
#3408 = CARTESIAN_POINT('',(438.,338.,16.));
#3409 = VECTOR('',#3410,1.);
#3410 = DIRECTION('',(0.,0.,-1.));
#3411 = PCURVE('',#301,#3412);
#3412 = DEFINITIONAL_REPRESENTATION('',(#3413),#3417);
#3413 = LINE('',#3414,#3415);
#3414 = CARTESIAN_POINT('',(0.,438.));
#3415 = VECTOR('',#3416,1.);
#3416 = DIRECTION('',(-1.,0.));
#3417 = ( GEOMETRIC_REPRESENTATION_CONTEXT(2) 
PARAMETRIC_REPRESENTATION_CONTEXT() REPRESENTATION_CONTEXT('2D SPACE',''
  ) );
#3418 = PCURVE('',#329,#3419);
#3419 = DEFINITIONAL_REPRESENTATION('',(#3420),#3424);
#3420 = LINE('',#3421,#3422);
#3421 = CARTESIAN_POINT('',(0.,-338.));
#3422 = VECTOR('',#3423,1.);
#3423 = DIRECTION('',(-1.,0.));
#3424 = ( GEOMETRIC_REPRESENTATION_CONTEXT(2) 
PARAMETRIC_REPRESENTATION_CONTEXT() REPRESENTATION_CONTEXT('2D SPACE',''
  ) );
#3425 = ORIENTED_EDGE('',*,*,#283,.F.);
#3426 = ORIENTED_EDGE('',*,*,#3427,.F.);
#3427 = EDGE_CURVE('',#3428,#284,#3430,.T.);
#3428 = VERTEX_POINT('',#3429);
#3429 = CARTESIAN_POINT('',(12.,338.,20.));
#3430 = SURFACE_CURVE('',#3431,(#3435,#3442),.PCURVE_S1.);
#3431 = LINE('',#3432,#3433);
#3432 = CARTESIAN_POINT('',(12.,338.,16.));
#3433 = VECTOR('',#3434,1.);
#3434 = DIRECTION('',(0.,0.,-1.));
#3435 = PCURVE('',#301,#3436);
#3436 = DEFINITIONAL_REPRESENTATION('',(#3437),#3441);
#3437 = LINE('',#3438,#3439);
#3438 = CARTESIAN_POINT('',(0.,12.));
#3439 = VECTOR('',#3440,1.);
#3440 = DIRECTION('',(-1.,0.));
#3441 = ( GEOMETRIC_REPRESENTATION_CONTEXT(2) 
PARAMETRIC_REPRESENTATION_CONTEXT() REPRESENTATION_CONTEXT('2D SPACE',''
  ) );
#3442 = PCURVE('',#383,#3443);
#3443 = DEFINITIONAL_REPRESENTATION('',(#3444),#3448);
#3444 = LINE('',#3445,#3446);
#3445 = CARTESIAN_POINT('',(0.,-338.));
#3446 = VECTOR('',#3447,1.);
#3447 = DIRECTION('',(-1.,0.));
#3448 = ( GEOMETRIC_REPRESENTATION_CONTEXT(2) 
PARAMETRIC_REPRESENTATION_CONTEXT() REPRESENTATION_CONTEXT('2D SPACE',''
  ) );
#3449 = ORIENTED_EDGE('',*,*,#3450,.F.);
#3450 = EDGE_CURVE('',#3404,#3428,#3451,.T.);
#3451 = SURFACE_CURVE('',#3452,(#3456,#3463),.PCURVE_S1.);
#3452 = LINE('',#3453,#3454);
#3453 = CARTESIAN_POINT('',(0.,338.,20.));
#3454 = VECTOR('',#3455,1.);
#3455 = DIRECTION('',(-1.,0.,0.));
#3456 = PCURVE('',#301,#3457);
#3457 = DEFINITIONAL_REPRESENTATION('',(#3458),#3462);
#3458 = LINE('',#3459,#3460);
#3459 = CARTESIAN_POINT('',(4.,0.));
#3460 = VECTOR('',#3461,1.);
#3461 = DIRECTION('',(0.,-1.));
#3462 = ( GEOMETRIC_REPRESENTATION_CONTEXT(2) 
PARAMETRIC_REPRESENTATION_CONTEXT() REPRESENTATION_CONTEXT('2D SPACE',''
  ) );
#3463 = PCURVE('',#3464,#3469);
#3464 = PLANE('',#3465);
#3465 = AXIS2_PLACEMENT_3D('',#3466,#3467,#3468);
#3466 = CARTESIAN_POINT('',(0.,0.,20.));
#3467 = DIRECTION('',(0.,0.,1.));
#3468 = DIRECTION('',(1.,0.,0.));
#3469 = DEFINITIONAL_REPRESENTATION('',(#3470),#3474);
#3470 = LINE('',#3471,#3472);
#3471 = CARTESIAN_POINT('',(0.,338.));
#3472 = VECTOR('',#3473,1.);
#3473 = DIRECTION('',(-1.,0.));
#3474 = ( GEOMETRIC_REPRESENTATION_CONTEXT(2) 
PARAMETRIC_REPRESENTATION_CONTEXT() REPRESENTATION_CONTEXT('2D SPACE',''
  ) );
#3475 = ADVANCED_FACE('',(#3476),#329,.F.);
#3476 = FACE_BOUND('',#3477,.F.);
#3477 = EDGE_LOOP('',(#3478,#3501,#3502,#3503));
#3478 = ORIENTED_EDGE('',*,*,#3479,.T.);
#3479 = EDGE_CURVE('',#3480,#314,#3482,.T.);
#3480 = VERTEX_POINT('',#3481);
#3481 = CARTESIAN_POINT('',(438.,12.,20.));
#3482 = SURFACE_CURVE('',#3483,(#3487,#3494),.PCURVE_S1.);
#3483 = LINE('',#3484,#3485);
#3484 = CARTESIAN_POINT('',(438.,12.,16.));
#3485 = VECTOR('',#3486,1.);
#3486 = DIRECTION('',(0.,0.,-1.));
#3487 = PCURVE('',#329,#3488);
#3488 = DEFINITIONAL_REPRESENTATION('',(#3489),#3493);
#3489 = LINE('',#3490,#3491);
#3490 = CARTESIAN_POINT('',(0.,-12.));
#3491 = VECTOR('',#3492,1.);
#3492 = DIRECTION('',(-1.,0.));
#3493 = ( GEOMETRIC_REPRESENTATION_CONTEXT(2) 
PARAMETRIC_REPRESENTATION_CONTEXT() REPRESENTATION_CONTEXT('2D SPACE',''
  ) );
#3494 = PCURVE('',#357,#3495);
#3495 = DEFINITIONAL_REPRESENTATION('',(#3496),#3500);
#3496 = LINE('',#3497,#3498);
#3497 = CARTESIAN_POINT('',(0.,438.));
#3498 = VECTOR('',#3499,1.);
#3499 = DIRECTION('',(-1.,0.));
#3500 = ( GEOMETRIC_REPRESENTATION_CONTEXT(2) 
PARAMETRIC_REPRESENTATION_CONTEXT() REPRESENTATION_CONTEXT('2D SPACE',''
  ) );
#3501 = ORIENTED_EDGE('',*,*,#313,.T.);
#3502 = ORIENTED_EDGE('',*,*,#3403,.F.);
#3503 = ORIENTED_EDGE('',*,*,#3504,.F.);
#3504 = EDGE_CURVE('',#3480,#3404,#3505,.T.);
#3505 = SURFACE_CURVE('',#3506,(#3510,#3517),.PCURVE_S1.);
#3506 = LINE('',#3507,#3508);
#3507 = CARTESIAN_POINT('',(438.,0.,20.));
#3508 = VECTOR('',#3509,1.);
#3509 = DIRECTION('',(0.,1.,0.));
#3510 = PCURVE('',#329,#3511);
#3511 = DEFINITIONAL_REPRESENTATION('',(#3512),#3516);
#3512 = LINE('',#3513,#3514);
#3513 = CARTESIAN_POINT('',(4.,0.));
#3514 = VECTOR('',#3515,1.);
#3515 = DIRECTION('',(0.,-1.));
#3516 = ( GEOMETRIC_REPRESENTATION_CONTEXT(2) 
PARAMETRIC_REPRESENTATION_CONTEXT() REPRESENTATION_CONTEXT('2D SPACE',''
  ) );
#3517 = PCURVE('',#3464,#3518);
#3518 = DEFINITIONAL_REPRESENTATION('',(#3519),#3523);
#3519 = LINE('',#3520,#3521);
#3520 = CARTESIAN_POINT('',(438.,0.));
#3521 = VECTOR('',#3522,1.);
#3522 = DIRECTION('',(0.,1.));
#3523 = ( GEOMETRIC_REPRESENTATION_CONTEXT(2) 
PARAMETRIC_REPRESENTATION_CONTEXT() REPRESENTATION_CONTEXT('2D SPACE',''
  ) );
#3524 = ADVANCED_FACE('',(#3525),#357,.T.);
#3525 = FACE_BOUND('',#3526,.T.);
#3526 = EDGE_LOOP('',(#3527,#3528,#3529,#3552));
#3527 = ORIENTED_EDGE('',*,*,#3479,.T.);
#3528 = ORIENTED_EDGE('',*,*,#341,.F.);
#3529 = ORIENTED_EDGE('',*,*,#3530,.F.);
#3530 = EDGE_CURVE('',#3531,#342,#3533,.T.);
#3531 = VERTEX_POINT('',#3532);
#3532 = CARTESIAN_POINT('',(12.,12.,20.));
#3533 = SURFACE_CURVE('',#3534,(#3538,#3545),.PCURVE_S1.);
#3534 = LINE('',#3535,#3536);
#3535 = CARTESIAN_POINT('',(12.,12.,16.));
#3536 = VECTOR('',#3537,1.);
#3537 = DIRECTION('',(0.,0.,-1.));
#3538 = PCURVE('',#357,#3539);
#3539 = DEFINITIONAL_REPRESENTATION('',(#3540),#3544);
#3540 = LINE('',#3541,#3542);
#3541 = CARTESIAN_POINT('',(0.,12.));
#3542 = VECTOR('',#3543,1.);
#3543 = DIRECTION('',(-1.,0.));
#3544 = ( GEOMETRIC_REPRESENTATION_CONTEXT(2) 
PARAMETRIC_REPRESENTATION_CONTEXT() REPRESENTATION_CONTEXT('2D SPACE',''
  ) );
#3545 = PCURVE('',#383,#3546);
#3546 = DEFINITIONAL_REPRESENTATION('',(#3547),#3551);
#3547 = LINE('',#3548,#3549);
#3548 = CARTESIAN_POINT('',(0.,-12.));
#3549 = VECTOR('',#3550,1.);
#3550 = DIRECTION('',(-1.,0.));
#3551 = ( GEOMETRIC_REPRESENTATION_CONTEXT(2) 
PARAMETRIC_REPRESENTATION_CONTEXT() REPRESENTATION_CONTEXT('2D SPACE',''
  ) );
#3552 = ORIENTED_EDGE('',*,*,#3553,.F.);
#3553 = EDGE_CURVE('',#3480,#3531,#3554,.T.);
#3554 = SURFACE_CURVE('',#3555,(#3559,#3566),.PCURVE_S1.);
#3555 = LINE('',#3556,#3557);
#3556 = CARTESIAN_POINT('',(0.,12.,20.));
#3557 = VECTOR('',#3558,1.);
#3558 = DIRECTION('',(-1.,0.,0.));
#3559 = PCURVE('',#357,#3560);
#3560 = DEFINITIONAL_REPRESENTATION('',(#3561),#3565);
#3561 = LINE('',#3562,#3563);
#3562 = CARTESIAN_POINT('',(4.,0.));
#3563 = VECTOR('',#3564,1.);
#3564 = DIRECTION('',(0.,-1.));
#3565 = ( GEOMETRIC_REPRESENTATION_CONTEXT(2) 
PARAMETRIC_REPRESENTATION_CONTEXT() REPRESENTATION_CONTEXT('2D SPACE',''
  ) );
#3566 = PCURVE('',#3464,#3567);
#3567 = DEFINITIONAL_REPRESENTATION('',(#3568),#3572);
#3568 = LINE('',#3569,#3570);
#3569 = CARTESIAN_POINT('',(0.,12.));
#3570 = VECTOR('',#3571,1.);
#3571 = DIRECTION('',(-1.,0.));
#3572 = ( GEOMETRIC_REPRESENTATION_CONTEXT(2) 
PARAMETRIC_REPRESENTATION_CONTEXT() REPRESENTATION_CONTEXT('2D SPACE',''
  ) );
#3573 = ADVANCED_FACE('',(#3574),#383,.T.);
#3574 = FACE_BOUND('',#3575,.T.);
#3575 = EDGE_LOOP('',(#3576,#3577,#3578,#3579));
#3576 = ORIENTED_EDGE('',*,*,#3530,.T.);
#3577 = ORIENTED_EDGE('',*,*,#369,.T.);
#3578 = ORIENTED_EDGE('',*,*,#3427,.F.);
#3579 = ORIENTED_EDGE('',*,*,#3580,.F.);
#3580 = EDGE_CURVE('',#3531,#3428,#3581,.T.);
#3581 = SURFACE_CURVE('',#3582,(#3586,#3593),.PCURVE_S1.);
#3582 = LINE('',#3583,#3584);
#3583 = CARTESIAN_POINT('',(12.,0.,20.));
#3584 = VECTOR('',#3585,1.);
#3585 = DIRECTION('',(0.,1.,0.));
#3586 = PCURVE('',#383,#3587);
#3587 = DEFINITIONAL_REPRESENTATION('',(#3588),#3592);
#3588 = LINE('',#3589,#3590);
#3589 = CARTESIAN_POINT('',(4.,0.));
#3590 = VECTOR('',#3591,1.);
#3591 = DIRECTION('',(0.,-1.));
#3592 = ( GEOMETRIC_REPRESENTATION_CONTEXT(2) 
PARAMETRIC_REPRESENTATION_CONTEXT() REPRESENTATION_CONTEXT('2D SPACE',''
  ) );
#3593 = PCURVE('',#3464,#3594);
#3594 = DEFINITIONAL_REPRESENTATION('',(#3595),#3599);
#3595 = LINE('',#3596,#3597);
#3596 = CARTESIAN_POINT('',(12.,0.));
#3597 = VECTOR('',#3598,1.);
#3598 = DIRECTION('',(0.,1.));
#3599 = ( GEOMETRIC_REPRESENTATION_CONTEXT(2) 
PARAMETRIC_REPRESENTATION_CONTEXT() REPRESENTATION_CONTEXT('2D SPACE',''
  ) );
#3600 = ADVANCED_FACE('',(#3601),#494,.F.);
#3601 = FACE_BOUND('',#3602,.T.);
#3602 = EDGE_LOOP('',(#3603,#3636,#3657,#3658));
#3603 = ORIENTED_EDGE('',*,*,#3604,.T.);
#3604 = EDGE_CURVE('',#3605,#3605,#3607,.T.);
#3605 = VERTEX_POINT('',#3606);
#3606 = CARTESIAN_POINT('',(28.,25.,16.));
#3607 = SURFACE_CURVE('',#3608,(#3613,#3620),.PCURVE_S1.);
#3608 = CIRCLE('',#3609,3.);
#3609 = AXIS2_PLACEMENT_3D('',#3610,#3611,#3612);
#3610 = CARTESIAN_POINT('',(25.,25.,16.));
#3611 = DIRECTION('',(0.,0.,-1.));
#3612 = DIRECTION('',(1.,0.,0.));
#3613 = PCURVE('',#494,#3614);
#3614 = DEFINITIONAL_REPRESENTATION('',(#3615),#3619);
#3615 = LINE('',#3616,#3617);
#3616 = CARTESIAN_POINT('',(-6.28318530718,-1.));
#3617 = VECTOR('',#3618,1.);
#3618 = DIRECTION('',(1.,-0.));
#3619 = ( GEOMETRIC_REPRESENTATION_CONTEXT(2) 
PARAMETRIC_REPRESENTATION_CONTEXT() REPRESENTATION_CONTEXT('2D SPACE',''
  ) );
#3620 = PCURVE('',#3621,#3626);
#3621 = PLANE('',#3622);
#3622 = AXIS2_PLACEMENT_3D('',#3623,#3624,#3625);
#3623 = CARTESIAN_POINT('',(25.,25.,16.));
#3624 = DIRECTION('',(0.,0.,1.));
#3625 = DIRECTION('',(1.,0.,-0.));
#3626 = DEFINITIONAL_REPRESENTATION('',(#3627),#3635);
#3627 = ( BOUNDED_CURVE() B_SPLINE_CURVE(2,(#3628,#3629,#3630,#3631,
#3632,#3633,#3634),.UNSPECIFIED.,.T.,.F.) B_SPLINE_CURVE_WITH_KNOTS((1,2
    ,2,2,2,1),(-2.094395102393,0.,2.094395102393,4.188790204786,
6.28318530718,8.377580409573),.UNSPECIFIED.) CURVE() 
GEOMETRIC_REPRESENTATION_ITEM() RATIONAL_B_SPLINE_CURVE((1.,0.5,1.,0.5,
1.,0.5,1.)) REPRESENTATION_ITEM('') );
#3628 = CARTESIAN_POINT('',(3.,0.));
#3629 = CARTESIAN_POINT('',(3.,-5.196152422707));
#3630 = CARTESIAN_POINT('',(-1.5,-2.598076211353));
#3631 = CARTESIAN_POINT('',(-6.,-7.347880794884E-16));
#3632 = CARTESIAN_POINT('',(-1.5,2.598076211353));
#3633 = CARTESIAN_POINT('',(3.,5.196152422707));
#3634 = CARTESIAN_POINT('',(3.,0.));
#3635 = ( GEOMETRIC_REPRESENTATION_CONTEXT(2) 
PARAMETRIC_REPRESENTATION_CONTEXT() REPRESENTATION_CONTEXT('2D SPACE',''
  ) );
#3636 = ORIENTED_EDGE('',*,*,#3637,.T.);
#3637 = EDGE_CURVE('',#3605,#474,#3638,.T.);
#3638 = SEAM_CURVE('',#3639,(#3643,#3650),.PCURVE_S1.);
#3639 = LINE('',#3640,#3641);
#3640 = CARTESIAN_POINT('',(28.,25.,15.));
#3641 = VECTOR('',#3642,1.);
#3642 = DIRECTION('',(0.,0.,1.));
#3643 = PCURVE('',#494,#3644);
#3644 = DEFINITIONAL_REPRESENTATION('',(#3645),#3649);
#3645 = LINE('',#3646,#3647);
#3646 = CARTESIAN_POINT('',(-6.28318530718,0.));
#3647 = VECTOR('',#3648,1.);
#3648 = DIRECTION('',(-0.,-1.));
#3649 = ( GEOMETRIC_REPRESENTATION_CONTEXT(2) 
PARAMETRIC_REPRESENTATION_CONTEXT() REPRESENTATION_CONTEXT('2D SPACE',''
  ) );
#3650 = PCURVE('',#494,#3651);
#3651 = DEFINITIONAL_REPRESENTATION('',(#3652),#3656);
#3652 = LINE('',#3653,#3654);
#3653 = CARTESIAN_POINT('',(-0.,0.));
#3654 = VECTOR('',#3655,1.);
#3655 = DIRECTION('',(-0.,-1.));
#3656 = ( GEOMETRIC_REPRESENTATION_CONTEXT(2) 
PARAMETRIC_REPRESENTATION_CONTEXT() REPRESENTATION_CONTEXT('2D SPACE',''
  ) );
#3657 = ORIENTED_EDGE('',*,*,#473,.F.);
#3658 = ORIENTED_EDGE('',*,*,#3637,.F.);
#3659 = ADVANCED_FACE('',(#3660),#529,.F.);
#3660 = FACE_BOUND('',#3661,.T.);
#3661 = EDGE_LOOP('',(#3662,#3695,#3716,#3717));
#3662 = ORIENTED_EDGE('',*,*,#3663,.T.);
#3663 = EDGE_CURVE('',#3664,#3664,#3666,.T.);
#3664 = VERTEX_POINT('',#3665);
#3665 = CARTESIAN_POINT('',(54.,50.,16.));
#3666 = SURFACE_CURVE('',#3667,(#3672,#3679),.PCURVE_S1.);
#3667 = CIRCLE('',#3668,4.);
#3668 = AXIS2_PLACEMENT_3D('',#3669,#3670,#3671);
#3669 = CARTESIAN_POINT('',(50.,50.,16.));
#3670 = DIRECTION('',(0.,0.,-1.));
#3671 = DIRECTION('',(1.,0.,0.));
#3672 = PCURVE('',#529,#3673);
#3673 = DEFINITIONAL_REPRESENTATION('',(#3674),#3678);
#3674 = LINE('',#3675,#3676);
#3675 = CARTESIAN_POINT('',(-6.28318530718,-1.));
#3676 = VECTOR('',#3677,1.);
#3677 = DIRECTION('',(1.,-0.));
#3678 = ( GEOMETRIC_REPRESENTATION_CONTEXT(2) 
PARAMETRIC_REPRESENTATION_CONTEXT() REPRESENTATION_CONTEXT('2D SPACE',''
  ) );
#3679 = PCURVE('',#3680,#3685);
#3680 = PLANE('',#3681);
#3681 = AXIS2_PLACEMENT_3D('',#3682,#3683,#3684);
#3682 = CARTESIAN_POINT('',(55.,42.,16.));
#3683 = DIRECTION('',(0.,0.,1.));
#3684 = DIRECTION('',(1.,0.,0.));
#3685 = DEFINITIONAL_REPRESENTATION('',(#3686),#3694);
#3686 = ( BOUNDED_CURVE() B_SPLINE_CURVE(2,(#3687,#3688,#3689,#3690,
#3691,#3692,#3693),.UNSPECIFIED.,.T.,.F.) B_SPLINE_CURVE_WITH_KNOTS((1,2
    ,2,2,2,1),(-2.094395102393,0.,2.094395102393,4.188790204786,
6.28318530718,8.377580409573),.UNSPECIFIED.) CURVE() 
GEOMETRIC_REPRESENTATION_ITEM() RATIONAL_B_SPLINE_CURVE((1.,0.5,1.,0.5,
1.,0.5,1.)) REPRESENTATION_ITEM('') );
#3687 = CARTESIAN_POINT('',(-1.,8.));
#3688 = CARTESIAN_POINT('',(-1.,1.071796769724));
#3689 = CARTESIAN_POINT('',(-7.,4.535898384862));
#3690 = CARTESIAN_POINT('',(-13.,8.));
#3691 = CARTESIAN_POINT('',(-7.,11.464101615138));
#3692 = CARTESIAN_POINT('',(-1.,14.928203230276));
#3693 = CARTESIAN_POINT('',(-1.,8.));
#3694 = ( GEOMETRIC_REPRESENTATION_CONTEXT(2) 
PARAMETRIC_REPRESENTATION_CONTEXT() REPRESENTATION_CONTEXT('2D SPACE',''
  ) );
#3695 = ORIENTED_EDGE('',*,*,#3696,.T.);
#3696 = EDGE_CURVE('',#3664,#509,#3697,.T.);
#3697 = SEAM_CURVE('',#3698,(#3702,#3709),.PCURVE_S1.);
#3698 = LINE('',#3699,#3700);
#3699 = CARTESIAN_POINT('',(54.,50.,15.));
#3700 = VECTOR('',#3701,1.);
#3701 = DIRECTION('',(0.,0.,1.));
#3702 = PCURVE('',#529,#3703);
#3703 = DEFINITIONAL_REPRESENTATION('',(#3704),#3708);
#3704 = LINE('',#3705,#3706);
#3705 = CARTESIAN_POINT('',(-6.28318530718,0.));
#3706 = VECTOR('',#3707,1.);
#3707 = DIRECTION('',(-0.,-1.));
#3708 = ( GEOMETRIC_REPRESENTATION_CONTEXT(2) 
PARAMETRIC_REPRESENTATION_CONTEXT() REPRESENTATION_CONTEXT('2D SPACE',''
  ) );
#3709 = PCURVE('',#529,#3710);
#3710 = DEFINITIONAL_REPRESENTATION('',(#3711),#3715);
#3711 = LINE('',#3712,#3713);
#3712 = CARTESIAN_POINT('',(-0.,0.));
#3713 = VECTOR('',#3714,1.);
#3714 = DIRECTION('',(-0.,-1.));
#3715 = ( GEOMETRIC_REPRESENTATION_CONTEXT(2) 
PARAMETRIC_REPRESENTATION_CONTEXT() REPRESENTATION_CONTEXT('2D SPACE',''
  ) );
#3716 = ORIENTED_EDGE('',*,*,#508,.F.);
#3717 = ORIENTED_EDGE('',*,*,#3696,.F.);
#3718 = ADVANCED_FACE('',(#3719),#564,.F.);
#3719 = FACE_BOUND('',#3720,.T.);
#3720 = EDGE_LOOP('',(#3721,#3754,#3775,#3776));
#3721 = ORIENTED_EDGE('',*,*,#3722,.T.);
#3722 = EDGE_CURVE('',#3723,#3723,#3725,.T.);
#3723 = VERTEX_POINT('',#3724);
#3724 = CARTESIAN_POINT('',(78.,25.,16.));
#3725 = SURFACE_CURVE('',#3726,(#3731,#3738),.PCURVE_S1.);
#3726 = CIRCLE('',#3727,3.);
#3727 = AXIS2_PLACEMENT_3D('',#3728,#3729,#3730);
#3728 = CARTESIAN_POINT('',(75.,25.,16.));
#3729 = DIRECTION('',(0.,0.,-1.));
#3730 = DIRECTION('',(1.,0.,0.));
#3731 = PCURVE('',#564,#3732);
#3732 = DEFINITIONAL_REPRESENTATION('',(#3733),#3737);
#3733 = LINE('',#3734,#3735);
#3734 = CARTESIAN_POINT('',(-6.28318530718,-1.));
#3735 = VECTOR('',#3736,1.);
#3736 = DIRECTION('',(1.,-0.));
#3737 = ( GEOMETRIC_REPRESENTATION_CONTEXT(2) 
PARAMETRIC_REPRESENTATION_CONTEXT() REPRESENTATION_CONTEXT('2D SPACE',''
  ) );
#3738 = PCURVE('',#3739,#3744);
#3739 = PLANE('',#3740);
#3740 = AXIS2_PLACEMENT_3D('',#3741,#3742,#3743);
#3741 = CARTESIAN_POINT('',(75.,25.,16.));
#3742 = DIRECTION('',(0.,0.,1.));
#3743 = DIRECTION('',(1.,0.,-0.));
#3744 = DEFINITIONAL_REPRESENTATION('',(#3745),#3753);
#3745 = ( BOUNDED_CURVE() B_SPLINE_CURVE(2,(#3746,#3747,#3748,#3749,
#3750,#3751,#3752),.UNSPECIFIED.,.T.,.F.) B_SPLINE_CURVE_WITH_KNOTS((1,2
    ,2,2,2,1),(-2.094395102393,0.,2.094395102393,4.188790204786,
6.28318530718,8.377580409573),.UNSPECIFIED.) CURVE() 
GEOMETRIC_REPRESENTATION_ITEM() RATIONAL_B_SPLINE_CURVE((1.,0.5,1.,0.5,
1.,0.5,1.)) REPRESENTATION_ITEM('') );
#3746 = CARTESIAN_POINT('',(3.,0.));
#3747 = CARTESIAN_POINT('',(3.,-5.196152422707));
#3748 = CARTESIAN_POINT('',(-1.5,-2.598076211353));
#3749 = CARTESIAN_POINT('',(-6.,-7.347880794884E-16));
#3750 = CARTESIAN_POINT('',(-1.5,2.598076211353));
#3751 = CARTESIAN_POINT('',(3.,5.196152422707));
#3752 = CARTESIAN_POINT('',(3.,0.));
#3753 = ( GEOMETRIC_REPRESENTATION_CONTEXT(2) 
PARAMETRIC_REPRESENTATION_CONTEXT() REPRESENTATION_CONTEXT('2D SPACE',''
  ) );
#3754 = ORIENTED_EDGE('',*,*,#3755,.T.);
#3755 = EDGE_CURVE('',#3723,#544,#3756,.T.);
#3756 = SEAM_CURVE('',#3757,(#3761,#3768),.PCURVE_S1.);
#3757 = LINE('',#3758,#3759);
#3758 = CARTESIAN_POINT('',(78.,25.,15.));
#3759 = VECTOR('',#3760,1.);
#3760 = DIRECTION('',(0.,0.,1.));
#3761 = PCURVE('',#564,#3762);
#3762 = DEFINITIONAL_REPRESENTATION('',(#3763),#3767);
#3763 = LINE('',#3764,#3765);
#3764 = CARTESIAN_POINT('',(-6.28318530718,0.));
#3765 = VECTOR('',#3766,1.);
#3766 = DIRECTION('',(-0.,-1.));
#3767 = ( GEOMETRIC_REPRESENTATION_CONTEXT(2) 
PARAMETRIC_REPRESENTATION_CONTEXT() REPRESENTATION_CONTEXT('2D SPACE',''
  ) );
#3768 = PCURVE('',#564,#3769);
#3769 = DEFINITIONAL_REPRESENTATION('',(#3770),#3774);
#3770 = LINE('',#3771,#3772);
#3771 = CARTESIAN_POINT('',(-0.,0.));
#3772 = VECTOR('',#3773,1.);
#3773 = DIRECTION('',(-0.,-1.));
#3774 = ( GEOMETRIC_REPRESENTATION_CONTEXT(2) 
PARAMETRIC_REPRESENTATION_CONTEXT() REPRESENTATION_CONTEXT('2D SPACE',''
  ) );
#3775 = ORIENTED_EDGE('',*,*,#543,.F.);
#3776 = ORIENTED_EDGE('',*,*,#3755,.F.);
#3777 = ADVANCED_FACE('',(#3778),#599,.F.);
#3778 = FACE_BOUND('',#3779,.T.);
#3779 = EDGE_LOOP('',(#3780,#3813,#3834,#3835));
#3780 = ORIENTED_EDGE('',*,*,#3781,.T.);
#3781 = EDGE_CURVE('',#3782,#3782,#3784,.T.);
#3782 = VERTEX_POINT('',#3783);
#3783 = CARTESIAN_POINT('',(28.,75.,16.));
#3784 = SURFACE_CURVE('',#3785,(#3790,#3797),.PCURVE_S1.);
#3785 = CIRCLE('',#3786,3.);
#3786 = AXIS2_PLACEMENT_3D('',#3787,#3788,#3789);
#3787 = CARTESIAN_POINT('',(25.,75.,16.));
#3788 = DIRECTION('',(0.,0.,-1.));
#3789 = DIRECTION('',(1.,0.,0.));
#3790 = PCURVE('',#599,#3791);
#3791 = DEFINITIONAL_REPRESENTATION('',(#3792),#3796);
#3792 = LINE('',#3793,#3794);
#3793 = CARTESIAN_POINT('',(-6.28318530718,-1.));
#3794 = VECTOR('',#3795,1.);
#3795 = DIRECTION('',(1.,-0.));
#3796 = ( GEOMETRIC_REPRESENTATION_CONTEXT(2) 
PARAMETRIC_REPRESENTATION_CONTEXT() REPRESENTATION_CONTEXT('2D SPACE',''
  ) );
#3797 = PCURVE('',#3798,#3803);
#3798 = PLANE('',#3799);
#3799 = AXIS2_PLACEMENT_3D('',#3800,#3801,#3802);
#3800 = CARTESIAN_POINT('',(25.,75.,16.));
#3801 = DIRECTION('',(0.,0.,1.));
#3802 = DIRECTION('',(1.,0.,-0.));
#3803 = DEFINITIONAL_REPRESENTATION('',(#3804),#3812);
#3804 = ( BOUNDED_CURVE() B_SPLINE_CURVE(2,(#3805,#3806,#3807,#3808,
#3809,#3810,#3811),.UNSPECIFIED.,.T.,.F.) B_SPLINE_CURVE_WITH_KNOTS((1,2
    ,2,2,2,1),(-2.094395102393,0.,2.094395102393,4.188790204786,
6.28318530718,8.377580409573),.UNSPECIFIED.) CURVE() 
GEOMETRIC_REPRESENTATION_ITEM() RATIONAL_B_SPLINE_CURVE((1.,0.5,1.,0.5,
1.,0.5,1.)) REPRESENTATION_ITEM('') );
#3805 = CARTESIAN_POINT('',(3.,0.));
#3806 = CARTESIAN_POINT('',(3.,-5.196152422707));
#3807 = CARTESIAN_POINT('',(-1.5,-2.598076211353));
#3808 = CARTESIAN_POINT('',(-6.,-7.347880794884E-16));
#3809 = CARTESIAN_POINT('',(-1.5,2.598076211353));
#3810 = CARTESIAN_POINT('',(3.,5.196152422707));
#3811 = CARTESIAN_POINT('',(3.,0.));
#3812 = ( GEOMETRIC_REPRESENTATION_CONTEXT(2) 
PARAMETRIC_REPRESENTATION_CONTEXT() REPRESENTATION_CONTEXT('2D SPACE',''
  ) );
#3813 = ORIENTED_EDGE('',*,*,#3814,.T.);
#3814 = EDGE_CURVE('',#3782,#579,#3815,.T.);
#3815 = SEAM_CURVE('',#3816,(#3820,#3827),.PCURVE_S1.);
#3816 = LINE('',#3817,#3818);
#3817 = CARTESIAN_POINT('',(28.,75.,15.));
#3818 = VECTOR('',#3819,1.);
#3819 = DIRECTION('',(0.,0.,1.));
#3820 = PCURVE('',#599,#3821);
#3821 = DEFINITIONAL_REPRESENTATION('',(#3822),#3826);
#3822 = LINE('',#3823,#3824);
#3823 = CARTESIAN_POINT('',(-6.28318530718,0.));
#3824 = VECTOR('',#3825,1.);
#3825 = DIRECTION('',(-0.,-1.));
#3826 = ( GEOMETRIC_REPRESENTATION_CONTEXT(2) 
PARAMETRIC_REPRESENTATION_CONTEXT() REPRESENTATION_CONTEXT('2D SPACE',''
  ) );
#3827 = PCURVE('',#599,#3828);
#3828 = DEFINITIONAL_REPRESENTATION('',(#3829),#3833);
#3829 = LINE('',#3830,#3831);
#3830 = CARTESIAN_POINT('',(-0.,0.));
#3831 = VECTOR('',#3832,1.);
#3832 = DIRECTION('',(-0.,-1.));
#3833 = ( GEOMETRIC_REPRESENTATION_CONTEXT(2) 
PARAMETRIC_REPRESENTATION_CONTEXT() REPRESENTATION_CONTEXT('2D SPACE',''
  ) );
#3834 = ORIENTED_EDGE('',*,*,#578,.F.);
#3835 = ORIENTED_EDGE('',*,*,#3814,.F.);
#3836 = ADVANCED_FACE('',(#3837),#630,.F.);
#3837 = FACE_BOUND('',#3838,.F.);
#3838 = EDGE_LOOP('',(#3839,#3840,#3863,#3890));
#3839 = ORIENTED_EDGE('',*,*,#613,.F.);
#3840 = ORIENTED_EDGE('',*,*,#3841,.F.);
#3841 = EDGE_CURVE('',#3842,#614,#3844,.T.);
#3842 = VERTEX_POINT('',#3843);
#3843 = CARTESIAN_POINT('',(65.75,62.5,22.5));
#3844 = SEAM_CURVE('',#3845,(#3849,#3856),.PCURVE_S1.);
#3845 = LINE('',#3846,#3847);
#3846 = CARTESIAN_POINT('',(65.75,62.5,22.5));
#3847 = VECTOR('',#3848,1.);
#3848 = DIRECTION('',(0.,0.,1.));
#3849 = PCURVE('',#630,#3850);
#3850 = DEFINITIONAL_REPRESENTATION('',(#3851),#3855);
#3851 = LINE('',#3852,#3853);
#3852 = CARTESIAN_POINT('',(6.28318530718,-0.));
#3853 = VECTOR('',#3854,1.);
#3854 = DIRECTION('',(0.,1.));
#3855 = ( GEOMETRIC_REPRESENTATION_CONTEXT(2) 
PARAMETRIC_REPRESENTATION_CONTEXT() REPRESENTATION_CONTEXT('2D SPACE',''
  ) );
#3856 = PCURVE('',#630,#3857);
#3857 = DEFINITIONAL_REPRESENTATION('',(#3858),#3862);
#3858 = LINE('',#3859,#3860);
#3859 = CARTESIAN_POINT('',(0.,-0.));
#3860 = VECTOR('',#3861,1.);
#3861 = DIRECTION('',(0.,1.));
#3862 = ( GEOMETRIC_REPRESENTATION_CONTEXT(2) 
PARAMETRIC_REPRESENTATION_CONTEXT() REPRESENTATION_CONTEXT('2D SPACE',''
  ) );
#3863 = ORIENTED_EDGE('',*,*,#3864,.T.);
#3864 = EDGE_CURVE('',#3842,#3842,#3865,.T.);
#3865 = SURFACE_CURVE('',#3866,(#3871,#3878),.PCURVE_S1.);
#3866 = CIRCLE('',#3867,3.25);
#3867 = AXIS2_PLACEMENT_3D('',#3868,#3869,#3870);
#3868 = CARTESIAN_POINT('',(62.5,62.5,22.5));
#3869 = DIRECTION('',(0.,0.,1.));
#3870 = DIRECTION('',(1.,0.,-0.));
#3871 = PCURVE('',#630,#3872);
#3872 = DEFINITIONAL_REPRESENTATION('',(#3873),#3877);
#3873 = LINE('',#3874,#3875);
#3874 = CARTESIAN_POINT('',(0.,0.));
#3875 = VECTOR('',#3876,1.);
#3876 = DIRECTION('',(1.,0.));
#3877 = ( GEOMETRIC_REPRESENTATION_CONTEXT(2) 
PARAMETRIC_REPRESENTATION_CONTEXT() REPRESENTATION_CONTEXT('2D SPACE',''
  ) );
#3878 = PCURVE('',#3879,#3884);
#3879 = PLANE('',#3880);
#3880 = AXIS2_PLACEMENT_3D('',#3881,#3882,#3883);
#3881 = CARTESIAN_POINT('',(62.5,62.5,22.5));
#3882 = DIRECTION('',(0.,0.,1.));
#3883 = DIRECTION('',(1.,0.,-0.));
#3884 = DEFINITIONAL_REPRESENTATION('',(#3885),#3889);
#3885 = CIRCLE('',#3886,3.25);
#3886 = AXIS2_PLACEMENT_2D('',#3887,#3888);
#3887 = CARTESIAN_POINT('',(0.,0.));
#3888 = DIRECTION('',(1.,0.));
#3889 = ( GEOMETRIC_REPRESENTATION_CONTEXT(2) 
PARAMETRIC_REPRESENTATION_CONTEXT() REPRESENTATION_CONTEXT('2D SPACE',''
  ) );
#3890 = ORIENTED_EDGE('',*,*,#3841,.T.);
#3891 = ADVANCED_FACE('',(#3892),#661,.F.);
#3892 = FACE_BOUND('',#3893,.F.);
#3893 = EDGE_LOOP('',(#3894,#3895,#3918,#3945));
#3894 = ORIENTED_EDGE('',*,*,#644,.F.);
#3895 = ORIENTED_EDGE('',*,*,#3896,.F.);
#3896 = EDGE_CURVE('',#3897,#645,#3899,.T.);
#3897 = VERTEX_POINT('',#3898);
#3898 = CARTESIAN_POINT('',(65.75,87.5,22.5));
#3899 = SEAM_CURVE('',#3900,(#3904,#3911),.PCURVE_S1.);
#3900 = LINE('',#3901,#3902);
#3901 = CARTESIAN_POINT('',(65.75,87.5,22.5));
#3902 = VECTOR('',#3903,1.);
#3903 = DIRECTION('',(0.,0.,1.));
#3904 = PCURVE('',#661,#3905);
#3905 = DEFINITIONAL_REPRESENTATION('',(#3906),#3910);
#3906 = LINE('',#3907,#3908);
#3907 = CARTESIAN_POINT('',(6.28318530718,-0.));
#3908 = VECTOR('',#3909,1.);
#3909 = DIRECTION('',(0.,1.));
#3910 = ( GEOMETRIC_REPRESENTATION_CONTEXT(2) 
PARAMETRIC_REPRESENTATION_CONTEXT() REPRESENTATION_CONTEXT('2D SPACE',''
  ) );
#3911 = PCURVE('',#661,#3912);
#3912 = DEFINITIONAL_REPRESENTATION('',(#3913),#3917);
#3913 = LINE('',#3914,#3915);
#3914 = CARTESIAN_POINT('',(0.,-0.));
#3915 = VECTOR('',#3916,1.);
#3916 = DIRECTION('',(0.,1.));
#3917 = ( GEOMETRIC_REPRESENTATION_CONTEXT(2) 
PARAMETRIC_REPRESENTATION_CONTEXT() REPRESENTATION_CONTEXT('2D SPACE',''
  ) );
#3918 = ORIENTED_EDGE('',*,*,#3919,.T.);
#3919 = EDGE_CURVE('',#3897,#3897,#3920,.T.);
#3920 = SURFACE_CURVE('',#3921,(#3926,#3933),.PCURVE_S1.);
#3921 = CIRCLE('',#3922,3.25);
#3922 = AXIS2_PLACEMENT_3D('',#3923,#3924,#3925);
#3923 = CARTESIAN_POINT('',(62.5,87.5,22.5));
#3924 = DIRECTION('',(0.,0.,1.));
#3925 = DIRECTION('',(1.,0.,-0.));
#3926 = PCURVE('',#661,#3927);
#3927 = DEFINITIONAL_REPRESENTATION('',(#3928),#3932);
#3928 = LINE('',#3929,#3930);
#3929 = CARTESIAN_POINT('',(0.,0.));
#3930 = VECTOR('',#3931,1.);
#3931 = DIRECTION('',(1.,0.));
#3932 = ( GEOMETRIC_REPRESENTATION_CONTEXT(2) 
PARAMETRIC_REPRESENTATION_CONTEXT() REPRESENTATION_CONTEXT('2D SPACE',''
  ) );
#3933 = PCURVE('',#3934,#3939);
#3934 = PLANE('',#3935);
#3935 = AXIS2_PLACEMENT_3D('',#3936,#3937,#3938);
#3936 = CARTESIAN_POINT('',(62.5,87.5,22.5));
#3937 = DIRECTION('',(0.,0.,1.));
#3938 = DIRECTION('',(1.,0.,-0.));
#3939 = DEFINITIONAL_REPRESENTATION('',(#3940),#3944);
#3940 = CIRCLE('',#3941,3.25);
#3941 = AXIS2_PLACEMENT_2D('',#3942,#3943);
#3942 = CARTESIAN_POINT('',(0.,0.));
#3943 = DIRECTION('',(1.,0.));
#3944 = ( GEOMETRIC_REPRESENTATION_CONTEXT(2) 
PARAMETRIC_REPRESENTATION_CONTEXT() REPRESENTATION_CONTEXT('2D SPACE',''
  ) );
#3945 = ORIENTED_EDGE('',*,*,#3896,.T.);
#3946 = ADVANCED_FACE('',(#3947),#692,.F.);
#3947 = FACE_BOUND('',#3948,.F.);
#3948 = EDGE_LOOP('',(#3949,#3950,#3973,#4000));
#3949 = ORIENTED_EDGE('',*,*,#675,.F.);
#3950 = ORIENTED_EDGE('',*,*,#3951,.F.);
#3951 = EDGE_CURVE('',#3952,#676,#3954,.T.);
#3952 = VERTEX_POINT('',#3953);
#3953 = CARTESIAN_POINT('',(90.75,62.5,22.5));
#3954 = SEAM_CURVE('',#3955,(#3959,#3966),.PCURVE_S1.);
#3955 = LINE('',#3956,#3957);
#3956 = CARTESIAN_POINT('',(90.75,62.5,22.5));
#3957 = VECTOR('',#3958,1.);
#3958 = DIRECTION('',(0.,0.,1.));
#3959 = PCURVE('',#692,#3960);
#3960 = DEFINITIONAL_REPRESENTATION('',(#3961),#3965);
#3961 = LINE('',#3962,#3963);
#3962 = CARTESIAN_POINT('',(6.28318530718,-0.));
#3963 = VECTOR('',#3964,1.);
#3964 = DIRECTION('',(0.,1.));
#3965 = ( GEOMETRIC_REPRESENTATION_CONTEXT(2) 
PARAMETRIC_REPRESENTATION_CONTEXT() REPRESENTATION_CONTEXT('2D SPACE',''
  ) );
#3966 = PCURVE('',#692,#3967);
#3967 = DEFINITIONAL_REPRESENTATION('',(#3968),#3972);
#3968 = LINE('',#3969,#3970);
#3969 = CARTESIAN_POINT('',(0.,-0.));
#3970 = VECTOR('',#3971,1.);
#3971 = DIRECTION('',(0.,1.));
#3972 = ( GEOMETRIC_REPRESENTATION_CONTEXT(2) 
PARAMETRIC_REPRESENTATION_CONTEXT() REPRESENTATION_CONTEXT('2D SPACE',''
  ) );
#3973 = ORIENTED_EDGE('',*,*,#3974,.T.);
#3974 = EDGE_CURVE('',#3952,#3952,#3975,.T.);
#3975 = SURFACE_CURVE('',#3976,(#3981,#3988),.PCURVE_S1.);
#3976 = CIRCLE('',#3977,3.25);
#3977 = AXIS2_PLACEMENT_3D('',#3978,#3979,#3980);
#3978 = CARTESIAN_POINT('',(87.5,62.5,22.5));
#3979 = DIRECTION('',(0.,0.,1.));
#3980 = DIRECTION('',(1.,0.,-0.));
#3981 = PCURVE('',#692,#3982);
#3982 = DEFINITIONAL_REPRESENTATION('',(#3983),#3987);
#3983 = LINE('',#3984,#3985);
#3984 = CARTESIAN_POINT('',(0.,0.));
#3985 = VECTOR('',#3986,1.);
#3986 = DIRECTION('',(1.,0.));
#3987 = ( GEOMETRIC_REPRESENTATION_CONTEXT(2) 
PARAMETRIC_REPRESENTATION_CONTEXT() REPRESENTATION_CONTEXT('2D SPACE',''
  ) );
#3988 = PCURVE('',#3989,#3994);
#3989 = PLANE('',#3990);
#3990 = AXIS2_PLACEMENT_3D('',#3991,#3992,#3993);
#3991 = CARTESIAN_POINT('',(87.5,62.5,22.5));
#3992 = DIRECTION('',(0.,0.,1.));
#3993 = DIRECTION('',(1.,0.,-0.));
#3994 = DEFINITIONAL_REPRESENTATION('',(#3995),#3999);
#3995 = CIRCLE('',#3996,3.25);
#3996 = AXIS2_PLACEMENT_2D('',#3997,#3998);
#3997 = CARTESIAN_POINT('',(0.,0.));
#3998 = DIRECTION('',(1.,0.));
#3999 = ( GEOMETRIC_REPRESENTATION_CONTEXT(2) 
PARAMETRIC_REPRESENTATION_CONTEXT() REPRESENTATION_CONTEXT('2D SPACE',''
  ) );
#4000 = ORIENTED_EDGE('',*,*,#3951,.T.);
#4001 = ADVANCED_FACE('',(#4002),#727,.F.);
#4002 = FACE_BOUND('',#4003,.T.);
#4003 = EDGE_LOOP('',(#4004,#4032,#4053,#4054));
#4004 = ORIENTED_EDGE('',*,*,#4005,.T.);
#4005 = EDGE_CURVE('',#4006,#4006,#4008,.T.);
#4006 = VERTEX_POINT('',#4007);
#4007 = CARTESIAN_POINT('',(78.,75.,16.));
#4008 = SURFACE_CURVE('',#4009,(#4014,#4021),.PCURVE_S1.);
#4009 = CIRCLE('',#4010,3.);
#4010 = AXIS2_PLACEMENT_3D('',#4011,#4012,#4013);
#4011 = CARTESIAN_POINT('',(75.,75.,16.));
#4012 = DIRECTION('',(0.,0.,-1.));
#4013 = DIRECTION('',(1.,0.,0.));
#4014 = PCURVE('',#727,#4015);
#4015 = DEFINITIONAL_REPRESENTATION('',(#4016),#4020);
#4016 = LINE('',#4017,#4018);
#4017 = CARTESIAN_POINT('',(-6.28318530718,-1.));
#4018 = VECTOR('',#4019,1.);
#4019 = DIRECTION('',(1.,-0.));
#4020 = ( GEOMETRIC_REPRESENTATION_CONTEXT(2) 
PARAMETRIC_REPRESENTATION_CONTEXT() REPRESENTATION_CONTEXT('2D SPACE',''
  ) );
#4021 = PCURVE('',#3680,#4022);
#4022 = DEFINITIONAL_REPRESENTATION('',(#4023),#4031);
#4023 = ( BOUNDED_CURVE() B_SPLINE_CURVE(2,(#4024,#4025,#4026,#4027,
#4028,#4029,#4030),.UNSPECIFIED.,.T.,.F.) B_SPLINE_CURVE_WITH_KNOTS((1,2
    ,2,2,2,1),(-2.094395102393,0.,2.094395102393,4.188790204786,
6.28318530718,8.377580409573),.UNSPECIFIED.) CURVE() 
GEOMETRIC_REPRESENTATION_ITEM() RATIONAL_B_SPLINE_CURVE((1.,0.5,1.,0.5,
1.,0.5,1.)) REPRESENTATION_ITEM('') );
#4024 = CARTESIAN_POINT('',(23.,33.));
#4025 = CARTESIAN_POINT('',(23.,27.803847577293));
#4026 = CARTESIAN_POINT('',(18.5,30.401923788647));
#4027 = CARTESIAN_POINT('',(14.,33.));
#4028 = CARTESIAN_POINT('',(18.5,35.598076211353));
#4029 = CARTESIAN_POINT('',(23.,38.196152422707));
#4030 = CARTESIAN_POINT('',(23.,33.));
#4031 = ( GEOMETRIC_REPRESENTATION_CONTEXT(2) 
PARAMETRIC_REPRESENTATION_CONTEXT() REPRESENTATION_CONTEXT('2D SPACE',''
  ) );
#4032 = ORIENTED_EDGE('',*,*,#4033,.T.);
#4033 = EDGE_CURVE('',#4006,#707,#4034,.T.);
#4034 = SEAM_CURVE('',#4035,(#4039,#4046),.PCURVE_S1.);
#4035 = LINE('',#4036,#4037);
#4036 = CARTESIAN_POINT('',(78.,75.,15.));
#4037 = VECTOR('',#4038,1.);
#4038 = DIRECTION('',(0.,0.,1.));
#4039 = PCURVE('',#727,#4040);
#4040 = DEFINITIONAL_REPRESENTATION('',(#4041),#4045);
#4041 = LINE('',#4042,#4043);
#4042 = CARTESIAN_POINT('',(-6.28318530718,0.));
#4043 = VECTOR('',#4044,1.);
#4044 = DIRECTION('',(-0.,-1.));
#4045 = ( GEOMETRIC_REPRESENTATION_CONTEXT(2) 
PARAMETRIC_REPRESENTATION_CONTEXT() REPRESENTATION_CONTEXT('2D SPACE',''
  ) );
#4046 = PCURVE('',#727,#4047);
#4047 = DEFINITIONAL_REPRESENTATION('',(#4048),#4052);
#4048 = LINE('',#4049,#4050);
#4049 = CARTESIAN_POINT('',(-0.,0.));
#4050 = VECTOR('',#4051,1.);
#4051 = DIRECTION('',(-0.,-1.));
#4052 = ( GEOMETRIC_REPRESENTATION_CONTEXT(2) 
PARAMETRIC_REPRESENTATION_CONTEXT() REPRESENTATION_CONTEXT('2D SPACE',''
  ) );
#4053 = ORIENTED_EDGE('',*,*,#706,.F.);
#4054 = ORIENTED_EDGE('',*,*,#4033,.F.);
#4055 = ADVANCED_FACE('',(#4056),#758,.F.);
#4056 = FACE_BOUND('',#4057,.F.);
#4057 = EDGE_LOOP('',(#4058,#4059,#4082,#4109));
#4058 = ORIENTED_EDGE('',*,*,#741,.F.);
#4059 = ORIENTED_EDGE('',*,*,#4060,.F.);
#4060 = EDGE_CURVE('',#4061,#742,#4063,.T.);
#4061 = VERTEX_POINT('',#4062);
#4062 = CARTESIAN_POINT('',(90.75,87.5,22.5));
#4063 = SEAM_CURVE('',#4064,(#4068,#4075),.PCURVE_S1.);
#4064 = LINE('',#4065,#4066);
#4065 = CARTESIAN_POINT('',(90.75,87.5,22.5));
#4066 = VECTOR('',#4067,1.);
#4067 = DIRECTION('',(0.,0.,1.));
#4068 = PCURVE('',#758,#4069);
#4069 = DEFINITIONAL_REPRESENTATION('',(#4070),#4074);
#4070 = LINE('',#4071,#4072);
#4071 = CARTESIAN_POINT('',(6.28318530718,-0.));
#4072 = VECTOR('',#4073,1.);
#4073 = DIRECTION('',(0.,1.));
#4074 = ( GEOMETRIC_REPRESENTATION_CONTEXT(2) 
PARAMETRIC_REPRESENTATION_CONTEXT() REPRESENTATION_CONTEXT('2D SPACE',''
  ) );
#4075 = PCURVE('',#758,#4076);
#4076 = DEFINITIONAL_REPRESENTATION('',(#4077),#4081);
#4077 = LINE('',#4078,#4079);
#4078 = CARTESIAN_POINT('',(0.,-0.));
#4079 = VECTOR('',#4080,1.);
#4080 = DIRECTION('',(0.,1.));
#4081 = ( GEOMETRIC_REPRESENTATION_CONTEXT(2) 
PARAMETRIC_REPRESENTATION_CONTEXT() REPRESENTATION_CONTEXT('2D SPACE',''
  ) );
#4082 = ORIENTED_EDGE('',*,*,#4083,.T.);
#4083 = EDGE_CURVE('',#4061,#4061,#4084,.T.);
#4084 = SURFACE_CURVE('',#4085,(#4090,#4097),.PCURVE_S1.);
#4085 = CIRCLE('',#4086,3.25);
#4086 = AXIS2_PLACEMENT_3D('',#4087,#4088,#4089);
#4087 = CARTESIAN_POINT('',(87.5,87.5,22.5));
#4088 = DIRECTION('',(0.,0.,1.));
#4089 = DIRECTION('',(1.,0.,-0.));
#4090 = PCURVE('',#758,#4091);
#4091 = DEFINITIONAL_REPRESENTATION('',(#4092),#4096);
#4092 = LINE('',#4093,#4094);
#4093 = CARTESIAN_POINT('',(0.,0.));
#4094 = VECTOR('',#4095,1.);
#4095 = DIRECTION('',(1.,0.));
#4096 = ( GEOMETRIC_REPRESENTATION_CONTEXT(2) 
PARAMETRIC_REPRESENTATION_CONTEXT() REPRESENTATION_CONTEXT('2D SPACE',''
  ) );
#4097 = PCURVE('',#4098,#4103);
#4098 = PLANE('',#4099);
#4099 = AXIS2_PLACEMENT_3D('',#4100,#4101,#4102);
#4100 = CARTESIAN_POINT('',(87.5,87.5,22.5));
#4101 = DIRECTION('',(0.,0.,1.));
#4102 = DIRECTION('',(1.,0.,-0.));
#4103 = DEFINITIONAL_REPRESENTATION('',(#4104),#4108);
#4104 = CIRCLE('',#4105,3.25);
#4105 = AXIS2_PLACEMENT_2D('',#4106,#4107);
#4106 = CARTESIAN_POINT('',(0.,0.));
#4107 = DIRECTION('',(1.,0.));
#4108 = ( GEOMETRIC_REPRESENTATION_CONTEXT(2) 
PARAMETRIC_REPRESENTATION_CONTEXT() REPRESENTATION_CONTEXT('2D SPACE',''
  ) );
#4109 = ORIENTED_EDGE('',*,*,#4060,.T.);
#4110 = ADVANCED_FACE('',(#4111),#793,.F.);
#4111 = FACE_BOUND('',#4112,.T.);
#4112 = EDGE_LOOP('',(#4113,#4146,#4167,#4168));
#4113 = ORIENTED_EDGE('',*,*,#4114,.T.);
#4114 = EDGE_CURVE('',#4115,#4115,#4117,.T.);
#4115 = VERTEX_POINT('',#4116);
#4116 = CARTESIAN_POINT('',(128.,25.,16.));
#4117 = SURFACE_CURVE('',#4118,(#4123,#4130),.PCURVE_S1.);
#4118 = CIRCLE('',#4119,3.);
#4119 = AXIS2_PLACEMENT_3D('',#4120,#4121,#4122);
#4120 = CARTESIAN_POINT('',(125.,25.,16.));
#4121 = DIRECTION('',(0.,0.,-1.));
#4122 = DIRECTION('',(1.,0.,0.));
#4123 = PCURVE('',#793,#4124);
#4124 = DEFINITIONAL_REPRESENTATION('',(#4125),#4129);
#4125 = LINE('',#4126,#4127);
#4126 = CARTESIAN_POINT('',(-6.28318530718,-1.));
#4127 = VECTOR('',#4128,1.);
#4128 = DIRECTION('',(1.,-0.));
#4129 = ( GEOMETRIC_REPRESENTATION_CONTEXT(2) 
PARAMETRIC_REPRESENTATION_CONTEXT() REPRESENTATION_CONTEXT('2D SPACE',''
  ) );
#4130 = PCURVE('',#4131,#4136);
#4131 = PLANE('',#4132);
#4132 = AXIS2_PLACEMENT_3D('',#4133,#4134,#4135);
#4133 = CARTESIAN_POINT('',(125.,25.,16.));
#4134 = DIRECTION('',(0.,0.,1.));
#4135 = DIRECTION('',(1.,0.,-0.));
#4136 = DEFINITIONAL_REPRESENTATION('',(#4137),#4145);
#4137 = ( BOUNDED_CURVE() B_SPLINE_CURVE(2,(#4138,#4139,#4140,#4141,
#4142,#4143,#4144),.UNSPECIFIED.,.T.,.F.) B_SPLINE_CURVE_WITH_KNOTS((1,2
    ,2,2,2,1),(-2.094395102393,0.,2.094395102393,4.188790204786,
6.28318530718,8.377580409573),.UNSPECIFIED.) CURVE() 
GEOMETRIC_REPRESENTATION_ITEM() RATIONAL_B_SPLINE_CURVE((1.,0.5,1.,0.5,
1.,0.5,1.)) REPRESENTATION_ITEM('') );
#4138 = CARTESIAN_POINT('',(3.,0.));
#4139 = CARTESIAN_POINT('',(3.,-5.196152422707));
#4140 = CARTESIAN_POINT('',(-1.5,-2.598076211353));
#4141 = CARTESIAN_POINT('',(-6.,-7.347880794884E-16));
#4142 = CARTESIAN_POINT('',(-1.5,2.598076211353));
#4143 = CARTESIAN_POINT('',(3.,5.196152422707));
#4144 = CARTESIAN_POINT('',(3.,0.));
#4145 = ( GEOMETRIC_REPRESENTATION_CONTEXT(2) 
PARAMETRIC_REPRESENTATION_CONTEXT() REPRESENTATION_CONTEXT('2D SPACE',''
  ) );
#4146 = ORIENTED_EDGE('',*,*,#4147,.T.);
#4147 = EDGE_CURVE('',#4115,#773,#4148,.T.);
#4148 = SEAM_CURVE('',#4149,(#4153,#4160),.PCURVE_S1.);
#4149 = LINE('',#4150,#4151);
#4150 = CARTESIAN_POINT('',(128.,25.,15.));
#4151 = VECTOR('',#4152,1.);
#4152 = DIRECTION('',(0.,0.,1.));
#4153 = PCURVE('',#793,#4154);
#4154 = DEFINITIONAL_REPRESENTATION('',(#4155),#4159);
#4155 = LINE('',#4156,#4157);
#4156 = CARTESIAN_POINT('',(-6.28318530718,0.));
#4157 = VECTOR('',#4158,1.);
#4158 = DIRECTION('',(-0.,-1.));
#4159 = ( GEOMETRIC_REPRESENTATION_CONTEXT(2) 
PARAMETRIC_REPRESENTATION_CONTEXT() REPRESENTATION_CONTEXT('2D SPACE',''
  ) );
#4160 = PCURVE('',#793,#4161);
#4161 = DEFINITIONAL_REPRESENTATION('',(#4162),#4166);
#4162 = LINE('',#4163,#4164);
#4163 = CARTESIAN_POINT('',(-0.,0.));
#4164 = VECTOR('',#4165,1.);
#4165 = DIRECTION('',(-0.,-1.));
#4166 = ( GEOMETRIC_REPRESENTATION_CONTEXT(2) 
PARAMETRIC_REPRESENTATION_CONTEXT() REPRESENTATION_CONTEXT('2D SPACE',''
  ) );
#4167 = ORIENTED_EDGE('',*,*,#772,.F.);
#4168 = ORIENTED_EDGE('',*,*,#4147,.F.);
#4169 = ADVANCED_FACE('',(#4170),#828,.F.);
#4170 = FACE_BOUND('',#4171,.T.);
#4171 = EDGE_LOOP('',(#4172,#4205,#4226,#4227));
#4172 = ORIENTED_EDGE('',*,*,#4173,.T.);
#4173 = EDGE_CURVE('',#4174,#4174,#4176,.T.);
#4174 = VERTEX_POINT('',#4175);
#4175 = CARTESIAN_POINT('',(178.,25.,16.));
#4176 = SURFACE_CURVE('',#4177,(#4182,#4189),.PCURVE_S1.);
#4177 = CIRCLE('',#4178,3.);
#4178 = AXIS2_PLACEMENT_3D('',#4179,#4180,#4181);
#4179 = CARTESIAN_POINT('',(175.,25.,16.));
#4180 = DIRECTION('',(0.,0.,-1.));
#4181 = DIRECTION('',(1.,0.,0.));
#4182 = PCURVE('',#828,#4183);
#4183 = DEFINITIONAL_REPRESENTATION('',(#4184),#4188);
#4184 = LINE('',#4185,#4186);
#4185 = CARTESIAN_POINT('',(-6.28318530718,-1.));
#4186 = VECTOR('',#4187,1.);
#4187 = DIRECTION('',(1.,-0.));
#4188 = ( GEOMETRIC_REPRESENTATION_CONTEXT(2) 
PARAMETRIC_REPRESENTATION_CONTEXT() REPRESENTATION_CONTEXT('2D SPACE',''
  ) );
#4189 = PCURVE('',#4190,#4195);
#4190 = PLANE('',#4191);
#4191 = AXIS2_PLACEMENT_3D('',#4192,#4193,#4194);
#4192 = CARTESIAN_POINT('',(175.,25.,16.));
#4193 = DIRECTION('',(0.,0.,1.));
#4194 = DIRECTION('',(1.,0.,-0.));
#4195 = DEFINITIONAL_REPRESENTATION('',(#4196),#4204);
#4196 = ( BOUNDED_CURVE() B_SPLINE_CURVE(2,(#4197,#4198,#4199,#4200,
#4201,#4202,#4203),.UNSPECIFIED.,.T.,.F.) B_SPLINE_CURVE_WITH_KNOTS((1,2
    ,2,2,2,1),(-2.094395102393,0.,2.094395102393,4.188790204786,
6.28318530718,8.377580409573),.UNSPECIFIED.) CURVE() 
GEOMETRIC_REPRESENTATION_ITEM() RATIONAL_B_SPLINE_CURVE((1.,0.5,1.,0.5,
1.,0.5,1.)) REPRESENTATION_ITEM('') );
#4197 = CARTESIAN_POINT('',(3.,0.));
#4198 = CARTESIAN_POINT('',(3.,-5.196152422707));
#4199 = CARTESIAN_POINT('',(-1.5,-2.598076211353));
#4200 = CARTESIAN_POINT('',(-6.,-7.347880794884E-16));
#4201 = CARTESIAN_POINT('',(-1.5,2.598076211353));
#4202 = CARTESIAN_POINT('',(3.,5.196152422707));
#4203 = CARTESIAN_POINT('',(3.,0.));
#4204 = ( GEOMETRIC_REPRESENTATION_CONTEXT(2) 
PARAMETRIC_REPRESENTATION_CONTEXT() REPRESENTATION_CONTEXT('2D SPACE',''
  ) );
#4205 = ORIENTED_EDGE('',*,*,#4206,.T.);
#4206 = EDGE_CURVE('',#4174,#808,#4207,.T.);
#4207 = SEAM_CURVE('',#4208,(#4212,#4219),.PCURVE_S1.);
#4208 = LINE('',#4209,#4210);
#4209 = CARTESIAN_POINT('',(178.,25.,15.));
#4210 = VECTOR('',#4211,1.);
#4211 = DIRECTION('',(0.,0.,1.));
#4212 = PCURVE('',#828,#4213);
#4213 = DEFINITIONAL_REPRESENTATION('',(#4214),#4218);
#4214 = LINE('',#4215,#4216);
#4215 = CARTESIAN_POINT('',(-6.28318530718,0.));
#4216 = VECTOR('',#4217,1.);
#4217 = DIRECTION('',(-0.,-1.));
#4218 = ( GEOMETRIC_REPRESENTATION_CONTEXT(2) 
PARAMETRIC_REPRESENTATION_CONTEXT() REPRESENTATION_CONTEXT('2D SPACE',''
  ) );
#4219 = PCURVE('',#828,#4220);
#4220 = DEFINITIONAL_REPRESENTATION('',(#4221),#4225);
#4221 = LINE('',#4222,#4223);
#4222 = CARTESIAN_POINT('',(-0.,0.));
#4223 = VECTOR('',#4224,1.);
#4224 = DIRECTION('',(-0.,-1.));
#4225 = ( GEOMETRIC_REPRESENTATION_CONTEXT(2) 
PARAMETRIC_REPRESENTATION_CONTEXT() REPRESENTATION_CONTEXT('2D SPACE',''
  ) );
#4226 = ORIENTED_EDGE('',*,*,#807,.F.);
#4227 = ORIENTED_EDGE('',*,*,#4206,.F.);
#4228 = ADVANCED_FACE('',(#4229),#863,.F.);
#4229 = FACE_BOUND('',#4230,.T.);
#4230 = EDGE_LOOP('',(#4231,#4264,#4285,#4286));
#4231 = ORIENTED_EDGE('',*,*,#4232,.T.);
#4232 = EDGE_CURVE('',#4233,#4233,#4235,.T.);
#4233 = VERTEX_POINT('',#4234);
#4234 = CARTESIAN_POINT('',(128.,75.,16.));
#4235 = SURFACE_CURVE('',#4236,(#4241,#4248),.PCURVE_S1.);
#4236 = CIRCLE('',#4237,3.);
#4237 = AXIS2_PLACEMENT_3D('',#4238,#4239,#4240);
#4238 = CARTESIAN_POINT('',(125.,75.,16.));
#4239 = DIRECTION('',(0.,0.,-1.));
#4240 = DIRECTION('',(1.,0.,0.));
#4241 = PCURVE('',#863,#4242);
#4242 = DEFINITIONAL_REPRESENTATION('',(#4243),#4247);
#4243 = LINE('',#4244,#4245);
#4244 = CARTESIAN_POINT('',(-6.28318530718,-1.));
#4245 = VECTOR('',#4246,1.);
#4246 = DIRECTION('',(1.,-0.));
#4247 = ( GEOMETRIC_REPRESENTATION_CONTEXT(2) 
PARAMETRIC_REPRESENTATION_CONTEXT() REPRESENTATION_CONTEXT('2D SPACE',''
  ) );
#4248 = PCURVE('',#4249,#4254);
#4249 = PLANE('',#4250);
#4250 = AXIS2_PLACEMENT_3D('',#4251,#4252,#4253);
#4251 = CARTESIAN_POINT('',(125.,75.,16.));
#4252 = DIRECTION('',(0.,0.,1.));
#4253 = DIRECTION('',(1.,0.,-0.));
#4254 = DEFINITIONAL_REPRESENTATION('',(#4255),#4263);
#4255 = ( BOUNDED_CURVE() B_SPLINE_CURVE(2,(#4256,#4257,#4258,#4259,
#4260,#4261,#4262),.UNSPECIFIED.,.T.,.F.) B_SPLINE_CURVE_WITH_KNOTS((1,2
    ,2,2,2,1),(-2.094395102393,0.,2.094395102393,4.188790204786,
6.28318530718,8.377580409573),.UNSPECIFIED.) CURVE() 
GEOMETRIC_REPRESENTATION_ITEM() RATIONAL_B_SPLINE_CURVE((1.,0.5,1.,0.5,
1.,0.5,1.)) REPRESENTATION_ITEM('') );
#4256 = CARTESIAN_POINT('',(3.,0.));
#4257 = CARTESIAN_POINT('',(3.,-5.196152422707));
#4258 = CARTESIAN_POINT('',(-1.5,-2.598076211353));
#4259 = CARTESIAN_POINT('',(-6.,-7.347880794884E-16));
#4260 = CARTESIAN_POINT('',(-1.5,2.598076211353));
#4261 = CARTESIAN_POINT('',(3.,5.196152422707));
#4262 = CARTESIAN_POINT('',(3.,0.));
#4263 = ( GEOMETRIC_REPRESENTATION_CONTEXT(2) 
PARAMETRIC_REPRESENTATION_CONTEXT() REPRESENTATION_CONTEXT('2D SPACE',''
  ) );
#4264 = ORIENTED_EDGE('',*,*,#4265,.T.);
#4265 = EDGE_CURVE('',#4233,#843,#4266,.T.);
#4266 = SEAM_CURVE('',#4267,(#4271,#4278),.PCURVE_S1.);
#4267 = LINE('',#4268,#4269);
#4268 = CARTESIAN_POINT('',(128.,75.,15.));
#4269 = VECTOR('',#4270,1.);
#4270 = DIRECTION('',(0.,0.,1.));
#4271 = PCURVE('',#863,#4272);
#4272 = DEFINITIONAL_REPRESENTATION('',(#4273),#4277);
#4273 = LINE('',#4274,#4275);
#4274 = CARTESIAN_POINT('',(-6.28318530718,0.));
#4275 = VECTOR('',#4276,1.);
#4276 = DIRECTION('',(-0.,-1.));
#4277 = ( GEOMETRIC_REPRESENTATION_CONTEXT(2) 
PARAMETRIC_REPRESENTATION_CONTEXT() REPRESENTATION_CONTEXT('2D SPACE',''
  ) );
#4278 = PCURVE('',#863,#4279);
#4279 = DEFINITIONAL_REPRESENTATION('',(#4280),#4284);
#4280 = LINE('',#4281,#4282);
#4281 = CARTESIAN_POINT('',(-0.,0.));
#4282 = VECTOR('',#4283,1.);
#4283 = DIRECTION('',(-0.,-1.));
#4284 = ( GEOMETRIC_REPRESENTATION_CONTEXT(2) 
PARAMETRIC_REPRESENTATION_CONTEXT() REPRESENTATION_CONTEXT('2D SPACE',''
  ) );
#4285 = ORIENTED_EDGE('',*,*,#842,.F.);
#4286 = ORIENTED_EDGE('',*,*,#4265,.F.);
#4287 = ADVANCED_FACE('',(#4288),#898,.F.);
#4288 = FACE_BOUND('',#4289,.T.);
#4289 = EDGE_LOOP('',(#4290,#4323,#4344,#4345));
#4290 = ORIENTED_EDGE('',*,*,#4291,.T.);
#4291 = EDGE_CURVE('',#4292,#4292,#4294,.T.);
#4292 = VERTEX_POINT('',#4293);
#4293 = CARTESIAN_POINT('',(178.,75.,16.));
#4294 = SURFACE_CURVE('',#4295,(#4300,#4307),.PCURVE_S1.);
#4295 = CIRCLE('',#4296,3.);
#4296 = AXIS2_PLACEMENT_3D('',#4297,#4298,#4299);
#4297 = CARTESIAN_POINT('',(175.,75.,16.));
#4298 = DIRECTION('',(0.,0.,-1.));
#4299 = DIRECTION('',(1.,0.,0.));
#4300 = PCURVE('',#898,#4301);
#4301 = DEFINITIONAL_REPRESENTATION('',(#4302),#4306);
#4302 = LINE('',#4303,#4304);
#4303 = CARTESIAN_POINT('',(-6.28318530718,-1.));
#4304 = VECTOR('',#4305,1.);
#4305 = DIRECTION('',(1.,-0.));
#4306 = ( GEOMETRIC_REPRESENTATION_CONTEXT(2) 
PARAMETRIC_REPRESENTATION_CONTEXT() REPRESENTATION_CONTEXT('2D SPACE',''
  ) );
#4307 = PCURVE('',#4308,#4313);
#4308 = PLANE('',#4309);
#4309 = AXIS2_PLACEMENT_3D('',#4310,#4311,#4312);
#4310 = CARTESIAN_POINT('',(175.,75.,16.));
#4311 = DIRECTION('',(0.,0.,1.));
#4312 = DIRECTION('',(1.,0.,-0.));
#4313 = DEFINITIONAL_REPRESENTATION('',(#4314),#4322);
#4314 = ( BOUNDED_CURVE() B_SPLINE_CURVE(2,(#4315,#4316,#4317,#4318,
#4319,#4320,#4321),.UNSPECIFIED.,.T.,.F.) B_SPLINE_CURVE_WITH_KNOTS((1,2
    ,2,2,2,1),(-2.094395102393,0.,2.094395102393,4.188790204786,
6.28318530718,8.377580409573),.UNSPECIFIED.) CURVE() 
GEOMETRIC_REPRESENTATION_ITEM() RATIONAL_B_SPLINE_CURVE((1.,0.5,1.,0.5,
1.,0.5,1.)) REPRESENTATION_ITEM('') );
#4315 = CARTESIAN_POINT('',(3.,0.));
#4316 = CARTESIAN_POINT('',(3.,-5.196152422707));
#4317 = CARTESIAN_POINT('',(-1.5,-2.598076211353));
#4318 = CARTESIAN_POINT('',(-6.,-7.347880794884E-16));
#4319 = CARTESIAN_POINT('',(-1.5,2.598076211353));
#4320 = CARTESIAN_POINT('',(3.,5.196152422707));
#4321 = CARTESIAN_POINT('',(3.,0.));
#4322 = ( GEOMETRIC_REPRESENTATION_CONTEXT(2) 
PARAMETRIC_REPRESENTATION_CONTEXT() REPRESENTATION_CONTEXT('2D SPACE',''
  ) );
#4323 = ORIENTED_EDGE('',*,*,#4324,.T.);
#4324 = EDGE_CURVE('',#4292,#878,#4325,.T.);
#4325 = SEAM_CURVE('',#4326,(#4330,#4337),.PCURVE_S1.);
#4326 = LINE('',#4327,#4328);
#4327 = CARTESIAN_POINT('',(178.,75.,15.));
#4328 = VECTOR('',#4329,1.);
#4329 = DIRECTION('',(0.,0.,1.));
#4330 = PCURVE('',#898,#4331);
#4331 = DEFINITIONAL_REPRESENTATION('',(#4332),#4336);
#4332 = LINE('',#4333,#4334);
#4333 = CARTESIAN_POINT('',(-6.28318530718,0.));
#4334 = VECTOR('',#4335,1.);
#4335 = DIRECTION('',(-0.,-1.));
#4336 = ( GEOMETRIC_REPRESENTATION_CONTEXT(2) 
PARAMETRIC_REPRESENTATION_CONTEXT() REPRESENTATION_CONTEXT('2D SPACE',''
  ) );
#4337 = PCURVE('',#898,#4338);
#4338 = DEFINITIONAL_REPRESENTATION('',(#4339),#4343);
#4339 = LINE('',#4340,#4341);
#4340 = CARTESIAN_POINT('',(-0.,0.));
#4341 = VECTOR('',#4342,1.);
#4342 = DIRECTION('',(-0.,-1.));
#4343 = ( GEOMETRIC_REPRESENTATION_CONTEXT(2) 
PARAMETRIC_REPRESENTATION_CONTEXT() REPRESENTATION_CONTEXT('2D SPACE',''
  ) );
#4344 = ORIENTED_EDGE('',*,*,#877,.F.);
#4345 = ORIENTED_EDGE('',*,*,#4324,.F.);
#4346 = ADVANCED_FACE('',(#4347),#933,.F.);
#4347 = FACE_BOUND('',#4348,.T.);
#4348 = EDGE_LOOP('',(#4349,#4382,#4403,#4404));
#4349 = ORIENTED_EDGE('',*,*,#4350,.T.);
#4350 = EDGE_CURVE('',#4351,#4351,#4353,.T.);
#4351 = VERTEX_POINT('',#4352);
#4352 = CARTESIAN_POINT('',(28.,125.,16.));
#4353 = SURFACE_CURVE('',#4354,(#4359,#4366),.PCURVE_S1.);
#4354 = CIRCLE('',#4355,3.);
#4355 = AXIS2_PLACEMENT_3D('',#4356,#4357,#4358);
#4356 = CARTESIAN_POINT('',(25.,125.,16.));
#4357 = DIRECTION('',(0.,0.,-1.));
#4358 = DIRECTION('',(1.,0.,0.));
#4359 = PCURVE('',#933,#4360);
#4360 = DEFINITIONAL_REPRESENTATION('',(#4361),#4365);
#4361 = LINE('',#4362,#4363);
#4362 = CARTESIAN_POINT('',(-6.28318530718,-1.));
#4363 = VECTOR('',#4364,1.);
#4364 = DIRECTION('',(1.,-0.));
#4365 = ( GEOMETRIC_REPRESENTATION_CONTEXT(2) 
PARAMETRIC_REPRESENTATION_CONTEXT() REPRESENTATION_CONTEXT('2D SPACE',''
  ) );
#4366 = PCURVE('',#4367,#4372);
#4367 = PLANE('',#4368);
#4368 = AXIS2_PLACEMENT_3D('',#4369,#4370,#4371);
#4369 = CARTESIAN_POINT('',(25.,125.,16.));
#4370 = DIRECTION('',(0.,0.,1.));
#4371 = DIRECTION('',(1.,0.,-0.));
#4372 = DEFINITIONAL_REPRESENTATION('',(#4373),#4381);
#4373 = ( BOUNDED_CURVE() B_SPLINE_CURVE(2,(#4374,#4375,#4376,#4377,
#4378,#4379,#4380),.UNSPECIFIED.,.T.,.F.) B_SPLINE_CURVE_WITH_KNOTS((1,2
    ,2,2,2,1),(-2.094395102393,0.,2.094395102393,4.188790204786,
6.28318530718,8.377580409573),.UNSPECIFIED.) CURVE() 
GEOMETRIC_REPRESENTATION_ITEM() RATIONAL_B_SPLINE_CURVE((1.,0.5,1.,0.5,
1.,0.5,1.)) REPRESENTATION_ITEM('') );
#4374 = CARTESIAN_POINT('',(3.,0.));
#4375 = CARTESIAN_POINT('',(3.,-5.196152422707));
#4376 = CARTESIAN_POINT('',(-1.5,-2.598076211353));
#4377 = CARTESIAN_POINT('',(-6.,-7.347880794884E-16));
#4378 = CARTESIAN_POINT('',(-1.5,2.598076211353));
#4379 = CARTESIAN_POINT('',(3.,5.196152422707));
#4380 = CARTESIAN_POINT('',(3.,0.));
#4381 = ( GEOMETRIC_REPRESENTATION_CONTEXT(2) 
PARAMETRIC_REPRESENTATION_CONTEXT() REPRESENTATION_CONTEXT('2D SPACE',''
  ) );
#4382 = ORIENTED_EDGE('',*,*,#4383,.T.);
#4383 = EDGE_CURVE('',#4351,#913,#4384,.T.);
#4384 = SEAM_CURVE('',#4385,(#4389,#4396),.PCURVE_S1.);
#4385 = LINE('',#4386,#4387);
#4386 = CARTESIAN_POINT('',(28.,125.,15.));
#4387 = VECTOR('',#4388,1.);
#4388 = DIRECTION('',(0.,0.,1.));
#4389 = PCURVE('',#933,#4390);
#4390 = DEFINITIONAL_REPRESENTATION('',(#4391),#4395);
#4391 = LINE('',#4392,#4393);
#4392 = CARTESIAN_POINT('',(-6.28318530718,0.));
#4393 = VECTOR('',#4394,1.);
#4394 = DIRECTION('',(-0.,-1.));
#4395 = ( GEOMETRIC_REPRESENTATION_CONTEXT(2) 
PARAMETRIC_REPRESENTATION_CONTEXT() REPRESENTATION_CONTEXT('2D SPACE',''
  ) );
#4396 = PCURVE('',#933,#4397);
#4397 = DEFINITIONAL_REPRESENTATION('',(#4398),#4402);
#4398 = LINE('',#4399,#4400);
#4399 = CARTESIAN_POINT('',(-0.,0.));
#4400 = VECTOR('',#4401,1.);
#4401 = DIRECTION('',(-0.,-1.));
#4402 = ( GEOMETRIC_REPRESENTATION_CONTEXT(2) 
PARAMETRIC_REPRESENTATION_CONTEXT() REPRESENTATION_CONTEXT('2D SPACE',''
  ) );
#4403 = ORIENTED_EDGE('',*,*,#912,.F.);
#4404 = ORIENTED_EDGE('',*,*,#4383,.F.);
#4405 = ADVANCED_FACE('',(#4406),#968,.F.);
#4406 = FACE_BOUND('',#4407,.T.);
#4407 = EDGE_LOOP('',(#4408,#4441,#4462,#4463));
#4408 = ORIENTED_EDGE('',*,*,#4409,.T.);
#4409 = EDGE_CURVE('',#4410,#4410,#4412,.T.);
#4410 = VERTEX_POINT('',#4411);
#4411 = CARTESIAN_POINT('',(78.,125.,16.));
#4412 = SURFACE_CURVE('',#4413,(#4418,#4425),.PCURVE_S1.);
#4413 = CIRCLE('',#4414,3.);
#4414 = AXIS2_PLACEMENT_3D('',#4415,#4416,#4417);
#4415 = CARTESIAN_POINT('',(75.,125.,16.));
#4416 = DIRECTION('',(0.,0.,-1.));
#4417 = DIRECTION('',(1.,0.,0.));
#4418 = PCURVE('',#968,#4419);
#4419 = DEFINITIONAL_REPRESENTATION('',(#4420),#4424);
#4420 = LINE('',#4421,#4422);
#4421 = CARTESIAN_POINT('',(-6.28318530718,-1.));
#4422 = VECTOR('',#4423,1.);
#4423 = DIRECTION('',(1.,-0.));
#4424 = ( GEOMETRIC_REPRESENTATION_CONTEXT(2) 
PARAMETRIC_REPRESENTATION_CONTEXT() REPRESENTATION_CONTEXT('2D SPACE',''
  ) );
#4425 = PCURVE('',#4426,#4431);
#4426 = PLANE('',#4427);
#4427 = AXIS2_PLACEMENT_3D('',#4428,#4429,#4430);
#4428 = CARTESIAN_POINT('',(75.,125.,16.));
#4429 = DIRECTION('',(0.,0.,1.));
#4430 = DIRECTION('',(1.,0.,-0.));
#4431 = DEFINITIONAL_REPRESENTATION('',(#4432),#4440);
#4432 = ( BOUNDED_CURVE() B_SPLINE_CURVE(2,(#4433,#4434,#4435,#4436,
#4437,#4438,#4439),.UNSPECIFIED.,.T.,.F.) B_SPLINE_CURVE_WITH_KNOTS((1,2
    ,2,2,2,1),(-2.094395102393,0.,2.094395102393,4.188790204786,
6.28318530718,8.377580409573),.UNSPECIFIED.) CURVE() 
GEOMETRIC_REPRESENTATION_ITEM() RATIONAL_B_SPLINE_CURVE((1.,0.5,1.,0.5,
1.,0.5,1.)) REPRESENTATION_ITEM('') );
#4433 = CARTESIAN_POINT('',(3.,0.));
#4434 = CARTESIAN_POINT('',(3.,-5.196152422707));
#4435 = CARTESIAN_POINT('',(-1.5,-2.598076211353));
#4436 = CARTESIAN_POINT('',(-6.,-7.347880794884E-16));
#4437 = CARTESIAN_POINT('',(-1.5,2.598076211353));
#4438 = CARTESIAN_POINT('',(3.,5.196152422707));
#4439 = CARTESIAN_POINT('',(3.,0.));
#4440 = ( GEOMETRIC_REPRESENTATION_CONTEXT(2) 
PARAMETRIC_REPRESENTATION_CONTEXT() REPRESENTATION_CONTEXT('2D SPACE',''
  ) );
#4441 = ORIENTED_EDGE('',*,*,#4442,.T.);
#4442 = EDGE_CURVE('',#4410,#948,#4443,.T.);
#4443 = SEAM_CURVE('',#4444,(#4448,#4455),.PCURVE_S1.);
#4444 = LINE('',#4445,#4446);
#4445 = CARTESIAN_POINT('',(78.,125.,15.));
#4446 = VECTOR('',#4447,1.);
#4447 = DIRECTION('',(0.,0.,1.));
#4448 = PCURVE('',#968,#4449);
#4449 = DEFINITIONAL_REPRESENTATION('',(#4450),#4454);
#4450 = LINE('',#4451,#4452);
#4451 = CARTESIAN_POINT('',(-6.28318530718,0.));
#4452 = VECTOR('',#4453,1.);
#4453 = DIRECTION('',(-0.,-1.));
#4454 = ( GEOMETRIC_REPRESENTATION_CONTEXT(2) 
PARAMETRIC_REPRESENTATION_CONTEXT() REPRESENTATION_CONTEXT('2D SPACE',''
  ) );
#4455 = PCURVE('',#968,#4456);
#4456 = DEFINITIONAL_REPRESENTATION('',(#4457),#4461);
#4457 = LINE('',#4458,#4459);
#4458 = CARTESIAN_POINT('',(-0.,0.));
#4459 = VECTOR('',#4460,1.);
#4460 = DIRECTION('',(-0.,-1.));
#4461 = ( GEOMETRIC_REPRESENTATION_CONTEXT(2) 
PARAMETRIC_REPRESENTATION_CONTEXT() REPRESENTATION_CONTEXT('2D SPACE',''
  ) );
#4462 = ORIENTED_EDGE('',*,*,#947,.F.);
#4463 = ORIENTED_EDGE('',*,*,#4442,.F.);
#4464 = ADVANCED_FACE('',(#4465),#1003,.F.);
#4465 = FACE_BOUND('',#4466,.T.);
#4466 = EDGE_LOOP('',(#4467,#4500,#4521,#4522));
#4467 = ORIENTED_EDGE('',*,*,#4468,.T.);
#4468 = EDGE_CURVE('',#4469,#4469,#4471,.T.);
#4469 = VERTEX_POINT('',#4470);
#4470 = CARTESIAN_POINT('',(128.,125.,16.));
#4471 = SURFACE_CURVE('',#4472,(#4477,#4484),.PCURVE_S1.);
#4472 = CIRCLE('',#4473,3.);
#4473 = AXIS2_PLACEMENT_3D('',#4474,#4475,#4476);
#4474 = CARTESIAN_POINT('',(125.,125.,16.));
#4475 = DIRECTION('',(0.,0.,-1.));
#4476 = DIRECTION('',(1.,0.,0.));
#4477 = PCURVE('',#1003,#4478);
#4478 = DEFINITIONAL_REPRESENTATION('',(#4479),#4483);
#4479 = LINE('',#4480,#4481);
#4480 = CARTESIAN_POINT('',(-6.28318530718,-1.));
#4481 = VECTOR('',#4482,1.);
#4482 = DIRECTION('',(1.,-0.));
#4483 = ( GEOMETRIC_REPRESENTATION_CONTEXT(2) 
PARAMETRIC_REPRESENTATION_CONTEXT() REPRESENTATION_CONTEXT('2D SPACE',''
  ) );
#4484 = PCURVE('',#4485,#4490);
#4485 = PLANE('',#4486);
#4486 = AXIS2_PLACEMENT_3D('',#4487,#4488,#4489);
#4487 = CARTESIAN_POINT('',(125.,125.,16.));
#4488 = DIRECTION('',(0.,0.,1.));
#4489 = DIRECTION('',(1.,0.,-0.));
#4490 = DEFINITIONAL_REPRESENTATION('',(#4491),#4499);
#4491 = ( BOUNDED_CURVE() B_SPLINE_CURVE(2,(#4492,#4493,#4494,#4495,
#4496,#4497,#4498),.UNSPECIFIED.,.T.,.F.) B_SPLINE_CURVE_WITH_KNOTS((1,2
    ,2,2,2,1),(-2.094395102393,0.,2.094395102393,4.188790204786,
6.28318530718,8.377580409573),.UNSPECIFIED.) CURVE() 
GEOMETRIC_REPRESENTATION_ITEM() RATIONAL_B_SPLINE_CURVE((1.,0.5,1.,0.5,
1.,0.5,1.)) REPRESENTATION_ITEM('') );
#4492 = CARTESIAN_POINT('',(3.,0.));
#4493 = CARTESIAN_POINT('',(3.,-5.196152422707));
#4494 = CARTESIAN_POINT('',(-1.5,-2.598076211353));
#4495 = CARTESIAN_POINT('',(-6.,-7.347880794884E-16));
#4496 = CARTESIAN_POINT('',(-1.5,2.598076211353));
#4497 = CARTESIAN_POINT('',(3.,5.196152422707));
#4498 = CARTESIAN_POINT('',(3.,0.));
#4499 = ( GEOMETRIC_REPRESENTATION_CONTEXT(2) 
PARAMETRIC_REPRESENTATION_CONTEXT() REPRESENTATION_CONTEXT('2D SPACE',''
  ) );
#4500 = ORIENTED_EDGE('',*,*,#4501,.T.);
#4501 = EDGE_CURVE('',#4469,#983,#4502,.T.);
#4502 = SEAM_CURVE('',#4503,(#4507,#4514),.PCURVE_S1.);
#4503 = LINE('',#4504,#4505);
#4504 = CARTESIAN_POINT('',(128.,125.,15.));
#4505 = VECTOR('',#4506,1.);
#4506 = DIRECTION('',(0.,0.,1.));
#4507 = PCURVE('',#1003,#4508);
#4508 = DEFINITIONAL_REPRESENTATION('',(#4509),#4513);
#4509 = LINE('',#4510,#4511);
#4510 = CARTESIAN_POINT('',(-6.28318530718,0.));
#4511 = VECTOR('',#4512,1.);
#4512 = DIRECTION('',(-0.,-1.));
#4513 = ( GEOMETRIC_REPRESENTATION_CONTEXT(2) 
PARAMETRIC_REPRESENTATION_CONTEXT() REPRESENTATION_CONTEXT('2D SPACE',''
  ) );
#4514 = PCURVE('',#1003,#4515);
#4515 = DEFINITIONAL_REPRESENTATION('',(#4516),#4520);
#4516 = LINE('',#4517,#4518);
#4517 = CARTESIAN_POINT('',(-0.,0.));
#4518 = VECTOR('',#4519,1.);
#4519 = DIRECTION('',(-0.,-1.));
#4520 = ( GEOMETRIC_REPRESENTATION_CONTEXT(2) 
PARAMETRIC_REPRESENTATION_CONTEXT() REPRESENTATION_CONTEXT('2D SPACE',''
  ) );
#4521 = ORIENTED_EDGE('',*,*,#982,.F.);
#4522 = ORIENTED_EDGE('',*,*,#4501,.F.);
#4523 = ADVANCED_FACE('',(#4524),#1038,.F.);
#4524 = FACE_BOUND('',#4525,.T.);
#4525 = EDGE_LOOP('',(#4526,#4559,#4580,#4581));
#4526 = ORIENTED_EDGE('',*,*,#4527,.T.);
#4527 = EDGE_CURVE('',#4528,#4528,#4530,.T.);
#4528 = VERTEX_POINT('',#4529);
#4529 = CARTESIAN_POINT('',(178.,125.,16.));
#4530 = SURFACE_CURVE('',#4531,(#4536,#4543),.PCURVE_S1.);
#4531 = CIRCLE('',#4532,3.);
#4532 = AXIS2_PLACEMENT_3D('',#4533,#4534,#4535);
#4533 = CARTESIAN_POINT('',(175.,125.,16.));
#4534 = DIRECTION('',(0.,0.,-1.));
#4535 = DIRECTION('',(1.,0.,0.));
#4536 = PCURVE('',#1038,#4537);
#4537 = DEFINITIONAL_REPRESENTATION('',(#4538),#4542);
#4538 = LINE('',#4539,#4540);
#4539 = CARTESIAN_POINT('',(-6.28318530718,-1.));
#4540 = VECTOR('',#4541,1.);
#4541 = DIRECTION('',(1.,-0.));
#4542 = ( GEOMETRIC_REPRESENTATION_CONTEXT(2) 
PARAMETRIC_REPRESENTATION_CONTEXT() REPRESENTATION_CONTEXT('2D SPACE',''
  ) );
#4543 = PCURVE('',#4544,#4549);
#4544 = PLANE('',#4545);
#4545 = AXIS2_PLACEMENT_3D('',#4546,#4547,#4548);
#4546 = CARTESIAN_POINT('',(175.,125.,16.));
#4547 = DIRECTION('',(0.,0.,1.));
#4548 = DIRECTION('',(1.,0.,-0.));
#4549 = DEFINITIONAL_REPRESENTATION('',(#4550),#4558);
#4550 = ( BOUNDED_CURVE() B_SPLINE_CURVE(2,(#4551,#4552,#4553,#4554,
#4555,#4556,#4557),.UNSPECIFIED.,.T.,.F.) B_SPLINE_CURVE_WITH_KNOTS((1,2
    ,2,2,2,1),(-2.094395102393,0.,2.094395102393,4.188790204786,
6.28318530718,8.377580409573),.UNSPECIFIED.) CURVE() 
GEOMETRIC_REPRESENTATION_ITEM() RATIONAL_B_SPLINE_CURVE((1.,0.5,1.,0.5,
1.,0.5,1.)) REPRESENTATION_ITEM('') );
#4551 = CARTESIAN_POINT('',(3.,0.));
#4552 = CARTESIAN_POINT('',(3.,-5.196152422707));
#4553 = CARTESIAN_POINT('',(-1.5,-2.598076211353));
#4554 = CARTESIAN_POINT('',(-6.,-7.347880794884E-16));
#4555 = CARTESIAN_POINT('',(-1.5,2.598076211353));
#4556 = CARTESIAN_POINT('',(3.,5.196152422707));
#4557 = CARTESIAN_POINT('',(3.,0.));
#4558 = ( GEOMETRIC_REPRESENTATION_CONTEXT(2) 
PARAMETRIC_REPRESENTATION_CONTEXT() REPRESENTATION_CONTEXT('2D SPACE',''
  ) );
#4559 = ORIENTED_EDGE('',*,*,#4560,.T.);
#4560 = EDGE_CURVE('',#4528,#1018,#4561,.T.);
#4561 = SEAM_CURVE('',#4562,(#4566,#4573),.PCURVE_S1.);
#4562 = LINE('',#4563,#4564);
#4563 = CARTESIAN_POINT('',(178.,125.,15.));
#4564 = VECTOR('',#4565,1.);
#4565 = DIRECTION('',(0.,0.,1.));
#4566 = PCURVE('',#1038,#4567);
#4567 = DEFINITIONAL_REPRESENTATION('',(#4568),#4572);
#4568 = LINE('',#4569,#4570);
#4569 = CARTESIAN_POINT('',(-6.28318530718,0.));
#4570 = VECTOR('',#4571,1.);
#4571 = DIRECTION('',(-0.,-1.));
#4572 = ( GEOMETRIC_REPRESENTATION_CONTEXT(2) 
PARAMETRIC_REPRESENTATION_CONTEXT() REPRESENTATION_CONTEXT('2D SPACE',''
  ) );
#4573 = PCURVE('',#1038,#4574);
#4574 = DEFINITIONAL_REPRESENTATION('',(#4575),#4579);
#4575 = LINE('',#4576,#4577);
#4576 = CARTESIAN_POINT('',(-0.,0.));
#4577 = VECTOR('',#4578,1.);
#4578 = DIRECTION('',(-0.,-1.));
#4579 = ( GEOMETRIC_REPRESENTATION_CONTEXT(2) 
PARAMETRIC_REPRESENTATION_CONTEXT() REPRESENTATION_CONTEXT('2D SPACE',''
  ) );
#4580 = ORIENTED_EDGE('',*,*,#1017,.F.);
#4581 = ORIENTED_EDGE('',*,*,#4560,.F.);
#4582 = ADVANCED_FACE('',(#4583),#1073,.F.);
#4583 = FACE_BOUND('',#4584,.T.);
#4584 = EDGE_LOOP('',(#4585,#4618,#4639,#4640));
#4585 = ORIENTED_EDGE('',*,*,#4586,.T.);
#4586 = EDGE_CURVE('',#4587,#4587,#4589,.T.);
#4587 = VERTEX_POINT('',#4588);
#4588 = CARTESIAN_POINT('',(228.,25.,16.));
#4589 = SURFACE_CURVE('',#4590,(#4595,#4602),.PCURVE_S1.);
#4590 = CIRCLE('',#4591,3.);
#4591 = AXIS2_PLACEMENT_3D('',#4592,#4593,#4594);
#4592 = CARTESIAN_POINT('',(225.,25.,16.));
#4593 = DIRECTION('',(0.,0.,-1.));
#4594 = DIRECTION('',(1.,0.,0.));
#4595 = PCURVE('',#1073,#4596);
#4596 = DEFINITIONAL_REPRESENTATION('',(#4597),#4601);
#4597 = LINE('',#4598,#4599);
#4598 = CARTESIAN_POINT('',(-6.28318530718,-1.));
#4599 = VECTOR('',#4600,1.);
#4600 = DIRECTION('',(1.,-0.));
#4601 = ( GEOMETRIC_REPRESENTATION_CONTEXT(2) 
PARAMETRIC_REPRESENTATION_CONTEXT() REPRESENTATION_CONTEXT('2D SPACE',''
  ) );
#4602 = PCURVE('',#4603,#4608);
#4603 = PLANE('',#4604);
#4604 = AXIS2_PLACEMENT_3D('',#4605,#4606,#4607);
#4605 = CARTESIAN_POINT('',(225.,25.,16.));
#4606 = DIRECTION('',(0.,0.,1.));
#4607 = DIRECTION('',(1.,0.,-0.));
#4608 = DEFINITIONAL_REPRESENTATION('',(#4609),#4617);
#4609 = ( BOUNDED_CURVE() B_SPLINE_CURVE(2,(#4610,#4611,#4612,#4613,
#4614,#4615,#4616),.UNSPECIFIED.,.T.,.F.) B_SPLINE_CURVE_WITH_KNOTS((1,2
    ,2,2,2,1),(-2.094395102393,0.,2.094395102393,4.188790204786,
6.28318530718,8.377580409573),.UNSPECIFIED.) CURVE() 
GEOMETRIC_REPRESENTATION_ITEM() RATIONAL_B_SPLINE_CURVE((1.,0.5,1.,0.5,
1.,0.5,1.)) REPRESENTATION_ITEM('') );
#4610 = CARTESIAN_POINT('',(3.,0.));
#4611 = CARTESIAN_POINT('',(3.,-5.196152422707));
#4612 = CARTESIAN_POINT('',(-1.5,-2.598076211353));
#4613 = CARTESIAN_POINT('',(-6.,-7.347880794884E-16));
#4614 = CARTESIAN_POINT('',(-1.5,2.598076211353));
#4615 = CARTESIAN_POINT('',(3.,5.196152422707));
#4616 = CARTESIAN_POINT('',(3.,0.));
#4617 = ( GEOMETRIC_REPRESENTATION_CONTEXT(2) 
PARAMETRIC_REPRESENTATION_CONTEXT() REPRESENTATION_CONTEXT('2D SPACE',''
  ) );
#4618 = ORIENTED_EDGE('',*,*,#4619,.T.);
#4619 = EDGE_CURVE('',#4587,#1053,#4620,.T.);
#4620 = SEAM_CURVE('',#4621,(#4625,#4632),.PCURVE_S1.);
#4621 = LINE('',#4622,#4623);
#4622 = CARTESIAN_POINT('',(228.,25.,15.));
#4623 = VECTOR('',#4624,1.);
#4624 = DIRECTION('',(0.,0.,1.));
#4625 = PCURVE('',#1073,#4626);
#4626 = DEFINITIONAL_REPRESENTATION('',(#4627),#4631);
#4627 = LINE('',#4628,#4629);
#4628 = CARTESIAN_POINT('',(-6.28318530718,0.));
#4629 = VECTOR('',#4630,1.);
#4630 = DIRECTION('',(-0.,-1.));
#4631 = ( GEOMETRIC_REPRESENTATION_CONTEXT(2) 
PARAMETRIC_REPRESENTATION_CONTEXT() REPRESENTATION_CONTEXT('2D SPACE',''
  ) );
#4632 = PCURVE('',#1073,#4633);
#4633 = DEFINITIONAL_REPRESENTATION('',(#4634),#4638);
#4634 = LINE('',#4635,#4636);
#4635 = CARTESIAN_POINT('',(-0.,0.));
#4636 = VECTOR('',#4637,1.);
#4637 = DIRECTION('',(-0.,-1.));
#4638 = ( GEOMETRIC_REPRESENTATION_CONTEXT(2) 
PARAMETRIC_REPRESENTATION_CONTEXT() REPRESENTATION_CONTEXT('2D SPACE',''
  ) );
#4639 = ORIENTED_EDGE('',*,*,#1052,.F.);
#4640 = ORIENTED_EDGE('',*,*,#4619,.F.);
#4641 = ADVANCED_FACE('',(#4642),#1108,.F.);
#4642 = FACE_BOUND('',#4643,.T.);
#4643 = EDGE_LOOP('',(#4644,#4677,#4698,#4699));
#4644 = ORIENTED_EDGE('',*,*,#4645,.T.);
#4645 = EDGE_CURVE('',#4646,#4646,#4648,.T.);
#4646 = VERTEX_POINT('',#4647);
#4647 = CARTESIAN_POINT('',(278.,25.,16.));
#4648 = SURFACE_CURVE('',#4649,(#4654,#4661),.PCURVE_S1.);
#4649 = CIRCLE('',#4650,3.);
#4650 = AXIS2_PLACEMENT_3D('',#4651,#4652,#4653);
#4651 = CARTESIAN_POINT('',(275.,25.,16.));
#4652 = DIRECTION('',(0.,0.,-1.));
#4653 = DIRECTION('',(1.,0.,0.));
#4654 = PCURVE('',#1108,#4655);
#4655 = DEFINITIONAL_REPRESENTATION('',(#4656),#4660);
#4656 = LINE('',#4657,#4658);
#4657 = CARTESIAN_POINT('',(-6.28318530718,-1.));
#4658 = VECTOR('',#4659,1.);
#4659 = DIRECTION('',(1.,-0.));
#4660 = ( GEOMETRIC_REPRESENTATION_CONTEXT(2) 
PARAMETRIC_REPRESENTATION_CONTEXT() REPRESENTATION_CONTEXT('2D SPACE',''
  ) );
#4661 = PCURVE('',#4662,#4667);
#4662 = PLANE('',#4663);
#4663 = AXIS2_PLACEMENT_3D('',#4664,#4665,#4666);
#4664 = CARTESIAN_POINT('',(275.,25.,16.));
#4665 = DIRECTION('',(0.,0.,1.));
#4666 = DIRECTION('',(1.,0.,-0.));
#4667 = DEFINITIONAL_REPRESENTATION('',(#4668),#4676);
#4668 = ( BOUNDED_CURVE() B_SPLINE_CURVE(2,(#4669,#4670,#4671,#4672,
#4673,#4674,#4675),.UNSPECIFIED.,.T.,.F.) B_SPLINE_CURVE_WITH_KNOTS((1,2
    ,2,2,2,1),(-2.094395102393,0.,2.094395102393,4.188790204786,
6.28318530718,8.377580409573),.UNSPECIFIED.) CURVE() 
GEOMETRIC_REPRESENTATION_ITEM() RATIONAL_B_SPLINE_CURVE((1.,0.5,1.,0.5,
1.,0.5,1.)) REPRESENTATION_ITEM('') );
#4669 = CARTESIAN_POINT('',(3.,0.));
#4670 = CARTESIAN_POINT('',(3.,-5.196152422707));
#4671 = CARTESIAN_POINT('',(-1.5,-2.598076211353));
#4672 = CARTESIAN_POINT('',(-6.,-7.347880794884E-16));
#4673 = CARTESIAN_POINT('',(-1.5,2.598076211353));
#4674 = CARTESIAN_POINT('',(3.,5.196152422707));
#4675 = CARTESIAN_POINT('',(3.,0.));
#4676 = ( GEOMETRIC_REPRESENTATION_CONTEXT(2) 
PARAMETRIC_REPRESENTATION_CONTEXT() REPRESENTATION_CONTEXT('2D SPACE',''
  ) );
#4677 = ORIENTED_EDGE('',*,*,#4678,.T.);
#4678 = EDGE_CURVE('',#4646,#1088,#4679,.T.);
#4679 = SEAM_CURVE('',#4680,(#4684,#4691),.PCURVE_S1.);
#4680 = LINE('',#4681,#4682);
#4681 = CARTESIAN_POINT('',(278.,25.,15.));
#4682 = VECTOR('',#4683,1.);
#4683 = DIRECTION('',(0.,0.,1.));
#4684 = PCURVE('',#1108,#4685);
#4685 = DEFINITIONAL_REPRESENTATION('',(#4686),#4690);
#4686 = LINE('',#4687,#4688);
#4687 = CARTESIAN_POINT('',(-6.28318530718,0.));
#4688 = VECTOR('',#4689,1.);
#4689 = DIRECTION('',(-0.,-1.));
#4690 = ( GEOMETRIC_REPRESENTATION_CONTEXT(2) 
PARAMETRIC_REPRESENTATION_CONTEXT() REPRESENTATION_CONTEXT('2D SPACE',''
  ) );
#4691 = PCURVE('',#1108,#4692);
#4692 = DEFINITIONAL_REPRESENTATION('',(#4693),#4697);
#4693 = LINE('',#4694,#4695);
#4694 = CARTESIAN_POINT('',(-0.,0.));
#4695 = VECTOR('',#4696,1.);
#4696 = DIRECTION('',(-0.,-1.));
#4697 = ( GEOMETRIC_REPRESENTATION_CONTEXT(2) 
PARAMETRIC_REPRESENTATION_CONTEXT() REPRESENTATION_CONTEXT('2D SPACE',''
  ) );
#4698 = ORIENTED_EDGE('',*,*,#1087,.F.);
#4699 = ORIENTED_EDGE('',*,*,#4678,.F.);
#4700 = ADVANCED_FACE('',(#4701),#1143,.F.);
#4701 = FACE_BOUND('',#4702,.T.);
#4702 = EDGE_LOOP('',(#4703,#4736,#4757,#4758));
#4703 = ORIENTED_EDGE('',*,*,#4704,.T.);
#4704 = EDGE_CURVE('',#4705,#4705,#4707,.T.);
#4705 = VERTEX_POINT('',#4706);
#4706 = CARTESIAN_POINT('',(328.,25.,16.));
#4707 = SURFACE_CURVE('',#4708,(#4713,#4720),.PCURVE_S1.);
#4708 = CIRCLE('',#4709,3.);
#4709 = AXIS2_PLACEMENT_3D('',#4710,#4711,#4712);
#4710 = CARTESIAN_POINT('',(325.,25.,16.));
#4711 = DIRECTION('',(0.,0.,-1.));
#4712 = DIRECTION('',(1.,0.,0.));
#4713 = PCURVE('',#1143,#4714);
#4714 = DEFINITIONAL_REPRESENTATION('',(#4715),#4719);
#4715 = LINE('',#4716,#4717);
#4716 = CARTESIAN_POINT('',(-6.28318530718,-1.));
#4717 = VECTOR('',#4718,1.);
#4718 = DIRECTION('',(1.,-0.));
#4719 = ( GEOMETRIC_REPRESENTATION_CONTEXT(2) 
PARAMETRIC_REPRESENTATION_CONTEXT() REPRESENTATION_CONTEXT('2D SPACE',''
  ) );
#4720 = PCURVE('',#4721,#4726);
#4721 = PLANE('',#4722);
#4722 = AXIS2_PLACEMENT_3D('',#4723,#4724,#4725);
#4723 = CARTESIAN_POINT('',(325.,25.,16.));
#4724 = DIRECTION('',(0.,0.,1.));
#4725 = DIRECTION('',(1.,0.,-0.));
#4726 = DEFINITIONAL_REPRESENTATION('',(#4727),#4735);
#4727 = ( BOUNDED_CURVE() B_SPLINE_CURVE(2,(#4728,#4729,#4730,#4731,
#4732,#4733,#4734),.UNSPECIFIED.,.T.,.F.) B_SPLINE_CURVE_WITH_KNOTS((1,2
    ,2,2,2,1),(-2.094395102393,0.,2.094395102393,4.188790204786,
6.28318530718,8.377580409573),.UNSPECIFIED.) CURVE() 
GEOMETRIC_REPRESENTATION_ITEM() RATIONAL_B_SPLINE_CURVE((1.,0.5,1.,0.5,
1.,0.5,1.)) REPRESENTATION_ITEM('') );
#4728 = CARTESIAN_POINT('',(3.,0.));
#4729 = CARTESIAN_POINT('',(3.,-5.196152422707));
#4730 = CARTESIAN_POINT('',(-1.5,-2.598076211353));
#4731 = CARTESIAN_POINT('',(-6.,-7.347880794884E-16));
#4732 = CARTESIAN_POINT('',(-1.5,2.598076211353));
#4733 = CARTESIAN_POINT('',(3.,5.196152422707));
#4734 = CARTESIAN_POINT('',(3.,0.));
#4735 = ( GEOMETRIC_REPRESENTATION_CONTEXT(2) 
PARAMETRIC_REPRESENTATION_CONTEXT() REPRESENTATION_CONTEXT('2D SPACE',''
  ) );
#4736 = ORIENTED_EDGE('',*,*,#4737,.T.);
#4737 = EDGE_CURVE('',#4705,#1123,#4738,.T.);
#4738 = SEAM_CURVE('',#4739,(#4743,#4750),.PCURVE_S1.);
#4739 = LINE('',#4740,#4741);
#4740 = CARTESIAN_POINT('',(328.,25.,15.));
#4741 = VECTOR('',#4742,1.);
#4742 = DIRECTION('',(0.,0.,1.));
#4743 = PCURVE('',#1143,#4744);
#4744 = DEFINITIONAL_REPRESENTATION('',(#4745),#4749);
#4745 = LINE('',#4746,#4747);
#4746 = CARTESIAN_POINT('',(-6.28318530718,0.));
#4747 = VECTOR('',#4748,1.);
#4748 = DIRECTION('',(-0.,-1.));
#4749 = ( GEOMETRIC_REPRESENTATION_CONTEXT(2) 
PARAMETRIC_REPRESENTATION_CONTEXT() REPRESENTATION_CONTEXT('2D SPACE',''
  ) );
#4750 = PCURVE('',#1143,#4751);
#4751 = DEFINITIONAL_REPRESENTATION('',(#4752),#4756);
#4752 = LINE('',#4753,#4754);
#4753 = CARTESIAN_POINT('',(-0.,0.));
#4754 = VECTOR('',#4755,1.);
#4755 = DIRECTION('',(-0.,-1.));
#4756 = ( GEOMETRIC_REPRESENTATION_CONTEXT(2) 
PARAMETRIC_REPRESENTATION_CONTEXT() REPRESENTATION_CONTEXT('2D SPACE',''
  ) );
#4757 = ORIENTED_EDGE('',*,*,#1122,.F.);
#4758 = ORIENTED_EDGE('',*,*,#4737,.F.);
#4759 = ADVANCED_FACE('',(#4760),#1178,.F.);
#4760 = FACE_BOUND('',#4761,.T.);
#4761 = EDGE_LOOP('',(#4762,#4795,#4816,#4817));
#4762 = ORIENTED_EDGE('',*,*,#4763,.T.);
#4763 = EDGE_CURVE('',#4764,#4764,#4766,.T.);
#4764 = VERTEX_POINT('',#4765);
#4765 = CARTESIAN_POINT('',(228.,75.,16.));
#4766 = SURFACE_CURVE('',#4767,(#4772,#4779),.PCURVE_S1.);
#4767 = CIRCLE('',#4768,3.);
#4768 = AXIS2_PLACEMENT_3D('',#4769,#4770,#4771);
#4769 = CARTESIAN_POINT('',(225.,75.,16.));
#4770 = DIRECTION('',(0.,0.,-1.));
#4771 = DIRECTION('',(1.,0.,0.));
#4772 = PCURVE('',#1178,#4773);
#4773 = DEFINITIONAL_REPRESENTATION('',(#4774),#4778);
#4774 = LINE('',#4775,#4776);
#4775 = CARTESIAN_POINT('',(-6.28318530718,-1.));
#4776 = VECTOR('',#4777,1.);
#4777 = DIRECTION('',(1.,-0.));
#4778 = ( GEOMETRIC_REPRESENTATION_CONTEXT(2) 
PARAMETRIC_REPRESENTATION_CONTEXT() REPRESENTATION_CONTEXT('2D SPACE',''
  ) );
#4779 = PCURVE('',#4780,#4785);
#4780 = PLANE('',#4781);
#4781 = AXIS2_PLACEMENT_3D('',#4782,#4783,#4784);
#4782 = CARTESIAN_POINT('',(225.,75.,16.));
#4783 = DIRECTION('',(0.,0.,1.));
#4784 = DIRECTION('',(1.,0.,-0.));
#4785 = DEFINITIONAL_REPRESENTATION('',(#4786),#4794);
#4786 = ( BOUNDED_CURVE() B_SPLINE_CURVE(2,(#4787,#4788,#4789,#4790,
#4791,#4792,#4793),.UNSPECIFIED.,.T.,.F.) B_SPLINE_CURVE_WITH_KNOTS((1,2
    ,2,2,2,1),(-2.094395102393,0.,2.094395102393,4.188790204786,
6.28318530718,8.377580409573),.UNSPECIFIED.) CURVE() 
GEOMETRIC_REPRESENTATION_ITEM() RATIONAL_B_SPLINE_CURVE((1.,0.5,1.,0.5,
1.,0.5,1.)) REPRESENTATION_ITEM('') );
#4787 = CARTESIAN_POINT('',(3.,0.));
#4788 = CARTESIAN_POINT('',(3.,-5.196152422707));
#4789 = CARTESIAN_POINT('',(-1.5,-2.598076211353));
#4790 = CARTESIAN_POINT('',(-6.,-7.347880794884E-16));
#4791 = CARTESIAN_POINT('',(-1.5,2.598076211353));
#4792 = CARTESIAN_POINT('',(3.,5.196152422707));
#4793 = CARTESIAN_POINT('',(3.,0.));
#4794 = ( GEOMETRIC_REPRESENTATION_CONTEXT(2) 
PARAMETRIC_REPRESENTATION_CONTEXT() REPRESENTATION_CONTEXT('2D SPACE',''
  ) );
#4795 = ORIENTED_EDGE('',*,*,#4796,.T.);
#4796 = EDGE_CURVE('',#4764,#1158,#4797,.T.);
#4797 = SEAM_CURVE('',#4798,(#4802,#4809),.PCURVE_S1.);
#4798 = LINE('',#4799,#4800);
#4799 = CARTESIAN_POINT('',(228.,75.,15.));
#4800 = VECTOR('',#4801,1.);
#4801 = DIRECTION('',(0.,0.,1.));
#4802 = PCURVE('',#1178,#4803);
#4803 = DEFINITIONAL_REPRESENTATION('',(#4804),#4808);
#4804 = LINE('',#4805,#4806);
#4805 = CARTESIAN_POINT('',(-6.28318530718,0.));
#4806 = VECTOR('',#4807,1.);
#4807 = DIRECTION('',(-0.,-1.));
#4808 = ( GEOMETRIC_REPRESENTATION_CONTEXT(2) 
PARAMETRIC_REPRESENTATION_CONTEXT() REPRESENTATION_CONTEXT('2D SPACE',''
  ) );
#4809 = PCURVE('',#1178,#4810);
#4810 = DEFINITIONAL_REPRESENTATION('',(#4811),#4815);
#4811 = LINE('',#4812,#4813);
#4812 = CARTESIAN_POINT('',(-0.,0.));
#4813 = VECTOR('',#4814,1.);
#4814 = DIRECTION('',(-0.,-1.));
#4815 = ( GEOMETRIC_REPRESENTATION_CONTEXT(2) 
PARAMETRIC_REPRESENTATION_CONTEXT() REPRESENTATION_CONTEXT('2D SPACE',''
  ) );
#4816 = ORIENTED_EDGE('',*,*,#1157,.F.);
#4817 = ORIENTED_EDGE('',*,*,#4796,.F.);
#4818 = ADVANCED_FACE('',(#4819),#1213,.F.);
#4819 = FACE_BOUND('',#4820,.T.);
#4820 = EDGE_LOOP('',(#4821,#4854,#4875,#4876));
#4821 = ORIENTED_EDGE('',*,*,#4822,.T.);
#4822 = EDGE_CURVE('',#4823,#4823,#4825,.T.);
#4823 = VERTEX_POINT('',#4824);
#4824 = CARTESIAN_POINT('',(278.,75.,16.));
#4825 = SURFACE_CURVE('',#4826,(#4831,#4838),.PCURVE_S1.);
#4826 = CIRCLE('',#4827,3.);
#4827 = AXIS2_PLACEMENT_3D('',#4828,#4829,#4830);
#4828 = CARTESIAN_POINT('',(275.,75.,16.));
#4829 = DIRECTION('',(0.,0.,-1.));
#4830 = DIRECTION('',(1.,0.,0.));
#4831 = PCURVE('',#1213,#4832);
#4832 = DEFINITIONAL_REPRESENTATION('',(#4833),#4837);
#4833 = LINE('',#4834,#4835);
#4834 = CARTESIAN_POINT('',(-6.28318530718,-1.));
#4835 = VECTOR('',#4836,1.);
#4836 = DIRECTION('',(1.,-0.));
#4837 = ( GEOMETRIC_REPRESENTATION_CONTEXT(2) 
PARAMETRIC_REPRESENTATION_CONTEXT() REPRESENTATION_CONTEXT('2D SPACE',''
  ) );
#4838 = PCURVE('',#4839,#4844);
#4839 = PLANE('',#4840);
#4840 = AXIS2_PLACEMENT_3D('',#4841,#4842,#4843);
#4841 = CARTESIAN_POINT('',(275.,75.,16.));
#4842 = DIRECTION('',(0.,0.,1.));
#4843 = DIRECTION('',(1.,0.,-0.));
#4844 = DEFINITIONAL_REPRESENTATION('',(#4845),#4853);
#4845 = ( BOUNDED_CURVE() B_SPLINE_CURVE(2,(#4846,#4847,#4848,#4849,
#4850,#4851,#4852),.UNSPECIFIED.,.T.,.F.) B_SPLINE_CURVE_WITH_KNOTS((1,2
    ,2,2,2,1),(-2.094395102393,0.,2.094395102393,4.188790204786,
6.28318530718,8.377580409573),.UNSPECIFIED.) CURVE() 
GEOMETRIC_REPRESENTATION_ITEM() RATIONAL_B_SPLINE_CURVE((1.,0.5,1.,0.5,
1.,0.5,1.)) REPRESENTATION_ITEM('') );
#4846 = CARTESIAN_POINT('',(3.,0.));
#4847 = CARTESIAN_POINT('',(3.,-5.196152422707));
#4848 = CARTESIAN_POINT('',(-1.5,-2.598076211353));
#4849 = CARTESIAN_POINT('',(-6.,-7.347880794884E-16));
#4850 = CARTESIAN_POINT('',(-1.5,2.598076211353));
#4851 = CARTESIAN_POINT('',(3.,5.196152422707));
#4852 = CARTESIAN_POINT('',(3.,0.));
#4853 = ( GEOMETRIC_REPRESENTATION_CONTEXT(2) 
PARAMETRIC_REPRESENTATION_CONTEXT() REPRESENTATION_CONTEXT('2D SPACE',''
  ) );
#4854 = ORIENTED_EDGE('',*,*,#4855,.T.);
#4855 = EDGE_CURVE('',#4823,#1193,#4856,.T.);
#4856 = SEAM_CURVE('',#4857,(#4861,#4868),.PCURVE_S1.);
#4857 = LINE('',#4858,#4859);
#4858 = CARTESIAN_POINT('',(278.,75.,15.));
#4859 = VECTOR('',#4860,1.);
#4860 = DIRECTION('',(0.,0.,1.));
#4861 = PCURVE('',#1213,#4862);
#4862 = DEFINITIONAL_REPRESENTATION('',(#4863),#4867);
#4863 = LINE('',#4864,#4865);
#4864 = CARTESIAN_POINT('',(-6.28318530718,0.));
#4865 = VECTOR('',#4866,1.);
#4866 = DIRECTION('',(-0.,-1.));
#4867 = ( GEOMETRIC_REPRESENTATION_CONTEXT(2) 
PARAMETRIC_REPRESENTATION_CONTEXT() REPRESENTATION_CONTEXT('2D SPACE',''
  ) );
#4868 = PCURVE('',#1213,#4869);
#4869 = DEFINITIONAL_REPRESENTATION('',(#4870),#4874);
#4870 = LINE('',#4871,#4872);
#4871 = CARTESIAN_POINT('',(-0.,0.));
#4872 = VECTOR('',#4873,1.);
#4873 = DIRECTION('',(-0.,-1.));
#4874 = ( GEOMETRIC_REPRESENTATION_CONTEXT(2) 
PARAMETRIC_REPRESENTATION_CONTEXT() REPRESENTATION_CONTEXT('2D SPACE',''
  ) );
#4875 = ORIENTED_EDGE('',*,*,#1192,.F.);
#4876 = ORIENTED_EDGE('',*,*,#4855,.F.);
#4877 = ADVANCED_FACE('',(#4878),#1248,.F.);
#4878 = FACE_BOUND('',#4879,.T.);
#4879 = EDGE_LOOP('',(#4880,#4913,#4934,#4935));
#4880 = ORIENTED_EDGE('',*,*,#4881,.T.);
#4881 = EDGE_CURVE('',#4882,#4882,#4884,.T.);
#4882 = VERTEX_POINT('',#4883);
#4883 = CARTESIAN_POINT('',(328.,75.,16.));
#4884 = SURFACE_CURVE('',#4885,(#4890,#4897),.PCURVE_S1.);
#4885 = CIRCLE('',#4886,3.);
#4886 = AXIS2_PLACEMENT_3D('',#4887,#4888,#4889);
#4887 = CARTESIAN_POINT('',(325.,75.,16.));
#4888 = DIRECTION('',(0.,0.,-1.));
#4889 = DIRECTION('',(1.,0.,0.));
#4890 = PCURVE('',#1248,#4891);
#4891 = DEFINITIONAL_REPRESENTATION('',(#4892),#4896);
#4892 = LINE('',#4893,#4894);
#4893 = CARTESIAN_POINT('',(-6.28318530718,-1.));
#4894 = VECTOR('',#4895,1.);
#4895 = DIRECTION('',(1.,-0.));
#4896 = ( GEOMETRIC_REPRESENTATION_CONTEXT(2) 
PARAMETRIC_REPRESENTATION_CONTEXT() REPRESENTATION_CONTEXT('2D SPACE',''
  ) );
#4897 = PCURVE('',#4898,#4903);
#4898 = PLANE('',#4899);
#4899 = AXIS2_PLACEMENT_3D('',#4900,#4901,#4902);
#4900 = CARTESIAN_POINT('',(325.,75.,16.));
#4901 = DIRECTION('',(0.,0.,1.));
#4902 = DIRECTION('',(1.,0.,-0.));
#4903 = DEFINITIONAL_REPRESENTATION('',(#4904),#4912);
#4904 = ( BOUNDED_CURVE() B_SPLINE_CURVE(2,(#4905,#4906,#4907,#4908,
#4909,#4910,#4911),.UNSPECIFIED.,.T.,.F.) B_SPLINE_CURVE_WITH_KNOTS((1,2
    ,2,2,2,1),(-2.094395102393,0.,2.094395102393,4.188790204786,
6.28318530718,8.377580409573),.UNSPECIFIED.) CURVE() 
GEOMETRIC_REPRESENTATION_ITEM() RATIONAL_B_SPLINE_CURVE((1.,0.5,1.,0.5,
1.,0.5,1.)) REPRESENTATION_ITEM('') );
#4905 = CARTESIAN_POINT('',(3.,0.));
#4906 = CARTESIAN_POINT('',(3.,-5.196152422707));
#4907 = CARTESIAN_POINT('',(-1.5,-2.598076211353));
#4908 = CARTESIAN_POINT('',(-6.,-7.347880794884E-16));
#4909 = CARTESIAN_POINT('',(-1.5,2.598076211353));
#4910 = CARTESIAN_POINT('',(3.,5.196152422707));
#4911 = CARTESIAN_POINT('',(3.,0.));
#4912 = ( GEOMETRIC_REPRESENTATION_CONTEXT(2) 
PARAMETRIC_REPRESENTATION_CONTEXT() REPRESENTATION_CONTEXT('2D SPACE',''
  ) );
#4913 = ORIENTED_EDGE('',*,*,#4914,.T.);
#4914 = EDGE_CURVE('',#4882,#1228,#4915,.T.);
#4915 = SEAM_CURVE('',#4916,(#4920,#4927),.PCURVE_S1.);
#4916 = LINE('',#4917,#4918);
#4917 = CARTESIAN_POINT('',(328.,75.,15.));
#4918 = VECTOR('',#4919,1.);
#4919 = DIRECTION('',(0.,0.,1.));
#4920 = PCURVE('',#1248,#4921);
#4921 = DEFINITIONAL_REPRESENTATION('',(#4922),#4926);
#4922 = LINE('',#4923,#4924);
#4923 = CARTESIAN_POINT('',(-6.28318530718,0.));
#4924 = VECTOR('',#4925,1.);
#4925 = DIRECTION('',(-0.,-1.));
#4926 = ( GEOMETRIC_REPRESENTATION_CONTEXT(2) 
PARAMETRIC_REPRESENTATION_CONTEXT() REPRESENTATION_CONTEXT('2D SPACE',''
  ) );
#4927 = PCURVE('',#1248,#4928);
#4928 = DEFINITIONAL_REPRESENTATION('',(#4929),#4933);
#4929 = LINE('',#4930,#4931);
#4930 = CARTESIAN_POINT('',(-0.,0.));
#4931 = VECTOR('',#4932,1.);
#4932 = DIRECTION('',(-0.,-1.));
#4933 = ( GEOMETRIC_REPRESENTATION_CONTEXT(2) 
PARAMETRIC_REPRESENTATION_CONTEXT() REPRESENTATION_CONTEXT('2D SPACE',''
  ) );
#4934 = ORIENTED_EDGE('',*,*,#1227,.F.);
#4935 = ORIENTED_EDGE('',*,*,#4914,.F.);
#4936 = ADVANCED_FACE('',(#4937),#1283,.F.);
#4937 = FACE_BOUND('',#4938,.T.);
#4938 = EDGE_LOOP('',(#4939,#4972,#4993,#4994));
#4939 = ORIENTED_EDGE('',*,*,#4940,.T.);
#4940 = EDGE_CURVE('',#4941,#4941,#4943,.T.);
#4941 = VERTEX_POINT('',#4942);
#4942 = CARTESIAN_POINT('',(378.,25.,16.));
#4943 = SURFACE_CURVE('',#4944,(#4949,#4956),.PCURVE_S1.);
#4944 = CIRCLE('',#4945,3.);
#4945 = AXIS2_PLACEMENT_3D('',#4946,#4947,#4948);
#4946 = CARTESIAN_POINT('',(375.,25.,16.));
#4947 = DIRECTION('',(0.,0.,-1.));
#4948 = DIRECTION('',(1.,0.,0.));
#4949 = PCURVE('',#1283,#4950);
#4950 = DEFINITIONAL_REPRESENTATION('',(#4951),#4955);
#4951 = LINE('',#4952,#4953);
#4952 = CARTESIAN_POINT('',(-6.28318530718,-1.));
#4953 = VECTOR('',#4954,1.);
#4954 = DIRECTION('',(1.,-0.));
#4955 = ( GEOMETRIC_REPRESENTATION_CONTEXT(2) 
PARAMETRIC_REPRESENTATION_CONTEXT() REPRESENTATION_CONTEXT('2D SPACE',''
  ) );
#4956 = PCURVE('',#4957,#4962);
#4957 = PLANE('',#4958);
#4958 = AXIS2_PLACEMENT_3D('',#4959,#4960,#4961);
#4959 = CARTESIAN_POINT('',(375.,25.,16.));
#4960 = DIRECTION('',(0.,0.,1.));
#4961 = DIRECTION('',(1.,0.,-0.));
#4962 = DEFINITIONAL_REPRESENTATION('',(#4963),#4971);
#4963 = ( BOUNDED_CURVE() B_SPLINE_CURVE(2,(#4964,#4965,#4966,#4967,
#4968,#4969,#4970),.UNSPECIFIED.,.T.,.F.) B_SPLINE_CURVE_WITH_KNOTS((1,2
    ,2,2,2,1),(-2.094395102393,0.,2.094395102393,4.188790204786,
6.28318530718,8.377580409573),.UNSPECIFIED.) CURVE() 
GEOMETRIC_REPRESENTATION_ITEM() RATIONAL_B_SPLINE_CURVE((1.,0.5,1.,0.5,
1.,0.5,1.)) REPRESENTATION_ITEM('') );
#4964 = CARTESIAN_POINT('',(3.,0.));
#4965 = CARTESIAN_POINT('',(3.,-5.196152422707));
#4966 = CARTESIAN_POINT('',(-1.5,-2.598076211353));
#4967 = CARTESIAN_POINT('',(-6.,-7.347880794884E-16));
#4968 = CARTESIAN_POINT('',(-1.5,2.598076211353));
#4969 = CARTESIAN_POINT('',(3.,5.196152422707));
#4970 = CARTESIAN_POINT('',(3.,0.));
#4971 = ( GEOMETRIC_REPRESENTATION_CONTEXT(2) 
PARAMETRIC_REPRESENTATION_CONTEXT() REPRESENTATION_CONTEXT('2D SPACE',''
  ) );
#4972 = ORIENTED_EDGE('',*,*,#4973,.T.);
#4973 = EDGE_CURVE('',#4941,#1263,#4974,.T.);
#4974 = SEAM_CURVE('',#4975,(#4979,#4986),.PCURVE_S1.);
#4975 = LINE('',#4976,#4977);
#4976 = CARTESIAN_POINT('',(378.,25.,15.));
#4977 = VECTOR('',#4978,1.);
#4978 = DIRECTION('',(0.,0.,1.));
#4979 = PCURVE('',#1283,#4980);
#4980 = DEFINITIONAL_REPRESENTATION('',(#4981),#4985);
#4981 = LINE('',#4982,#4983);
#4982 = CARTESIAN_POINT('',(-6.28318530718,0.));
#4983 = VECTOR('',#4984,1.);
#4984 = DIRECTION('',(-0.,-1.));
#4985 = ( GEOMETRIC_REPRESENTATION_CONTEXT(2) 
PARAMETRIC_REPRESENTATION_CONTEXT() REPRESENTATION_CONTEXT('2D SPACE',''
  ) );
#4986 = PCURVE('',#1283,#4987);
#4987 = DEFINITIONAL_REPRESENTATION('',(#4988),#4992);
#4988 = LINE('',#4989,#4990);
#4989 = CARTESIAN_POINT('',(-0.,0.));
#4990 = VECTOR('',#4991,1.);
#4991 = DIRECTION('',(-0.,-1.));
#4992 = ( GEOMETRIC_REPRESENTATION_CONTEXT(2) 
PARAMETRIC_REPRESENTATION_CONTEXT() REPRESENTATION_CONTEXT('2D SPACE',''
  ) );
#4993 = ORIENTED_EDGE('',*,*,#1262,.F.);
#4994 = ORIENTED_EDGE('',*,*,#4973,.F.);
#4995 = ADVANCED_FACE('',(#4996),#1318,.F.);
#4996 = FACE_BOUND('',#4997,.T.);
#4997 = EDGE_LOOP('',(#4998,#5031,#5052,#5053));
#4998 = ORIENTED_EDGE('',*,*,#4999,.T.);
#4999 = EDGE_CURVE('',#5000,#5000,#5002,.T.);
#5000 = VERTEX_POINT('',#5001);
#5001 = CARTESIAN_POINT('',(428.,25.,16.));
#5002 = SURFACE_CURVE('',#5003,(#5008,#5015),.PCURVE_S1.);
#5003 = CIRCLE('',#5004,3.);
#5004 = AXIS2_PLACEMENT_3D('',#5005,#5006,#5007);
#5005 = CARTESIAN_POINT('',(425.,25.,16.));
#5006 = DIRECTION('',(0.,0.,-1.));
#5007 = DIRECTION('',(1.,0.,0.));
#5008 = PCURVE('',#1318,#5009);
#5009 = DEFINITIONAL_REPRESENTATION('',(#5010),#5014);
#5010 = LINE('',#5011,#5012);
#5011 = CARTESIAN_POINT('',(-6.28318530718,-1.));
#5012 = VECTOR('',#5013,1.);
#5013 = DIRECTION('',(1.,-0.));
#5014 = ( GEOMETRIC_REPRESENTATION_CONTEXT(2) 
PARAMETRIC_REPRESENTATION_CONTEXT() REPRESENTATION_CONTEXT('2D SPACE',''
  ) );
#5015 = PCURVE('',#5016,#5021);
#5016 = PLANE('',#5017);
#5017 = AXIS2_PLACEMENT_3D('',#5018,#5019,#5020);
#5018 = CARTESIAN_POINT('',(425.,25.,16.));
#5019 = DIRECTION('',(0.,0.,1.));
#5020 = DIRECTION('',(1.,0.,-0.));
#5021 = DEFINITIONAL_REPRESENTATION('',(#5022),#5030);
#5022 = ( BOUNDED_CURVE() B_SPLINE_CURVE(2,(#5023,#5024,#5025,#5026,
#5027,#5028,#5029),.UNSPECIFIED.,.T.,.F.) B_SPLINE_CURVE_WITH_KNOTS((1,2
    ,2,2,2,1),(-2.094395102393,0.,2.094395102393,4.188790204786,
6.28318530718,8.377580409573),.UNSPECIFIED.) CURVE() 
GEOMETRIC_REPRESENTATION_ITEM() RATIONAL_B_SPLINE_CURVE((1.,0.5,1.,0.5,
1.,0.5,1.)) REPRESENTATION_ITEM('') );
#5023 = CARTESIAN_POINT('',(3.,0.));
#5024 = CARTESIAN_POINT('',(3.,-5.196152422707));
#5025 = CARTESIAN_POINT('',(-1.5,-2.598076211353));
#5026 = CARTESIAN_POINT('',(-6.,-7.347880794884E-16));
#5027 = CARTESIAN_POINT('',(-1.5,2.598076211353));
#5028 = CARTESIAN_POINT('',(3.,5.196152422707));
#5029 = CARTESIAN_POINT('',(3.,0.));
#5030 = ( GEOMETRIC_REPRESENTATION_CONTEXT(2) 
PARAMETRIC_REPRESENTATION_CONTEXT() REPRESENTATION_CONTEXT('2D SPACE',''
  ) );
#5031 = ORIENTED_EDGE('',*,*,#5032,.T.);
#5032 = EDGE_CURVE('',#5000,#1298,#5033,.T.);
#5033 = SEAM_CURVE('',#5034,(#5038,#5045),.PCURVE_S1.);
#5034 = LINE('',#5035,#5036);
#5035 = CARTESIAN_POINT('',(428.,25.,15.));
#5036 = VECTOR('',#5037,1.);
#5037 = DIRECTION('',(0.,0.,1.));
#5038 = PCURVE('',#1318,#5039);
#5039 = DEFINITIONAL_REPRESENTATION('',(#5040),#5044);
#5040 = LINE('',#5041,#5042);
#5041 = CARTESIAN_POINT('',(-6.28318530718,0.));
#5042 = VECTOR('',#5043,1.);
#5043 = DIRECTION('',(-0.,-1.));
#5044 = ( GEOMETRIC_REPRESENTATION_CONTEXT(2) 
PARAMETRIC_REPRESENTATION_CONTEXT() REPRESENTATION_CONTEXT('2D SPACE',''
  ) );
#5045 = PCURVE('',#1318,#5046);
#5046 = DEFINITIONAL_REPRESENTATION('',(#5047),#5051);
#5047 = LINE('',#5048,#5049);
#5048 = CARTESIAN_POINT('',(-0.,0.));
#5049 = VECTOR('',#5050,1.);
#5050 = DIRECTION('',(-0.,-1.));
#5051 = ( GEOMETRIC_REPRESENTATION_CONTEXT(2) 
PARAMETRIC_REPRESENTATION_CONTEXT() REPRESENTATION_CONTEXT('2D SPACE',''
  ) );
#5052 = ORIENTED_EDGE('',*,*,#1297,.F.);
#5053 = ORIENTED_EDGE('',*,*,#5032,.F.);
#5054 = ADVANCED_FACE('',(#5055),#1350,.T.);
#5055 = FACE_BOUND('',#5056,.T.);
#5056 = EDGE_LOOP('',(#5057,#5080,#5108,#5129));
#5057 = ORIENTED_EDGE('',*,*,#5058,.F.);
#5058 = EDGE_CURVE('',#5059,#1333,#5061,.T.);
#5059 = VERTEX_POINT('',#5060);
#5060 = CARTESIAN_POINT('',(402.,46.,16.));
#5061 = SURFACE_CURVE('',#5062,(#5066,#5073),.PCURVE_S1.);
#5062 = LINE('',#5063,#5064);
#5063 = CARTESIAN_POINT('',(402.,46.,15.));
#5064 = VECTOR('',#5065,1.);
#5065 = DIRECTION('',(0.,0.,1.));
#5066 = PCURVE('',#1350,#5067);
#5067 = DEFINITIONAL_REPRESENTATION('',(#5068),#5072);
#5068 = LINE('',#5069,#5070);
#5069 = CARTESIAN_POINT('',(0.,4.));
#5070 = VECTOR('',#5071,1.);
#5071 = DIRECTION('',(1.,0.));
#5072 = ( GEOMETRIC_REPRESENTATION_CONTEXT(2) 
PARAMETRIC_REPRESENTATION_CONTEXT() REPRESENTATION_CONTEXT('2D SPACE',''
  ) );
#5073 = PCURVE('',#1442,#5074);
#5074 = DEFINITIONAL_REPRESENTATION('',(#5075),#5079);
#5075 = LINE('',#5076,#5077);
#5076 = CARTESIAN_POINT('',(-4.712388980385,0.));
#5077 = VECTOR('',#5078,1.);
#5078 = DIRECTION('',(-0.,-1.));
#5079 = ( GEOMETRIC_REPRESENTATION_CONTEXT(2) 
PARAMETRIC_REPRESENTATION_CONTEXT() REPRESENTATION_CONTEXT('2D SPACE',''
  ) );
#5080 = ORIENTED_EDGE('',*,*,#5081,.T.);
#5081 = EDGE_CURVE('',#5059,#5082,#5084,.T.);
#5082 = VERTEX_POINT('',#5083);
#5083 = CARTESIAN_POINT('',(398.,46.,16.));
#5084 = SURFACE_CURVE('',#5085,(#5089,#5096),.PCURVE_S1.);
#5085 = LINE('',#5086,#5087);
#5086 = CARTESIAN_POINT('',(399.,46.,16.));
#5087 = VECTOR('',#5088,1.);
#5088 = DIRECTION('',(-1.,0.,0.));
#5089 = PCURVE('',#1350,#5090);
#5090 = DEFINITIONAL_REPRESENTATION('',(#5091),#5095);
#5091 = LINE('',#5092,#5093);
#5092 = CARTESIAN_POINT('',(1.,1.));
#5093 = VECTOR('',#5094,1.);
#5094 = DIRECTION('',(0.,-1.));
#5095 = ( GEOMETRIC_REPRESENTATION_CONTEXT(2) 
PARAMETRIC_REPRESENTATION_CONTEXT() REPRESENTATION_CONTEXT('2D SPACE',''
  ) );
#5096 = PCURVE('',#5097,#5102);
#5097 = PLANE('',#5098);
#5098 = AXIS2_PLACEMENT_3D('',#5099,#5100,#5101);
#5099 = CARTESIAN_POINT('',(400.,50.,16.));
#5100 = DIRECTION('',(0.,0.,1.));
#5101 = DIRECTION('',(1.,0.,-0.));
#5102 = DEFINITIONAL_REPRESENTATION('',(#5103),#5107);
#5103 = LINE('',#5104,#5105);
#5104 = CARTESIAN_POINT('',(-1.,-4.));
#5105 = VECTOR('',#5106,1.);
#5106 = DIRECTION('',(-1.,0.));
#5107 = ( GEOMETRIC_REPRESENTATION_CONTEXT(2) 
PARAMETRIC_REPRESENTATION_CONTEXT() REPRESENTATION_CONTEXT('2D SPACE',''
  ) );
#5108 = ORIENTED_EDGE('',*,*,#5109,.T.);
#5109 = EDGE_CURVE('',#5082,#1335,#5110,.T.);
#5110 = SURFACE_CURVE('',#5111,(#5115,#5122),.PCURVE_S1.);
#5111 = LINE('',#5112,#5113);
#5112 = CARTESIAN_POINT('',(398.,46.,15.));
#5113 = VECTOR('',#5114,1.);
#5114 = DIRECTION('',(0.,0.,1.));
#5115 = PCURVE('',#1350,#5116);
#5116 = DEFINITIONAL_REPRESENTATION('',(#5117),#5121);
#5117 = LINE('',#5118,#5119);
#5118 = CARTESIAN_POINT('',(0.,0.));
#5119 = VECTOR('',#5120,1.);
#5120 = DIRECTION('',(1.,0.));
#5121 = ( GEOMETRIC_REPRESENTATION_CONTEXT(2) 
PARAMETRIC_REPRESENTATION_CONTEXT() REPRESENTATION_CONTEXT('2D SPACE',''
  ) );
#5122 = PCURVE('',#1383,#5123);
#5123 = DEFINITIONAL_REPRESENTATION('',(#5124),#5128);
#5124 = LINE('',#5125,#5126);
#5125 = CARTESIAN_POINT('',(-4.712388980385,0.));
#5126 = VECTOR('',#5127,1.);
#5127 = DIRECTION('',(-0.,-1.));
#5128 = ( GEOMETRIC_REPRESENTATION_CONTEXT(2) 
PARAMETRIC_REPRESENTATION_CONTEXT() REPRESENTATION_CONTEXT('2D SPACE',''
  ) );
#5129 = ORIENTED_EDGE('',*,*,#1332,.F.);
#5130 = ADVANCED_FACE('',(#5131),#1442,.F.);
#5131 = FACE_BOUND('',#5132,.T.);
#5132 = EDGE_LOOP('',(#5133,#5134,#5135,#5158));
#5133 = ORIENTED_EDGE('',*,*,#5058,.T.);
#5134 = ORIENTED_EDGE('',*,*,#1423,.F.);
#5135 = ORIENTED_EDGE('',*,*,#5136,.F.);
#5136 = EDGE_CURVE('',#5137,#1396,#5139,.T.);
#5137 = VERTEX_POINT('',#5138);
#5138 = CARTESIAN_POINT('',(402.,54.,16.));
#5139 = SURFACE_CURVE('',#5140,(#5144,#5151),.PCURVE_S1.);
#5140 = LINE('',#5141,#5142);
#5141 = CARTESIAN_POINT('',(402.,54.,15.));
#5142 = VECTOR('',#5143,1.);
#5143 = DIRECTION('',(0.,0.,1.));
#5144 = PCURVE('',#1442,#5145);
#5145 = DEFINITIONAL_REPRESENTATION('',(#5146),#5150);
#5146 = LINE('',#5147,#5148);
#5147 = CARTESIAN_POINT('',(-7.853981633974,0.));
#5148 = VECTOR('',#5149,1.);
#5149 = DIRECTION('',(-0.,-1.));
#5150 = ( GEOMETRIC_REPRESENTATION_CONTEXT(2) 
PARAMETRIC_REPRESENTATION_CONTEXT() REPRESENTATION_CONTEXT('2D SPACE',''
  ) );
#5151 = PCURVE('',#1411,#5152);
#5152 = DEFINITIONAL_REPRESENTATION('',(#5153),#5157);
#5153 = LINE('',#5154,#5155);
#5154 = CARTESIAN_POINT('',(0.,4.));
#5155 = VECTOR('',#5156,1.);
#5156 = DIRECTION('',(1.,0.));
#5157 = ( GEOMETRIC_REPRESENTATION_CONTEXT(2) 
PARAMETRIC_REPRESENTATION_CONTEXT() REPRESENTATION_CONTEXT('2D SPACE',''
  ) );
#5158 = ORIENTED_EDGE('',*,*,#5159,.T.);
#5159 = EDGE_CURVE('',#5137,#5059,#5160,.T.);
#5160 = SURFACE_CURVE('',#5161,(#5166,#5173),.PCURVE_S1.);
#5161 = CIRCLE('',#5162,4.);
#5162 = AXIS2_PLACEMENT_3D('',#5163,#5164,#5165);
#5163 = CARTESIAN_POINT('',(402.,50.,16.));
#5164 = DIRECTION('',(0.,0.,-1.));
#5165 = DIRECTION('',(1.,0.,0.));
#5166 = PCURVE('',#1442,#5167);
#5167 = DEFINITIONAL_REPRESENTATION('',(#5168),#5172);
#5168 = LINE('',#5169,#5170);
#5169 = CARTESIAN_POINT('',(-12.56637061435,-1.));
#5170 = VECTOR('',#5171,1.);
#5171 = DIRECTION('',(1.,-0.));
#5172 = ( GEOMETRIC_REPRESENTATION_CONTEXT(2) 
PARAMETRIC_REPRESENTATION_CONTEXT() REPRESENTATION_CONTEXT('2D SPACE',''
  ) );
#5173 = PCURVE('',#5097,#5174);
#5174 = DEFINITIONAL_REPRESENTATION('',(#5175),#5183);
#5175 = ( BOUNDED_CURVE() B_SPLINE_CURVE(2,(#5176,#5177,#5178,#5179,
#5180,#5181,#5182),.UNSPECIFIED.,.T.,.F.) B_SPLINE_CURVE_WITH_KNOTS((1,2
    ,2,2,2,1),(-2.094395102393,0.,2.094395102393,4.188790204786,
6.28318530718,8.377580409573),.UNSPECIFIED.) CURVE() 
GEOMETRIC_REPRESENTATION_ITEM() RATIONAL_B_SPLINE_CURVE((1.,0.5,1.,0.5,
1.,0.5,1.)) REPRESENTATION_ITEM('') );
#5176 = CARTESIAN_POINT('',(6.,0.));
#5177 = CARTESIAN_POINT('',(6.,-6.928203230276));
#5178 = CARTESIAN_POINT('',(8.881784197001E-16,-3.464101615138));
#5179 = CARTESIAN_POINT('',(-6.,-9.797174393179E-16));
#5180 = CARTESIAN_POINT('',(-1.7763568394E-15,3.464101615138));
#5181 = CARTESIAN_POINT('',(6.,6.928203230276));
#5182 = CARTESIAN_POINT('',(6.,0.));
#5183 = ( GEOMETRIC_REPRESENTATION_CONTEXT(2) 
PARAMETRIC_REPRESENTATION_CONTEXT() REPRESENTATION_CONTEXT('2D SPACE',''
  ) );
#5184 = ADVANCED_FACE('',(#5185),#1383,.F.);
#5185 = FACE_BOUND('',#5186,.T.);
#5186 = EDGE_LOOP('',(#5187,#5215,#5236,#5237));
#5187 = ORIENTED_EDGE('',*,*,#5188,.T.);
#5188 = EDGE_CURVE('',#5082,#5189,#5191,.T.);
#5189 = VERTEX_POINT('',#5190);
#5190 = CARTESIAN_POINT('',(398.,54.,16.));
#5191 = SURFACE_CURVE('',#5192,(#5197,#5204),.PCURVE_S1.);
#5192 = CIRCLE('',#5193,4.);
#5193 = AXIS2_PLACEMENT_3D('',#5194,#5195,#5196);
#5194 = CARTESIAN_POINT('',(398.,50.,16.));
#5195 = DIRECTION('',(0.,0.,-1.));
#5196 = DIRECTION('',(1.,0.,0.));
#5197 = PCURVE('',#1383,#5198);
#5198 = DEFINITIONAL_REPRESENTATION('',(#5199),#5203);
#5199 = LINE('',#5200,#5201);
#5200 = CARTESIAN_POINT('',(-6.28318530718,-1.));
#5201 = VECTOR('',#5202,1.);
#5202 = DIRECTION('',(1.,-0.));
#5203 = ( GEOMETRIC_REPRESENTATION_CONTEXT(2) 
PARAMETRIC_REPRESENTATION_CONTEXT() REPRESENTATION_CONTEXT('2D SPACE',''
  ) );
#5204 = PCURVE('',#5097,#5205);
#5205 = DEFINITIONAL_REPRESENTATION('',(#5206),#5214);
#5206 = ( BOUNDED_CURVE() B_SPLINE_CURVE(2,(#5207,#5208,#5209,#5210,
#5211,#5212,#5213),.UNSPECIFIED.,.T.,.F.) B_SPLINE_CURVE_WITH_KNOTS((1,2
    ,2,2,2,1),(-2.094395102393,0.,2.094395102393,4.188790204786,
6.28318530718,8.377580409573),.UNSPECIFIED.) CURVE() 
GEOMETRIC_REPRESENTATION_ITEM() RATIONAL_B_SPLINE_CURVE((1.,0.5,1.,0.5,
1.,0.5,1.)) REPRESENTATION_ITEM('') );
#5207 = CARTESIAN_POINT('',(2.,0.));
#5208 = CARTESIAN_POINT('',(2.,-6.928203230276));
#5209 = CARTESIAN_POINT('',(-4.,-3.464101615138));
#5210 = CARTESIAN_POINT('',(-10.,-9.797174393179E-16));
#5211 = CARTESIAN_POINT('',(-4.,3.464101615138));
#5212 = CARTESIAN_POINT('',(2.,6.928203230276));
#5213 = CARTESIAN_POINT('',(2.,0.));
#5214 = ( GEOMETRIC_REPRESENTATION_CONTEXT(2) 
PARAMETRIC_REPRESENTATION_CONTEXT() REPRESENTATION_CONTEXT('2D SPACE',''
  ) );
#5215 = ORIENTED_EDGE('',*,*,#5216,.T.);
#5216 = EDGE_CURVE('',#5189,#1363,#5217,.T.);
#5217 = SURFACE_CURVE('',#5218,(#5222,#5229),.PCURVE_S1.);
#5218 = LINE('',#5219,#5220);
#5219 = CARTESIAN_POINT('',(398.,54.,15.));
#5220 = VECTOR('',#5221,1.);
#5221 = DIRECTION('',(0.,0.,1.));
#5222 = PCURVE('',#1383,#5223);
#5223 = DEFINITIONAL_REPRESENTATION('',(#5224),#5228);
#5224 = LINE('',#5225,#5226);
#5225 = CARTESIAN_POINT('',(-1.570796326795,0.));
#5226 = VECTOR('',#5227,1.);
#5227 = DIRECTION('',(-0.,-1.));
#5228 = ( GEOMETRIC_REPRESENTATION_CONTEXT(2) 
PARAMETRIC_REPRESENTATION_CONTEXT() REPRESENTATION_CONTEXT('2D SPACE',''
  ) );
#5229 = PCURVE('',#1411,#5230);
#5230 = DEFINITIONAL_REPRESENTATION('',(#5231),#5235);
#5231 = LINE('',#5232,#5233);
#5232 = CARTESIAN_POINT('',(0.,0.));
#5233 = VECTOR('',#5234,1.);
#5234 = DIRECTION('',(1.,0.));
#5235 = ( GEOMETRIC_REPRESENTATION_CONTEXT(2) 
PARAMETRIC_REPRESENTATION_CONTEXT() REPRESENTATION_CONTEXT('2D SPACE',''
  ) );
#5236 = ORIENTED_EDGE('',*,*,#1362,.F.);
#5237 = ORIENTED_EDGE('',*,*,#5109,.F.);
#5238 = ADVANCED_FACE('',(#5239),#1411,.F.);
#5239 = FACE_BOUND('',#5240,.F.);
#5240 = EDGE_LOOP('',(#5241,#5242,#5263,#5264));
#5241 = ORIENTED_EDGE('',*,*,#5136,.F.);
#5242 = ORIENTED_EDGE('',*,*,#5243,.T.);
#5243 = EDGE_CURVE('',#5137,#5189,#5244,.T.);
#5244 = SURFACE_CURVE('',#5245,(#5249,#5256),.PCURVE_S1.);
#5245 = LINE('',#5246,#5247);
#5246 = CARTESIAN_POINT('',(399.,54.,16.));
#5247 = VECTOR('',#5248,1.);
#5248 = DIRECTION('',(-1.,0.,0.));
#5249 = PCURVE('',#1411,#5250);
#5250 = DEFINITIONAL_REPRESENTATION('',(#5251),#5255);
#5251 = LINE('',#5252,#5253);
#5252 = CARTESIAN_POINT('',(1.,1.));
#5253 = VECTOR('',#5254,1.);
#5254 = DIRECTION('',(0.,-1.));
#5255 = ( GEOMETRIC_REPRESENTATION_CONTEXT(2) 
PARAMETRIC_REPRESENTATION_CONTEXT() REPRESENTATION_CONTEXT('2D SPACE',''
  ) );
#5256 = PCURVE('',#5097,#5257);
#5257 = DEFINITIONAL_REPRESENTATION('',(#5258),#5262);
#5258 = LINE('',#5259,#5260);
#5259 = CARTESIAN_POINT('',(-1.,4.));
#5260 = VECTOR('',#5261,1.);
#5261 = DIRECTION('',(-1.,0.));
#5262 = ( GEOMETRIC_REPRESENTATION_CONTEXT(2) 
PARAMETRIC_REPRESENTATION_CONTEXT() REPRESENTATION_CONTEXT('2D SPACE',''
  ) );
#5263 = ORIENTED_EDGE('',*,*,#5216,.T.);
#5264 = ORIENTED_EDGE('',*,*,#1395,.F.);
#5265 = ADVANCED_FACE('',(#5266),#1473,.F.);
#5266 = FACE_BOUND('',#5267,.F.);
#5267 = EDGE_LOOP('',(#5268,#5269,#5292,#5319));
#5268 = ORIENTED_EDGE('',*,*,#1456,.F.);
#5269 = ORIENTED_EDGE('',*,*,#5270,.F.);
#5270 = EDGE_CURVE('',#5271,#1457,#5273,.T.);
#5271 = VERTEX_POINT('',#5272);
#5272 = CARTESIAN_POINT('',(365.75,62.5,22.5));
#5273 = SEAM_CURVE('',#5274,(#5278,#5285),.PCURVE_S1.);
#5274 = LINE('',#5275,#5276);
#5275 = CARTESIAN_POINT('',(365.75,62.5,22.5));
#5276 = VECTOR('',#5277,1.);
#5277 = DIRECTION('',(0.,0.,1.));
#5278 = PCURVE('',#1473,#5279);
#5279 = DEFINITIONAL_REPRESENTATION('',(#5280),#5284);
#5280 = LINE('',#5281,#5282);
#5281 = CARTESIAN_POINT('',(6.28318530718,-0.));
#5282 = VECTOR('',#5283,1.);
#5283 = DIRECTION('',(0.,1.));
#5284 = ( GEOMETRIC_REPRESENTATION_CONTEXT(2) 
PARAMETRIC_REPRESENTATION_CONTEXT() REPRESENTATION_CONTEXT('2D SPACE',''
  ) );
#5285 = PCURVE('',#1473,#5286);
#5286 = DEFINITIONAL_REPRESENTATION('',(#5287),#5291);
#5287 = LINE('',#5288,#5289);
#5288 = CARTESIAN_POINT('',(0.,-0.));
#5289 = VECTOR('',#5290,1.);
#5290 = DIRECTION('',(0.,1.));
#5291 = ( GEOMETRIC_REPRESENTATION_CONTEXT(2) 
PARAMETRIC_REPRESENTATION_CONTEXT() REPRESENTATION_CONTEXT('2D SPACE',''
  ) );
#5292 = ORIENTED_EDGE('',*,*,#5293,.T.);
#5293 = EDGE_CURVE('',#5271,#5271,#5294,.T.);
#5294 = SURFACE_CURVE('',#5295,(#5300,#5307),.PCURVE_S1.);
#5295 = CIRCLE('',#5296,3.25);
#5296 = AXIS2_PLACEMENT_3D('',#5297,#5298,#5299);
#5297 = CARTESIAN_POINT('',(362.5,62.5,22.5));
#5298 = DIRECTION('',(0.,0.,1.));
#5299 = DIRECTION('',(1.,0.,-0.));
#5300 = PCURVE('',#1473,#5301);
#5301 = DEFINITIONAL_REPRESENTATION('',(#5302),#5306);
#5302 = LINE('',#5303,#5304);
#5303 = CARTESIAN_POINT('',(0.,0.));
#5304 = VECTOR('',#5305,1.);
#5305 = DIRECTION('',(1.,0.));
#5306 = ( GEOMETRIC_REPRESENTATION_CONTEXT(2) 
PARAMETRIC_REPRESENTATION_CONTEXT() REPRESENTATION_CONTEXT('2D SPACE',''
  ) );
#5307 = PCURVE('',#5308,#5313);
#5308 = PLANE('',#5309);
#5309 = AXIS2_PLACEMENT_3D('',#5310,#5311,#5312);
#5310 = CARTESIAN_POINT('',(362.5,62.5,22.5));
#5311 = DIRECTION('',(0.,0.,1.));
#5312 = DIRECTION('',(1.,0.,-0.));
#5313 = DEFINITIONAL_REPRESENTATION('',(#5314),#5318);
#5314 = CIRCLE('',#5315,3.25);
#5315 = AXIS2_PLACEMENT_2D('',#5316,#5317);
#5316 = CARTESIAN_POINT('',(0.,0.));
#5317 = DIRECTION('',(1.,0.));
#5318 = ( GEOMETRIC_REPRESENTATION_CONTEXT(2) 
PARAMETRIC_REPRESENTATION_CONTEXT() REPRESENTATION_CONTEXT('2D SPACE',''
  ) );
#5319 = ORIENTED_EDGE('',*,*,#5270,.T.);
#5320 = ADVANCED_FACE('',(#5321),#1508,.F.);
#5321 = FACE_BOUND('',#5322,.T.);
#5322 = EDGE_LOOP('',(#5323,#5351,#5372,#5373));
#5323 = ORIENTED_EDGE('',*,*,#5324,.T.);
#5324 = EDGE_CURVE('',#5325,#5325,#5327,.T.);
#5325 = VERTEX_POINT('',#5326);
#5326 = CARTESIAN_POINT('',(378.,75.,16.));
#5327 = SURFACE_CURVE('',#5328,(#5333,#5340),.PCURVE_S1.);
#5328 = CIRCLE('',#5329,3.);
#5329 = AXIS2_PLACEMENT_3D('',#5330,#5331,#5332);
#5330 = CARTESIAN_POINT('',(375.,75.,16.));
#5331 = DIRECTION('',(0.,0.,-1.));
#5332 = DIRECTION('',(1.,0.,0.));
#5333 = PCURVE('',#1508,#5334);
#5334 = DEFINITIONAL_REPRESENTATION('',(#5335),#5339);
#5335 = LINE('',#5336,#5337);
#5336 = CARTESIAN_POINT('',(-6.28318530718,-1.));
#5337 = VECTOR('',#5338,1.);
#5338 = DIRECTION('',(1.,-0.));
#5339 = ( GEOMETRIC_REPRESENTATION_CONTEXT(2) 
PARAMETRIC_REPRESENTATION_CONTEXT() REPRESENTATION_CONTEXT('2D SPACE',''
  ) );
#5340 = PCURVE('',#5097,#5341);
#5341 = DEFINITIONAL_REPRESENTATION('',(#5342),#5350);
#5342 = ( BOUNDED_CURVE() B_SPLINE_CURVE(2,(#5343,#5344,#5345,#5346,
#5347,#5348,#5349),.UNSPECIFIED.,.T.,.F.) B_SPLINE_CURVE_WITH_KNOTS((1,2
    ,2,2,2,1),(-2.094395102393,0.,2.094395102393,4.188790204786,
6.28318530718,8.377580409573),.UNSPECIFIED.) CURVE() 
GEOMETRIC_REPRESENTATION_ITEM() RATIONAL_B_SPLINE_CURVE((1.,0.5,1.,0.5,
1.,0.5,1.)) REPRESENTATION_ITEM('') );
#5343 = CARTESIAN_POINT('',(-22.,25.));
#5344 = CARTESIAN_POINT('',(-22.,19.803847577293));
#5345 = CARTESIAN_POINT('',(-26.5,22.401923788647));
#5346 = CARTESIAN_POINT('',(-31.,25.));
#5347 = CARTESIAN_POINT('',(-26.5,27.598076211353));
#5348 = CARTESIAN_POINT('',(-22.,30.196152422707));
#5349 = CARTESIAN_POINT('',(-22.,25.));
#5350 = ( GEOMETRIC_REPRESENTATION_CONTEXT(2) 
PARAMETRIC_REPRESENTATION_CONTEXT() REPRESENTATION_CONTEXT('2D SPACE',''
  ) );
#5351 = ORIENTED_EDGE('',*,*,#5352,.T.);
#5352 = EDGE_CURVE('',#5325,#1488,#5353,.T.);
#5353 = SEAM_CURVE('',#5354,(#5358,#5365),.PCURVE_S1.);
#5354 = LINE('',#5355,#5356);
#5355 = CARTESIAN_POINT('',(378.,75.,15.));
#5356 = VECTOR('',#5357,1.);
#5357 = DIRECTION('',(0.,0.,1.));
#5358 = PCURVE('',#1508,#5359);
#5359 = DEFINITIONAL_REPRESENTATION('',(#5360),#5364);
#5360 = LINE('',#5361,#5362);
#5361 = CARTESIAN_POINT('',(-6.28318530718,0.));
#5362 = VECTOR('',#5363,1.);
#5363 = DIRECTION('',(-0.,-1.));
#5364 = ( GEOMETRIC_REPRESENTATION_CONTEXT(2) 
PARAMETRIC_REPRESENTATION_CONTEXT() REPRESENTATION_CONTEXT('2D SPACE',''
  ) );
#5365 = PCURVE('',#1508,#5366);
#5366 = DEFINITIONAL_REPRESENTATION('',(#5367),#5371);
#5367 = LINE('',#5368,#5369);
#5368 = CARTESIAN_POINT('',(-0.,0.));
#5369 = VECTOR('',#5370,1.);
#5370 = DIRECTION('',(-0.,-1.));
#5371 = ( GEOMETRIC_REPRESENTATION_CONTEXT(2) 
PARAMETRIC_REPRESENTATION_CONTEXT() REPRESENTATION_CONTEXT('2D SPACE',''
  ) );
#5372 = ORIENTED_EDGE('',*,*,#1487,.F.);
#5373 = ORIENTED_EDGE('',*,*,#5352,.F.);
#5374 = ADVANCED_FACE('',(#5375),#1539,.F.);
#5375 = FACE_BOUND('',#5376,.F.);
#5376 = EDGE_LOOP('',(#5377,#5378,#5401,#5428));
#5377 = ORIENTED_EDGE('',*,*,#1522,.F.);
#5378 = ORIENTED_EDGE('',*,*,#5379,.F.);
#5379 = EDGE_CURVE('',#5380,#1523,#5382,.T.);
#5380 = VERTEX_POINT('',#5381);
#5381 = CARTESIAN_POINT('',(365.75,87.5,22.5));
#5382 = SEAM_CURVE('',#5383,(#5387,#5394),.PCURVE_S1.);
#5383 = LINE('',#5384,#5385);
#5384 = CARTESIAN_POINT('',(365.75,87.5,22.5));
#5385 = VECTOR('',#5386,1.);
#5386 = DIRECTION('',(0.,0.,1.));
#5387 = PCURVE('',#1539,#5388);
#5388 = DEFINITIONAL_REPRESENTATION('',(#5389),#5393);
#5389 = LINE('',#5390,#5391);
#5390 = CARTESIAN_POINT('',(6.28318530718,-0.));
#5391 = VECTOR('',#5392,1.);
#5392 = DIRECTION('',(0.,1.));
#5393 = ( GEOMETRIC_REPRESENTATION_CONTEXT(2) 
PARAMETRIC_REPRESENTATION_CONTEXT() REPRESENTATION_CONTEXT('2D SPACE',''
  ) );
#5394 = PCURVE('',#1539,#5395);
#5395 = DEFINITIONAL_REPRESENTATION('',(#5396),#5400);
#5396 = LINE('',#5397,#5398);
#5397 = CARTESIAN_POINT('',(0.,-0.));
#5398 = VECTOR('',#5399,1.);
#5399 = DIRECTION('',(0.,1.));
#5400 = ( GEOMETRIC_REPRESENTATION_CONTEXT(2) 
PARAMETRIC_REPRESENTATION_CONTEXT() REPRESENTATION_CONTEXT('2D SPACE',''
  ) );
#5401 = ORIENTED_EDGE('',*,*,#5402,.T.);
#5402 = EDGE_CURVE('',#5380,#5380,#5403,.T.);
#5403 = SURFACE_CURVE('',#5404,(#5409,#5416),.PCURVE_S1.);
#5404 = CIRCLE('',#5405,3.25);
#5405 = AXIS2_PLACEMENT_3D('',#5406,#5407,#5408);
#5406 = CARTESIAN_POINT('',(362.5,87.5,22.5));
#5407 = DIRECTION('',(0.,0.,1.));
#5408 = DIRECTION('',(1.,0.,-0.));
#5409 = PCURVE('',#1539,#5410);
#5410 = DEFINITIONAL_REPRESENTATION('',(#5411),#5415);
#5411 = LINE('',#5412,#5413);
#5412 = CARTESIAN_POINT('',(0.,0.));
#5413 = VECTOR('',#5414,1.);
#5414 = DIRECTION('',(1.,0.));
#5415 = ( GEOMETRIC_REPRESENTATION_CONTEXT(2) 
PARAMETRIC_REPRESENTATION_CONTEXT() REPRESENTATION_CONTEXT('2D SPACE',''
  ) );
#5416 = PCURVE('',#5417,#5422);
#5417 = PLANE('',#5418);
#5418 = AXIS2_PLACEMENT_3D('',#5419,#5420,#5421);
#5419 = CARTESIAN_POINT('',(362.5,87.5,22.5));
#5420 = DIRECTION('',(0.,0.,1.));
#5421 = DIRECTION('',(1.,0.,-0.));
#5422 = DEFINITIONAL_REPRESENTATION('',(#5423),#5427);
#5423 = CIRCLE('',#5424,3.25);
#5424 = AXIS2_PLACEMENT_2D('',#5425,#5426);
#5425 = CARTESIAN_POINT('',(0.,0.));
#5426 = DIRECTION('',(1.,0.));
#5427 = ( GEOMETRIC_REPRESENTATION_CONTEXT(2) 
PARAMETRIC_REPRESENTATION_CONTEXT() REPRESENTATION_CONTEXT('2D SPACE',''
  ) );
#5428 = ORIENTED_EDGE('',*,*,#5379,.T.);
#5429 = ADVANCED_FACE('',(#5430),#1570,.F.);
#5430 = FACE_BOUND('',#5431,.F.);
#5431 = EDGE_LOOP('',(#5432,#5433,#5456,#5483));
#5432 = ORIENTED_EDGE('',*,*,#1553,.F.);
#5433 = ORIENTED_EDGE('',*,*,#5434,.F.);
#5434 = EDGE_CURVE('',#5435,#1554,#5437,.T.);
#5435 = VERTEX_POINT('',#5436);
#5436 = CARTESIAN_POINT('',(390.75,62.5,22.5));
#5437 = SEAM_CURVE('',#5438,(#5442,#5449),.PCURVE_S1.);
#5438 = LINE('',#5439,#5440);
#5439 = CARTESIAN_POINT('',(390.75,62.5,22.5));
#5440 = VECTOR('',#5441,1.);
#5441 = DIRECTION('',(0.,0.,1.));
#5442 = PCURVE('',#1570,#5443);
#5443 = DEFINITIONAL_REPRESENTATION('',(#5444),#5448);
#5444 = LINE('',#5445,#5446);
#5445 = CARTESIAN_POINT('',(6.28318530718,-0.));
#5446 = VECTOR('',#5447,1.);
#5447 = DIRECTION('',(0.,1.));
#5448 = ( GEOMETRIC_REPRESENTATION_CONTEXT(2) 
PARAMETRIC_REPRESENTATION_CONTEXT() REPRESENTATION_CONTEXT('2D SPACE',''
  ) );
#5449 = PCURVE('',#1570,#5450);
#5450 = DEFINITIONAL_REPRESENTATION('',(#5451),#5455);
#5451 = LINE('',#5452,#5453);
#5452 = CARTESIAN_POINT('',(0.,-0.));
#5453 = VECTOR('',#5454,1.);
#5454 = DIRECTION('',(0.,1.));
#5455 = ( GEOMETRIC_REPRESENTATION_CONTEXT(2) 
PARAMETRIC_REPRESENTATION_CONTEXT() REPRESENTATION_CONTEXT('2D SPACE',''
  ) );
#5456 = ORIENTED_EDGE('',*,*,#5457,.T.);
#5457 = EDGE_CURVE('',#5435,#5435,#5458,.T.);
#5458 = SURFACE_CURVE('',#5459,(#5464,#5471),.PCURVE_S1.);
#5459 = CIRCLE('',#5460,3.25);
#5460 = AXIS2_PLACEMENT_3D('',#5461,#5462,#5463);
#5461 = CARTESIAN_POINT('',(387.5,62.5,22.5));
#5462 = DIRECTION('',(0.,0.,1.));
#5463 = DIRECTION('',(1.,0.,-0.));
#5464 = PCURVE('',#1570,#5465);
#5465 = DEFINITIONAL_REPRESENTATION('',(#5466),#5470);
#5466 = LINE('',#5467,#5468);
#5467 = CARTESIAN_POINT('',(0.,0.));
#5468 = VECTOR('',#5469,1.);
#5469 = DIRECTION('',(1.,0.));
#5470 = ( GEOMETRIC_REPRESENTATION_CONTEXT(2) 
PARAMETRIC_REPRESENTATION_CONTEXT() REPRESENTATION_CONTEXT('2D SPACE',''
  ) );
#5471 = PCURVE('',#5472,#5477);
#5472 = PLANE('',#5473);
#5473 = AXIS2_PLACEMENT_3D('',#5474,#5475,#5476);
#5474 = CARTESIAN_POINT('',(387.5,62.5,22.5));
#5475 = DIRECTION('',(0.,0.,1.));
#5476 = DIRECTION('',(1.,0.,-0.));
#5477 = DEFINITIONAL_REPRESENTATION('',(#5478),#5482);
#5478 = CIRCLE('',#5479,3.25);
#5479 = AXIS2_PLACEMENT_2D('',#5480,#5481);
#5480 = CARTESIAN_POINT('',(0.,0.));
#5481 = DIRECTION('',(1.,0.));
#5482 = ( GEOMETRIC_REPRESENTATION_CONTEXT(2) 
PARAMETRIC_REPRESENTATION_CONTEXT() REPRESENTATION_CONTEXT('2D SPACE',''
  ) );
#5483 = ORIENTED_EDGE('',*,*,#5434,.T.);
#5484 = ADVANCED_FACE('',(#5485),#1605,.F.);
#5485 = FACE_BOUND('',#5486,.T.);
#5486 = EDGE_LOOP('',(#5487,#5520,#5541,#5542));
#5487 = ORIENTED_EDGE('',*,*,#5488,.T.);
#5488 = EDGE_CURVE('',#5489,#5489,#5491,.T.);
#5489 = VERTEX_POINT('',#5490);
#5490 = CARTESIAN_POINT('',(428.,75.,16.));
#5491 = SURFACE_CURVE('',#5492,(#5497,#5504),.PCURVE_S1.);
#5492 = CIRCLE('',#5493,3.);
#5493 = AXIS2_PLACEMENT_3D('',#5494,#5495,#5496);
#5494 = CARTESIAN_POINT('',(425.,75.,16.));
#5495 = DIRECTION('',(0.,0.,-1.));
#5496 = DIRECTION('',(1.,0.,0.));
#5497 = PCURVE('',#1605,#5498);
#5498 = DEFINITIONAL_REPRESENTATION('',(#5499),#5503);
#5499 = LINE('',#5500,#5501);
#5500 = CARTESIAN_POINT('',(-6.28318530718,-1.));
#5501 = VECTOR('',#5502,1.);
#5502 = DIRECTION('',(1.,-0.));
#5503 = ( GEOMETRIC_REPRESENTATION_CONTEXT(2) 
PARAMETRIC_REPRESENTATION_CONTEXT() REPRESENTATION_CONTEXT('2D SPACE',''
  ) );
#5504 = PCURVE('',#5505,#5510);
#5505 = PLANE('',#5506);
#5506 = AXIS2_PLACEMENT_3D('',#5507,#5508,#5509);
#5507 = CARTESIAN_POINT('',(425.,75.,16.));
#5508 = DIRECTION('',(0.,0.,1.));
#5509 = DIRECTION('',(1.,0.,-0.));
#5510 = DEFINITIONAL_REPRESENTATION('',(#5511),#5519);
#5511 = ( BOUNDED_CURVE() B_SPLINE_CURVE(2,(#5512,#5513,#5514,#5515,
#5516,#5517,#5518),.UNSPECIFIED.,.T.,.F.) B_SPLINE_CURVE_WITH_KNOTS((1,2
    ,2,2,2,1),(-2.094395102393,0.,2.094395102393,4.188790204786,
6.28318530718,8.377580409573),.UNSPECIFIED.) CURVE() 
GEOMETRIC_REPRESENTATION_ITEM() RATIONAL_B_SPLINE_CURVE((1.,0.5,1.,0.5,
1.,0.5,1.)) REPRESENTATION_ITEM('') );
#5512 = CARTESIAN_POINT('',(3.,0.));
#5513 = CARTESIAN_POINT('',(3.,-5.196152422707));
#5514 = CARTESIAN_POINT('',(-1.5,-2.598076211353));
#5515 = CARTESIAN_POINT('',(-6.,-7.347880794884E-16));
#5516 = CARTESIAN_POINT('',(-1.5,2.598076211353));
#5517 = CARTESIAN_POINT('',(3.,5.196152422707));
#5518 = CARTESIAN_POINT('',(3.,0.));
#5519 = ( GEOMETRIC_REPRESENTATION_CONTEXT(2) 
PARAMETRIC_REPRESENTATION_CONTEXT() REPRESENTATION_CONTEXT('2D SPACE',''
  ) );
#5520 = ORIENTED_EDGE('',*,*,#5521,.T.);
#5521 = EDGE_CURVE('',#5489,#1585,#5522,.T.);
#5522 = SEAM_CURVE('',#5523,(#5527,#5534),.PCURVE_S1.);
#5523 = LINE('',#5524,#5525);
#5524 = CARTESIAN_POINT('',(428.,75.,15.));
#5525 = VECTOR('',#5526,1.);
#5526 = DIRECTION('',(0.,0.,1.));
#5527 = PCURVE('',#1605,#5528);
#5528 = DEFINITIONAL_REPRESENTATION('',(#5529),#5533);
#5529 = LINE('',#5530,#5531);
#5530 = CARTESIAN_POINT('',(-6.28318530718,0.));
#5531 = VECTOR('',#5532,1.);
#5532 = DIRECTION('',(-0.,-1.));
#5533 = ( GEOMETRIC_REPRESENTATION_CONTEXT(2) 
PARAMETRIC_REPRESENTATION_CONTEXT() REPRESENTATION_CONTEXT('2D SPACE',''
  ) );
#5534 = PCURVE('',#1605,#5535);
#5535 = DEFINITIONAL_REPRESENTATION('',(#5536),#5540);
#5536 = LINE('',#5537,#5538);
#5537 = CARTESIAN_POINT('',(-0.,0.));
#5538 = VECTOR('',#5539,1.);
#5539 = DIRECTION('',(-0.,-1.));
#5540 = ( GEOMETRIC_REPRESENTATION_CONTEXT(2) 
PARAMETRIC_REPRESENTATION_CONTEXT() REPRESENTATION_CONTEXT('2D SPACE',''
  ) );
#5541 = ORIENTED_EDGE('',*,*,#1584,.F.);
#5542 = ORIENTED_EDGE('',*,*,#5521,.F.);
#5543 = ADVANCED_FACE('',(#5544),#1636,.F.);
#5544 = FACE_BOUND('',#5545,.F.);
#5545 = EDGE_LOOP('',(#5546,#5547,#5570,#5597));
#5546 = ORIENTED_EDGE('',*,*,#1619,.F.);
#5547 = ORIENTED_EDGE('',*,*,#5548,.F.);
#5548 = EDGE_CURVE('',#5549,#1620,#5551,.T.);
#5549 = VERTEX_POINT('',#5550);
#5550 = CARTESIAN_POINT('',(390.75,87.5,22.5));
#5551 = SEAM_CURVE('',#5552,(#5556,#5563),.PCURVE_S1.);
#5552 = LINE('',#5553,#5554);
#5553 = CARTESIAN_POINT('',(390.75,87.5,22.5));
#5554 = VECTOR('',#5555,1.);
#5555 = DIRECTION('',(0.,0.,1.));
#5556 = PCURVE('',#1636,#5557);
#5557 = DEFINITIONAL_REPRESENTATION('',(#5558),#5562);
#5558 = LINE('',#5559,#5560);
#5559 = CARTESIAN_POINT('',(6.28318530718,-0.));
#5560 = VECTOR('',#5561,1.);
#5561 = DIRECTION('',(0.,1.));
#5562 = ( GEOMETRIC_REPRESENTATION_CONTEXT(2) 
PARAMETRIC_REPRESENTATION_CONTEXT() REPRESENTATION_CONTEXT('2D SPACE',''
  ) );
#5563 = PCURVE('',#1636,#5564);
#5564 = DEFINITIONAL_REPRESENTATION('',(#5565),#5569);
#5565 = LINE('',#5566,#5567);
#5566 = CARTESIAN_POINT('',(0.,-0.));
#5567 = VECTOR('',#5568,1.);
#5568 = DIRECTION('',(0.,1.));
#5569 = ( GEOMETRIC_REPRESENTATION_CONTEXT(2) 
PARAMETRIC_REPRESENTATION_CONTEXT() REPRESENTATION_CONTEXT('2D SPACE',''
  ) );
#5570 = ORIENTED_EDGE('',*,*,#5571,.T.);
#5571 = EDGE_CURVE('',#5549,#5549,#5572,.T.);
#5572 = SURFACE_CURVE('',#5573,(#5578,#5585),.PCURVE_S1.);
#5573 = CIRCLE('',#5574,3.25);
#5574 = AXIS2_PLACEMENT_3D('',#5575,#5576,#5577);
#5575 = CARTESIAN_POINT('',(387.5,87.5,22.5));
#5576 = DIRECTION('',(0.,0.,1.));
#5577 = DIRECTION('',(1.,0.,-0.));
#5578 = PCURVE('',#1636,#5579);
#5579 = DEFINITIONAL_REPRESENTATION('',(#5580),#5584);
#5580 = LINE('',#5581,#5582);
#5581 = CARTESIAN_POINT('',(0.,0.));
#5582 = VECTOR('',#5583,1.);
#5583 = DIRECTION('',(1.,0.));
#5584 = ( GEOMETRIC_REPRESENTATION_CONTEXT(2) 
PARAMETRIC_REPRESENTATION_CONTEXT() REPRESENTATION_CONTEXT('2D SPACE',''
  ) );
#5585 = PCURVE('',#5586,#5591);
#5586 = PLANE('',#5587);
#5587 = AXIS2_PLACEMENT_3D('',#5588,#5589,#5590);
#5588 = CARTESIAN_POINT('',(387.5,87.5,22.5));
#5589 = DIRECTION('',(0.,0.,1.));
#5590 = DIRECTION('',(1.,0.,-0.));
#5591 = DEFINITIONAL_REPRESENTATION('',(#5592),#5596);
#5592 = CIRCLE('',#5593,3.25);
#5593 = AXIS2_PLACEMENT_2D('',#5594,#5595);
#5594 = CARTESIAN_POINT('',(0.,0.));
#5595 = DIRECTION('',(1.,0.));
#5596 = ( GEOMETRIC_REPRESENTATION_CONTEXT(2) 
PARAMETRIC_REPRESENTATION_CONTEXT() REPRESENTATION_CONTEXT('2D SPACE',''
  ) );
#5597 = ORIENTED_EDGE('',*,*,#5548,.T.);
#5598 = ADVANCED_FACE('',(#5599),#1671,.F.);
#5599 = FACE_BOUND('',#5600,.T.);
#5600 = EDGE_LOOP('',(#5601,#5634,#5655,#5656));
#5601 = ORIENTED_EDGE('',*,*,#5602,.T.);
#5602 = EDGE_CURVE('',#5603,#5603,#5605,.T.);
#5603 = VERTEX_POINT('',#5604);
#5604 = CARTESIAN_POINT('',(228.,125.,16.));
#5605 = SURFACE_CURVE('',#5606,(#5611,#5618),.PCURVE_S1.);
#5606 = CIRCLE('',#5607,3.);
#5607 = AXIS2_PLACEMENT_3D('',#5608,#5609,#5610);
#5608 = CARTESIAN_POINT('',(225.,125.,16.));
#5609 = DIRECTION('',(0.,0.,-1.));
#5610 = DIRECTION('',(1.,0.,0.));
#5611 = PCURVE('',#1671,#5612);
#5612 = DEFINITIONAL_REPRESENTATION('',(#5613),#5617);
#5613 = LINE('',#5614,#5615);
#5614 = CARTESIAN_POINT('',(-6.28318530718,-1.));
#5615 = VECTOR('',#5616,1.);
#5616 = DIRECTION('',(1.,-0.));
#5617 = ( GEOMETRIC_REPRESENTATION_CONTEXT(2) 
PARAMETRIC_REPRESENTATION_CONTEXT() REPRESENTATION_CONTEXT('2D SPACE',''
  ) );
#5618 = PCURVE('',#5619,#5624);
#5619 = PLANE('',#5620);
#5620 = AXIS2_PLACEMENT_3D('',#5621,#5622,#5623);
#5621 = CARTESIAN_POINT('',(225.,125.,16.));
#5622 = DIRECTION('',(0.,0.,1.));
#5623 = DIRECTION('',(1.,0.,-0.));
#5624 = DEFINITIONAL_REPRESENTATION('',(#5625),#5633);
#5625 = ( BOUNDED_CURVE() B_SPLINE_CURVE(2,(#5626,#5627,#5628,#5629,
#5630,#5631,#5632),.UNSPECIFIED.,.T.,.F.) B_SPLINE_CURVE_WITH_KNOTS((1,2
    ,2,2,2,1),(-2.094395102393,0.,2.094395102393,4.188790204786,
6.28318530718,8.377580409573),.UNSPECIFIED.) CURVE() 
GEOMETRIC_REPRESENTATION_ITEM() RATIONAL_B_SPLINE_CURVE((1.,0.5,1.,0.5,
1.,0.5,1.)) REPRESENTATION_ITEM('') );
#5626 = CARTESIAN_POINT('',(3.,0.));
#5627 = CARTESIAN_POINT('',(3.,-5.196152422707));
#5628 = CARTESIAN_POINT('',(-1.5,-2.598076211353));
#5629 = CARTESIAN_POINT('',(-6.,-7.347880794884E-16));
#5630 = CARTESIAN_POINT('',(-1.5,2.598076211353));
#5631 = CARTESIAN_POINT('',(3.,5.196152422707));
#5632 = CARTESIAN_POINT('',(3.,0.));
#5633 = ( GEOMETRIC_REPRESENTATION_CONTEXT(2) 
PARAMETRIC_REPRESENTATION_CONTEXT() REPRESENTATION_CONTEXT('2D SPACE',''
  ) );
#5634 = ORIENTED_EDGE('',*,*,#5635,.T.);
#5635 = EDGE_CURVE('',#5603,#1651,#5636,.T.);
#5636 = SEAM_CURVE('',#5637,(#5641,#5648),.PCURVE_S1.);
#5637 = LINE('',#5638,#5639);
#5638 = CARTESIAN_POINT('',(228.,125.,15.));
#5639 = VECTOR('',#5640,1.);
#5640 = DIRECTION('',(0.,0.,1.));
#5641 = PCURVE('',#1671,#5642);
#5642 = DEFINITIONAL_REPRESENTATION('',(#5643),#5647);
#5643 = LINE('',#5644,#5645);
#5644 = CARTESIAN_POINT('',(-6.28318530718,0.));
#5645 = VECTOR('',#5646,1.);
#5646 = DIRECTION('',(-0.,-1.));
#5647 = ( GEOMETRIC_REPRESENTATION_CONTEXT(2) 
PARAMETRIC_REPRESENTATION_CONTEXT() REPRESENTATION_CONTEXT('2D SPACE',''
  ) );
#5648 = PCURVE('',#1671,#5649);
#5649 = DEFINITIONAL_REPRESENTATION('',(#5650),#5654);
#5650 = LINE('',#5651,#5652);
#5651 = CARTESIAN_POINT('',(-0.,0.));
#5652 = VECTOR('',#5653,1.);
#5653 = DIRECTION('',(-0.,-1.));
#5654 = ( GEOMETRIC_REPRESENTATION_CONTEXT(2) 
PARAMETRIC_REPRESENTATION_CONTEXT() REPRESENTATION_CONTEXT('2D SPACE',''
  ) );
#5655 = ORIENTED_EDGE('',*,*,#1650,.F.);
#5656 = ORIENTED_EDGE('',*,*,#5635,.F.);
#5657 = ADVANCED_FACE('',(#5658),#1706,.F.);
#5658 = FACE_BOUND('',#5659,.T.);
#5659 = EDGE_LOOP('',(#5660,#5693,#5714,#5715));
#5660 = ORIENTED_EDGE('',*,*,#5661,.T.);
#5661 = EDGE_CURVE('',#5662,#5662,#5664,.T.);
#5662 = VERTEX_POINT('',#5663);
#5663 = CARTESIAN_POINT('',(278.,125.,16.));
#5664 = SURFACE_CURVE('',#5665,(#5670,#5677),.PCURVE_S1.);
#5665 = CIRCLE('',#5666,3.);
#5666 = AXIS2_PLACEMENT_3D('',#5667,#5668,#5669);
#5667 = CARTESIAN_POINT('',(275.,125.,16.));
#5668 = DIRECTION('',(0.,0.,-1.));
#5669 = DIRECTION('',(1.,0.,0.));
#5670 = PCURVE('',#1706,#5671);
#5671 = DEFINITIONAL_REPRESENTATION('',(#5672),#5676);
#5672 = LINE('',#5673,#5674);
#5673 = CARTESIAN_POINT('',(-6.28318530718,-1.));
#5674 = VECTOR('',#5675,1.);
#5675 = DIRECTION('',(1.,-0.));
#5676 = ( GEOMETRIC_REPRESENTATION_CONTEXT(2) 
PARAMETRIC_REPRESENTATION_CONTEXT() REPRESENTATION_CONTEXT('2D SPACE',''
  ) );
#5677 = PCURVE('',#5678,#5683);
#5678 = PLANE('',#5679);
#5679 = AXIS2_PLACEMENT_3D('',#5680,#5681,#5682);
#5680 = CARTESIAN_POINT('',(275.,125.,16.));
#5681 = DIRECTION('',(0.,0.,1.));
#5682 = DIRECTION('',(1.,0.,-0.));
#5683 = DEFINITIONAL_REPRESENTATION('',(#5684),#5692);
#5684 = ( BOUNDED_CURVE() B_SPLINE_CURVE(2,(#5685,#5686,#5687,#5688,
#5689,#5690,#5691),.UNSPECIFIED.,.T.,.F.) B_SPLINE_CURVE_WITH_KNOTS((1,2
    ,2,2,2,1),(-2.094395102393,0.,2.094395102393,4.188790204786,
6.28318530718,8.377580409573),.UNSPECIFIED.) CURVE() 
GEOMETRIC_REPRESENTATION_ITEM() RATIONAL_B_SPLINE_CURVE((1.,0.5,1.,0.5,
1.,0.5,1.)) REPRESENTATION_ITEM('') );
#5685 = CARTESIAN_POINT('',(3.,0.));
#5686 = CARTESIAN_POINT('',(3.,-5.196152422707));
#5687 = CARTESIAN_POINT('',(-1.5,-2.598076211353));
#5688 = CARTESIAN_POINT('',(-6.,-7.347880794884E-16));
#5689 = CARTESIAN_POINT('',(-1.5,2.598076211353));
#5690 = CARTESIAN_POINT('',(3.,5.196152422707));
#5691 = CARTESIAN_POINT('',(3.,0.));
#5692 = ( GEOMETRIC_REPRESENTATION_CONTEXT(2) 
PARAMETRIC_REPRESENTATION_CONTEXT() REPRESENTATION_CONTEXT('2D SPACE',''
  ) );
#5693 = ORIENTED_EDGE('',*,*,#5694,.T.);
#5694 = EDGE_CURVE('',#5662,#1686,#5695,.T.);
#5695 = SEAM_CURVE('',#5696,(#5700,#5707),.PCURVE_S1.);
#5696 = LINE('',#5697,#5698);
#5697 = CARTESIAN_POINT('',(278.,125.,15.));
#5698 = VECTOR('',#5699,1.);
#5699 = DIRECTION('',(0.,0.,1.));
#5700 = PCURVE('',#1706,#5701);
#5701 = DEFINITIONAL_REPRESENTATION('',(#5702),#5706);
#5702 = LINE('',#5703,#5704);
#5703 = CARTESIAN_POINT('',(-6.28318530718,0.));
#5704 = VECTOR('',#5705,1.);
#5705 = DIRECTION('',(-0.,-1.));
#5706 = ( GEOMETRIC_REPRESENTATION_CONTEXT(2) 
PARAMETRIC_REPRESENTATION_CONTEXT() REPRESENTATION_CONTEXT('2D SPACE',''
  ) );
#5707 = PCURVE('',#1706,#5708);
#5708 = DEFINITIONAL_REPRESENTATION('',(#5709),#5713);
#5709 = LINE('',#5710,#5711);
#5710 = CARTESIAN_POINT('',(-0.,0.));
#5711 = VECTOR('',#5712,1.);
#5712 = DIRECTION('',(-0.,-1.));
#5713 = ( GEOMETRIC_REPRESENTATION_CONTEXT(2) 
PARAMETRIC_REPRESENTATION_CONTEXT() REPRESENTATION_CONTEXT('2D SPACE',''
  ) );
#5714 = ORIENTED_EDGE('',*,*,#1685,.F.);
#5715 = ORIENTED_EDGE('',*,*,#5694,.F.);
#5716 = ADVANCED_FACE('',(#5717),#1741,.F.);
#5717 = FACE_BOUND('',#5718,.T.);
#5718 = EDGE_LOOP('',(#5719,#5752,#5773,#5774));
#5719 = ORIENTED_EDGE('',*,*,#5720,.T.);
#5720 = EDGE_CURVE('',#5721,#5721,#5723,.T.);
#5721 = VERTEX_POINT('',#5722);
#5722 = CARTESIAN_POINT('',(328.,125.,16.));
#5723 = SURFACE_CURVE('',#5724,(#5729,#5736),.PCURVE_S1.);
#5724 = CIRCLE('',#5725,3.);
#5725 = AXIS2_PLACEMENT_3D('',#5726,#5727,#5728);
#5726 = CARTESIAN_POINT('',(325.,125.,16.));
#5727 = DIRECTION('',(0.,0.,-1.));
#5728 = DIRECTION('',(1.,0.,0.));
#5729 = PCURVE('',#1741,#5730);
#5730 = DEFINITIONAL_REPRESENTATION('',(#5731),#5735);
#5731 = LINE('',#5732,#5733);
#5732 = CARTESIAN_POINT('',(-6.28318530718,-1.));
#5733 = VECTOR('',#5734,1.);
#5734 = DIRECTION('',(1.,-0.));
#5735 = ( GEOMETRIC_REPRESENTATION_CONTEXT(2) 
PARAMETRIC_REPRESENTATION_CONTEXT() REPRESENTATION_CONTEXT('2D SPACE',''
  ) );
#5736 = PCURVE('',#5737,#5742);
#5737 = PLANE('',#5738);
#5738 = AXIS2_PLACEMENT_3D('',#5739,#5740,#5741);
#5739 = CARTESIAN_POINT('',(325.,125.,16.));
#5740 = DIRECTION('',(0.,0.,1.));
#5741 = DIRECTION('',(1.,0.,-0.));
#5742 = DEFINITIONAL_REPRESENTATION('',(#5743),#5751);
#5743 = ( BOUNDED_CURVE() B_SPLINE_CURVE(2,(#5744,#5745,#5746,#5747,
#5748,#5749,#5750),.UNSPECIFIED.,.T.,.F.) B_SPLINE_CURVE_WITH_KNOTS((1,2
    ,2,2,2,1),(-2.094395102393,0.,2.094395102393,4.188790204786,
6.28318530718,8.377580409573),.UNSPECIFIED.) CURVE() 
GEOMETRIC_REPRESENTATION_ITEM() RATIONAL_B_SPLINE_CURVE((1.,0.5,1.,0.5,
1.,0.5,1.)) REPRESENTATION_ITEM('') );
#5744 = CARTESIAN_POINT('',(3.,0.));
#5745 = CARTESIAN_POINT('',(3.,-5.196152422707));
#5746 = CARTESIAN_POINT('',(-1.5,-2.598076211353));
#5747 = CARTESIAN_POINT('',(-6.,-7.347880794884E-16));
#5748 = CARTESIAN_POINT('',(-1.5,2.598076211353));
#5749 = CARTESIAN_POINT('',(3.,5.196152422707));
#5750 = CARTESIAN_POINT('',(3.,0.));
#5751 = ( GEOMETRIC_REPRESENTATION_CONTEXT(2) 
PARAMETRIC_REPRESENTATION_CONTEXT() REPRESENTATION_CONTEXT('2D SPACE',''
  ) );
#5752 = ORIENTED_EDGE('',*,*,#5753,.T.);
#5753 = EDGE_CURVE('',#5721,#1721,#5754,.T.);
#5754 = SEAM_CURVE('',#5755,(#5759,#5766),.PCURVE_S1.);
#5755 = LINE('',#5756,#5757);
#5756 = CARTESIAN_POINT('',(328.,125.,15.));
#5757 = VECTOR('',#5758,1.);
#5758 = DIRECTION('',(0.,0.,1.));
#5759 = PCURVE('',#1741,#5760);
#5760 = DEFINITIONAL_REPRESENTATION('',(#5761),#5765);
#5761 = LINE('',#5762,#5763);
#5762 = CARTESIAN_POINT('',(-6.28318530718,0.));
#5763 = VECTOR('',#5764,1.);
#5764 = DIRECTION('',(-0.,-1.));
#5765 = ( GEOMETRIC_REPRESENTATION_CONTEXT(2) 
PARAMETRIC_REPRESENTATION_CONTEXT() REPRESENTATION_CONTEXT('2D SPACE',''
  ) );
#5766 = PCURVE('',#1741,#5767);
#5767 = DEFINITIONAL_REPRESENTATION('',(#5768),#5772);
#5768 = LINE('',#5769,#5770);
#5769 = CARTESIAN_POINT('',(-0.,0.));
#5770 = VECTOR('',#5771,1.);
#5771 = DIRECTION('',(-0.,-1.));
#5772 = ( GEOMETRIC_REPRESENTATION_CONTEXT(2) 
PARAMETRIC_REPRESENTATION_CONTEXT() REPRESENTATION_CONTEXT('2D SPACE',''
  ) );
#5773 = ORIENTED_EDGE('',*,*,#1720,.F.);
#5774 = ORIENTED_EDGE('',*,*,#5753,.F.);
#5775 = ADVANCED_FACE('',(#5776),#1776,.F.);
#5776 = FACE_BOUND('',#5777,.T.);
#5777 = EDGE_LOOP('',(#5778,#5811,#5832,#5833));
#5778 = ORIENTED_EDGE('',*,*,#5779,.T.);
#5779 = EDGE_CURVE('',#5780,#5780,#5782,.T.);
#5780 = VERTEX_POINT('',#5781);
#5781 = CARTESIAN_POINT('',(378.,125.,16.));
#5782 = SURFACE_CURVE('',#5783,(#5788,#5795),.PCURVE_S1.);
#5783 = CIRCLE('',#5784,3.);
#5784 = AXIS2_PLACEMENT_3D('',#5785,#5786,#5787);
#5785 = CARTESIAN_POINT('',(375.,125.,16.));
#5786 = DIRECTION('',(0.,0.,-1.));
#5787 = DIRECTION('',(1.,0.,0.));
#5788 = PCURVE('',#1776,#5789);
#5789 = DEFINITIONAL_REPRESENTATION('',(#5790),#5794);
#5790 = LINE('',#5791,#5792);
#5791 = CARTESIAN_POINT('',(-6.28318530718,-1.));
#5792 = VECTOR('',#5793,1.);
#5793 = DIRECTION('',(1.,-0.));
#5794 = ( GEOMETRIC_REPRESENTATION_CONTEXT(2) 
PARAMETRIC_REPRESENTATION_CONTEXT() REPRESENTATION_CONTEXT('2D SPACE',''
  ) );
#5795 = PCURVE('',#5796,#5801);
#5796 = PLANE('',#5797);
#5797 = AXIS2_PLACEMENT_3D('',#5798,#5799,#5800);
#5798 = CARTESIAN_POINT('',(375.,125.,16.));
#5799 = DIRECTION('',(0.,0.,1.));
#5800 = DIRECTION('',(1.,0.,-0.));
#5801 = DEFINITIONAL_REPRESENTATION('',(#5802),#5810);
#5802 = ( BOUNDED_CURVE() B_SPLINE_CURVE(2,(#5803,#5804,#5805,#5806,
#5807,#5808,#5809),.UNSPECIFIED.,.T.,.F.) B_SPLINE_CURVE_WITH_KNOTS((1,2
    ,2,2,2,1),(-2.094395102393,0.,2.094395102393,4.188790204786,
6.28318530718,8.377580409573),.UNSPECIFIED.) CURVE() 
GEOMETRIC_REPRESENTATION_ITEM() RATIONAL_B_SPLINE_CURVE((1.,0.5,1.,0.5,
1.,0.5,1.)) REPRESENTATION_ITEM('') );
#5803 = CARTESIAN_POINT('',(3.,0.));
#5804 = CARTESIAN_POINT('',(3.,-5.196152422707));
#5805 = CARTESIAN_POINT('',(-1.5,-2.598076211353));
#5806 = CARTESIAN_POINT('',(-6.,-7.347880794884E-16));
#5807 = CARTESIAN_POINT('',(-1.5,2.598076211353));
#5808 = CARTESIAN_POINT('',(3.,5.196152422707));
#5809 = CARTESIAN_POINT('',(3.,0.));
#5810 = ( GEOMETRIC_REPRESENTATION_CONTEXT(2) 
PARAMETRIC_REPRESENTATION_CONTEXT() REPRESENTATION_CONTEXT('2D SPACE',''
  ) );
#5811 = ORIENTED_EDGE('',*,*,#5812,.T.);
#5812 = EDGE_CURVE('',#5780,#1756,#5813,.T.);
#5813 = SEAM_CURVE('',#5814,(#5818,#5825),.PCURVE_S1.);
#5814 = LINE('',#5815,#5816);
#5815 = CARTESIAN_POINT('',(378.,125.,15.));
#5816 = VECTOR('',#5817,1.);
#5817 = DIRECTION('',(0.,0.,1.));
#5818 = PCURVE('',#1776,#5819);
#5819 = DEFINITIONAL_REPRESENTATION('',(#5820),#5824);
#5820 = LINE('',#5821,#5822);
#5821 = CARTESIAN_POINT('',(-6.28318530718,0.));
#5822 = VECTOR('',#5823,1.);
#5823 = DIRECTION('',(-0.,-1.));
#5824 = ( GEOMETRIC_REPRESENTATION_CONTEXT(2) 
PARAMETRIC_REPRESENTATION_CONTEXT() REPRESENTATION_CONTEXT('2D SPACE',''
  ) );
#5825 = PCURVE('',#1776,#5826);
#5826 = DEFINITIONAL_REPRESENTATION('',(#5827),#5831);
#5827 = LINE('',#5828,#5829);
#5828 = CARTESIAN_POINT('',(-0.,0.));
#5829 = VECTOR('',#5830,1.);
#5830 = DIRECTION('',(-0.,-1.));
#5831 = ( GEOMETRIC_REPRESENTATION_CONTEXT(2) 
PARAMETRIC_REPRESENTATION_CONTEXT() REPRESENTATION_CONTEXT('2D SPACE',''
  ) );
#5832 = ORIENTED_EDGE('',*,*,#1755,.F.);
#5833 = ORIENTED_EDGE('',*,*,#5812,.F.);
#5834 = ADVANCED_FACE('',(#5835),#1811,.F.);
#5835 = FACE_BOUND('',#5836,.T.);
#5836 = EDGE_LOOP('',(#5837,#5870,#5891,#5892));
#5837 = ORIENTED_EDGE('',*,*,#5838,.T.);
#5838 = EDGE_CURVE('',#5839,#5839,#5841,.T.);
#5839 = VERTEX_POINT('',#5840);
#5840 = CARTESIAN_POINT('',(428.,125.,16.));
#5841 = SURFACE_CURVE('',#5842,(#5847,#5854),.PCURVE_S1.);
#5842 = CIRCLE('',#5843,3.);
#5843 = AXIS2_PLACEMENT_3D('',#5844,#5845,#5846);
#5844 = CARTESIAN_POINT('',(425.,125.,16.));
#5845 = DIRECTION('',(0.,0.,-1.));
#5846 = DIRECTION('',(1.,0.,0.));
#5847 = PCURVE('',#1811,#5848);
#5848 = DEFINITIONAL_REPRESENTATION('',(#5849),#5853);
#5849 = LINE('',#5850,#5851);
#5850 = CARTESIAN_POINT('',(-6.28318530718,-1.));
#5851 = VECTOR('',#5852,1.);
#5852 = DIRECTION('',(1.,-0.));
#5853 = ( GEOMETRIC_REPRESENTATION_CONTEXT(2) 
PARAMETRIC_REPRESENTATION_CONTEXT() REPRESENTATION_CONTEXT('2D SPACE',''
  ) );
#5854 = PCURVE('',#5855,#5860);
#5855 = PLANE('',#5856);
#5856 = AXIS2_PLACEMENT_3D('',#5857,#5858,#5859);
#5857 = CARTESIAN_POINT('',(425.,125.,16.));
#5858 = DIRECTION('',(0.,0.,1.));
#5859 = DIRECTION('',(1.,0.,-0.));
#5860 = DEFINITIONAL_REPRESENTATION('',(#5861),#5869);
#5861 = ( BOUNDED_CURVE() B_SPLINE_CURVE(2,(#5862,#5863,#5864,#5865,
#5866,#5867,#5868),.UNSPECIFIED.,.T.,.F.) B_SPLINE_CURVE_WITH_KNOTS((1,2
    ,2,2,2,1),(-2.094395102393,0.,2.094395102393,4.188790204786,
6.28318530718,8.377580409573),.UNSPECIFIED.) CURVE() 
GEOMETRIC_REPRESENTATION_ITEM() RATIONAL_B_SPLINE_CURVE((1.,0.5,1.,0.5,
1.,0.5,1.)) REPRESENTATION_ITEM('') );
#5862 = CARTESIAN_POINT('',(3.,0.));
#5863 = CARTESIAN_POINT('',(3.,-5.196152422707));
#5864 = CARTESIAN_POINT('',(-1.5,-2.598076211353));
#5865 = CARTESIAN_POINT('',(-6.,-7.347880794884E-16));
#5866 = CARTESIAN_POINT('',(-1.5,2.598076211353));
#5867 = CARTESIAN_POINT('',(3.,5.196152422707));
#5868 = CARTESIAN_POINT('',(3.,0.));
#5869 = ( GEOMETRIC_REPRESENTATION_CONTEXT(2) 
PARAMETRIC_REPRESENTATION_CONTEXT() REPRESENTATION_CONTEXT('2D SPACE',''
  ) );
#5870 = ORIENTED_EDGE('',*,*,#5871,.T.);
#5871 = EDGE_CURVE('',#5839,#1791,#5872,.T.);
#5872 = SEAM_CURVE('',#5873,(#5877,#5884),.PCURVE_S1.);
#5873 = LINE('',#5874,#5875);
#5874 = CARTESIAN_POINT('',(428.,125.,15.));
#5875 = VECTOR('',#5876,1.);
#5876 = DIRECTION('',(0.,0.,1.));
#5877 = PCURVE('',#1811,#5878);
#5878 = DEFINITIONAL_REPRESENTATION('',(#5879),#5883);
#5879 = LINE('',#5880,#5881);
#5880 = CARTESIAN_POINT('',(-6.28318530718,0.));
#5881 = VECTOR('',#5882,1.);
#5882 = DIRECTION('',(-0.,-1.));
#5883 = ( GEOMETRIC_REPRESENTATION_CONTEXT(2) 
PARAMETRIC_REPRESENTATION_CONTEXT() REPRESENTATION_CONTEXT('2D SPACE',''
  ) );
#5884 = PCURVE('',#1811,#5885);
#5885 = DEFINITIONAL_REPRESENTATION('',(#5886),#5890);
#5886 = LINE('',#5887,#5888);
#5887 = CARTESIAN_POINT('',(-0.,0.));
#5888 = VECTOR('',#5889,1.);
#5889 = DIRECTION('',(-0.,-1.));
#5890 = ( GEOMETRIC_REPRESENTATION_CONTEXT(2) 
PARAMETRIC_REPRESENTATION_CONTEXT() REPRESENTATION_CONTEXT('2D SPACE',''
  ) );
#5891 = ORIENTED_EDGE('',*,*,#1790,.F.);
#5892 = ORIENTED_EDGE('',*,*,#5871,.F.);
#5893 = ADVANCED_FACE('',(#5894),#1846,.F.);
#5894 = FACE_BOUND('',#5895,.T.);
#5895 = EDGE_LOOP('',(#5896,#5929,#5950,#5951));
#5896 = ORIENTED_EDGE('',*,*,#5897,.T.);
#5897 = EDGE_CURVE('',#5898,#5898,#5900,.T.);
#5898 = VERTEX_POINT('',#5899);
#5899 = CARTESIAN_POINT('',(28.,175.,16.));
#5900 = SURFACE_CURVE('',#5901,(#5906,#5913),.PCURVE_S1.);
#5901 = CIRCLE('',#5902,3.);
#5902 = AXIS2_PLACEMENT_3D('',#5903,#5904,#5905);
#5903 = CARTESIAN_POINT('',(25.,175.,16.));
#5904 = DIRECTION('',(0.,0.,-1.));
#5905 = DIRECTION('',(1.,0.,0.));
#5906 = PCURVE('',#1846,#5907);
#5907 = DEFINITIONAL_REPRESENTATION('',(#5908),#5912);
#5908 = LINE('',#5909,#5910);
#5909 = CARTESIAN_POINT('',(-6.28318530718,-1.));
#5910 = VECTOR('',#5911,1.);
#5911 = DIRECTION('',(1.,-0.));
#5912 = ( GEOMETRIC_REPRESENTATION_CONTEXT(2) 
PARAMETRIC_REPRESENTATION_CONTEXT() REPRESENTATION_CONTEXT('2D SPACE',''
  ) );
#5913 = PCURVE('',#5914,#5919);
#5914 = PLANE('',#5915);
#5915 = AXIS2_PLACEMENT_3D('',#5916,#5917,#5918);
#5916 = CARTESIAN_POINT('',(25.,175.,16.));
#5917 = DIRECTION('',(0.,0.,1.));
#5918 = DIRECTION('',(1.,0.,-0.));
#5919 = DEFINITIONAL_REPRESENTATION('',(#5920),#5928);
#5920 = ( BOUNDED_CURVE() B_SPLINE_CURVE(2,(#5921,#5922,#5923,#5924,
#5925,#5926,#5927),.UNSPECIFIED.,.T.,.F.) B_SPLINE_CURVE_WITH_KNOTS((1,2
    ,2,2,2,1),(-2.094395102393,0.,2.094395102393,4.188790204786,
6.28318530718,8.377580409573),.UNSPECIFIED.) CURVE() 
GEOMETRIC_REPRESENTATION_ITEM() RATIONAL_B_SPLINE_CURVE((1.,0.5,1.,0.5,
1.,0.5,1.)) REPRESENTATION_ITEM('') );
#5921 = CARTESIAN_POINT('',(3.,0.));
#5922 = CARTESIAN_POINT('',(3.,-5.196152422707));
#5923 = CARTESIAN_POINT('',(-1.5,-2.598076211353));
#5924 = CARTESIAN_POINT('',(-6.,-7.347880794884E-16));
#5925 = CARTESIAN_POINT('',(-1.5,2.598076211353));
#5926 = CARTESIAN_POINT('',(3.,5.196152422707));
#5927 = CARTESIAN_POINT('',(3.,0.));
#5928 = ( GEOMETRIC_REPRESENTATION_CONTEXT(2) 
PARAMETRIC_REPRESENTATION_CONTEXT() REPRESENTATION_CONTEXT('2D SPACE',''
  ) );
#5929 = ORIENTED_EDGE('',*,*,#5930,.T.);
#5930 = EDGE_CURVE('',#5898,#1826,#5931,.T.);
#5931 = SEAM_CURVE('',#5932,(#5936,#5943),.PCURVE_S1.);
#5932 = LINE('',#5933,#5934);
#5933 = CARTESIAN_POINT('',(28.,175.,15.));
#5934 = VECTOR('',#5935,1.);
#5935 = DIRECTION('',(0.,0.,1.));
#5936 = PCURVE('',#1846,#5937);
#5937 = DEFINITIONAL_REPRESENTATION('',(#5938),#5942);
#5938 = LINE('',#5939,#5940);
#5939 = CARTESIAN_POINT('',(-6.28318530718,0.));
#5940 = VECTOR('',#5941,1.);
#5941 = DIRECTION('',(-0.,-1.));
#5942 = ( GEOMETRIC_REPRESENTATION_CONTEXT(2) 
PARAMETRIC_REPRESENTATION_CONTEXT() REPRESENTATION_CONTEXT('2D SPACE',''
  ) );
#5943 = PCURVE('',#1846,#5944);
#5944 = DEFINITIONAL_REPRESENTATION('',(#5945),#5949);
#5945 = LINE('',#5946,#5947);
#5946 = CARTESIAN_POINT('',(-0.,0.));
#5947 = VECTOR('',#5948,1.);
#5948 = DIRECTION('',(-0.,-1.));
#5949 = ( GEOMETRIC_REPRESENTATION_CONTEXT(2) 
PARAMETRIC_REPRESENTATION_CONTEXT() REPRESENTATION_CONTEXT('2D SPACE',''
  ) );
#5950 = ORIENTED_EDGE('',*,*,#1825,.F.);
#5951 = ORIENTED_EDGE('',*,*,#5930,.F.);
#5952 = ADVANCED_FACE('',(#5953),#1881,.F.);
#5953 = FACE_BOUND('',#5954,.T.);
#5954 = EDGE_LOOP('',(#5955,#5988,#6009,#6010));
#5955 = ORIENTED_EDGE('',*,*,#5956,.T.);
#5956 = EDGE_CURVE('',#5957,#5957,#5959,.T.);
#5957 = VERTEX_POINT('',#5958);
#5958 = CARTESIAN_POINT('',(78.,175.,16.));
#5959 = SURFACE_CURVE('',#5960,(#5965,#5972),.PCURVE_S1.);
#5960 = CIRCLE('',#5961,3.);
#5961 = AXIS2_PLACEMENT_3D('',#5962,#5963,#5964);
#5962 = CARTESIAN_POINT('',(75.,175.,16.));
#5963 = DIRECTION('',(0.,0.,-1.));
#5964 = DIRECTION('',(1.,0.,0.));
#5965 = PCURVE('',#1881,#5966);
#5966 = DEFINITIONAL_REPRESENTATION('',(#5967),#5971);
#5967 = LINE('',#5968,#5969);
#5968 = CARTESIAN_POINT('',(-6.28318530718,-1.));
#5969 = VECTOR('',#5970,1.);
#5970 = DIRECTION('',(1.,-0.));
#5971 = ( GEOMETRIC_REPRESENTATION_CONTEXT(2) 
PARAMETRIC_REPRESENTATION_CONTEXT() REPRESENTATION_CONTEXT('2D SPACE',''
  ) );
#5972 = PCURVE('',#5973,#5978);
#5973 = PLANE('',#5974);
#5974 = AXIS2_PLACEMENT_3D('',#5975,#5976,#5977);
#5975 = CARTESIAN_POINT('',(75.,175.,16.));
#5976 = DIRECTION('',(0.,0.,1.));
#5977 = DIRECTION('',(1.,0.,-0.));
#5978 = DEFINITIONAL_REPRESENTATION('',(#5979),#5987);
#5979 = ( BOUNDED_CURVE() B_SPLINE_CURVE(2,(#5980,#5981,#5982,#5983,
#5984,#5985,#5986),.UNSPECIFIED.,.T.,.F.) B_SPLINE_CURVE_WITH_KNOTS((1,2
    ,2,2,2,1),(-2.094395102393,0.,2.094395102393,4.188790204786,
6.28318530718,8.377580409573),.UNSPECIFIED.) CURVE() 
GEOMETRIC_REPRESENTATION_ITEM() RATIONAL_B_SPLINE_CURVE((1.,0.5,1.,0.5,
1.,0.5,1.)) REPRESENTATION_ITEM('') );
#5980 = CARTESIAN_POINT('',(3.,0.));
#5981 = CARTESIAN_POINT('',(3.,-5.196152422707));
#5982 = CARTESIAN_POINT('',(-1.5,-2.598076211353));
#5983 = CARTESIAN_POINT('',(-6.,-7.347880794884E-16));
#5984 = CARTESIAN_POINT('',(-1.5,2.598076211353));
#5985 = CARTESIAN_POINT('',(3.,5.196152422707));
#5986 = CARTESIAN_POINT('',(3.,0.));
#5987 = ( GEOMETRIC_REPRESENTATION_CONTEXT(2) 
PARAMETRIC_REPRESENTATION_CONTEXT() REPRESENTATION_CONTEXT('2D SPACE',''
  ) );
#5988 = ORIENTED_EDGE('',*,*,#5989,.T.);
#5989 = EDGE_CURVE('',#5957,#1861,#5990,.T.);
#5990 = SEAM_CURVE('',#5991,(#5995,#6002),.PCURVE_S1.);
#5991 = LINE('',#5992,#5993);
#5992 = CARTESIAN_POINT('',(78.,175.,15.));
#5993 = VECTOR('',#5994,1.);
#5994 = DIRECTION('',(0.,0.,1.));
#5995 = PCURVE('',#1881,#5996);
#5996 = DEFINITIONAL_REPRESENTATION('',(#5997),#6001);
#5997 = LINE('',#5998,#5999);
#5998 = CARTESIAN_POINT('',(-6.28318530718,0.));
#5999 = VECTOR('',#6000,1.);
#6000 = DIRECTION('',(-0.,-1.));
#6001 = ( GEOMETRIC_REPRESENTATION_CONTEXT(2) 
PARAMETRIC_REPRESENTATION_CONTEXT() REPRESENTATION_CONTEXT('2D SPACE',''
  ) );
#6002 = PCURVE('',#1881,#6003);
#6003 = DEFINITIONAL_REPRESENTATION('',(#6004),#6008);
#6004 = LINE('',#6005,#6006);
#6005 = CARTESIAN_POINT('',(-0.,0.));
#6006 = VECTOR('',#6007,1.);
#6007 = DIRECTION('',(-0.,-1.));
#6008 = ( GEOMETRIC_REPRESENTATION_CONTEXT(2) 
PARAMETRIC_REPRESENTATION_CONTEXT() REPRESENTATION_CONTEXT('2D SPACE',''
  ) );
#6009 = ORIENTED_EDGE('',*,*,#1860,.F.);
#6010 = ORIENTED_EDGE('',*,*,#5989,.F.);
#6011 = ADVANCED_FACE('',(#6012),#1916,.F.);
#6012 = FACE_BOUND('',#6013,.T.);
#6013 = EDGE_LOOP('',(#6014,#6047,#6068,#6069));
#6014 = ORIENTED_EDGE('',*,*,#6015,.T.);
#6015 = EDGE_CURVE('',#6016,#6016,#6018,.T.);
#6016 = VERTEX_POINT('',#6017);
#6017 = CARTESIAN_POINT('',(28.,225.,16.));
#6018 = SURFACE_CURVE('',#6019,(#6024,#6031),.PCURVE_S1.);
#6019 = CIRCLE('',#6020,3.);
#6020 = AXIS2_PLACEMENT_3D('',#6021,#6022,#6023);
#6021 = CARTESIAN_POINT('',(25.,225.,16.));
#6022 = DIRECTION('',(0.,0.,-1.));
#6023 = DIRECTION('',(1.,0.,0.));
#6024 = PCURVE('',#1916,#6025);
#6025 = DEFINITIONAL_REPRESENTATION('',(#6026),#6030);
#6026 = LINE('',#6027,#6028);
#6027 = CARTESIAN_POINT('',(-6.28318530718,-1.));
#6028 = VECTOR('',#6029,1.);
#6029 = DIRECTION('',(1.,-0.));
#6030 = ( GEOMETRIC_REPRESENTATION_CONTEXT(2) 
PARAMETRIC_REPRESENTATION_CONTEXT() REPRESENTATION_CONTEXT('2D SPACE',''
  ) );
#6031 = PCURVE('',#6032,#6037);
#6032 = PLANE('',#6033);
#6033 = AXIS2_PLACEMENT_3D('',#6034,#6035,#6036);
#6034 = CARTESIAN_POINT('',(25.,225.,16.));
#6035 = DIRECTION('',(0.,0.,1.));
#6036 = DIRECTION('',(1.,0.,-0.));
#6037 = DEFINITIONAL_REPRESENTATION('',(#6038),#6046);
#6038 = ( BOUNDED_CURVE() B_SPLINE_CURVE(2,(#6039,#6040,#6041,#6042,
#6043,#6044,#6045),.UNSPECIFIED.,.T.,.F.) B_SPLINE_CURVE_WITH_KNOTS((1,2
    ,2,2,2,1),(-2.094395102393,0.,2.094395102393,4.188790204786,
6.28318530718,8.377580409573),.UNSPECIFIED.) CURVE() 
GEOMETRIC_REPRESENTATION_ITEM() RATIONAL_B_SPLINE_CURVE((1.,0.5,1.,0.5,
1.,0.5,1.)) REPRESENTATION_ITEM('') );
#6039 = CARTESIAN_POINT('',(3.,0.));
#6040 = CARTESIAN_POINT('',(3.,-5.196152422707));
#6041 = CARTESIAN_POINT('',(-1.5,-2.598076211353));
#6042 = CARTESIAN_POINT('',(-6.,-7.347880794884E-16));
#6043 = CARTESIAN_POINT('',(-1.5,2.598076211353));
#6044 = CARTESIAN_POINT('',(3.,5.196152422707));
#6045 = CARTESIAN_POINT('',(3.,0.));
#6046 = ( GEOMETRIC_REPRESENTATION_CONTEXT(2) 
PARAMETRIC_REPRESENTATION_CONTEXT() REPRESENTATION_CONTEXT('2D SPACE',''
  ) );
#6047 = ORIENTED_EDGE('',*,*,#6048,.T.);
#6048 = EDGE_CURVE('',#6016,#1896,#6049,.T.);
#6049 = SEAM_CURVE('',#6050,(#6054,#6061),.PCURVE_S1.);
#6050 = LINE('',#6051,#6052);
#6051 = CARTESIAN_POINT('',(28.,225.,15.));
#6052 = VECTOR('',#6053,1.);
#6053 = DIRECTION('',(0.,0.,1.));
#6054 = PCURVE('',#1916,#6055);
#6055 = DEFINITIONAL_REPRESENTATION('',(#6056),#6060);
#6056 = LINE('',#6057,#6058);
#6057 = CARTESIAN_POINT('',(-6.28318530718,0.));
#6058 = VECTOR('',#6059,1.);
#6059 = DIRECTION('',(-0.,-1.));
#6060 = ( GEOMETRIC_REPRESENTATION_CONTEXT(2) 
PARAMETRIC_REPRESENTATION_CONTEXT() REPRESENTATION_CONTEXT('2D SPACE',''
  ) );
#6061 = PCURVE('',#1916,#6062);
#6062 = DEFINITIONAL_REPRESENTATION('',(#6063),#6067);
#6063 = LINE('',#6064,#6065);
#6064 = CARTESIAN_POINT('',(-0.,0.));
#6065 = VECTOR('',#6066,1.);
#6066 = DIRECTION('',(-0.,-1.));
#6067 = ( GEOMETRIC_REPRESENTATION_CONTEXT(2) 
PARAMETRIC_REPRESENTATION_CONTEXT() REPRESENTATION_CONTEXT('2D SPACE',''
  ) );
#6068 = ORIENTED_EDGE('',*,*,#1895,.F.);
#6069 = ORIENTED_EDGE('',*,*,#6048,.F.);
#6070 = ADVANCED_FACE('',(#6071),#1951,.F.);
#6071 = FACE_BOUND('',#6072,.T.);
#6072 = EDGE_LOOP('',(#6073,#6106,#6127,#6128));
#6073 = ORIENTED_EDGE('',*,*,#6074,.T.);
#6074 = EDGE_CURVE('',#6075,#6075,#6077,.T.);
#6075 = VERTEX_POINT('',#6076);
#6076 = CARTESIAN_POINT('',(78.,225.,16.));
#6077 = SURFACE_CURVE('',#6078,(#6083,#6090),.PCURVE_S1.);
#6078 = CIRCLE('',#6079,3.);
#6079 = AXIS2_PLACEMENT_3D('',#6080,#6081,#6082);
#6080 = CARTESIAN_POINT('',(75.,225.,16.));
#6081 = DIRECTION('',(0.,0.,-1.));
#6082 = DIRECTION('',(1.,0.,0.));
#6083 = PCURVE('',#1951,#6084);
#6084 = DEFINITIONAL_REPRESENTATION('',(#6085),#6089);
#6085 = LINE('',#6086,#6087);
#6086 = CARTESIAN_POINT('',(-6.28318530718,-1.));
#6087 = VECTOR('',#6088,1.);
#6088 = DIRECTION('',(1.,-0.));
#6089 = ( GEOMETRIC_REPRESENTATION_CONTEXT(2) 
PARAMETRIC_REPRESENTATION_CONTEXT() REPRESENTATION_CONTEXT('2D SPACE',''
  ) );
#6090 = PCURVE('',#6091,#6096);
#6091 = PLANE('',#6092);
#6092 = AXIS2_PLACEMENT_3D('',#6093,#6094,#6095);
#6093 = CARTESIAN_POINT('',(75.,225.,16.));
#6094 = DIRECTION('',(0.,0.,1.));
#6095 = DIRECTION('',(1.,0.,-0.));
#6096 = DEFINITIONAL_REPRESENTATION('',(#6097),#6105);
#6097 = ( BOUNDED_CURVE() B_SPLINE_CURVE(2,(#6098,#6099,#6100,#6101,
#6102,#6103,#6104),.UNSPECIFIED.,.T.,.F.) B_SPLINE_CURVE_WITH_KNOTS((1,2
    ,2,2,2,1),(-2.094395102393,0.,2.094395102393,4.188790204786,
6.28318530718,8.377580409573),.UNSPECIFIED.) CURVE() 
GEOMETRIC_REPRESENTATION_ITEM() RATIONAL_B_SPLINE_CURVE((1.,0.5,1.,0.5,
1.,0.5,1.)) REPRESENTATION_ITEM('') );
#6098 = CARTESIAN_POINT('',(3.,0.));
#6099 = CARTESIAN_POINT('',(3.,-5.196152422707));
#6100 = CARTESIAN_POINT('',(-1.5,-2.598076211353));
#6101 = CARTESIAN_POINT('',(-6.,-7.347880794884E-16));
#6102 = CARTESIAN_POINT('',(-1.5,2.598076211353));
#6103 = CARTESIAN_POINT('',(3.,5.196152422707));
#6104 = CARTESIAN_POINT('',(3.,0.));
#6105 = ( GEOMETRIC_REPRESENTATION_CONTEXT(2) 
PARAMETRIC_REPRESENTATION_CONTEXT() REPRESENTATION_CONTEXT('2D SPACE',''
  ) );
#6106 = ORIENTED_EDGE('',*,*,#6107,.T.);
#6107 = EDGE_CURVE('',#6075,#1931,#6108,.T.);
#6108 = SEAM_CURVE('',#6109,(#6113,#6120),.PCURVE_S1.);
#6109 = LINE('',#6110,#6111);
#6110 = CARTESIAN_POINT('',(78.,225.,15.));
#6111 = VECTOR('',#6112,1.);
#6112 = DIRECTION('',(0.,0.,1.));
#6113 = PCURVE('',#1951,#6114);
#6114 = DEFINITIONAL_REPRESENTATION('',(#6115),#6119);
#6115 = LINE('',#6116,#6117);
#6116 = CARTESIAN_POINT('',(-6.28318530718,0.));
#6117 = VECTOR('',#6118,1.);
#6118 = DIRECTION('',(-0.,-1.));
#6119 = ( GEOMETRIC_REPRESENTATION_CONTEXT(2) 
PARAMETRIC_REPRESENTATION_CONTEXT() REPRESENTATION_CONTEXT('2D SPACE',''
  ) );
#6120 = PCURVE('',#1951,#6121);
#6121 = DEFINITIONAL_REPRESENTATION('',(#6122),#6126);
#6122 = LINE('',#6123,#6124);
#6123 = CARTESIAN_POINT('',(-0.,0.));
#6124 = VECTOR('',#6125,1.);
#6125 = DIRECTION('',(-0.,-1.));
#6126 = ( GEOMETRIC_REPRESENTATION_CONTEXT(2) 
PARAMETRIC_REPRESENTATION_CONTEXT() REPRESENTATION_CONTEXT('2D SPACE',''
  ) );
#6127 = ORIENTED_EDGE('',*,*,#1930,.F.);
#6128 = ORIENTED_EDGE('',*,*,#6107,.F.);
#6129 = ADVANCED_FACE('',(#6130),#1986,.F.);
#6130 = FACE_BOUND('',#6131,.T.);
#6131 = EDGE_LOOP('',(#6132,#6165,#6186,#6187));
#6132 = ORIENTED_EDGE('',*,*,#6133,.T.);
#6133 = EDGE_CURVE('',#6134,#6134,#6136,.T.);
#6134 = VERTEX_POINT('',#6135);
#6135 = CARTESIAN_POINT('',(128.,175.,16.));
#6136 = SURFACE_CURVE('',#6137,(#6142,#6149),.PCURVE_S1.);
#6137 = CIRCLE('',#6138,3.);
#6138 = AXIS2_PLACEMENT_3D('',#6139,#6140,#6141);
#6139 = CARTESIAN_POINT('',(125.,175.,16.));
#6140 = DIRECTION('',(0.,0.,-1.));
#6141 = DIRECTION('',(1.,0.,0.));
#6142 = PCURVE('',#1986,#6143);
#6143 = DEFINITIONAL_REPRESENTATION('',(#6144),#6148);
#6144 = LINE('',#6145,#6146);
#6145 = CARTESIAN_POINT('',(-6.28318530718,-1.));
#6146 = VECTOR('',#6147,1.);
#6147 = DIRECTION('',(1.,-0.));
#6148 = ( GEOMETRIC_REPRESENTATION_CONTEXT(2) 
PARAMETRIC_REPRESENTATION_CONTEXT() REPRESENTATION_CONTEXT('2D SPACE',''
  ) );
#6149 = PCURVE('',#6150,#6155);
#6150 = PLANE('',#6151);
#6151 = AXIS2_PLACEMENT_3D('',#6152,#6153,#6154);
#6152 = CARTESIAN_POINT('',(125.,175.,16.));
#6153 = DIRECTION('',(0.,0.,1.));
#6154 = DIRECTION('',(1.,0.,-0.));
#6155 = DEFINITIONAL_REPRESENTATION('',(#6156),#6164);
#6156 = ( BOUNDED_CURVE() B_SPLINE_CURVE(2,(#6157,#6158,#6159,#6160,
#6161,#6162,#6163),.UNSPECIFIED.,.T.,.F.) B_SPLINE_CURVE_WITH_KNOTS((1,2
    ,2,2,2,1),(-2.094395102393,0.,2.094395102393,4.188790204786,
6.28318530718,8.377580409573),.UNSPECIFIED.) CURVE() 
GEOMETRIC_REPRESENTATION_ITEM() RATIONAL_B_SPLINE_CURVE((1.,0.5,1.,0.5,
1.,0.5,1.)) REPRESENTATION_ITEM('') );
#6157 = CARTESIAN_POINT('',(3.,0.));
#6158 = CARTESIAN_POINT('',(3.,-5.196152422707));
#6159 = CARTESIAN_POINT('',(-1.5,-2.598076211353));
#6160 = CARTESIAN_POINT('',(-6.,-7.347880794884E-16));
#6161 = CARTESIAN_POINT('',(-1.5,2.598076211353));
#6162 = CARTESIAN_POINT('',(3.,5.196152422707));
#6163 = CARTESIAN_POINT('',(3.,0.));
#6164 = ( GEOMETRIC_REPRESENTATION_CONTEXT(2) 
PARAMETRIC_REPRESENTATION_CONTEXT() REPRESENTATION_CONTEXT('2D SPACE',''
  ) );
#6165 = ORIENTED_EDGE('',*,*,#6166,.T.);
#6166 = EDGE_CURVE('',#6134,#1966,#6167,.T.);
#6167 = SEAM_CURVE('',#6168,(#6172,#6179),.PCURVE_S1.);
#6168 = LINE('',#6169,#6170);
#6169 = CARTESIAN_POINT('',(128.,175.,15.));
#6170 = VECTOR('',#6171,1.);
#6171 = DIRECTION('',(0.,0.,1.));
#6172 = PCURVE('',#1986,#6173);
#6173 = DEFINITIONAL_REPRESENTATION('',(#6174),#6178);
#6174 = LINE('',#6175,#6176);
#6175 = CARTESIAN_POINT('',(-6.28318530718,0.));
#6176 = VECTOR('',#6177,1.);
#6177 = DIRECTION('',(-0.,-1.));
#6178 = ( GEOMETRIC_REPRESENTATION_CONTEXT(2) 
PARAMETRIC_REPRESENTATION_CONTEXT() REPRESENTATION_CONTEXT('2D SPACE',''
  ) );
#6179 = PCURVE('',#1986,#6180);
#6180 = DEFINITIONAL_REPRESENTATION('',(#6181),#6185);
#6181 = LINE('',#6182,#6183);
#6182 = CARTESIAN_POINT('',(-0.,0.));
#6183 = VECTOR('',#6184,1.);
#6184 = DIRECTION('',(-0.,-1.));
#6185 = ( GEOMETRIC_REPRESENTATION_CONTEXT(2) 
PARAMETRIC_REPRESENTATION_CONTEXT() REPRESENTATION_CONTEXT('2D SPACE',''
  ) );
#6186 = ORIENTED_EDGE('',*,*,#1965,.F.);
#6187 = ORIENTED_EDGE('',*,*,#6166,.F.);
#6188 = ADVANCED_FACE('',(#6189),#2021,.F.);
#6189 = FACE_BOUND('',#6190,.T.);
#6190 = EDGE_LOOP('',(#6191,#6224,#6245,#6246));
#6191 = ORIENTED_EDGE('',*,*,#6192,.T.);
#6192 = EDGE_CURVE('',#6193,#6193,#6195,.T.);
#6193 = VERTEX_POINT('',#6194);
#6194 = CARTESIAN_POINT('',(178.,175.,16.));
#6195 = SURFACE_CURVE('',#6196,(#6201,#6208),.PCURVE_S1.);
#6196 = CIRCLE('',#6197,3.);
#6197 = AXIS2_PLACEMENT_3D('',#6198,#6199,#6200);
#6198 = CARTESIAN_POINT('',(175.,175.,16.));
#6199 = DIRECTION('',(0.,0.,-1.));
#6200 = DIRECTION('',(1.,0.,0.));
#6201 = PCURVE('',#2021,#6202);
#6202 = DEFINITIONAL_REPRESENTATION('',(#6203),#6207);
#6203 = LINE('',#6204,#6205);
#6204 = CARTESIAN_POINT('',(-6.28318530718,-1.));
#6205 = VECTOR('',#6206,1.);
#6206 = DIRECTION('',(1.,-0.));
#6207 = ( GEOMETRIC_REPRESENTATION_CONTEXT(2) 
PARAMETRIC_REPRESENTATION_CONTEXT() REPRESENTATION_CONTEXT('2D SPACE',''
  ) );
#6208 = PCURVE('',#6209,#6214);
#6209 = PLANE('',#6210);
#6210 = AXIS2_PLACEMENT_3D('',#6211,#6212,#6213);
#6211 = CARTESIAN_POINT('',(175.,175.,16.));
#6212 = DIRECTION('',(0.,0.,1.));
#6213 = DIRECTION('',(1.,0.,-0.));
#6214 = DEFINITIONAL_REPRESENTATION('',(#6215),#6223);
#6215 = ( BOUNDED_CURVE() B_SPLINE_CURVE(2,(#6216,#6217,#6218,#6219,
#6220,#6221,#6222),.UNSPECIFIED.,.T.,.F.) B_SPLINE_CURVE_WITH_KNOTS((1,2
    ,2,2,2,1),(-2.094395102393,0.,2.094395102393,4.188790204786,
6.28318530718,8.377580409573),.UNSPECIFIED.) CURVE() 
GEOMETRIC_REPRESENTATION_ITEM() RATIONAL_B_SPLINE_CURVE((1.,0.5,1.,0.5,
1.,0.5,1.)) REPRESENTATION_ITEM('') );
#6216 = CARTESIAN_POINT('',(3.,0.));
#6217 = CARTESIAN_POINT('',(3.,-5.196152422707));
#6218 = CARTESIAN_POINT('',(-1.5,-2.598076211353));
#6219 = CARTESIAN_POINT('',(-6.,-7.347880794884E-16));
#6220 = CARTESIAN_POINT('',(-1.5,2.598076211353));
#6221 = CARTESIAN_POINT('',(3.,5.196152422707));
#6222 = CARTESIAN_POINT('',(3.,0.));
#6223 = ( GEOMETRIC_REPRESENTATION_CONTEXT(2) 
PARAMETRIC_REPRESENTATION_CONTEXT() REPRESENTATION_CONTEXT('2D SPACE',''
  ) );
#6224 = ORIENTED_EDGE('',*,*,#6225,.T.);
#6225 = EDGE_CURVE('',#6193,#2001,#6226,.T.);
#6226 = SEAM_CURVE('',#6227,(#6231,#6238),.PCURVE_S1.);
#6227 = LINE('',#6228,#6229);
#6228 = CARTESIAN_POINT('',(178.,175.,15.));
#6229 = VECTOR('',#6230,1.);
#6230 = DIRECTION('',(0.,0.,1.));
#6231 = PCURVE('',#2021,#6232);
#6232 = DEFINITIONAL_REPRESENTATION('',(#6233),#6237);
#6233 = LINE('',#6234,#6235);
#6234 = CARTESIAN_POINT('',(-6.28318530718,0.));
#6235 = VECTOR('',#6236,1.);
#6236 = DIRECTION('',(-0.,-1.));
#6237 = ( GEOMETRIC_REPRESENTATION_CONTEXT(2) 
PARAMETRIC_REPRESENTATION_CONTEXT() REPRESENTATION_CONTEXT('2D SPACE',''
  ) );
#6238 = PCURVE('',#2021,#6239);
#6239 = DEFINITIONAL_REPRESENTATION('',(#6240),#6244);
#6240 = LINE('',#6241,#6242);
#6241 = CARTESIAN_POINT('',(-0.,0.));
#6242 = VECTOR('',#6243,1.);
#6243 = DIRECTION('',(-0.,-1.));
#6244 = ( GEOMETRIC_REPRESENTATION_CONTEXT(2) 
PARAMETRIC_REPRESENTATION_CONTEXT() REPRESENTATION_CONTEXT('2D SPACE',''
  ) );
#6245 = ORIENTED_EDGE('',*,*,#2000,.F.);
#6246 = ORIENTED_EDGE('',*,*,#6225,.F.);
#6247 = ADVANCED_FACE('',(#6248),#2052,.F.);
#6248 = FACE_BOUND('',#6249,.F.);
#6249 = EDGE_LOOP('',(#6250,#6251,#6274,#6301));
#6250 = ORIENTED_EDGE('',*,*,#2035,.F.);
#6251 = ORIENTED_EDGE('',*,*,#6252,.F.);
#6252 = EDGE_CURVE('',#6253,#2036,#6255,.T.);
#6253 = VERTEX_POINT('',#6254);
#6254 = CARTESIAN_POINT('',(210.,201.,20.5));
#6255 = SEAM_CURVE('',#6256,(#6260,#6267),.PCURVE_S1.);
#6256 = LINE('',#6257,#6258);
#6257 = CARTESIAN_POINT('',(210.,201.,20.5));
#6258 = VECTOR('',#6259,1.);
#6259 = DIRECTION('',(0.,0.,1.));
#6260 = PCURVE('',#2052,#6261);
#6261 = DEFINITIONAL_REPRESENTATION('',(#6262),#6266);
#6262 = LINE('',#6263,#6264);
#6263 = CARTESIAN_POINT('',(6.28318530718,-0.));
#6264 = VECTOR('',#6265,1.);
#6265 = DIRECTION('',(0.,1.));
#6266 = ( GEOMETRIC_REPRESENTATION_CONTEXT(2) 
PARAMETRIC_REPRESENTATION_CONTEXT() REPRESENTATION_CONTEXT('2D SPACE',''
  ) );
#6267 = PCURVE('',#2052,#6268);
#6268 = DEFINITIONAL_REPRESENTATION('',(#6269),#6273);
#6269 = LINE('',#6270,#6271);
#6270 = CARTESIAN_POINT('',(0.,-0.));
#6271 = VECTOR('',#6272,1.);
#6272 = DIRECTION('',(0.,1.));
#6273 = ( GEOMETRIC_REPRESENTATION_CONTEXT(2) 
PARAMETRIC_REPRESENTATION_CONTEXT() REPRESENTATION_CONTEXT('2D SPACE',''
  ) );
#6274 = ORIENTED_EDGE('',*,*,#6275,.T.);
#6275 = EDGE_CURVE('',#6253,#6253,#6276,.T.);
#6276 = SURFACE_CURVE('',#6277,(#6282,#6289),.PCURVE_S1.);
#6277 = CIRCLE('',#6278,5.);
#6278 = AXIS2_PLACEMENT_3D('',#6279,#6280,#6281);
#6279 = CARTESIAN_POINT('',(205.,201.,20.5));
#6280 = DIRECTION('',(0.,0.,1.));
#6281 = DIRECTION('',(1.,0.,-0.));
#6282 = PCURVE('',#2052,#6283);
#6283 = DEFINITIONAL_REPRESENTATION('',(#6284),#6288);
#6284 = LINE('',#6285,#6286);
#6285 = CARTESIAN_POINT('',(0.,0.));
#6286 = VECTOR('',#6287,1.);
#6287 = DIRECTION('',(1.,0.));
#6288 = ( GEOMETRIC_REPRESENTATION_CONTEXT(2) 
PARAMETRIC_REPRESENTATION_CONTEXT() REPRESENTATION_CONTEXT('2D SPACE',''
  ) );
#6289 = PCURVE('',#6290,#6295);
#6290 = PLANE('',#6291);
#6291 = AXIS2_PLACEMENT_3D('',#6292,#6293,#6294);
#6292 = CARTESIAN_POINT('',(205.,201.,20.5));
#6293 = DIRECTION('',(0.,0.,1.));
#6294 = DIRECTION('',(1.,0.,-0.));
#6295 = DEFINITIONAL_REPRESENTATION('',(#6296),#6300);
#6296 = CIRCLE('',#6297,5.);
#6297 = AXIS2_PLACEMENT_2D('',#6298,#6299);
#6298 = CARTESIAN_POINT('',(0.,0.));
#6299 = DIRECTION('',(1.,0.));
#6300 = ( GEOMETRIC_REPRESENTATION_CONTEXT(2) 
PARAMETRIC_REPRESENTATION_CONTEXT() REPRESENTATION_CONTEXT('2D SPACE',''
  ) );
#6301 = ORIENTED_EDGE('',*,*,#6252,.T.);
#6302 = ADVANCED_FACE('',(#6303),#2087,.F.);
#6303 = FACE_BOUND('',#6304,.T.);
#6304 = EDGE_LOOP('',(#6305,#6338,#6359,#6360));
#6305 = ORIENTED_EDGE('',*,*,#6306,.T.);
#6306 = EDGE_CURVE('',#6307,#6307,#6309,.T.);
#6307 = VERTEX_POINT('',#6308);
#6308 = CARTESIAN_POINT('',(128.,225.,16.));
#6309 = SURFACE_CURVE('',#6310,(#6315,#6322),.PCURVE_S1.);
#6310 = CIRCLE('',#6311,3.);
#6311 = AXIS2_PLACEMENT_3D('',#6312,#6313,#6314);
#6312 = CARTESIAN_POINT('',(125.,225.,16.));
#6313 = DIRECTION('',(0.,0.,-1.));
#6314 = DIRECTION('',(1.,0.,0.));
#6315 = PCURVE('',#2087,#6316);
#6316 = DEFINITIONAL_REPRESENTATION('',(#6317),#6321);
#6317 = LINE('',#6318,#6319);
#6318 = CARTESIAN_POINT('',(-6.28318530718,-1.));
#6319 = VECTOR('',#6320,1.);
#6320 = DIRECTION('',(1.,-0.));
#6321 = ( GEOMETRIC_REPRESENTATION_CONTEXT(2) 
PARAMETRIC_REPRESENTATION_CONTEXT() REPRESENTATION_CONTEXT('2D SPACE',''
  ) );
#6322 = PCURVE('',#6323,#6328);
#6323 = PLANE('',#6324);
#6324 = AXIS2_PLACEMENT_3D('',#6325,#6326,#6327);
#6325 = CARTESIAN_POINT('',(125.,225.,16.));
#6326 = DIRECTION('',(0.,0.,1.));
#6327 = DIRECTION('',(1.,0.,-0.));
#6328 = DEFINITIONAL_REPRESENTATION('',(#6329),#6337);
#6329 = ( BOUNDED_CURVE() B_SPLINE_CURVE(2,(#6330,#6331,#6332,#6333,
#6334,#6335,#6336),.UNSPECIFIED.,.T.,.F.) B_SPLINE_CURVE_WITH_KNOTS((1,2
    ,2,2,2,1),(-2.094395102393,0.,2.094395102393,4.188790204786,
6.28318530718,8.377580409573),.UNSPECIFIED.) CURVE() 
GEOMETRIC_REPRESENTATION_ITEM() RATIONAL_B_SPLINE_CURVE((1.,0.5,1.,0.5,
1.,0.5,1.)) REPRESENTATION_ITEM('') );
#6330 = CARTESIAN_POINT('',(3.,0.));
#6331 = CARTESIAN_POINT('',(3.,-5.196152422707));
#6332 = CARTESIAN_POINT('',(-1.5,-2.598076211353));
#6333 = CARTESIAN_POINT('',(-6.,-7.347880794884E-16));
#6334 = CARTESIAN_POINT('',(-1.5,2.598076211353));
#6335 = CARTESIAN_POINT('',(3.,5.196152422707));
#6336 = CARTESIAN_POINT('',(3.,0.));
#6337 = ( GEOMETRIC_REPRESENTATION_CONTEXT(2) 
PARAMETRIC_REPRESENTATION_CONTEXT() REPRESENTATION_CONTEXT('2D SPACE',''
  ) );
#6338 = ORIENTED_EDGE('',*,*,#6339,.T.);
#6339 = EDGE_CURVE('',#6307,#2067,#6340,.T.);
#6340 = SEAM_CURVE('',#6341,(#6345,#6352),.PCURVE_S1.);
#6341 = LINE('',#6342,#6343);
#6342 = CARTESIAN_POINT('',(128.,225.,15.));
#6343 = VECTOR('',#6344,1.);
#6344 = DIRECTION('',(0.,0.,1.));
#6345 = PCURVE('',#2087,#6346);
#6346 = DEFINITIONAL_REPRESENTATION('',(#6347),#6351);
#6347 = LINE('',#6348,#6349);
#6348 = CARTESIAN_POINT('',(-6.28318530718,0.));
#6349 = VECTOR('',#6350,1.);
#6350 = DIRECTION('',(-0.,-1.));
#6351 = ( GEOMETRIC_REPRESENTATION_CONTEXT(2) 
PARAMETRIC_REPRESENTATION_CONTEXT() REPRESENTATION_CONTEXT('2D SPACE',''
  ) );
#6352 = PCURVE('',#2087,#6353);
#6353 = DEFINITIONAL_REPRESENTATION('',(#6354),#6358);
#6354 = LINE('',#6355,#6356);
#6355 = CARTESIAN_POINT('',(-0.,0.));
#6356 = VECTOR('',#6357,1.);
#6357 = DIRECTION('',(-0.,-1.));
#6358 = ( GEOMETRIC_REPRESENTATION_CONTEXT(2) 
PARAMETRIC_REPRESENTATION_CONTEXT() REPRESENTATION_CONTEXT('2D SPACE',''
  ) );
#6359 = ORIENTED_EDGE('',*,*,#2066,.F.);
#6360 = ORIENTED_EDGE('',*,*,#6339,.F.);
#6361 = ADVANCED_FACE('',(#6362),#2122,.F.);
#6362 = FACE_BOUND('',#6363,.T.);
#6363 = EDGE_LOOP('',(#6364,#6397,#6418,#6419));
#6364 = ORIENTED_EDGE('',*,*,#6365,.T.);
#6365 = EDGE_CURVE('',#6366,#6366,#6368,.T.);
#6366 = VERTEX_POINT('',#6367);
#6367 = CARTESIAN_POINT('',(178.,225.,16.));
#6368 = SURFACE_CURVE('',#6369,(#6374,#6381),.PCURVE_S1.);
#6369 = CIRCLE('',#6370,3.);
#6370 = AXIS2_PLACEMENT_3D('',#6371,#6372,#6373);
#6371 = CARTESIAN_POINT('',(175.,225.,16.));
#6372 = DIRECTION('',(0.,0.,-1.));
#6373 = DIRECTION('',(1.,0.,0.));
#6374 = PCURVE('',#2122,#6375);
#6375 = DEFINITIONAL_REPRESENTATION('',(#6376),#6380);
#6376 = LINE('',#6377,#6378);
#6377 = CARTESIAN_POINT('',(-6.28318530718,-1.));
#6378 = VECTOR('',#6379,1.);
#6379 = DIRECTION('',(1.,-0.));
#6380 = ( GEOMETRIC_REPRESENTATION_CONTEXT(2) 
PARAMETRIC_REPRESENTATION_CONTEXT() REPRESENTATION_CONTEXT('2D SPACE',''
  ) );
#6381 = PCURVE('',#6382,#6387);
#6382 = PLANE('',#6383);
#6383 = AXIS2_PLACEMENT_3D('',#6384,#6385,#6386);
#6384 = CARTESIAN_POINT('',(175.,225.,16.));
#6385 = DIRECTION('',(0.,0.,1.));
#6386 = DIRECTION('',(1.,0.,-0.));
#6387 = DEFINITIONAL_REPRESENTATION('',(#6388),#6396);
#6388 = ( BOUNDED_CURVE() B_SPLINE_CURVE(2,(#6389,#6390,#6391,#6392,
#6393,#6394,#6395),.UNSPECIFIED.,.T.,.F.) B_SPLINE_CURVE_WITH_KNOTS((1,2
    ,2,2,2,1),(-2.094395102393,0.,2.094395102393,4.188790204786,
6.28318530718,8.377580409573),.UNSPECIFIED.) CURVE() 
GEOMETRIC_REPRESENTATION_ITEM() RATIONAL_B_SPLINE_CURVE((1.,0.5,1.,0.5,
1.,0.5,1.)) REPRESENTATION_ITEM('') );
#6389 = CARTESIAN_POINT('',(3.,0.));
#6390 = CARTESIAN_POINT('',(3.,-5.196152422707));
#6391 = CARTESIAN_POINT('',(-1.5,-2.598076211353));
#6392 = CARTESIAN_POINT('',(-6.,-7.347880794884E-16));
#6393 = CARTESIAN_POINT('',(-1.5,2.598076211353));
#6394 = CARTESIAN_POINT('',(3.,5.196152422707));
#6395 = CARTESIAN_POINT('',(3.,0.));
#6396 = ( GEOMETRIC_REPRESENTATION_CONTEXT(2) 
PARAMETRIC_REPRESENTATION_CONTEXT() REPRESENTATION_CONTEXT('2D SPACE',''
  ) );
#6397 = ORIENTED_EDGE('',*,*,#6398,.T.);
#6398 = EDGE_CURVE('',#6366,#2102,#6399,.T.);
#6399 = SEAM_CURVE('',#6400,(#6404,#6411),.PCURVE_S1.);
#6400 = LINE('',#6401,#6402);
#6401 = CARTESIAN_POINT('',(178.,225.,15.));
#6402 = VECTOR('',#6403,1.);
#6403 = DIRECTION('',(0.,0.,1.));
#6404 = PCURVE('',#2122,#6405);
#6405 = DEFINITIONAL_REPRESENTATION('',(#6406),#6410);
#6406 = LINE('',#6407,#6408);
#6407 = CARTESIAN_POINT('',(-6.28318530718,0.));
#6408 = VECTOR('',#6409,1.);
#6409 = DIRECTION('',(-0.,-1.));
#6410 = ( GEOMETRIC_REPRESENTATION_CONTEXT(2) 
PARAMETRIC_REPRESENTATION_CONTEXT() REPRESENTATION_CONTEXT('2D SPACE',''
  ) );
#6411 = PCURVE('',#2122,#6412);
#6412 = DEFINITIONAL_REPRESENTATION('',(#6413),#6417);
#6413 = LINE('',#6414,#6415);
#6414 = CARTESIAN_POINT('',(-0.,0.));
#6415 = VECTOR('',#6416,1.);
#6416 = DIRECTION('',(-0.,-1.));
#6417 = ( GEOMETRIC_REPRESENTATION_CONTEXT(2) 
PARAMETRIC_REPRESENTATION_CONTEXT() REPRESENTATION_CONTEXT('2D SPACE',''
  ) );
#6418 = ORIENTED_EDGE('',*,*,#2101,.F.);
#6419 = ORIENTED_EDGE('',*,*,#6398,.F.);
#6420 = ADVANCED_FACE('',(#6421),#2153,.F.);
#6421 = FACE_BOUND('',#6422,.F.);
#6422 = EDGE_LOOP('',(#6423,#6424,#6447,#6474));
#6423 = ORIENTED_EDGE('',*,*,#2136,.F.);
#6424 = ORIENTED_EDGE('',*,*,#6425,.F.);
#6425 = EDGE_CURVE('',#6426,#2137,#6428,.T.);
#6426 = VERTEX_POINT('',#6427);
#6427 = CARTESIAN_POINT('',(65.75,262.5,22.5));
#6428 = SEAM_CURVE('',#6429,(#6433,#6440),.PCURVE_S1.);
#6429 = LINE('',#6430,#6431);
#6430 = CARTESIAN_POINT('',(65.75,262.5,22.5));
#6431 = VECTOR('',#6432,1.);
#6432 = DIRECTION('',(0.,0.,1.));
#6433 = PCURVE('',#2153,#6434);
#6434 = DEFINITIONAL_REPRESENTATION('',(#6435),#6439);
#6435 = LINE('',#6436,#6437);
#6436 = CARTESIAN_POINT('',(6.28318530718,-0.));
#6437 = VECTOR('',#6438,1.);
#6438 = DIRECTION('',(0.,1.));
#6439 = ( GEOMETRIC_REPRESENTATION_CONTEXT(2) 
PARAMETRIC_REPRESENTATION_CONTEXT() REPRESENTATION_CONTEXT('2D SPACE',''
  ) );
#6440 = PCURVE('',#2153,#6441);
#6441 = DEFINITIONAL_REPRESENTATION('',(#6442),#6446);
#6442 = LINE('',#6443,#6444);
#6443 = CARTESIAN_POINT('',(0.,-0.));
#6444 = VECTOR('',#6445,1.);
#6445 = DIRECTION('',(0.,1.));
#6446 = ( GEOMETRIC_REPRESENTATION_CONTEXT(2) 
PARAMETRIC_REPRESENTATION_CONTEXT() REPRESENTATION_CONTEXT('2D SPACE',''
  ) );
#6447 = ORIENTED_EDGE('',*,*,#6448,.T.);
#6448 = EDGE_CURVE('',#6426,#6426,#6449,.T.);
#6449 = SURFACE_CURVE('',#6450,(#6455,#6462),.PCURVE_S1.);
#6450 = CIRCLE('',#6451,3.25);
#6451 = AXIS2_PLACEMENT_3D('',#6452,#6453,#6454);
#6452 = CARTESIAN_POINT('',(62.5,262.5,22.5));
#6453 = DIRECTION('',(0.,0.,1.));
#6454 = DIRECTION('',(1.,0.,-0.));
#6455 = PCURVE('',#2153,#6456);
#6456 = DEFINITIONAL_REPRESENTATION('',(#6457),#6461);
#6457 = LINE('',#6458,#6459);
#6458 = CARTESIAN_POINT('',(0.,0.));
#6459 = VECTOR('',#6460,1.);
#6460 = DIRECTION('',(1.,0.));
#6461 = ( GEOMETRIC_REPRESENTATION_CONTEXT(2) 
PARAMETRIC_REPRESENTATION_CONTEXT() REPRESENTATION_CONTEXT('2D SPACE',''
  ) );
#6462 = PCURVE('',#6463,#6468);
#6463 = PLANE('',#6464);
#6464 = AXIS2_PLACEMENT_3D('',#6465,#6466,#6467);
#6465 = CARTESIAN_POINT('',(62.5,262.5,22.5));
#6466 = DIRECTION('',(0.,0.,1.));
#6467 = DIRECTION('',(1.,0.,-0.));
#6468 = DEFINITIONAL_REPRESENTATION('',(#6469),#6473);
#6469 = CIRCLE('',#6470,3.25);
#6470 = AXIS2_PLACEMENT_2D('',#6471,#6472);
#6471 = CARTESIAN_POINT('',(0.,0.));
#6472 = DIRECTION('',(1.,0.));
#6473 = ( GEOMETRIC_REPRESENTATION_CONTEXT(2) 
PARAMETRIC_REPRESENTATION_CONTEXT() REPRESENTATION_CONTEXT('2D SPACE',''
  ) );
#6474 = ORIENTED_EDGE('',*,*,#6425,.T.);
#6475 = ADVANCED_FACE('',(#6476),#2188,.F.);
#6476 = FACE_BOUND('',#6477,.T.);
#6477 = EDGE_LOOP('',(#6478,#6511,#6532,#6533));
#6478 = ORIENTED_EDGE('',*,*,#6479,.T.);
#6479 = EDGE_CURVE('',#6480,#6480,#6482,.T.);
#6480 = VERTEX_POINT('',#6481);
#6481 = CARTESIAN_POINT('',(28.,275.,16.));
#6482 = SURFACE_CURVE('',#6483,(#6488,#6495),.PCURVE_S1.);
#6483 = CIRCLE('',#6484,3.);
#6484 = AXIS2_PLACEMENT_3D('',#6485,#6486,#6487);
#6485 = CARTESIAN_POINT('',(25.,275.,16.));
#6486 = DIRECTION('',(0.,0.,-1.));
#6487 = DIRECTION('',(1.,0.,0.));
#6488 = PCURVE('',#2188,#6489);
#6489 = DEFINITIONAL_REPRESENTATION('',(#6490),#6494);
#6490 = LINE('',#6491,#6492);
#6491 = CARTESIAN_POINT('',(-6.28318530718,-1.));
#6492 = VECTOR('',#6493,1.);
#6493 = DIRECTION('',(1.,-0.));
#6494 = ( GEOMETRIC_REPRESENTATION_CONTEXT(2) 
PARAMETRIC_REPRESENTATION_CONTEXT() REPRESENTATION_CONTEXT('2D SPACE',''
  ) );
#6495 = PCURVE('',#6496,#6501);
#6496 = PLANE('',#6497);
#6497 = AXIS2_PLACEMENT_3D('',#6498,#6499,#6500);
#6498 = CARTESIAN_POINT('',(25.,275.,16.));
#6499 = DIRECTION('',(0.,0.,1.));
#6500 = DIRECTION('',(1.,0.,-0.));
#6501 = DEFINITIONAL_REPRESENTATION('',(#6502),#6510);
#6502 = ( BOUNDED_CURVE() B_SPLINE_CURVE(2,(#6503,#6504,#6505,#6506,
#6507,#6508,#6509),.UNSPECIFIED.,.T.,.F.) B_SPLINE_CURVE_WITH_KNOTS((1,2
    ,2,2,2,1),(-2.094395102393,0.,2.094395102393,4.188790204786,
6.28318530718,8.377580409573),.UNSPECIFIED.) CURVE() 
GEOMETRIC_REPRESENTATION_ITEM() RATIONAL_B_SPLINE_CURVE((1.,0.5,1.,0.5,
1.,0.5,1.)) REPRESENTATION_ITEM('') );
#6503 = CARTESIAN_POINT('',(3.,0.));
#6504 = CARTESIAN_POINT('',(3.,-5.196152422707));
#6505 = CARTESIAN_POINT('',(-1.5,-2.598076211353));
#6506 = CARTESIAN_POINT('',(-6.,-7.347880794884E-16));
#6507 = CARTESIAN_POINT('',(-1.5,2.598076211353));
#6508 = CARTESIAN_POINT('',(3.,5.196152422707));
#6509 = CARTESIAN_POINT('',(3.,0.));
#6510 = ( GEOMETRIC_REPRESENTATION_CONTEXT(2) 
PARAMETRIC_REPRESENTATION_CONTEXT() REPRESENTATION_CONTEXT('2D SPACE',''
  ) );
#6511 = ORIENTED_EDGE('',*,*,#6512,.T.);
#6512 = EDGE_CURVE('',#6480,#2168,#6513,.T.);
#6513 = SEAM_CURVE('',#6514,(#6518,#6525),.PCURVE_S1.);
#6514 = LINE('',#6515,#6516);
#6515 = CARTESIAN_POINT('',(28.,275.,15.));
#6516 = VECTOR('',#6517,1.);
#6517 = DIRECTION('',(0.,0.,1.));
#6518 = PCURVE('',#2188,#6519);
#6519 = DEFINITIONAL_REPRESENTATION('',(#6520),#6524);
#6520 = LINE('',#6521,#6522);
#6521 = CARTESIAN_POINT('',(-6.28318530718,0.));
#6522 = VECTOR('',#6523,1.);
#6523 = DIRECTION('',(-0.,-1.));
#6524 = ( GEOMETRIC_REPRESENTATION_CONTEXT(2) 
PARAMETRIC_REPRESENTATION_CONTEXT() REPRESENTATION_CONTEXT('2D SPACE',''
  ) );
#6525 = PCURVE('',#2188,#6526);
#6526 = DEFINITIONAL_REPRESENTATION('',(#6527),#6531);
#6527 = LINE('',#6528,#6529);
#6528 = CARTESIAN_POINT('',(-0.,0.));
#6529 = VECTOR('',#6530,1.);
#6530 = DIRECTION('',(-0.,-1.));
#6531 = ( GEOMETRIC_REPRESENTATION_CONTEXT(2) 
PARAMETRIC_REPRESENTATION_CONTEXT() REPRESENTATION_CONTEXT('2D SPACE',''
  ) );
#6532 = ORIENTED_EDGE('',*,*,#2167,.F.);
#6533 = ORIENTED_EDGE('',*,*,#6512,.F.);
#6534 = ADVANCED_FACE('',(#6535),#2219,.F.);
#6535 = FACE_BOUND('',#6536,.F.);
#6536 = EDGE_LOOP('',(#6537,#6538,#6561,#6588));
#6537 = ORIENTED_EDGE('',*,*,#2202,.F.);
#6538 = ORIENTED_EDGE('',*,*,#6539,.F.);
#6539 = EDGE_CURVE('',#6540,#2203,#6542,.T.);
#6540 = VERTEX_POINT('',#6541);
#6541 = CARTESIAN_POINT('',(65.75,287.5,22.5));
#6542 = SEAM_CURVE('',#6543,(#6547,#6554),.PCURVE_S1.);
#6543 = LINE('',#6544,#6545);
#6544 = CARTESIAN_POINT('',(65.75,287.5,22.5));
#6545 = VECTOR('',#6546,1.);
#6546 = DIRECTION('',(0.,0.,1.));
#6547 = PCURVE('',#2219,#6548);
#6548 = DEFINITIONAL_REPRESENTATION('',(#6549),#6553);
#6549 = LINE('',#6550,#6551);
#6550 = CARTESIAN_POINT('',(6.28318530718,-0.));
#6551 = VECTOR('',#6552,1.);
#6552 = DIRECTION('',(0.,1.));
#6553 = ( GEOMETRIC_REPRESENTATION_CONTEXT(2) 
PARAMETRIC_REPRESENTATION_CONTEXT() REPRESENTATION_CONTEXT('2D SPACE',''
  ) );
#6554 = PCURVE('',#2219,#6555);
#6555 = DEFINITIONAL_REPRESENTATION('',(#6556),#6560);
#6556 = LINE('',#6557,#6558);
#6557 = CARTESIAN_POINT('',(0.,-0.));
#6558 = VECTOR('',#6559,1.);
#6559 = DIRECTION('',(0.,1.));
#6560 = ( GEOMETRIC_REPRESENTATION_CONTEXT(2) 
PARAMETRIC_REPRESENTATION_CONTEXT() REPRESENTATION_CONTEXT('2D SPACE',''
  ) );
#6561 = ORIENTED_EDGE('',*,*,#6562,.T.);
#6562 = EDGE_CURVE('',#6540,#6540,#6563,.T.);
#6563 = SURFACE_CURVE('',#6564,(#6569,#6576),.PCURVE_S1.);
#6564 = CIRCLE('',#6565,3.25);
#6565 = AXIS2_PLACEMENT_3D('',#6566,#6567,#6568);
#6566 = CARTESIAN_POINT('',(62.5,287.5,22.5));
#6567 = DIRECTION('',(0.,0.,1.));
#6568 = DIRECTION('',(1.,0.,-0.));
#6569 = PCURVE('',#2219,#6570);
#6570 = DEFINITIONAL_REPRESENTATION('',(#6571),#6575);
#6571 = LINE('',#6572,#6573);
#6572 = CARTESIAN_POINT('',(0.,0.));
#6573 = VECTOR('',#6574,1.);
#6574 = DIRECTION('',(1.,0.));
#6575 = ( GEOMETRIC_REPRESENTATION_CONTEXT(2) 
PARAMETRIC_REPRESENTATION_CONTEXT() REPRESENTATION_CONTEXT('2D SPACE',''
  ) );
#6576 = PCURVE('',#6577,#6582);
#6577 = PLANE('',#6578);
#6578 = AXIS2_PLACEMENT_3D('',#6579,#6580,#6581);
#6579 = CARTESIAN_POINT('',(62.5,287.5,22.5));
#6580 = DIRECTION('',(0.,0.,1.));
#6581 = DIRECTION('',(1.,0.,-0.));
#6582 = DEFINITIONAL_REPRESENTATION('',(#6583),#6587);
#6583 = CIRCLE('',#6584,3.25);
#6584 = AXIS2_PLACEMENT_2D('',#6585,#6586);
#6585 = CARTESIAN_POINT('',(0.,0.));
#6586 = DIRECTION('',(1.,0.));
#6587 = ( GEOMETRIC_REPRESENTATION_CONTEXT(2) 
PARAMETRIC_REPRESENTATION_CONTEXT() REPRESENTATION_CONTEXT('2D SPACE',''
  ) );
#6588 = ORIENTED_EDGE('',*,*,#6539,.T.);
#6589 = ADVANCED_FACE('',(#6590),#2250,.F.);
#6590 = FACE_BOUND('',#6591,.F.);
#6591 = EDGE_LOOP('',(#6592,#6593,#6616,#6643));
#6592 = ORIENTED_EDGE('',*,*,#2233,.F.);
#6593 = ORIENTED_EDGE('',*,*,#6594,.F.);
#6594 = EDGE_CURVE('',#6595,#2234,#6597,.T.);
#6595 = VERTEX_POINT('',#6596);
#6596 = CARTESIAN_POINT('',(90.75,262.5,22.5));
#6597 = SEAM_CURVE('',#6598,(#6602,#6609),.PCURVE_S1.);
#6598 = LINE('',#6599,#6600);
#6599 = CARTESIAN_POINT('',(90.75,262.5,22.5));
#6600 = VECTOR('',#6601,1.);
#6601 = DIRECTION('',(0.,0.,1.));
#6602 = PCURVE('',#2250,#6603);
#6603 = DEFINITIONAL_REPRESENTATION('',(#6604),#6608);
#6604 = LINE('',#6605,#6606);
#6605 = CARTESIAN_POINT('',(6.28318530718,-0.));
#6606 = VECTOR('',#6607,1.);
#6607 = DIRECTION('',(0.,1.));
#6608 = ( GEOMETRIC_REPRESENTATION_CONTEXT(2) 
PARAMETRIC_REPRESENTATION_CONTEXT() REPRESENTATION_CONTEXT('2D SPACE',''
  ) );
#6609 = PCURVE('',#2250,#6610);
#6610 = DEFINITIONAL_REPRESENTATION('',(#6611),#6615);
#6611 = LINE('',#6612,#6613);
#6612 = CARTESIAN_POINT('',(0.,-0.));
#6613 = VECTOR('',#6614,1.);
#6614 = DIRECTION('',(0.,1.));
#6615 = ( GEOMETRIC_REPRESENTATION_CONTEXT(2) 
PARAMETRIC_REPRESENTATION_CONTEXT() REPRESENTATION_CONTEXT('2D SPACE',''
  ) );
#6616 = ORIENTED_EDGE('',*,*,#6617,.T.);
#6617 = EDGE_CURVE('',#6595,#6595,#6618,.T.);
#6618 = SURFACE_CURVE('',#6619,(#6624,#6631),.PCURVE_S1.);
#6619 = CIRCLE('',#6620,3.25);
#6620 = AXIS2_PLACEMENT_3D('',#6621,#6622,#6623);
#6621 = CARTESIAN_POINT('',(87.5,262.5,22.5));
#6622 = DIRECTION('',(0.,0.,1.));
#6623 = DIRECTION('',(1.,0.,-0.));
#6624 = PCURVE('',#2250,#6625);
#6625 = DEFINITIONAL_REPRESENTATION('',(#6626),#6630);
#6626 = LINE('',#6627,#6628);
#6627 = CARTESIAN_POINT('',(0.,0.));
#6628 = VECTOR('',#6629,1.);
#6629 = DIRECTION('',(1.,0.));
#6630 = ( GEOMETRIC_REPRESENTATION_CONTEXT(2) 
PARAMETRIC_REPRESENTATION_CONTEXT() REPRESENTATION_CONTEXT('2D SPACE',''
  ) );
#6631 = PCURVE('',#6632,#6637);
#6632 = PLANE('',#6633);
#6633 = AXIS2_PLACEMENT_3D('',#6634,#6635,#6636);
#6634 = CARTESIAN_POINT('',(87.5,262.5,22.5));
#6635 = DIRECTION('',(0.,0.,1.));
#6636 = DIRECTION('',(1.,0.,-0.));
#6637 = DEFINITIONAL_REPRESENTATION('',(#6638),#6642);
#6638 = CIRCLE('',#6639,3.25);
#6639 = AXIS2_PLACEMENT_2D('',#6640,#6641);
#6640 = CARTESIAN_POINT('',(0.,0.));
#6641 = DIRECTION('',(1.,0.));
#6642 = ( GEOMETRIC_REPRESENTATION_CONTEXT(2) 
PARAMETRIC_REPRESENTATION_CONTEXT() REPRESENTATION_CONTEXT('2D SPACE',''
  ) );
#6643 = ORIENTED_EDGE('',*,*,#6594,.T.);
#6644 = ADVANCED_FACE('',(#6645),#2285,.F.);
#6645 = FACE_BOUND('',#6646,.T.);
#6646 = EDGE_LOOP('',(#6647,#6680,#6701,#6702));
#6647 = ORIENTED_EDGE('',*,*,#6648,.T.);
#6648 = EDGE_CURVE('',#6649,#6649,#6651,.T.);
#6649 = VERTEX_POINT('',#6650);
#6650 = CARTESIAN_POINT('',(78.,275.,16.));
#6651 = SURFACE_CURVE('',#6652,(#6657,#6664),.PCURVE_S1.);
#6652 = CIRCLE('',#6653,3.);
#6653 = AXIS2_PLACEMENT_3D('',#6654,#6655,#6656);
#6654 = CARTESIAN_POINT('',(75.,275.,16.));
#6655 = DIRECTION('',(0.,0.,-1.));
#6656 = DIRECTION('',(1.,0.,0.));
#6657 = PCURVE('',#2285,#6658);
#6658 = DEFINITIONAL_REPRESENTATION('',(#6659),#6663);
#6659 = LINE('',#6660,#6661);
#6660 = CARTESIAN_POINT('',(-6.28318530718,-1.));
#6661 = VECTOR('',#6662,1.);
#6662 = DIRECTION('',(1.,-0.));
#6663 = ( GEOMETRIC_REPRESENTATION_CONTEXT(2) 
PARAMETRIC_REPRESENTATION_CONTEXT() REPRESENTATION_CONTEXT('2D SPACE',''
  ) );
#6664 = PCURVE('',#6665,#6670);
#6665 = PLANE('',#6666);
#6666 = AXIS2_PLACEMENT_3D('',#6667,#6668,#6669);
#6667 = CARTESIAN_POINT('',(55.,242.,16.));
#6668 = DIRECTION('',(0.,0.,1.));
#6669 = DIRECTION('',(1.,0.,0.));
#6670 = DEFINITIONAL_REPRESENTATION('',(#6671),#6679);
#6671 = ( BOUNDED_CURVE() B_SPLINE_CURVE(2,(#6672,#6673,#6674,#6675,
#6676,#6677,#6678),.UNSPECIFIED.,.T.,.F.) B_SPLINE_CURVE_WITH_KNOTS((1,2
    ,2,2,2,1),(-2.094395102393,0.,2.094395102393,4.188790204786,
6.28318530718,8.377580409573),.UNSPECIFIED.) CURVE() 
GEOMETRIC_REPRESENTATION_ITEM() RATIONAL_B_SPLINE_CURVE((1.,0.5,1.,0.5,
1.,0.5,1.)) REPRESENTATION_ITEM('') );
#6672 = CARTESIAN_POINT('',(23.,33.));
#6673 = CARTESIAN_POINT('',(23.,27.803847577293));
#6674 = CARTESIAN_POINT('',(18.5,30.401923788647));
#6675 = CARTESIAN_POINT('',(14.,33.));
#6676 = CARTESIAN_POINT('',(18.5,35.598076211353));
#6677 = CARTESIAN_POINT('',(23.,38.196152422707));
#6678 = CARTESIAN_POINT('',(23.,33.));
#6679 = ( GEOMETRIC_REPRESENTATION_CONTEXT(2) 
PARAMETRIC_REPRESENTATION_CONTEXT() REPRESENTATION_CONTEXT('2D SPACE',''
  ) );
#6680 = ORIENTED_EDGE('',*,*,#6681,.T.);
#6681 = EDGE_CURVE('',#6649,#2265,#6682,.T.);
#6682 = SEAM_CURVE('',#6683,(#6687,#6694),.PCURVE_S1.);
#6683 = LINE('',#6684,#6685);
#6684 = CARTESIAN_POINT('',(78.,275.,15.));
#6685 = VECTOR('',#6686,1.);
#6686 = DIRECTION('',(0.,0.,1.));
#6687 = PCURVE('',#2285,#6688);
#6688 = DEFINITIONAL_REPRESENTATION('',(#6689),#6693);
#6689 = LINE('',#6690,#6691);
#6690 = CARTESIAN_POINT('',(-6.28318530718,0.));
#6691 = VECTOR('',#6692,1.);
#6692 = DIRECTION('',(-0.,-1.));
#6693 = ( GEOMETRIC_REPRESENTATION_CONTEXT(2) 
PARAMETRIC_REPRESENTATION_CONTEXT() REPRESENTATION_CONTEXT('2D SPACE',''
  ) );
#6694 = PCURVE('',#2285,#6695);
#6695 = DEFINITIONAL_REPRESENTATION('',(#6696),#6700);
#6696 = LINE('',#6697,#6698);
#6697 = CARTESIAN_POINT('',(-0.,0.));
#6698 = VECTOR('',#6699,1.);
#6699 = DIRECTION('',(-0.,-1.));
#6700 = ( GEOMETRIC_REPRESENTATION_CONTEXT(2) 
PARAMETRIC_REPRESENTATION_CONTEXT() REPRESENTATION_CONTEXT('2D SPACE',''
  ) );
#6701 = ORIENTED_EDGE('',*,*,#2264,.F.);
#6702 = ORIENTED_EDGE('',*,*,#6681,.F.);
#6703 = ADVANCED_FACE('',(#6704),#2316,.F.);
#6704 = FACE_BOUND('',#6705,.F.);
#6705 = EDGE_LOOP('',(#6706,#6707,#6730,#6757));
#6706 = ORIENTED_EDGE('',*,*,#2299,.F.);
#6707 = ORIENTED_EDGE('',*,*,#6708,.F.);
#6708 = EDGE_CURVE('',#6709,#2300,#6711,.T.);
#6709 = VERTEX_POINT('',#6710);
#6710 = CARTESIAN_POINT('',(90.75,287.5,22.5));
#6711 = SEAM_CURVE('',#6712,(#6716,#6723),.PCURVE_S1.);
#6712 = LINE('',#6713,#6714);
#6713 = CARTESIAN_POINT('',(90.75,287.5,22.5));
#6714 = VECTOR('',#6715,1.);
#6715 = DIRECTION('',(0.,0.,1.));
#6716 = PCURVE('',#2316,#6717);
#6717 = DEFINITIONAL_REPRESENTATION('',(#6718),#6722);
#6718 = LINE('',#6719,#6720);
#6719 = CARTESIAN_POINT('',(6.28318530718,-0.));
#6720 = VECTOR('',#6721,1.);
#6721 = DIRECTION('',(0.,1.));
#6722 = ( GEOMETRIC_REPRESENTATION_CONTEXT(2) 
PARAMETRIC_REPRESENTATION_CONTEXT() REPRESENTATION_CONTEXT('2D SPACE',''
  ) );
#6723 = PCURVE('',#2316,#6724);
#6724 = DEFINITIONAL_REPRESENTATION('',(#6725),#6729);
#6725 = LINE('',#6726,#6727);
#6726 = CARTESIAN_POINT('',(0.,-0.));
#6727 = VECTOR('',#6728,1.);
#6728 = DIRECTION('',(0.,1.));
#6729 = ( GEOMETRIC_REPRESENTATION_CONTEXT(2) 
PARAMETRIC_REPRESENTATION_CONTEXT() REPRESENTATION_CONTEXT('2D SPACE',''
  ) );
#6730 = ORIENTED_EDGE('',*,*,#6731,.T.);
#6731 = EDGE_CURVE('',#6709,#6709,#6732,.T.);
#6732 = SURFACE_CURVE('',#6733,(#6738,#6745),.PCURVE_S1.);
#6733 = CIRCLE('',#6734,3.25);
#6734 = AXIS2_PLACEMENT_3D('',#6735,#6736,#6737);
#6735 = CARTESIAN_POINT('',(87.5,287.5,22.5));
#6736 = DIRECTION('',(0.,0.,1.));
#6737 = DIRECTION('',(1.,0.,-0.));
#6738 = PCURVE('',#2316,#6739);
#6739 = DEFINITIONAL_REPRESENTATION('',(#6740),#6744);
#6740 = LINE('',#6741,#6742);
#6741 = CARTESIAN_POINT('',(0.,0.));
#6742 = VECTOR('',#6743,1.);
#6743 = DIRECTION('',(1.,0.));
#6744 = ( GEOMETRIC_REPRESENTATION_CONTEXT(2) 
PARAMETRIC_REPRESENTATION_CONTEXT() REPRESENTATION_CONTEXT('2D SPACE',''
  ) );
#6745 = PCURVE('',#6746,#6751);
#6746 = PLANE('',#6747);
#6747 = AXIS2_PLACEMENT_3D('',#6748,#6749,#6750);
#6748 = CARTESIAN_POINT('',(87.5,287.5,22.5));
#6749 = DIRECTION('',(0.,0.,1.));
#6750 = DIRECTION('',(1.,0.,-0.));
#6751 = DEFINITIONAL_REPRESENTATION('',(#6752),#6756);
#6752 = CIRCLE('',#6753,3.25);
#6753 = AXIS2_PLACEMENT_2D('',#6754,#6755);
#6754 = CARTESIAN_POINT('',(0.,0.));
#6755 = DIRECTION('',(1.,0.));
#6756 = ( GEOMETRIC_REPRESENTATION_CONTEXT(2) 
PARAMETRIC_REPRESENTATION_CONTEXT() REPRESENTATION_CONTEXT('2D SPACE',''
  ) );
#6757 = ORIENTED_EDGE('',*,*,#6708,.T.);
#6758 = ADVANCED_FACE('',(#6759),#2351,.F.);
#6759 = FACE_BOUND('',#6760,.T.);
#6760 = EDGE_LOOP('',(#6761,#6794,#6815,#6816));
#6761 = ORIENTED_EDGE('',*,*,#6762,.T.);
#6762 = EDGE_CURVE('',#6763,#6763,#6765,.T.);
#6763 = VERTEX_POINT('',#6764);
#6764 = CARTESIAN_POINT('',(28.,325.,16.));
#6765 = SURFACE_CURVE('',#6766,(#6771,#6778),.PCURVE_S1.);
#6766 = CIRCLE('',#6767,3.);
#6767 = AXIS2_PLACEMENT_3D('',#6768,#6769,#6770);
#6768 = CARTESIAN_POINT('',(25.,325.,16.));
#6769 = DIRECTION('',(0.,0.,-1.));
#6770 = DIRECTION('',(1.,0.,0.));
#6771 = PCURVE('',#2351,#6772);
#6772 = DEFINITIONAL_REPRESENTATION('',(#6773),#6777);
#6773 = LINE('',#6774,#6775);
#6774 = CARTESIAN_POINT('',(-6.28318530718,-1.));
#6775 = VECTOR('',#6776,1.);
#6776 = DIRECTION('',(1.,-0.));
#6777 = ( GEOMETRIC_REPRESENTATION_CONTEXT(2) 
PARAMETRIC_REPRESENTATION_CONTEXT() REPRESENTATION_CONTEXT('2D SPACE',''
  ) );
#6778 = PCURVE('',#6779,#6784);
#6779 = PLANE('',#6780);
#6780 = AXIS2_PLACEMENT_3D('',#6781,#6782,#6783);
#6781 = CARTESIAN_POINT('',(25.,325.,16.));
#6782 = DIRECTION('',(0.,0.,1.));
#6783 = DIRECTION('',(1.,0.,-0.));
#6784 = DEFINITIONAL_REPRESENTATION('',(#6785),#6793);
#6785 = ( BOUNDED_CURVE() B_SPLINE_CURVE(2,(#6786,#6787,#6788,#6789,
#6790,#6791,#6792),.UNSPECIFIED.,.T.,.F.) B_SPLINE_CURVE_WITH_KNOTS((1,2
    ,2,2,2,1),(-2.094395102393,0.,2.094395102393,4.188790204786,
6.28318530718,8.377580409573),.UNSPECIFIED.) CURVE() 
GEOMETRIC_REPRESENTATION_ITEM() RATIONAL_B_SPLINE_CURVE((1.,0.5,1.,0.5,
1.,0.5,1.)) REPRESENTATION_ITEM('') );
#6786 = CARTESIAN_POINT('',(3.,0.));
#6787 = CARTESIAN_POINT('',(3.,-5.196152422707));
#6788 = CARTESIAN_POINT('',(-1.5,-2.598076211353));
#6789 = CARTESIAN_POINT('',(-6.,-7.347880794884E-16));
#6790 = CARTESIAN_POINT('',(-1.5,2.598076211353));
#6791 = CARTESIAN_POINT('',(3.,5.196152422707));
#6792 = CARTESIAN_POINT('',(3.,0.));
#6793 = ( GEOMETRIC_REPRESENTATION_CONTEXT(2) 
PARAMETRIC_REPRESENTATION_CONTEXT() REPRESENTATION_CONTEXT('2D SPACE',''
  ) );
#6794 = ORIENTED_EDGE('',*,*,#6795,.T.);
#6795 = EDGE_CURVE('',#6763,#2331,#6796,.T.);
#6796 = SEAM_CURVE('',#6797,(#6801,#6808),.PCURVE_S1.);
#6797 = LINE('',#6798,#6799);
#6798 = CARTESIAN_POINT('',(28.,325.,15.));
#6799 = VECTOR('',#6800,1.);
#6800 = DIRECTION('',(0.,0.,1.));
#6801 = PCURVE('',#2351,#6802);
#6802 = DEFINITIONAL_REPRESENTATION('',(#6803),#6807);
#6803 = LINE('',#6804,#6805);
#6804 = CARTESIAN_POINT('',(-6.28318530718,0.));
#6805 = VECTOR('',#6806,1.);
#6806 = DIRECTION('',(-0.,-1.));
#6807 = ( GEOMETRIC_REPRESENTATION_CONTEXT(2) 
PARAMETRIC_REPRESENTATION_CONTEXT() REPRESENTATION_CONTEXT('2D SPACE',''
  ) );
#6808 = PCURVE('',#2351,#6809);
#6809 = DEFINITIONAL_REPRESENTATION('',(#6810),#6814);
#6810 = LINE('',#6811,#6812);
#6811 = CARTESIAN_POINT('',(-0.,0.));
#6812 = VECTOR('',#6813,1.);
#6813 = DIRECTION('',(-0.,-1.));
#6814 = ( GEOMETRIC_REPRESENTATION_CONTEXT(2) 
PARAMETRIC_REPRESENTATION_CONTEXT() REPRESENTATION_CONTEXT('2D SPACE',''
  ) );
#6815 = ORIENTED_EDGE('',*,*,#2330,.F.);
#6816 = ORIENTED_EDGE('',*,*,#6795,.F.);
#6817 = ADVANCED_FACE('',(#6818),#2386,.F.);
#6818 = FACE_BOUND('',#6819,.T.);
#6819 = EDGE_LOOP('',(#6820,#6853,#6874,#6875));
#6820 = ORIENTED_EDGE('',*,*,#6821,.T.);
#6821 = EDGE_CURVE('',#6822,#6822,#6824,.T.);
#6822 = VERTEX_POINT('',#6823);
#6823 = CARTESIAN_POINT('',(78.,325.,16.));
#6824 = SURFACE_CURVE('',#6825,(#6830,#6837),.PCURVE_S1.);
#6825 = CIRCLE('',#6826,3.);
#6826 = AXIS2_PLACEMENT_3D('',#6827,#6828,#6829);
#6827 = CARTESIAN_POINT('',(75.,325.,16.));
#6828 = DIRECTION('',(0.,0.,-1.));
#6829 = DIRECTION('',(1.,0.,0.));
#6830 = PCURVE('',#2386,#6831);
#6831 = DEFINITIONAL_REPRESENTATION('',(#6832),#6836);
#6832 = LINE('',#6833,#6834);
#6833 = CARTESIAN_POINT('',(-6.28318530718,-1.));
#6834 = VECTOR('',#6835,1.);
#6835 = DIRECTION('',(1.,-0.));
#6836 = ( GEOMETRIC_REPRESENTATION_CONTEXT(2) 
PARAMETRIC_REPRESENTATION_CONTEXT() REPRESENTATION_CONTEXT('2D SPACE',''
  ) );
#6837 = PCURVE('',#6838,#6843);
#6838 = PLANE('',#6839);
#6839 = AXIS2_PLACEMENT_3D('',#6840,#6841,#6842);
#6840 = CARTESIAN_POINT('',(75.,325.,16.));
#6841 = DIRECTION('',(0.,0.,1.));
#6842 = DIRECTION('',(1.,0.,-0.));
#6843 = DEFINITIONAL_REPRESENTATION('',(#6844),#6852);
#6844 = ( BOUNDED_CURVE() B_SPLINE_CURVE(2,(#6845,#6846,#6847,#6848,
#6849,#6850,#6851),.UNSPECIFIED.,.T.,.F.) B_SPLINE_CURVE_WITH_KNOTS((1,2
    ,2,2,2,1),(-2.094395102393,0.,2.094395102393,4.188790204786,
6.28318530718,8.377580409573),.UNSPECIFIED.) CURVE() 
GEOMETRIC_REPRESENTATION_ITEM() RATIONAL_B_SPLINE_CURVE((1.,0.5,1.,0.5,
1.,0.5,1.)) REPRESENTATION_ITEM('') );
#6845 = CARTESIAN_POINT('',(3.,0.));
#6846 = CARTESIAN_POINT('',(3.,-5.196152422707));
#6847 = CARTESIAN_POINT('',(-1.5,-2.598076211353));
#6848 = CARTESIAN_POINT('',(-6.,-7.347880794884E-16));
#6849 = CARTESIAN_POINT('',(-1.5,2.598076211353));
#6850 = CARTESIAN_POINT('',(3.,5.196152422707));
#6851 = CARTESIAN_POINT('',(3.,0.));
#6852 = ( GEOMETRIC_REPRESENTATION_CONTEXT(2) 
PARAMETRIC_REPRESENTATION_CONTEXT() REPRESENTATION_CONTEXT('2D SPACE',''
  ) );
#6853 = ORIENTED_EDGE('',*,*,#6854,.T.);
#6854 = EDGE_CURVE('',#6822,#2366,#6855,.T.);
#6855 = SEAM_CURVE('',#6856,(#6860,#6867),.PCURVE_S1.);
#6856 = LINE('',#6857,#6858);
#6857 = CARTESIAN_POINT('',(78.,325.,15.));
#6858 = VECTOR('',#6859,1.);
#6859 = DIRECTION('',(0.,0.,1.));
#6860 = PCURVE('',#2386,#6861);
#6861 = DEFINITIONAL_REPRESENTATION('',(#6862),#6866);
#6862 = LINE('',#6863,#6864);
#6863 = CARTESIAN_POINT('',(-6.28318530718,0.));
#6864 = VECTOR('',#6865,1.);
#6865 = DIRECTION('',(-0.,-1.));
#6866 = ( GEOMETRIC_REPRESENTATION_CONTEXT(2) 
PARAMETRIC_REPRESENTATION_CONTEXT() REPRESENTATION_CONTEXT('2D SPACE',''
  ) );
#6867 = PCURVE('',#2386,#6868);
#6868 = DEFINITIONAL_REPRESENTATION('',(#6869),#6873);
#6869 = LINE('',#6870,#6871);
#6870 = CARTESIAN_POINT('',(-0.,0.));
#6871 = VECTOR('',#6872,1.);
#6872 = DIRECTION('',(-0.,-1.));
#6873 = ( GEOMETRIC_REPRESENTATION_CONTEXT(2) 
PARAMETRIC_REPRESENTATION_CONTEXT() REPRESENTATION_CONTEXT('2D SPACE',''
  ) );
#6874 = ORIENTED_EDGE('',*,*,#2365,.F.);
#6875 = ORIENTED_EDGE('',*,*,#6854,.F.);
#6876 = ADVANCED_FACE('',(#6877),#2421,.F.);
#6877 = FACE_BOUND('',#6878,.T.);
#6878 = EDGE_LOOP('',(#6879,#6912,#6933,#6934));
#6879 = ORIENTED_EDGE('',*,*,#6880,.T.);
#6880 = EDGE_CURVE('',#6881,#6881,#6883,.T.);
#6881 = VERTEX_POINT('',#6882);
#6882 = CARTESIAN_POINT('',(128.,275.,16.));
#6883 = SURFACE_CURVE('',#6884,(#6889,#6896),.PCURVE_S1.);
#6884 = CIRCLE('',#6885,3.);
#6885 = AXIS2_PLACEMENT_3D('',#6886,#6887,#6888);
#6886 = CARTESIAN_POINT('',(125.,275.,16.));
#6887 = DIRECTION('',(0.,0.,-1.));
#6888 = DIRECTION('',(1.,0.,0.));
#6889 = PCURVE('',#2421,#6890);
#6890 = DEFINITIONAL_REPRESENTATION('',(#6891),#6895);
#6891 = LINE('',#6892,#6893);
#6892 = CARTESIAN_POINT('',(-6.28318530718,-1.));
#6893 = VECTOR('',#6894,1.);
#6894 = DIRECTION('',(1.,-0.));
#6895 = ( GEOMETRIC_REPRESENTATION_CONTEXT(2) 
PARAMETRIC_REPRESENTATION_CONTEXT() REPRESENTATION_CONTEXT('2D SPACE',''
  ) );
#6896 = PCURVE('',#6897,#6902);
#6897 = PLANE('',#6898);
#6898 = AXIS2_PLACEMENT_3D('',#6899,#6900,#6901);
#6899 = CARTESIAN_POINT('',(125.,275.,16.));
#6900 = DIRECTION('',(0.,0.,1.));
#6901 = DIRECTION('',(1.,0.,-0.));
#6902 = DEFINITIONAL_REPRESENTATION('',(#6903),#6911);
#6903 = ( BOUNDED_CURVE() B_SPLINE_CURVE(2,(#6904,#6905,#6906,#6907,
#6908,#6909,#6910),.UNSPECIFIED.,.T.,.F.) B_SPLINE_CURVE_WITH_KNOTS((1,2
    ,2,2,2,1),(-2.094395102393,0.,2.094395102393,4.188790204786,
6.28318530718,8.377580409573),.UNSPECIFIED.) CURVE() 
GEOMETRIC_REPRESENTATION_ITEM() RATIONAL_B_SPLINE_CURVE((1.,0.5,1.,0.5,
1.,0.5,1.)) REPRESENTATION_ITEM('') );
#6904 = CARTESIAN_POINT('',(3.,0.));
#6905 = CARTESIAN_POINT('',(3.,-5.196152422707));
#6906 = CARTESIAN_POINT('',(-1.5,-2.598076211353));
#6907 = CARTESIAN_POINT('',(-6.,-7.347880794884E-16));
#6908 = CARTESIAN_POINT('',(-1.5,2.598076211353));
#6909 = CARTESIAN_POINT('',(3.,5.196152422707));
#6910 = CARTESIAN_POINT('',(3.,0.));
#6911 = ( GEOMETRIC_REPRESENTATION_CONTEXT(2) 
PARAMETRIC_REPRESENTATION_CONTEXT() REPRESENTATION_CONTEXT('2D SPACE',''
  ) );
#6912 = ORIENTED_EDGE('',*,*,#6913,.T.);
#6913 = EDGE_CURVE('',#6881,#2401,#6914,.T.);
#6914 = SEAM_CURVE('',#6915,(#6919,#6926),.PCURVE_S1.);
#6915 = LINE('',#6916,#6917);
#6916 = CARTESIAN_POINT('',(128.,275.,15.));
#6917 = VECTOR('',#6918,1.);
#6918 = DIRECTION('',(0.,0.,1.));
#6919 = PCURVE('',#2421,#6920);
#6920 = DEFINITIONAL_REPRESENTATION('',(#6921),#6925);
#6921 = LINE('',#6922,#6923);
#6922 = CARTESIAN_POINT('',(-6.28318530718,0.));
#6923 = VECTOR('',#6924,1.);
#6924 = DIRECTION('',(-0.,-1.));
#6925 = ( GEOMETRIC_REPRESENTATION_CONTEXT(2) 
PARAMETRIC_REPRESENTATION_CONTEXT() REPRESENTATION_CONTEXT('2D SPACE',''
  ) );
#6926 = PCURVE('',#2421,#6927);
#6927 = DEFINITIONAL_REPRESENTATION('',(#6928),#6932);
#6928 = LINE('',#6929,#6930);
#6929 = CARTESIAN_POINT('',(-0.,0.));
#6930 = VECTOR('',#6931,1.);
#6931 = DIRECTION('',(-0.,-1.));
#6932 = ( GEOMETRIC_REPRESENTATION_CONTEXT(2) 
PARAMETRIC_REPRESENTATION_CONTEXT() REPRESENTATION_CONTEXT('2D SPACE',''
  ) );
#6933 = ORIENTED_EDGE('',*,*,#2400,.F.);
#6934 = ORIENTED_EDGE('',*,*,#6913,.F.);
#6935 = ADVANCED_FACE('',(#6936),#2456,.F.);
#6936 = FACE_BOUND('',#6937,.T.);
#6937 = EDGE_LOOP('',(#6938,#6971,#6992,#6993));
#6938 = ORIENTED_EDGE('',*,*,#6939,.T.);
#6939 = EDGE_CURVE('',#6940,#6940,#6942,.T.);
#6940 = VERTEX_POINT('',#6941);
#6941 = CARTESIAN_POINT('',(178.,275.,16.));
#6942 = SURFACE_CURVE('',#6943,(#6948,#6955),.PCURVE_S1.);
#6943 = CIRCLE('',#6944,3.);
#6944 = AXIS2_PLACEMENT_3D('',#6945,#6946,#6947);
#6945 = CARTESIAN_POINT('',(175.,275.,16.));
#6946 = DIRECTION('',(0.,0.,-1.));
#6947 = DIRECTION('',(1.,0.,0.));
#6948 = PCURVE('',#2456,#6949);
#6949 = DEFINITIONAL_REPRESENTATION('',(#6950),#6954);
#6950 = LINE('',#6951,#6952);
#6951 = CARTESIAN_POINT('',(-6.28318530718,-1.));
#6952 = VECTOR('',#6953,1.);
#6953 = DIRECTION('',(1.,-0.));
#6954 = ( GEOMETRIC_REPRESENTATION_CONTEXT(2) 
PARAMETRIC_REPRESENTATION_CONTEXT() REPRESENTATION_CONTEXT('2D SPACE',''
  ) );
#6955 = PCURVE('',#6956,#6961);
#6956 = PLANE('',#6957);
#6957 = AXIS2_PLACEMENT_3D('',#6958,#6959,#6960);
#6958 = CARTESIAN_POINT('',(175.,275.,16.));
#6959 = DIRECTION('',(0.,0.,1.));
#6960 = DIRECTION('',(1.,0.,-0.));
#6961 = DEFINITIONAL_REPRESENTATION('',(#6962),#6970);
#6962 = ( BOUNDED_CURVE() B_SPLINE_CURVE(2,(#6963,#6964,#6965,#6966,
#6967,#6968,#6969),.UNSPECIFIED.,.T.,.F.) B_SPLINE_CURVE_WITH_KNOTS((1,2
    ,2,2,2,1),(-2.094395102393,0.,2.094395102393,4.188790204786,
6.28318530718,8.377580409573),.UNSPECIFIED.) CURVE() 
GEOMETRIC_REPRESENTATION_ITEM() RATIONAL_B_SPLINE_CURVE((1.,0.5,1.,0.5,
1.,0.5,1.)) REPRESENTATION_ITEM('') );
#6963 = CARTESIAN_POINT('',(3.,0.));
#6964 = CARTESIAN_POINT('',(3.,-5.196152422707));
#6965 = CARTESIAN_POINT('',(-1.5,-2.598076211353));
#6966 = CARTESIAN_POINT('',(-6.,-7.347880794884E-16));
#6967 = CARTESIAN_POINT('',(-1.5,2.598076211353));
#6968 = CARTESIAN_POINT('',(3.,5.196152422707));
#6969 = CARTESIAN_POINT('',(3.,0.));
#6970 = ( GEOMETRIC_REPRESENTATION_CONTEXT(2) 
PARAMETRIC_REPRESENTATION_CONTEXT() REPRESENTATION_CONTEXT('2D SPACE',''
  ) );
#6971 = ORIENTED_EDGE('',*,*,#6972,.T.);
#6972 = EDGE_CURVE('',#6940,#2436,#6973,.T.);
#6973 = SEAM_CURVE('',#6974,(#6978,#6985),.PCURVE_S1.);
#6974 = LINE('',#6975,#6976);
#6975 = CARTESIAN_POINT('',(178.,275.,15.));
#6976 = VECTOR('',#6977,1.);
#6977 = DIRECTION('',(0.,0.,1.));
#6978 = PCURVE('',#2456,#6979);
#6979 = DEFINITIONAL_REPRESENTATION('',(#6980),#6984);
#6980 = LINE('',#6981,#6982);
#6981 = CARTESIAN_POINT('',(-6.28318530718,0.));
#6982 = VECTOR('',#6983,1.);
#6983 = DIRECTION('',(-0.,-1.));
#6984 = ( GEOMETRIC_REPRESENTATION_CONTEXT(2) 
PARAMETRIC_REPRESENTATION_CONTEXT() REPRESENTATION_CONTEXT('2D SPACE',''
  ) );
#6985 = PCURVE('',#2456,#6986);
#6986 = DEFINITIONAL_REPRESENTATION('',(#6987),#6991);
#6987 = LINE('',#6988,#6989);
#6988 = CARTESIAN_POINT('',(-0.,0.));
#6989 = VECTOR('',#6990,1.);
#6990 = DIRECTION('',(-0.,-1.));
#6991 = ( GEOMETRIC_REPRESENTATION_CONTEXT(2) 
PARAMETRIC_REPRESENTATION_CONTEXT() REPRESENTATION_CONTEXT('2D SPACE',''
  ) );
#6992 = ORIENTED_EDGE('',*,*,#2435,.F.);
#6993 = ORIENTED_EDGE('',*,*,#6972,.F.);
#6994 = ADVANCED_FACE('',(#6995),#2491,.F.);
#6995 = FACE_BOUND('',#6996,.T.);
#6996 = EDGE_LOOP('',(#6997,#7030,#7051,#7052));
#6997 = ORIENTED_EDGE('',*,*,#6998,.T.);
#6998 = EDGE_CURVE('',#6999,#6999,#7001,.T.);
#6999 = VERTEX_POINT('',#7000);
#7000 = CARTESIAN_POINT('',(128.,325.,16.));
#7001 = SURFACE_CURVE('',#7002,(#7007,#7014),.PCURVE_S1.);
#7002 = CIRCLE('',#7003,3.);
#7003 = AXIS2_PLACEMENT_3D('',#7004,#7005,#7006);
#7004 = CARTESIAN_POINT('',(125.,325.,16.));
#7005 = DIRECTION('',(0.,0.,-1.));
#7006 = DIRECTION('',(1.,0.,0.));
#7007 = PCURVE('',#2491,#7008);
#7008 = DEFINITIONAL_REPRESENTATION('',(#7009),#7013);
#7009 = LINE('',#7010,#7011);
#7010 = CARTESIAN_POINT('',(-6.28318530718,-1.));
#7011 = VECTOR('',#7012,1.);
#7012 = DIRECTION('',(1.,-0.));
#7013 = ( GEOMETRIC_REPRESENTATION_CONTEXT(2) 
PARAMETRIC_REPRESENTATION_CONTEXT() REPRESENTATION_CONTEXT('2D SPACE',''
  ) );
#7014 = PCURVE('',#7015,#7020);
#7015 = PLANE('',#7016);
#7016 = AXIS2_PLACEMENT_3D('',#7017,#7018,#7019);
#7017 = CARTESIAN_POINT('',(125.,325.,16.));
#7018 = DIRECTION('',(0.,0.,1.));
#7019 = DIRECTION('',(1.,0.,-0.));
#7020 = DEFINITIONAL_REPRESENTATION('',(#7021),#7029);
#7021 = ( BOUNDED_CURVE() B_SPLINE_CURVE(2,(#7022,#7023,#7024,#7025,
#7026,#7027,#7028),.UNSPECIFIED.,.T.,.F.) B_SPLINE_CURVE_WITH_KNOTS((1,2
    ,2,2,2,1),(-2.094395102393,0.,2.094395102393,4.188790204786,
6.28318530718,8.377580409573),.UNSPECIFIED.) CURVE() 
GEOMETRIC_REPRESENTATION_ITEM() RATIONAL_B_SPLINE_CURVE((1.,0.5,1.,0.5,
1.,0.5,1.)) REPRESENTATION_ITEM('') );
#7022 = CARTESIAN_POINT('',(3.,0.));
#7023 = CARTESIAN_POINT('',(3.,-5.196152422707));
#7024 = CARTESIAN_POINT('',(-1.5,-2.598076211353));
#7025 = CARTESIAN_POINT('',(-6.,-7.347880794884E-16));
#7026 = CARTESIAN_POINT('',(-1.5,2.598076211353));
#7027 = CARTESIAN_POINT('',(3.,5.196152422707));
#7028 = CARTESIAN_POINT('',(3.,0.));
#7029 = ( GEOMETRIC_REPRESENTATION_CONTEXT(2) 
PARAMETRIC_REPRESENTATION_CONTEXT() REPRESENTATION_CONTEXT('2D SPACE',''
  ) );
#7030 = ORIENTED_EDGE('',*,*,#7031,.T.);
#7031 = EDGE_CURVE('',#6999,#2471,#7032,.T.);
#7032 = SEAM_CURVE('',#7033,(#7037,#7044),.PCURVE_S1.);
#7033 = LINE('',#7034,#7035);
#7034 = CARTESIAN_POINT('',(128.,325.,15.));
#7035 = VECTOR('',#7036,1.);
#7036 = DIRECTION('',(0.,0.,1.));
#7037 = PCURVE('',#2491,#7038);
#7038 = DEFINITIONAL_REPRESENTATION('',(#7039),#7043);
#7039 = LINE('',#7040,#7041);
#7040 = CARTESIAN_POINT('',(-6.28318530718,0.));
#7041 = VECTOR('',#7042,1.);
#7042 = DIRECTION('',(-0.,-1.));
#7043 = ( GEOMETRIC_REPRESENTATION_CONTEXT(2) 
PARAMETRIC_REPRESENTATION_CONTEXT() REPRESENTATION_CONTEXT('2D SPACE',''
  ) );
#7044 = PCURVE('',#2491,#7045);
#7045 = DEFINITIONAL_REPRESENTATION('',(#7046),#7050);
#7046 = LINE('',#7047,#7048);
#7047 = CARTESIAN_POINT('',(-0.,0.));
#7048 = VECTOR('',#7049,1.);
#7049 = DIRECTION('',(-0.,-1.));
#7050 = ( GEOMETRIC_REPRESENTATION_CONTEXT(2) 
PARAMETRIC_REPRESENTATION_CONTEXT() REPRESENTATION_CONTEXT('2D SPACE',''
  ) );
#7051 = ORIENTED_EDGE('',*,*,#2470,.F.);
#7052 = ORIENTED_EDGE('',*,*,#7031,.F.);
#7053 = ADVANCED_FACE('',(#7054),#2526,.F.);
#7054 = FACE_BOUND('',#7055,.T.);
#7055 = EDGE_LOOP('',(#7056,#7089,#7110,#7111));
#7056 = ORIENTED_EDGE('',*,*,#7057,.T.);
#7057 = EDGE_CURVE('',#7058,#7058,#7060,.T.);
#7058 = VERTEX_POINT('',#7059);
#7059 = CARTESIAN_POINT('',(178.,325.,16.));
#7060 = SURFACE_CURVE('',#7061,(#7066,#7073),.PCURVE_S1.);
#7061 = CIRCLE('',#7062,3.);
#7062 = AXIS2_PLACEMENT_3D('',#7063,#7064,#7065);
#7063 = CARTESIAN_POINT('',(175.,325.,16.));
#7064 = DIRECTION('',(0.,0.,-1.));
#7065 = DIRECTION('',(1.,0.,0.));
#7066 = PCURVE('',#2526,#7067);
#7067 = DEFINITIONAL_REPRESENTATION('',(#7068),#7072);
#7068 = LINE('',#7069,#7070);
#7069 = CARTESIAN_POINT('',(-6.28318530718,-1.));
#7070 = VECTOR('',#7071,1.);
#7071 = DIRECTION('',(1.,-0.));
#7072 = ( GEOMETRIC_REPRESENTATION_CONTEXT(2) 
PARAMETRIC_REPRESENTATION_CONTEXT() REPRESENTATION_CONTEXT('2D SPACE',''
  ) );
#7073 = PCURVE('',#7074,#7079);
#7074 = PLANE('',#7075);
#7075 = AXIS2_PLACEMENT_3D('',#7076,#7077,#7078);
#7076 = CARTESIAN_POINT('',(175.,325.,16.));
#7077 = DIRECTION('',(0.,0.,1.));
#7078 = DIRECTION('',(1.,0.,-0.));
#7079 = DEFINITIONAL_REPRESENTATION('',(#7080),#7088);
#7080 = ( BOUNDED_CURVE() B_SPLINE_CURVE(2,(#7081,#7082,#7083,#7084,
#7085,#7086,#7087),.UNSPECIFIED.,.T.,.F.) B_SPLINE_CURVE_WITH_KNOTS((1,2
    ,2,2,2,1),(-2.094395102393,0.,2.094395102393,4.188790204786,
6.28318530718,8.377580409573),.UNSPECIFIED.) CURVE() 
GEOMETRIC_REPRESENTATION_ITEM() RATIONAL_B_SPLINE_CURVE((1.,0.5,1.,0.5,
1.,0.5,1.)) REPRESENTATION_ITEM('') );
#7081 = CARTESIAN_POINT('',(3.,0.));
#7082 = CARTESIAN_POINT('',(3.,-5.196152422707));
#7083 = CARTESIAN_POINT('',(-1.5,-2.598076211353));
#7084 = CARTESIAN_POINT('',(-6.,-7.347880794884E-16));
#7085 = CARTESIAN_POINT('',(-1.5,2.598076211353));
#7086 = CARTESIAN_POINT('',(3.,5.196152422707));
#7087 = CARTESIAN_POINT('',(3.,0.));
#7088 = ( GEOMETRIC_REPRESENTATION_CONTEXT(2) 
PARAMETRIC_REPRESENTATION_CONTEXT() REPRESENTATION_CONTEXT('2D SPACE',''
  ) );
#7089 = ORIENTED_EDGE('',*,*,#7090,.T.);
#7090 = EDGE_CURVE('',#7058,#2506,#7091,.T.);
#7091 = SEAM_CURVE('',#7092,(#7096,#7103),.PCURVE_S1.);
#7092 = LINE('',#7093,#7094);
#7093 = CARTESIAN_POINT('',(178.,325.,15.));
#7094 = VECTOR('',#7095,1.);
#7095 = DIRECTION('',(0.,0.,1.));
#7096 = PCURVE('',#2526,#7097);
#7097 = DEFINITIONAL_REPRESENTATION('',(#7098),#7102);
#7098 = LINE('',#7099,#7100);
#7099 = CARTESIAN_POINT('',(-6.28318530718,0.));
#7100 = VECTOR('',#7101,1.);
#7101 = DIRECTION('',(-0.,-1.));
#7102 = ( GEOMETRIC_REPRESENTATION_CONTEXT(2) 
PARAMETRIC_REPRESENTATION_CONTEXT() REPRESENTATION_CONTEXT('2D SPACE',''
  ) );
#7103 = PCURVE('',#2526,#7104);
#7104 = DEFINITIONAL_REPRESENTATION('',(#7105),#7109);
#7105 = LINE('',#7106,#7107);
#7106 = CARTESIAN_POINT('',(-0.,0.));
#7107 = VECTOR('',#7108,1.);
#7108 = DIRECTION('',(-0.,-1.));
#7109 = ( GEOMETRIC_REPRESENTATION_CONTEXT(2) 
PARAMETRIC_REPRESENTATION_CONTEXT() REPRESENTATION_CONTEXT('2D SPACE',''
  ) );
#7110 = ORIENTED_EDGE('',*,*,#2505,.F.);
#7111 = ORIENTED_EDGE('',*,*,#7090,.F.);
#7112 = ADVANCED_FACE('',(#7113),#2561,.F.);
#7113 = FACE_BOUND('',#7114,.T.);
#7114 = EDGE_LOOP('',(#7115,#7148,#7169,#7170));
#7115 = ORIENTED_EDGE('',*,*,#7116,.T.);
#7116 = EDGE_CURVE('',#7117,#7117,#7119,.T.);
#7117 = VERTEX_POINT('',#7118);
#7118 = CARTESIAN_POINT('',(228.,175.,16.));
#7119 = SURFACE_CURVE('',#7120,(#7125,#7132),.PCURVE_S1.);
#7120 = CIRCLE('',#7121,3.);
#7121 = AXIS2_PLACEMENT_3D('',#7122,#7123,#7124);
#7122 = CARTESIAN_POINT('',(225.,175.,16.));
#7123 = DIRECTION('',(0.,0.,-1.));
#7124 = DIRECTION('',(1.,0.,0.));
#7125 = PCURVE('',#2561,#7126);
#7126 = DEFINITIONAL_REPRESENTATION('',(#7127),#7131);
#7127 = LINE('',#7128,#7129);
#7128 = CARTESIAN_POINT('',(-6.28318530718,-1.));
#7129 = VECTOR('',#7130,1.);
#7130 = DIRECTION('',(1.,-0.));
#7131 = ( GEOMETRIC_REPRESENTATION_CONTEXT(2) 
PARAMETRIC_REPRESENTATION_CONTEXT() REPRESENTATION_CONTEXT('2D SPACE',''
  ) );
#7132 = PCURVE('',#7133,#7138);
#7133 = PLANE('',#7134);
#7134 = AXIS2_PLACEMENT_3D('',#7135,#7136,#7137);
#7135 = CARTESIAN_POINT('',(225.,175.,16.));
#7136 = DIRECTION('',(0.,0.,1.));
#7137 = DIRECTION('',(1.,0.,-0.));
#7138 = DEFINITIONAL_REPRESENTATION('',(#7139),#7147);
#7139 = ( BOUNDED_CURVE() B_SPLINE_CURVE(2,(#7140,#7141,#7142,#7143,
#7144,#7145,#7146),.UNSPECIFIED.,.T.,.F.) B_SPLINE_CURVE_WITH_KNOTS((1,2
    ,2,2,2,1),(-2.094395102393,0.,2.094395102393,4.188790204786,
6.28318530718,8.377580409573),.UNSPECIFIED.) CURVE() 
GEOMETRIC_REPRESENTATION_ITEM() RATIONAL_B_SPLINE_CURVE((1.,0.5,1.,0.5,
1.,0.5,1.)) REPRESENTATION_ITEM('') );
#7140 = CARTESIAN_POINT('',(3.,0.));
#7141 = CARTESIAN_POINT('',(3.,-5.196152422707));
#7142 = CARTESIAN_POINT('',(-1.5,-2.598076211353));
#7143 = CARTESIAN_POINT('',(-6.,-7.347880794884E-16));
#7144 = CARTESIAN_POINT('',(-1.5,2.598076211353));
#7145 = CARTESIAN_POINT('',(3.,5.196152422707));
#7146 = CARTESIAN_POINT('',(3.,0.));
#7147 = ( GEOMETRIC_REPRESENTATION_CONTEXT(2) 
PARAMETRIC_REPRESENTATION_CONTEXT() REPRESENTATION_CONTEXT('2D SPACE',''
  ) );
#7148 = ORIENTED_EDGE('',*,*,#7149,.T.);
#7149 = EDGE_CURVE('',#7117,#2541,#7150,.T.);
#7150 = SEAM_CURVE('',#7151,(#7155,#7162),.PCURVE_S1.);
#7151 = LINE('',#7152,#7153);
#7152 = CARTESIAN_POINT('',(228.,175.,15.));
#7153 = VECTOR('',#7154,1.);
#7154 = DIRECTION('',(0.,0.,1.));
#7155 = PCURVE('',#2561,#7156);
#7156 = DEFINITIONAL_REPRESENTATION('',(#7157),#7161);
#7157 = LINE('',#7158,#7159);
#7158 = CARTESIAN_POINT('',(-6.28318530718,0.));
#7159 = VECTOR('',#7160,1.);
#7160 = DIRECTION('',(-0.,-1.));
#7161 = ( GEOMETRIC_REPRESENTATION_CONTEXT(2) 
PARAMETRIC_REPRESENTATION_CONTEXT() REPRESENTATION_CONTEXT('2D SPACE',''
  ) );
#7162 = PCURVE('',#2561,#7163);
#7163 = DEFINITIONAL_REPRESENTATION('',(#7164),#7168);
#7164 = LINE('',#7165,#7166);
#7165 = CARTESIAN_POINT('',(-0.,0.));
#7166 = VECTOR('',#7167,1.);
#7167 = DIRECTION('',(-0.,-1.));
#7168 = ( GEOMETRIC_REPRESENTATION_CONTEXT(2) 
PARAMETRIC_REPRESENTATION_CONTEXT() REPRESENTATION_CONTEXT('2D SPACE',''
  ) );
#7169 = ORIENTED_EDGE('',*,*,#2540,.F.);
#7170 = ORIENTED_EDGE('',*,*,#7149,.F.);
#7171 = ADVANCED_FACE('',(#7172),#2596,.F.);
#7172 = FACE_BOUND('',#7173,.T.);
#7173 = EDGE_LOOP('',(#7174,#7207,#7228,#7229));
#7174 = ORIENTED_EDGE('',*,*,#7175,.T.);
#7175 = EDGE_CURVE('',#7176,#7176,#7178,.T.);
#7176 = VERTEX_POINT('',#7177);
#7177 = CARTESIAN_POINT('',(278.,175.,16.));
#7178 = SURFACE_CURVE('',#7179,(#7184,#7191),.PCURVE_S1.);
#7179 = CIRCLE('',#7180,3.);
#7180 = AXIS2_PLACEMENT_3D('',#7181,#7182,#7183);
#7181 = CARTESIAN_POINT('',(275.,175.,16.));
#7182 = DIRECTION('',(0.,0.,-1.));
#7183 = DIRECTION('',(1.,0.,0.));
#7184 = PCURVE('',#2596,#7185);
#7185 = DEFINITIONAL_REPRESENTATION('',(#7186),#7190);
#7186 = LINE('',#7187,#7188);
#7187 = CARTESIAN_POINT('',(-6.28318530718,-1.));
#7188 = VECTOR('',#7189,1.);
#7189 = DIRECTION('',(1.,-0.));
#7190 = ( GEOMETRIC_REPRESENTATION_CONTEXT(2) 
PARAMETRIC_REPRESENTATION_CONTEXT() REPRESENTATION_CONTEXT('2D SPACE',''
  ) );
#7191 = PCURVE('',#7192,#7197);
#7192 = PLANE('',#7193);
#7193 = AXIS2_PLACEMENT_3D('',#7194,#7195,#7196);
#7194 = CARTESIAN_POINT('',(275.,175.,16.));
#7195 = DIRECTION('',(0.,0.,1.));
#7196 = DIRECTION('',(1.,0.,-0.));
#7197 = DEFINITIONAL_REPRESENTATION('',(#7198),#7206);
#7198 = ( BOUNDED_CURVE() B_SPLINE_CURVE(2,(#7199,#7200,#7201,#7202,
#7203,#7204,#7205),.UNSPECIFIED.,.T.,.F.) B_SPLINE_CURVE_WITH_KNOTS((1,2
    ,2,2,2,1),(-2.094395102393,0.,2.094395102393,4.188790204786,
6.28318530718,8.377580409573),.UNSPECIFIED.) CURVE() 
GEOMETRIC_REPRESENTATION_ITEM() RATIONAL_B_SPLINE_CURVE((1.,0.5,1.,0.5,
1.,0.5,1.)) REPRESENTATION_ITEM('') );
#7199 = CARTESIAN_POINT('',(3.,0.));
#7200 = CARTESIAN_POINT('',(3.,-5.196152422707));
#7201 = CARTESIAN_POINT('',(-1.5,-2.598076211353));
#7202 = CARTESIAN_POINT('',(-6.,-7.347880794884E-16));
#7203 = CARTESIAN_POINT('',(-1.5,2.598076211353));
#7204 = CARTESIAN_POINT('',(3.,5.196152422707));
#7205 = CARTESIAN_POINT('',(3.,0.));
#7206 = ( GEOMETRIC_REPRESENTATION_CONTEXT(2) 
PARAMETRIC_REPRESENTATION_CONTEXT() REPRESENTATION_CONTEXT('2D SPACE',''
  ) );
#7207 = ORIENTED_EDGE('',*,*,#7208,.T.);
#7208 = EDGE_CURVE('',#7176,#2576,#7209,.T.);
#7209 = SEAM_CURVE('',#7210,(#7214,#7221),.PCURVE_S1.);
#7210 = LINE('',#7211,#7212);
#7211 = CARTESIAN_POINT('',(278.,175.,15.));
#7212 = VECTOR('',#7213,1.);
#7213 = DIRECTION('',(0.,0.,1.));
#7214 = PCURVE('',#2596,#7215);
#7215 = DEFINITIONAL_REPRESENTATION('',(#7216),#7220);
#7216 = LINE('',#7217,#7218);
#7217 = CARTESIAN_POINT('',(-6.28318530718,0.));
#7218 = VECTOR('',#7219,1.);
#7219 = DIRECTION('',(-0.,-1.));
#7220 = ( GEOMETRIC_REPRESENTATION_CONTEXT(2) 
PARAMETRIC_REPRESENTATION_CONTEXT() REPRESENTATION_CONTEXT('2D SPACE',''
  ) );
#7221 = PCURVE('',#2596,#7222);
#7222 = DEFINITIONAL_REPRESENTATION('',(#7223),#7227);
#7223 = LINE('',#7224,#7225);
#7224 = CARTESIAN_POINT('',(-0.,0.));
#7225 = VECTOR('',#7226,1.);
#7226 = DIRECTION('',(-0.,-1.));
#7227 = ( GEOMETRIC_REPRESENTATION_CONTEXT(2) 
PARAMETRIC_REPRESENTATION_CONTEXT() REPRESENTATION_CONTEXT('2D SPACE',''
  ) );
#7228 = ORIENTED_EDGE('',*,*,#2575,.F.);
#7229 = ORIENTED_EDGE('',*,*,#7208,.F.);
#7230 = ADVANCED_FACE('',(#7231),#2627,.F.);
#7231 = FACE_BOUND('',#7232,.F.);
#7232 = EDGE_LOOP('',(#7233,#7234,#7257,#7284));
#7233 = ORIENTED_EDGE('',*,*,#2610,.F.);
#7234 = ORIENTED_EDGE('',*,*,#7235,.F.);
#7235 = EDGE_CURVE('',#7236,#2611,#7238,.T.);
#7236 = VERTEX_POINT('',#7237);
#7237 = CARTESIAN_POINT('',(250.,201.,20.5));
#7238 = SEAM_CURVE('',#7239,(#7243,#7250),.PCURVE_S1.);
#7239 = LINE('',#7240,#7241);
#7240 = CARTESIAN_POINT('',(250.,201.,20.5));
#7241 = VECTOR('',#7242,1.);
#7242 = DIRECTION('',(0.,0.,1.));
#7243 = PCURVE('',#2627,#7244);
#7244 = DEFINITIONAL_REPRESENTATION('',(#7245),#7249);
#7245 = LINE('',#7246,#7247);
#7246 = CARTESIAN_POINT('',(6.28318530718,-0.));
#7247 = VECTOR('',#7248,1.);
#7248 = DIRECTION('',(0.,1.));
#7249 = ( GEOMETRIC_REPRESENTATION_CONTEXT(2) 
PARAMETRIC_REPRESENTATION_CONTEXT() REPRESENTATION_CONTEXT('2D SPACE',''
  ) );
#7250 = PCURVE('',#2627,#7251);
#7251 = DEFINITIONAL_REPRESENTATION('',(#7252),#7256);
#7252 = LINE('',#7253,#7254);
#7253 = CARTESIAN_POINT('',(0.,-0.));
#7254 = VECTOR('',#7255,1.);
#7255 = DIRECTION('',(0.,1.));
#7256 = ( GEOMETRIC_REPRESENTATION_CONTEXT(2) 
PARAMETRIC_REPRESENTATION_CONTEXT() REPRESENTATION_CONTEXT('2D SPACE',''
  ) );
#7257 = ORIENTED_EDGE('',*,*,#7258,.T.);
#7258 = EDGE_CURVE('',#7236,#7236,#7259,.T.);
#7259 = SURFACE_CURVE('',#7260,(#7265,#7272),.PCURVE_S1.);
#7260 = CIRCLE('',#7261,5.);
#7261 = AXIS2_PLACEMENT_3D('',#7262,#7263,#7264);
#7262 = CARTESIAN_POINT('',(245.,201.,20.5));
#7263 = DIRECTION('',(0.,0.,1.));
#7264 = DIRECTION('',(1.,0.,-0.));
#7265 = PCURVE('',#2627,#7266);
#7266 = DEFINITIONAL_REPRESENTATION('',(#7267),#7271);
#7267 = LINE('',#7268,#7269);
#7268 = CARTESIAN_POINT('',(0.,0.));
#7269 = VECTOR('',#7270,1.);
#7270 = DIRECTION('',(1.,0.));
#7271 = ( GEOMETRIC_REPRESENTATION_CONTEXT(2) 
PARAMETRIC_REPRESENTATION_CONTEXT() REPRESENTATION_CONTEXT('2D SPACE',''
  ) );
#7272 = PCURVE('',#7273,#7278);
#7273 = PLANE('',#7274);
#7274 = AXIS2_PLACEMENT_3D('',#7275,#7276,#7277);
#7275 = CARTESIAN_POINT('',(245.,201.,20.5));
#7276 = DIRECTION('',(0.,0.,1.));
#7277 = DIRECTION('',(1.,0.,-0.));
#7278 = DEFINITIONAL_REPRESENTATION('',(#7279),#7283);
#7279 = CIRCLE('',#7280,5.);
#7280 = AXIS2_PLACEMENT_2D('',#7281,#7282);
#7281 = CARTESIAN_POINT('',(0.,0.));
#7282 = DIRECTION('',(1.,0.));
#7283 = ( GEOMETRIC_REPRESENTATION_CONTEXT(2) 
PARAMETRIC_REPRESENTATION_CONTEXT() REPRESENTATION_CONTEXT('2D SPACE',''
  ) );
#7284 = ORIENTED_EDGE('',*,*,#7235,.T.);
#7285 = ADVANCED_FACE('',(#7286),#2662,.F.);
#7286 = FACE_BOUND('',#7287,.T.);
#7287 = EDGE_LOOP('',(#7288,#7321,#7342,#7343));
#7288 = ORIENTED_EDGE('',*,*,#7289,.T.);
#7289 = EDGE_CURVE('',#7290,#7290,#7292,.T.);
#7290 = VERTEX_POINT('',#7291);
#7291 = CARTESIAN_POINT('',(328.,175.,16.));
#7292 = SURFACE_CURVE('',#7293,(#7298,#7305),.PCURVE_S1.);
#7293 = CIRCLE('',#7294,3.);
#7294 = AXIS2_PLACEMENT_3D('',#7295,#7296,#7297);
#7295 = CARTESIAN_POINT('',(325.,175.,16.));
#7296 = DIRECTION('',(0.,0.,-1.));
#7297 = DIRECTION('',(1.,0.,0.));
#7298 = PCURVE('',#2662,#7299);
#7299 = DEFINITIONAL_REPRESENTATION('',(#7300),#7304);
#7300 = LINE('',#7301,#7302);
#7301 = CARTESIAN_POINT('',(-6.28318530718,-1.));
#7302 = VECTOR('',#7303,1.);
#7303 = DIRECTION('',(1.,-0.));
#7304 = ( GEOMETRIC_REPRESENTATION_CONTEXT(2) 
PARAMETRIC_REPRESENTATION_CONTEXT() REPRESENTATION_CONTEXT('2D SPACE',''
  ) );
#7305 = PCURVE('',#7306,#7311);
#7306 = PLANE('',#7307);
#7307 = AXIS2_PLACEMENT_3D('',#7308,#7309,#7310);
#7308 = CARTESIAN_POINT('',(325.,175.,16.));
#7309 = DIRECTION('',(0.,0.,1.));
#7310 = DIRECTION('',(1.,0.,-0.));
#7311 = DEFINITIONAL_REPRESENTATION('',(#7312),#7320);
#7312 = ( BOUNDED_CURVE() B_SPLINE_CURVE(2,(#7313,#7314,#7315,#7316,
#7317,#7318,#7319),.UNSPECIFIED.,.T.,.F.) B_SPLINE_CURVE_WITH_KNOTS((1,2
    ,2,2,2,1),(-2.094395102393,0.,2.094395102393,4.188790204786,
6.28318530718,8.377580409573),.UNSPECIFIED.) CURVE() 
GEOMETRIC_REPRESENTATION_ITEM() RATIONAL_B_SPLINE_CURVE((1.,0.5,1.,0.5,
1.,0.5,1.)) REPRESENTATION_ITEM('') );
#7313 = CARTESIAN_POINT('',(3.,0.));
#7314 = CARTESIAN_POINT('',(3.,-5.196152422707));
#7315 = CARTESIAN_POINT('',(-1.5,-2.598076211353));
#7316 = CARTESIAN_POINT('',(-6.,-7.347880794884E-16));
#7317 = CARTESIAN_POINT('',(-1.5,2.598076211353));
#7318 = CARTESIAN_POINT('',(3.,5.196152422707));
#7319 = CARTESIAN_POINT('',(3.,0.));
#7320 = ( GEOMETRIC_REPRESENTATION_CONTEXT(2) 
PARAMETRIC_REPRESENTATION_CONTEXT() REPRESENTATION_CONTEXT('2D SPACE',''
  ) );
#7321 = ORIENTED_EDGE('',*,*,#7322,.T.);
#7322 = EDGE_CURVE('',#7290,#2642,#7323,.T.);
#7323 = SEAM_CURVE('',#7324,(#7328,#7335),.PCURVE_S1.);
#7324 = LINE('',#7325,#7326);
#7325 = CARTESIAN_POINT('',(328.,175.,15.));
#7326 = VECTOR('',#7327,1.);
#7327 = DIRECTION('',(0.,0.,1.));
#7328 = PCURVE('',#2662,#7329);
#7329 = DEFINITIONAL_REPRESENTATION('',(#7330),#7334);
#7330 = LINE('',#7331,#7332);
#7331 = CARTESIAN_POINT('',(-6.28318530718,0.));
#7332 = VECTOR('',#7333,1.);
#7333 = DIRECTION('',(-0.,-1.));
#7334 = ( GEOMETRIC_REPRESENTATION_CONTEXT(2) 
PARAMETRIC_REPRESENTATION_CONTEXT() REPRESENTATION_CONTEXT('2D SPACE',''
  ) );
#7335 = PCURVE('',#2662,#7336);
#7336 = DEFINITIONAL_REPRESENTATION('',(#7337),#7341);
#7337 = LINE('',#7338,#7339);
#7338 = CARTESIAN_POINT('',(-0.,0.));
#7339 = VECTOR('',#7340,1.);
#7340 = DIRECTION('',(-0.,-1.));
#7341 = ( GEOMETRIC_REPRESENTATION_CONTEXT(2) 
PARAMETRIC_REPRESENTATION_CONTEXT() REPRESENTATION_CONTEXT('2D SPACE',''
  ) );
#7342 = ORIENTED_EDGE('',*,*,#2641,.F.);
#7343 = ORIENTED_EDGE('',*,*,#7322,.F.);
#7344 = ADVANCED_FACE('',(#7345),#2697,.F.);
#7345 = FACE_BOUND('',#7346,.T.);
#7346 = EDGE_LOOP('',(#7347,#7380,#7401,#7402));
#7347 = ORIENTED_EDGE('',*,*,#7348,.T.);
#7348 = EDGE_CURVE('',#7349,#7349,#7351,.T.);
#7349 = VERTEX_POINT('',#7350);
#7350 = CARTESIAN_POINT('',(228.,225.,16.));
#7351 = SURFACE_CURVE('',#7352,(#7357,#7364),.PCURVE_S1.);
#7352 = CIRCLE('',#7353,3.);
#7353 = AXIS2_PLACEMENT_3D('',#7354,#7355,#7356);
#7354 = CARTESIAN_POINT('',(225.,225.,16.));
#7355 = DIRECTION('',(0.,0.,-1.));
#7356 = DIRECTION('',(1.,0.,0.));
#7357 = PCURVE('',#2697,#7358);
#7358 = DEFINITIONAL_REPRESENTATION('',(#7359),#7363);
#7359 = LINE('',#7360,#7361);
#7360 = CARTESIAN_POINT('',(-6.28318530718,-1.));
#7361 = VECTOR('',#7362,1.);
#7362 = DIRECTION('',(1.,-0.));
#7363 = ( GEOMETRIC_REPRESENTATION_CONTEXT(2) 
PARAMETRIC_REPRESENTATION_CONTEXT() REPRESENTATION_CONTEXT('2D SPACE',''
  ) );
#7364 = PCURVE('',#7365,#7370);
#7365 = PLANE('',#7366);
#7366 = AXIS2_PLACEMENT_3D('',#7367,#7368,#7369);
#7367 = CARTESIAN_POINT('',(225.,225.,16.));
#7368 = DIRECTION('',(0.,0.,1.));
#7369 = DIRECTION('',(1.,0.,-0.));
#7370 = DEFINITIONAL_REPRESENTATION('',(#7371),#7379);
#7371 = ( BOUNDED_CURVE() B_SPLINE_CURVE(2,(#7372,#7373,#7374,#7375,
#7376,#7377,#7378),.UNSPECIFIED.,.T.,.F.) B_SPLINE_CURVE_WITH_KNOTS((1,2
    ,2,2,2,1),(-2.094395102393,0.,2.094395102393,4.188790204786,
6.28318530718,8.377580409573),.UNSPECIFIED.) CURVE() 
GEOMETRIC_REPRESENTATION_ITEM() RATIONAL_B_SPLINE_CURVE((1.,0.5,1.,0.5,
1.,0.5,1.)) REPRESENTATION_ITEM('') );
#7372 = CARTESIAN_POINT('',(3.,0.));
#7373 = CARTESIAN_POINT('',(3.,-5.196152422707));
#7374 = CARTESIAN_POINT('',(-1.5,-2.598076211353));
#7375 = CARTESIAN_POINT('',(-6.,-7.347880794884E-16));
#7376 = CARTESIAN_POINT('',(-1.5,2.598076211353));
#7377 = CARTESIAN_POINT('',(3.,5.196152422707));
#7378 = CARTESIAN_POINT('',(3.,0.));
#7379 = ( GEOMETRIC_REPRESENTATION_CONTEXT(2) 
PARAMETRIC_REPRESENTATION_CONTEXT() REPRESENTATION_CONTEXT('2D SPACE',''
  ) );
#7380 = ORIENTED_EDGE('',*,*,#7381,.T.);
#7381 = EDGE_CURVE('',#7349,#2677,#7382,.T.);
#7382 = SEAM_CURVE('',#7383,(#7387,#7394),.PCURVE_S1.);
#7383 = LINE('',#7384,#7385);
#7384 = CARTESIAN_POINT('',(228.,225.,15.));
#7385 = VECTOR('',#7386,1.);
#7386 = DIRECTION('',(0.,0.,1.));
#7387 = PCURVE('',#2697,#7388);
#7388 = DEFINITIONAL_REPRESENTATION('',(#7389),#7393);
#7389 = LINE('',#7390,#7391);
#7390 = CARTESIAN_POINT('',(-6.28318530718,0.));
#7391 = VECTOR('',#7392,1.);
#7392 = DIRECTION('',(-0.,-1.));
#7393 = ( GEOMETRIC_REPRESENTATION_CONTEXT(2) 
PARAMETRIC_REPRESENTATION_CONTEXT() REPRESENTATION_CONTEXT('2D SPACE',''
  ) );
#7394 = PCURVE('',#2697,#7395);
#7395 = DEFINITIONAL_REPRESENTATION('',(#7396),#7400);
#7396 = LINE('',#7397,#7398);
#7397 = CARTESIAN_POINT('',(-0.,0.));
#7398 = VECTOR('',#7399,1.);
#7399 = DIRECTION('',(-0.,-1.));
#7400 = ( GEOMETRIC_REPRESENTATION_CONTEXT(2) 
PARAMETRIC_REPRESENTATION_CONTEXT() REPRESENTATION_CONTEXT('2D SPACE',''
  ) );
#7401 = ORIENTED_EDGE('',*,*,#2676,.F.);
#7402 = ORIENTED_EDGE('',*,*,#7381,.F.);
#7403 = ADVANCED_FACE('',(#7404),#2732,.F.);
#7404 = FACE_BOUND('',#7405,.T.);
#7405 = EDGE_LOOP('',(#7406,#7439,#7460,#7461));
#7406 = ORIENTED_EDGE('',*,*,#7407,.T.);
#7407 = EDGE_CURVE('',#7408,#7408,#7410,.T.);
#7408 = VERTEX_POINT('',#7409);
#7409 = CARTESIAN_POINT('',(278.,225.,16.));
#7410 = SURFACE_CURVE('',#7411,(#7416,#7423),.PCURVE_S1.);
#7411 = CIRCLE('',#7412,3.);
#7412 = AXIS2_PLACEMENT_3D('',#7413,#7414,#7415);
#7413 = CARTESIAN_POINT('',(275.,225.,16.));
#7414 = DIRECTION('',(0.,0.,-1.));
#7415 = DIRECTION('',(1.,0.,0.));
#7416 = PCURVE('',#2732,#7417);
#7417 = DEFINITIONAL_REPRESENTATION('',(#7418),#7422);
#7418 = LINE('',#7419,#7420);
#7419 = CARTESIAN_POINT('',(-6.28318530718,-1.));
#7420 = VECTOR('',#7421,1.);
#7421 = DIRECTION('',(1.,-0.));
#7422 = ( GEOMETRIC_REPRESENTATION_CONTEXT(2) 
PARAMETRIC_REPRESENTATION_CONTEXT() REPRESENTATION_CONTEXT('2D SPACE',''
  ) );
#7423 = PCURVE('',#7424,#7429);
#7424 = PLANE('',#7425);
#7425 = AXIS2_PLACEMENT_3D('',#7426,#7427,#7428);
#7426 = CARTESIAN_POINT('',(275.,225.,16.));
#7427 = DIRECTION('',(0.,0.,1.));
#7428 = DIRECTION('',(1.,0.,-0.));
#7429 = DEFINITIONAL_REPRESENTATION('',(#7430),#7438);
#7430 = ( BOUNDED_CURVE() B_SPLINE_CURVE(2,(#7431,#7432,#7433,#7434,
#7435,#7436,#7437),.UNSPECIFIED.,.T.,.F.) B_SPLINE_CURVE_WITH_KNOTS((1,2
    ,2,2,2,1),(-2.094395102393,0.,2.094395102393,4.188790204786,
6.28318530718,8.377580409573),.UNSPECIFIED.) CURVE() 
GEOMETRIC_REPRESENTATION_ITEM() RATIONAL_B_SPLINE_CURVE((1.,0.5,1.,0.5,
1.,0.5,1.)) REPRESENTATION_ITEM('') );
#7431 = CARTESIAN_POINT('',(3.,0.));
#7432 = CARTESIAN_POINT('',(3.,-5.196152422707));
#7433 = CARTESIAN_POINT('',(-1.5,-2.598076211353));
#7434 = CARTESIAN_POINT('',(-6.,-7.347880794884E-16));
#7435 = CARTESIAN_POINT('',(-1.5,2.598076211353));
#7436 = CARTESIAN_POINT('',(3.,5.196152422707));
#7437 = CARTESIAN_POINT('',(3.,0.));
#7438 = ( GEOMETRIC_REPRESENTATION_CONTEXT(2) 
PARAMETRIC_REPRESENTATION_CONTEXT() REPRESENTATION_CONTEXT('2D SPACE',''
  ) );
#7439 = ORIENTED_EDGE('',*,*,#7440,.T.);
#7440 = EDGE_CURVE('',#7408,#2712,#7441,.T.);
#7441 = SEAM_CURVE('',#7442,(#7446,#7453),.PCURVE_S1.);
#7442 = LINE('',#7443,#7444);
#7443 = CARTESIAN_POINT('',(278.,225.,15.));
#7444 = VECTOR('',#7445,1.);
#7445 = DIRECTION('',(0.,0.,1.));
#7446 = PCURVE('',#2732,#7447);
#7447 = DEFINITIONAL_REPRESENTATION('',(#7448),#7452);
#7448 = LINE('',#7449,#7450);
#7449 = CARTESIAN_POINT('',(-6.28318530718,0.));
#7450 = VECTOR('',#7451,1.);
#7451 = DIRECTION('',(-0.,-1.));
#7452 = ( GEOMETRIC_REPRESENTATION_CONTEXT(2) 
PARAMETRIC_REPRESENTATION_CONTEXT() REPRESENTATION_CONTEXT('2D SPACE',''
  ) );
#7453 = PCURVE('',#2732,#7454);
#7454 = DEFINITIONAL_REPRESENTATION('',(#7455),#7459);
#7455 = LINE('',#7456,#7457);
#7456 = CARTESIAN_POINT('',(-0.,0.));
#7457 = VECTOR('',#7458,1.);
#7458 = DIRECTION('',(-0.,-1.));
#7459 = ( GEOMETRIC_REPRESENTATION_CONTEXT(2) 
PARAMETRIC_REPRESENTATION_CONTEXT() REPRESENTATION_CONTEXT('2D SPACE',''
  ) );
#7460 = ORIENTED_EDGE('',*,*,#2711,.F.);
#7461 = ORIENTED_EDGE('',*,*,#7440,.F.);
#7462 = ADVANCED_FACE('',(#7463),#2767,.F.);
#7463 = FACE_BOUND('',#7464,.T.);
#7464 = EDGE_LOOP('',(#7465,#7498,#7519,#7520));
#7465 = ORIENTED_EDGE('',*,*,#7466,.T.);
#7466 = EDGE_CURVE('',#7467,#7467,#7469,.T.);
#7467 = VERTEX_POINT('',#7468);
#7468 = CARTESIAN_POINT('',(328.,225.,16.));
#7469 = SURFACE_CURVE('',#7470,(#7475,#7482),.PCURVE_S1.);
#7470 = CIRCLE('',#7471,3.);
#7471 = AXIS2_PLACEMENT_3D('',#7472,#7473,#7474);
#7472 = CARTESIAN_POINT('',(325.,225.,16.));
#7473 = DIRECTION('',(0.,0.,-1.));
#7474 = DIRECTION('',(1.,0.,0.));
#7475 = PCURVE('',#2767,#7476);
#7476 = DEFINITIONAL_REPRESENTATION('',(#7477),#7481);
#7477 = LINE('',#7478,#7479);
#7478 = CARTESIAN_POINT('',(-6.28318530718,-1.));
#7479 = VECTOR('',#7480,1.);
#7480 = DIRECTION('',(1.,-0.));
#7481 = ( GEOMETRIC_REPRESENTATION_CONTEXT(2) 
PARAMETRIC_REPRESENTATION_CONTEXT() REPRESENTATION_CONTEXT('2D SPACE',''
  ) );
#7482 = PCURVE('',#7483,#7488);
#7483 = PLANE('',#7484);
#7484 = AXIS2_PLACEMENT_3D('',#7485,#7486,#7487);
#7485 = CARTESIAN_POINT('',(325.,225.,16.));
#7486 = DIRECTION('',(0.,0.,1.));
#7487 = DIRECTION('',(1.,0.,-0.));
#7488 = DEFINITIONAL_REPRESENTATION('',(#7489),#7497);
#7489 = ( BOUNDED_CURVE() B_SPLINE_CURVE(2,(#7490,#7491,#7492,#7493,
#7494,#7495,#7496),.UNSPECIFIED.,.T.,.F.) B_SPLINE_CURVE_WITH_KNOTS((1,2
    ,2,2,2,1),(-2.094395102393,0.,2.094395102393,4.188790204786,
6.28318530718,8.377580409573),.UNSPECIFIED.) CURVE() 
GEOMETRIC_REPRESENTATION_ITEM() RATIONAL_B_SPLINE_CURVE((1.,0.5,1.,0.5,
1.,0.5,1.)) REPRESENTATION_ITEM('') );
#7490 = CARTESIAN_POINT('',(3.,0.));
#7491 = CARTESIAN_POINT('',(3.,-5.196152422707));
#7492 = CARTESIAN_POINT('',(-1.5,-2.598076211353));
#7493 = CARTESIAN_POINT('',(-6.,-7.347880794884E-16));
#7494 = CARTESIAN_POINT('',(-1.5,2.598076211353));
#7495 = CARTESIAN_POINT('',(3.,5.196152422707));
#7496 = CARTESIAN_POINT('',(3.,0.));
#7497 = ( GEOMETRIC_REPRESENTATION_CONTEXT(2) 
PARAMETRIC_REPRESENTATION_CONTEXT() REPRESENTATION_CONTEXT('2D SPACE',''
  ) );
#7498 = ORIENTED_EDGE('',*,*,#7499,.T.);
#7499 = EDGE_CURVE('',#7467,#2747,#7500,.T.);
#7500 = SEAM_CURVE('',#7501,(#7505,#7512),.PCURVE_S1.);
#7501 = LINE('',#7502,#7503);
#7502 = CARTESIAN_POINT('',(328.,225.,15.));
#7503 = VECTOR('',#7504,1.);
#7504 = DIRECTION('',(0.,0.,1.));
#7505 = PCURVE('',#2767,#7506);
#7506 = DEFINITIONAL_REPRESENTATION('',(#7507),#7511);
#7507 = LINE('',#7508,#7509);
#7508 = CARTESIAN_POINT('',(-6.28318530718,0.));
#7509 = VECTOR('',#7510,1.);
#7510 = DIRECTION('',(-0.,-1.));
#7511 = ( GEOMETRIC_REPRESENTATION_CONTEXT(2) 
PARAMETRIC_REPRESENTATION_CONTEXT() REPRESENTATION_CONTEXT('2D SPACE',''
  ) );
#7512 = PCURVE('',#2767,#7513);
#7513 = DEFINITIONAL_REPRESENTATION('',(#7514),#7518);
#7514 = LINE('',#7515,#7516);
#7515 = CARTESIAN_POINT('',(-0.,0.));
#7516 = VECTOR('',#7517,1.);
#7517 = DIRECTION('',(-0.,-1.));
#7518 = ( GEOMETRIC_REPRESENTATION_CONTEXT(2) 
PARAMETRIC_REPRESENTATION_CONTEXT() REPRESENTATION_CONTEXT('2D SPACE',''
  ) );
#7519 = ORIENTED_EDGE('',*,*,#2746,.F.);
#7520 = ORIENTED_EDGE('',*,*,#7499,.F.);
#7521 = ADVANCED_FACE('',(#7522),#2802,.F.);
#7522 = FACE_BOUND('',#7523,.T.);
#7523 = EDGE_LOOP('',(#7524,#7557,#7578,#7579));
#7524 = ORIENTED_EDGE('',*,*,#7525,.T.);
#7525 = EDGE_CURVE('',#7526,#7526,#7528,.T.);
#7526 = VERTEX_POINT('',#7527);
#7527 = CARTESIAN_POINT('',(378.,175.,16.));
#7528 = SURFACE_CURVE('',#7529,(#7534,#7541),.PCURVE_S1.);
#7529 = CIRCLE('',#7530,3.);
#7530 = AXIS2_PLACEMENT_3D('',#7531,#7532,#7533);
#7531 = CARTESIAN_POINT('',(375.,175.,16.));
#7532 = DIRECTION('',(0.,0.,-1.));
#7533 = DIRECTION('',(1.,0.,0.));
#7534 = PCURVE('',#2802,#7535);
#7535 = DEFINITIONAL_REPRESENTATION('',(#7536),#7540);
#7536 = LINE('',#7537,#7538);
#7537 = CARTESIAN_POINT('',(-6.28318530718,-1.));
#7538 = VECTOR('',#7539,1.);
#7539 = DIRECTION('',(1.,-0.));
#7540 = ( GEOMETRIC_REPRESENTATION_CONTEXT(2) 
PARAMETRIC_REPRESENTATION_CONTEXT() REPRESENTATION_CONTEXT('2D SPACE',''
  ) );
#7541 = PCURVE('',#7542,#7547);
#7542 = PLANE('',#7543);
#7543 = AXIS2_PLACEMENT_3D('',#7544,#7545,#7546);
#7544 = CARTESIAN_POINT('',(375.,175.,16.));
#7545 = DIRECTION('',(0.,0.,1.));
#7546 = DIRECTION('',(1.,0.,-0.));
#7547 = DEFINITIONAL_REPRESENTATION('',(#7548),#7556);
#7548 = ( BOUNDED_CURVE() B_SPLINE_CURVE(2,(#7549,#7550,#7551,#7552,
#7553,#7554,#7555),.UNSPECIFIED.,.T.,.F.) B_SPLINE_CURVE_WITH_KNOTS((1,2
    ,2,2,2,1),(-2.094395102393,0.,2.094395102393,4.188790204786,
6.28318530718,8.377580409573),.UNSPECIFIED.) CURVE() 
GEOMETRIC_REPRESENTATION_ITEM() RATIONAL_B_SPLINE_CURVE((1.,0.5,1.,0.5,
1.,0.5,1.)) REPRESENTATION_ITEM('') );
#7549 = CARTESIAN_POINT('',(3.,0.));
#7550 = CARTESIAN_POINT('',(3.,-5.196152422707));
#7551 = CARTESIAN_POINT('',(-1.5,-2.598076211353));
#7552 = CARTESIAN_POINT('',(-6.,-7.347880794884E-16));
#7553 = CARTESIAN_POINT('',(-1.5,2.598076211353));
#7554 = CARTESIAN_POINT('',(3.,5.196152422707));
#7555 = CARTESIAN_POINT('',(3.,0.));
#7556 = ( GEOMETRIC_REPRESENTATION_CONTEXT(2) 
PARAMETRIC_REPRESENTATION_CONTEXT() REPRESENTATION_CONTEXT('2D SPACE',''
  ) );
#7557 = ORIENTED_EDGE('',*,*,#7558,.T.);
#7558 = EDGE_CURVE('',#7526,#2782,#7559,.T.);
#7559 = SEAM_CURVE('',#7560,(#7564,#7571),.PCURVE_S1.);
#7560 = LINE('',#7561,#7562);
#7561 = CARTESIAN_POINT('',(378.,175.,15.));
#7562 = VECTOR('',#7563,1.);
#7563 = DIRECTION('',(0.,0.,1.));
#7564 = PCURVE('',#2802,#7565);
#7565 = DEFINITIONAL_REPRESENTATION('',(#7566),#7570);
#7566 = LINE('',#7567,#7568);
#7567 = CARTESIAN_POINT('',(-6.28318530718,0.));
#7568 = VECTOR('',#7569,1.);
#7569 = DIRECTION('',(-0.,-1.));
#7570 = ( GEOMETRIC_REPRESENTATION_CONTEXT(2) 
PARAMETRIC_REPRESENTATION_CONTEXT() REPRESENTATION_CONTEXT('2D SPACE',''
  ) );
#7571 = PCURVE('',#2802,#7572);
#7572 = DEFINITIONAL_REPRESENTATION('',(#7573),#7577);
#7573 = LINE('',#7574,#7575);
#7574 = CARTESIAN_POINT('',(-0.,0.));
#7575 = VECTOR('',#7576,1.);
#7576 = DIRECTION('',(-0.,-1.));
#7577 = ( GEOMETRIC_REPRESENTATION_CONTEXT(2) 
PARAMETRIC_REPRESENTATION_CONTEXT() REPRESENTATION_CONTEXT('2D SPACE',''
  ) );
#7578 = ORIENTED_EDGE('',*,*,#2781,.F.);
#7579 = ORIENTED_EDGE('',*,*,#7558,.F.);
#7580 = ADVANCED_FACE('',(#7581),#2837,.F.);
#7581 = FACE_BOUND('',#7582,.T.);
#7582 = EDGE_LOOP('',(#7583,#7616,#7637,#7638));
#7583 = ORIENTED_EDGE('',*,*,#7584,.T.);
#7584 = EDGE_CURVE('',#7585,#7585,#7587,.T.);
#7585 = VERTEX_POINT('',#7586);
#7586 = CARTESIAN_POINT('',(428.,175.,16.));
#7587 = SURFACE_CURVE('',#7588,(#7593,#7600),.PCURVE_S1.);
#7588 = CIRCLE('',#7589,3.);
#7589 = AXIS2_PLACEMENT_3D('',#7590,#7591,#7592);
#7590 = CARTESIAN_POINT('',(425.,175.,16.));
#7591 = DIRECTION('',(0.,0.,-1.));
#7592 = DIRECTION('',(1.,0.,0.));
#7593 = PCURVE('',#2837,#7594);
#7594 = DEFINITIONAL_REPRESENTATION('',(#7595),#7599);
#7595 = LINE('',#7596,#7597);
#7596 = CARTESIAN_POINT('',(-6.28318530718,-1.));
#7597 = VECTOR('',#7598,1.);
#7598 = DIRECTION('',(1.,-0.));
#7599 = ( GEOMETRIC_REPRESENTATION_CONTEXT(2) 
PARAMETRIC_REPRESENTATION_CONTEXT() REPRESENTATION_CONTEXT('2D SPACE',''
  ) );
#7600 = PCURVE('',#7601,#7606);
#7601 = PLANE('',#7602);
#7602 = AXIS2_PLACEMENT_3D('',#7603,#7604,#7605);
#7603 = CARTESIAN_POINT('',(425.,175.,16.));
#7604 = DIRECTION('',(0.,0.,1.));
#7605 = DIRECTION('',(1.,0.,-0.));
#7606 = DEFINITIONAL_REPRESENTATION('',(#7607),#7615);
#7607 = ( BOUNDED_CURVE() B_SPLINE_CURVE(2,(#7608,#7609,#7610,#7611,
#7612,#7613,#7614),.UNSPECIFIED.,.T.,.F.) B_SPLINE_CURVE_WITH_KNOTS((1,2
    ,2,2,2,1),(-2.094395102393,0.,2.094395102393,4.188790204786,
6.28318530718,8.377580409573),.UNSPECIFIED.) CURVE() 
GEOMETRIC_REPRESENTATION_ITEM() RATIONAL_B_SPLINE_CURVE((1.,0.5,1.,0.5,
1.,0.5,1.)) REPRESENTATION_ITEM('') );
#7608 = CARTESIAN_POINT('',(3.,0.));
#7609 = CARTESIAN_POINT('',(3.,-5.196152422707));
#7610 = CARTESIAN_POINT('',(-1.5,-2.598076211353));
#7611 = CARTESIAN_POINT('',(-6.,-7.347880794884E-16));
#7612 = CARTESIAN_POINT('',(-1.5,2.598076211353));
#7613 = CARTESIAN_POINT('',(3.,5.196152422707));
#7614 = CARTESIAN_POINT('',(3.,0.));
#7615 = ( GEOMETRIC_REPRESENTATION_CONTEXT(2) 
PARAMETRIC_REPRESENTATION_CONTEXT() REPRESENTATION_CONTEXT('2D SPACE',''
  ) );
#7616 = ORIENTED_EDGE('',*,*,#7617,.T.);
#7617 = EDGE_CURVE('',#7585,#2817,#7618,.T.);
#7618 = SEAM_CURVE('',#7619,(#7623,#7630),.PCURVE_S1.);
#7619 = LINE('',#7620,#7621);
#7620 = CARTESIAN_POINT('',(428.,175.,15.));
#7621 = VECTOR('',#7622,1.);
#7622 = DIRECTION('',(0.,0.,1.));
#7623 = PCURVE('',#2837,#7624);
#7624 = DEFINITIONAL_REPRESENTATION('',(#7625),#7629);
#7625 = LINE('',#7626,#7627);
#7626 = CARTESIAN_POINT('',(-6.28318530718,0.));
#7627 = VECTOR('',#7628,1.);
#7628 = DIRECTION('',(-0.,-1.));
#7629 = ( GEOMETRIC_REPRESENTATION_CONTEXT(2) 
PARAMETRIC_REPRESENTATION_CONTEXT() REPRESENTATION_CONTEXT('2D SPACE',''
  ) );
#7630 = PCURVE('',#2837,#7631);
#7631 = DEFINITIONAL_REPRESENTATION('',(#7632),#7636);
#7632 = LINE('',#7633,#7634);
#7633 = CARTESIAN_POINT('',(-0.,0.));
#7634 = VECTOR('',#7635,1.);
#7635 = DIRECTION('',(-0.,-1.));
#7636 = ( GEOMETRIC_REPRESENTATION_CONTEXT(2) 
PARAMETRIC_REPRESENTATION_CONTEXT() REPRESENTATION_CONTEXT('2D SPACE',''
  ) );
#7637 = ORIENTED_EDGE('',*,*,#2816,.F.);
#7638 = ORIENTED_EDGE('',*,*,#7617,.F.);
#7639 = ADVANCED_FACE('',(#7640),#2872,.F.);
#7640 = FACE_BOUND('',#7641,.T.);
#7641 = EDGE_LOOP('',(#7642,#7675,#7696,#7697));
#7642 = ORIENTED_EDGE('',*,*,#7643,.T.);
#7643 = EDGE_CURVE('',#7644,#7644,#7646,.T.);
#7644 = VERTEX_POINT('',#7645);
#7645 = CARTESIAN_POINT('',(378.,225.,16.));
#7646 = SURFACE_CURVE('',#7647,(#7652,#7659),.PCURVE_S1.);
#7647 = CIRCLE('',#7648,3.);
#7648 = AXIS2_PLACEMENT_3D('',#7649,#7650,#7651);
#7649 = CARTESIAN_POINT('',(375.,225.,16.));
#7650 = DIRECTION('',(0.,0.,-1.));
#7651 = DIRECTION('',(1.,0.,0.));
#7652 = PCURVE('',#2872,#7653);
#7653 = DEFINITIONAL_REPRESENTATION('',(#7654),#7658);
#7654 = LINE('',#7655,#7656);
#7655 = CARTESIAN_POINT('',(-6.28318530718,-1.));
#7656 = VECTOR('',#7657,1.);
#7657 = DIRECTION('',(1.,-0.));
#7658 = ( GEOMETRIC_REPRESENTATION_CONTEXT(2) 
PARAMETRIC_REPRESENTATION_CONTEXT() REPRESENTATION_CONTEXT('2D SPACE',''
  ) );
#7659 = PCURVE('',#7660,#7665);
#7660 = PLANE('',#7661);
#7661 = AXIS2_PLACEMENT_3D('',#7662,#7663,#7664);
#7662 = CARTESIAN_POINT('',(375.,225.,16.));
#7663 = DIRECTION('',(0.,0.,1.));
#7664 = DIRECTION('',(1.,0.,-0.));
#7665 = DEFINITIONAL_REPRESENTATION('',(#7666),#7674);
#7666 = ( BOUNDED_CURVE() B_SPLINE_CURVE(2,(#7667,#7668,#7669,#7670,
#7671,#7672,#7673),.UNSPECIFIED.,.T.,.F.) B_SPLINE_CURVE_WITH_KNOTS((1,2
    ,2,2,2,1),(-2.094395102393,0.,2.094395102393,4.188790204786,
6.28318530718,8.377580409573),.UNSPECIFIED.) CURVE() 
GEOMETRIC_REPRESENTATION_ITEM() RATIONAL_B_SPLINE_CURVE((1.,0.5,1.,0.5,
1.,0.5,1.)) REPRESENTATION_ITEM('') );
#7667 = CARTESIAN_POINT('',(3.,0.));
#7668 = CARTESIAN_POINT('',(3.,-5.196152422707));
#7669 = CARTESIAN_POINT('',(-1.5,-2.598076211353));
#7670 = CARTESIAN_POINT('',(-6.,-7.347880794884E-16));
#7671 = CARTESIAN_POINT('',(-1.5,2.598076211353));
#7672 = CARTESIAN_POINT('',(3.,5.196152422707));
#7673 = CARTESIAN_POINT('',(3.,0.));
#7674 = ( GEOMETRIC_REPRESENTATION_CONTEXT(2) 
PARAMETRIC_REPRESENTATION_CONTEXT() REPRESENTATION_CONTEXT('2D SPACE',''
  ) );
#7675 = ORIENTED_EDGE('',*,*,#7676,.T.);
#7676 = EDGE_CURVE('',#7644,#2852,#7677,.T.);
#7677 = SEAM_CURVE('',#7678,(#7682,#7689),.PCURVE_S1.);
#7678 = LINE('',#7679,#7680);
#7679 = CARTESIAN_POINT('',(378.,225.,15.));
#7680 = VECTOR('',#7681,1.);
#7681 = DIRECTION('',(0.,0.,1.));
#7682 = PCURVE('',#2872,#7683);
#7683 = DEFINITIONAL_REPRESENTATION('',(#7684),#7688);
#7684 = LINE('',#7685,#7686);
#7685 = CARTESIAN_POINT('',(-6.28318530718,0.));
#7686 = VECTOR('',#7687,1.);
#7687 = DIRECTION('',(-0.,-1.));
#7688 = ( GEOMETRIC_REPRESENTATION_CONTEXT(2) 
PARAMETRIC_REPRESENTATION_CONTEXT() REPRESENTATION_CONTEXT('2D SPACE',''
  ) );
#7689 = PCURVE('',#2872,#7690);
#7690 = DEFINITIONAL_REPRESENTATION('',(#7691),#7695);
#7691 = LINE('',#7692,#7693);
#7692 = CARTESIAN_POINT('',(-0.,0.));
#7693 = VECTOR('',#7694,1.);
#7694 = DIRECTION('',(-0.,-1.));
#7695 = ( GEOMETRIC_REPRESENTATION_CONTEXT(2) 
PARAMETRIC_REPRESENTATION_CONTEXT() REPRESENTATION_CONTEXT('2D SPACE',''
  ) );
#7696 = ORIENTED_EDGE('',*,*,#2851,.F.);
#7697 = ORIENTED_EDGE('',*,*,#7676,.F.);
#7698 = ADVANCED_FACE('',(#7699),#2907,.F.);
#7699 = FACE_BOUND('',#7700,.T.);
#7700 = EDGE_LOOP('',(#7701,#7734,#7755,#7756));
#7701 = ORIENTED_EDGE('',*,*,#7702,.T.);
#7702 = EDGE_CURVE('',#7703,#7703,#7705,.T.);
#7703 = VERTEX_POINT('',#7704);
#7704 = CARTESIAN_POINT('',(428.,225.,16.));
#7705 = SURFACE_CURVE('',#7706,(#7711,#7718),.PCURVE_S1.);
#7706 = CIRCLE('',#7707,3.);
#7707 = AXIS2_PLACEMENT_3D('',#7708,#7709,#7710);
#7708 = CARTESIAN_POINT('',(425.,225.,16.));
#7709 = DIRECTION('',(0.,0.,-1.));
#7710 = DIRECTION('',(1.,0.,0.));
#7711 = PCURVE('',#2907,#7712);
#7712 = DEFINITIONAL_REPRESENTATION('',(#7713),#7717);
#7713 = LINE('',#7714,#7715);
#7714 = CARTESIAN_POINT('',(-6.28318530718,-1.));
#7715 = VECTOR('',#7716,1.);
#7716 = DIRECTION('',(1.,-0.));
#7717 = ( GEOMETRIC_REPRESENTATION_CONTEXT(2) 
PARAMETRIC_REPRESENTATION_CONTEXT() REPRESENTATION_CONTEXT('2D SPACE',''
  ) );
#7718 = PCURVE('',#7719,#7724);
#7719 = PLANE('',#7720);
#7720 = AXIS2_PLACEMENT_3D('',#7721,#7722,#7723);
#7721 = CARTESIAN_POINT('',(425.,225.,16.));
#7722 = DIRECTION('',(0.,0.,1.));
#7723 = DIRECTION('',(1.,0.,-0.));
#7724 = DEFINITIONAL_REPRESENTATION('',(#7725),#7733);
#7725 = ( BOUNDED_CURVE() B_SPLINE_CURVE(2,(#7726,#7727,#7728,#7729,
#7730,#7731,#7732),.UNSPECIFIED.,.T.,.F.) B_SPLINE_CURVE_WITH_KNOTS((1,2
    ,2,2,2,1),(-2.094395102393,0.,2.094395102393,4.188790204786,
6.28318530718,8.377580409573),.UNSPECIFIED.) CURVE() 
GEOMETRIC_REPRESENTATION_ITEM() RATIONAL_B_SPLINE_CURVE((1.,0.5,1.,0.5,
1.,0.5,1.)) REPRESENTATION_ITEM('') );
#7726 = CARTESIAN_POINT('',(3.,0.));
#7727 = CARTESIAN_POINT('',(3.,-5.196152422707));
#7728 = CARTESIAN_POINT('',(-1.5,-2.598076211353));
#7729 = CARTESIAN_POINT('',(-6.,-7.347880794884E-16));
#7730 = CARTESIAN_POINT('',(-1.5,2.598076211353));
#7731 = CARTESIAN_POINT('',(3.,5.196152422707));
#7732 = CARTESIAN_POINT('',(3.,0.));
#7733 = ( GEOMETRIC_REPRESENTATION_CONTEXT(2) 
PARAMETRIC_REPRESENTATION_CONTEXT() REPRESENTATION_CONTEXT('2D SPACE',''
  ) );
#7734 = ORIENTED_EDGE('',*,*,#7735,.T.);
#7735 = EDGE_CURVE('',#7703,#2887,#7736,.T.);
#7736 = SEAM_CURVE('',#7737,(#7741,#7748),.PCURVE_S1.);
#7737 = LINE('',#7738,#7739);
#7738 = CARTESIAN_POINT('',(428.,225.,15.));
#7739 = VECTOR('',#7740,1.);
#7740 = DIRECTION('',(0.,0.,1.));
#7741 = PCURVE('',#2907,#7742);
#7742 = DEFINITIONAL_REPRESENTATION('',(#7743),#7747);
#7743 = LINE('',#7744,#7745);
#7744 = CARTESIAN_POINT('',(-6.28318530718,0.));
#7745 = VECTOR('',#7746,1.);
#7746 = DIRECTION('',(-0.,-1.));
#7747 = ( GEOMETRIC_REPRESENTATION_CONTEXT(2) 
PARAMETRIC_REPRESENTATION_CONTEXT() REPRESENTATION_CONTEXT('2D SPACE',''
  ) );
#7748 = PCURVE('',#2907,#7749);
#7749 = DEFINITIONAL_REPRESENTATION('',(#7750),#7754);
#7750 = LINE('',#7751,#7752);
#7751 = CARTESIAN_POINT('',(-0.,0.));
#7752 = VECTOR('',#7753,1.);
#7753 = DIRECTION('',(-0.,-1.));
#7754 = ( GEOMETRIC_REPRESENTATION_CONTEXT(2) 
PARAMETRIC_REPRESENTATION_CONTEXT() REPRESENTATION_CONTEXT('2D SPACE',''
  ) );
#7755 = ORIENTED_EDGE('',*,*,#2886,.F.);
#7756 = ORIENTED_EDGE('',*,*,#7735,.F.);
#7757 = ADVANCED_FACE('',(#7758),#2942,.F.);
#7758 = FACE_BOUND('',#7759,.T.);
#7759 = EDGE_LOOP('',(#7760,#7793,#7814,#7815));
#7760 = ORIENTED_EDGE('',*,*,#7761,.T.);
#7761 = EDGE_CURVE('',#7762,#7762,#7764,.T.);
#7762 = VERTEX_POINT('',#7763);
#7763 = CARTESIAN_POINT('',(228.,275.,16.));
#7764 = SURFACE_CURVE('',#7765,(#7770,#7777),.PCURVE_S1.);
#7765 = CIRCLE('',#7766,3.);
#7766 = AXIS2_PLACEMENT_3D('',#7767,#7768,#7769);
#7767 = CARTESIAN_POINT('',(225.,275.,16.));
#7768 = DIRECTION('',(0.,0.,-1.));
#7769 = DIRECTION('',(1.,0.,0.));
#7770 = PCURVE('',#2942,#7771);
#7771 = DEFINITIONAL_REPRESENTATION('',(#7772),#7776);
#7772 = LINE('',#7773,#7774);
#7773 = CARTESIAN_POINT('',(-6.28318530718,-1.));
#7774 = VECTOR('',#7775,1.);
#7775 = DIRECTION('',(1.,-0.));
#7776 = ( GEOMETRIC_REPRESENTATION_CONTEXT(2) 
PARAMETRIC_REPRESENTATION_CONTEXT() REPRESENTATION_CONTEXT('2D SPACE',''
  ) );
#7777 = PCURVE('',#7778,#7783);
#7778 = PLANE('',#7779);
#7779 = AXIS2_PLACEMENT_3D('',#7780,#7781,#7782);
#7780 = CARTESIAN_POINT('',(225.,275.,16.));
#7781 = DIRECTION('',(0.,0.,1.));
#7782 = DIRECTION('',(1.,0.,-0.));
#7783 = DEFINITIONAL_REPRESENTATION('',(#7784),#7792);
#7784 = ( BOUNDED_CURVE() B_SPLINE_CURVE(2,(#7785,#7786,#7787,#7788,
#7789,#7790,#7791),.UNSPECIFIED.,.T.,.F.) B_SPLINE_CURVE_WITH_KNOTS((1,2
    ,2,2,2,1),(-2.094395102393,0.,2.094395102393,4.188790204786,
6.28318530718,8.377580409573),.UNSPECIFIED.) CURVE() 
GEOMETRIC_REPRESENTATION_ITEM() RATIONAL_B_SPLINE_CURVE((1.,0.5,1.,0.5,
1.,0.5,1.)) REPRESENTATION_ITEM('') );
#7785 = CARTESIAN_POINT('',(3.,0.));
#7786 = CARTESIAN_POINT('',(3.,-5.196152422707));
#7787 = CARTESIAN_POINT('',(-1.5,-2.598076211353));
#7788 = CARTESIAN_POINT('',(-6.,-7.347880794884E-16));
#7789 = CARTESIAN_POINT('',(-1.5,2.598076211353));
#7790 = CARTESIAN_POINT('',(3.,5.196152422707));
#7791 = CARTESIAN_POINT('',(3.,0.));
#7792 = ( GEOMETRIC_REPRESENTATION_CONTEXT(2) 
PARAMETRIC_REPRESENTATION_CONTEXT() REPRESENTATION_CONTEXT('2D SPACE',''
  ) );
#7793 = ORIENTED_EDGE('',*,*,#7794,.T.);
#7794 = EDGE_CURVE('',#7762,#2922,#7795,.T.);
#7795 = SEAM_CURVE('',#7796,(#7800,#7807),.PCURVE_S1.);
#7796 = LINE('',#7797,#7798);
#7797 = CARTESIAN_POINT('',(228.,275.,15.));
#7798 = VECTOR('',#7799,1.);
#7799 = DIRECTION('',(0.,0.,1.));
#7800 = PCURVE('',#2942,#7801);
#7801 = DEFINITIONAL_REPRESENTATION('',(#7802),#7806);
#7802 = LINE('',#7803,#7804);
#7803 = CARTESIAN_POINT('',(-6.28318530718,0.));
#7804 = VECTOR('',#7805,1.);
#7805 = DIRECTION('',(-0.,-1.));
#7806 = ( GEOMETRIC_REPRESENTATION_CONTEXT(2) 
PARAMETRIC_REPRESENTATION_CONTEXT() REPRESENTATION_CONTEXT('2D SPACE',''
  ) );
#7807 = PCURVE('',#2942,#7808);
#7808 = DEFINITIONAL_REPRESENTATION('',(#7809),#7813);
#7809 = LINE('',#7810,#7811);
#7810 = CARTESIAN_POINT('',(-0.,0.));
#7811 = VECTOR('',#7812,1.);
#7812 = DIRECTION('',(-0.,-1.));
#7813 = ( GEOMETRIC_REPRESENTATION_CONTEXT(2) 
PARAMETRIC_REPRESENTATION_CONTEXT() REPRESENTATION_CONTEXT('2D SPACE',''
  ) );
#7814 = ORIENTED_EDGE('',*,*,#2921,.F.);
#7815 = ORIENTED_EDGE('',*,*,#7794,.F.);
#7816 = ADVANCED_FACE('',(#7817),#2977,.F.);
#7817 = FACE_BOUND('',#7818,.T.);
#7818 = EDGE_LOOP('',(#7819,#7852,#7873,#7874));
#7819 = ORIENTED_EDGE('',*,*,#7820,.T.);
#7820 = EDGE_CURVE('',#7821,#7821,#7823,.T.);
#7821 = VERTEX_POINT('',#7822);
#7822 = CARTESIAN_POINT('',(278.,275.,16.));
#7823 = SURFACE_CURVE('',#7824,(#7829,#7836),.PCURVE_S1.);
#7824 = CIRCLE('',#7825,3.);
#7825 = AXIS2_PLACEMENT_3D('',#7826,#7827,#7828);
#7826 = CARTESIAN_POINT('',(275.,275.,16.));
#7827 = DIRECTION('',(0.,0.,-1.));
#7828 = DIRECTION('',(1.,0.,0.));
#7829 = PCURVE('',#2977,#7830);
#7830 = DEFINITIONAL_REPRESENTATION('',(#7831),#7835);
#7831 = LINE('',#7832,#7833);
#7832 = CARTESIAN_POINT('',(-6.28318530718,-1.));
#7833 = VECTOR('',#7834,1.);
#7834 = DIRECTION('',(1.,-0.));
#7835 = ( GEOMETRIC_REPRESENTATION_CONTEXT(2) 
PARAMETRIC_REPRESENTATION_CONTEXT() REPRESENTATION_CONTEXT('2D SPACE',''
  ) );
#7836 = PCURVE('',#7837,#7842);
#7837 = PLANE('',#7838);
#7838 = AXIS2_PLACEMENT_3D('',#7839,#7840,#7841);
#7839 = CARTESIAN_POINT('',(275.,275.,16.));
#7840 = DIRECTION('',(0.,0.,1.));
#7841 = DIRECTION('',(1.,0.,-0.));
#7842 = DEFINITIONAL_REPRESENTATION('',(#7843),#7851);
#7843 = ( BOUNDED_CURVE() B_SPLINE_CURVE(2,(#7844,#7845,#7846,#7847,
#7848,#7849,#7850),.UNSPECIFIED.,.T.,.F.) B_SPLINE_CURVE_WITH_KNOTS((1,2
    ,2,2,2,1),(-2.094395102393,0.,2.094395102393,4.188790204786,
6.28318530718,8.377580409573),.UNSPECIFIED.) CURVE() 
GEOMETRIC_REPRESENTATION_ITEM() RATIONAL_B_SPLINE_CURVE((1.,0.5,1.,0.5,
1.,0.5,1.)) REPRESENTATION_ITEM('') );
#7844 = CARTESIAN_POINT('',(3.,0.));
#7845 = CARTESIAN_POINT('',(3.,-5.196152422707));
#7846 = CARTESIAN_POINT('',(-1.5,-2.598076211353));
#7847 = CARTESIAN_POINT('',(-6.,-7.347880794884E-16));
#7848 = CARTESIAN_POINT('',(-1.5,2.598076211353));
#7849 = CARTESIAN_POINT('',(3.,5.196152422707));
#7850 = CARTESIAN_POINT('',(3.,0.));
#7851 = ( GEOMETRIC_REPRESENTATION_CONTEXT(2) 
PARAMETRIC_REPRESENTATION_CONTEXT() REPRESENTATION_CONTEXT('2D SPACE',''
  ) );
#7852 = ORIENTED_EDGE('',*,*,#7853,.T.);
#7853 = EDGE_CURVE('',#7821,#2957,#7854,.T.);
#7854 = SEAM_CURVE('',#7855,(#7859,#7866),.PCURVE_S1.);
#7855 = LINE('',#7856,#7857);
#7856 = CARTESIAN_POINT('',(278.,275.,15.));
#7857 = VECTOR('',#7858,1.);
#7858 = DIRECTION('',(0.,0.,1.));
#7859 = PCURVE('',#2977,#7860);
#7860 = DEFINITIONAL_REPRESENTATION('',(#7861),#7865);
#7861 = LINE('',#7862,#7863);
#7862 = CARTESIAN_POINT('',(-6.28318530718,0.));
#7863 = VECTOR('',#7864,1.);
#7864 = DIRECTION('',(-0.,-1.));
#7865 = ( GEOMETRIC_REPRESENTATION_CONTEXT(2) 
PARAMETRIC_REPRESENTATION_CONTEXT() REPRESENTATION_CONTEXT('2D SPACE',''
  ) );
#7866 = PCURVE('',#2977,#7867);
#7867 = DEFINITIONAL_REPRESENTATION('',(#7868),#7872);
#7868 = LINE('',#7869,#7870);
#7869 = CARTESIAN_POINT('',(-0.,0.));
#7870 = VECTOR('',#7871,1.);
#7871 = DIRECTION('',(-0.,-1.));
#7872 = ( GEOMETRIC_REPRESENTATION_CONTEXT(2) 
PARAMETRIC_REPRESENTATION_CONTEXT() REPRESENTATION_CONTEXT('2D SPACE',''
  ) );
#7873 = ORIENTED_EDGE('',*,*,#2956,.F.);
#7874 = ORIENTED_EDGE('',*,*,#7853,.F.);
#7875 = ADVANCED_FACE('',(#7876),#3012,.F.);
#7876 = FACE_BOUND('',#7877,.T.);
#7877 = EDGE_LOOP('',(#7878,#7911,#7932,#7933));
#7878 = ORIENTED_EDGE('',*,*,#7879,.T.);
#7879 = EDGE_CURVE('',#7880,#7880,#7882,.T.);
#7880 = VERTEX_POINT('',#7881);
#7881 = CARTESIAN_POINT('',(328.,275.,16.));
#7882 = SURFACE_CURVE('',#7883,(#7888,#7895),.PCURVE_S1.);
#7883 = CIRCLE('',#7884,3.);
#7884 = AXIS2_PLACEMENT_3D('',#7885,#7886,#7887);
#7885 = CARTESIAN_POINT('',(325.,275.,16.));
#7886 = DIRECTION('',(0.,0.,-1.));
#7887 = DIRECTION('',(1.,0.,0.));
#7888 = PCURVE('',#3012,#7889);
#7889 = DEFINITIONAL_REPRESENTATION('',(#7890),#7894);
#7890 = LINE('',#7891,#7892);
#7891 = CARTESIAN_POINT('',(-6.28318530718,-1.));
#7892 = VECTOR('',#7893,1.);
#7893 = DIRECTION('',(1.,-0.));
#7894 = ( GEOMETRIC_REPRESENTATION_CONTEXT(2) 
PARAMETRIC_REPRESENTATION_CONTEXT() REPRESENTATION_CONTEXT('2D SPACE',''
  ) );
#7895 = PCURVE('',#7896,#7901);
#7896 = PLANE('',#7897);
#7897 = AXIS2_PLACEMENT_3D('',#7898,#7899,#7900);
#7898 = CARTESIAN_POINT('',(325.,275.,16.));
#7899 = DIRECTION('',(0.,0.,1.));
#7900 = DIRECTION('',(1.,0.,-0.));
#7901 = DEFINITIONAL_REPRESENTATION('',(#7902),#7910);
#7902 = ( BOUNDED_CURVE() B_SPLINE_CURVE(2,(#7903,#7904,#7905,#7906,
#7907,#7908,#7909),.UNSPECIFIED.,.T.,.F.) B_SPLINE_CURVE_WITH_KNOTS((1,2
    ,2,2,2,1),(-2.094395102393,0.,2.094395102393,4.188790204786,
6.28318530718,8.377580409573),.UNSPECIFIED.) CURVE() 
GEOMETRIC_REPRESENTATION_ITEM() RATIONAL_B_SPLINE_CURVE((1.,0.5,1.,0.5,
1.,0.5,1.)) REPRESENTATION_ITEM('') );
#7903 = CARTESIAN_POINT('',(3.,0.));
#7904 = CARTESIAN_POINT('',(3.,-5.196152422707));
#7905 = CARTESIAN_POINT('',(-1.5,-2.598076211353));
#7906 = CARTESIAN_POINT('',(-6.,-7.347880794884E-16));
#7907 = CARTESIAN_POINT('',(-1.5,2.598076211353));
#7908 = CARTESIAN_POINT('',(3.,5.196152422707));
#7909 = CARTESIAN_POINT('',(3.,0.));
#7910 = ( GEOMETRIC_REPRESENTATION_CONTEXT(2) 
PARAMETRIC_REPRESENTATION_CONTEXT() REPRESENTATION_CONTEXT('2D SPACE',''
  ) );
#7911 = ORIENTED_EDGE('',*,*,#7912,.T.);
#7912 = EDGE_CURVE('',#7880,#2992,#7913,.T.);
#7913 = SEAM_CURVE('',#7914,(#7918,#7925),.PCURVE_S1.);
#7914 = LINE('',#7915,#7916);
#7915 = CARTESIAN_POINT('',(328.,275.,15.));
#7916 = VECTOR('',#7917,1.);
#7917 = DIRECTION('',(0.,0.,1.));
#7918 = PCURVE('',#3012,#7919);
#7919 = DEFINITIONAL_REPRESENTATION('',(#7920),#7924);
#7920 = LINE('',#7921,#7922);
#7921 = CARTESIAN_POINT('',(-6.28318530718,0.));
#7922 = VECTOR('',#7923,1.);
#7923 = DIRECTION('',(-0.,-1.));
#7924 = ( GEOMETRIC_REPRESENTATION_CONTEXT(2) 
PARAMETRIC_REPRESENTATION_CONTEXT() REPRESENTATION_CONTEXT('2D SPACE',''
  ) );
#7925 = PCURVE('',#3012,#7926);
#7926 = DEFINITIONAL_REPRESENTATION('',(#7927),#7931);
#7927 = LINE('',#7928,#7929);
#7928 = CARTESIAN_POINT('',(-0.,0.));
#7929 = VECTOR('',#7930,1.);
#7930 = DIRECTION('',(-0.,-1.));
#7931 = ( GEOMETRIC_REPRESENTATION_CONTEXT(2) 
PARAMETRIC_REPRESENTATION_CONTEXT() REPRESENTATION_CONTEXT('2D SPACE',''
  ) );
#7932 = ORIENTED_EDGE('',*,*,#2991,.F.);
#7933 = ORIENTED_EDGE('',*,*,#7912,.F.);
#7934 = ADVANCED_FACE('',(#7935),#3047,.F.);
#7935 = FACE_BOUND('',#7936,.T.);
#7936 = EDGE_LOOP('',(#7937,#7970,#7991,#7992));
#7937 = ORIENTED_EDGE('',*,*,#7938,.T.);
#7938 = EDGE_CURVE('',#7939,#7939,#7941,.T.);
#7939 = VERTEX_POINT('',#7940);
#7940 = CARTESIAN_POINT('',(228.,325.,16.));
#7941 = SURFACE_CURVE('',#7942,(#7947,#7954),.PCURVE_S1.);
#7942 = CIRCLE('',#7943,3.);
#7943 = AXIS2_PLACEMENT_3D('',#7944,#7945,#7946);
#7944 = CARTESIAN_POINT('',(225.,325.,16.));
#7945 = DIRECTION('',(0.,0.,-1.));
#7946 = DIRECTION('',(1.,0.,0.));
#7947 = PCURVE('',#3047,#7948);
#7948 = DEFINITIONAL_REPRESENTATION('',(#7949),#7953);
#7949 = LINE('',#7950,#7951);
#7950 = CARTESIAN_POINT('',(-6.28318530718,-1.));
#7951 = VECTOR('',#7952,1.);
#7952 = DIRECTION('',(1.,-0.));
#7953 = ( GEOMETRIC_REPRESENTATION_CONTEXT(2) 
PARAMETRIC_REPRESENTATION_CONTEXT() REPRESENTATION_CONTEXT('2D SPACE',''
  ) );
#7954 = PCURVE('',#7955,#7960);
#7955 = PLANE('',#7956);
#7956 = AXIS2_PLACEMENT_3D('',#7957,#7958,#7959);
#7957 = CARTESIAN_POINT('',(225.,325.,16.));
#7958 = DIRECTION('',(0.,0.,1.));
#7959 = DIRECTION('',(1.,0.,-0.));
#7960 = DEFINITIONAL_REPRESENTATION('',(#7961),#7969);
#7961 = ( BOUNDED_CURVE() B_SPLINE_CURVE(2,(#7962,#7963,#7964,#7965,
#7966,#7967,#7968),.UNSPECIFIED.,.T.,.F.) B_SPLINE_CURVE_WITH_KNOTS((1,2
    ,2,2,2,1),(-2.094395102393,0.,2.094395102393,4.188790204786,
6.28318530718,8.377580409573),.UNSPECIFIED.) CURVE() 
GEOMETRIC_REPRESENTATION_ITEM() RATIONAL_B_SPLINE_CURVE((1.,0.5,1.,0.5,
1.,0.5,1.)) REPRESENTATION_ITEM('') );
#7962 = CARTESIAN_POINT('',(3.,0.));
#7963 = CARTESIAN_POINT('',(3.,-5.196152422707));
#7964 = CARTESIAN_POINT('',(-1.5,-2.598076211353));
#7965 = CARTESIAN_POINT('',(-6.,-7.347880794884E-16));
#7966 = CARTESIAN_POINT('',(-1.5,2.598076211353));
#7967 = CARTESIAN_POINT('',(3.,5.196152422707));
#7968 = CARTESIAN_POINT('',(3.,0.));
#7969 = ( GEOMETRIC_REPRESENTATION_CONTEXT(2) 
PARAMETRIC_REPRESENTATION_CONTEXT() REPRESENTATION_CONTEXT('2D SPACE',''
  ) );
#7970 = ORIENTED_EDGE('',*,*,#7971,.T.);
#7971 = EDGE_CURVE('',#7939,#3027,#7972,.T.);
#7972 = SEAM_CURVE('',#7973,(#7977,#7984),.PCURVE_S1.);
#7973 = LINE('',#7974,#7975);
#7974 = CARTESIAN_POINT('',(228.,325.,15.));
#7975 = VECTOR('',#7976,1.);
#7976 = DIRECTION('',(0.,0.,1.));
#7977 = PCURVE('',#3047,#7978);
#7978 = DEFINITIONAL_REPRESENTATION('',(#7979),#7983);
#7979 = LINE('',#7980,#7981);
#7980 = CARTESIAN_POINT('',(-6.28318530718,0.));
#7981 = VECTOR('',#7982,1.);
#7982 = DIRECTION('',(-0.,-1.));
#7983 = ( GEOMETRIC_REPRESENTATION_CONTEXT(2) 
PARAMETRIC_REPRESENTATION_CONTEXT() REPRESENTATION_CONTEXT('2D SPACE',''
  ) );
#7984 = PCURVE('',#3047,#7985);
#7985 = DEFINITIONAL_REPRESENTATION('',(#7986),#7990);
#7986 = LINE('',#7987,#7988);
#7987 = CARTESIAN_POINT('',(-0.,0.));
#7988 = VECTOR('',#7989,1.);
#7989 = DIRECTION('',(-0.,-1.));
#7990 = ( GEOMETRIC_REPRESENTATION_CONTEXT(2) 
PARAMETRIC_REPRESENTATION_CONTEXT() REPRESENTATION_CONTEXT('2D SPACE',''
  ) );
#7991 = ORIENTED_EDGE('',*,*,#3026,.F.);
#7992 = ORIENTED_EDGE('',*,*,#7971,.F.);
#7993 = ADVANCED_FACE('',(#7994),#3082,.F.);
#7994 = FACE_BOUND('',#7995,.T.);
#7995 = EDGE_LOOP('',(#7996,#8029,#8050,#8051));
#7996 = ORIENTED_EDGE('',*,*,#7997,.T.);
#7997 = EDGE_CURVE('',#7998,#7998,#8000,.T.);
#7998 = VERTEX_POINT('',#7999);
#7999 = CARTESIAN_POINT('',(278.,325.,16.));
#8000 = SURFACE_CURVE('',#8001,(#8006,#8013),.PCURVE_S1.);
#8001 = CIRCLE('',#8002,3.);
#8002 = AXIS2_PLACEMENT_3D('',#8003,#8004,#8005);
#8003 = CARTESIAN_POINT('',(275.,325.,16.));
#8004 = DIRECTION('',(0.,0.,-1.));
#8005 = DIRECTION('',(1.,0.,0.));
#8006 = PCURVE('',#3082,#8007);
#8007 = DEFINITIONAL_REPRESENTATION('',(#8008),#8012);
#8008 = LINE('',#8009,#8010);
#8009 = CARTESIAN_POINT('',(-6.28318530718,-1.));
#8010 = VECTOR('',#8011,1.);
#8011 = DIRECTION('',(1.,-0.));
#8012 = ( GEOMETRIC_REPRESENTATION_CONTEXT(2) 
PARAMETRIC_REPRESENTATION_CONTEXT() REPRESENTATION_CONTEXT('2D SPACE',''
  ) );
#8013 = PCURVE('',#8014,#8019);
#8014 = PLANE('',#8015);
#8015 = AXIS2_PLACEMENT_3D('',#8016,#8017,#8018);
#8016 = CARTESIAN_POINT('',(275.,325.,16.));
#8017 = DIRECTION('',(0.,0.,1.));
#8018 = DIRECTION('',(1.,0.,-0.));
#8019 = DEFINITIONAL_REPRESENTATION('',(#8020),#8028);
#8020 = ( BOUNDED_CURVE() B_SPLINE_CURVE(2,(#8021,#8022,#8023,#8024,
#8025,#8026,#8027),.UNSPECIFIED.,.T.,.F.) B_SPLINE_CURVE_WITH_KNOTS((1,2
    ,2,2,2,1),(-2.094395102393,0.,2.094395102393,4.188790204786,
6.28318530718,8.377580409573),.UNSPECIFIED.) CURVE() 
GEOMETRIC_REPRESENTATION_ITEM() RATIONAL_B_SPLINE_CURVE((1.,0.5,1.,0.5,
1.,0.5,1.)) REPRESENTATION_ITEM('') );
#8021 = CARTESIAN_POINT('',(3.,0.));
#8022 = CARTESIAN_POINT('',(3.,-5.196152422707));
#8023 = CARTESIAN_POINT('',(-1.5,-2.598076211353));
#8024 = CARTESIAN_POINT('',(-6.,-7.347880794884E-16));
#8025 = CARTESIAN_POINT('',(-1.5,2.598076211353));
#8026 = CARTESIAN_POINT('',(3.,5.196152422707));
#8027 = CARTESIAN_POINT('',(3.,0.));
#8028 = ( GEOMETRIC_REPRESENTATION_CONTEXT(2) 
PARAMETRIC_REPRESENTATION_CONTEXT() REPRESENTATION_CONTEXT('2D SPACE',''
  ) );
#8029 = ORIENTED_EDGE('',*,*,#8030,.T.);
#8030 = EDGE_CURVE('',#7998,#3062,#8031,.T.);
#8031 = SEAM_CURVE('',#8032,(#8036,#8043),.PCURVE_S1.);
#8032 = LINE('',#8033,#8034);
#8033 = CARTESIAN_POINT('',(278.,325.,15.));
#8034 = VECTOR('',#8035,1.);
#8035 = DIRECTION('',(0.,0.,1.));
#8036 = PCURVE('',#3082,#8037);
#8037 = DEFINITIONAL_REPRESENTATION('',(#8038),#8042);
#8038 = LINE('',#8039,#8040);
#8039 = CARTESIAN_POINT('',(-6.28318530718,0.));
#8040 = VECTOR('',#8041,1.);
#8041 = DIRECTION('',(-0.,-1.));
#8042 = ( GEOMETRIC_REPRESENTATION_CONTEXT(2) 
PARAMETRIC_REPRESENTATION_CONTEXT() REPRESENTATION_CONTEXT('2D SPACE',''
  ) );
#8043 = PCURVE('',#3082,#8044);
#8044 = DEFINITIONAL_REPRESENTATION('',(#8045),#8049);
#8045 = LINE('',#8046,#8047);
#8046 = CARTESIAN_POINT('',(-0.,0.));
#8047 = VECTOR('',#8048,1.);
#8048 = DIRECTION('',(-0.,-1.));
#8049 = ( GEOMETRIC_REPRESENTATION_CONTEXT(2) 
PARAMETRIC_REPRESENTATION_CONTEXT() REPRESENTATION_CONTEXT('2D SPACE',''
  ) );
#8050 = ORIENTED_EDGE('',*,*,#3061,.F.);
#8051 = ORIENTED_EDGE('',*,*,#8030,.F.);
#8052 = ADVANCED_FACE('',(#8053),#3117,.F.);
#8053 = FACE_BOUND('',#8054,.T.);
#8054 = EDGE_LOOP('',(#8055,#8088,#8109,#8110));
#8055 = ORIENTED_EDGE('',*,*,#8056,.T.);
#8056 = EDGE_CURVE('',#8057,#8057,#8059,.T.);
#8057 = VERTEX_POINT('',#8058);
#8058 = CARTESIAN_POINT('',(328.,325.,16.));
#8059 = SURFACE_CURVE('',#8060,(#8065,#8072),.PCURVE_S1.);
#8060 = CIRCLE('',#8061,3.);
#8061 = AXIS2_PLACEMENT_3D('',#8062,#8063,#8064);
#8062 = CARTESIAN_POINT('',(325.,325.,16.));
#8063 = DIRECTION('',(0.,0.,-1.));
#8064 = DIRECTION('',(1.,0.,0.));
#8065 = PCURVE('',#3117,#8066);
#8066 = DEFINITIONAL_REPRESENTATION('',(#8067),#8071);
#8067 = LINE('',#8068,#8069);
#8068 = CARTESIAN_POINT('',(-6.28318530718,-1.));
#8069 = VECTOR('',#8070,1.);
#8070 = DIRECTION('',(1.,-0.));
#8071 = ( GEOMETRIC_REPRESENTATION_CONTEXT(2) 
PARAMETRIC_REPRESENTATION_CONTEXT() REPRESENTATION_CONTEXT('2D SPACE',''
  ) );
#8072 = PCURVE('',#8073,#8078);
#8073 = PLANE('',#8074);
#8074 = AXIS2_PLACEMENT_3D('',#8075,#8076,#8077);
#8075 = CARTESIAN_POINT('',(325.,325.,16.));
#8076 = DIRECTION('',(0.,0.,1.));
#8077 = DIRECTION('',(1.,0.,-0.));
#8078 = DEFINITIONAL_REPRESENTATION('',(#8079),#8087);
#8079 = ( BOUNDED_CURVE() B_SPLINE_CURVE(2,(#8080,#8081,#8082,#8083,
#8084,#8085,#8086),.UNSPECIFIED.,.T.,.F.) B_SPLINE_CURVE_WITH_KNOTS((1,2
    ,2,2,2,1),(-2.094395102393,0.,2.094395102393,4.188790204786,
6.28318530718,8.377580409573),.UNSPECIFIED.) CURVE() 
GEOMETRIC_REPRESENTATION_ITEM() RATIONAL_B_SPLINE_CURVE((1.,0.5,1.,0.5,
1.,0.5,1.)) REPRESENTATION_ITEM('') );
#8080 = CARTESIAN_POINT('',(3.,0.));
#8081 = CARTESIAN_POINT('',(3.,-5.196152422707));
#8082 = CARTESIAN_POINT('',(-1.5,-2.598076211353));
#8083 = CARTESIAN_POINT('',(-6.,-7.347880794884E-16));
#8084 = CARTESIAN_POINT('',(-1.5,2.598076211353));
#8085 = CARTESIAN_POINT('',(3.,5.196152422707));
#8086 = CARTESIAN_POINT('',(3.,0.));
#8087 = ( GEOMETRIC_REPRESENTATION_CONTEXT(2) 
PARAMETRIC_REPRESENTATION_CONTEXT() REPRESENTATION_CONTEXT('2D SPACE',''
  ) );
#8088 = ORIENTED_EDGE('',*,*,#8089,.T.);
#8089 = EDGE_CURVE('',#8057,#3097,#8090,.T.);
#8090 = SEAM_CURVE('',#8091,(#8095,#8102),.PCURVE_S1.);
#8091 = LINE('',#8092,#8093);
#8092 = CARTESIAN_POINT('',(328.,325.,15.));
#8093 = VECTOR('',#8094,1.);
#8094 = DIRECTION('',(0.,0.,1.));
#8095 = PCURVE('',#3117,#8096);
#8096 = DEFINITIONAL_REPRESENTATION('',(#8097),#8101);
#8097 = LINE('',#8098,#8099);
#8098 = CARTESIAN_POINT('',(-6.28318530718,0.));
#8099 = VECTOR('',#8100,1.);
#8100 = DIRECTION('',(-0.,-1.));
#8101 = ( GEOMETRIC_REPRESENTATION_CONTEXT(2) 
PARAMETRIC_REPRESENTATION_CONTEXT() REPRESENTATION_CONTEXT('2D SPACE',''
  ) );
#8102 = PCURVE('',#3117,#8103);
#8103 = DEFINITIONAL_REPRESENTATION('',(#8104),#8108);
#8104 = LINE('',#8105,#8106);
#8105 = CARTESIAN_POINT('',(-0.,0.));
#8106 = VECTOR('',#8107,1.);
#8107 = DIRECTION('',(-0.,-1.));
#8108 = ( GEOMETRIC_REPRESENTATION_CONTEXT(2) 
PARAMETRIC_REPRESENTATION_CONTEXT() REPRESENTATION_CONTEXT('2D SPACE',''
  ) );
#8109 = ORIENTED_EDGE('',*,*,#3096,.F.);
#8110 = ORIENTED_EDGE('',*,*,#8089,.F.);
#8111 = ADVANCED_FACE('',(#8112),#3148,.F.);
#8112 = FACE_BOUND('',#8113,.F.);
#8113 = EDGE_LOOP('',(#8114,#8115,#8138,#8165));
#8114 = ORIENTED_EDGE('',*,*,#3131,.F.);
#8115 = ORIENTED_EDGE('',*,*,#8116,.F.);
#8116 = EDGE_CURVE('',#8117,#3132,#8119,.T.);
#8117 = VERTEX_POINT('',#8118);
#8118 = CARTESIAN_POINT('',(365.75,262.5,22.5));
#8119 = SEAM_CURVE('',#8120,(#8124,#8131),.PCURVE_S1.);
#8120 = LINE('',#8121,#8122);
#8121 = CARTESIAN_POINT('',(365.75,262.5,22.5));
#8122 = VECTOR('',#8123,1.);
#8123 = DIRECTION('',(0.,0.,1.));
#8124 = PCURVE('',#3148,#8125);
#8125 = DEFINITIONAL_REPRESENTATION('',(#8126),#8130);
#8126 = LINE('',#8127,#8128);
#8127 = CARTESIAN_POINT('',(6.28318530718,-0.));
#8128 = VECTOR('',#8129,1.);
#8129 = DIRECTION('',(0.,1.));
#8130 = ( GEOMETRIC_REPRESENTATION_CONTEXT(2) 
PARAMETRIC_REPRESENTATION_CONTEXT() REPRESENTATION_CONTEXT('2D SPACE',''
  ) );
#8131 = PCURVE('',#3148,#8132);
#8132 = DEFINITIONAL_REPRESENTATION('',(#8133),#8137);
#8133 = LINE('',#8134,#8135);
#8134 = CARTESIAN_POINT('',(0.,-0.));
#8135 = VECTOR('',#8136,1.);
#8136 = DIRECTION('',(0.,1.));
#8137 = ( GEOMETRIC_REPRESENTATION_CONTEXT(2) 
PARAMETRIC_REPRESENTATION_CONTEXT() REPRESENTATION_CONTEXT('2D SPACE',''
  ) );
#8138 = ORIENTED_EDGE('',*,*,#8139,.T.);
#8139 = EDGE_CURVE('',#8117,#8117,#8140,.T.);
#8140 = SURFACE_CURVE('',#8141,(#8146,#8153),.PCURVE_S1.);
#8141 = CIRCLE('',#8142,3.25);
#8142 = AXIS2_PLACEMENT_3D('',#8143,#8144,#8145);
#8143 = CARTESIAN_POINT('',(362.5,262.5,22.5));
#8144 = DIRECTION('',(0.,0.,1.));
#8145 = DIRECTION('',(1.,0.,-0.));
#8146 = PCURVE('',#3148,#8147);
#8147 = DEFINITIONAL_REPRESENTATION('',(#8148),#8152);
#8148 = LINE('',#8149,#8150);
#8149 = CARTESIAN_POINT('',(0.,0.));
#8150 = VECTOR('',#8151,1.);
#8151 = DIRECTION('',(1.,0.));
#8152 = ( GEOMETRIC_REPRESENTATION_CONTEXT(2) 
PARAMETRIC_REPRESENTATION_CONTEXT() REPRESENTATION_CONTEXT('2D SPACE',''
  ) );
#8153 = PCURVE('',#8154,#8159);
#8154 = PLANE('',#8155);
#8155 = AXIS2_PLACEMENT_3D('',#8156,#8157,#8158);
#8156 = CARTESIAN_POINT('',(362.5,262.5,22.5));
#8157 = DIRECTION('',(0.,0.,1.));
#8158 = DIRECTION('',(1.,0.,-0.));
#8159 = DEFINITIONAL_REPRESENTATION('',(#8160),#8164);
#8160 = CIRCLE('',#8161,3.25);
#8161 = AXIS2_PLACEMENT_2D('',#8162,#8163);
#8162 = CARTESIAN_POINT('',(0.,0.));
#8163 = DIRECTION('',(1.,0.));
#8164 = ( GEOMETRIC_REPRESENTATION_CONTEXT(2) 
PARAMETRIC_REPRESENTATION_CONTEXT() REPRESENTATION_CONTEXT('2D SPACE',''
  ) );
#8165 = ORIENTED_EDGE('',*,*,#8116,.T.);
#8166 = ADVANCED_FACE('',(#8167),#3183,.F.);
#8167 = FACE_BOUND('',#8168,.T.);
#8168 = EDGE_LOOP('',(#8169,#8202,#8223,#8224));
#8169 = ORIENTED_EDGE('',*,*,#8170,.T.);
#8170 = EDGE_CURVE('',#8171,#8171,#8173,.T.);
#8171 = VERTEX_POINT('',#8172);
#8172 = CARTESIAN_POINT('',(378.,275.,16.));
#8173 = SURFACE_CURVE('',#8174,(#8179,#8186),.PCURVE_S1.);
#8174 = CIRCLE('',#8175,3.);
#8175 = AXIS2_PLACEMENT_3D('',#8176,#8177,#8178);
#8176 = CARTESIAN_POINT('',(375.,275.,16.));
#8177 = DIRECTION('',(0.,0.,-1.));
#8178 = DIRECTION('',(1.,0.,0.));
#8179 = PCURVE('',#3183,#8180);
#8180 = DEFINITIONAL_REPRESENTATION('',(#8181),#8185);
#8181 = LINE('',#8182,#8183);
#8182 = CARTESIAN_POINT('',(-6.28318530718,-1.));
#8183 = VECTOR('',#8184,1.);
#8184 = DIRECTION('',(1.,-0.));
#8185 = ( GEOMETRIC_REPRESENTATION_CONTEXT(2) 
PARAMETRIC_REPRESENTATION_CONTEXT() REPRESENTATION_CONTEXT('2D SPACE',''
  ) );
#8186 = PCURVE('',#8187,#8192);
#8187 = PLANE('',#8188);
#8188 = AXIS2_PLACEMENT_3D('',#8189,#8190,#8191);
#8189 = CARTESIAN_POINT('',(355.,242.,16.));
#8190 = DIRECTION('',(0.,0.,1.));
#8191 = DIRECTION('',(1.,0.,0.));
#8192 = DEFINITIONAL_REPRESENTATION('',(#8193),#8201);
#8193 = ( BOUNDED_CURVE() B_SPLINE_CURVE(2,(#8194,#8195,#8196,#8197,
#8198,#8199,#8200),.UNSPECIFIED.,.T.,.F.) B_SPLINE_CURVE_WITH_KNOTS((1,2
    ,2,2,2,1),(-2.094395102393,0.,2.094395102393,4.188790204786,
6.28318530718,8.377580409573),.UNSPECIFIED.) CURVE() 
GEOMETRIC_REPRESENTATION_ITEM() RATIONAL_B_SPLINE_CURVE((1.,0.5,1.,0.5,
1.,0.5,1.)) REPRESENTATION_ITEM('') );
#8194 = CARTESIAN_POINT('',(23.,33.));
#8195 = CARTESIAN_POINT('',(23.,27.803847577293));
#8196 = CARTESIAN_POINT('',(18.5,30.401923788647));
#8197 = CARTESIAN_POINT('',(14.,33.));
#8198 = CARTESIAN_POINT('',(18.5,35.598076211353));
#8199 = CARTESIAN_POINT('',(23.,38.196152422707));
#8200 = CARTESIAN_POINT('',(23.,33.));
#8201 = ( GEOMETRIC_REPRESENTATION_CONTEXT(2) 
PARAMETRIC_REPRESENTATION_CONTEXT() REPRESENTATION_CONTEXT('2D SPACE',''
  ) );
#8202 = ORIENTED_EDGE('',*,*,#8203,.T.);
#8203 = EDGE_CURVE('',#8171,#3163,#8204,.T.);
#8204 = SEAM_CURVE('',#8205,(#8209,#8216),.PCURVE_S1.);
#8205 = LINE('',#8206,#8207);
#8206 = CARTESIAN_POINT('',(378.,275.,15.));
#8207 = VECTOR('',#8208,1.);
#8208 = DIRECTION('',(0.,0.,1.));
#8209 = PCURVE('',#3183,#8210);
#8210 = DEFINITIONAL_REPRESENTATION('',(#8211),#8215);
#8211 = LINE('',#8212,#8213);
#8212 = CARTESIAN_POINT('',(-6.28318530718,0.));
#8213 = VECTOR('',#8214,1.);
#8214 = DIRECTION('',(-0.,-1.));
#8215 = ( GEOMETRIC_REPRESENTATION_CONTEXT(2) 
PARAMETRIC_REPRESENTATION_CONTEXT() REPRESENTATION_CONTEXT('2D SPACE',''
  ) );
#8216 = PCURVE('',#3183,#8217);
#8217 = DEFINITIONAL_REPRESENTATION('',(#8218),#8222);
#8218 = LINE('',#8219,#8220);
#8219 = CARTESIAN_POINT('',(-0.,0.));
#8220 = VECTOR('',#8221,1.);
#8221 = DIRECTION('',(-0.,-1.));
#8222 = ( GEOMETRIC_REPRESENTATION_CONTEXT(2) 
PARAMETRIC_REPRESENTATION_CONTEXT() REPRESENTATION_CONTEXT('2D SPACE',''
  ) );
#8223 = ORIENTED_EDGE('',*,*,#3162,.F.);
#8224 = ORIENTED_EDGE('',*,*,#8203,.F.);
#8225 = ADVANCED_FACE('',(#8226),#3214,.F.);
#8226 = FACE_BOUND('',#8227,.F.);
#8227 = EDGE_LOOP('',(#8228,#8229,#8252,#8279));
#8228 = ORIENTED_EDGE('',*,*,#3197,.F.);
#8229 = ORIENTED_EDGE('',*,*,#8230,.F.);
#8230 = EDGE_CURVE('',#8231,#3198,#8233,.T.);
#8231 = VERTEX_POINT('',#8232);
#8232 = CARTESIAN_POINT('',(365.75,287.5,22.5));
#8233 = SEAM_CURVE('',#8234,(#8238,#8245),.PCURVE_S1.);
#8234 = LINE('',#8235,#8236);
#8235 = CARTESIAN_POINT('',(365.75,287.5,22.5));
#8236 = VECTOR('',#8237,1.);
#8237 = DIRECTION('',(0.,0.,1.));
#8238 = PCURVE('',#3214,#8239);
#8239 = DEFINITIONAL_REPRESENTATION('',(#8240),#8244);
#8240 = LINE('',#8241,#8242);
#8241 = CARTESIAN_POINT('',(6.28318530718,-0.));
#8242 = VECTOR('',#8243,1.);
#8243 = DIRECTION('',(0.,1.));
#8244 = ( GEOMETRIC_REPRESENTATION_CONTEXT(2) 
PARAMETRIC_REPRESENTATION_CONTEXT() REPRESENTATION_CONTEXT('2D SPACE',''
  ) );
#8245 = PCURVE('',#3214,#8246);
#8246 = DEFINITIONAL_REPRESENTATION('',(#8247),#8251);
#8247 = LINE('',#8248,#8249);
#8248 = CARTESIAN_POINT('',(0.,-0.));
#8249 = VECTOR('',#8250,1.);
#8250 = DIRECTION('',(0.,1.));
#8251 = ( GEOMETRIC_REPRESENTATION_CONTEXT(2) 
PARAMETRIC_REPRESENTATION_CONTEXT() REPRESENTATION_CONTEXT('2D SPACE',''
  ) );
#8252 = ORIENTED_EDGE('',*,*,#8253,.T.);
#8253 = EDGE_CURVE('',#8231,#8231,#8254,.T.);
#8254 = SURFACE_CURVE('',#8255,(#8260,#8267),.PCURVE_S1.);
#8255 = CIRCLE('',#8256,3.25);
#8256 = AXIS2_PLACEMENT_3D('',#8257,#8258,#8259);
#8257 = CARTESIAN_POINT('',(362.5,287.5,22.5));
#8258 = DIRECTION('',(0.,0.,1.));
#8259 = DIRECTION('',(1.,0.,-0.));
#8260 = PCURVE('',#3214,#8261);
#8261 = DEFINITIONAL_REPRESENTATION('',(#8262),#8266);
#8262 = LINE('',#8263,#8264);
#8263 = CARTESIAN_POINT('',(0.,0.));
#8264 = VECTOR('',#8265,1.);
#8265 = DIRECTION('',(1.,0.));
#8266 = ( GEOMETRIC_REPRESENTATION_CONTEXT(2) 
PARAMETRIC_REPRESENTATION_CONTEXT() REPRESENTATION_CONTEXT('2D SPACE',''
  ) );
#8267 = PCURVE('',#8268,#8273);
#8268 = PLANE('',#8269);
#8269 = AXIS2_PLACEMENT_3D('',#8270,#8271,#8272);
#8270 = CARTESIAN_POINT('',(362.5,287.5,22.5));
#8271 = DIRECTION('',(0.,0.,1.));
#8272 = DIRECTION('',(1.,0.,-0.));
#8273 = DEFINITIONAL_REPRESENTATION('',(#8274),#8278);
#8274 = CIRCLE('',#8275,3.25);
#8275 = AXIS2_PLACEMENT_2D('',#8276,#8277);
#8276 = CARTESIAN_POINT('',(0.,0.));
#8277 = DIRECTION('',(1.,0.));
#8278 = ( GEOMETRIC_REPRESENTATION_CONTEXT(2) 
PARAMETRIC_REPRESENTATION_CONTEXT() REPRESENTATION_CONTEXT('2D SPACE',''
  ) );
#8279 = ORIENTED_EDGE('',*,*,#8230,.T.);
#8280 = ADVANCED_FACE('',(#8281),#3245,.F.);
#8281 = FACE_BOUND('',#8282,.F.);
#8282 = EDGE_LOOP('',(#8283,#8284,#8307,#8334));
#8283 = ORIENTED_EDGE('',*,*,#3228,.F.);
#8284 = ORIENTED_EDGE('',*,*,#8285,.F.);
#8285 = EDGE_CURVE('',#8286,#3229,#8288,.T.);
#8286 = VERTEX_POINT('',#8287);
#8287 = CARTESIAN_POINT('',(390.75,262.5,22.5));
#8288 = SEAM_CURVE('',#8289,(#8293,#8300),.PCURVE_S1.);
#8289 = LINE('',#8290,#8291);
#8290 = CARTESIAN_POINT('',(390.75,262.5,22.5));
#8291 = VECTOR('',#8292,1.);
#8292 = DIRECTION('',(0.,0.,1.));
#8293 = PCURVE('',#3245,#8294);
#8294 = DEFINITIONAL_REPRESENTATION('',(#8295),#8299);
#8295 = LINE('',#8296,#8297);
#8296 = CARTESIAN_POINT('',(6.28318530718,-0.));
#8297 = VECTOR('',#8298,1.);
#8298 = DIRECTION('',(0.,1.));
#8299 = ( GEOMETRIC_REPRESENTATION_CONTEXT(2) 
PARAMETRIC_REPRESENTATION_CONTEXT() REPRESENTATION_CONTEXT('2D SPACE',''
  ) );
#8300 = PCURVE('',#3245,#8301);
#8301 = DEFINITIONAL_REPRESENTATION('',(#8302),#8306);
#8302 = LINE('',#8303,#8304);
#8303 = CARTESIAN_POINT('',(0.,-0.));
#8304 = VECTOR('',#8305,1.);
#8305 = DIRECTION('',(0.,1.));
#8306 = ( GEOMETRIC_REPRESENTATION_CONTEXT(2) 
PARAMETRIC_REPRESENTATION_CONTEXT() REPRESENTATION_CONTEXT('2D SPACE',''
  ) );
#8307 = ORIENTED_EDGE('',*,*,#8308,.T.);
#8308 = EDGE_CURVE('',#8286,#8286,#8309,.T.);
#8309 = SURFACE_CURVE('',#8310,(#8315,#8322),.PCURVE_S1.);
#8310 = CIRCLE('',#8311,3.25);
#8311 = AXIS2_PLACEMENT_3D('',#8312,#8313,#8314);
#8312 = CARTESIAN_POINT('',(387.5,262.5,22.5));
#8313 = DIRECTION('',(0.,0.,1.));
#8314 = DIRECTION('',(1.,0.,-0.));
#8315 = PCURVE('',#3245,#8316);
#8316 = DEFINITIONAL_REPRESENTATION('',(#8317),#8321);
#8317 = LINE('',#8318,#8319);
#8318 = CARTESIAN_POINT('',(0.,0.));
#8319 = VECTOR('',#8320,1.);
#8320 = DIRECTION('',(1.,0.));
#8321 = ( GEOMETRIC_REPRESENTATION_CONTEXT(2) 
PARAMETRIC_REPRESENTATION_CONTEXT() REPRESENTATION_CONTEXT('2D SPACE',''
  ) );
#8322 = PCURVE('',#8323,#8328);
#8323 = PLANE('',#8324);
#8324 = AXIS2_PLACEMENT_3D('',#8325,#8326,#8327);
#8325 = CARTESIAN_POINT('',(387.5,262.5,22.5));
#8326 = DIRECTION('',(0.,0.,1.));
#8327 = DIRECTION('',(1.,0.,-0.));
#8328 = DEFINITIONAL_REPRESENTATION('',(#8329),#8333);
#8329 = CIRCLE('',#8330,3.25);
#8330 = AXIS2_PLACEMENT_2D('',#8331,#8332);
#8331 = CARTESIAN_POINT('',(0.,0.));
#8332 = DIRECTION('',(1.,0.));
#8333 = ( GEOMETRIC_REPRESENTATION_CONTEXT(2) 
PARAMETRIC_REPRESENTATION_CONTEXT() REPRESENTATION_CONTEXT('2D SPACE',''
  ) );
#8334 = ORIENTED_EDGE('',*,*,#8285,.T.);
#8335 = ADVANCED_FACE('',(#8336),#3276,.F.);
#8336 = FACE_BOUND('',#8337,.F.);
#8337 = EDGE_LOOP('',(#8338,#8339,#8362,#8389));
#8338 = ORIENTED_EDGE('',*,*,#3259,.F.);
#8339 = ORIENTED_EDGE('',*,*,#8340,.F.);
#8340 = EDGE_CURVE('',#8341,#3260,#8343,.T.);
#8341 = VERTEX_POINT('',#8342);
#8342 = CARTESIAN_POINT('',(390.75,287.5,22.5));
#8343 = SEAM_CURVE('',#8344,(#8348,#8355),.PCURVE_S1.);
#8344 = LINE('',#8345,#8346);
#8345 = CARTESIAN_POINT('',(390.75,287.5,22.5));
#8346 = VECTOR('',#8347,1.);
#8347 = DIRECTION('',(0.,0.,1.));
#8348 = PCURVE('',#3276,#8349);
#8349 = DEFINITIONAL_REPRESENTATION('',(#8350),#8354);
#8350 = LINE('',#8351,#8352);
#8351 = CARTESIAN_POINT('',(6.28318530718,-0.));
#8352 = VECTOR('',#8353,1.);
#8353 = DIRECTION('',(0.,1.));
#8354 = ( GEOMETRIC_REPRESENTATION_CONTEXT(2) 
PARAMETRIC_REPRESENTATION_CONTEXT() REPRESENTATION_CONTEXT('2D SPACE',''
  ) );
#8355 = PCURVE('',#3276,#8356);
#8356 = DEFINITIONAL_REPRESENTATION('',(#8357),#8361);
#8357 = LINE('',#8358,#8359);
#8358 = CARTESIAN_POINT('',(0.,-0.));
#8359 = VECTOR('',#8360,1.);
#8360 = DIRECTION('',(0.,1.));
#8361 = ( GEOMETRIC_REPRESENTATION_CONTEXT(2) 
PARAMETRIC_REPRESENTATION_CONTEXT() REPRESENTATION_CONTEXT('2D SPACE',''
  ) );
#8362 = ORIENTED_EDGE('',*,*,#8363,.T.);
#8363 = EDGE_CURVE('',#8341,#8341,#8364,.T.);
#8364 = SURFACE_CURVE('',#8365,(#8370,#8377),.PCURVE_S1.);
#8365 = CIRCLE('',#8366,3.25);
#8366 = AXIS2_PLACEMENT_3D('',#8367,#8368,#8369);
#8367 = CARTESIAN_POINT('',(387.5,287.5,22.5));
#8368 = DIRECTION('',(0.,0.,1.));
#8369 = DIRECTION('',(1.,0.,-0.));
#8370 = PCURVE('',#3276,#8371);
#8371 = DEFINITIONAL_REPRESENTATION('',(#8372),#8376);
#8372 = LINE('',#8373,#8374);
#8373 = CARTESIAN_POINT('',(0.,0.));
#8374 = VECTOR('',#8375,1.);
#8375 = DIRECTION('',(1.,0.));
#8376 = ( GEOMETRIC_REPRESENTATION_CONTEXT(2) 
PARAMETRIC_REPRESENTATION_CONTEXT() REPRESENTATION_CONTEXT('2D SPACE',''
  ) );
#8377 = PCURVE('',#8378,#8383);
#8378 = PLANE('',#8379);
#8379 = AXIS2_PLACEMENT_3D('',#8380,#8381,#8382);
#8380 = CARTESIAN_POINT('',(387.5,287.5,22.5));
#8381 = DIRECTION('',(0.,0.,1.));
#8382 = DIRECTION('',(1.,0.,-0.));
#8383 = DEFINITIONAL_REPRESENTATION('',(#8384),#8388);
#8384 = CIRCLE('',#8385,3.25);
#8385 = AXIS2_PLACEMENT_2D('',#8386,#8387);
#8386 = CARTESIAN_POINT('',(0.,0.));
#8387 = DIRECTION('',(1.,0.));
#8388 = ( GEOMETRIC_REPRESENTATION_CONTEXT(2) 
PARAMETRIC_REPRESENTATION_CONTEXT() REPRESENTATION_CONTEXT('2D SPACE',''
  ) );
#8389 = ORIENTED_EDGE('',*,*,#8340,.T.);
#8390 = ADVANCED_FACE('',(#8391),#3311,.F.);
#8391 = FACE_BOUND('',#8392,.T.);
#8392 = EDGE_LOOP('',(#8393,#8426,#8447,#8448));
#8393 = ORIENTED_EDGE('',*,*,#8394,.T.);
#8394 = EDGE_CURVE('',#8395,#8395,#8397,.T.);
#8395 = VERTEX_POINT('',#8396);
#8396 = CARTESIAN_POINT('',(428.,275.,16.));
#8397 = SURFACE_CURVE('',#8398,(#8403,#8410),.PCURVE_S1.);
#8398 = CIRCLE('',#8399,3.);
#8399 = AXIS2_PLACEMENT_3D('',#8400,#8401,#8402);
#8400 = CARTESIAN_POINT('',(425.,275.,16.));
#8401 = DIRECTION('',(0.,0.,-1.));
#8402 = DIRECTION('',(1.,0.,0.));
#8403 = PCURVE('',#3311,#8404);
#8404 = DEFINITIONAL_REPRESENTATION('',(#8405),#8409);
#8405 = LINE('',#8406,#8407);
#8406 = CARTESIAN_POINT('',(-6.28318530718,-1.));
#8407 = VECTOR('',#8408,1.);
#8408 = DIRECTION('',(1.,-0.));
#8409 = ( GEOMETRIC_REPRESENTATION_CONTEXT(2) 
PARAMETRIC_REPRESENTATION_CONTEXT() REPRESENTATION_CONTEXT('2D SPACE',''
  ) );
#8410 = PCURVE('',#8411,#8416);
#8411 = PLANE('',#8412);
#8412 = AXIS2_PLACEMENT_3D('',#8413,#8414,#8415);
#8413 = CARTESIAN_POINT('',(425.,275.,16.));
#8414 = DIRECTION('',(0.,0.,1.));
#8415 = DIRECTION('',(1.,0.,-0.));
#8416 = DEFINITIONAL_REPRESENTATION('',(#8417),#8425);
#8417 = ( BOUNDED_CURVE() B_SPLINE_CURVE(2,(#8418,#8419,#8420,#8421,
#8422,#8423,#8424),.UNSPECIFIED.,.T.,.F.) B_SPLINE_CURVE_WITH_KNOTS((1,2
    ,2,2,2,1),(-2.094395102393,0.,2.094395102393,4.188790204786,
6.28318530718,8.377580409573),.UNSPECIFIED.) CURVE() 
GEOMETRIC_REPRESENTATION_ITEM() RATIONAL_B_SPLINE_CURVE((1.,0.5,1.,0.5,
1.,0.5,1.)) REPRESENTATION_ITEM('') );
#8418 = CARTESIAN_POINT('',(3.,0.));
#8419 = CARTESIAN_POINT('',(3.,-5.196152422707));
#8420 = CARTESIAN_POINT('',(-1.5,-2.598076211353));
#8421 = CARTESIAN_POINT('',(-6.,-7.347880794884E-16));
#8422 = CARTESIAN_POINT('',(-1.5,2.598076211353));
#8423 = CARTESIAN_POINT('',(3.,5.196152422707));
#8424 = CARTESIAN_POINT('',(3.,0.));
#8425 = ( GEOMETRIC_REPRESENTATION_CONTEXT(2) 
PARAMETRIC_REPRESENTATION_CONTEXT() REPRESENTATION_CONTEXT('2D SPACE',''
  ) );
#8426 = ORIENTED_EDGE('',*,*,#8427,.T.);
#8427 = EDGE_CURVE('',#8395,#3291,#8428,.T.);
#8428 = SEAM_CURVE('',#8429,(#8433,#8440),.PCURVE_S1.);
#8429 = LINE('',#8430,#8431);
#8430 = CARTESIAN_POINT('',(428.,275.,15.));
#8431 = VECTOR('',#8432,1.);
#8432 = DIRECTION('',(0.,0.,1.));
#8433 = PCURVE('',#3311,#8434);
#8434 = DEFINITIONAL_REPRESENTATION('',(#8435),#8439);
#8435 = LINE('',#8436,#8437);
#8436 = CARTESIAN_POINT('',(-6.28318530718,0.));
#8437 = VECTOR('',#8438,1.);
#8438 = DIRECTION('',(-0.,-1.));
#8439 = ( GEOMETRIC_REPRESENTATION_CONTEXT(2) 
PARAMETRIC_REPRESENTATION_CONTEXT() REPRESENTATION_CONTEXT('2D SPACE',''
  ) );
#8440 = PCURVE('',#3311,#8441);
#8441 = DEFINITIONAL_REPRESENTATION('',(#8442),#8446);
#8442 = LINE('',#8443,#8444);
#8443 = CARTESIAN_POINT('',(-0.,0.));
#8444 = VECTOR('',#8445,1.);
#8445 = DIRECTION('',(-0.,-1.));
#8446 = ( GEOMETRIC_REPRESENTATION_CONTEXT(2) 
PARAMETRIC_REPRESENTATION_CONTEXT() REPRESENTATION_CONTEXT('2D SPACE',''
  ) );
#8447 = ORIENTED_EDGE('',*,*,#3290,.F.);
#8448 = ORIENTED_EDGE('',*,*,#8427,.F.);
#8449 = ADVANCED_FACE('',(#8450),#3346,.F.);
#8450 = FACE_BOUND('',#8451,.T.);
#8451 = EDGE_LOOP('',(#8452,#8485,#8506,#8507));
#8452 = ORIENTED_EDGE('',*,*,#8453,.T.);
#8453 = EDGE_CURVE('',#8454,#8454,#8456,.T.);
#8454 = VERTEX_POINT('',#8455);
#8455 = CARTESIAN_POINT('',(378.,325.,16.));
#8456 = SURFACE_CURVE('',#8457,(#8462,#8469),.PCURVE_S1.);
#8457 = CIRCLE('',#8458,3.);
#8458 = AXIS2_PLACEMENT_3D('',#8459,#8460,#8461);
#8459 = CARTESIAN_POINT('',(375.,325.,16.));
#8460 = DIRECTION('',(0.,0.,-1.));
#8461 = DIRECTION('',(1.,0.,0.));
#8462 = PCURVE('',#3346,#8463);
#8463 = DEFINITIONAL_REPRESENTATION('',(#8464),#8468);
#8464 = LINE('',#8465,#8466);
#8465 = CARTESIAN_POINT('',(-6.28318530718,-1.));
#8466 = VECTOR('',#8467,1.);
#8467 = DIRECTION('',(1.,-0.));
#8468 = ( GEOMETRIC_REPRESENTATION_CONTEXT(2) 
PARAMETRIC_REPRESENTATION_CONTEXT() REPRESENTATION_CONTEXT('2D SPACE',''
  ) );
#8469 = PCURVE('',#8470,#8475);
#8470 = PLANE('',#8471);
#8471 = AXIS2_PLACEMENT_3D('',#8472,#8473,#8474);
#8472 = CARTESIAN_POINT('',(375.,325.,16.));
#8473 = DIRECTION('',(0.,0.,1.));
#8474 = DIRECTION('',(1.,0.,-0.));
#8475 = DEFINITIONAL_REPRESENTATION('',(#8476),#8484);
#8476 = ( BOUNDED_CURVE() B_SPLINE_CURVE(2,(#8477,#8478,#8479,#8480,
#8481,#8482,#8483),.UNSPECIFIED.,.T.,.F.) B_SPLINE_CURVE_WITH_KNOTS((1,2
    ,2,2,2,1),(-2.094395102393,0.,2.094395102393,4.188790204786,
6.28318530718,8.377580409573),.UNSPECIFIED.) CURVE() 
GEOMETRIC_REPRESENTATION_ITEM() RATIONAL_B_SPLINE_CURVE((1.,0.5,1.,0.5,
1.,0.5,1.)) REPRESENTATION_ITEM('') );
#8477 = CARTESIAN_POINT('',(3.,0.));
#8478 = CARTESIAN_POINT('',(3.,-5.196152422707));
#8479 = CARTESIAN_POINT('',(-1.5,-2.598076211353));
#8480 = CARTESIAN_POINT('',(-6.,-7.347880794884E-16));
#8481 = CARTESIAN_POINT('',(-1.5,2.598076211353));
#8482 = CARTESIAN_POINT('',(3.,5.196152422707));
#8483 = CARTESIAN_POINT('',(3.,0.));
#8484 = ( GEOMETRIC_REPRESENTATION_CONTEXT(2) 
PARAMETRIC_REPRESENTATION_CONTEXT() REPRESENTATION_CONTEXT('2D SPACE',''
  ) );
#8485 = ORIENTED_EDGE('',*,*,#8486,.T.);
#8486 = EDGE_CURVE('',#8454,#3326,#8487,.T.);
#8487 = SEAM_CURVE('',#8488,(#8492,#8499),.PCURVE_S1.);
#8488 = LINE('',#8489,#8490);
#8489 = CARTESIAN_POINT('',(378.,325.,15.));
#8490 = VECTOR('',#8491,1.);
#8491 = DIRECTION('',(0.,0.,1.));
#8492 = PCURVE('',#3346,#8493);
#8493 = DEFINITIONAL_REPRESENTATION('',(#8494),#8498);
#8494 = LINE('',#8495,#8496);
#8495 = CARTESIAN_POINT('',(-6.28318530718,0.));
#8496 = VECTOR('',#8497,1.);
#8497 = DIRECTION('',(-0.,-1.));
#8498 = ( GEOMETRIC_REPRESENTATION_CONTEXT(2) 
PARAMETRIC_REPRESENTATION_CONTEXT() REPRESENTATION_CONTEXT('2D SPACE',''
  ) );
#8499 = PCURVE('',#3346,#8500);
#8500 = DEFINITIONAL_REPRESENTATION('',(#8501),#8505);
#8501 = LINE('',#8502,#8503);
#8502 = CARTESIAN_POINT('',(-0.,0.));
#8503 = VECTOR('',#8504,1.);
#8504 = DIRECTION('',(-0.,-1.));
#8505 = ( GEOMETRIC_REPRESENTATION_CONTEXT(2) 
PARAMETRIC_REPRESENTATION_CONTEXT() REPRESENTATION_CONTEXT('2D SPACE',''
  ) );
#8506 = ORIENTED_EDGE('',*,*,#3325,.F.);
#8507 = ORIENTED_EDGE('',*,*,#8486,.F.);
#8508 = ADVANCED_FACE('',(#8509),#3381,.F.);
#8509 = FACE_BOUND('',#8510,.T.);
#8510 = EDGE_LOOP('',(#8511,#8544,#8565,#8566));
#8511 = ORIENTED_EDGE('',*,*,#8512,.T.);
#8512 = EDGE_CURVE('',#8513,#8513,#8515,.T.);
#8513 = VERTEX_POINT('',#8514);
#8514 = CARTESIAN_POINT('',(428.,325.,16.));
#8515 = SURFACE_CURVE('',#8516,(#8521,#8528),.PCURVE_S1.);
#8516 = CIRCLE('',#8517,3.);
#8517 = AXIS2_PLACEMENT_3D('',#8518,#8519,#8520);
#8518 = CARTESIAN_POINT('',(425.,325.,16.));
#8519 = DIRECTION('',(0.,0.,-1.));
#8520 = DIRECTION('',(1.,0.,0.));
#8521 = PCURVE('',#3381,#8522);
#8522 = DEFINITIONAL_REPRESENTATION('',(#8523),#8527);
#8523 = LINE('',#8524,#8525);
#8524 = CARTESIAN_POINT('',(-6.28318530718,-1.));
#8525 = VECTOR('',#8526,1.);
#8526 = DIRECTION('',(1.,-0.));
#8527 = ( GEOMETRIC_REPRESENTATION_CONTEXT(2) 
PARAMETRIC_REPRESENTATION_CONTEXT() REPRESENTATION_CONTEXT('2D SPACE',''
  ) );
#8528 = PCURVE('',#8529,#8534);
#8529 = PLANE('',#8530);
#8530 = AXIS2_PLACEMENT_3D('',#8531,#8532,#8533);
#8531 = CARTESIAN_POINT('',(425.,325.,16.));
#8532 = DIRECTION('',(0.,0.,1.));
#8533 = DIRECTION('',(1.,0.,-0.));
#8534 = DEFINITIONAL_REPRESENTATION('',(#8535),#8543);
#8535 = ( BOUNDED_CURVE() B_SPLINE_CURVE(2,(#8536,#8537,#8538,#8539,
#8540,#8541,#8542),.UNSPECIFIED.,.T.,.F.) B_SPLINE_CURVE_WITH_KNOTS((1,2
    ,2,2,2,1),(-2.094395102393,0.,2.094395102393,4.188790204786,
6.28318530718,8.377580409573),.UNSPECIFIED.) CURVE() 
GEOMETRIC_REPRESENTATION_ITEM() RATIONAL_B_SPLINE_CURVE((1.,0.5,1.,0.5,
1.,0.5,1.)) REPRESENTATION_ITEM('') );
#8536 = CARTESIAN_POINT('',(3.,0.));
#8537 = CARTESIAN_POINT('',(3.,-5.196152422707));
#8538 = CARTESIAN_POINT('',(-1.5,-2.598076211353));
#8539 = CARTESIAN_POINT('',(-6.,-7.347880794884E-16));
#8540 = CARTESIAN_POINT('',(-1.5,2.598076211353));
#8541 = CARTESIAN_POINT('',(3.,5.196152422707));
#8542 = CARTESIAN_POINT('',(3.,0.));
#8543 = ( GEOMETRIC_REPRESENTATION_CONTEXT(2) 
PARAMETRIC_REPRESENTATION_CONTEXT() REPRESENTATION_CONTEXT('2D SPACE',''
  ) );
#8544 = ORIENTED_EDGE('',*,*,#8545,.T.);
#8545 = EDGE_CURVE('',#8513,#3361,#8546,.T.);
#8546 = SEAM_CURVE('',#8547,(#8551,#8558),.PCURVE_S1.);
#8547 = LINE('',#8548,#8549);
#8548 = CARTESIAN_POINT('',(428.,325.,15.));
#8549 = VECTOR('',#8550,1.);
#8550 = DIRECTION('',(0.,0.,1.));
#8551 = PCURVE('',#3381,#8552);
#8552 = DEFINITIONAL_REPRESENTATION('',(#8553),#8557);
#8553 = LINE('',#8554,#8555);
#8554 = CARTESIAN_POINT('',(-6.28318530718,0.));
#8555 = VECTOR('',#8556,1.);
#8556 = DIRECTION('',(-0.,-1.));
#8557 = ( GEOMETRIC_REPRESENTATION_CONTEXT(2) 
PARAMETRIC_REPRESENTATION_CONTEXT() REPRESENTATION_CONTEXT('2D SPACE',''
  ) );
#8558 = PCURVE('',#3381,#8559);
#8559 = DEFINITIONAL_REPRESENTATION('',(#8560),#8564);
#8560 = LINE('',#8561,#8562);
#8561 = CARTESIAN_POINT('',(-0.,0.));
#8562 = VECTOR('',#8563,1.);
#8563 = DIRECTION('',(-0.,-1.));
#8564 = ( GEOMETRIC_REPRESENTATION_CONTEXT(2) 
PARAMETRIC_REPRESENTATION_CONTEXT() REPRESENTATION_CONTEXT('2D SPACE',''
  ) );
#8565 = ORIENTED_EDGE('',*,*,#3360,.F.);
#8566 = ORIENTED_EDGE('',*,*,#8545,.F.);
#8567 = ADVANCED_FACE('',(#8568,#8574,#8609,#8644,#8679,#8854,#8889,
    #8924,#8959,#8994,#9029,#9064,#9099,#9134,#9169,#9204,#9239,#9274,
    #9309,#9344,#9379,#9414,#9585,#9620,#9655,#9690,#9725,#9760,#9795,
    #9830,#9865,#9900,#9935,#9970,#10005,#10040,#10075,#10110,#10224,
    #10259,#10294,#10329,#10364,#10399,#10434,#10469,#10504,#10675,
    #10710,#10745,#10780,#10815,#10850,#10885,#10920,#10955,#10990,
    #11025,#11060,#11095,#11130,#11244,#11279,#11314),#3464,.F.);
#8568 = FACE_BOUND('',#8569,.F.);
#8569 = EDGE_LOOP('',(#8570,#8571,#8572,#8573));
#8570 = ORIENTED_EDGE('',*,*,#3580,.F.);
#8571 = ORIENTED_EDGE('',*,*,#3553,.F.);
#8572 = ORIENTED_EDGE('',*,*,#3504,.T.);
#8573 = ORIENTED_EDGE('',*,*,#3450,.T.);
#8574 = FACE_BOUND('',#8575,.F.);
#8575 = EDGE_LOOP('',(#8576));
#8576 = ORIENTED_EDGE('',*,*,#8577,.T.);
#8577 = EDGE_CURVE('',#8578,#8578,#8580,.T.);
#8578 = VERTEX_POINT('',#8579);
#8579 = CARTESIAN_POINT('',(33.,25.,20.));
#8580 = SURFACE_CURVE('',#8581,(#8586,#8597),.PCURVE_S1.);
#8581 = CIRCLE('',#8582,8.);
#8582 = AXIS2_PLACEMENT_3D('',#8583,#8584,#8585);
#8583 = CARTESIAN_POINT('',(25.,25.,20.));
#8584 = DIRECTION('',(0.,0.,-1.));
#8585 = DIRECTION('',(1.,0.,0.));
#8586 = PCURVE('',#3464,#8587);
#8587 = DEFINITIONAL_REPRESENTATION('',(#8588),#8596);
#8588 = ( BOUNDED_CURVE() B_SPLINE_CURVE(2,(#8589,#8590,#8591,#8592,
#8593,#8594,#8595),.UNSPECIFIED.,.T.,.F.) B_SPLINE_CURVE_WITH_KNOTS((1,2
    ,2,2,2,1),(-2.094395102393,0.,2.094395102393,4.188790204786,
6.28318530718,8.377580409573),.UNSPECIFIED.) CURVE() 
GEOMETRIC_REPRESENTATION_ITEM() RATIONAL_B_SPLINE_CURVE((1.,0.5,1.,0.5,
1.,0.5,1.)) REPRESENTATION_ITEM('') );
#8589 = CARTESIAN_POINT('',(33.,25.));
#8590 = CARTESIAN_POINT('',(33.,11.143593539449));
#8591 = CARTESIAN_POINT('',(21.,18.071796769724));
#8592 = CARTESIAN_POINT('',(9.,25.));
#8593 = CARTESIAN_POINT('',(21.,31.928203230276));
#8594 = CARTESIAN_POINT('',(33.,38.856406460551));
#8595 = CARTESIAN_POINT('',(33.,25.));
#8596 = ( GEOMETRIC_REPRESENTATION_CONTEXT(2) 
PARAMETRIC_REPRESENTATION_CONTEXT() REPRESENTATION_CONTEXT('2D SPACE',''
  ) );
#8597 = PCURVE('',#8598,#8603);
#8598 = CYLINDRICAL_SURFACE('',#8599,8.);
#8599 = AXIS2_PLACEMENT_3D('',#8600,#8601,#8602);
#8600 = CARTESIAN_POINT('',(25.,25.,16.));
#8601 = DIRECTION('',(-0.,-0.,-1.));
#8602 = DIRECTION('',(1.,0.,0.));
#8603 = DEFINITIONAL_REPRESENTATION('',(#8604),#8608);
#8604 = LINE('',#8605,#8606);
#8605 = CARTESIAN_POINT('',(-6.28318530718,-4.));
#8606 = VECTOR('',#8607,1.);
#8607 = DIRECTION('',(1.,-0.));
#8608 = ( GEOMETRIC_REPRESENTATION_CONTEXT(2) 
PARAMETRIC_REPRESENTATION_CONTEXT() REPRESENTATION_CONTEXT('2D SPACE',''
  ) );
#8609 = FACE_BOUND('',#8610,.F.);
#8610 = EDGE_LOOP('',(#8611));
#8611 = ORIENTED_EDGE('',*,*,#8612,.T.);
#8612 = EDGE_CURVE('',#8613,#8613,#8615,.T.);
#8613 = VERTEX_POINT('',#8614);
#8614 = CARTESIAN_POINT('',(83.,25.,20.));
#8615 = SURFACE_CURVE('',#8616,(#8621,#8632),.PCURVE_S1.);
#8616 = CIRCLE('',#8617,8.);
#8617 = AXIS2_PLACEMENT_3D('',#8618,#8619,#8620);
#8618 = CARTESIAN_POINT('',(75.,25.,20.));
#8619 = DIRECTION('',(0.,0.,-1.));
#8620 = DIRECTION('',(1.,0.,0.));
#8621 = PCURVE('',#3464,#8622);
#8622 = DEFINITIONAL_REPRESENTATION('',(#8623),#8631);
#8623 = ( BOUNDED_CURVE() B_SPLINE_CURVE(2,(#8624,#8625,#8626,#8627,
#8628,#8629,#8630),.UNSPECIFIED.,.T.,.F.) B_SPLINE_CURVE_WITH_KNOTS((1,2
    ,2,2,2,1),(-2.094395102393,0.,2.094395102393,4.188790204786,
6.28318530718,8.377580409573),.UNSPECIFIED.) CURVE() 
GEOMETRIC_REPRESENTATION_ITEM() RATIONAL_B_SPLINE_CURVE((1.,0.5,1.,0.5,
1.,0.5,1.)) REPRESENTATION_ITEM('') );
#8624 = CARTESIAN_POINT('',(83.,25.));
#8625 = CARTESIAN_POINT('',(83.,11.143593539449));
#8626 = CARTESIAN_POINT('',(71.,18.071796769724));
#8627 = CARTESIAN_POINT('',(59.,25.));
#8628 = CARTESIAN_POINT('',(71.,31.928203230276));
#8629 = CARTESIAN_POINT('',(83.,38.856406460551));
#8630 = CARTESIAN_POINT('',(83.,25.));
#8631 = ( GEOMETRIC_REPRESENTATION_CONTEXT(2) 
PARAMETRIC_REPRESENTATION_CONTEXT() REPRESENTATION_CONTEXT('2D SPACE',''
  ) );
#8632 = PCURVE('',#8633,#8638);
#8633 = CYLINDRICAL_SURFACE('',#8634,8.);
#8634 = AXIS2_PLACEMENT_3D('',#8635,#8636,#8637);
#8635 = CARTESIAN_POINT('',(75.,25.,16.));
#8636 = DIRECTION('',(-0.,-0.,-1.));
#8637 = DIRECTION('',(1.,0.,0.));
#8638 = DEFINITIONAL_REPRESENTATION('',(#8639),#8643);
#8639 = LINE('',#8640,#8641);
#8640 = CARTESIAN_POINT('',(-6.28318530718,-4.));
#8641 = VECTOR('',#8642,1.);
#8642 = DIRECTION('',(1.,-0.));
#8643 = ( GEOMETRIC_REPRESENTATION_CONTEXT(2) 
PARAMETRIC_REPRESENTATION_CONTEXT() REPRESENTATION_CONTEXT('2D SPACE',''
  ) );
#8644 = FACE_BOUND('',#8645,.F.);
#8645 = EDGE_LOOP('',(#8646));
#8646 = ORIENTED_EDGE('',*,*,#8647,.T.);
#8647 = EDGE_CURVE('',#8648,#8648,#8650,.T.);
#8648 = VERTEX_POINT('',#8649);
#8649 = CARTESIAN_POINT('',(33.,75.,20.));
#8650 = SURFACE_CURVE('',#8651,(#8656,#8667),.PCURVE_S1.);
#8651 = CIRCLE('',#8652,8.);
#8652 = AXIS2_PLACEMENT_3D('',#8653,#8654,#8655);
#8653 = CARTESIAN_POINT('',(25.,75.,20.));
#8654 = DIRECTION('',(0.,0.,-1.));
#8655 = DIRECTION('',(1.,0.,0.));
#8656 = PCURVE('',#3464,#8657);
#8657 = DEFINITIONAL_REPRESENTATION('',(#8658),#8666);
#8658 = ( BOUNDED_CURVE() B_SPLINE_CURVE(2,(#8659,#8660,#8661,#8662,
#8663,#8664,#8665),.UNSPECIFIED.,.T.,.F.) B_SPLINE_CURVE_WITH_KNOTS((1,2
    ,2,2,2,1),(-2.094395102393,0.,2.094395102393,4.188790204786,
6.28318530718,8.377580409573),.UNSPECIFIED.) CURVE() 
GEOMETRIC_REPRESENTATION_ITEM() RATIONAL_B_SPLINE_CURVE((1.,0.5,1.,0.5,
1.,0.5,1.)) REPRESENTATION_ITEM('') );
#8659 = CARTESIAN_POINT('',(33.,75.));
#8660 = CARTESIAN_POINT('',(33.,61.143593539449));
#8661 = CARTESIAN_POINT('',(21.,68.071796769724));
#8662 = CARTESIAN_POINT('',(9.,75.));
#8663 = CARTESIAN_POINT('',(21.,81.928203230275));
#8664 = CARTESIAN_POINT('',(33.,88.856406460551));
#8665 = CARTESIAN_POINT('',(33.,75.));
#8666 = ( GEOMETRIC_REPRESENTATION_CONTEXT(2) 
PARAMETRIC_REPRESENTATION_CONTEXT() REPRESENTATION_CONTEXT('2D SPACE',''
  ) );
#8667 = PCURVE('',#8668,#8673);
#8668 = CYLINDRICAL_SURFACE('',#8669,8.);
#8669 = AXIS2_PLACEMENT_3D('',#8670,#8671,#8672);
#8670 = CARTESIAN_POINT('',(25.,75.,16.));
#8671 = DIRECTION('',(-0.,-0.,-1.));
#8672 = DIRECTION('',(1.,0.,0.));
#8673 = DEFINITIONAL_REPRESENTATION('',(#8674),#8678);
#8674 = LINE('',#8675,#8676);
#8675 = CARTESIAN_POINT('',(-6.28318530718,-4.));
#8676 = VECTOR('',#8677,1.);
#8677 = DIRECTION('',(1.,-0.));
#8678 = ( GEOMETRIC_REPRESENTATION_CONTEXT(2) 
PARAMETRIC_REPRESENTATION_CONTEXT() REPRESENTATION_CONTEXT('2D SPACE',''
  ) );
#8679 = FACE_BOUND('',#8680,.F.);
#8680 = EDGE_LOOP('',(#8681,#8711,#8744,#8772,#8800,#8828));
#8681 = ORIENTED_EDGE('',*,*,#8682,.T.);
#8682 = EDGE_CURVE('',#8683,#8685,#8687,.T.);
#8683 = VERTEX_POINT('',#8684);
#8684 = CARTESIAN_POINT('',(55.,42.,20.));
#8685 = VERTEX_POINT('',#8686);
#8686 = CARTESIAN_POINT('',(55.,43.755002001602,20.));
#8687 = SURFACE_CURVE('',#8688,(#8692,#8699),.PCURVE_S1.);
#8688 = LINE('',#8689,#8690);
#8689 = CARTESIAN_POINT('',(55.,21.,20.));
#8690 = VECTOR('',#8691,1.);
#8691 = DIRECTION('',(0.,1.,0.));
#8692 = PCURVE('',#3464,#8693);
#8693 = DEFINITIONAL_REPRESENTATION('',(#8694),#8698);
#8694 = LINE('',#8695,#8696);
#8695 = CARTESIAN_POINT('',(55.,21.));
#8696 = VECTOR('',#8697,1.);
#8697 = DIRECTION('',(0.,1.));
#8698 = ( GEOMETRIC_REPRESENTATION_CONTEXT(2) 
PARAMETRIC_REPRESENTATION_CONTEXT() REPRESENTATION_CONTEXT('2D SPACE',''
  ) );
#8699 = PCURVE('',#8700,#8705);
#8700 = PLANE('',#8701);
#8701 = AXIS2_PLACEMENT_3D('',#8702,#8703,#8704);
#8702 = CARTESIAN_POINT('',(55.,42.,16.));
#8703 = DIRECTION('',(1.,0.,0.));
#8704 = DIRECTION('',(0.,0.,1.));
#8705 = DEFINITIONAL_REPRESENTATION('',(#8706),#8710);
#8706 = LINE('',#8707,#8708);
#8707 = CARTESIAN_POINT('',(4.,21.));
#8708 = VECTOR('',#8709,1.);
#8709 = DIRECTION('',(0.,-1.));
#8710 = ( GEOMETRIC_REPRESENTATION_CONTEXT(2) 
PARAMETRIC_REPRESENTATION_CONTEXT() REPRESENTATION_CONTEXT('2D SPACE',''
  ) );
#8711 = ORIENTED_EDGE('',*,*,#8712,.T.);
#8712 = EDGE_CURVE('',#8685,#8713,#8715,.T.);
#8713 = VERTEX_POINT('',#8714);
#8714 = CARTESIAN_POINT('',(55.,56.244997998398,20.));
#8715 = SURFACE_CURVE('',#8716,(#8721,#8732),.PCURVE_S1.);
#8716 = CIRCLE('',#8717,8.);
#8717 = AXIS2_PLACEMENT_3D('',#8718,#8719,#8720);
#8718 = CARTESIAN_POINT('',(50.,50.,20.));
#8719 = DIRECTION('',(0.,0.,-1.));
#8720 = DIRECTION('',(1.,0.,0.));
#8721 = PCURVE('',#3464,#8722);
#8722 = DEFINITIONAL_REPRESENTATION('',(#8723),#8731);
#8723 = ( BOUNDED_CURVE() B_SPLINE_CURVE(2,(#8724,#8725,#8726,#8727,
#8728,#8729,#8730),.UNSPECIFIED.,.T.,.F.) B_SPLINE_CURVE_WITH_KNOTS((1,2
    ,2,2,2,1),(-2.094395102393,0.,2.094395102393,4.188790204786,
6.28318530718,8.377580409573),.UNSPECIFIED.) CURVE() 
GEOMETRIC_REPRESENTATION_ITEM() RATIONAL_B_SPLINE_CURVE((1.,0.5,1.,0.5,
1.,0.5,1.)) REPRESENTATION_ITEM('') );
#8724 = CARTESIAN_POINT('',(58.,50.));
#8725 = CARTESIAN_POINT('',(58.,36.143593539449));
#8726 = CARTESIAN_POINT('',(46.,43.071796769724));
#8727 = CARTESIAN_POINT('',(34.,50.));
#8728 = CARTESIAN_POINT('',(46.,56.928203230276));
#8729 = CARTESIAN_POINT('',(58.,63.856406460551));
#8730 = CARTESIAN_POINT('',(58.,50.));
#8731 = ( GEOMETRIC_REPRESENTATION_CONTEXT(2) 
PARAMETRIC_REPRESENTATION_CONTEXT() REPRESENTATION_CONTEXT('2D SPACE',''
  ) );
#8732 = PCURVE('',#8733,#8738);
#8733 = CYLINDRICAL_SURFACE('',#8734,8.);
#8734 = AXIS2_PLACEMENT_3D('',#8735,#8736,#8737);
#8735 = CARTESIAN_POINT('',(50.,50.,16.));
#8736 = DIRECTION('',(-0.,-0.,-1.));
#8737 = DIRECTION('',(1.,0.,0.));
#8738 = DEFINITIONAL_REPRESENTATION('',(#8739),#8743);
#8739 = LINE('',#8740,#8741);
#8740 = CARTESIAN_POINT('',(-6.28318530718,-4.));
#8741 = VECTOR('',#8742,1.);
#8742 = DIRECTION('',(1.,-0.));
#8743 = ( GEOMETRIC_REPRESENTATION_CONTEXT(2) 
PARAMETRIC_REPRESENTATION_CONTEXT() REPRESENTATION_CONTEXT('2D SPACE',''
  ) );
#8744 = ORIENTED_EDGE('',*,*,#8745,.T.);
#8745 = EDGE_CURVE('',#8713,#8746,#8748,.T.);
#8746 = VERTEX_POINT('',#8747);
#8747 = CARTESIAN_POINT('',(55.,108.,20.));
#8748 = SURFACE_CURVE('',#8749,(#8753,#8760),.PCURVE_S1.);
#8749 = LINE('',#8750,#8751);
#8750 = CARTESIAN_POINT('',(55.,21.,20.));
#8751 = VECTOR('',#8752,1.);
#8752 = DIRECTION('',(0.,1.,0.));
#8753 = PCURVE('',#3464,#8754);
#8754 = DEFINITIONAL_REPRESENTATION('',(#8755),#8759);
#8755 = LINE('',#8756,#8757);
#8756 = CARTESIAN_POINT('',(55.,21.));
#8757 = VECTOR('',#8758,1.);
#8758 = DIRECTION('',(0.,1.));
#8759 = ( GEOMETRIC_REPRESENTATION_CONTEXT(2) 
PARAMETRIC_REPRESENTATION_CONTEXT() REPRESENTATION_CONTEXT('2D SPACE',''
  ) );
#8760 = PCURVE('',#8761,#8766);
#8761 = PLANE('',#8762);
#8762 = AXIS2_PLACEMENT_3D('',#8763,#8764,#8765);
#8763 = CARTESIAN_POINT('',(55.,42.,16.));
#8764 = DIRECTION('',(1.,0.,0.));
#8765 = DIRECTION('',(0.,0.,1.));
#8766 = DEFINITIONAL_REPRESENTATION('',(#8767),#8771);
#8767 = LINE('',#8768,#8769);
#8768 = CARTESIAN_POINT('',(4.,21.));
#8769 = VECTOR('',#8770,1.);
#8770 = DIRECTION('',(0.,-1.));
#8771 = ( GEOMETRIC_REPRESENTATION_CONTEXT(2) 
PARAMETRIC_REPRESENTATION_CONTEXT() REPRESENTATION_CONTEXT('2D SPACE',''
  ) );
#8772 = ORIENTED_EDGE('',*,*,#8773,.F.);
#8773 = EDGE_CURVE('',#8774,#8746,#8776,.T.);
#8774 = VERTEX_POINT('',#8775);
#8775 = CARTESIAN_POINT('',(95.,108.,20.));
#8776 = SURFACE_CURVE('',#8777,(#8781,#8788),.PCURVE_S1.);
#8777 = LINE('',#8778,#8779);
#8778 = CARTESIAN_POINT('',(27.5,108.,20.));
#8779 = VECTOR('',#8780,1.);
#8780 = DIRECTION('',(-1.,0.,0.));
#8781 = PCURVE('',#3464,#8782);
#8782 = DEFINITIONAL_REPRESENTATION('',(#8783),#8787);
#8783 = LINE('',#8784,#8785);
#8784 = CARTESIAN_POINT('',(27.5,108.));
#8785 = VECTOR('',#8786,1.);
#8786 = DIRECTION('',(-1.,0.));
#8787 = ( GEOMETRIC_REPRESENTATION_CONTEXT(2) 
PARAMETRIC_REPRESENTATION_CONTEXT() REPRESENTATION_CONTEXT('2D SPACE',''
  ) );
#8788 = PCURVE('',#8789,#8794);
#8789 = PLANE('',#8790);
#8790 = AXIS2_PLACEMENT_3D('',#8791,#8792,#8793);
#8791 = CARTESIAN_POINT('',(55.,108.,16.));
#8792 = DIRECTION('',(0.,1.,0.));
#8793 = DIRECTION('',(0.,0.,1.));
#8794 = DEFINITIONAL_REPRESENTATION('',(#8795),#8799);
#8795 = LINE('',#8796,#8797);
#8796 = CARTESIAN_POINT('',(4.,-27.5));
#8797 = VECTOR('',#8798,1.);
#8798 = DIRECTION('',(0.,-1.));
#8799 = ( GEOMETRIC_REPRESENTATION_CONTEXT(2) 
PARAMETRIC_REPRESENTATION_CONTEXT() REPRESENTATION_CONTEXT('2D SPACE',''
  ) );
#8800 = ORIENTED_EDGE('',*,*,#8801,.F.);
#8801 = EDGE_CURVE('',#8802,#8774,#8804,.T.);
#8802 = VERTEX_POINT('',#8803);
#8803 = CARTESIAN_POINT('',(95.,42.,20.));
#8804 = SURFACE_CURVE('',#8805,(#8809,#8816),.PCURVE_S1.);
#8805 = LINE('',#8806,#8807);
#8806 = CARTESIAN_POINT('',(95.,21.,20.));
#8807 = VECTOR('',#8808,1.);
#8808 = DIRECTION('',(0.,1.,0.));
#8809 = PCURVE('',#3464,#8810);
#8810 = DEFINITIONAL_REPRESENTATION('',(#8811),#8815);
#8811 = LINE('',#8812,#8813);
#8812 = CARTESIAN_POINT('',(95.,21.));
#8813 = VECTOR('',#8814,1.);
#8814 = DIRECTION('',(0.,1.));
#8815 = ( GEOMETRIC_REPRESENTATION_CONTEXT(2) 
PARAMETRIC_REPRESENTATION_CONTEXT() REPRESENTATION_CONTEXT('2D SPACE',''
  ) );
#8816 = PCURVE('',#8817,#8822);
#8817 = PLANE('',#8818);
#8818 = AXIS2_PLACEMENT_3D('',#8819,#8820,#8821);
#8819 = CARTESIAN_POINT('',(95.,42.,16.));
#8820 = DIRECTION('',(1.,0.,0.));
#8821 = DIRECTION('',(0.,0.,1.));
#8822 = DEFINITIONAL_REPRESENTATION('',(#8823),#8827);
#8823 = LINE('',#8824,#8825);
#8824 = CARTESIAN_POINT('',(4.,21.));
#8825 = VECTOR('',#8826,1.);
#8826 = DIRECTION('',(0.,-1.));
#8827 = ( GEOMETRIC_REPRESENTATION_CONTEXT(2) 
PARAMETRIC_REPRESENTATION_CONTEXT() REPRESENTATION_CONTEXT('2D SPACE',''
  ) );
#8828 = ORIENTED_EDGE('',*,*,#8829,.T.);
#8829 = EDGE_CURVE('',#8802,#8683,#8830,.T.);
#8830 = SURFACE_CURVE('',#8831,(#8835,#8842),.PCURVE_S1.);
#8831 = LINE('',#8832,#8833);
#8832 = CARTESIAN_POINT('',(27.5,42.,20.));
#8833 = VECTOR('',#8834,1.);
#8834 = DIRECTION('',(-1.,0.,0.));
#8835 = PCURVE('',#3464,#8836);
#8836 = DEFINITIONAL_REPRESENTATION('',(#8837),#8841);
#8837 = LINE('',#8838,#8839);
#8838 = CARTESIAN_POINT('',(27.5,42.));
#8839 = VECTOR('',#8840,1.);
#8840 = DIRECTION('',(-1.,0.));
#8841 = ( GEOMETRIC_REPRESENTATION_CONTEXT(2) 
PARAMETRIC_REPRESENTATION_CONTEXT() REPRESENTATION_CONTEXT('2D SPACE',''
  ) );
#8842 = PCURVE('',#8843,#8848);
#8843 = PLANE('',#8844);
#8844 = AXIS2_PLACEMENT_3D('',#8845,#8846,#8847);
#8845 = CARTESIAN_POINT('',(55.,42.,16.));
#8846 = DIRECTION('',(0.,1.,0.));
#8847 = DIRECTION('',(0.,0.,1.));
#8848 = DEFINITIONAL_REPRESENTATION('',(#8849),#8853);
#8849 = LINE('',#8850,#8851);
#8850 = CARTESIAN_POINT('',(4.,-27.5));
#8851 = VECTOR('',#8852,1.);
#8852 = DIRECTION('',(0.,-1.));
#8853 = ( GEOMETRIC_REPRESENTATION_CONTEXT(2) 
PARAMETRIC_REPRESENTATION_CONTEXT() REPRESENTATION_CONTEXT('2D SPACE',''
  ) );
#8854 = FACE_BOUND('',#8855,.F.);
#8855 = EDGE_LOOP('',(#8856));
#8856 = ORIENTED_EDGE('',*,*,#8857,.T.);
#8857 = EDGE_CURVE('',#8858,#8858,#8860,.T.);
#8858 = VERTEX_POINT('',#8859);
#8859 = CARTESIAN_POINT('',(133.,25.,20.));
#8860 = SURFACE_CURVE('',#8861,(#8866,#8877),.PCURVE_S1.);
#8861 = CIRCLE('',#8862,8.);
#8862 = AXIS2_PLACEMENT_3D('',#8863,#8864,#8865);
#8863 = CARTESIAN_POINT('',(125.,25.,20.));
#8864 = DIRECTION('',(0.,0.,-1.));
#8865 = DIRECTION('',(1.,0.,0.));
#8866 = PCURVE('',#3464,#8867);
#8867 = DEFINITIONAL_REPRESENTATION('',(#8868),#8876);
#8868 = ( BOUNDED_CURVE() B_SPLINE_CURVE(2,(#8869,#8870,#8871,#8872,
#8873,#8874,#8875),.UNSPECIFIED.,.T.,.F.) B_SPLINE_CURVE_WITH_KNOTS((1,2
    ,2,2,2,1),(-2.094395102393,0.,2.094395102393,4.188790204786,
6.28318530718,8.377580409573),.UNSPECIFIED.) CURVE() 
GEOMETRIC_REPRESENTATION_ITEM() RATIONAL_B_SPLINE_CURVE((1.,0.5,1.,0.5,
1.,0.5,1.)) REPRESENTATION_ITEM('') );
#8869 = CARTESIAN_POINT('',(133.,25.));
#8870 = CARTESIAN_POINT('',(133.,11.143593539449));
#8871 = CARTESIAN_POINT('',(121.,18.071796769724));
#8872 = CARTESIAN_POINT('',(109.,25.));
#8873 = CARTESIAN_POINT('',(121.,31.928203230276));
#8874 = CARTESIAN_POINT('',(133.,38.856406460551));
#8875 = CARTESIAN_POINT('',(133.,25.));
#8876 = ( GEOMETRIC_REPRESENTATION_CONTEXT(2) 
PARAMETRIC_REPRESENTATION_CONTEXT() REPRESENTATION_CONTEXT('2D SPACE',''
  ) );
#8877 = PCURVE('',#8878,#8883);
#8878 = CYLINDRICAL_SURFACE('',#8879,8.);
#8879 = AXIS2_PLACEMENT_3D('',#8880,#8881,#8882);
#8880 = CARTESIAN_POINT('',(125.,25.,16.));
#8881 = DIRECTION('',(-0.,-0.,-1.));
#8882 = DIRECTION('',(1.,0.,0.));
#8883 = DEFINITIONAL_REPRESENTATION('',(#8884),#8888);
#8884 = LINE('',#8885,#8886);
#8885 = CARTESIAN_POINT('',(-6.28318530718,-4.));
#8886 = VECTOR('',#8887,1.);
#8887 = DIRECTION('',(1.,-0.));
#8888 = ( GEOMETRIC_REPRESENTATION_CONTEXT(2) 
PARAMETRIC_REPRESENTATION_CONTEXT() REPRESENTATION_CONTEXT('2D SPACE',''
  ) );
#8889 = FACE_BOUND('',#8890,.F.);
#8890 = EDGE_LOOP('',(#8891));
#8891 = ORIENTED_EDGE('',*,*,#8892,.T.);
#8892 = EDGE_CURVE('',#8893,#8893,#8895,.T.);
#8893 = VERTEX_POINT('',#8894);
#8894 = CARTESIAN_POINT('',(183.,25.,20.));
#8895 = SURFACE_CURVE('',#8896,(#8901,#8912),.PCURVE_S1.);
#8896 = CIRCLE('',#8897,8.);
#8897 = AXIS2_PLACEMENT_3D('',#8898,#8899,#8900);
#8898 = CARTESIAN_POINT('',(175.,25.,20.));
#8899 = DIRECTION('',(0.,0.,-1.));
#8900 = DIRECTION('',(1.,0.,0.));
#8901 = PCURVE('',#3464,#8902);
#8902 = DEFINITIONAL_REPRESENTATION('',(#8903),#8911);
#8903 = ( BOUNDED_CURVE() B_SPLINE_CURVE(2,(#8904,#8905,#8906,#8907,
#8908,#8909,#8910),.UNSPECIFIED.,.T.,.F.) B_SPLINE_CURVE_WITH_KNOTS((1,2
    ,2,2,2,1),(-2.094395102393,0.,2.094395102393,4.188790204786,
6.28318530718,8.377580409573),.UNSPECIFIED.) CURVE() 
GEOMETRIC_REPRESENTATION_ITEM() RATIONAL_B_SPLINE_CURVE((1.,0.5,1.,0.5,
1.,0.5,1.)) REPRESENTATION_ITEM('') );
#8904 = CARTESIAN_POINT('',(183.,25.));
#8905 = CARTESIAN_POINT('',(183.,11.143593539449));
#8906 = CARTESIAN_POINT('',(171.,18.071796769724));
#8907 = CARTESIAN_POINT('',(159.,25.));
#8908 = CARTESIAN_POINT('',(171.,31.928203230276));
#8909 = CARTESIAN_POINT('',(183.,38.856406460551));
#8910 = CARTESIAN_POINT('',(183.,25.));
#8911 = ( GEOMETRIC_REPRESENTATION_CONTEXT(2) 
PARAMETRIC_REPRESENTATION_CONTEXT() REPRESENTATION_CONTEXT('2D SPACE',''
  ) );
#8912 = PCURVE('',#8913,#8918);
#8913 = CYLINDRICAL_SURFACE('',#8914,8.);
#8914 = AXIS2_PLACEMENT_3D('',#8915,#8916,#8917);
#8915 = CARTESIAN_POINT('',(175.,25.,16.));
#8916 = DIRECTION('',(-0.,-0.,-1.));
#8917 = DIRECTION('',(1.,0.,0.));
#8918 = DEFINITIONAL_REPRESENTATION('',(#8919),#8923);
#8919 = LINE('',#8920,#8921);
#8920 = CARTESIAN_POINT('',(-6.28318530718,-4.));
#8921 = VECTOR('',#8922,1.);
#8922 = DIRECTION('',(1.,-0.));
#8923 = ( GEOMETRIC_REPRESENTATION_CONTEXT(2) 
PARAMETRIC_REPRESENTATION_CONTEXT() REPRESENTATION_CONTEXT('2D SPACE',''
  ) );
#8924 = FACE_BOUND('',#8925,.F.);
#8925 = EDGE_LOOP('',(#8926));
#8926 = ORIENTED_EDGE('',*,*,#8927,.T.);
#8927 = EDGE_CURVE('',#8928,#8928,#8930,.T.);
#8928 = VERTEX_POINT('',#8929);
#8929 = CARTESIAN_POINT('',(133.,75.,20.));
#8930 = SURFACE_CURVE('',#8931,(#8936,#8947),.PCURVE_S1.);
#8931 = CIRCLE('',#8932,8.);
#8932 = AXIS2_PLACEMENT_3D('',#8933,#8934,#8935);
#8933 = CARTESIAN_POINT('',(125.,75.,20.));
#8934 = DIRECTION('',(0.,0.,-1.));
#8935 = DIRECTION('',(1.,0.,0.));
#8936 = PCURVE('',#3464,#8937);
#8937 = DEFINITIONAL_REPRESENTATION('',(#8938),#8946);
#8938 = ( BOUNDED_CURVE() B_SPLINE_CURVE(2,(#8939,#8940,#8941,#8942,
#8943,#8944,#8945),.UNSPECIFIED.,.T.,.F.) B_SPLINE_CURVE_WITH_KNOTS((1,2
    ,2,2,2,1),(-2.094395102393,0.,2.094395102393,4.188790204786,
6.28318530718,8.377580409573),.UNSPECIFIED.) CURVE() 
GEOMETRIC_REPRESENTATION_ITEM() RATIONAL_B_SPLINE_CURVE((1.,0.5,1.,0.5,
1.,0.5,1.)) REPRESENTATION_ITEM('') );
#8939 = CARTESIAN_POINT('',(133.,75.));
#8940 = CARTESIAN_POINT('',(133.,61.143593539449));
#8941 = CARTESIAN_POINT('',(121.,68.071796769724));
#8942 = CARTESIAN_POINT('',(109.,75.));
#8943 = CARTESIAN_POINT('',(121.,81.928203230275));
#8944 = CARTESIAN_POINT('',(133.,88.856406460551));
#8945 = CARTESIAN_POINT('',(133.,75.));
#8946 = ( GEOMETRIC_REPRESENTATION_CONTEXT(2) 
PARAMETRIC_REPRESENTATION_CONTEXT() REPRESENTATION_CONTEXT('2D SPACE',''
  ) );
#8947 = PCURVE('',#8948,#8953);
#8948 = CYLINDRICAL_SURFACE('',#8949,8.);
#8949 = AXIS2_PLACEMENT_3D('',#8950,#8951,#8952);
#8950 = CARTESIAN_POINT('',(125.,75.,16.));
#8951 = DIRECTION('',(-0.,-0.,-1.));
#8952 = DIRECTION('',(1.,0.,0.));
#8953 = DEFINITIONAL_REPRESENTATION('',(#8954),#8958);
#8954 = LINE('',#8955,#8956);
#8955 = CARTESIAN_POINT('',(-6.28318530718,-4.));
#8956 = VECTOR('',#8957,1.);
#8957 = DIRECTION('',(1.,-0.));
#8958 = ( GEOMETRIC_REPRESENTATION_CONTEXT(2) 
PARAMETRIC_REPRESENTATION_CONTEXT() REPRESENTATION_CONTEXT('2D SPACE',''
  ) );
#8959 = FACE_BOUND('',#8960,.F.);
#8960 = EDGE_LOOP('',(#8961));
#8961 = ORIENTED_EDGE('',*,*,#8962,.T.);
#8962 = EDGE_CURVE('',#8963,#8963,#8965,.T.);
#8963 = VERTEX_POINT('',#8964);
#8964 = CARTESIAN_POINT('',(183.,75.,20.));
#8965 = SURFACE_CURVE('',#8966,(#8971,#8982),.PCURVE_S1.);
#8966 = CIRCLE('',#8967,8.);
#8967 = AXIS2_PLACEMENT_3D('',#8968,#8969,#8970);
#8968 = CARTESIAN_POINT('',(175.,75.,20.));
#8969 = DIRECTION('',(0.,0.,-1.));
#8970 = DIRECTION('',(1.,0.,0.));
#8971 = PCURVE('',#3464,#8972);
#8972 = DEFINITIONAL_REPRESENTATION('',(#8973),#8981);
#8973 = ( BOUNDED_CURVE() B_SPLINE_CURVE(2,(#8974,#8975,#8976,#8977,
#8978,#8979,#8980),.UNSPECIFIED.,.T.,.F.) B_SPLINE_CURVE_WITH_KNOTS((1,2
    ,2,2,2,1),(-2.094395102393,0.,2.094395102393,4.188790204786,
6.28318530718,8.377580409573),.UNSPECIFIED.) CURVE() 
GEOMETRIC_REPRESENTATION_ITEM() RATIONAL_B_SPLINE_CURVE((1.,0.5,1.,0.5,
1.,0.5,1.)) REPRESENTATION_ITEM('') );
#8974 = CARTESIAN_POINT('',(183.,75.));
#8975 = CARTESIAN_POINT('',(183.,61.143593539449));
#8976 = CARTESIAN_POINT('',(171.,68.071796769724));
#8977 = CARTESIAN_POINT('',(159.,75.));
#8978 = CARTESIAN_POINT('',(171.,81.928203230275));
#8979 = CARTESIAN_POINT('',(183.,88.856406460551));
#8980 = CARTESIAN_POINT('',(183.,75.));
#8981 = ( GEOMETRIC_REPRESENTATION_CONTEXT(2) 
PARAMETRIC_REPRESENTATION_CONTEXT() REPRESENTATION_CONTEXT('2D SPACE',''
  ) );
#8982 = PCURVE('',#8983,#8988);
#8983 = CYLINDRICAL_SURFACE('',#8984,8.);
#8984 = AXIS2_PLACEMENT_3D('',#8985,#8986,#8987);
#8985 = CARTESIAN_POINT('',(175.,75.,16.));
#8986 = DIRECTION('',(-0.,-0.,-1.));
#8987 = DIRECTION('',(1.,0.,0.));
#8988 = DEFINITIONAL_REPRESENTATION('',(#8989),#8993);
#8989 = LINE('',#8990,#8991);
#8990 = CARTESIAN_POINT('',(-6.28318530718,-4.));
#8991 = VECTOR('',#8992,1.);
#8992 = DIRECTION('',(1.,-0.));
#8993 = ( GEOMETRIC_REPRESENTATION_CONTEXT(2) 
PARAMETRIC_REPRESENTATION_CONTEXT() REPRESENTATION_CONTEXT('2D SPACE',''
  ) );
#8994 = FACE_BOUND('',#8995,.F.);
#8995 = EDGE_LOOP('',(#8996));
#8996 = ORIENTED_EDGE('',*,*,#8997,.T.);
#8997 = EDGE_CURVE('',#8998,#8998,#9000,.T.);
#8998 = VERTEX_POINT('',#8999);
#8999 = CARTESIAN_POINT('',(33.,125.,20.));
#9000 = SURFACE_CURVE('',#9001,(#9006,#9017),.PCURVE_S1.);
#9001 = CIRCLE('',#9002,8.);
#9002 = AXIS2_PLACEMENT_3D('',#9003,#9004,#9005);
#9003 = CARTESIAN_POINT('',(25.,125.,20.));
#9004 = DIRECTION('',(0.,0.,-1.));
#9005 = DIRECTION('',(1.,0.,0.));
#9006 = PCURVE('',#3464,#9007);
#9007 = DEFINITIONAL_REPRESENTATION('',(#9008),#9016);
#9008 = ( BOUNDED_CURVE() B_SPLINE_CURVE(2,(#9009,#9010,#9011,#9012,
#9013,#9014,#9015),.UNSPECIFIED.,.T.,.F.) B_SPLINE_CURVE_WITH_KNOTS((1,2
    ,2,2,2,1),(-2.094395102393,0.,2.094395102393,4.188790204786,
6.28318530718,8.377580409573),.UNSPECIFIED.) CURVE() 
GEOMETRIC_REPRESENTATION_ITEM() RATIONAL_B_SPLINE_CURVE((1.,0.5,1.,0.5,
1.,0.5,1.)) REPRESENTATION_ITEM('') );
#9009 = CARTESIAN_POINT('',(33.,125.));
#9010 = CARTESIAN_POINT('',(33.,111.14359353944));
#9011 = CARTESIAN_POINT('',(21.,118.07179676972));
#9012 = CARTESIAN_POINT('',(9.,125.));
#9013 = CARTESIAN_POINT('',(21.,131.92820323027));
#9014 = CARTESIAN_POINT('',(33.,138.85640646055));
#9015 = CARTESIAN_POINT('',(33.,125.));
#9016 = ( GEOMETRIC_REPRESENTATION_CONTEXT(2) 
PARAMETRIC_REPRESENTATION_CONTEXT() REPRESENTATION_CONTEXT('2D SPACE',''
  ) );
#9017 = PCURVE('',#9018,#9023);
#9018 = CYLINDRICAL_SURFACE('',#9019,8.);
#9019 = AXIS2_PLACEMENT_3D('',#9020,#9021,#9022);
#9020 = CARTESIAN_POINT('',(25.,125.,16.));
#9021 = DIRECTION('',(-0.,-0.,-1.));
#9022 = DIRECTION('',(1.,0.,0.));
#9023 = DEFINITIONAL_REPRESENTATION('',(#9024),#9028);
#9024 = LINE('',#9025,#9026);
#9025 = CARTESIAN_POINT('',(-6.28318530718,-4.));
#9026 = VECTOR('',#9027,1.);
#9027 = DIRECTION('',(1.,-0.));
#9028 = ( GEOMETRIC_REPRESENTATION_CONTEXT(2) 
PARAMETRIC_REPRESENTATION_CONTEXT() REPRESENTATION_CONTEXT('2D SPACE',''
  ) );
#9029 = FACE_BOUND('',#9030,.F.);
#9030 = EDGE_LOOP('',(#9031));
#9031 = ORIENTED_EDGE('',*,*,#9032,.T.);
#9032 = EDGE_CURVE('',#9033,#9033,#9035,.T.);
#9033 = VERTEX_POINT('',#9034);
#9034 = CARTESIAN_POINT('',(83.,125.,20.));
#9035 = SURFACE_CURVE('',#9036,(#9041,#9052),.PCURVE_S1.);
#9036 = CIRCLE('',#9037,8.);
#9037 = AXIS2_PLACEMENT_3D('',#9038,#9039,#9040);
#9038 = CARTESIAN_POINT('',(75.,125.,20.));
#9039 = DIRECTION('',(0.,0.,-1.));
#9040 = DIRECTION('',(1.,0.,0.));
#9041 = PCURVE('',#3464,#9042);
#9042 = DEFINITIONAL_REPRESENTATION('',(#9043),#9051);
#9043 = ( BOUNDED_CURVE() B_SPLINE_CURVE(2,(#9044,#9045,#9046,#9047,
#9048,#9049,#9050),.UNSPECIFIED.,.T.,.F.) B_SPLINE_CURVE_WITH_KNOTS((1,2
    ,2,2,2,1),(-2.094395102393,0.,2.094395102393,4.188790204786,
6.28318530718,8.377580409573),.UNSPECIFIED.) CURVE() 
GEOMETRIC_REPRESENTATION_ITEM() RATIONAL_B_SPLINE_CURVE((1.,0.5,1.,0.5,
1.,0.5,1.)) REPRESENTATION_ITEM('') );
#9044 = CARTESIAN_POINT('',(83.,125.));
#9045 = CARTESIAN_POINT('',(83.,111.14359353944));
#9046 = CARTESIAN_POINT('',(71.,118.07179676972));
#9047 = CARTESIAN_POINT('',(59.,125.));
#9048 = CARTESIAN_POINT('',(71.,131.92820323027));
#9049 = CARTESIAN_POINT('',(83.,138.85640646055));
#9050 = CARTESIAN_POINT('',(83.,125.));
#9051 = ( GEOMETRIC_REPRESENTATION_CONTEXT(2) 
PARAMETRIC_REPRESENTATION_CONTEXT() REPRESENTATION_CONTEXT('2D SPACE',''
  ) );
#9052 = PCURVE('',#9053,#9058);
#9053 = CYLINDRICAL_SURFACE('',#9054,8.);
#9054 = AXIS2_PLACEMENT_3D('',#9055,#9056,#9057);
#9055 = CARTESIAN_POINT('',(75.,125.,16.));
#9056 = DIRECTION('',(-0.,-0.,-1.));
#9057 = DIRECTION('',(1.,0.,0.));
#9058 = DEFINITIONAL_REPRESENTATION('',(#9059),#9063);
#9059 = LINE('',#9060,#9061);
#9060 = CARTESIAN_POINT('',(-6.28318530718,-4.));
#9061 = VECTOR('',#9062,1.);
#9062 = DIRECTION('',(1.,-0.));
#9063 = ( GEOMETRIC_REPRESENTATION_CONTEXT(2) 
PARAMETRIC_REPRESENTATION_CONTEXT() REPRESENTATION_CONTEXT('2D SPACE',''
  ) );
#9064 = FACE_BOUND('',#9065,.F.);
#9065 = EDGE_LOOP('',(#9066));
#9066 = ORIENTED_EDGE('',*,*,#9067,.T.);
#9067 = EDGE_CURVE('',#9068,#9068,#9070,.T.);
#9068 = VERTEX_POINT('',#9069);
#9069 = CARTESIAN_POINT('',(133.,125.,20.));
#9070 = SURFACE_CURVE('',#9071,(#9076,#9087),.PCURVE_S1.);
#9071 = CIRCLE('',#9072,8.);
#9072 = AXIS2_PLACEMENT_3D('',#9073,#9074,#9075);
#9073 = CARTESIAN_POINT('',(125.,125.,20.));
#9074 = DIRECTION('',(0.,0.,-1.));
#9075 = DIRECTION('',(1.,0.,0.));
#9076 = PCURVE('',#3464,#9077);
#9077 = DEFINITIONAL_REPRESENTATION('',(#9078),#9086);
#9078 = ( BOUNDED_CURVE() B_SPLINE_CURVE(2,(#9079,#9080,#9081,#9082,
#9083,#9084,#9085),.UNSPECIFIED.,.T.,.F.) B_SPLINE_CURVE_WITH_KNOTS((1,2
    ,2,2,2,1),(-2.094395102393,0.,2.094395102393,4.188790204786,
6.28318530718,8.377580409573),.UNSPECIFIED.) CURVE() 
GEOMETRIC_REPRESENTATION_ITEM() RATIONAL_B_SPLINE_CURVE((1.,0.5,1.,0.5,
1.,0.5,1.)) REPRESENTATION_ITEM('') );
#9079 = CARTESIAN_POINT('',(133.,125.));
#9080 = CARTESIAN_POINT('',(133.,111.14359353944));
#9081 = CARTESIAN_POINT('',(121.,118.07179676972));
#9082 = CARTESIAN_POINT('',(109.,125.));
#9083 = CARTESIAN_POINT('',(121.,131.92820323027));
#9084 = CARTESIAN_POINT('',(133.,138.85640646055));
#9085 = CARTESIAN_POINT('',(133.,125.));
#9086 = ( GEOMETRIC_REPRESENTATION_CONTEXT(2) 
PARAMETRIC_REPRESENTATION_CONTEXT() REPRESENTATION_CONTEXT('2D SPACE',''
  ) );
#9087 = PCURVE('',#9088,#9093);
#9088 = CYLINDRICAL_SURFACE('',#9089,8.);
#9089 = AXIS2_PLACEMENT_3D('',#9090,#9091,#9092);
#9090 = CARTESIAN_POINT('',(125.,125.,16.));
#9091 = DIRECTION('',(-0.,-0.,-1.));
#9092 = DIRECTION('',(1.,0.,0.));
#9093 = DEFINITIONAL_REPRESENTATION('',(#9094),#9098);
#9094 = LINE('',#9095,#9096);
#9095 = CARTESIAN_POINT('',(-6.28318530718,-4.));
#9096 = VECTOR('',#9097,1.);
#9097 = DIRECTION('',(1.,-0.));
#9098 = ( GEOMETRIC_REPRESENTATION_CONTEXT(2) 
PARAMETRIC_REPRESENTATION_CONTEXT() REPRESENTATION_CONTEXT('2D SPACE',''
  ) );
#9099 = FACE_BOUND('',#9100,.F.);
#9100 = EDGE_LOOP('',(#9101));
#9101 = ORIENTED_EDGE('',*,*,#9102,.T.);
#9102 = EDGE_CURVE('',#9103,#9103,#9105,.T.);
#9103 = VERTEX_POINT('',#9104);
#9104 = CARTESIAN_POINT('',(183.,125.,20.));
#9105 = SURFACE_CURVE('',#9106,(#9111,#9122),.PCURVE_S1.);
#9106 = CIRCLE('',#9107,8.);
#9107 = AXIS2_PLACEMENT_3D('',#9108,#9109,#9110);
#9108 = CARTESIAN_POINT('',(175.,125.,20.));
#9109 = DIRECTION('',(0.,0.,-1.));
#9110 = DIRECTION('',(1.,0.,0.));
#9111 = PCURVE('',#3464,#9112);
#9112 = DEFINITIONAL_REPRESENTATION('',(#9113),#9121);
#9113 = ( BOUNDED_CURVE() B_SPLINE_CURVE(2,(#9114,#9115,#9116,#9117,
#9118,#9119,#9120),.UNSPECIFIED.,.T.,.F.) B_SPLINE_CURVE_WITH_KNOTS((1,2
    ,2,2,2,1),(-2.094395102393,0.,2.094395102393,4.188790204786,
6.28318530718,8.377580409573),.UNSPECIFIED.) CURVE() 
GEOMETRIC_REPRESENTATION_ITEM() RATIONAL_B_SPLINE_CURVE((1.,0.5,1.,0.5,
1.,0.5,1.)) REPRESENTATION_ITEM('') );
#9114 = CARTESIAN_POINT('',(183.,125.));
#9115 = CARTESIAN_POINT('',(183.,111.14359353944));
#9116 = CARTESIAN_POINT('',(171.,118.07179676972));
#9117 = CARTESIAN_POINT('',(159.,125.));
#9118 = CARTESIAN_POINT('',(171.,131.92820323027));
#9119 = CARTESIAN_POINT('',(183.,138.85640646055));
#9120 = CARTESIAN_POINT('',(183.,125.));
#9121 = ( GEOMETRIC_REPRESENTATION_CONTEXT(2) 
PARAMETRIC_REPRESENTATION_CONTEXT() REPRESENTATION_CONTEXT('2D SPACE',''
  ) );
#9122 = PCURVE('',#9123,#9128);
#9123 = CYLINDRICAL_SURFACE('',#9124,8.);
#9124 = AXIS2_PLACEMENT_3D('',#9125,#9126,#9127);
#9125 = CARTESIAN_POINT('',(175.,125.,16.));
#9126 = DIRECTION('',(-0.,-0.,-1.));
#9127 = DIRECTION('',(1.,0.,0.));
#9128 = DEFINITIONAL_REPRESENTATION('',(#9129),#9133);
#9129 = LINE('',#9130,#9131);
#9130 = CARTESIAN_POINT('',(-6.28318530718,-4.));
#9131 = VECTOR('',#9132,1.);
#9132 = DIRECTION('',(1.,-0.));
#9133 = ( GEOMETRIC_REPRESENTATION_CONTEXT(2) 
PARAMETRIC_REPRESENTATION_CONTEXT() REPRESENTATION_CONTEXT('2D SPACE',''
  ) );
#9134 = FACE_BOUND('',#9135,.F.);
#9135 = EDGE_LOOP('',(#9136));
#9136 = ORIENTED_EDGE('',*,*,#9137,.T.);
#9137 = EDGE_CURVE('',#9138,#9138,#9140,.T.);
#9138 = VERTEX_POINT('',#9139);
#9139 = CARTESIAN_POINT('',(233.,25.,20.));
#9140 = SURFACE_CURVE('',#9141,(#9146,#9157),.PCURVE_S1.);
#9141 = CIRCLE('',#9142,8.);
#9142 = AXIS2_PLACEMENT_3D('',#9143,#9144,#9145);
#9143 = CARTESIAN_POINT('',(225.,25.,20.));
#9144 = DIRECTION('',(0.,0.,-1.));
#9145 = DIRECTION('',(1.,0.,0.));
#9146 = PCURVE('',#3464,#9147);
#9147 = DEFINITIONAL_REPRESENTATION('',(#9148),#9156);
#9148 = ( BOUNDED_CURVE() B_SPLINE_CURVE(2,(#9149,#9150,#9151,#9152,
#9153,#9154,#9155),.UNSPECIFIED.,.T.,.F.) B_SPLINE_CURVE_WITH_KNOTS((1,2
    ,2,2,2,1),(-2.094395102393,0.,2.094395102393,4.188790204786,
6.28318530718,8.377580409573),.UNSPECIFIED.) CURVE() 
GEOMETRIC_REPRESENTATION_ITEM() RATIONAL_B_SPLINE_CURVE((1.,0.5,1.,0.5,
1.,0.5,1.)) REPRESENTATION_ITEM('') );
#9149 = CARTESIAN_POINT('',(233.,25.));
#9150 = CARTESIAN_POINT('',(233.,11.143593539449));
#9151 = CARTESIAN_POINT('',(221.,18.071796769724));
#9152 = CARTESIAN_POINT('',(209.,25.));
#9153 = CARTESIAN_POINT('',(221.,31.928203230276));
#9154 = CARTESIAN_POINT('',(233.,38.856406460551));
#9155 = CARTESIAN_POINT('',(233.,25.));
#9156 = ( GEOMETRIC_REPRESENTATION_CONTEXT(2) 
PARAMETRIC_REPRESENTATION_CONTEXT() REPRESENTATION_CONTEXT('2D SPACE',''
  ) );
#9157 = PCURVE('',#9158,#9163);
#9158 = CYLINDRICAL_SURFACE('',#9159,8.);
#9159 = AXIS2_PLACEMENT_3D('',#9160,#9161,#9162);
#9160 = CARTESIAN_POINT('',(225.,25.,16.));
#9161 = DIRECTION('',(-0.,-0.,-1.));
#9162 = DIRECTION('',(1.,0.,0.));
#9163 = DEFINITIONAL_REPRESENTATION('',(#9164),#9168);
#9164 = LINE('',#9165,#9166);
#9165 = CARTESIAN_POINT('',(-6.28318530718,-4.));
#9166 = VECTOR('',#9167,1.);
#9167 = DIRECTION('',(1.,-0.));
#9168 = ( GEOMETRIC_REPRESENTATION_CONTEXT(2) 
PARAMETRIC_REPRESENTATION_CONTEXT() REPRESENTATION_CONTEXT('2D SPACE',''
  ) );
#9169 = FACE_BOUND('',#9170,.F.);
#9170 = EDGE_LOOP('',(#9171));
#9171 = ORIENTED_EDGE('',*,*,#9172,.T.);
#9172 = EDGE_CURVE('',#9173,#9173,#9175,.T.);
#9173 = VERTEX_POINT('',#9174);
#9174 = CARTESIAN_POINT('',(283.,25.,20.));
#9175 = SURFACE_CURVE('',#9176,(#9181,#9192),.PCURVE_S1.);
#9176 = CIRCLE('',#9177,8.);
#9177 = AXIS2_PLACEMENT_3D('',#9178,#9179,#9180);
#9178 = CARTESIAN_POINT('',(275.,25.,20.));
#9179 = DIRECTION('',(0.,0.,-1.));
#9180 = DIRECTION('',(1.,0.,0.));
#9181 = PCURVE('',#3464,#9182);
#9182 = DEFINITIONAL_REPRESENTATION('',(#9183),#9191);
#9183 = ( BOUNDED_CURVE() B_SPLINE_CURVE(2,(#9184,#9185,#9186,#9187,
#9188,#9189,#9190),.UNSPECIFIED.,.T.,.F.) B_SPLINE_CURVE_WITH_KNOTS((1,2
    ,2,2,2,1),(-2.094395102393,0.,2.094395102393,4.188790204786,
6.28318530718,8.377580409573),.UNSPECIFIED.) CURVE() 
GEOMETRIC_REPRESENTATION_ITEM() RATIONAL_B_SPLINE_CURVE((1.,0.5,1.,0.5,
1.,0.5,1.)) REPRESENTATION_ITEM('') );
#9184 = CARTESIAN_POINT('',(283.,25.));
#9185 = CARTESIAN_POINT('',(283.,11.143593539449));
#9186 = CARTESIAN_POINT('',(271.,18.071796769724));
#9187 = CARTESIAN_POINT('',(259.,25.));
#9188 = CARTESIAN_POINT('',(271.,31.928203230276));
#9189 = CARTESIAN_POINT('',(283.,38.856406460551));
#9190 = CARTESIAN_POINT('',(283.,25.));
#9191 = ( GEOMETRIC_REPRESENTATION_CONTEXT(2) 
PARAMETRIC_REPRESENTATION_CONTEXT() REPRESENTATION_CONTEXT('2D SPACE',''
  ) );
#9192 = PCURVE('',#9193,#9198);
#9193 = CYLINDRICAL_SURFACE('',#9194,8.);
#9194 = AXIS2_PLACEMENT_3D('',#9195,#9196,#9197);
#9195 = CARTESIAN_POINT('',(275.,25.,16.));
#9196 = DIRECTION('',(-0.,-0.,-1.));
#9197 = DIRECTION('',(1.,0.,0.));
#9198 = DEFINITIONAL_REPRESENTATION('',(#9199),#9203);
#9199 = LINE('',#9200,#9201);
#9200 = CARTESIAN_POINT('',(-6.28318530718,-4.));
#9201 = VECTOR('',#9202,1.);
#9202 = DIRECTION('',(1.,-0.));
#9203 = ( GEOMETRIC_REPRESENTATION_CONTEXT(2) 
PARAMETRIC_REPRESENTATION_CONTEXT() REPRESENTATION_CONTEXT('2D SPACE',''
  ) );
#9204 = FACE_BOUND('',#9205,.F.);
#9205 = EDGE_LOOP('',(#9206));
#9206 = ORIENTED_EDGE('',*,*,#9207,.T.);
#9207 = EDGE_CURVE('',#9208,#9208,#9210,.T.);
#9208 = VERTEX_POINT('',#9209);
#9209 = CARTESIAN_POINT('',(333.,25.,20.));
#9210 = SURFACE_CURVE('',#9211,(#9216,#9227),.PCURVE_S1.);
#9211 = CIRCLE('',#9212,8.);
#9212 = AXIS2_PLACEMENT_3D('',#9213,#9214,#9215);
#9213 = CARTESIAN_POINT('',(325.,25.,20.));
#9214 = DIRECTION('',(0.,0.,-1.));
#9215 = DIRECTION('',(1.,0.,0.));
#9216 = PCURVE('',#3464,#9217);
#9217 = DEFINITIONAL_REPRESENTATION('',(#9218),#9226);
#9218 = ( BOUNDED_CURVE() B_SPLINE_CURVE(2,(#9219,#9220,#9221,#9222,
#9223,#9224,#9225),.UNSPECIFIED.,.T.,.F.) B_SPLINE_CURVE_WITH_KNOTS((1,2
    ,2,2,2,1),(-2.094395102393,0.,2.094395102393,4.188790204786,
6.28318530718,8.377580409573),.UNSPECIFIED.) CURVE() 
GEOMETRIC_REPRESENTATION_ITEM() RATIONAL_B_SPLINE_CURVE((1.,0.5,1.,0.5,
1.,0.5,1.)) REPRESENTATION_ITEM('') );
#9219 = CARTESIAN_POINT('',(333.,25.));
#9220 = CARTESIAN_POINT('',(333.,11.143593539449));
#9221 = CARTESIAN_POINT('',(321.,18.071796769724));
#9222 = CARTESIAN_POINT('',(309.,25.));
#9223 = CARTESIAN_POINT('',(321.,31.928203230276));
#9224 = CARTESIAN_POINT('',(333.,38.856406460551));
#9225 = CARTESIAN_POINT('',(333.,25.));
#9226 = ( GEOMETRIC_REPRESENTATION_CONTEXT(2) 
PARAMETRIC_REPRESENTATION_CONTEXT() REPRESENTATION_CONTEXT('2D SPACE',''
  ) );
#9227 = PCURVE('',#9228,#9233);
#9228 = CYLINDRICAL_SURFACE('',#9229,8.);
#9229 = AXIS2_PLACEMENT_3D('',#9230,#9231,#9232);
#9230 = CARTESIAN_POINT('',(325.,25.,16.));
#9231 = DIRECTION('',(-0.,-0.,-1.));
#9232 = DIRECTION('',(1.,0.,0.));
#9233 = DEFINITIONAL_REPRESENTATION('',(#9234),#9238);
#9234 = LINE('',#9235,#9236);
#9235 = CARTESIAN_POINT('',(-6.28318530718,-4.));
#9236 = VECTOR('',#9237,1.);
#9237 = DIRECTION('',(1.,-0.));
#9238 = ( GEOMETRIC_REPRESENTATION_CONTEXT(2) 
PARAMETRIC_REPRESENTATION_CONTEXT() REPRESENTATION_CONTEXT('2D SPACE',''
  ) );
#9239 = FACE_BOUND('',#9240,.F.);
#9240 = EDGE_LOOP('',(#9241));
#9241 = ORIENTED_EDGE('',*,*,#9242,.T.);
#9242 = EDGE_CURVE('',#9243,#9243,#9245,.T.);
#9243 = VERTEX_POINT('',#9244);
#9244 = CARTESIAN_POINT('',(233.,75.,20.));
#9245 = SURFACE_CURVE('',#9246,(#9251,#9262),.PCURVE_S1.);
#9246 = CIRCLE('',#9247,8.);
#9247 = AXIS2_PLACEMENT_3D('',#9248,#9249,#9250);
#9248 = CARTESIAN_POINT('',(225.,75.,20.));
#9249 = DIRECTION('',(0.,0.,-1.));
#9250 = DIRECTION('',(1.,0.,0.));
#9251 = PCURVE('',#3464,#9252);
#9252 = DEFINITIONAL_REPRESENTATION('',(#9253),#9261);
#9253 = ( BOUNDED_CURVE() B_SPLINE_CURVE(2,(#9254,#9255,#9256,#9257,
#9258,#9259,#9260),.UNSPECIFIED.,.T.,.F.) B_SPLINE_CURVE_WITH_KNOTS((1,2
    ,2,2,2,1),(-2.094395102393,0.,2.094395102393,4.188790204786,
6.28318530718,8.377580409573),.UNSPECIFIED.) CURVE() 
GEOMETRIC_REPRESENTATION_ITEM() RATIONAL_B_SPLINE_CURVE((1.,0.5,1.,0.5,
1.,0.5,1.)) REPRESENTATION_ITEM('') );
#9254 = CARTESIAN_POINT('',(233.,75.));
#9255 = CARTESIAN_POINT('',(233.,61.143593539449));
#9256 = CARTESIAN_POINT('',(221.,68.071796769724));
#9257 = CARTESIAN_POINT('',(209.,75.));
#9258 = CARTESIAN_POINT('',(221.,81.928203230275));
#9259 = CARTESIAN_POINT('',(233.,88.856406460551));
#9260 = CARTESIAN_POINT('',(233.,75.));
#9261 = ( GEOMETRIC_REPRESENTATION_CONTEXT(2) 
PARAMETRIC_REPRESENTATION_CONTEXT() REPRESENTATION_CONTEXT('2D SPACE',''
  ) );
#9262 = PCURVE('',#9263,#9268);
#9263 = CYLINDRICAL_SURFACE('',#9264,8.);
#9264 = AXIS2_PLACEMENT_3D('',#9265,#9266,#9267);
#9265 = CARTESIAN_POINT('',(225.,75.,16.));
#9266 = DIRECTION('',(-0.,-0.,-1.));
#9267 = DIRECTION('',(1.,0.,0.));
#9268 = DEFINITIONAL_REPRESENTATION('',(#9269),#9273);
#9269 = LINE('',#9270,#9271);
#9270 = CARTESIAN_POINT('',(-6.28318530718,-4.));
#9271 = VECTOR('',#9272,1.);
#9272 = DIRECTION('',(1.,-0.));
#9273 = ( GEOMETRIC_REPRESENTATION_CONTEXT(2) 
PARAMETRIC_REPRESENTATION_CONTEXT() REPRESENTATION_CONTEXT('2D SPACE',''
  ) );
#9274 = FACE_BOUND('',#9275,.F.);
#9275 = EDGE_LOOP('',(#9276));
#9276 = ORIENTED_EDGE('',*,*,#9277,.T.);
#9277 = EDGE_CURVE('',#9278,#9278,#9280,.T.);
#9278 = VERTEX_POINT('',#9279);
#9279 = CARTESIAN_POINT('',(283.,75.,20.));
#9280 = SURFACE_CURVE('',#9281,(#9286,#9297),.PCURVE_S1.);
#9281 = CIRCLE('',#9282,8.);
#9282 = AXIS2_PLACEMENT_3D('',#9283,#9284,#9285);
#9283 = CARTESIAN_POINT('',(275.,75.,20.));
#9284 = DIRECTION('',(0.,0.,-1.));
#9285 = DIRECTION('',(1.,0.,0.));
#9286 = PCURVE('',#3464,#9287);
#9287 = DEFINITIONAL_REPRESENTATION('',(#9288),#9296);
#9288 = ( BOUNDED_CURVE() B_SPLINE_CURVE(2,(#9289,#9290,#9291,#9292,
#9293,#9294,#9295),.UNSPECIFIED.,.T.,.F.) B_SPLINE_CURVE_WITH_KNOTS((1,2
    ,2,2,2,1),(-2.094395102393,0.,2.094395102393,4.188790204786,
6.28318530718,8.377580409573),.UNSPECIFIED.) CURVE() 
GEOMETRIC_REPRESENTATION_ITEM() RATIONAL_B_SPLINE_CURVE((1.,0.5,1.,0.5,
1.,0.5,1.)) REPRESENTATION_ITEM('') );
#9289 = CARTESIAN_POINT('',(283.,75.));
#9290 = CARTESIAN_POINT('',(283.,61.143593539449));
#9291 = CARTESIAN_POINT('',(271.,68.071796769724));
#9292 = CARTESIAN_POINT('',(259.,75.));
#9293 = CARTESIAN_POINT('',(271.,81.928203230275));
#9294 = CARTESIAN_POINT('',(283.,88.856406460551));
#9295 = CARTESIAN_POINT('',(283.,75.));
#9296 = ( GEOMETRIC_REPRESENTATION_CONTEXT(2) 
PARAMETRIC_REPRESENTATION_CONTEXT() REPRESENTATION_CONTEXT('2D SPACE',''
  ) );
#9297 = PCURVE('',#9298,#9303);
#9298 = CYLINDRICAL_SURFACE('',#9299,8.);
#9299 = AXIS2_PLACEMENT_3D('',#9300,#9301,#9302);
#9300 = CARTESIAN_POINT('',(275.,75.,16.));
#9301 = DIRECTION('',(-0.,-0.,-1.));
#9302 = DIRECTION('',(1.,0.,0.));
#9303 = DEFINITIONAL_REPRESENTATION('',(#9304),#9308);
#9304 = LINE('',#9305,#9306);
#9305 = CARTESIAN_POINT('',(-6.28318530718,-4.));
#9306 = VECTOR('',#9307,1.);
#9307 = DIRECTION('',(1.,-0.));
#9308 = ( GEOMETRIC_REPRESENTATION_CONTEXT(2) 
PARAMETRIC_REPRESENTATION_CONTEXT() REPRESENTATION_CONTEXT('2D SPACE',''
  ) );
#9309 = FACE_BOUND('',#9310,.F.);
#9310 = EDGE_LOOP('',(#9311));
#9311 = ORIENTED_EDGE('',*,*,#9312,.T.);
#9312 = EDGE_CURVE('',#9313,#9313,#9315,.T.);
#9313 = VERTEX_POINT('',#9314);
#9314 = CARTESIAN_POINT('',(333.,75.,20.));
#9315 = SURFACE_CURVE('',#9316,(#9321,#9332),.PCURVE_S1.);
#9316 = CIRCLE('',#9317,8.);
#9317 = AXIS2_PLACEMENT_3D('',#9318,#9319,#9320);
#9318 = CARTESIAN_POINT('',(325.,75.,20.));
#9319 = DIRECTION('',(0.,0.,-1.));
#9320 = DIRECTION('',(1.,0.,0.));
#9321 = PCURVE('',#3464,#9322);
#9322 = DEFINITIONAL_REPRESENTATION('',(#9323),#9331);
#9323 = ( BOUNDED_CURVE() B_SPLINE_CURVE(2,(#9324,#9325,#9326,#9327,
#9328,#9329,#9330),.UNSPECIFIED.,.T.,.F.) B_SPLINE_CURVE_WITH_KNOTS((1,2
    ,2,2,2,1),(-2.094395102393,0.,2.094395102393,4.188790204786,
6.28318530718,8.377580409573),.UNSPECIFIED.) CURVE() 
GEOMETRIC_REPRESENTATION_ITEM() RATIONAL_B_SPLINE_CURVE((1.,0.5,1.,0.5,
1.,0.5,1.)) REPRESENTATION_ITEM('') );
#9324 = CARTESIAN_POINT('',(333.,75.));
#9325 = CARTESIAN_POINT('',(333.,61.143593539449));
#9326 = CARTESIAN_POINT('',(321.,68.071796769724));
#9327 = CARTESIAN_POINT('',(309.,75.));
#9328 = CARTESIAN_POINT('',(321.,81.928203230275));
#9329 = CARTESIAN_POINT('',(333.,88.856406460551));
#9330 = CARTESIAN_POINT('',(333.,75.));
#9331 = ( GEOMETRIC_REPRESENTATION_CONTEXT(2) 
PARAMETRIC_REPRESENTATION_CONTEXT() REPRESENTATION_CONTEXT('2D SPACE',''
  ) );
#9332 = PCURVE('',#9333,#9338);
#9333 = CYLINDRICAL_SURFACE('',#9334,8.);
#9334 = AXIS2_PLACEMENT_3D('',#9335,#9336,#9337);
#9335 = CARTESIAN_POINT('',(325.,75.,16.));
#9336 = DIRECTION('',(-0.,-0.,-1.));
#9337 = DIRECTION('',(1.,0.,0.));
#9338 = DEFINITIONAL_REPRESENTATION('',(#9339),#9343);
#9339 = LINE('',#9340,#9341);
#9340 = CARTESIAN_POINT('',(-6.28318530718,-4.));
#9341 = VECTOR('',#9342,1.);
#9342 = DIRECTION('',(1.,-0.));
#9343 = ( GEOMETRIC_REPRESENTATION_CONTEXT(2) 
PARAMETRIC_REPRESENTATION_CONTEXT() REPRESENTATION_CONTEXT('2D SPACE',''
  ) );
#9344 = FACE_BOUND('',#9345,.F.);
#9345 = EDGE_LOOP('',(#9346));
#9346 = ORIENTED_EDGE('',*,*,#9347,.T.);
#9347 = EDGE_CURVE('',#9348,#9348,#9350,.T.);
#9348 = VERTEX_POINT('',#9349);
#9349 = CARTESIAN_POINT('',(383.,25.,20.));
#9350 = SURFACE_CURVE('',#9351,(#9356,#9367),.PCURVE_S1.);
#9351 = CIRCLE('',#9352,8.);
#9352 = AXIS2_PLACEMENT_3D('',#9353,#9354,#9355);
#9353 = CARTESIAN_POINT('',(375.,25.,20.));
#9354 = DIRECTION('',(0.,0.,-1.));
#9355 = DIRECTION('',(1.,0.,0.));
#9356 = PCURVE('',#3464,#9357);
#9357 = DEFINITIONAL_REPRESENTATION('',(#9358),#9366);
#9358 = ( BOUNDED_CURVE() B_SPLINE_CURVE(2,(#9359,#9360,#9361,#9362,
#9363,#9364,#9365),.UNSPECIFIED.,.T.,.F.) B_SPLINE_CURVE_WITH_KNOTS((1,2
    ,2,2,2,1),(-2.094395102393,0.,2.094395102393,4.188790204786,
6.28318530718,8.377580409573),.UNSPECIFIED.) CURVE() 
GEOMETRIC_REPRESENTATION_ITEM() RATIONAL_B_SPLINE_CURVE((1.,0.5,1.,0.5,
1.,0.5,1.)) REPRESENTATION_ITEM('') );
#9359 = CARTESIAN_POINT('',(383.,25.));
#9360 = CARTESIAN_POINT('',(383.,11.143593539449));
#9361 = CARTESIAN_POINT('',(371.,18.071796769724));
#9362 = CARTESIAN_POINT('',(359.,25.));
#9363 = CARTESIAN_POINT('',(371.,31.928203230276));
#9364 = CARTESIAN_POINT('',(383.,38.856406460551));
#9365 = CARTESIAN_POINT('',(383.,25.));
#9366 = ( GEOMETRIC_REPRESENTATION_CONTEXT(2) 
PARAMETRIC_REPRESENTATION_CONTEXT() REPRESENTATION_CONTEXT('2D SPACE',''
  ) );
#9367 = PCURVE('',#9368,#9373);
#9368 = CYLINDRICAL_SURFACE('',#9369,8.);
#9369 = AXIS2_PLACEMENT_3D('',#9370,#9371,#9372);
#9370 = CARTESIAN_POINT('',(375.,25.,16.));
#9371 = DIRECTION('',(-0.,-0.,-1.));
#9372 = DIRECTION('',(1.,0.,0.));
#9373 = DEFINITIONAL_REPRESENTATION('',(#9374),#9378);
#9374 = LINE('',#9375,#9376);
#9375 = CARTESIAN_POINT('',(-6.28318530718,-4.));
#9376 = VECTOR('',#9377,1.);
#9377 = DIRECTION('',(1.,-0.));
#9378 = ( GEOMETRIC_REPRESENTATION_CONTEXT(2) 
PARAMETRIC_REPRESENTATION_CONTEXT() REPRESENTATION_CONTEXT('2D SPACE',''
  ) );
#9379 = FACE_BOUND('',#9380,.F.);
#9380 = EDGE_LOOP('',(#9381));
#9381 = ORIENTED_EDGE('',*,*,#9382,.T.);
#9382 = EDGE_CURVE('',#9383,#9383,#9385,.T.);
#9383 = VERTEX_POINT('',#9384);
#9384 = CARTESIAN_POINT('',(433.,25.,20.));
#9385 = SURFACE_CURVE('',#9386,(#9391,#9402),.PCURVE_S1.);
#9386 = CIRCLE('',#9387,8.);
#9387 = AXIS2_PLACEMENT_3D('',#9388,#9389,#9390);
#9388 = CARTESIAN_POINT('',(425.,25.,20.));
#9389 = DIRECTION('',(0.,0.,-1.));
#9390 = DIRECTION('',(1.,0.,0.));
#9391 = PCURVE('',#3464,#9392);
#9392 = DEFINITIONAL_REPRESENTATION('',(#9393),#9401);
#9393 = ( BOUNDED_CURVE() B_SPLINE_CURVE(2,(#9394,#9395,#9396,#9397,
#9398,#9399,#9400),.UNSPECIFIED.,.T.,.F.) B_SPLINE_CURVE_WITH_KNOTS((1,2
    ,2,2,2,1),(-2.094395102393,0.,2.094395102393,4.188790204786,
6.28318530718,8.377580409573),.UNSPECIFIED.) CURVE() 
GEOMETRIC_REPRESENTATION_ITEM() RATIONAL_B_SPLINE_CURVE((1.,0.5,1.,0.5,
1.,0.5,1.)) REPRESENTATION_ITEM('') );
#9394 = CARTESIAN_POINT('',(433.,25.));
#9395 = CARTESIAN_POINT('',(433.,11.143593539449));
#9396 = CARTESIAN_POINT('',(421.,18.071796769724));
#9397 = CARTESIAN_POINT('',(409.,25.));
#9398 = CARTESIAN_POINT('',(421.,31.928203230276));
#9399 = CARTESIAN_POINT('',(433.,38.856406460551));
#9400 = CARTESIAN_POINT('',(433.,25.));
#9401 = ( GEOMETRIC_REPRESENTATION_CONTEXT(2) 
PARAMETRIC_REPRESENTATION_CONTEXT() REPRESENTATION_CONTEXT('2D SPACE',''
  ) );
#9402 = PCURVE('',#9403,#9408);
#9403 = CYLINDRICAL_SURFACE('',#9404,8.);
#9404 = AXIS2_PLACEMENT_3D('',#9405,#9406,#9407);
#9405 = CARTESIAN_POINT('',(425.,25.,16.));
#9406 = DIRECTION('',(-0.,-0.,-1.));
#9407 = DIRECTION('',(1.,0.,0.));
#9408 = DEFINITIONAL_REPRESENTATION('',(#9409),#9413);
#9409 = LINE('',#9410,#9411);
#9410 = CARTESIAN_POINT('',(-6.28318530718,-4.));
#9411 = VECTOR('',#9412,1.);
#9412 = DIRECTION('',(1.,-0.));
#9413 = ( GEOMETRIC_REPRESENTATION_CONTEXT(2) 
PARAMETRIC_REPRESENTATION_CONTEXT() REPRESENTATION_CONTEXT('2D SPACE',''
  ) );
#9414 = FACE_BOUND('',#9415,.F.);
#9415 = EDGE_LOOP('',(#9416,#9446,#9475,#9503,#9531,#9559));
#9416 = ORIENTED_EDGE('',*,*,#9417,.F.);
#9417 = EDGE_CURVE('',#9418,#9420,#9422,.T.);
#9418 = VERTEX_POINT('',#9419);
#9419 = CARTESIAN_POINT('',(395.,56.244997998398,20.));
#9420 = VERTEX_POINT('',#9421);
#9421 = CARTESIAN_POINT('',(395.,108.,20.));
#9422 = SURFACE_CURVE('',#9423,(#9427,#9434),.PCURVE_S1.);
#9423 = LINE('',#9424,#9425);
#9424 = CARTESIAN_POINT('',(395.,21.,20.));
#9425 = VECTOR('',#9426,1.);
#9426 = DIRECTION('',(0.,1.,0.));
#9427 = PCURVE('',#3464,#9428);
#9428 = DEFINITIONAL_REPRESENTATION('',(#9429),#9433);
#9429 = LINE('',#9430,#9431);
#9430 = CARTESIAN_POINT('',(395.,21.));
#9431 = VECTOR('',#9432,1.);
#9432 = DIRECTION('',(0.,1.));
#9433 = ( GEOMETRIC_REPRESENTATION_CONTEXT(2) 
PARAMETRIC_REPRESENTATION_CONTEXT() REPRESENTATION_CONTEXT('2D SPACE',''
  ) );
#9434 = PCURVE('',#9435,#9440);
#9435 = PLANE('',#9436);
#9436 = AXIS2_PLACEMENT_3D('',#9437,#9438,#9439);
#9437 = CARTESIAN_POINT('',(395.,42.,16.));
#9438 = DIRECTION('',(1.,0.,0.));
#9439 = DIRECTION('',(0.,0.,1.));
#9440 = DEFINITIONAL_REPRESENTATION('',(#9441),#9445);
#9441 = LINE('',#9442,#9443);
#9442 = CARTESIAN_POINT('',(4.,21.));
#9443 = VECTOR('',#9444,1.);
#9444 = DIRECTION('',(0.,-1.));
#9445 = ( GEOMETRIC_REPRESENTATION_CONTEXT(2) 
PARAMETRIC_REPRESENTATION_CONTEXT() REPRESENTATION_CONTEXT('2D SPACE',''
  ) );
#9446 = ORIENTED_EDGE('',*,*,#9447,.F.);
#9447 = EDGE_CURVE('',#9448,#9418,#9450,.T.);
#9448 = VERTEX_POINT('',#9449);
#9449 = CARTESIAN_POINT('',(395.,43.755002001602,20.));
#9450 = SURFACE_CURVE('',#9451,(#9456,#9463),.PCURVE_S1.);
#9451 = CIRCLE('',#9452,8.);
#9452 = AXIS2_PLACEMENT_3D('',#9453,#9454,#9455);
#9453 = CARTESIAN_POINT('',(400.,50.,20.));
#9454 = DIRECTION('',(0.,0.,1.));
#9455 = DIRECTION('',(-0.625,-0.7806247498,0.));
#9456 = PCURVE('',#3464,#9457);
#9457 = DEFINITIONAL_REPRESENTATION('',(#9458),#9462);
#9458 = CIRCLE('',#9459,8.);
#9459 = AXIS2_PLACEMENT_2D('',#9460,#9461);
#9460 = CARTESIAN_POINT('',(400.,50.));
#9461 = DIRECTION('',(-0.625,-0.7806247498));
#9462 = ( GEOMETRIC_REPRESENTATION_CONTEXT(2) 
PARAMETRIC_REPRESENTATION_CONTEXT() REPRESENTATION_CONTEXT('2D SPACE',''
  ) );
#9463 = PCURVE('',#9464,#9469);
#9464 = CYLINDRICAL_SURFACE('',#9465,8.);
#9465 = AXIS2_PLACEMENT_3D('',#9466,#9467,#9468);
#9466 = CARTESIAN_POINT('',(400.,50.,16.));
#9467 = DIRECTION('',(-0.,-0.,-1.));
#9468 = DIRECTION('',(1.,0.,0.));
#9469 = DEFINITIONAL_REPRESENTATION('',(#9470),#9474);
#9470 = LINE('',#9471,#9472);
#9471 = CARTESIAN_POINT('',(-4.037257447448,-4.));
#9472 = VECTOR('',#9473,1.);
#9473 = DIRECTION('',(-1.,-0.));
#9474 = ( GEOMETRIC_REPRESENTATION_CONTEXT(2) 
PARAMETRIC_REPRESENTATION_CONTEXT() REPRESENTATION_CONTEXT('2D SPACE',''
  ) );
#9475 = ORIENTED_EDGE('',*,*,#9476,.F.);
#9476 = EDGE_CURVE('',#9477,#9448,#9479,.T.);
#9477 = VERTEX_POINT('',#9478);
#9478 = CARTESIAN_POINT('',(395.,42.,20.));
#9479 = SURFACE_CURVE('',#9480,(#9484,#9491),.PCURVE_S1.);
#9480 = LINE('',#9481,#9482);
#9481 = CARTESIAN_POINT('',(395.,21.,20.));
#9482 = VECTOR('',#9483,1.);
#9483 = DIRECTION('',(0.,1.,0.));
#9484 = PCURVE('',#3464,#9485);
#9485 = DEFINITIONAL_REPRESENTATION('',(#9486),#9490);
#9486 = LINE('',#9487,#9488);
#9487 = CARTESIAN_POINT('',(395.,21.));
#9488 = VECTOR('',#9489,1.);
#9489 = DIRECTION('',(0.,1.));
#9490 = ( GEOMETRIC_REPRESENTATION_CONTEXT(2) 
PARAMETRIC_REPRESENTATION_CONTEXT() REPRESENTATION_CONTEXT('2D SPACE',''
  ) );
#9491 = PCURVE('',#9492,#9497);
#9492 = PLANE('',#9493);
#9493 = AXIS2_PLACEMENT_3D('',#9494,#9495,#9496);
#9494 = CARTESIAN_POINT('',(395.,42.,16.));
#9495 = DIRECTION('',(1.,0.,0.));
#9496 = DIRECTION('',(0.,0.,1.));
#9497 = DEFINITIONAL_REPRESENTATION('',(#9498),#9502);
#9498 = LINE('',#9499,#9500);
#9499 = CARTESIAN_POINT('',(4.,21.));
#9500 = VECTOR('',#9501,1.);
#9501 = DIRECTION('',(0.,-1.));
#9502 = ( GEOMETRIC_REPRESENTATION_CONTEXT(2) 
PARAMETRIC_REPRESENTATION_CONTEXT() REPRESENTATION_CONTEXT('2D SPACE',''
  ) );
#9503 = ORIENTED_EDGE('',*,*,#9504,.T.);
#9504 = EDGE_CURVE('',#9477,#9505,#9507,.T.);
#9505 = VERTEX_POINT('',#9506);
#9506 = CARTESIAN_POINT('',(355.,42.,20.));
#9507 = SURFACE_CURVE('',#9508,(#9512,#9519),.PCURVE_S1.);
#9508 = LINE('',#9509,#9510);
#9509 = CARTESIAN_POINT('',(177.5,42.,20.));
#9510 = VECTOR('',#9511,1.);
#9511 = DIRECTION('',(-1.,0.,0.));
#9512 = PCURVE('',#3464,#9513);
#9513 = DEFINITIONAL_REPRESENTATION('',(#9514),#9518);
#9514 = LINE('',#9515,#9516);
#9515 = CARTESIAN_POINT('',(177.5,42.));
#9516 = VECTOR('',#9517,1.);
#9517 = DIRECTION('',(-1.,0.));
#9518 = ( GEOMETRIC_REPRESENTATION_CONTEXT(2) 
PARAMETRIC_REPRESENTATION_CONTEXT() REPRESENTATION_CONTEXT('2D SPACE',''
  ) );
#9519 = PCURVE('',#9520,#9525);
#9520 = PLANE('',#9521);
#9521 = AXIS2_PLACEMENT_3D('',#9522,#9523,#9524);
#9522 = CARTESIAN_POINT('',(355.,42.,16.));
#9523 = DIRECTION('',(0.,1.,0.));
#9524 = DIRECTION('',(0.,0.,1.));
#9525 = DEFINITIONAL_REPRESENTATION('',(#9526),#9530);
#9526 = LINE('',#9527,#9528);
#9527 = CARTESIAN_POINT('',(4.,-177.5));
#9528 = VECTOR('',#9529,1.);
#9529 = DIRECTION('',(0.,-1.));
#9530 = ( GEOMETRIC_REPRESENTATION_CONTEXT(2) 
PARAMETRIC_REPRESENTATION_CONTEXT() REPRESENTATION_CONTEXT('2D SPACE',''
  ) );
#9531 = ORIENTED_EDGE('',*,*,#9532,.T.);
#9532 = EDGE_CURVE('',#9505,#9533,#9535,.T.);
#9533 = VERTEX_POINT('',#9534);
#9534 = CARTESIAN_POINT('',(355.,108.,20.));
#9535 = SURFACE_CURVE('',#9536,(#9540,#9547),.PCURVE_S1.);
#9536 = LINE('',#9537,#9538);
#9537 = CARTESIAN_POINT('',(355.,21.,20.));
#9538 = VECTOR('',#9539,1.);
#9539 = DIRECTION('',(0.,1.,0.));
#9540 = PCURVE('',#3464,#9541);
#9541 = DEFINITIONAL_REPRESENTATION('',(#9542),#9546);
#9542 = LINE('',#9543,#9544);
#9543 = CARTESIAN_POINT('',(355.,21.));
#9544 = VECTOR('',#9545,1.);
#9545 = DIRECTION('',(0.,1.));
#9546 = ( GEOMETRIC_REPRESENTATION_CONTEXT(2) 
PARAMETRIC_REPRESENTATION_CONTEXT() REPRESENTATION_CONTEXT('2D SPACE',''
  ) );
#9547 = PCURVE('',#9548,#9553);
#9548 = PLANE('',#9549);
#9549 = AXIS2_PLACEMENT_3D('',#9550,#9551,#9552);
#9550 = CARTESIAN_POINT('',(355.,42.,16.));
#9551 = DIRECTION('',(1.,0.,0.));
#9552 = DIRECTION('',(0.,0.,1.));
#9553 = DEFINITIONAL_REPRESENTATION('',(#9554),#9558);
#9554 = LINE('',#9555,#9556);
#9555 = CARTESIAN_POINT('',(4.,21.));
#9556 = VECTOR('',#9557,1.);
#9557 = DIRECTION('',(0.,-1.));
#9558 = ( GEOMETRIC_REPRESENTATION_CONTEXT(2) 
PARAMETRIC_REPRESENTATION_CONTEXT() REPRESENTATION_CONTEXT('2D SPACE',''
  ) );
#9559 = ORIENTED_EDGE('',*,*,#9560,.F.);
#9560 = EDGE_CURVE('',#9420,#9533,#9561,.T.);
#9561 = SURFACE_CURVE('',#9562,(#9566,#9573),.PCURVE_S1.);
#9562 = LINE('',#9563,#9564);
#9563 = CARTESIAN_POINT('',(177.5,108.,20.));
#9564 = VECTOR('',#9565,1.);
#9565 = DIRECTION('',(-1.,0.,0.));
#9566 = PCURVE('',#3464,#9567);
#9567 = DEFINITIONAL_REPRESENTATION('',(#9568),#9572);
#9568 = LINE('',#9569,#9570);
#9569 = CARTESIAN_POINT('',(177.5,108.));
#9570 = VECTOR('',#9571,1.);
#9571 = DIRECTION('',(-1.,0.));
#9572 = ( GEOMETRIC_REPRESENTATION_CONTEXT(2) 
PARAMETRIC_REPRESENTATION_CONTEXT() REPRESENTATION_CONTEXT('2D SPACE',''
  ) );
#9573 = PCURVE('',#9574,#9579);
#9574 = PLANE('',#9575);
#9575 = AXIS2_PLACEMENT_3D('',#9576,#9577,#9578);
#9576 = CARTESIAN_POINT('',(355.,108.,16.));
#9577 = DIRECTION('',(0.,1.,0.));
#9578 = DIRECTION('',(0.,0.,1.));
#9579 = DEFINITIONAL_REPRESENTATION('',(#9580),#9584);
#9580 = LINE('',#9581,#9582);
#9581 = CARTESIAN_POINT('',(4.,-177.5));
#9582 = VECTOR('',#9583,1.);
#9583 = DIRECTION('',(0.,-1.));
#9584 = ( GEOMETRIC_REPRESENTATION_CONTEXT(2) 
PARAMETRIC_REPRESENTATION_CONTEXT() REPRESENTATION_CONTEXT('2D SPACE',''
  ) );
#9585 = FACE_BOUND('',#9586,.F.);
#9586 = EDGE_LOOP('',(#9587));
#9587 = ORIENTED_EDGE('',*,*,#9588,.T.);
#9588 = EDGE_CURVE('',#9589,#9589,#9591,.T.);
#9589 = VERTEX_POINT('',#9590);
#9590 = CARTESIAN_POINT('',(433.,75.,20.));
#9591 = SURFACE_CURVE('',#9592,(#9597,#9608),.PCURVE_S1.);
#9592 = CIRCLE('',#9593,8.);
#9593 = AXIS2_PLACEMENT_3D('',#9594,#9595,#9596);
#9594 = CARTESIAN_POINT('',(425.,75.,20.));
#9595 = DIRECTION('',(0.,0.,-1.));
#9596 = DIRECTION('',(1.,0.,0.));
#9597 = PCURVE('',#3464,#9598);
#9598 = DEFINITIONAL_REPRESENTATION('',(#9599),#9607);
#9599 = ( BOUNDED_CURVE() B_SPLINE_CURVE(2,(#9600,#9601,#9602,#9603,
#9604,#9605,#9606),.UNSPECIFIED.,.T.,.F.) B_SPLINE_CURVE_WITH_KNOTS((1,2
    ,2,2,2,1),(-2.094395102393,0.,2.094395102393,4.188790204786,
6.28318530718,8.377580409573),.UNSPECIFIED.) CURVE() 
GEOMETRIC_REPRESENTATION_ITEM() RATIONAL_B_SPLINE_CURVE((1.,0.5,1.,0.5,
1.,0.5,1.)) REPRESENTATION_ITEM('') );
#9600 = CARTESIAN_POINT('',(433.,75.));
#9601 = CARTESIAN_POINT('',(433.,61.143593539449));
#9602 = CARTESIAN_POINT('',(421.,68.071796769724));
#9603 = CARTESIAN_POINT('',(409.,75.));
#9604 = CARTESIAN_POINT('',(421.,81.928203230275));
#9605 = CARTESIAN_POINT('',(433.,88.856406460551));
#9606 = CARTESIAN_POINT('',(433.,75.));
#9607 = ( GEOMETRIC_REPRESENTATION_CONTEXT(2) 
PARAMETRIC_REPRESENTATION_CONTEXT() REPRESENTATION_CONTEXT('2D SPACE',''
  ) );
#9608 = PCURVE('',#9609,#9614);
#9609 = CYLINDRICAL_SURFACE('',#9610,8.);
#9610 = AXIS2_PLACEMENT_3D('',#9611,#9612,#9613);
#9611 = CARTESIAN_POINT('',(425.,75.,16.));
#9612 = DIRECTION('',(-0.,-0.,-1.));
#9613 = DIRECTION('',(1.,0.,0.));
#9614 = DEFINITIONAL_REPRESENTATION('',(#9615),#9619);
#9615 = LINE('',#9616,#9617);
#9616 = CARTESIAN_POINT('',(-6.28318530718,-4.));
#9617 = VECTOR('',#9618,1.);
#9618 = DIRECTION('',(1.,-0.));
#9619 = ( GEOMETRIC_REPRESENTATION_CONTEXT(2) 
PARAMETRIC_REPRESENTATION_CONTEXT() REPRESENTATION_CONTEXT('2D SPACE',''
  ) );
#9620 = FACE_BOUND('',#9621,.F.);
#9621 = EDGE_LOOP('',(#9622));
#9622 = ORIENTED_EDGE('',*,*,#9623,.T.);
#9623 = EDGE_CURVE('',#9624,#9624,#9626,.T.);
#9624 = VERTEX_POINT('',#9625);
#9625 = CARTESIAN_POINT('',(233.,125.,20.));
#9626 = SURFACE_CURVE('',#9627,(#9632,#9643),.PCURVE_S1.);
#9627 = CIRCLE('',#9628,8.);
#9628 = AXIS2_PLACEMENT_3D('',#9629,#9630,#9631);
#9629 = CARTESIAN_POINT('',(225.,125.,20.));
#9630 = DIRECTION('',(0.,0.,-1.));
#9631 = DIRECTION('',(1.,0.,0.));
#9632 = PCURVE('',#3464,#9633);
#9633 = DEFINITIONAL_REPRESENTATION('',(#9634),#9642);
#9634 = ( BOUNDED_CURVE() B_SPLINE_CURVE(2,(#9635,#9636,#9637,#9638,
#9639,#9640,#9641),.UNSPECIFIED.,.T.,.F.) B_SPLINE_CURVE_WITH_KNOTS((1,2
    ,2,2,2,1),(-2.094395102393,0.,2.094395102393,4.188790204786,
6.28318530718,8.377580409573),.UNSPECIFIED.) CURVE() 
GEOMETRIC_REPRESENTATION_ITEM() RATIONAL_B_SPLINE_CURVE((1.,0.5,1.,0.5,
1.,0.5,1.)) REPRESENTATION_ITEM('') );
#9635 = CARTESIAN_POINT('',(233.,125.));
#9636 = CARTESIAN_POINT('',(233.,111.14359353944));
#9637 = CARTESIAN_POINT('',(221.,118.07179676972));
#9638 = CARTESIAN_POINT('',(209.,125.));
#9639 = CARTESIAN_POINT('',(221.,131.92820323027));
#9640 = CARTESIAN_POINT('',(233.,138.85640646055));
#9641 = CARTESIAN_POINT('',(233.,125.));
#9642 = ( GEOMETRIC_REPRESENTATION_CONTEXT(2) 
PARAMETRIC_REPRESENTATION_CONTEXT() REPRESENTATION_CONTEXT('2D SPACE',''
  ) );
#9643 = PCURVE('',#9644,#9649);
#9644 = CYLINDRICAL_SURFACE('',#9645,8.);
#9645 = AXIS2_PLACEMENT_3D('',#9646,#9647,#9648);
#9646 = CARTESIAN_POINT('',(225.,125.,16.));
#9647 = DIRECTION('',(-0.,-0.,-1.));
#9648 = DIRECTION('',(1.,0.,0.));
#9649 = DEFINITIONAL_REPRESENTATION('',(#9650),#9654);
#9650 = LINE('',#9651,#9652);
#9651 = CARTESIAN_POINT('',(-6.28318530718,-4.));
#9652 = VECTOR('',#9653,1.);
#9653 = DIRECTION('',(1.,-0.));
#9654 = ( GEOMETRIC_REPRESENTATION_CONTEXT(2) 
PARAMETRIC_REPRESENTATION_CONTEXT() REPRESENTATION_CONTEXT('2D SPACE',''
  ) );
#9655 = FACE_BOUND('',#9656,.F.);
#9656 = EDGE_LOOP('',(#9657));
#9657 = ORIENTED_EDGE('',*,*,#9658,.T.);
#9658 = EDGE_CURVE('',#9659,#9659,#9661,.T.);
#9659 = VERTEX_POINT('',#9660);
#9660 = CARTESIAN_POINT('',(283.,125.,20.));
#9661 = SURFACE_CURVE('',#9662,(#9667,#9678),.PCURVE_S1.);
#9662 = CIRCLE('',#9663,8.);
#9663 = AXIS2_PLACEMENT_3D('',#9664,#9665,#9666);
#9664 = CARTESIAN_POINT('',(275.,125.,20.));
#9665 = DIRECTION('',(0.,0.,-1.));
#9666 = DIRECTION('',(1.,0.,0.));
#9667 = PCURVE('',#3464,#9668);
#9668 = DEFINITIONAL_REPRESENTATION('',(#9669),#9677);
#9669 = ( BOUNDED_CURVE() B_SPLINE_CURVE(2,(#9670,#9671,#9672,#9673,
#9674,#9675,#9676),.UNSPECIFIED.,.T.,.F.) B_SPLINE_CURVE_WITH_KNOTS((1,2
    ,2,2,2,1),(-2.094395102393,0.,2.094395102393,4.188790204786,
6.28318530718,8.377580409573),.UNSPECIFIED.) CURVE() 
GEOMETRIC_REPRESENTATION_ITEM() RATIONAL_B_SPLINE_CURVE((1.,0.5,1.,0.5,
1.,0.5,1.)) REPRESENTATION_ITEM('') );
#9670 = CARTESIAN_POINT('',(283.,125.));
#9671 = CARTESIAN_POINT('',(283.,111.14359353944));
#9672 = CARTESIAN_POINT('',(271.,118.07179676972));
#9673 = CARTESIAN_POINT('',(259.,125.));
#9674 = CARTESIAN_POINT('',(271.,131.92820323027));
#9675 = CARTESIAN_POINT('',(283.,138.85640646055));
#9676 = CARTESIAN_POINT('',(283.,125.));
#9677 = ( GEOMETRIC_REPRESENTATION_CONTEXT(2) 
PARAMETRIC_REPRESENTATION_CONTEXT() REPRESENTATION_CONTEXT('2D SPACE',''
  ) );
#9678 = PCURVE('',#9679,#9684);
#9679 = CYLINDRICAL_SURFACE('',#9680,8.);
#9680 = AXIS2_PLACEMENT_3D('',#9681,#9682,#9683);
#9681 = CARTESIAN_POINT('',(275.,125.,16.));
#9682 = DIRECTION('',(-0.,-0.,-1.));
#9683 = DIRECTION('',(1.,0.,0.));
#9684 = DEFINITIONAL_REPRESENTATION('',(#9685),#9689);
#9685 = LINE('',#9686,#9687);
#9686 = CARTESIAN_POINT('',(-6.28318530718,-4.));
#9687 = VECTOR('',#9688,1.);
#9688 = DIRECTION('',(1.,-0.));
#9689 = ( GEOMETRIC_REPRESENTATION_CONTEXT(2) 
PARAMETRIC_REPRESENTATION_CONTEXT() REPRESENTATION_CONTEXT('2D SPACE',''
  ) );
#9690 = FACE_BOUND('',#9691,.F.);
#9691 = EDGE_LOOP('',(#9692));
#9692 = ORIENTED_EDGE('',*,*,#9693,.T.);
#9693 = EDGE_CURVE('',#9694,#9694,#9696,.T.);
#9694 = VERTEX_POINT('',#9695);
#9695 = CARTESIAN_POINT('',(333.,125.,20.));
#9696 = SURFACE_CURVE('',#9697,(#9702,#9713),.PCURVE_S1.);
#9697 = CIRCLE('',#9698,8.);
#9698 = AXIS2_PLACEMENT_3D('',#9699,#9700,#9701);
#9699 = CARTESIAN_POINT('',(325.,125.,20.));
#9700 = DIRECTION('',(0.,0.,-1.));
#9701 = DIRECTION('',(1.,0.,0.));
#9702 = PCURVE('',#3464,#9703);
#9703 = DEFINITIONAL_REPRESENTATION('',(#9704),#9712);
#9704 = ( BOUNDED_CURVE() B_SPLINE_CURVE(2,(#9705,#9706,#9707,#9708,
#9709,#9710,#9711),.UNSPECIFIED.,.T.,.F.) B_SPLINE_CURVE_WITH_KNOTS((1,2
    ,2,2,2,1),(-2.094395102393,0.,2.094395102393,4.188790204786,
6.28318530718,8.377580409573),.UNSPECIFIED.) CURVE() 
GEOMETRIC_REPRESENTATION_ITEM() RATIONAL_B_SPLINE_CURVE((1.,0.5,1.,0.5,
1.,0.5,1.)) REPRESENTATION_ITEM('') );
#9705 = CARTESIAN_POINT('',(333.,125.));
#9706 = CARTESIAN_POINT('',(333.,111.14359353944));
#9707 = CARTESIAN_POINT('',(321.,118.07179676972));
#9708 = CARTESIAN_POINT('',(309.,125.));
#9709 = CARTESIAN_POINT('',(321.,131.92820323027));
#9710 = CARTESIAN_POINT('',(333.,138.85640646055));
#9711 = CARTESIAN_POINT('',(333.,125.));
#9712 = ( GEOMETRIC_REPRESENTATION_CONTEXT(2) 
PARAMETRIC_REPRESENTATION_CONTEXT() REPRESENTATION_CONTEXT('2D SPACE',''
  ) );
#9713 = PCURVE('',#9714,#9719);
#9714 = CYLINDRICAL_SURFACE('',#9715,8.);
#9715 = AXIS2_PLACEMENT_3D('',#9716,#9717,#9718);
#9716 = CARTESIAN_POINT('',(325.,125.,16.));
#9717 = DIRECTION('',(-0.,-0.,-1.));
#9718 = DIRECTION('',(1.,0.,0.));
#9719 = DEFINITIONAL_REPRESENTATION('',(#9720),#9724);
#9720 = LINE('',#9721,#9722);
#9721 = CARTESIAN_POINT('',(-6.28318530718,-4.));
#9722 = VECTOR('',#9723,1.);
#9723 = DIRECTION('',(1.,-0.));
#9724 = ( GEOMETRIC_REPRESENTATION_CONTEXT(2) 
PARAMETRIC_REPRESENTATION_CONTEXT() REPRESENTATION_CONTEXT('2D SPACE',''
  ) );
#9725 = FACE_BOUND('',#9726,.F.);
#9726 = EDGE_LOOP('',(#9727));
#9727 = ORIENTED_EDGE('',*,*,#9728,.T.);
#9728 = EDGE_CURVE('',#9729,#9729,#9731,.T.);
#9729 = VERTEX_POINT('',#9730);
#9730 = CARTESIAN_POINT('',(383.,125.,20.));
#9731 = SURFACE_CURVE('',#9732,(#9737,#9748),.PCURVE_S1.);
#9732 = CIRCLE('',#9733,8.);
#9733 = AXIS2_PLACEMENT_3D('',#9734,#9735,#9736);
#9734 = CARTESIAN_POINT('',(375.,125.,20.));
#9735 = DIRECTION('',(0.,0.,-1.));
#9736 = DIRECTION('',(1.,0.,0.));
#9737 = PCURVE('',#3464,#9738);
#9738 = DEFINITIONAL_REPRESENTATION('',(#9739),#9747);
#9739 = ( BOUNDED_CURVE() B_SPLINE_CURVE(2,(#9740,#9741,#9742,#9743,
#9744,#9745,#9746),.UNSPECIFIED.,.T.,.F.) B_SPLINE_CURVE_WITH_KNOTS((1,2
    ,2,2,2,1),(-2.094395102393,0.,2.094395102393,4.188790204786,
6.28318530718,8.377580409573),.UNSPECIFIED.) CURVE() 
GEOMETRIC_REPRESENTATION_ITEM() RATIONAL_B_SPLINE_CURVE((1.,0.5,1.,0.5,
1.,0.5,1.)) REPRESENTATION_ITEM('') );
#9740 = CARTESIAN_POINT('',(383.,125.));
#9741 = CARTESIAN_POINT('',(383.,111.14359353944));
#9742 = CARTESIAN_POINT('',(371.,118.07179676972));
#9743 = CARTESIAN_POINT('',(359.,125.));
#9744 = CARTESIAN_POINT('',(371.,131.92820323027));
#9745 = CARTESIAN_POINT('',(383.,138.85640646055));
#9746 = CARTESIAN_POINT('',(383.,125.));
#9747 = ( GEOMETRIC_REPRESENTATION_CONTEXT(2) 
PARAMETRIC_REPRESENTATION_CONTEXT() REPRESENTATION_CONTEXT('2D SPACE',''
  ) );
#9748 = PCURVE('',#9749,#9754);
#9749 = CYLINDRICAL_SURFACE('',#9750,8.);
#9750 = AXIS2_PLACEMENT_3D('',#9751,#9752,#9753);
#9751 = CARTESIAN_POINT('',(375.,125.,16.));
#9752 = DIRECTION('',(-0.,-0.,-1.));
#9753 = DIRECTION('',(1.,0.,0.));
#9754 = DEFINITIONAL_REPRESENTATION('',(#9755),#9759);
#9755 = LINE('',#9756,#9757);
#9756 = CARTESIAN_POINT('',(-6.28318530718,-4.));
#9757 = VECTOR('',#9758,1.);
#9758 = DIRECTION('',(1.,-0.));
#9759 = ( GEOMETRIC_REPRESENTATION_CONTEXT(2) 
PARAMETRIC_REPRESENTATION_CONTEXT() REPRESENTATION_CONTEXT('2D SPACE',''
  ) );
#9760 = FACE_BOUND('',#9761,.F.);
#9761 = EDGE_LOOP('',(#9762));
#9762 = ORIENTED_EDGE('',*,*,#9763,.T.);
#9763 = EDGE_CURVE('',#9764,#9764,#9766,.T.);
#9764 = VERTEX_POINT('',#9765);
#9765 = CARTESIAN_POINT('',(433.,125.,20.));
#9766 = SURFACE_CURVE('',#9767,(#9772,#9783),.PCURVE_S1.);
#9767 = CIRCLE('',#9768,8.);
#9768 = AXIS2_PLACEMENT_3D('',#9769,#9770,#9771);
#9769 = CARTESIAN_POINT('',(425.,125.,20.));
#9770 = DIRECTION('',(0.,0.,-1.));
#9771 = DIRECTION('',(1.,0.,0.));
#9772 = PCURVE('',#3464,#9773);
#9773 = DEFINITIONAL_REPRESENTATION('',(#9774),#9782);
#9774 = ( BOUNDED_CURVE() B_SPLINE_CURVE(2,(#9775,#9776,#9777,#9778,
#9779,#9780,#9781),.UNSPECIFIED.,.T.,.F.) B_SPLINE_CURVE_WITH_KNOTS((1,2
    ,2,2,2,1),(-2.094395102393,0.,2.094395102393,4.188790204786,
6.28318530718,8.377580409573),.UNSPECIFIED.) CURVE() 
GEOMETRIC_REPRESENTATION_ITEM() RATIONAL_B_SPLINE_CURVE((1.,0.5,1.,0.5,
1.,0.5,1.)) REPRESENTATION_ITEM('') );
#9775 = CARTESIAN_POINT('',(433.,125.));
#9776 = CARTESIAN_POINT('',(433.,111.14359353944));
#9777 = CARTESIAN_POINT('',(421.,118.07179676972));
#9778 = CARTESIAN_POINT('',(409.,125.));
#9779 = CARTESIAN_POINT('',(421.,131.92820323027));
#9780 = CARTESIAN_POINT('',(433.,138.85640646055));
#9781 = CARTESIAN_POINT('',(433.,125.));
#9782 = ( GEOMETRIC_REPRESENTATION_CONTEXT(2) 
PARAMETRIC_REPRESENTATION_CONTEXT() REPRESENTATION_CONTEXT('2D SPACE',''
  ) );
#9783 = PCURVE('',#9784,#9789);
#9784 = CYLINDRICAL_SURFACE('',#9785,8.);
#9785 = AXIS2_PLACEMENT_3D('',#9786,#9787,#9788);
#9786 = CARTESIAN_POINT('',(425.,125.,16.));
#9787 = DIRECTION('',(-0.,-0.,-1.));
#9788 = DIRECTION('',(1.,0.,0.));
#9789 = DEFINITIONAL_REPRESENTATION('',(#9790),#9794);
#9790 = LINE('',#9791,#9792);
#9791 = CARTESIAN_POINT('',(-6.28318530718,-4.));
#9792 = VECTOR('',#9793,1.);
#9793 = DIRECTION('',(1.,-0.));
#9794 = ( GEOMETRIC_REPRESENTATION_CONTEXT(2) 
PARAMETRIC_REPRESENTATION_CONTEXT() REPRESENTATION_CONTEXT('2D SPACE',''
  ) );
#9795 = FACE_BOUND('',#9796,.F.);
#9796 = EDGE_LOOP('',(#9797));
#9797 = ORIENTED_EDGE('',*,*,#9798,.T.);
#9798 = EDGE_CURVE('',#9799,#9799,#9801,.T.);
#9799 = VERTEX_POINT('',#9800);
#9800 = CARTESIAN_POINT('',(33.,175.,20.));
#9801 = SURFACE_CURVE('',#9802,(#9807,#9818),.PCURVE_S1.);
#9802 = CIRCLE('',#9803,8.);
#9803 = AXIS2_PLACEMENT_3D('',#9804,#9805,#9806);
#9804 = CARTESIAN_POINT('',(25.,175.,20.));
#9805 = DIRECTION('',(0.,0.,-1.));
#9806 = DIRECTION('',(1.,0.,0.));
#9807 = PCURVE('',#3464,#9808);
#9808 = DEFINITIONAL_REPRESENTATION('',(#9809),#9817);
#9809 = ( BOUNDED_CURVE() B_SPLINE_CURVE(2,(#9810,#9811,#9812,#9813,
#9814,#9815,#9816),.UNSPECIFIED.,.T.,.F.) B_SPLINE_CURVE_WITH_KNOTS((1,2
    ,2,2,2,1),(-2.094395102393,0.,2.094395102393,4.188790204786,
6.28318530718,8.377580409573),.UNSPECIFIED.) CURVE() 
GEOMETRIC_REPRESENTATION_ITEM() RATIONAL_B_SPLINE_CURVE((1.,0.5,1.,0.5,
1.,0.5,1.)) REPRESENTATION_ITEM('') );
#9810 = CARTESIAN_POINT('',(33.,175.));
#9811 = CARTESIAN_POINT('',(33.,161.14359353944));
#9812 = CARTESIAN_POINT('',(21.,168.07179676972));
#9813 = CARTESIAN_POINT('',(9.,175.));
#9814 = CARTESIAN_POINT('',(21.,181.92820323027));
#9815 = CARTESIAN_POINT('',(33.,188.85640646055));
#9816 = CARTESIAN_POINT('',(33.,175.));
#9817 = ( GEOMETRIC_REPRESENTATION_CONTEXT(2) 
PARAMETRIC_REPRESENTATION_CONTEXT() REPRESENTATION_CONTEXT('2D SPACE',''
  ) );
#9818 = PCURVE('',#9819,#9824);
#9819 = CYLINDRICAL_SURFACE('',#9820,8.);
#9820 = AXIS2_PLACEMENT_3D('',#9821,#9822,#9823);
#9821 = CARTESIAN_POINT('',(25.,175.,16.));
#9822 = DIRECTION('',(-0.,-0.,-1.));
#9823 = DIRECTION('',(1.,0.,0.));
#9824 = DEFINITIONAL_REPRESENTATION('',(#9825),#9829);
#9825 = LINE('',#9826,#9827);
#9826 = CARTESIAN_POINT('',(-6.28318530718,-4.));
#9827 = VECTOR('',#9828,1.);
#9828 = DIRECTION('',(1.,-0.));
#9829 = ( GEOMETRIC_REPRESENTATION_CONTEXT(2) 
PARAMETRIC_REPRESENTATION_CONTEXT() REPRESENTATION_CONTEXT('2D SPACE',''
  ) );
#9830 = FACE_BOUND('',#9831,.F.);
#9831 = EDGE_LOOP('',(#9832));
#9832 = ORIENTED_EDGE('',*,*,#9833,.T.);
#9833 = EDGE_CURVE('',#9834,#9834,#9836,.T.);
#9834 = VERTEX_POINT('',#9835);
#9835 = CARTESIAN_POINT('',(83.,175.,20.));
#9836 = SURFACE_CURVE('',#9837,(#9842,#9853),.PCURVE_S1.);
#9837 = CIRCLE('',#9838,8.);
#9838 = AXIS2_PLACEMENT_3D('',#9839,#9840,#9841);
#9839 = CARTESIAN_POINT('',(75.,175.,20.));
#9840 = DIRECTION('',(0.,0.,-1.));
#9841 = DIRECTION('',(1.,0.,0.));
#9842 = PCURVE('',#3464,#9843);
#9843 = DEFINITIONAL_REPRESENTATION('',(#9844),#9852);
#9844 = ( BOUNDED_CURVE() B_SPLINE_CURVE(2,(#9845,#9846,#9847,#9848,
#9849,#9850,#9851),.UNSPECIFIED.,.T.,.F.) B_SPLINE_CURVE_WITH_KNOTS((1,2
    ,2,2,2,1),(-2.094395102393,0.,2.094395102393,4.188790204786,
6.28318530718,8.377580409573),.UNSPECIFIED.) CURVE() 
GEOMETRIC_REPRESENTATION_ITEM() RATIONAL_B_SPLINE_CURVE((1.,0.5,1.,0.5,
1.,0.5,1.)) REPRESENTATION_ITEM('') );
#9845 = CARTESIAN_POINT('',(83.,175.));
#9846 = CARTESIAN_POINT('',(83.,161.14359353944));
#9847 = CARTESIAN_POINT('',(71.,168.07179676972));
#9848 = CARTESIAN_POINT('',(59.,175.));
#9849 = CARTESIAN_POINT('',(71.,181.92820323027));
#9850 = CARTESIAN_POINT('',(83.,188.85640646055));
#9851 = CARTESIAN_POINT('',(83.,175.));
#9852 = ( GEOMETRIC_REPRESENTATION_CONTEXT(2) 
PARAMETRIC_REPRESENTATION_CONTEXT() REPRESENTATION_CONTEXT('2D SPACE',''
  ) );
#9853 = PCURVE('',#9854,#9859);
#9854 = CYLINDRICAL_SURFACE('',#9855,8.);
#9855 = AXIS2_PLACEMENT_3D('',#9856,#9857,#9858);
#9856 = CARTESIAN_POINT('',(75.,175.,16.));
#9857 = DIRECTION('',(-0.,-0.,-1.));
#9858 = DIRECTION('',(1.,0.,0.));
#9859 = DEFINITIONAL_REPRESENTATION('',(#9860),#9864);
#9860 = LINE('',#9861,#9862);
#9861 = CARTESIAN_POINT('',(-6.28318530718,-4.));
#9862 = VECTOR('',#9863,1.);
#9863 = DIRECTION('',(1.,-0.));
#9864 = ( GEOMETRIC_REPRESENTATION_CONTEXT(2) 
PARAMETRIC_REPRESENTATION_CONTEXT() REPRESENTATION_CONTEXT('2D SPACE',''
  ) );
#9865 = FACE_BOUND('',#9866,.F.);
#9866 = EDGE_LOOP('',(#9867));
#9867 = ORIENTED_EDGE('',*,*,#9868,.T.);
#9868 = EDGE_CURVE('',#9869,#9869,#9871,.T.);
#9869 = VERTEX_POINT('',#9870);
#9870 = CARTESIAN_POINT('',(33.,225.,20.));
#9871 = SURFACE_CURVE('',#9872,(#9877,#9888),.PCURVE_S1.);
#9872 = CIRCLE('',#9873,8.);
#9873 = AXIS2_PLACEMENT_3D('',#9874,#9875,#9876);
#9874 = CARTESIAN_POINT('',(25.,225.,20.));
#9875 = DIRECTION('',(0.,0.,-1.));
#9876 = DIRECTION('',(1.,0.,0.));
#9877 = PCURVE('',#3464,#9878);
#9878 = DEFINITIONAL_REPRESENTATION('',(#9879),#9887);
#9879 = ( BOUNDED_CURVE() B_SPLINE_CURVE(2,(#9880,#9881,#9882,#9883,
#9884,#9885,#9886),.UNSPECIFIED.,.T.,.F.) B_SPLINE_CURVE_WITH_KNOTS((1,2
    ,2,2,2,1),(-2.094395102393,0.,2.094395102393,4.188790204786,
6.28318530718,8.377580409573),.UNSPECIFIED.) CURVE() 
GEOMETRIC_REPRESENTATION_ITEM() RATIONAL_B_SPLINE_CURVE((1.,0.5,1.,0.5,
1.,0.5,1.)) REPRESENTATION_ITEM('') );
#9880 = CARTESIAN_POINT('',(33.,225.));
#9881 = CARTESIAN_POINT('',(33.,211.14359353944));
#9882 = CARTESIAN_POINT('',(21.,218.07179676972));
#9883 = CARTESIAN_POINT('',(9.,225.));
#9884 = CARTESIAN_POINT('',(21.,231.92820323027));
#9885 = CARTESIAN_POINT('',(33.,238.85640646055));
#9886 = CARTESIAN_POINT('',(33.,225.));
#9887 = ( GEOMETRIC_REPRESENTATION_CONTEXT(2) 
PARAMETRIC_REPRESENTATION_CONTEXT() REPRESENTATION_CONTEXT('2D SPACE',''
  ) );
#9888 = PCURVE('',#9889,#9894);
#9889 = CYLINDRICAL_SURFACE('',#9890,8.);
#9890 = AXIS2_PLACEMENT_3D('',#9891,#9892,#9893);
#9891 = CARTESIAN_POINT('',(25.,225.,16.));
#9892 = DIRECTION('',(-0.,-0.,-1.));
#9893 = DIRECTION('',(1.,0.,0.));
#9894 = DEFINITIONAL_REPRESENTATION('',(#9895),#9899);
#9895 = LINE('',#9896,#9897);
#9896 = CARTESIAN_POINT('',(-6.28318530718,-4.));
#9897 = VECTOR('',#9898,1.);
#9898 = DIRECTION('',(1.,-0.));
#9899 = ( GEOMETRIC_REPRESENTATION_CONTEXT(2) 
PARAMETRIC_REPRESENTATION_CONTEXT() REPRESENTATION_CONTEXT('2D SPACE',''
  ) );
#9900 = FACE_BOUND('',#9901,.F.);
#9901 = EDGE_LOOP('',(#9902));
#9902 = ORIENTED_EDGE('',*,*,#9903,.T.);
#9903 = EDGE_CURVE('',#9904,#9904,#9906,.T.);
#9904 = VERTEX_POINT('',#9905);
#9905 = CARTESIAN_POINT('',(83.,225.,20.));
#9906 = SURFACE_CURVE('',#9907,(#9912,#9923),.PCURVE_S1.);
#9907 = CIRCLE('',#9908,8.);
#9908 = AXIS2_PLACEMENT_3D('',#9909,#9910,#9911);
#9909 = CARTESIAN_POINT('',(75.,225.,20.));
#9910 = DIRECTION('',(0.,0.,-1.));
#9911 = DIRECTION('',(1.,0.,0.));
#9912 = PCURVE('',#3464,#9913);
#9913 = DEFINITIONAL_REPRESENTATION('',(#9914),#9922);
#9914 = ( BOUNDED_CURVE() B_SPLINE_CURVE(2,(#9915,#9916,#9917,#9918,
#9919,#9920,#9921),.UNSPECIFIED.,.T.,.F.) B_SPLINE_CURVE_WITH_KNOTS((1,2
    ,2,2,2,1),(-2.094395102393,0.,2.094395102393,4.188790204786,
6.28318530718,8.377580409573),.UNSPECIFIED.) CURVE() 
GEOMETRIC_REPRESENTATION_ITEM() RATIONAL_B_SPLINE_CURVE((1.,0.5,1.,0.5,
1.,0.5,1.)) REPRESENTATION_ITEM('') );
#9915 = CARTESIAN_POINT('',(83.,225.));
#9916 = CARTESIAN_POINT('',(83.,211.14359353944));
#9917 = CARTESIAN_POINT('',(71.,218.07179676972));
#9918 = CARTESIAN_POINT('',(59.,225.));
#9919 = CARTESIAN_POINT('',(71.,231.92820323027));
#9920 = CARTESIAN_POINT('',(83.,238.85640646055));
#9921 = CARTESIAN_POINT('',(83.,225.));
#9922 = ( GEOMETRIC_REPRESENTATION_CONTEXT(2) 
PARAMETRIC_REPRESENTATION_CONTEXT() REPRESENTATION_CONTEXT('2D SPACE',''
  ) );
#9923 = PCURVE('',#9924,#9929);
#9924 = CYLINDRICAL_SURFACE('',#9925,8.);
#9925 = AXIS2_PLACEMENT_3D('',#9926,#9927,#9928);
#9926 = CARTESIAN_POINT('',(75.,225.,16.));
#9927 = DIRECTION('',(-0.,-0.,-1.));
#9928 = DIRECTION('',(1.,0.,0.));
#9929 = DEFINITIONAL_REPRESENTATION('',(#9930),#9934);
#9930 = LINE('',#9931,#9932);
#9931 = CARTESIAN_POINT('',(-6.28318530718,-4.));
#9932 = VECTOR('',#9933,1.);
#9933 = DIRECTION('',(1.,-0.));
#9934 = ( GEOMETRIC_REPRESENTATION_CONTEXT(2) 
PARAMETRIC_REPRESENTATION_CONTEXT() REPRESENTATION_CONTEXT('2D SPACE',''
  ) );
#9935 = FACE_BOUND('',#9936,.F.);
#9936 = EDGE_LOOP('',(#9937));
#9937 = ORIENTED_EDGE('',*,*,#9938,.T.);
#9938 = EDGE_CURVE('',#9939,#9939,#9941,.T.);
#9939 = VERTEX_POINT('',#9940);
#9940 = CARTESIAN_POINT('',(133.,175.,20.));
#9941 = SURFACE_CURVE('',#9942,(#9947,#9958),.PCURVE_S1.);
#9942 = CIRCLE('',#9943,8.);
#9943 = AXIS2_PLACEMENT_3D('',#9944,#9945,#9946);
#9944 = CARTESIAN_POINT('',(125.,175.,20.));
#9945 = DIRECTION('',(0.,0.,-1.));
#9946 = DIRECTION('',(1.,0.,0.));
#9947 = PCURVE('',#3464,#9948);
#9948 = DEFINITIONAL_REPRESENTATION('',(#9949),#9957);
#9949 = ( BOUNDED_CURVE() B_SPLINE_CURVE(2,(#9950,#9951,#9952,#9953,
#9954,#9955,#9956),.UNSPECIFIED.,.T.,.F.) B_SPLINE_CURVE_WITH_KNOTS((1,2
    ,2,2,2,1),(-2.094395102393,0.,2.094395102393,4.188790204786,
6.28318530718,8.377580409573),.UNSPECIFIED.) CURVE() 
GEOMETRIC_REPRESENTATION_ITEM() RATIONAL_B_SPLINE_CURVE((1.,0.5,1.,0.5,
1.,0.5,1.)) REPRESENTATION_ITEM('') );
#9950 = CARTESIAN_POINT('',(133.,175.));
#9951 = CARTESIAN_POINT('',(133.,161.14359353944));
#9952 = CARTESIAN_POINT('',(121.,168.07179676972));
#9953 = CARTESIAN_POINT('',(109.,175.));
#9954 = CARTESIAN_POINT('',(121.,181.92820323027));
#9955 = CARTESIAN_POINT('',(133.,188.85640646055));
#9956 = CARTESIAN_POINT('',(133.,175.));
#9957 = ( GEOMETRIC_REPRESENTATION_CONTEXT(2) 
PARAMETRIC_REPRESENTATION_CONTEXT() REPRESENTATION_CONTEXT('2D SPACE',''
  ) );
#9958 = PCURVE('',#9959,#9964);
#9959 = CYLINDRICAL_SURFACE('',#9960,8.);
#9960 = AXIS2_PLACEMENT_3D('',#9961,#9962,#9963);
#9961 = CARTESIAN_POINT('',(125.,175.,16.));
#9962 = DIRECTION('',(-0.,-0.,-1.));
#9963 = DIRECTION('',(1.,0.,0.));
#9964 = DEFINITIONAL_REPRESENTATION('',(#9965),#9969);
#9965 = LINE('',#9966,#9967);
#9966 = CARTESIAN_POINT('',(-6.28318530718,-4.));
#9967 = VECTOR('',#9968,1.);
#9968 = DIRECTION('',(1.,-0.));
#9969 = ( GEOMETRIC_REPRESENTATION_CONTEXT(2) 
PARAMETRIC_REPRESENTATION_CONTEXT() REPRESENTATION_CONTEXT('2D SPACE',''
  ) );
#9970 = FACE_BOUND('',#9971,.F.);
#9971 = EDGE_LOOP('',(#9972));
#9972 = ORIENTED_EDGE('',*,*,#9973,.T.);
#9973 = EDGE_CURVE('',#9974,#9974,#9976,.T.);
#9974 = VERTEX_POINT('',#9975);
#9975 = CARTESIAN_POINT('',(183.,175.,20.));
#9976 = SURFACE_CURVE('',#9977,(#9982,#9993),.PCURVE_S1.);
#9977 = CIRCLE('',#9978,8.);
#9978 = AXIS2_PLACEMENT_3D('',#9979,#9980,#9981);
#9979 = CARTESIAN_POINT('',(175.,175.,20.));
#9980 = DIRECTION('',(0.,0.,-1.));
#9981 = DIRECTION('',(1.,0.,0.));
#9982 = PCURVE('',#3464,#9983);
#9983 = DEFINITIONAL_REPRESENTATION('',(#9984),#9992);
#9984 = ( BOUNDED_CURVE() B_SPLINE_CURVE(2,(#9985,#9986,#9987,#9988,
#9989,#9990,#9991),.UNSPECIFIED.,.T.,.F.) B_SPLINE_CURVE_WITH_KNOTS((1,2
    ,2,2,2,1),(-2.094395102393,0.,2.094395102393,4.188790204786,
6.28318530718,8.377580409573),.UNSPECIFIED.) CURVE() 
GEOMETRIC_REPRESENTATION_ITEM() RATIONAL_B_SPLINE_CURVE((1.,0.5,1.,0.5,
1.,0.5,1.)) REPRESENTATION_ITEM('') );
#9985 = CARTESIAN_POINT('',(183.,175.));
#9986 = CARTESIAN_POINT('',(183.,161.14359353944));
#9987 = CARTESIAN_POINT('',(171.,168.07179676972));
#9988 = CARTESIAN_POINT('',(159.,175.));
#9989 = CARTESIAN_POINT('',(171.,181.92820323027));
#9990 = CARTESIAN_POINT('',(183.,188.85640646055));
#9991 = CARTESIAN_POINT('',(183.,175.));
#9992 = ( GEOMETRIC_REPRESENTATION_CONTEXT(2) 
PARAMETRIC_REPRESENTATION_CONTEXT() REPRESENTATION_CONTEXT('2D SPACE',''
  ) );
#9993 = PCURVE('',#9994,#9999);
#9994 = CYLINDRICAL_SURFACE('',#9995,8.);
#9995 = AXIS2_PLACEMENT_3D('',#9996,#9997,#9998);
#9996 = CARTESIAN_POINT('',(175.,175.,16.));
#9997 = DIRECTION('',(-0.,-0.,-1.));
#9998 = DIRECTION('',(1.,0.,0.));
#9999 = DEFINITIONAL_REPRESENTATION('',(#10000),#10004);
#10000 = LINE('',#10001,#10002);
#10001 = CARTESIAN_POINT('',(-6.28318530718,-4.));
#10002 = VECTOR('',#10003,1.);
#10003 = DIRECTION('',(1.,-0.));
#10004 = ( GEOMETRIC_REPRESENTATION_CONTEXT(2) 
PARAMETRIC_REPRESENTATION_CONTEXT() REPRESENTATION_CONTEXT('2D SPACE',''
  ) );
#10005 = FACE_BOUND('',#10006,.F.);
#10006 = EDGE_LOOP('',(#10007));
#10007 = ORIENTED_EDGE('',*,*,#10008,.T.);
#10008 = EDGE_CURVE('',#10009,#10009,#10011,.T.);
#10009 = VERTEX_POINT('',#10010);
#10010 = CARTESIAN_POINT('',(133.,225.,20.));
#10011 = SURFACE_CURVE('',#10012,(#10017,#10028),.PCURVE_S1.);
#10012 = CIRCLE('',#10013,8.);
#10013 = AXIS2_PLACEMENT_3D('',#10014,#10015,#10016);
#10014 = CARTESIAN_POINT('',(125.,225.,20.));
#10015 = DIRECTION('',(0.,0.,-1.));
#10016 = DIRECTION('',(1.,0.,0.));
#10017 = PCURVE('',#3464,#10018);
#10018 = DEFINITIONAL_REPRESENTATION('',(#10019),#10027);
#10019 = ( BOUNDED_CURVE() B_SPLINE_CURVE(2,(#10020,#10021,#10022,#10023
    ,#10024,#10025,#10026),.UNSPECIFIED.,.T.,.F.) 
B_SPLINE_CURVE_WITH_KNOTS((1,2,2,2,2,1),(-2.094395102393,0.,
    2.094395102393,4.188790204786,6.28318530718,8.377580409573),
.UNSPECIFIED.) CURVE() GEOMETRIC_REPRESENTATION_ITEM() 
RATIONAL_B_SPLINE_CURVE((1.,0.5,1.,0.5,1.,0.5,1.)) REPRESENTATION_ITEM(
  '') );
#10020 = CARTESIAN_POINT('',(133.,225.));
#10021 = CARTESIAN_POINT('',(133.,211.14359353944));
#10022 = CARTESIAN_POINT('',(121.,218.07179676972));
#10023 = CARTESIAN_POINT('',(109.,225.));
#10024 = CARTESIAN_POINT('',(121.,231.92820323027));
#10025 = CARTESIAN_POINT('',(133.,238.85640646055));
#10026 = CARTESIAN_POINT('',(133.,225.));
#10027 = ( GEOMETRIC_REPRESENTATION_CONTEXT(2) 
PARAMETRIC_REPRESENTATION_CONTEXT() REPRESENTATION_CONTEXT('2D SPACE',''
  ) );
#10028 = PCURVE('',#10029,#10034);
#10029 = CYLINDRICAL_SURFACE('',#10030,8.);
#10030 = AXIS2_PLACEMENT_3D('',#10031,#10032,#10033);
#10031 = CARTESIAN_POINT('',(125.,225.,16.));
#10032 = DIRECTION('',(-0.,-0.,-1.));
#10033 = DIRECTION('',(1.,0.,0.));
#10034 = DEFINITIONAL_REPRESENTATION('',(#10035),#10039);
#10035 = LINE('',#10036,#10037);
#10036 = CARTESIAN_POINT('',(-6.28318530718,-4.));
#10037 = VECTOR('',#10038,1.);
#10038 = DIRECTION('',(1.,-0.));
#10039 = ( GEOMETRIC_REPRESENTATION_CONTEXT(2) 
PARAMETRIC_REPRESENTATION_CONTEXT() REPRESENTATION_CONTEXT('2D SPACE',''
  ) );
#10040 = FACE_BOUND('',#10041,.F.);
#10041 = EDGE_LOOP('',(#10042));
#10042 = ORIENTED_EDGE('',*,*,#10043,.T.);
#10043 = EDGE_CURVE('',#10044,#10044,#10046,.T.);
#10044 = VERTEX_POINT('',#10045);
#10045 = CARTESIAN_POINT('',(183.,225.,20.));
#10046 = SURFACE_CURVE('',#10047,(#10052,#10063),.PCURVE_S1.);
#10047 = CIRCLE('',#10048,8.);
#10048 = AXIS2_PLACEMENT_3D('',#10049,#10050,#10051);
#10049 = CARTESIAN_POINT('',(175.,225.,20.));
#10050 = DIRECTION('',(0.,0.,-1.));
#10051 = DIRECTION('',(1.,0.,0.));
#10052 = PCURVE('',#3464,#10053);
#10053 = DEFINITIONAL_REPRESENTATION('',(#10054),#10062);
#10054 = ( BOUNDED_CURVE() B_SPLINE_CURVE(2,(#10055,#10056,#10057,#10058
    ,#10059,#10060,#10061),.UNSPECIFIED.,.T.,.F.) 
B_SPLINE_CURVE_WITH_KNOTS((1,2,2,2,2,1),(-2.094395102393,0.,
    2.094395102393,4.188790204786,6.28318530718,8.377580409573),
.UNSPECIFIED.) CURVE() GEOMETRIC_REPRESENTATION_ITEM() 
RATIONAL_B_SPLINE_CURVE((1.,0.5,1.,0.5,1.,0.5,1.)) REPRESENTATION_ITEM(
  '') );
#10055 = CARTESIAN_POINT('',(183.,225.));
#10056 = CARTESIAN_POINT('',(183.,211.14359353944));
#10057 = CARTESIAN_POINT('',(171.,218.07179676972));
#10058 = CARTESIAN_POINT('',(159.,225.));
#10059 = CARTESIAN_POINT('',(171.,231.92820323027));
#10060 = CARTESIAN_POINT('',(183.,238.85640646055));
#10061 = CARTESIAN_POINT('',(183.,225.));
#10062 = ( GEOMETRIC_REPRESENTATION_CONTEXT(2) 
PARAMETRIC_REPRESENTATION_CONTEXT() REPRESENTATION_CONTEXT('2D SPACE',''
  ) );
#10063 = PCURVE('',#10064,#10069);
#10064 = CYLINDRICAL_SURFACE('',#10065,8.);
#10065 = AXIS2_PLACEMENT_3D('',#10066,#10067,#10068);
#10066 = CARTESIAN_POINT('',(175.,225.,16.));
#10067 = DIRECTION('',(-0.,-0.,-1.));
#10068 = DIRECTION('',(1.,0.,0.));
#10069 = DEFINITIONAL_REPRESENTATION('',(#10070),#10074);
#10070 = LINE('',#10071,#10072);
#10071 = CARTESIAN_POINT('',(-6.28318530718,-4.));
#10072 = VECTOR('',#10073,1.);
#10073 = DIRECTION('',(1.,-0.));
#10074 = ( GEOMETRIC_REPRESENTATION_CONTEXT(2) 
PARAMETRIC_REPRESENTATION_CONTEXT() REPRESENTATION_CONTEXT('2D SPACE',''
  ) );
#10075 = FACE_BOUND('',#10076,.F.);
#10076 = EDGE_LOOP('',(#10077));
#10077 = ORIENTED_EDGE('',*,*,#10078,.T.);
#10078 = EDGE_CURVE('',#10079,#10079,#10081,.T.);
#10079 = VERTEX_POINT('',#10080);
#10080 = CARTESIAN_POINT('',(33.,275.,20.));
#10081 = SURFACE_CURVE('',#10082,(#10087,#10098),.PCURVE_S1.);
#10082 = CIRCLE('',#10083,8.);
#10083 = AXIS2_PLACEMENT_3D('',#10084,#10085,#10086);
#10084 = CARTESIAN_POINT('',(25.,275.,20.));
#10085 = DIRECTION('',(0.,0.,-1.));
#10086 = DIRECTION('',(1.,0.,0.));
#10087 = PCURVE('',#3464,#10088);
#10088 = DEFINITIONAL_REPRESENTATION('',(#10089),#10097);
#10089 = ( BOUNDED_CURVE() B_SPLINE_CURVE(2,(#10090,#10091,#10092,#10093
    ,#10094,#10095,#10096),.UNSPECIFIED.,.T.,.F.) 
B_SPLINE_CURVE_WITH_KNOTS((1,2,2,2,2,1),(-2.094395102393,0.,
    2.094395102393,4.188790204786,6.28318530718,8.377580409573),
.UNSPECIFIED.) CURVE() GEOMETRIC_REPRESENTATION_ITEM() 
RATIONAL_B_SPLINE_CURVE((1.,0.5,1.,0.5,1.,0.5,1.)) REPRESENTATION_ITEM(
  '') );
#10090 = CARTESIAN_POINT('',(33.,275.));
#10091 = CARTESIAN_POINT('',(33.,261.14359353944));
#10092 = CARTESIAN_POINT('',(21.,268.07179676972));
#10093 = CARTESIAN_POINT('',(9.,275.));
#10094 = CARTESIAN_POINT('',(21.,281.92820323027));
#10095 = CARTESIAN_POINT('',(33.,288.85640646055));
#10096 = CARTESIAN_POINT('',(33.,275.));
#10097 = ( GEOMETRIC_REPRESENTATION_CONTEXT(2) 
PARAMETRIC_REPRESENTATION_CONTEXT() REPRESENTATION_CONTEXT('2D SPACE',''
  ) );
#10098 = PCURVE('',#10099,#10104);
#10099 = CYLINDRICAL_SURFACE('',#10100,8.);
#10100 = AXIS2_PLACEMENT_3D('',#10101,#10102,#10103);
#10101 = CARTESIAN_POINT('',(25.,275.,16.));
#10102 = DIRECTION('',(-0.,-0.,-1.));
#10103 = DIRECTION('',(1.,0.,0.));
#10104 = DEFINITIONAL_REPRESENTATION('',(#10105),#10109);
#10105 = LINE('',#10106,#10107);
#10106 = CARTESIAN_POINT('',(-6.28318530718,-4.));
#10107 = VECTOR('',#10108,1.);
#10108 = DIRECTION('',(1.,-0.));
#10109 = ( GEOMETRIC_REPRESENTATION_CONTEXT(2) 
PARAMETRIC_REPRESENTATION_CONTEXT() REPRESENTATION_CONTEXT('2D SPACE',''
  ) );
#10110 = FACE_BOUND('',#10111,.F.);
#10111 = EDGE_LOOP('',(#10112,#10142,#10170,#10198));
#10112 = ORIENTED_EDGE('',*,*,#10113,.T.);
#10113 = EDGE_CURVE('',#10114,#10116,#10118,.T.);
#10114 = VERTEX_POINT('',#10115);
#10115 = CARTESIAN_POINT('',(95.,242.,20.));
#10116 = VERTEX_POINT('',#10117);
#10117 = CARTESIAN_POINT('',(55.,242.,20.));
#10118 = SURFACE_CURVE('',#10119,(#10123,#10130),.PCURVE_S1.);
#10119 = LINE('',#10120,#10121);
#10120 = CARTESIAN_POINT('',(27.5,242.,20.));
#10121 = VECTOR('',#10122,1.);
#10122 = DIRECTION('',(-1.,0.,0.));
#10123 = PCURVE('',#3464,#10124);
#10124 = DEFINITIONAL_REPRESENTATION('',(#10125),#10129);
#10125 = LINE('',#10126,#10127);
#10126 = CARTESIAN_POINT('',(27.5,242.));
#10127 = VECTOR('',#10128,1.);
#10128 = DIRECTION('',(-1.,0.));
#10129 = ( GEOMETRIC_REPRESENTATION_CONTEXT(2) 
PARAMETRIC_REPRESENTATION_CONTEXT() REPRESENTATION_CONTEXT('2D SPACE',''
  ) );
#10130 = PCURVE('',#10131,#10136);
#10131 = PLANE('',#10132);
#10132 = AXIS2_PLACEMENT_3D('',#10133,#10134,#10135);
#10133 = CARTESIAN_POINT('',(55.,242.,16.));
#10134 = DIRECTION('',(0.,1.,0.));
#10135 = DIRECTION('',(0.,0.,1.));
#10136 = DEFINITIONAL_REPRESENTATION('',(#10137),#10141);
#10137 = LINE('',#10138,#10139);
#10138 = CARTESIAN_POINT('',(4.,-27.5));
#10139 = VECTOR('',#10140,1.);
#10140 = DIRECTION('',(0.,-1.));
#10141 = ( GEOMETRIC_REPRESENTATION_CONTEXT(2) 
PARAMETRIC_REPRESENTATION_CONTEXT() REPRESENTATION_CONTEXT('2D SPACE',''
  ) );
#10142 = ORIENTED_EDGE('',*,*,#10143,.T.);
#10143 = EDGE_CURVE('',#10116,#10144,#10146,.T.);
#10144 = VERTEX_POINT('',#10145);
#10145 = CARTESIAN_POINT('',(55.,308.,20.));
#10146 = SURFACE_CURVE('',#10147,(#10151,#10158),.PCURVE_S1.);
#10147 = LINE('',#10148,#10149);
#10148 = CARTESIAN_POINT('',(55.,121.,20.));
#10149 = VECTOR('',#10150,1.);
#10150 = DIRECTION('',(0.,1.,0.));
#10151 = PCURVE('',#3464,#10152);
#10152 = DEFINITIONAL_REPRESENTATION('',(#10153),#10157);
#10153 = LINE('',#10154,#10155);
#10154 = CARTESIAN_POINT('',(55.,121.));
#10155 = VECTOR('',#10156,1.);
#10156 = DIRECTION('',(0.,1.));
#10157 = ( GEOMETRIC_REPRESENTATION_CONTEXT(2) 
PARAMETRIC_REPRESENTATION_CONTEXT() REPRESENTATION_CONTEXT('2D SPACE',''
  ) );
#10158 = PCURVE('',#10159,#10164);
#10159 = PLANE('',#10160);
#10160 = AXIS2_PLACEMENT_3D('',#10161,#10162,#10163);
#10161 = CARTESIAN_POINT('',(55.,242.,16.));
#10162 = DIRECTION('',(1.,0.,0.));
#10163 = DIRECTION('',(0.,0.,1.));
#10164 = DEFINITIONAL_REPRESENTATION('',(#10165),#10169);
#10165 = LINE('',#10166,#10167);
#10166 = CARTESIAN_POINT('',(4.,121.));
#10167 = VECTOR('',#10168,1.);
#10168 = DIRECTION('',(0.,-1.));
#10169 = ( GEOMETRIC_REPRESENTATION_CONTEXT(2) 
PARAMETRIC_REPRESENTATION_CONTEXT() REPRESENTATION_CONTEXT('2D SPACE',''
  ) );
#10170 = ORIENTED_EDGE('',*,*,#10171,.F.);
#10171 = EDGE_CURVE('',#10172,#10144,#10174,.T.);
#10172 = VERTEX_POINT('',#10173);
#10173 = CARTESIAN_POINT('',(95.,308.,20.));
#10174 = SURFACE_CURVE('',#10175,(#10179,#10186),.PCURVE_S1.);
#10175 = LINE('',#10176,#10177);
#10176 = CARTESIAN_POINT('',(27.5,308.,20.));
#10177 = VECTOR('',#10178,1.);
#10178 = DIRECTION('',(-1.,0.,0.));
#10179 = PCURVE('',#3464,#10180);
#10180 = DEFINITIONAL_REPRESENTATION('',(#10181),#10185);
#10181 = LINE('',#10182,#10183);
#10182 = CARTESIAN_POINT('',(27.5,308.));
#10183 = VECTOR('',#10184,1.);
#10184 = DIRECTION('',(-1.,0.));
#10185 = ( GEOMETRIC_REPRESENTATION_CONTEXT(2) 
PARAMETRIC_REPRESENTATION_CONTEXT() REPRESENTATION_CONTEXT('2D SPACE',''
  ) );
#10186 = PCURVE('',#10187,#10192);
#10187 = PLANE('',#10188);
#10188 = AXIS2_PLACEMENT_3D('',#10189,#10190,#10191);
#10189 = CARTESIAN_POINT('',(55.,308.,16.));
#10190 = DIRECTION('',(0.,1.,0.));
#10191 = DIRECTION('',(0.,0.,1.));
#10192 = DEFINITIONAL_REPRESENTATION('',(#10193),#10197);
#10193 = LINE('',#10194,#10195);
#10194 = CARTESIAN_POINT('',(4.,-27.5));
#10195 = VECTOR('',#10196,1.);
#10196 = DIRECTION('',(0.,-1.));
#10197 = ( GEOMETRIC_REPRESENTATION_CONTEXT(2) 
PARAMETRIC_REPRESENTATION_CONTEXT() REPRESENTATION_CONTEXT('2D SPACE',''
  ) );
#10198 = ORIENTED_EDGE('',*,*,#10199,.F.);
#10199 = EDGE_CURVE('',#10114,#10172,#10200,.T.);
#10200 = SURFACE_CURVE('',#10201,(#10205,#10212),.PCURVE_S1.);
#10201 = LINE('',#10202,#10203);
#10202 = CARTESIAN_POINT('',(95.,121.,20.));
#10203 = VECTOR('',#10204,1.);
#10204 = DIRECTION('',(0.,1.,0.));
#10205 = PCURVE('',#3464,#10206);
#10206 = DEFINITIONAL_REPRESENTATION('',(#10207),#10211);
#10207 = LINE('',#10208,#10209);
#10208 = CARTESIAN_POINT('',(95.,121.));
#10209 = VECTOR('',#10210,1.);
#10210 = DIRECTION('',(0.,1.));
#10211 = ( GEOMETRIC_REPRESENTATION_CONTEXT(2) 
PARAMETRIC_REPRESENTATION_CONTEXT() REPRESENTATION_CONTEXT('2D SPACE',''
  ) );
#10212 = PCURVE('',#10213,#10218);
#10213 = PLANE('',#10214);
#10214 = AXIS2_PLACEMENT_3D('',#10215,#10216,#10217);
#10215 = CARTESIAN_POINT('',(95.,242.,16.));
#10216 = DIRECTION('',(1.,0.,0.));
#10217 = DIRECTION('',(0.,0.,1.));
#10218 = DEFINITIONAL_REPRESENTATION('',(#10219),#10223);
#10219 = LINE('',#10220,#10221);
#10220 = CARTESIAN_POINT('',(4.,121.));
#10221 = VECTOR('',#10222,1.);
#10222 = DIRECTION('',(0.,-1.));
#10223 = ( GEOMETRIC_REPRESENTATION_CONTEXT(2) 
PARAMETRIC_REPRESENTATION_CONTEXT() REPRESENTATION_CONTEXT('2D SPACE',''
  ) );
#10224 = FACE_BOUND('',#10225,.F.);
#10225 = EDGE_LOOP('',(#10226));
#10226 = ORIENTED_EDGE('',*,*,#10227,.T.);
#10227 = EDGE_CURVE('',#10228,#10228,#10230,.T.);
#10228 = VERTEX_POINT('',#10229);
#10229 = CARTESIAN_POINT('',(33.,325.,20.));
#10230 = SURFACE_CURVE('',#10231,(#10236,#10247),.PCURVE_S1.);
#10231 = CIRCLE('',#10232,8.);
#10232 = AXIS2_PLACEMENT_3D('',#10233,#10234,#10235);
#10233 = CARTESIAN_POINT('',(25.,325.,20.));
#10234 = DIRECTION('',(0.,0.,-1.));
#10235 = DIRECTION('',(1.,0.,0.));
#10236 = PCURVE('',#3464,#10237);
#10237 = DEFINITIONAL_REPRESENTATION('',(#10238),#10246);
#10238 = ( BOUNDED_CURVE() B_SPLINE_CURVE(2,(#10239,#10240,#10241,#10242
    ,#10243,#10244,#10245),.UNSPECIFIED.,.T.,.F.) 
B_SPLINE_CURVE_WITH_KNOTS((1,2,2,2,2,1),(-2.094395102393,0.,
    2.094395102393,4.188790204786,6.28318530718,8.377580409573),
.UNSPECIFIED.) CURVE() GEOMETRIC_REPRESENTATION_ITEM() 
RATIONAL_B_SPLINE_CURVE((1.,0.5,1.,0.5,1.,0.5,1.)) REPRESENTATION_ITEM(
  '') );
#10239 = CARTESIAN_POINT('',(33.,325.));
#10240 = CARTESIAN_POINT('',(33.,311.14359353944));
#10241 = CARTESIAN_POINT('',(21.,318.07179676972));
#10242 = CARTESIAN_POINT('',(9.,325.));
#10243 = CARTESIAN_POINT('',(21.,331.92820323027));
#10244 = CARTESIAN_POINT('',(33.,338.85640646055));
#10245 = CARTESIAN_POINT('',(33.,325.));
#10246 = ( GEOMETRIC_REPRESENTATION_CONTEXT(2) 
PARAMETRIC_REPRESENTATION_CONTEXT() REPRESENTATION_CONTEXT('2D SPACE',''
  ) );
#10247 = PCURVE('',#10248,#10253);
#10248 = CYLINDRICAL_SURFACE('',#10249,8.);
#10249 = AXIS2_PLACEMENT_3D('',#10250,#10251,#10252);
#10250 = CARTESIAN_POINT('',(25.,325.,16.));
#10251 = DIRECTION('',(-0.,-0.,-1.));
#10252 = DIRECTION('',(1.,0.,0.));
#10253 = DEFINITIONAL_REPRESENTATION('',(#10254),#10258);
#10254 = LINE('',#10255,#10256);
#10255 = CARTESIAN_POINT('',(-6.28318530718,-4.));
#10256 = VECTOR('',#10257,1.);
#10257 = DIRECTION('',(1.,-0.));
#10258 = ( GEOMETRIC_REPRESENTATION_CONTEXT(2) 
PARAMETRIC_REPRESENTATION_CONTEXT() REPRESENTATION_CONTEXT('2D SPACE',''
  ) );
#10259 = FACE_BOUND('',#10260,.F.);
#10260 = EDGE_LOOP('',(#10261));
#10261 = ORIENTED_EDGE('',*,*,#10262,.T.);
#10262 = EDGE_CURVE('',#10263,#10263,#10265,.T.);
#10263 = VERTEX_POINT('',#10264);
#10264 = CARTESIAN_POINT('',(83.,325.,20.));
#10265 = SURFACE_CURVE('',#10266,(#10271,#10282),.PCURVE_S1.);
#10266 = CIRCLE('',#10267,8.);
#10267 = AXIS2_PLACEMENT_3D('',#10268,#10269,#10270);
#10268 = CARTESIAN_POINT('',(75.,325.,20.));
#10269 = DIRECTION('',(0.,0.,-1.));
#10270 = DIRECTION('',(1.,0.,0.));
#10271 = PCURVE('',#3464,#10272);
#10272 = DEFINITIONAL_REPRESENTATION('',(#10273),#10281);
#10273 = ( BOUNDED_CURVE() B_SPLINE_CURVE(2,(#10274,#10275,#10276,#10277
    ,#10278,#10279,#10280),.UNSPECIFIED.,.T.,.F.) 
B_SPLINE_CURVE_WITH_KNOTS((1,2,2,2,2,1),(-2.094395102393,0.,
    2.094395102393,4.188790204786,6.28318530718,8.377580409573),
.UNSPECIFIED.) CURVE() GEOMETRIC_REPRESENTATION_ITEM() 
RATIONAL_B_SPLINE_CURVE((1.,0.5,1.,0.5,1.,0.5,1.)) REPRESENTATION_ITEM(
  '') );
#10274 = CARTESIAN_POINT('',(83.,325.));
#10275 = CARTESIAN_POINT('',(83.,311.14359353944));
#10276 = CARTESIAN_POINT('',(71.,318.07179676972));
#10277 = CARTESIAN_POINT('',(59.,325.));
#10278 = CARTESIAN_POINT('',(71.,331.92820323027));
#10279 = CARTESIAN_POINT('',(83.,338.85640646055));
#10280 = CARTESIAN_POINT('',(83.,325.));
#10281 = ( GEOMETRIC_REPRESENTATION_CONTEXT(2) 
PARAMETRIC_REPRESENTATION_CONTEXT() REPRESENTATION_CONTEXT('2D SPACE',''
  ) );
#10282 = PCURVE('',#10283,#10288);
#10283 = CYLINDRICAL_SURFACE('',#10284,8.);
#10284 = AXIS2_PLACEMENT_3D('',#10285,#10286,#10287);
#10285 = CARTESIAN_POINT('',(75.,325.,16.));
#10286 = DIRECTION('',(-0.,-0.,-1.));
#10287 = DIRECTION('',(1.,0.,0.));
#10288 = DEFINITIONAL_REPRESENTATION('',(#10289),#10293);
#10289 = LINE('',#10290,#10291);
#10290 = CARTESIAN_POINT('',(-6.28318530718,-4.));
#10291 = VECTOR('',#10292,1.);
#10292 = DIRECTION('',(1.,-0.));
#10293 = ( GEOMETRIC_REPRESENTATION_CONTEXT(2) 
PARAMETRIC_REPRESENTATION_CONTEXT() REPRESENTATION_CONTEXT('2D SPACE',''
  ) );
#10294 = FACE_BOUND('',#10295,.F.);
#10295 = EDGE_LOOP('',(#10296));
#10296 = ORIENTED_EDGE('',*,*,#10297,.T.);
#10297 = EDGE_CURVE('',#10298,#10298,#10300,.T.);
#10298 = VERTEX_POINT('',#10299);
#10299 = CARTESIAN_POINT('',(133.,275.,20.));
#10300 = SURFACE_CURVE('',#10301,(#10306,#10317),.PCURVE_S1.);
#10301 = CIRCLE('',#10302,8.);
#10302 = AXIS2_PLACEMENT_3D('',#10303,#10304,#10305);
#10303 = CARTESIAN_POINT('',(125.,275.,20.));
#10304 = DIRECTION('',(0.,0.,-1.));
#10305 = DIRECTION('',(1.,0.,0.));
#10306 = PCURVE('',#3464,#10307);
#10307 = DEFINITIONAL_REPRESENTATION('',(#10308),#10316);
#10308 = ( BOUNDED_CURVE() B_SPLINE_CURVE(2,(#10309,#10310,#10311,#10312
    ,#10313,#10314,#10315),.UNSPECIFIED.,.T.,.F.) 
B_SPLINE_CURVE_WITH_KNOTS((1,2,2,2,2,1),(-2.094395102393,0.,
    2.094395102393,4.188790204786,6.28318530718,8.377580409573),
.UNSPECIFIED.) CURVE() GEOMETRIC_REPRESENTATION_ITEM() 
RATIONAL_B_SPLINE_CURVE((1.,0.5,1.,0.5,1.,0.5,1.)) REPRESENTATION_ITEM(
  '') );
#10309 = CARTESIAN_POINT('',(133.,275.));
#10310 = CARTESIAN_POINT('',(133.,261.14359353944));
#10311 = CARTESIAN_POINT('',(121.,268.07179676972));
#10312 = CARTESIAN_POINT('',(109.,275.));
#10313 = CARTESIAN_POINT('',(121.,281.92820323027));
#10314 = CARTESIAN_POINT('',(133.,288.85640646055));
#10315 = CARTESIAN_POINT('',(133.,275.));
#10316 = ( GEOMETRIC_REPRESENTATION_CONTEXT(2) 
PARAMETRIC_REPRESENTATION_CONTEXT() REPRESENTATION_CONTEXT('2D SPACE',''
  ) );
#10317 = PCURVE('',#10318,#10323);
#10318 = CYLINDRICAL_SURFACE('',#10319,8.);
#10319 = AXIS2_PLACEMENT_3D('',#10320,#10321,#10322);
#10320 = CARTESIAN_POINT('',(125.,275.,16.));
#10321 = DIRECTION('',(-0.,-0.,-1.));
#10322 = DIRECTION('',(1.,0.,0.));
#10323 = DEFINITIONAL_REPRESENTATION('',(#10324),#10328);
#10324 = LINE('',#10325,#10326);
#10325 = CARTESIAN_POINT('',(-6.28318530718,-4.));
#10326 = VECTOR('',#10327,1.);
#10327 = DIRECTION('',(1.,-0.));
#10328 = ( GEOMETRIC_REPRESENTATION_CONTEXT(2) 
PARAMETRIC_REPRESENTATION_CONTEXT() REPRESENTATION_CONTEXT('2D SPACE',''
  ) );
#10329 = FACE_BOUND('',#10330,.F.);
#10330 = EDGE_LOOP('',(#10331));
#10331 = ORIENTED_EDGE('',*,*,#10332,.T.);
#10332 = EDGE_CURVE('',#10333,#10333,#10335,.T.);
#10333 = VERTEX_POINT('',#10334);
#10334 = CARTESIAN_POINT('',(183.,275.,20.));
#10335 = SURFACE_CURVE('',#10336,(#10341,#10352),.PCURVE_S1.);
#10336 = CIRCLE('',#10337,8.);
#10337 = AXIS2_PLACEMENT_3D('',#10338,#10339,#10340);
#10338 = CARTESIAN_POINT('',(175.,275.,20.));
#10339 = DIRECTION('',(0.,0.,-1.));
#10340 = DIRECTION('',(1.,0.,0.));
#10341 = PCURVE('',#3464,#10342);
#10342 = DEFINITIONAL_REPRESENTATION('',(#10343),#10351);
#10343 = ( BOUNDED_CURVE() B_SPLINE_CURVE(2,(#10344,#10345,#10346,#10347
    ,#10348,#10349,#10350),.UNSPECIFIED.,.T.,.F.) 
B_SPLINE_CURVE_WITH_KNOTS((1,2,2,2,2,1),(-2.094395102393,0.,
    2.094395102393,4.188790204786,6.28318530718,8.377580409573),
.UNSPECIFIED.) CURVE() GEOMETRIC_REPRESENTATION_ITEM() 
RATIONAL_B_SPLINE_CURVE((1.,0.5,1.,0.5,1.,0.5,1.)) REPRESENTATION_ITEM(
  '') );
#10344 = CARTESIAN_POINT('',(183.,275.));
#10345 = CARTESIAN_POINT('',(183.,261.14359353944));
#10346 = CARTESIAN_POINT('',(171.,268.07179676972));
#10347 = CARTESIAN_POINT('',(159.,275.));
#10348 = CARTESIAN_POINT('',(171.,281.92820323027));
#10349 = CARTESIAN_POINT('',(183.,288.85640646055));
#10350 = CARTESIAN_POINT('',(183.,275.));
#10351 = ( GEOMETRIC_REPRESENTATION_CONTEXT(2) 
PARAMETRIC_REPRESENTATION_CONTEXT() REPRESENTATION_CONTEXT('2D SPACE',''
  ) );
#10352 = PCURVE('',#10353,#10358);
#10353 = CYLINDRICAL_SURFACE('',#10354,8.);
#10354 = AXIS2_PLACEMENT_3D('',#10355,#10356,#10357);
#10355 = CARTESIAN_POINT('',(175.,275.,16.));
#10356 = DIRECTION('',(-0.,-0.,-1.));
#10357 = DIRECTION('',(1.,0.,0.));
#10358 = DEFINITIONAL_REPRESENTATION('',(#10359),#10363);
#10359 = LINE('',#10360,#10361);
#10360 = CARTESIAN_POINT('',(-6.28318530718,-4.));
#10361 = VECTOR('',#10362,1.);
#10362 = DIRECTION('',(1.,-0.));
#10363 = ( GEOMETRIC_REPRESENTATION_CONTEXT(2) 
PARAMETRIC_REPRESENTATION_CONTEXT() REPRESENTATION_CONTEXT('2D SPACE',''
  ) );
#10364 = FACE_BOUND('',#10365,.F.);
#10365 = EDGE_LOOP('',(#10366));
#10366 = ORIENTED_EDGE('',*,*,#10367,.T.);
#10367 = EDGE_CURVE('',#10368,#10368,#10370,.T.);
#10368 = VERTEX_POINT('',#10369);
#10369 = CARTESIAN_POINT('',(133.,325.,20.));
#10370 = SURFACE_CURVE('',#10371,(#10376,#10387),.PCURVE_S1.);
#10371 = CIRCLE('',#10372,8.);
#10372 = AXIS2_PLACEMENT_3D('',#10373,#10374,#10375);
#10373 = CARTESIAN_POINT('',(125.,325.,20.));
#10374 = DIRECTION('',(0.,0.,-1.));
#10375 = DIRECTION('',(1.,0.,0.));
#10376 = PCURVE('',#3464,#10377);
#10377 = DEFINITIONAL_REPRESENTATION('',(#10378),#10386);
#10378 = ( BOUNDED_CURVE() B_SPLINE_CURVE(2,(#10379,#10380,#10381,#10382
    ,#10383,#10384,#10385),.UNSPECIFIED.,.T.,.F.) 
B_SPLINE_CURVE_WITH_KNOTS((1,2,2,2,2,1),(-2.094395102393,0.,
    2.094395102393,4.188790204786,6.28318530718,8.377580409573),
.UNSPECIFIED.) CURVE() GEOMETRIC_REPRESENTATION_ITEM() 
RATIONAL_B_SPLINE_CURVE((1.,0.5,1.,0.5,1.,0.5,1.)) REPRESENTATION_ITEM(
  '') );
#10379 = CARTESIAN_POINT('',(133.,325.));
#10380 = CARTESIAN_POINT('',(133.,311.14359353944));
#10381 = CARTESIAN_POINT('',(121.,318.07179676972));
#10382 = CARTESIAN_POINT('',(109.,325.));
#10383 = CARTESIAN_POINT('',(121.,331.92820323027));
#10384 = CARTESIAN_POINT('',(133.,338.85640646055));
#10385 = CARTESIAN_POINT('',(133.,325.));
#10386 = ( GEOMETRIC_REPRESENTATION_CONTEXT(2) 
PARAMETRIC_REPRESENTATION_CONTEXT() REPRESENTATION_CONTEXT('2D SPACE',''
  ) );
#10387 = PCURVE('',#10388,#10393);
#10388 = CYLINDRICAL_SURFACE('',#10389,8.);
#10389 = AXIS2_PLACEMENT_3D('',#10390,#10391,#10392);
#10390 = CARTESIAN_POINT('',(125.,325.,16.));
#10391 = DIRECTION('',(-0.,-0.,-1.));
#10392 = DIRECTION('',(1.,0.,0.));
#10393 = DEFINITIONAL_REPRESENTATION('',(#10394),#10398);
#10394 = LINE('',#10395,#10396);
#10395 = CARTESIAN_POINT('',(-6.28318530718,-4.));
#10396 = VECTOR('',#10397,1.);
#10397 = DIRECTION('',(1.,-0.));
#10398 = ( GEOMETRIC_REPRESENTATION_CONTEXT(2) 
PARAMETRIC_REPRESENTATION_CONTEXT() REPRESENTATION_CONTEXT('2D SPACE',''
  ) );
#10399 = FACE_BOUND('',#10400,.F.);
#10400 = EDGE_LOOP('',(#10401));
#10401 = ORIENTED_EDGE('',*,*,#10402,.T.);
#10402 = EDGE_CURVE('',#10403,#10403,#10405,.T.);
#10403 = VERTEX_POINT('',#10404);
#10404 = CARTESIAN_POINT('',(183.,325.,20.));
#10405 = SURFACE_CURVE('',#10406,(#10411,#10422),.PCURVE_S1.);
#10406 = CIRCLE('',#10407,8.);
#10407 = AXIS2_PLACEMENT_3D('',#10408,#10409,#10410);
#10408 = CARTESIAN_POINT('',(175.,325.,20.));
#10409 = DIRECTION('',(0.,0.,-1.));
#10410 = DIRECTION('',(1.,0.,0.));
#10411 = PCURVE('',#3464,#10412);
#10412 = DEFINITIONAL_REPRESENTATION('',(#10413),#10421);
#10413 = ( BOUNDED_CURVE() B_SPLINE_CURVE(2,(#10414,#10415,#10416,#10417
    ,#10418,#10419,#10420),.UNSPECIFIED.,.T.,.F.) 
B_SPLINE_CURVE_WITH_KNOTS((1,2,2,2,2,1),(-2.094395102393,0.,
    2.094395102393,4.188790204786,6.28318530718,8.377580409573),
.UNSPECIFIED.) CURVE() GEOMETRIC_REPRESENTATION_ITEM() 
RATIONAL_B_SPLINE_CURVE((1.,0.5,1.,0.5,1.,0.5,1.)) REPRESENTATION_ITEM(
  '') );
#10414 = CARTESIAN_POINT('',(183.,325.));
#10415 = CARTESIAN_POINT('',(183.,311.14359353944));
#10416 = CARTESIAN_POINT('',(171.,318.07179676972));
#10417 = CARTESIAN_POINT('',(159.,325.));
#10418 = CARTESIAN_POINT('',(171.,331.92820323027));
#10419 = CARTESIAN_POINT('',(183.,338.85640646055));
#10420 = CARTESIAN_POINT('',(183.,325.));
#10421 = ( GEOMETRIC_REPRESENTATION_CONTEXT(2) 
PARAMETRIC_REPRESENTATION_CONTEXT() REPRESENTATION_CONTEXT('2D SPACE',''
  ) );
#10422 = PCURVE('',#10423,#10428);
#10423 = CYLINDRICAL_SURFACE('',#10424,8.);
#10424 = AXIS2_PLACEMENT_3D('',#10425,#10426,#10427);
#10425 = CARTESIAN_POINT('',(175.,325.,16.));
#10426 = DIRECTION('',(-0.,-0.,-1.));
#10427 = DIRECTION('',(1.,0.,0.));
#10428 = DEFINITIONAL_REPRESENTATION('',(#10429),#10433);
#10429 = LINE('',#10430,#10431);
#10430 = CARTESIAN_POINT('',(-6.28318530718,-4.));
#10431 = VECTOR('',#10432,1.);
#10432 = DIRECTION('',(1.,-0.));
#10433 = ( GEOMETRIC_REPRESENTATION_CONTEXT(2) 
PARAMETRIC_REPRESENTATION_CONTEXT() REPRESENTATION_CONTEXT('2D SPACE',''
  ) );
#10434 = FACE_BOUND('',#10435,.F.);
#10435 = EDGE_LOOP('',(#10436));
#10436 = ORIENTED_EDGE('',*,*,#10437,.T.);
#10437 = EDGE_CURVE('',#10438,#10438,#10440,.T.);
#10438 = VERTEX_POINT('',#10439);
#10439 = CARTESIAN_POINT('',(233.,175.,20.));
#10440 = SURFACE_CURVE('',#10441,(#10446,#10457),.PCURVE_S1.);
#10441 = CIRCLE('',#10442,8.);
#10442 = AXIS2_PLACEMENT_3D('',#10443,#10444,#10445);
#10443 = CARTESIAN_POINT('',(225.,175.,20.));
#10444 = DIRECTION('',(0.,0.,-1.));
#10445 = DIRECTION('',(1.,0.,0.));
#10446 = PCURVE('',#3464,#10447);
#10447 = DEFINITIONAL_REPRESENTATION('',(#10448),#10456);
#10448 = ( BOUNDED_CURVE() B_SPLINE_CURVE(2,(#10449,#10450,#10451,#10452
    ,#10453,#10454,#10455),.UNSPECIFIED.,.T.,.F.) 
B_SPLINE_CURVE_WITH_KNOTS((1,2,2,2,2,1),(-2.094395102393,0.,
    2.094395102393,4.188790204786,6.28318530718,8.377580409573),
.UNSPECIFIED.) CURVE() GEOMETRIC_REPRESENTATION_ITEM() 
RATIONAL_B_SPLINE_CURVE((1.,0.5,1.,0.5,1.,0.5,1.)) REPRESENTATION_ITEM(
  '') );
#10449 = CARTESIAN_POINT('',(233.,175.));
#10450 = CARTESIAN_POINT('',(233.,161.14359353944));
#10451 = CARTESIAN_POINT('',(221.,168.07179676972));
#10452 = CARTESIAN_POINT('',(209.,175.));
#10453 = CARTESIAN_POINT('',(221.,181.92820323027));
#10454 = CARTESIAN_POINT('',(233.,188.85640646055));
#10455 = CARTESIAN_POINT('',(233.,175.));
#10456 = ( GEOMETRIC_REPRESENTATION_CONTEXT(2) 
PARAMETRIC_REPRESENTATION_CONTEXT() REPRESENTATION_CONTEXT('2D SPACE',''
  ) );
#10457 = PCURVE('',#10458,#10463);
#10458 = CYLINDRICAL_SURFACE('',#10459,8.);
#10459 = AXIS2_PLACEMENT_3D('',#10460,#10461,#10462);
#10460 = CARTESIAN_POINT('',(225.,175.,16.));
#10461 = DIRECTION('',(-0.,-0.,-1.));
#10462 = DIRECTION('',(1.,0.,0.));
#10463 = DEFINITIONAL_REPRESENTATION('',(#10464),#10468);
#10464 = LINE('',#10465,#10466);
#10465 = CARTESIAN_POINT('',(-6.28318530718,-4.));
#10466 = VECTOR('',#10467,1.);
#10467 = DIRECTION('',(1.,-0.));
#10468 = ( GEOMETRIC_REPRESENTATION_CONTEXT(2) 
PARAMETRIC_REPRESENTATION_CONTEXT() REPRESENTATION_CONTEXT('2D SPACE',''
  ) );
#10469 = FACE_BOUND('',#10470,.F.);
#10470 = EDGE_LOOP('',(#10471));
#10471 = ORIENTED_EDGE('',*,*,#10472,.T.);
#10472 = EDGE_CURVE('',#10473,#10473,#10475,.T.);
#10473 = VERTEX_POINT('',#10474);
#10474 = CARTESIAN_POINT('',(283.,175.,20.));
#10475 = SURFACE_CURVE('',#10476,(#10481,#10492),.PCURVE_S1.);
#10476 = CIRCLE('',#10477,8.);
#10477 = AXIS2_PLACEMENT_3D('',#10478,#10479,#10480);
#10478 = CARTESIAN_POINT('',(275.,175.,20.));
#10479 = DIRECTION('',(0.,0.,-1.));
#10480 = DIRECTION('',(1.,0.,0.));
#10481 = PCURVE('',#3464,#10482);
#10482 = DEFINITIONAL_REPRESENTATION('',(#10483),#10491);
#10483 = ( BOUNDED_CURVE() B_SPLINE_CURVE(2,(#10484,#10485,#10486,#10487
    ,#10488,#10489,#10490),.UNSPECIFIED.,.T.,.F.) 
B_SPLINE_CURVE_WITH_KNOTS((1,2,2,2,2,1),(-2.094395102393,0.,
    2.094395102393,4.188790204786,6.28318530718,8.377580409573),
.UNSPECIFIED.) CURVE() GEOMETRIC_REPRESENTATION_ITEM() 
RATIONAL_B_SPLINE_CURVE((1.,0.5,1.,0.5,1.,0.5,1.)) REPRESENTATION_ITEM(
  '') );
#10484 = CARTESIAN_POINT('',(283.,175.));
#10485 = CARTESIAN_POINT('',(283.,161.14359353944));
#10486 = CARTESIAN_POINT('',(271.,168.07179676972));
#10487 = CARTESIAN_POINT('',(259.,175.));
#10488 = CARTESIAN_POINT('',(271.,181.92820323027));
#10489 = CARTESIAN_POINT('',(283.,188.85640646055));
#10490 = CARTESIAN_POINT('',(283.,175.));
#10491 = ( GEOMETRIC_REPRESENTATION_CONTEXT(2) 
PARAMETRIC_REPRESENTATION_CONTEXT() REPRESENTATION_CONTEXT('2D SPACE',''
  ) );
#10492 = PCURVE('',#10493,#10498);
#10493 = CYLINDRICAL_SURFACE('',#10494,8.);
#10494 = AXIS2_PLACEMENT_3D('',#10495,#10496,#10497);
#10495 = CARTESIAN_POINT('',(275.,175.,16.));
#10496 = DIRECTION('',(-0.,-0.,-1.));
#10497 = DIRECTION('',(1.,0.,0.));
#10498 = DEFINITIONAL_REPRESENTATION('',(#10499),#10503);
#10499 = LINE('',#10500,#10501);
#10500 = CARTESIAN_POINT('',(-6.28318530718,-4.));
#10501 = VECTOR('',#10502,1.);
#10502 = DIRECTION('',(1.,-0.));
#10503 = ( GEOMETRIC_REPRESENTATION_CONTEXT(2) 
PARAMETRIC_REPRESENTATION_CONTEXT() REPRESENTATION_CONTEXT('2D SPACE',''
  ) );
#10504 = FACE_BOUND('',#10505,.F.);
#10505 = EDGE_LOOP('',(#10506,#10536,#10565,#10593,#10621,#10649));
#10506 = ORIENTED_EDGE('',*,*,#10507,.F.);
#10507 = EDGE_CURVE('',#10508,#10510,#10512,.T.);
#10508 = VERTEX_POINT('',#10509);
#10509 = CARTESIAN_POINT('',(218.07179676972,221.,20.));
#10510 = VERTEX_POINT('',#10511);
#10511 = CARTESIAN_POINT('',(185.,221.,20.));
#10512 = SURFACE_CURVE('',#10513,(#10517,#10524),.PCURVE_S1.);
#10513 = LINE('',#10514,#10515);
#10514 = CARTESIAN_POINT('',(92.5,221.,20.));
#10515 = VECTOR('',#10516,1.);
#10516 = DIRECTION('',(-1.,0.,0.));
#10517 = PCURVE('',#3464,#10518);
#10518 = DEFINITIONAL_REPRESENTATION('',(#10519),#10523);
#10519 = LINE('',#10520,#10521);
#10520 = CARTESIAN_POINT('',(92.5,221.));
#10521 = VECTOR('',#10522,1.);
#10522 = DIRECTION('',(-1.,0.));
#10523 = ( GEOMETRIC_REPRESENTATION_CONTEXT(2) 
PARAMETRIC_REPRESENTATION_CONTEXT() REPRESENTATION_CONTEXT('2D SPACE',''
  ) );
#10524 = PCURVE('',#10525,#10530);
#10525 = PLANE('',#10526);
#10526 = AXIS2_PLACEMENT_3D('',#10527,#10528,#10529);
#10527 = CARTESIAN_POINT('',(185.,221.,16.));
#10528 = DIRECTION('',(0.,1.,0.));
#10529 = DIRECTION('',(0.,0.,1.));
#10530 = DEFINITIONAL_REPRESENTATION('',(#10531),#10535);
#10531 = LINE('',#10532,#10533);
#10532 = CARTESIAN_POINT('',(4.,-92.5));
#10533 = VECTOR('',#10534,1.);
#10534 = DIRECTION('',(0.,-1.));
#10535 = ( GEOMETRIC_REPRESENTATION_CONTEXT(2) 
PARAMETRIC_REPRESENTATION_CONTEXT() REPRESENTATION_CONTEXT('2D SPACE',''
  ) );
#10536 = ORIENTED_EDGE('',*,*,#10537,.F.);
#10537 = EDGE_CURVE('',#10538,#10508,#10540,.T.);
#10538 = VERTEX_POINT('',#10539);
#10539 = CARTESIAN_POINT('',(231.92820323027,221.,20.));
#10540 = SURFACE_CURVE('',#10541,(#10546,#10553),.PCURVE_S1.);
#10541 = CIRCLE('',#10542,8.);
#10542 = AXIS2_PLACEMENT_3D('',#10543,#10544,#10545);
#10543 = CARTESIAN_POINT('',(225.,225.,20.));
#10544 = DIRECTION('',(-0.,0.,1.));
#10545 = DIRECTION('',(0.866025403784,-0.5,0.));
#10546 = PCURVE('',#3464,#10547);
#10547 = DEFINITIONAL_REPRESENTATION('',(#10548),#10552);
#10548 = CIRCLE('',#10549,8.);
#10549 = AXIS2_PLACEMENT_2D('',#10550,#10551);
#10550 = CARTESIAN_POINT('',(225.,225.));
#10551 = DIRECTION('',(0.866025403784,-0.5));
#10552 = ( GEOMETRIC_REPRESENTATION_CONTEXT(2) 
PARAMETRIC_REPRESENTATION_CONTEXT() REPRESENTATION_CONTEXT('2D SPACE',''
  ) );
#10553 = PCURVE('',#10554,#10559);
#10554 = CYLINDRICAL_SURFACE('',#10555,8.);
#10555 = AXIS2_PLACEMENT_3D('',#10556,#10557,#10558);
#10556 = CARTESIAN_POINT('',(225.,225.,16.));
#10557 = DIRECTION('',(-0.,-0.,-1.));
#10558 = DIRECTION('',(1.,0.,0.));
#10559 = DEFINITIONAL_REPRESENTATION('',(#10560),#10564);
#10560 = LINE('',#10561,#10562);
#10561 = CARTESIAN_POINT('',(-5.759586531581,-4.));
#10562 = VECTOR('',#10563,1.);
#10563 = DIRECTION('',(-1.,-0.));
#10564 = ( GEOMETRIC_REPRESENTATION_CONTEXT(2) 
PARAMETRIC_REPRESENTATION_CONTEXT() REPRESENTATION_CONTEXT('2D SPACE',''
  ) );
#10565 = ORIENTED_EDGE('',*,*,#10566,.F.);
#10566 = EDGE_CURVE('',#10567,#10538,#10569,.T.);
#10567 = VERTEX_POINT('',#10568);
#10568 = CARTESIAN_POINT('',(265.,221.,20.));
#10569 = SURFACE_CURVE('',#10570,(#10574,#10581),.PCURVE_S1.);
#10570 = LINE('',#10571,#10572);
#10571 = CARTESIAN_POINT('',(92.5,221.,20.));
#10572 = VECTOR('',#10573,1.);
#10573 = DIRECTION('',(-1.,0.,0.));
#10574 = PCURVE('',#3464,#10575);
#10575 = DEFINITIONAL_REPRESENTATION('',(#10576),#10580);
#10576 = LINE('',#10577,#10578);
#10577 = CARTESIAN_POINT('',(92.5,221.));
#10578 = VECTOR('',#10579,1.);
#10579 = DIRECTION('',(-1.,0.));
#10580 = ( GEOMETRIC_REPRESENTATION_CONTEXT(2) 
PARAMETRIC_REPRESENTATION_CONTEXT() REPRESENTATION_CONTEXT('2D SPACE',''
  ) );
#10581 = PCURVE('',#10582,#10587);
#10582 = PLANE('',#10583);
#10583 = AXIS2_PLACEMENT_3D('',#10584,#10585,#10586);
#10584 = CARTESIAN_POINT('',(185.,221.,16.));
#10585 = DIRECTION('',(0.,1.,0.));
#10586 = DIRECTION('',(0.,0.,1.));
#10587 = DEFINITIONAL_REPRESENTATION('',(#10588),#10592);
#10588 = LINE('',#10589,#10590);
#10589 = CARTESIAN_POINT('',(4.,-92.5));
#10590 = VECTOR('',#10591,1.);
#10591 = DIRECTION('',(0.,-1.));
#10592 = ( GEOMETRIC_REPRESENTATION_CONTEXT(2) 
PARAMETRIC_REPRESENTATION_CONTEXT() REPRESENTATION_CONTEXT('2D SPACE',''
  ) );
#10593 = ORIENTED_EDGE('',*,*,#10594,.F.);
#10594 = EDGE_CURVE('',#10595,#10567,#10597,.T.);
#10595 = VERTEX_POINT('',#10596);
#10596 = CARTESIAN_POINT('',(265.,191.,20.));
#10597 = SURFACE_CURVE('',#10598,(#10602,#10609),.PCURVE_S1.);
#10598 = LINE('',#10599,#10600);
#10599 = CARTESIAN_POINT('',(265.,95.5,20.));
#10600 = VECTOR('',#10601,1.);
#10601 = DIRECTION('',(0.,1.,0.));
#10602 = PCURVE('',#3464,#10603);
#10603 = DEFINITIONAL_REPRESENTATION('',(#10604),#10608);
#10604 = LINE('',#10605,#10606);
#10605 = CARTESIAN_POINT('',(265.,95.5));
#10606 = VECTOR('',#10607,1.);
#10607 = DIRECTION('',(0.,1.));
#10608 = ( GEOMETRIC_REPRESENTATION_CONTEXT(2) 
PARAMETRIC_REPRESENTATION_CONTEXT() REPRESENTATION_CONTEXT('2D SPACE',''
  ) );
#10609 = PCURVE('',#10610,#10615);
#10610 = PLANE('',#10611);
#10611 = AXIS2_PLACEMENT_3D('',#10612,#10613,#10614);
#10612 = CARTESIAN_POINT('',(265.,191.,16.));
#10613 = DIRECTION('',(1.,0.,0.));
#10614 = DIRECTION('',(0.,0.,1.));
#10615 = DEFINITIONAL_REPRESENTATION('',(#10616),#10620);
#10616 = LINE('',#10617,#10618);
#10617 = CARTESIAN_POINT('',(4.,95.5));
#10618 = VECTOR('',#10619,1.);
#10619 = DIRECTION('',(0.,-1.));
#10620 = ( GEOMETRIC_REPRESENTATION_CONTEXT(2) 
PARAMETRIC_REPRESENTATION_CONTEXT() REPRESENTATION_CONTEXT('2D SPACE',''
  ) );
#10621 = ORIENTED_EDGE('',*,*,#10622,.T.);
#10622 = EDGE_CURVE('',#10595,#10623,#10625,.T.);
#10623 = VERTEX_POINT('',#10624);
#10624 = CARTESIAN_POINT('',(185.,191.,20.));
#10625 = SURFACE_CURVE('',#10626,(#10630,#10637),.PCURVE_S1.);
#10626 = LINE('',#10627,#10628);
#10627 = CARTESIAN_POINT('',(92.5,191.,20.));
#10628 = VECTOR('',#10629,1.);
#10629 = DIRECTION('',(-1.,0.,0.));
#10630 = PCURVE('',#3464,#10631);
#10631 = DEFINITIONAL_REPRESENTATION('',(#10632),#10636);
#10632 = LINE('',#10633,#10634);
#10633 = CARTESIAN_POINT('',(92.5,191.));
#10634 = VECTOR('',#10635,1.);
#10635 = DIRECTION('',(-1.,0.));
#10636 = ( GEOMETRIC_REPRESENTATION_CONTEXT(2) 
PARAMETRIC_REPRESENTATION_CONTEXT() REPRESENTATION_CONTEXT('2D SPACE',''
  ) );
#10637 = PCURVE('',#10638,#10643);
#10638 = PLANE('',#10639);
#10639 = AXIS2_PLACEMENT_3D('',#10640,#10641,#10642);
#10640 = CARTESIAN_POINT('',(185.,191.,16.));
#10641 = DIRECTION('',(0.,1.,0.));
#10642 = DIRECTION('',(0.,0.,1.));
#10643 = DEFINITIONAL_REPRESENTATION('',(#10644),#10648);
#10644 = LINE('',#10645,#10646);
#10645 = CARTESIAN_POINT('',(4.,-92.5));
#10646 = VECTOR('',#10647,1.);
#10647 = DIRECTION('',(0.,-1.));
#10648 = ( GEOMETRIC_REPRESENTATION_CONTEXT(2) 
PARAMETRIC_REPRESENTATION_CONTEXT() REPRESENTATION_CONTEXT('2D SPACE',''
  ) );
#10649 = ORIENTED_EDGE('',*,*,#10650,.T.);
#10650 = EDGE_CURVE('',#10623,#10510,#10651,.T.);
#10651 = SURFACE_CURVE('',#10652,(#10656,#10663),.PCURVE_S1.);
#10652 = LINE('',#10653,#10654);
#10653 = CARTESIAN_POINT('',(185.,95.5,20.));
#10654 = VECTOR('',#10655,1.);
#10655 = DIRECTION('',(0.,1.,0.));
#10656 = PCURVE('',#3464,#10657);
#10657 = DEFINITIONAL_REPRESENTATION('',(#10658),#10662);
#10658 = LINE('',#10659,#10660);
#10659 = CARTESIAN_POINT('',(185.,95.5));
#10660 = VECTOR('',#10661,1.);
#10661 = DIRECTION('',(0.,1.));
#10662 = ( GEOMETRIC_REPRESENTATION_CONTEXT(2) 
PARAMETRIC_REPRESENTATION_CONTEXT() REPRESENTATION_CONTEXT('2D SPACE',''
  ) );
#10663 = PCURVE('',#10664,#10669);
#10664 = PLANE('',#10665);
#10665 = AXIS2_PLACEMENT_3D('',#10666,#10667,#10668);
#10666 = CARTESIAN_POINT('',(185.,191.,16.));
#10667 = DIRECTION('',(1.,0.,0.));
#10668 = DIRECTION('',(0.,0.,1.));
#10669 = DEFINITIONAL_REPRESENTATION('',(#10670),#10674);
#10670 = LINE('',#10671,#10672);
#10671 = CARTESIAN_POINT('',(4.,95.5));
#10672 = VECTOR('',#10673,1.);
#10673 = DIRECTION('',(0.,-1.));
#10674 = ( GEOMETRIC_REPRESENTATION_CONTEXT(2) 
PARAMETRIC_REPRESENTATION_CONTEXT() REPRESENTATION_CONTEXT('2D SPACE',''
  ) );
#10675 = FACE_BOUND('',#10676,.F.);
#10676 = EDGE_LOOP('',(#10677));
#10677 = ORIENTED_EDGE('',*,*,#10678,.T.);
#10678 = EDGE_CURVE('',#10679,#10679,#10681,.T.);
#10679 = VERTEX_POINT('',#10680);
#10680 = CARTESIAN_POINT('',(333.,175.,20.));
#10681 = SURFACE_CURVE('',#10682,(#10687,#10698),.PCURVE_S1.);
#10682 = CIRCLE('',#10683,8.);
#10683 = AXIS2_PLACEMENT_3D('',#10684,#10685,#10686);
#10684 = CARTESIAN_POINT('',(325.,175.,20.));
#10685 = DIRECTION('',(0.,0.,-1.));
#10686 = DIRECTION('',(1.,0.,0.));
#10687 = PCURVE('',#3464,#10688);
#10688 = DEFINITIONAL_REPRESENTATION('',(#10689),#10697);
#10689 = ( BOUNDED_CURVE() B_SPLINE_CURVE(2,(#10690,#10691,#10692,#10693
    ,#10694,#10695,#10696),.UNSPECIFIED.,.T.,.F.) 
B_SPLINE_CURVE_WITH_KNOTS((1,2,2,2,2,1),(-2.094395102393,0.,
    2.094395102393,4.188790204786,6.28318530718,8.377580409573),
.UNSPECIFIED.) CURVE() GEOMETRIC_REPRESENTATION_ITEM() 
RATIONAL_B_SPLINE_CURVE((1.,0.5,1.,0.5,1.,0.5,1.)) REPRESENTATION_ITEM(
  '') );
#10690 = CARTESIAN_POINT('',(333.,175.));
#10691 = CARTESIAN_POINT('',(333.,161.14359353944));
#10692 = CARTESIAN_POINT('',(321.,168.07179676972));
#10693 = CARTESIAN_POINT('',(309.,175.));
#10694 = CARTESIAN_POINT('',(321.,181.92820323027));
#10695 = CARTESIAN_POINT('',(333.,188.85640646055));
#10696 = CARTESIAN_POINT('',(333.,175.));
#10697 = ( GEOMETRIC_REPRESENTATION_CONTEXT(2) 
PARAMETRIC_REPRESENTATION_CONTEXT() REPRESENTATION_CONTEXT('2D SPACE',''
  ) );
#10698 = PCURVE('',#10699,#10704);
#10699 = CYLINDRICAL_SURFACE('',#10700,8.);
#10700 = AXIS2_PLACEMENT_3D('',#10701,#10702,#10703);
#10701 = CARTESIAN_POINT('',(325.,175.,16.));
#10702 = DIRECTION('',(-0.,-0.,-1.));
#10703 = DIRECTION('',(1.,0.,0.));
#10704 = DEFINITIONAL_REPRESENTATION('',(#10705),#10709);
#10705 = LINE('',#10706,#10707);
#10706 = CARTESIAN_POINT('',(-6.28318530718,-4.));
#10707 = VECTOR('',#10708,1.);
#10708 = DIRECTION('',(1.,-0.));
#10709 = ( GEOMETRIC_REPRESENTATION_CONTEXT(2) 
PARAMETRIC_REPRESENTATION_CONTEXT() REPRESENTATION_CONTEXT('2D SPACE',''
  ) );
#10710 = FACE_BOUND('',#10711,.F.);
#10711 = EDGE_LOOP('',(#10712));
#10712 = ORIENTED_EDGE('',*,*,#10713,.T.);
#10713 = EDGE_CURVE('',#10714,#10714,#10716,.T.);
#10714 = VERTEX_POINT('',#10715);
#10715 = CARTESIAN_POINT('',(283.,225.,20.));
#10716 = SURFACE_CURVE('',#10717,(#10722,#10733),.PCURVE_S1.);
#10717 = CIRCLE('',#10718,8.);
#10718 = AXIS2_PLACEMENT_3D('',#10719,#10720,#10721);
#10719 = CARTESIAN_POINT('',(275.,225.,20.));
#10720 = DIRECTION('',(0.,0.,-1.));
#10721 = DIRECTION('',(1.,0.,0.));
#10722 = PCURVE('',#3464,#10723);
#10723 = DEFINITIONAL_REPRESENTATION('',(#10724),#10732);
#10724 = ( BOUNDED_CURVE() B_SPLINE_CURVE(2,(#10725,#10726,#10727,#10728
    ,#10729,#10730,#10731),.UNSPECIFIED.,.T.,.F.) 
B_SPLINE_CURVE_WITH_KNOTS((1,2,2,2,2,1),(-2.094395102393,0.,
    2.094395102393,4.188790204786,6.28318530718,8.377580409573),
.UNSPECIFIED.) CURVE() GEOMETRIC_REPRESENTATION_ITEM() 
RATIONAL_B_SPLINE_CURVE((1.,0.5,1.,0.5,1.,0.5,1.)) REPRESENTATION_ITEM(
  '') );
#10725 = CARTESIAN_POINT('',(283.,225.));
#10726 = CARTESIAN_POINT('',(283.,211.14359353944));
#10727 = CARTESIAN_POINT('',(271.,218.07179676972));
#10728 = CARTESIAN_POINT('',(259.,225.));
#10729 = CARTESIAN_POINT('',(271.,231.92820323027));
#10730 = CARTESIAN_POINT('',(283.,238.85640646055));
#10731 = CARTESIAN_POINT('',(283.,225.));
#10732 = ( GEOMETRIC_REPRESENTATION_CONTEXT(2) 
PARAMETRIC_REPRESENTATION_CONTEXT() REPRESENTATION_CONTEXT('2D SPACE',''
  ) );
#10733 = PCURVE('',#10734,#10739);
#10734 = CYLINDRICAL_SURFACE('',#10735,8.);
#10735 = AXIS2_PLACEMENT_3D('',#10736,#10737,#10738);
#10736 = CARTESIAN_POINT('',(275.,225.,16.));
#10737 = DIRECTION('',(-0.,-0.,-1.));
#10738 = DIRECTION('',(1.,0.,0.));
#10739 = DEFINITIONAL_REPRESENTATION('',(#10740),#10744);
#10740 = LINE('',#10741,#10742);
#10741 = CARTESIAN_POINT('',(-6.28318530718,-4.));
#10742 = VECTOR('',#10743,1.);
#10743 = DIRECTION('',(1.,-0.));
#10744 = ( GEOMETRIC_REPRESENTATION_CONTEXT(2) 
PARAMETRIC_REPRESENTATION_CONTEXT() REPRESENTATION_CONTEXT('2D SPACE',''
  ) );
#10745 = FACE_BOUND('',#10746,.F.);
#10746 = EDGE_LOOP('',(#10747));
#10747 = ORIENTED_EDGE('',*,*,#10748,.T.);
#10748 = EDGE_CURVE('',#10749,#10749,#10751,.T.);
#10749 = VERTEX_POINT('',#10750);
#10750 = CARTESIAN_POINT('',(333.,225.,20.));
#10751 = SURFACE_CURVE('',#10752,(#10757,#10768),.PCURVE_S1.);
#10752 = CIRCLE('',#10753,8.);
#10753 = AXIS2_PLACEMENT_3D('',#10754,#10755,#10756);
#10754 = CARTESIAN_POINT('',(325.,225.,20.));
#10755 = DIRECTION('',(0.,0.,-1.));
#10756 = DIRECTION('',(1.,0.,0.));
#10757 = PCURVE('',#3464,#10758);
#10758 = DEFINITIONAL_REPRESENTATION('',(#10759),#10767);
#10759 = ( BOUNDED_CURVE() B_SPLINE_CURVE(2,(#10760,#10761,#10762,#10763
    ,#10764,#10765,#10766),.UNSPECIFIED.,.T.,.F.) 
B_SPLINE_CURVE_WITH_KNOTS((1,2,2,2,2,1),(-2.094395102393,0.,
    2.094395102393,4.188790204786,6.28318530718,8.377580409573),
.UNSPECIFIED.) CURVE() GEOMETRIC_REPRESENTATION_ITEM() 
RATIONAL_B_SPLINE_CURVE((1.,0.5,1.,0.5,1.,0.5,1.)) REPRESENTATION_ITEM(
  '') );
#10760 = CARTESIAN_POINT('',(333.,225.));
#10761 = CARTESIAN_POINT('',(333.,211.14359353944));
#10762 = CARTESIAN_POINT('',(321.,218.07179676972));
#10763 = CARTESIAN_POINT('',(309.,225.));
#10764 = CARTESIAN_POINT('',(321.,231.92820323027));
#10765 = CARTESIAN_POINT('',(333.,238.85640646055));
#10766 = CARTESIAN_POINT('',(333.,225.));
#10767 = ( GEOMETRIC_REPRESENTATION_CONTEXT(2) 
PARAMETRIC_REPRESENTATION_CONTEXT() REPRESENTATION_CONTEXT('2D SPACE',''
  ) );
#10768 = PCURVE('',#10769,#10774);
#10769 = CYLINDRICAL_SURFACE('',#10770,8.);
#10770 = AXIS2_PLACEMENT_3D('',#10771,#10772,#10773);
#10771 = CARTESIAN_POINT('',(325.,225.,16.));
#10772 = DIRECTION('',(-0.,-0.,-1.));
#10773 = DIRECTION('',(1.,0.,0.));
#10774 = DEFINITIONAL_REPRESENTATION('',(#10775),#10779);
#10775 = LINE('',#10776,#10777);
#10776 = CARTESIAN_POINT('',(-6.28318530718,-4.));
#10777 = VECTOR('',#10778,1.);
#10778 = DIRECTION('',(1.,-0.));
#10779 = ( GEOMETRIC_REPRESENTATION_CONTEXT(2) 
PARAMETRIC_REPRESENTATION_CONTEXT() REPRESENTATION_CONTEXT('2D SPACE',''
  ) );
#10780 = FACE_BOUND('',#10781,.F.);
#10781 = EDGE_LOOP('',(#10782));
#10782 = ORIENTED_EDGE('',*,*,#10783,.T.);
#10783 = EDGE_CURVE('',#10784,#10784,#10786,.T.);
#10784 = VERTEX_POINT('',#10785);
#10785 = CARTESIAN_POINT('',(383.,175.,20.));
#10786 = SURFACE_CURVE('',#10787,(#10792,#10803),.PCURVE_S1.);
#10787 = CIRCLE('',#10788,8.);
#10788 = AXIS2_PLACEMENT_3D('',#10789,#10790,#10791);
#10789 = CARTESIAN_POINT('',(375.,175.,20.));
#10790 = DIRECTION('',(0.,0.,-1.));
#10791 = DIRECTION('',(1.,0.,0.));
#10792 = PCURVE('',#3464,#10793);
#10793 = DEFINITIONAL_REPRESENTATION('',(#10794),#10802);
#10794 = ( BOUNDED_CURVE() B_SPLINE_CURVE(2,(#10795,#10796,#10797,#10798
    ,#10799,#10800,#10801),.UNSPECIFIED.,.T.,.F.) 
B_SPLINE_CURVE_WITH_KNOTS((1,2,2,2,2,1),(-2.094395102393,0.,
    2.094395102393,4.188790204786,6.28318530718,8.377580409573),
.UNSPECIFIED.) CURVE() GEOMETRIC_REPRESENTATION_ITEM() 
RATIONAL_B_SPLINE_CURVE((1.,0.5,1.,0.5,1.,0.5,1.)) REPRESENTATION_ITEM(
  '') );
#10795 = CARTESIAN_POINT('',(383.,175.));
#10796 = CARTESIAN_POINT('',(383.,161.14359353944));
#10797 = CARTESIAN_POINT('',(371.,168.07179676972));
#10798 = CARTESIAN_POINT('',(359.,175.));
#10799 = CARTESIAN_POINT('',(371.,181.92820323027));
#10800 = CARTESIAN_POINT('',(383.,188.85640646055));
#10801 = CARTESIAN_POINT('',(383.,175.));
#10802 = ( GEOMETRIC_REPRESENTATION_CONTEXT(2) 
PARAMETRIC_REPRESENTATION_CONTEXT() REPRESENTATION_CONTEXT('2D SPACE',''
  ) );
#10803 = PCURVE('',#10804,#10809);
#10804 = CYLINDRICAL_SURFACE('',#10805,8.);
#10805 = AXIS2_PLACEMENT_3D('',#10806,#10807,#10808);
#10806 = CARTESIAN_POINT('',(375.,175.,16.));
#10807 = DIRECTION('',(-0.,-0.,-1.));
#10808 = DIRECTION('',(1.,0.,0.));
#10809 = DEFINITIONAL_REPRESENTATION('',(#10810),#10814);
#10810 = LINE('',#10811,#10812);
#10811 = CARTESIAN_POINT('',(-6.28318530718,-4.));
#10812 = VECTOR('',#10813,1.);
#10813 = DIRECTION('',(1.,-0.));
#10814 = ( GEOMETRIC_REPRESENTATION_CONTEXT(2) 
PARAMETRIC_REPRESENTATION_CONTEXT() REPRESENTATION_CONTEXT('2D SPACE',''
  ) );
#10815 = FACE_BOUND('',#10816,.F.);
#10816 = EDGE_LOOP('',(#10817));
#10817 = ORIENTED_EDGE('',*,*,#10818,.T.);
#10818 = EDGE_CURVE('',#10819,#10819,#10821,.T.);
#10819 = VERTEX_POINT('',#10820);
#10820 = CARTESIAN_POINT('',(433.,175.,20.));
#10821 = SURFACE_CURVE('',#10822,(#10827,#10838),.PCURVE_S1.);
#10822 = CIRCLE('',#10823,8.);
#10823 = AXIS2_PLACEMENT_3D('',#10824,#10825,#10826);
#10824 = CARTESIAN_POINT('',(425.,175.,20.));
#10825 = DIRECTION('',(0.,0.,-1.));
#10826 = DIRECTION('',(1.,0.,0.));
#10827 = PCURVE('',#3464,#10828);
#10828 = DEFINITIONAL_REPRESENTATION('',(#10829),#10837);
#10829 = ( BOUNDED_CURVE() B_SPLINE_CURVE(2,(#10830,#10831,#10832,#10833
    ,#10834,#10835,#10836),.UNSPECIFIED.,.T.,.F.) 
B_SPLINE_CURVE_WITH_KNOTS((1,2,2,2,2,1),(-2.094395102393,0.,
    2.094395102393,4.188790204786,6.28318530718,8.377580409573),
.UNSPECIFIED.) CURVE() GEOMETRIC_REPRESENTATION_ITEM() 
RATIONAL_B_SPLINE_CURVE((1.,0.5,1.,0.5,1.,0.5,1.)) REPRESENTATION_ITEM(
  '') );
#10830 = CARTESIAN_POINT('',(433.,175.));
#10831 = CARTESIAN_POINT('',(433.,161.14359353944));
#10832 = CARTESIAN_POINT('',(421.,168.07179676972));
#10833 = CARTESIAN_POINT('',(409.,175.));
#10834 = CARTESIAN_POINT('',(421.,181.92820323027));
#10835 = CARTESIAN_POINT('',(433.,188.85640646055));
#10836 = CARTESIAN_POINT('',(433.,175.));
#10837 = ( GEOMETRIC_REPRESENTATION_CONTEXT(2) 
PARAMETRIC_REPRESENTATION_CONTEXT() REPRESENTATION_CONTEXT('2D SPACE',''
  ) );
#10838 = PCURVE('',#10839,#10844);
#10839 = CYLINDRICAL_SURFACE('',#10840,8.);
#10840 = AXIS2_PLACEMENT_3D('',#10841,#10842,#10843);
#10841 = CARTESIAN_POINT('',(425.,175.,16.));
#10842 = DIRECTION('',(-0.,-0.,-1.));
#10843 = DIRECTION('',(1.,0.,0.));
#10844 = DEFINITIONAL_REPRESENTATION('',(#10845),#10849);
#10845 = LINE('',#10846,#10847);
#10846 = CARTESIAN_POINT('',(-6.28318530718,-4.));
#10847 = VECTOR('',#10848,1.);
#10848 = DIRECTION('',(1.,-0.));
#10849 = ( GEOMETRIC_REPRESENTATION_CONTEXT(2) 
PARAMETRIC_REPRESENTATION_CONTEXT() REPRESENTATION_CONTEXT('2D SPACE',''
  ) );
#10850 = FACE_BOUND('',#10851,.F.);
#10851 = EDGE_LOOP('',(#10852));
#10852 = ORIENTED_EDGE('',*,*,#10853,.T.);
#10853 = EDGE_CURVE('',#10854,#10854,#10856,.T.);
#10854 = VERTEX_POINT('',#10855);
#10855 = CARTESIAN_POINT('',(383.,225.,20.));
#10856 = SURFACE_CURVE('',#10857,(#10862,#10873),.PCURVE_S1.);
#10857 = CIRCLE('',#10858,8.);
#10858 = AXIS2_PLACEMENT_3D('',#10859,#10860,#10861);
#10859 = CARTESIAN_POINT('',(375.,225.,20.));
#10860 = DIRECTION('',(0.,0.,-1.));
#10861 = DIRECTION('',(1.,0.,0.));
#10862 = PCURVE('',#3464,#10863);
#10863 = DEFINITIONAL_REPRESENTATION('',(#10864),#10872);
#10864 = ( BOUNDED_CURVE() B_SPLINE_CURVE(2,(#10865,#10866,#10867,#10868
    ,#10869,#10870,#10871),.UNSPECIFIED.,.T.,.F.) 
B_SPLINE_CURVE_WITH_KNOTS((1,2,2,2,2,1),(-2.094395102393,0.,
    2.094395102393,4.188790204786,6.28318530718,8.377580409573),
.UNSPECIFIED.) CURVE() GEOMETRIC_REPRESENTATION_ITEM() 
RATIONAL_B_SPLINE_CURVE((1.,0.5,1.,0.5,1.,0.5,1.)) REPRESENTATION_ITEM(
  '') );
#10865 = CARTESIAN_POINT('',(383.,225.));
#10866 = CARTESIAN_POINT('',(383.,211.14359353944));
#10867 = CARTESIAN_POINT('',(371.,218.07179676972));
#10868 = CARTESIAN_POINT('',(359.,225.));
#10869 = CARTESIAN_POINT('',(371.,231.92820323027));
#10870 = CARTESIAN_POINT('',(383.,238.85640646055));
#10871 = CARTESIAN_POINT('',(383.,225.));
#10872 = ( GEOMETRIC_REPRESENTATION_CONTEXT(2) 
PARAMETRIC_REPRESENTATION_CONTEXT() REPRESENTATION_CONTEXT('2D SPACE',''
  ) );
#10873 = PCURVE('',#10874,#10879);
#10874 = CYLINDRICAL_SURFACE('',#10875,8.);
#10875 = AXIS2_PLACEMENT_3D('',#10876,#10877,#10878);
#10876 = CARTESIAN_POINT('',(375.,225.,16.));
#10877 = DIRECTION('',(-0.,-0.,-1.));
#10878 = DIRECTION('',(1.,0.,0.));
#10879 = DEFINITIONAL_REPRESENTATION('',(#10880),#10884);
#10880 = LINE('',#10881,#10882);
#10881 = CARTESIAN_POINT('',(-6.28318530718,-4.));
#10882 = VECTOR('',#10883,1.);
#10883 = DIRECTION('',(1.,-0.));
#10884 = ( GEOMETRIC_REPRESENTATION_CONTEXT(2) 
PARAMETRIC_REPRESENTATION_CONTEXT() REPRESENTATION_CONTEXT('2D SPACE',''
  ) );
#10885 = FACE_BOUND('',#10886,.F.);
#10886 = EDGE_LOOP('',(#10887));
#10887 = ORIENTED_EDGE('',*,*,#10888,.T.);
#10888 = EDGE_CURVE('',#10889,#10889,#10891,.T.);
#10889 = VERTEX_POINT('',#10890);
#10890 = CARTESIAN_POINT('',(433.,225.,20.));
#10891 = SURFACE_CURVE('',#10892,(#10897,#10908),.PCURVE_S1.);
#10892 = CIRCLE('',#10893,8.);
#10893 = AXIS2_PLACEMENT_3D('',#10894,#10895,#10896);
#10894 = CARTESIAN_POINT('',(425.,225.,20.));
#10895 = DIRECTION('',(0.,0.,-1.));
#10896 = DIRECTION('',(1.,0.,0.));
#10897 = PCURVE('',#3464,#10898);
#10898 = DEFINITIONAL_REPRESENTATION('',(#10899),#10907);
#10899 = ( BOUNDED_CURVE() B_SPLINE_CURVE(2,(#10900,#10901,#10902,#10903
    ,#10904,#10905,#10906),.UNSPECIFIED.,.T.,.F.) 
B_SPLINE_CURVE_WITH_KNOTS((1,2,2,2,2,1),(-2.094395102393,0.,
    2.094395102393,4.188790204786,6.28318530718,8.377580409573),
.UNSPECIFIED.) CURVE() GEOMETRIC_REPRESENTATION_ITEM() 
RATIONAL_B_SPLINE_CURVE((1.,0.5,1.,0.5,1.,0.5,1.)) REPRESENTATION_ITEM(
  '') );
#10900 = CARTESIAN_POINT('',(433.,225.));
#10901 = CARTESIAN_POINT('',(433.,211.14359353944));
#10902 = CARTESIAN_POINT('',(421.,218.07179676972));
#10903 = CARTESIAN_POINT('',(409.,225.));
#10904 = CARTESIAN_POINT('',(421.,231.92820323027));
#10905 = CARTESIAN_POINT('',(433.,238.85640646055));
#10906 = CARTESIAN_POINT('',(433.,225.));
#10907 = ( GEOMETRIC_REPRESENTATION_CONTEXT(2) 
PARAMETRIC_REPRESENTATION_CONTEXT() REPRESENTATION_CONTEXT('2D SPACE',''
  ) );
#10908 = PCURVE('',#10909,#10914);
#10909 = CYLINDRICAL_SURFACE('',#10910,8.);
#10910 = AXIS2_PLACEMENT_3D('',#10911,#10912,#10913);
#10911 = CARTESIAN_POINT('',(425.,225.,16.));
#10912 = DIRECTION('',(-0.,-0.,-1.));
#10913 = DIRECTION('',(1.,0.,0.));
#10914 = DEFINITIONAL_REPRESENTATION('',(#10915),#10919);
#10915 = LINE('',#10916,#10917);
#10916 = CARTESIAN_POINT('',(-6.28318530718,-4.));
#10917 = VECTOR('',#10918,1.);
#10918 = DIRECTION('',(1.,-0.));
#10919 = ( GEOMETRIC_REPRESENTATION_CONTEXT(2) 
PARAMETRIC_REPRESENTATION_CONTEXT() REPRESENTATION_CONTEXT('2D SPACE',''
  ) );
#10920 = FACE_BOUND('',#10921,.F.);
#10921 = EDGE_LOOP('',(#10922));
#10922 = ORIENTED_EDGE('',*,*,#10923,.T.);
#10923 = EDGE_CURVE('',#10924,#10924,#10926,.T.);
#10924 = VERTEX_POINT('',#10925);
#10925 = CARTESIAN_POINT('',(233.,275.,20.));
#10926 = SURFACE_CURVE('',#10927,(#10932,#10943),.PCURVE_S1.);
#10927 = CIRCLE('',#10928,8.);
#10928 = AXIS2_PLACEMENT_3D('',#10929,#10930,#10931);
#10929 = CARTESIAN_POINT('',(225.,275.,20.));
#10930 = DIRECTION('',(0.,0.,-1.));
#10931 = DIRECTION('',(1.,0.,0.));
#10932 = PCURVE('',#3464,#10933);
#10933 = DEFINITIONAL_REPRESENTATION('',(#10934),#10942);
#10934 = ( BOUNDED_CURVE() B_SPLINE_CURVE(2,(#10935,#10936,#10937,#10938
    ,#10939,#10940,#10941),.UNSPECIFIED.,.T.,.F.) 
B_SPLINE_CURVE_WITH_KNOTS((1,2,2,2,2,1),(-2.094395102393,0.,
    2.094395102393,4.188790204786,6.28318530718,8.377580409573),
.UNSPECIFIED.) CURVE() GEOMETRIC_REPRESENTATION_ITEM() 
RATIONAL_B_SPLINE_CURVE((1.,0.5,1.,0.5,1.,0.5,1.)) REPRESENTATION_ITEM(
  '') );
#10935 = CARTESIAN_POINT('',(233.,275.));
#10936 = CARTESIAN_POINT('',(233.,261.14359353944));
#10937 = CARTESIAN_POINT('',(221.,268.07179676972));
#10938 = CARTESIAN_POINT('',(209.,275.));
#10939 = CARTESIAN_POINT('',(221.,281.92820323027));
#10940 = CARTESIAN_POINT('',(233.,288.85640646055));
#10941 = CARTESIAN_POINT('',(233.,275.));
#10942 = ( GEOMETRIC_REPRESENTATION_CONTEXT(2) 
PARAMETRIC_REPRESENTATION_CONTEXT() REPRESENTATION_CONTEXT('2D SPACE',''
  ) );
#10943 = PCURVE('',#10944,#10949);
#10944 = CYLINDRICAL_SURFACE('',#10945,8.);
#10945 = AXIS2_PLACEMENT_3D('',#10946,#10947,#10948);
#10946 = CARTESIAN_POINT('',(225.,275.,16.));
#10947 = DIRECTION('',(-0.,-0.,-1.));
#10948 = DIRECTION('',(1.,0.,0.));
#10949 = DEFINITIONAL_REPRESENTATION('',(#10950),#10954);
#10950 = LINE('',#10951,#10952);
#10951 = CARTESIAN_POINT('',(-6.28318530718,-4.));
#10952 = VECTOR('',#10953,1.);
#10953 = DIRECTION('',(1.,-0.));
#10954 = ( GEOMETRIC_REPRESENTATION_CONTEXT(2) 
PARAMETRIC_REPRESENTATION_CONTEXT() REPRESENTATION_CONTEXT('2D SPACE',''
  ) );
#10955 = FACE_BOUND('',#10956,.F.);
#10956 = EDGE_LOOP('',(#10957));
#10957 = ORIENTED_EDGE('',*,*,#10958,.T.);
#10958 = EDGE_CURVE('',#10959,#10959,#10961,.T.);
#10959 = VERTEX_POINT('',#10960);
#10960 = CARTESIAN_POINT('',(283.,275.,20.));
#10961 = SURFACE_CURVE('',#10962,(#10967,#10978),.PCURVE_S1.);
#10962 = CIRCLE('',#10963,8.);
#10963 = AXIS2_PLACEMENT_3D('',#10964,#10965,#10966);
#10964 = CARTESIAN_POINT('',(275.,275.,20.));
#10965 = DIRECTION('',(0.,0.,-1.));
#10966 = DIRECTION('',(1.,0.,0.));
#10967 = PCURVE('',#3464,#10968);
#10968 = DEFINITIONAL_REPRESENTATION('',(#10969),#10977);
#10969 = ( BOUNDED_CURVE() B_SPLINE_CURVE(2,(#10970,#10971,#10972,#10973
    ,#10974,#10975,#10976),.UNSPECIFIED.,.T.,.F.) 
B_SPLINE_CURVE_WITH_KNOTS((1,2,2,2,2,1),(-2.094395102393,0.,
    2.094395102393,4.188790204786,6.28318530718,8.377580409573),
.UNSPECIFIED.) CURVE() GEOMETRIC_REPRESENTATION_ITEM() 
RATIONAL_B_SPLINE_CURVE((1.,0.5,1.,0.5,1.,0.5,1.)) REPRESENTATION_ITEM(
  '') );
#10970 = CARTESIAN_POINT('',(283.,275.));
#10971 = CARTESIAN_POINT('',(283.,261.14359353944));
#10972 = CARTESIAN_POINT('',(271.,268.07179676972));
#10973 = CARTESIAN_POINT('',(259.,275.));
#10974 = CARTESIAN_POINT('',(271.,281.92820323027));
#10975 = CARTESIAN_POINT('',(283.,288.85640646055));
#10976 = CARTESIAN_POINT('',(283.,275.));
#10977 = ( GEOMETRIC_REPRESENTATION_CONTEXT(2) 
PARAMETRIC_REPRESENTATION_CONTEXT() REPRESENTATION_CONTEXT('2D SPACE',''
  ) );
#10978 = PCURVE('',#10979,#10984);
#10979 = CYLINDRICAL_SURFACE('',#10980,8.);
#10980 = AXIS2_PLACEMENT_3D('',#10981,#10982,#10983);
#10981 = CARTESIAN_POINT('',(275.,275.,16.));
#10982 = DIRECTION('',(-0.,-0.,-1.));
#10983 = DIRECTION('',(1.,0.,0.));
#10984 = DEFINITIONAL_REPRESENTATION('',(#10985),#10989);
#10985 = LINE('',#10986,#10987);
#10986 = CARTESIAN_POINT('',(-6.28318530718,-4.));
#10987 = VECTOR('',#10988,1.);
#10988 = DIRECTION('',(1.,-0.));
#10989 = ( GEOMETRIC_REPRESENTATION_CONTEXT(2) 
PARAMETRIC_REPRESENTATION_CONTEXT() REPRESENTATION_CONTEXT('2D SPACE',''
  ) );
#10990 = FACE_BOUND('',#10991,.F.);
#10991 = EDGE_LOOP('',(#10992));
#10992 = ORIENTED_EDGE('',*,*,#10993,.T.);
#10993 = EDGE_CURVE('',#10994,#10994,#10996,.T.);
#10994 = VERTEX_POINT('',#10995);
#10995 = CARTESIAN_POINT('',(333.,275.,20.));
#10996 = SURFACE_CURVE('',#10997,(#11002,#11013),.PCURVE_S1.);
#10997 = CIRCLE('',#10998,8.);
#10998 = AXIS2_PLACEMENT_3D('',#10999,#11000,#11001);
#10999 = CARTESIAN_POINT('',(325.,275.,20.));
#11000 = DIRECTION('',(0.,0.,-1.));
#11001 = DIRECTION('',(1.,0.,0.));
#11002 = PCURVE('',#3464,#11003);
#11003 = DEFINITIONAL_REPRESENTATION('',(#11004),#11012);
#11004 = ( BOUNDED_CURVE() B_SPLINE_CURVE(2,(#11005,#11006,#11007,#11008
    ,#11009,#11010,#11011),.UNSPECIFIED.,.T.,.F.) 
B_SPLINE_CURVE_WITH_KNOTS((1,2,2,2,2,1),(-2.094395102393,0.,
    2.094395102393,4.188790204786,6.28318530718,8.377580409573),
.UNSPECIFIED.) CURVE() GEOMETRIC_REPRESENTATION_ITEM() 
RATIONAL_B_SPLINE_CURVE((1.,0.5,1.,0.5,1.,0.5,1.)) REPRESENTATION_ITEM(
  '') );
#11005 = CARTESIAN_POINT('',(333.,275.));
#11006 = CARTESIAN_POINT('',(333.,261.14359353944));
#11007 = CARTESIAN_POINT('',(321.,268.07179676972));
#11008 = CARTESIAN_POINT('',(309.,275.));
#11009 = CARTESIAN_POINT('',(321.,281.92820323027));
#11010 = CARTESIAN_POINT('',(333.,288.85640646055));
#11011 = CARTESIAN_POINT('',(333.,275.));
#11012 = ( GEOMETRIC_REPRESENTATION_CONTEXT(2) 
PARAMETRIC_REPRESENTATION_CONTEXT() REPRESENTATION_CONTEXT('2D SPACE',''
  ) );
#11013 = PCURVE('',#11014,#11019);
#11014 = CYLINDRICAL_SURFACE('',#11015,8.);
#11015 = AXIS2_PLACEMENT_3D('',#11016,#11017,#11018);
#11016 = CARTESIAN_POINT('',(325.,275.,16.));
#11017 = DIRECTION('',(-0.,-0.,-1.));
#11018 = DIRECTION('',(1.,0.,0.));
#11019 = DEFINITIONAL_REPRESENTATION('',(#11020),#11024);
#11020 = LINE('',#11021,#11022);
#11021 = CARTESIAN_POINT('',(-6.28318530718,-4.));
#11022 = VECTOR('',#11023,1.);
#11023 = DIRECTION('',(1.,-0.));
#11024 = ( GEOMETRIC_REPRESENTATION_CONTEXT(2) 
PARAMETRIC_REPRESENTATION_CONTEXT() REPRESENTATION_CONTEXT('2D SPACE',''
  ) );
#11025 = FACE_BOUND('',#11026,.F.);
#11026 = EDGE_LOOP('',(#11027));
#11027 = ORIENTED_EDGE('',*,*,#11028,.T.);
#11028 = EDGE_CURVE('',#11029,#11029,#11031,.T.);
#11029 = VERTEX_POINT('',#11030);
#11030 = CARTESIAN_POINT('',(233.,325.,20.));
#11031 = SURFACE_CURVE('',#11032,(#11037,#11048),.PCURVE_S1.);
#11032 = CIRCLE('',#11033,8.);
#11033 = AXIS2_PLACEMENT_3D('',#11034,#11035,#11036);
#11034 = CARTESIAN_POINT('',(225.,325.,20.));
#11035 = DIRECTION('',(0.,0.,-1.));
#11036 = DIRECTION('',(1.,0.,0.));
#11037 = PCURVE('',#3464,#11038);
#11038 = DEFINITIONAL_REPRESENTATION('',(#11039),#11047);
#11039 = ( BOUNDED_CURVE() B_SPLINE_CURVE(2,(#11040,#11041,#11042,#11043
    ,#11044,#11045,#11046),.UNSPECIFIED.,.T.,.F.) 
B_SPLINE_CURVE_WITH_KNOTS((1,2,2,2,2,1),(-2.094395102393,0.,
    2.094395102393,4.188790204786,6.28318530718,8.377580409573),
.UNSPECIFIED.) CURVE() GEOMETRIC_REPRESENTATION_ITEM() 
RATIONAL_B_SPLINE_CURVE((1.,0.5,1.,0.5,1.,0.5,1.)) REPRESENTATION_ITEM(
  '') );
#11040 = CARTESIAN_POINT('',(233.,325.));
#11041 = CARTESIAN_POINT('',(233.,311.14359353944));
#11042 = CARTESIAN_POINT('',(221.,318.07179676972));
#11043 = CARTESIAN_POINT('',(209.,325.));
#11044 = CARTESIAN_POINT('',(221.,331.92820323027));
#11045 = CARTESIAN_POINT('',(233.,338.85640646055));
#11046 = CARTESIAN_POINT('',(233.,325.));
#11047 = ( GEOMETRIC_REPRESENTATION_CONTEXT(2) 
PARAMETRIC_REPRESENTATION_CONTEXT() REPRESENTATION_CONTEXT('2D SPACE',''
  ) );
#11048 = PCURVE('',#11049,#11054);
#11049 = CYLINDRICAL_SURFACE('',#11050,8.);
#11050 = AXIS2_PLACEMENT_3D('',#11051,#11052,#11053);
#11051 = CARTESIAN_POINT('',(225.,325.,16.));
#11052 = DIRECTION('',(-0.,-0.,-1.));
#11053 = DIRECTION('',(1.,0.,0.));
#11054 = DEFINITIONAL_REPRESENTATION('',(#11055),#11059);
#11055 = LINE('',#11056,#11057);
#11056 = CARTESIAN_POINT('',(-6.28318530718,-4.));
#11057 = VECTOR('',#11058,1.);
#11058 = DIRECTION('',(1.,-0.));
#11059 = ( GEOMETRIC_REPRESENTATION_CONTEXT(2) 
PARAMETRIC_REPRESENTATION_CONTEXT() REPRESENTATION_CONTEXT('2D SPACE',''
  ) );
#11060 = FACE_BOUND('',#11061,.F.);
#11061 = EDGE_LOOP('',(#11062));
#11062 = ORIENTED_EDGE('',*,*,#11063,.T.);
#11063 = EDGE_CURVE('',#11064,#11064,#11066,.T.);
#11064 = VERTEX_POINT('',#11065);
#11065 = CARTESIAN_POINT('',(283.,325.,20.));
#11066 = SURFACE_CURVE('',#11067,(#11072,#11083),.PCURVE_S1.);
#11067 = CIRCLE('',#11068,8.);
#11068 = AXIS2_PLACEMENT_3D('',#11069,#11070,#11071);
#11069 = CARTESIAN_POINT('',(275.,325.,20.));
#11070 = DIRECTION('',(0.,0.,-1.));
#11071 = DIRECTION('',(1.,0.,0.));
#11072 = PCURVE('',#3464,#11073);
#11073 = DEFINITIONAL_REPRESENTATION('',(#11074),#11082);
#11074 = ( BOUNDED_CURVE() B_SPLINE_CURVE(2,(#11075,#11076,#11077,#11078
    ,#11079,#11080,#11081),.UNSPECIFIED.,.T.,.F.) 
B_SPLINE_CURVE_WITH_KNOTS((1,2,2,2,2,1),(-2.094395102393,0.,
    2.094395102393,4.188790204786,6.28318530718,8.377580409573),
.UNSPECIFIED.) CURVE() GEOMETRIC_REPRESENTATION_ITEM() 
RATIONAL_B_SPLINE_CURVE((1.,0.5,1.,0.5,1.,0.5,1.)) REPRESENTATION_ITEM(
  '') );
#11075 = CARTESIAN_POINT('',(283.,325.));
#11076 = CARTESIAN_POINT('',(283.,311.14359353944));
#11077 = CARTESIAN_POINT('',(271.,318.07179676972));
#11078 = CARTESIAN_POINT('',(259.,325.));
#11079 = CARTESIAN_POINT('',(271.,331.92820323027));
#11080 = CARTESIAN_POINT('',(283.,338.85640646055));
#11081 = CARTESIAN_POINT('',(283.,325.));
#11082 = ( GEOMETRIC_REPRESENTATION_CONTEXT(2) 
PARAMETRIC_REPRESENTATION_CONTEXT() REPRESENTATION_CONTEXT('2D SPACE',''
  ) );
#11083 = PCURVE('',#11084,#11089);
#11084 = CYLINDRICAL_SURFACE('',#11085,8.);
#11085 = AXIS2_PLACEMENT_3D('',#11086,#11087,#11088);
#11086 = CARTESIAN_POINT('',(275.,325.,16.));
#11087 = DIRECTION('',(-0.,-0.,-1.));
#11088 = DIRECTION('',(1.,0.,0.));
#11089 = DEFINITIONAL_REPRESENTATION('',(#11090),#11094);
#11090 = LINE('',#11091,#11092);
#11091 = CARTESIAN_POINT('',(-6.28318530718,-4.));
#11092 = VECTOR('',#11093,1.);
#11093 = DIRECTION('',(1.,-0.));
#11094 = ( GEOMETRIC_REPRESENTATION_CONTEXT(2) 
PARAMETRIC_REPRESENTATION_CONTEXT() REPRESENTATION_CONTEXT('2D SPACE',''
  ) );
#11095 = FACE_BOUND('',#11096,.F.);
#11096 = EDGE_LOOP('',(#11097));
#11097 = ORIENTED_EDGE('',*,*,#11098,.T.);
#11098 = EDGE_CURVE('',#11099,#11099,#11101,.T.);
#11099 = VERTEX_POINT('',#11100);
#11100 = CARTESIAN_POINT('',(333.,325.,20.));
#11101 = SURFACE_CURVE('',#11102,(#11107,#11118),.PCURVE_S1.);
#11102 = CIRCLE('',#11103,8.);
#11103 = AXIS2_PLACEMENT_3D('',#11104,#11105,#11106);
#11104 = CARTESIAN_POINT('',(325.,325.,20.));
#11105 = DIRECTION('',(0.,0.,-1.));
#11106 = DIRECTION('',(1.,0.,0.));
#11107 = PCURVE('',#3464,#11108);
#11108 = DEFINITIONAL_REPRESENTATION('',(#11109),#11117);
#11109 = ( BOUNDED_CURVE() B_SPLINE_CURVE(2,(#11110,#11111,#11112,#11113
    ,#11114,#11115,#11116),.UNSPECIFIED.,.T.,.F.) 
B_SPLINE_CURVE_WITH_KNOTS((1,2,2,2,2,1),(-2.094395102393,0.,
    2.094395102393,4.188790204786,6.28318530718,8.377580409573),
.UNSPECIFIED.) CURVE() GEOMETRIC_REPRESENTATION_ITEM() 
RATIONAL_B_SPLINE_CURVE((1.,0.5,1.,0.5,1.,0.5,1.)) REPRESENTATION_ITEM(
  '') );
#11110 = CARTESIAN_POINT('',(333.,325.));
#11111 = CARTESIAN_POINT('',(333.,311.14359353944));
#11112 = CARTESIAN_POINT('',(321.,318.07179676972));
#11113 = CARTESIAN_POINT('',(309.,325.));
#11114 = CARTESIAN_POINT('',(321.,331.92820323027));
#11115 = CARTESIAN_POINT('',(333.,338.85640646055));
#11116 = CARTESIAN_POINT('',(333.,325.));
#11117 = ( GEOMETRIC_REPRESENTATION_CONTEXT(2) 
PARAMETRIC_REPRESENTATION_CONTEXT() REPRESENTATION_CONTEXT('2D SPACE',''
  ) );
#11118 = PCURVE('',#11119,#11124);
#11119 = CYLINDRICAL_SURFACE('',#11120,8.);
#11120 = AXIS2_PLACEMENT_3D('',#11121,#11122,#11123);
#11121 = CARTESIAN_POINT('',(325.,325.,16.));
#11122 = DIRECTION('',(-0.,-0.,-1.));
#11123 = DIRECTION('',(1.,0.,0.));
#11124 = DEFINITIONAL_REPRESENTATION('',(#11125),#11129);
#11125 = LINE('',#11126,#11127);
#11126 = CARTESIAN_POINT('',(-6.28318530718,-4.));
#11127 = VECTOR('',#11128,1.);
#11128 = DIRECTION('',(1.,-0.));
#11129 = ( GEOMETRIC_REPRESENTATION_CONTEXT(2) 
PARAMETRIC_REPRESENTATION_CONTEXT() REPRESENTATION_CONTEXT('2D SPACE',''
  ) );
#11130 = FACE_BOUND('',#11131,.F.);
#11131 = EDGE_LOOP('',(#11132,#11162,#11190,#11218));
#11132 = ORIENTED_EDGE('',*,*,#11133,.T.);
#11133 = EDGE_CURVE('',#11134,#11136,#11138,.T.);
#11134 = VERTEX_POINT('',#11135);
#11135 = CARTESIAN_POINT('',(395.,242.,20.));
#11136 = VERTEX_POINT('',#11137);
#11137 = CARTESIAN_POINT('',(355.,242.,20.));
#11138 = SURFACE_CURVE('',#11139,(#11143,#11150),.PCURVE_S1.);
#11139 = LINE('',#11140,#11141);
#11140 = CARTESIAN_POINT('',(177.5,242.,20.));
#11141 = VECTOR('',#11142,1.);
#11142 = DIRECTION('',(-1.,0.,0.));
#11143 = PCURVE('',#3464,#11144);
#11144 = DEFINITIONAL_REPRESENTATION('',(#11145),#11149);
#11145 = LINE('',#11146,#11147);
#11146 = CARTESIAN_POINT('',(177.5,242.));
#11147 = VECTOR('',#11148,1.);
#11148 = DIRECTION('',(-1.,0.));
#11149 = ( GEOMETRIC_REPRESENTATION_CONTEXT(2) 
PARAMETRIC_REPRESENTATION_CONTEXT() REPRESENTATION_CONTEXT('2D SPACE',''
  ) );
#11150 = PCURVE('',#11151,#11156);
#11151 = PLANE('',#11152);
#11152 = AXIS2_PLACEMENT_3D('',#11153,#11154,#11155);
#11153 = CARTESIAN_POINT('',(355.,242.,16.));
#11154 = DIRECTION('',(0.,1.,0.));
#11155 = DIRECTION('',(0.,0.,1.));
#11156 = DEFINITIONAL_REPRESENTATION('',(#11157),#11161);
#11157 = LINE('',#11158,#11159);
#11158 = CARTESIAN_POINT('',(4.,-177.5));
#11159 = VECTOR('',#11160,1.);
#11160 = DIRECTION('',(0.,-1.));
#11161 = ( GEOMETRIC_REPRESENTATION_CONTEXT(2) 
PARAMETRIC_REPRESENTATION_CONTEXT() REPRESENTATION_CONTEXT('2D SPACE',''
  ) );
#11162 = ORIENTED_EDGE('',*,*,#11163,.T.);
#11163 = EDGE_CURVE('',#11136,#11164,#11166,.T.);
#11164 = VERTEX_POINT('',#11165);
#11165 = CARTESIAN_POINT('',(355.,308.,20.));
#11166 = SURFACE_CURVE('',#11167,(#11171,#11178),.PCURVE_S1.);
#11167 = LINE('',#11168,#11169);
#11168 = CARTESIAN_POINT('',(355.,121.,20.));
#11169 = VECTOR('',#11170,1.);
#11170 = DIRECTION('',(0.,1.,0.));
#11171 = PCURVE('',#3464,#11172);
#11172 = DEFINITIONAL_REPRESENTATION('',(#11173),#11177);
#11173 = LINE('',#11174,#11175);
#11174 = CARTESIAN_POINT('',(355.,121.));
#11175 = VECTOR('',#11176,1.);
#11176 = DIRECTION('',(0.,1.));
#11177 = ( GEOMETRIC_REPRESENTATION_CONTEXT(2) 
PARAMETRIC_REPRESENTATION_CONTEXT() REPRESENTATION_CONTEXT('2D SPACE',''
  ) );
#11178 = PCURVE('',#11179,#11184);
#11179 = PLANE('',#11180);
#11180 = AXIS2_PLACEMENT_3D('',#11181,#11182,#11183);
#11181 = CARTESIAN_POINT('',(355.,242.,16.));
#11182 = DIRECTION('',(1.,0.,0.));
#11183 = DIRECTION('',(0.,0.,1.));
#11184 = DEFINITIONAL_REPRESENTATION('',(#11185),#11189);
#11185 = LINE('',#11186,#11187);
#11186 = CARTESIAN_POINT('',(4.,121.));
#11187 = VECTOR('',#11188,1.);
#11188 = DIRECTION('',(0.,-1.));
#11189 = ( GEOMETRIC_REPRESENTATION_CONTEXT(2) 
PARAMETRIC_REPRESENTATION_CONTEXT() REPRESENTATION_CONTEXT('2D SPACE',''
  ) );
#11190 = ORIENTED_EDGE('',*,*,#11191,.F.);
#11191 = EDGE_CURVE('',#11192,#11164,#11194,.T.);
#11192 = VERTEX_POINT('',#11193);
#11193 = CARTESIAN_POINT('',(395.,308.,20.));
#11194 = SURFACE_CURVE('',#11195,(#11199,#11206),.PCURVE_S1.);
#11195 = LINE('',#11196,#11197);
#11196 = CARTESIAN_POINT('',(177.5,308.,20.));
#11197 = VECTOR('',#11198,1.);
#11198 = DIRECTION('',(-1.,0.,0.));
#11199 = PCURVE('',#3464,#11200);
#11200 = DEFINITIONAL_REPRESENTATION('',(#11201),#11205);
#11201 = LINE('',#11202,#11203);
#11202 = CARTESIAN_POINT('',(177.5,308.));
#11203 = VECTOR('',#11204,1.);
#11204 = DIRECTION('',(-1.,0.));
#11205 = ( GEOMETRIC_REPRESENTATION_CONTEXT(2) 
PARAMETRIC_REPRESENTATION_CONTEXT() REPRESENTATION_CONTEXT('2D SPACE',''
  ) );
#11206 = PCURVE('',#11207,#11212);
#11207 = PLANE('',#11208);
#11208 = AXIS2_PLACEMENT_3D('',#11209,#11210,#11211);
#11209 = CARTESIAN_POINT('',(355.,308.,16.));
#11210 = DIRECTION('',(0.,1.,0.));
#11211 = DIRECTION('',(0.,0.,1.));
#11212 = DEFINITIONAL_REPRESENTATION('',(#11213),#11217);
#11213 = LINE('',#11214,#11215);
#11214 = CARTESIAN_POINT('',(4.,-177.5));
#11215 = VECTOR('',#11216,1.);
#11216 = DIRECTION('',(0.,-1.));
#11217 = ( GEOMETRIC_REPRESENTATION_CONTEXT(2) 
PARAMETRIC_REPRESENTATION_CONTEXT() REPRESENTATION_CONTEXT('2D SPACE',''
  ) );
#11218 = ORIENTED_EDGE('',*,*,#11219,.F.);
#11219 = EDGE_CURVE('',#11134,#11192,#11220,.T.);
#11220 = SURFACE_CURVE('',#11221,(#11225,#11232),.PCURVE_S1.);
#11221 = LINE('',#11222,#11223);
#11222 = CARTESIAN_POINT('',(395.,121.,20.));
#11223 = VECTOR('',#11224,1.);
#11224 = DIRECTION('',(0.,1.,0.));
#11225 = PCURVE('',#3464,#11226);
#11226 = DEFINITIONAL_REPRESENTATION('',(#11227),#11231);
#11227 = LINE('',#11228,#11229);
#11228 = CARTESIAN_POINT('',(395.,121.));
#11229 = VECTOR('',#11230,1.);
#11230 = DIRECTION('',(0.,1.));
#11231 = ( GEOMETRIC_REPRESENTATION_CONTEXT(2) 
PARAMETRIC_REPRESENTATION_CONTEXT() REPRESENTATION_CONTEXT('2D SPACE',''
  ) );
#11232 = PCURVE('',#11233,#11238);
#11233 = PLANE('',#11234);
#11234 = AXIS2_PLACEMENT_3D('',#11235,#11236,#11237);
#11235 = CARTESIAN_POINT('',(395.,242.,16.));
#11236 = DIRECTION('',(1.,0.,0.));
#11237 = DIRECTION('',(0.,0.,1.));
#11238 = DEFINITIONAL_REPRESENTATION('',(#11239),#11243);
#11239 = LINE('',#11240,#11241);
#11240 = CARTESIAN_POINT('',(4.,121.));
#11241 = VECTOR('',#11242,1.);
#11242 = DIRECTION('',(0.,-1.));
#11243 = ( GEOMETRIC_REPRESENTATION_CONTEXT(2) 
PARAMETRIC_REPRESENTATION_CONTEXT() REPRESENTATION_CONTEXT('2D SPACE',''
  ) );
#11244 = FACE_BOUND('',#11245,.F.);
#11245 = EDGE_LOOP('',(#11246));
#11246 = ORIENTED_EDGE('',*,*,#11247,.T.);
#11247 = EDGE_CURVE('',#11248,#11248,#11250,.T.);
#11248 = VERTEX_POINT('',#11249);
#11249 = CARTESIAN_POINT('',(433.,275.,20.));
#11250 = SURFACE_CURVE('',#11251,(#11256,#11267),.PCURVE_S1.);
#11251 = CIRCLE('',#11252,8.);
#11252 = AXIS2_PLACEMENT_3D('',#11253,#11254,#11255);
#11253 = CARTESIAN_POINT('',(425.,275.,20.));
#11254 = DIRECTION('',(0.,0.,-1.));
#11255 = DIRECTION('',(1.,0.,0.));
#11256 = PCURVE('',#3464,#11257);
#11257 = DEFINITIONAL_REPRESENTATION('',(#11258),#11266);
#11258 = ( BOUNDED_CURVE() B_SPLINE_CURVE(2,(#11259,#11260,#11261,#11262
    ,#11263,#11264,#11265),.UNSPECIFIED.,.T.,.F.) 
B_SPLINE_CURVE_WITH_KNOTS((1,2,2,2,2,1),(-2.094395102393,0.,
    2.094395102393,4.188790204786,6.28318530718,8.377580409573),
.UNSPECIFIED.) CURVE() GEOMETRIC_REPRESENTATION_ITEM() 
RATIONAL_B_SPLINE_CURVE((1.,0.5,1.,0.5,1.,0.5,1.)) REPRESENTATION_ITEM(
  '') );
#11259 = CARTESIAN_POINT('',(433.,275.));
#11260 = CARTESIAN_POINT('',(433.,261.14359353944));
#11261 = CARTESIAN_POINT('',(421.,268.07179676972));
#11262 = CARTESIAN_POINT('',(409.,275.));
#11263 = CARTESIAN_POINT('',(421.,281.92820323027));
#11264 = CARTESIAN_POINT('',(433.,288.85640646055));
#11265 = CARTESIAN_POINT('',(433.,275.));
#11266 = ( GEOMETRIC_REPRESENTATION_CONTEXT(2) 
PARAMETRIC_REPRESENTATION_CONTEXT() REPRESENTATION_CONTEXT('2D SPACE',''
  ) );
#11267 = PCURVE('',#11268,#11273);
#11268 = CYLINDRICAL_SURFACE('',#11269,8.);
#11269 = AXIS2_PLACEMENT_3D('',#11270,#11271,#11272);
#11270 = CARTESIAN_POINT('',(425.,275.,16.));
#11271 = DIRECTION('',(-0.,-0.,-1.));
#11272 = DIRECTION('',(1.,0.,0.));
#11273 = DEFINITIONAL_REPRESENTATION('',(#11274),#11278);
#11274 = LINE('',#11275,#11276);
#11275 = CARTESIAN_POINT('',(-6.28318530718,-4.));
#11276 = VECTOR('',#11277,1.);
#11277 = DIRECTION('',(1.,-0.));
#11278 = ( GEOMETRIC_REPRESENTATION_CONTEXT(2) 
PARAMETRIC_REPRESENTATION_CONTEXT() REPRESENTATION_CONTEXT('2D SPACE',''
  ) );
#11279 = FACE_BOUND('',#11280,.F.);
#11280 = EDGE_LOOP('',(#11281));
#11281 = ORIENTED_EDGE('',*,*,#11282,.T.);
#11282 = EDGE_CURVE('',#11283,#11283,#11285,.T.);
#11283 = VERTEX_POINT('',#11284);
#11284 = CARTESIAN_POINT('',(383.,325.,20.));
#11285 = SURFACE_CURVE('',#11286,(#11291,#11302),.PCURVE_S1.);
#11286 = CIRCLE('',#11287,8.);
#11287 = AXIS2_PLACEMENT_3D('',#11288,#11289,#11290);
#11288 = CARTESIAN_POINT('',(375.,325.,20.));
#11289 = DIRECTION('',(0.,0.,-1.));
#11290 = DIRECTION('',(1.,0.,0.));
#11291 = PCURVE('',#3464,#11292);
#11292 = DEFINITIONAL_REPRESENTATION('',(#11293),#11301);
#11293 = ( BOUNDED_CURVE() B_SPLINE_CURVE(2,(#11294,#11295,#11296,#11297
    ,#11298,#11299,#11300),.UNSPECIFIED.,.T.,.F.) 
B_SPLINE_CURVE_WITH_KNOTS((1,2,2,2,2,1),(-2.094395102393,0.,
    2.094395102393,4.188790204786,6.28318530718,8.377580409573),
.UNSPECIFIED.) CURVE() GEOMETRIC_REPRESENTATION_ITEM() 
RATIONAL_B_SPLINE_CURVE((1.,0.5,1.,0.5,1.,0.5,1.)) REPRESENTATION_ITEM(
  '') );
#11294 = CARTESIAN_POINT('',(383.,325.));
#11295 = CARTESIAN_POINT('',(383.,311.14359353944));
#11296 = CARTESIAN_POINT('',(371.,318.07179676972));
#11297 = CARTESIAN_POINT('',(359.,325.));
#11298 = CARTESIAN_POINT('',(371.,331.92820323027));
#11299 = CARTESIAN_POINT('',(383.,338.85640646055));
#11300 = CARTESIAN_POINT('',(383.,325.));
#11301 = ( GEOMETRIC_REPRESENTATION_CONTEXT(2) 
PARAMETRIC_REPRESENTATION_CONTEXT() REPRESENTATION_CONTEXT('2D SPACE',''
  ) );
#11302 = PCURVE('',#11303,#11308);
#11303 = CYLINDRICAL_SURFACE('',#11304,8.);
#11304 = AXIS2_PLACEMENT_3D('',#11305,#11306,#11307);
#11305 = CARTESIAN_POINT('',(375.,325.,16.));
#11306 = DIRECTION('',(-0.,-0.,-1.));
#11307 = DIRECTION('',(1.,0.,0.));
#11308 = DEFINITIONAL_REPRESENTATION('',(#11309),#11313);
#11309 = LINE('',#11310,#11311);
#11310 = CARTESIAN_POINT('',(-6.28318530718,-4.));
#11311 = VECTOR('',#11312,1.);
#11312 = DIRECTION('',(1.,-0.));
#11313 = ( GEOMETRIC_REPRESENTATION_CONTEXT(2) 
PARAMETRIC_REPRESENTATION_CONTEXT() REPRESENTATION_CONTEXT('2D SPACE',''
  ) );
#11314 = FACE_BOUND('',#11315,.F.);
#11315 = EDGE_LOOP('',(#11316));
#11316 = ORIENTED_EDGE('',*,*,#11317,.T.);
#11317 = EDGE_CURVE('',#11318,#11318,#11320,.T.);
#11318 = VERTEX_POINT('',#11319);
#11319 = CARTESIAN_POINT('',(433.,325.,20.));
#11320 = SURFACE_CURVE('',#11321,(#11326,#11337),.PCURVE_S1.);
#11321 = CIRCLE('',#11322,8.);
#11322 = AXIS2_PLACEMENT_3D('',#11323,#11324,#11325);
#11323 = CARTESIAN_POINT('',(425.,325.,20.));
#11324 = DIRECTION('',(0.,0.,-1.));
#11325 = DIRECTION('',(1.,0.,0.));
#11326 = PCURVE('',#3464,#11327);
#11327 = DEFINITIONAL_REPRESENTATION('',(#11328),#11336);
#11328 = ( BOUNDED_CURVE() B_SPLINE_CURVE(2,(#11329,#11330,#11331,#11332
    ,#11333,#11334,#11335),.UNSPECIFIED.,.T.,.F.) 
B_SPLINE_CURVE_WITH_KNOTS((1,2,2,2,2,1),(-2.094395102393,0.,
    2.094395102393,4.188790204786,6.28318530718,8.377580409573),
.UNSPECIFIED.) CURVE() GEOMETRIC_REPRESENTATION_ITEM() 
RATIONAL_B_SPLINE_CURVE((1.,0.5,1.,0.5,1.,0.5,1.)) REPRESENTATION_ITEM(
  '') );
#11329 = CARTESIAN_POINT('',(433.,325.));
#11330 = CARTESIAN_POINT('',(433.,311.14359353944));
#11331 = CARTESIAN_POINT('',(421.,318.07179676972));
#11332 = CARTESIAN_POINT('',(409.,325.));
#11333 = CARTESIAN_POINT('',(421.,331.92820323027));
#11334 = CARTESIAN_POINT('',(433.,338.85640646055));
#11335 = CARTESIAN_POINT('',(433.,325.));
#11336 = ( GEOMETRIC_REPRESENTATION_CONTEXT(2) 
PARAMETRIC_REPRESENTATION_CONTEXT() REPRESENTATION_CONTEXT('2D SPACE',''
  ) );
#11337 = PCURVE('',#11338,#11343);
#11338 = CYLINDRICAL_SURFACE('',#11339,8.);
#11339 = AXIS2_PLACEMENT_3D('',#11340,#11341,#11342);
#11340 = CARTESIAN_POINT('',(425.,325.,16.));
#11341 = DIRECTION('',(-0.,-0.,-1.));
#11342 = DIRECTION('',(1.,0.,0.));
#11343 = DEFINITIONAL_REPRESENTATION('',(#11344),#11348);
#11344 = LINE('',#11345,#11346);
#11345 = CARTESIAN_POINT('',(-6.28318530718,-4.));
#11346 = VECTOR('',#11347,1.);
#11347 = DIRECTION('',(1.,-0.));
#11348 = ( GEOMETRIC_REPRESENTATION_CONTEXT(2) 
PARAMETRIC_REPRESENTATION_CONTEXT() REPRESENTATION_CONTEXT('2D SPACE',''
  ) );
#11349 = ADVANCED_FACE('',(#11350,#11376),#3621,.F.);
#11350 = FACE_BOUND('',#11351,.F.);
#11351 = EDGE_LOOP('',(#11352));
#11352 = ORIENTED_EDGE('',*,*,#11353,.T.);
#11353 = EDGE_CURVE('',#11354,#11354,#11356,.T.);
#11354 = VERTEX_POINT('',#11355);
#11355 = CARTESIAN_POINT('',(33.,25.,16.));
#11356 = SURFACE_CURVE('',#11357,(#11362,#11369),.PCURVE_S1.);
#11357 = CIRCLE('',#11358,8.);
#11358 = AXIS2_PLACEMENT_3D('',#11359,#11360,#11361);
#11359 = CARTESIAN_POINT('',(25.,25.,16.));
#11360 = DIRECTION('',(0.,0.,1.));
#11361 = DIRECTION('',(1.,0.,0.));
#11362 = PCURVE('',#3621,#11363);
#11363 = DEFINITIONAL_REPRESENTATION('',(#11364),#11368);
#11364 = CIRCLE('',#11365,8.);
#11365 = AXIS2_PLACEMENT_2D('',#11366,#11367);
#11366 = CARTESIAN_POINT('',(0.,0.));
#11367 = DIRECTION('',(1.,0.));
#11368 = ( GEOMETRIC_REPRESENTATION_CONTEXT(2) 
PARAMETRIC_REPRESENTATION_CONTEXT() REPRESENTATION_CONTEXT('2D SPACE',''
  ) );
#11369 = PCURVE('',#8598,#11370);
#11370 = DEFINITIONAL_REPRESENTATION('',(#11371),#11375);
#11371 = LINE('',#11372,#11373);
#11372 = CARTESIAN_POINT('',(-0.,0.));
#11373 = VECTOR('',#11374,1.);
#11374 = DIRECTION('',(-1.,0.));
#11375 = ( GEOMETRIC_REPRESENTATION_CONTEXT(2) 
PARAMETRIC_REPRESENTATION_CONTEXT() REPRESENTATION_CONTEXT('2D SPACE',''
  ) );
#11376 = FACE_BOUND('',#11377,.F.);
#11377 = EDGE_LOOP('',(#11378));
#11378 = ORIENTED_EDGE('',*,*,#3604,.T.);
#11379 = ADVANCED_FACE('',(#11380,#11521,#11524,#11555,#11586,#11617,
    #11620),#3680,.F.);
#11380 = FACE_BOUND('',#11381,.F.);
#11381 = EDGE_LOOP('',(#11382,#11407,#11430,#11453,#11476,#11499));
#11382 = ORIENTED_EDGE('',*,*,#11383,.F.);
#11383 = EDGE_CURVE('',#11384,#11386,#11388,.T.);
#11384 = VERTEX_POINT('',#11385);
#11385 = CARTESIAN_POINT('',(55.,42.,16.));
#11386 = VERTEX_POINT('',#11387);
#11387 = CARTESIAN_POINT('',(55.,43.755002001602,16.));
#11388 = SURFACE_CURVE('',#11389,(#11393,#11400),.PCURVE_S1.);
#11389 = LINE('',#11390,#11391);
#11390 = CARTESIAN_POINT('',(55.,42.,16.));
#11391 = VECTOR('',#11392,1.);
#11392 = DIRECTION('',(0.,1.,0.));
#11393 = PCURVE('',#3680,#11394);
#11394 = DEFINITIONAL_REPRESENTATION('',(#11395),#11399);
#11395 = LINE('',#11396,#11397);
#11396 = CARTESIAN_POINT('',(0.,0.));
#11397 = VECTOR('',#11398,1.);
#11398 = DIRECTION('',(0.,1.));
#11399 = ( GEOMETRIC_REPRESENTATION_CONTEXT(2) 
PARAMETRIC_REPRESENTATION_CONTEXT() REPRESENTATION_CONTEXT('2D SPACE',''
  ) );
#11400 = PCURVE('',#8700,#11401);
#11401 = DEFINITIONAL_REPRESENTATION('',(#11402),#11406);
#11402 = LINE('',#11403,#11404);
#11403 = CARTESIAN_POINT('',(0.,0.));
#11404 = VECTOR('',#11405,1.);
#11405 = DIRECTION('',(0.,-1.));
#11406 = ( GEOMETRIC_REPRESENTATION_CONTEXT(2) 
PARAMETRIC_REPRESENTATION_CONTEXT() REPRESENTATION_CONTEXT('2D SPACE',''
  ) );
#11407 = ORIENTED_EDGE('',*,*,#11408,.T.);
#11408 = EDGE_CURVE('',#11384,#11409,#11411,.T.);
#11409 = VERTEX_POINT('',#11410);
#11410 = CARTESIAN_POINT('',(95.,42.,16.));
#11411 = SURFACE_CURVE('',#11412,(#11416,#11423),.PCURVE_S1.);
#11412 = LINE('',#11413,#11414);
#11413 = CARTESIAN_POINT('',(55.,42.,16.));
#11414 = VECTOR('',#11415,1.);
#11415 = DIRECTION('',(1.,0.,0.));
#11416 = PCURVE('',#3680,#11417);
#11417 = DEFINITIONAL_REPRESENTATION('',(#11418),#11422);
#11418 = LINE('',#11419,#11420);
#11419 = CARTESIAN_POINT('',(0.,0.));
#11420 = VECTOR('',#11421,1.);
#11421 = DIRECTION('',(1.,0.));
#11422 = ( GEOMETRIC_REPRESENTATION_CONTEXT(2) 
PARAMETRIC_REPRESENTATION_CONTEXT() REPRESENTATION_CONTEXT('2D SPACE',''
  ) );
#11423 = PCURVE('',#8843,#11424);
#11424 = DEFINITIONAL_REPRESENTATION('',(#11425),#11429);
#11425 = LINE('',#11426,#11427);
#11426 = CARTESIAN_POINT('',(0.,0.));
#11427 = VECTOR('',#11428,1.);
#11428 = DIRECTION('',(0.,1.));
#11429 = ( GEOMETRIC_REPRESENTATION_CONTEXT(2) 
PARAMETRIC_REPRESENTATION_CONTEXT() REPRESENTATION_CONTEXT('2D SPACE',''
  ) );
#11430 = ORIENTED_EDGE('',*,*,#11431,.T.);
#11431 = EDGE_CURVE('',#11409,#11432,#11434,.T.);
#11432 = VERTEX_POINT('',#11433);
#11433 = CARTESIAN_POINT('',(95.,108.,16.));
#11434 = SURFACE_CURVE('',#11435,(#11439,#11446),.PCURVE_S1.);
#11435 = LINE('',#11436,#11437);
#11436 = CARTESIAN_POINT('',(95.,42.,16.));
#11437 = VECTOR('',#11438,1.);
#11438 = DIRECTION('',(0.,1.,0.));
#11439 = PCURVE('',#3680,#11440);
#11440 = DEFINITIONAL_REPRESENTATION('',(#11441),#11445);
#11441 = LINE('',#11442,#11443);
#11442 = CARTESIAN_POINT('',(40.,0.));
#11443 = VECTOR('',#11444,1.);
#11444 = DIRECTION('',(0.,1.));
#11445 = ( GEOMETRIC_REPRESENTATION_CONTEXT(2) 
PARAMETRIC_REPRESENTATION_CONTEXT() REPRESENTATION_CONTEXT('2D SPACE',''
  ) );
#11446 = PCURVE('',#8817,#11447);
#11447 = DEFINITIONAL_REPRESENTATION('',(#11448),#11452);
#11448 = LINE('',#11449,#11450);
#11449 = CARTESIAN_POINT('',(0.,0.));
#11450 = VECTOR('',#11451,1.);
#11451 = DIRECTION('',(0.,-1.));
#11452 = ( GEOMETRIC_REPRESENTATION_CONTEXT(2) 
PARAMETRIC_REPRESENTATION_CONTEXT() REPRESENTATION_CONTEXT('2D SPACE',''
  ) );
#11453 = ORIENTED_EDGE('',*,*,#11454,.F.);
#11454 = EDGE_CURVE('',#11455,#11432,#11457,.T.);
#11455 = VERTEX_POINT('',#11456);
#11456 = CARTESIAN_POINT('',(55.,108.,16.));
#11457 = SURFACE_CURVE('',#11458,(#11462,#11469),.PCURVE_S1.);
#11458 = LINE('',#11459,#11460);
#11459 = CARTESIAN_POINT('',(55.,108.,16.));
#11460 = VECTOR('',#11461,1.);
#11461 = DIRECTION('',(1.,0.,0.));
#11462 = PCURVE('',#3680,#11463);
#11463 = DEFINITIONAL_REPRESENTATION('',(#11464),#11468);
#11464 = LINE('',#11465,#11466);
#11465 = CARTESIAN_POINT('',(0.,66.));
#11466 = VECTOR('',#11467,1.);
#11467 = DIRECTION('',(1.,0.));
#11468 = ( GEOMETRIC_REPRESENTATION_CONTEXT(2) 
PARAMETRIC_REPRESENTATION_CONTEXT() REPRESENTATION_CONTEXT('2D SPACE',''
  ) );
#11469 = PCURVE('',#8789,#11470);
#11470 = DEFINITIONAL_REPRESENTATION('',(#11471),#11475);
#11471 = LINE('',#11472,#11473);
#11472 = CARTESIAN_POINT('',(0.,0.));
#11473 = VECTOR('',#11474,1.);
#11474 = DIRECTION('',(0.,1.));
#11475 = ( GEOMETRIC_REPRESENTATION_CONTEXT(2) 
PARAMETRIC_REPRESENTATION_CONTEXT() REPRESENTATION_CONTEXT('2D SPACE',''
  ) );
#11476 = ORIENTED_EDGE('',*,*,#11477,.F.);
#11477 = EDGE_CURVE('',#11478,#11455,#11480,.T.);
#11478 = VERTEX_POINT('',#11479);
#11479 = CARTESIAN_POINT('',(55.,56.244997998398,16.));
#11480 = SURFACE_CURVE('',#11481,(#11485,#11492),.PCURVE_S1.);
#11481 = LINE('',#11482,#11483);
#11482 = CARTESIAN_POINT('',(55.,42.,16.));
#11483 = VECTOR('',#11484,1.);
#11484 = DIRECTION('',(0.,1.,0.));
#11485 = PCURVE('',#3680,#11486);
#11486 = DEFINITIONAL_REPRESENTATION('',(#11487),#11491);
#11487 = LINE('',#11488,#11489);
#11488 = CARTESIAN_POINT('',(0.,0.));
#11489 = VECTOR('',#11490,1.);
#11490 = DIRECTION('',(0.,1.));
#11491 = ( GEOMETRIC_REPRESENTATION_CONTEXT(2) 
PARAMETRIC_REPRESENTATION_CONTEXT() REPRESENTATION_CONTEXT('2D SPACE',''
  ) );
#11492 = PCURVE('',#8761,#11493);
#11493 = DEFINITIONAL_REPRESENTATION('',(#11494),#11498);
#11494 = LINE('',#11495,#11496);
#11495 = CARTESIAN_POINT('',(0.,0.));
#11496 = VECTOR('',#11497,1.);
#11497 = DIRECTION('',(0.,-1.));
#11498 = ( GEOMETRIC_REPRESENTATION_CONTEXT(2) 
PARAMETRIC_REPRESENTATION_CONTEXT() REPRESENTATION_CONTEXT('2D SPACE',''
  ) );
#11499 = ORIENTED_EDGE('',*,*,#11500,.T.);
#11500 = EDGE_CURVE('',#11478,#11386,#11501,.T.);
#11501 = SURFACE_CURVE('',#11502,(#11507,#11514),.PCURVE_S1.);
#11502 = CIRCLE('',#11503,8.);
#11503 = AXIS2_PLACEMENT_3D('',#11504,#11505,#11506);
#11504 = CARTESIAN_POINT('',(50.,50.,16.));
#11505 = DIRECTION('',(0.,0.,1.));
#11506 = DIRECTION('',(1.,0.,0.));
#11507 = PCURVE('',#3680,#11508);
#11508 = DEFINITIONAL_REPRESENTATION('',(#11509),#11513);
#11509 = CIRCLE('',#11510,8.);
#11510 = AXIS2_PLACEMENT_2D('',#11511,#11512);
#11511 = CARTESIAN_POINT('',(-5.,8.));
#11512 = DIRECTION('',(1.,0.));
#11513 = ( GEOMETRIC_REPRESENTATION_CONTEXT(2) 
PARAMETRIC_REPRESENTATION_CONTEXT() REPRESENTATION_CONTEXT('2D SPACE',''
  ) );
#11514 = PCURVE('',#8733,#11515);
#11515 = DEFINITIONAL_REPRESENTATION('',(#11516),#11520);
#11516 = LINE('',#11517,#11518);
#11517 = CARTESIAN_POINT('',(-0.,0.));
#11518 = VECTOR('',#11519,1.);
#11519 = DIRECTION('',(-1.,0.));
#11520 = ( GEOMETRIC_REPRESENTATION_CONTEXT(2) 
PARAMETRIC_REPRESENTATION_CONTEXT() REPRESENTATION_CONTEXT('2D SPACE',''
  ) );
#11521 = FACE_BOUND('',#11522,.F.);
#11522 = EDGE_LOOP('',(#11523));
#11523 = ORIENTED_EDGE('',*,*,#3663,.T.);
#11524 = FACE_BOUND('',#11525,.F.);
#11525 = EDGE_LOOP('',(#11526));
#11526 = ORIENTED_EDGE('',*,*,#11527,.F.);
#11527 = EDGE_CURVE('',#11528,#11528,#11530,.T.);
#11528 = VERTEX_POINT('',#11529);
#11529 = CARTESIAN_POINT('',(64.2,62.5,16.));
#11530 = SURFACE_CURVE('',#11531,(#11536,#11543),.PCURVE_S1.);
#11531 = CIRCLE('',#11532,1.7);
#11532 = AXIS2_PLACEMENT_3D('',#11533,#11534,#11535);
#11533 = CARTESIAN_POINT('',(62.5,62.5,16.));
#11534 = DIRECTION('',(0.,0.,1.));
#11535 = DIRECTION('',(1.,0.,-0.));
#11536 = PCURVE('',#3680,#11537);
#11537 = DEFINITIONAL_REPRESENTATION('',(#11538),#11542);
#11538 = CIRCLE('',#11539,1.7);
#11539 = AXIS2_PLACEMENT_2D('',#11540,#11541);
#11540 = CARTESIAN_POINT('',(7.5,20.5));
#11541 = DIRECTION('',(1.,0.));
#11542 = ( GEOMETRIC_REPRESENTATION_CONTEXT(2) 
PARAMETRIC_REPRESENTATION_CONTEXT() REPRESENTATION_CONTEXT('2D SPACE',''
  ) );
#11543 = PCURVE('',#11544,#11549);
#11544 = CYLINDRICAL_SURFACE('',#11545,1.7);
#11545 = AXIS2_PLACEMENT_3D('',#11546,#11547,#11548);
#11546 = CARTESIAN_POINT('',(62.5,62.5,15.));
#11547 = DIRECTION('',(0.,0.,1.));
#11548 = DIRECTION('',(1.,0.,-0.));
#11549 = DEFINITIONAL_REPRESENTATION('',(#11550),#11554);
#11550 = LINE('',#11551,#11552);
#11551 = CARTESIAN_POINT('',(0.,1.));
#11552 = VECTOR('',#11553,1.);
#11553 = DIRECTION('',(1.,0.));
#11554 = ( GEOMETRIC_REPRESENTATION_CONTEXT(2) 
PARAMETRIC_REPRESENTATION_CONTEXT() REPRESENTATION_CONTEXT('2D SPACE',''
  ) );
#11555 = FACE_BOUND('',#11556,.F.);
#11556 = EDGE_LOOP('',(#11557));
#11557 = ORIENTED_EDGE('',*,*,#11558,.F.);
#11558 = EDGE_CURVE('',#11559,#11559,#11561,.T.);
#11559 = VERTEX_POINT('',#11560);
#11560 = CARTESIAN_POINT('',(89.2,62.5,16.));
#11561 = SURFACE_CURVE('',#11562,(#11567,#11574),.PCURVE_S1.);
#11562 = CIRCLE('',#11563,1.7);
#11563 = AXIS2_PLACEMENT_3D('',#11564,#11565,#11566);
#11564 = CARTESIAN_POINT('',(87.5,62.5,16.));
#11565 = DIRECTION('',(0.,0.,1.));
#11566 = DIRECTION('',(1.,0.,-0.));
#11567 = PCURVE('',#3680,#11568);
#11568 = DEFINITIONAL_REPRESENTATION('',(#11569),#11573);
#11569 = CIRCLE('',#11570,1.7);
#11570 = AXIS2_PLACEMENT_2D('',#11571,#11572);
#11571 = CARTESIAN_POINT('',(32.5,20.5));
#11572 = DIRECTION('',(1.,0.));
#11573 = ( GEOMETRIC_REPRESENTATION_CONTEXT(2) 
PARAMETRIC_REPRESENTATION_CONTEXT() REPRESENTATION_CONTEXT('2D SPACE',''
  ) );
#11574 = PCURVE('',#11575,#11580);
#11575 = CYLINDRICAL_SURFACE('',#11576,1.7);
#11576 = AXIS2_PLACEMENT_3D('',#11577,#11578,#11579);
#11577 = CARTESIAN_POINT('',(87.5,62.5,15.));
#11578 = DIRECTION('',(0.,0.,1.));
#11579 = DIRECTION('',(1.,0.,-0.));
#11580 = DEFINITIONAL_REPRESENTATION('',(#11581),#11585);
#11581 = LINE('',#11582,#11583);
#11582 = CARTESIAN_POINT('',(0.,1.));
#11583 = VECTOR('',#11584,1.);
#11584 = DIRECTION('',(1.,0.));
#11585 = ( GEOMETRIC_REPRESENTATION_CONTEXT(2) 
PARAMETRIC_REPRESENTATION_CONTEXT() REPRESENTATION_CONTEXT('2D SPACE',''
  ) );
#11586 = FACE_BOUND('',#11587,.F.);
#11587 = EDGE_LOOP('',(#11588));
#11588 = ORIENTED_EDGE('',*,*,#11589,.F.);
#11589 = EDGE_CURVE('',#11590,#11590,#11592,.T.);
#11590 = VERTEX_POINT('',#11591);
#11591 = CARTESIAN_POINT('',(64.2,87.5,16.));
#11592 = SURFACE_CURVE('',#11593,(#11598,#11605),.PCURVE_S1.);
#11593 = CIRCLE('',#11594,1.7);
#11594 = AXIS2_PLACEMENT_3D('',#11595,#11596,#11597);
#11595 = CARTESIAN_POINT('',(62.5,87.5,16.));
#11596 = DIRECTION('',(0.,0.,1.));
#11597 = DIRECTION('',(1.,0.,-0.));
#11598 = PCURVE('',#3680,#11599);
#11599 = DEFINITIONAL_REPRESENTATION('',(#11600),#11604);
#11600 = CIRCLE('',#11601,1.7);
#11601 = AXIS2_PLACEMENT_2D('',#11602,#11603);
#11602 = CARTESIAN_POINT('',(7.5,45.5));
#11603 = DIRECTION('',(1.,0.));
#11604 = ( GEOMETRIC_REPRESENTATION_CONTEXT(2) 
PARAMETRIC_REPRESENTATION_CONTEXT() REPRESENTATION_CONTEXT('2D SPACE',''
  ) );
#11605 = PCURVE('',#11606,#11611);
#11606 = CYLINDRICAL_SURFACE('',#11607,1.7);
#11607 = AXIS2_PLACEMENT_3D('',#11608,#11609,#11610);
#11608 = CARTESIAN_POINT('',(62.5,87.5,15.));
#11609 = DIRECTION('',(0.,0.,1.));
#11610 = DIRECTION('',(1.,0.,-0.));
#11611 = DEFINITIONAL_REPRESENTATION('',(#11612),#11616);
#11612 = LINE('',#11613,#11614);
#11613 = CARTESIAN_POINT('',(0.,1.));
#11614 = VECTOR('',#11615,1.);
#11615 = DIRECTION('',(1.,0.));
#11616 = ( GEOMETRIC_REPRESENTATION_CONTEXT(2) 
PARAMETRIC_REPRESENTATION_CONTEXT() REPRESENTATION_CONTEXT('2D SPACE',''
  ) );
#11617 = FACE_BOUND('',#11618,.F.);
#11618 = EDGE_LOOP('',(#11619));
#11619 = ORIENTED_EDGE('',*,*,#4005,.T.);
#11620 = FACE_BOUND('',#11621,.F.);
#11621 = EDGE_LOOP('',(#11622));
#11622 = ORIENTED_EDGE('',*,*,#11623,.F.);
#11623 = EDGE_CURVE('',#11624,#11624,#11626,.T.);
#11624 = VERTEX_POINT('',#11625);
#11625 = CARTESIAN_POINT('',(89.2,87.5,16.));
#11626 = SURFACE_CURVE('',#11627,(#11632,#11639),.PCURVE_S1.);
#11627 = CIRCLE('',#11628,1.7);
#11628 = AXIS2_PLACEMENT_3D('',#11629,#11630,#11631);
#11629 = CARTESIAN_POINT('',(87.5,87.5,16.));
#11630 = DIRECTION('',(0.,0.,1.));
#11631 = DIRECTION('',(1.,0.,-0.));
#11632 = PCURVE('',#3680,#11633);
#11633 = DEFINITIONAL_REPRESENTATION('',(#11634),#11638);
#11634 = CIRCLE('',#11635,1.7);
#11635 = AXIS2_PLACEMENT_2D('',#11636,#11637);
#11636 = CARTESIAN_POINT('',(32.5,45.5));
#11637 = DIRECTION('',(1.,0.));
#11638 = ( GEOMETRIC_REPRESENTATION_CONTEXT(2) 
PARAMETRIC_REPRESENTATION_CONTEXT() REPRESENTATION_CONTEXT('2D SPACE',''
  ) );
#11639 = PCURVE('',#11640,#11645);
#11640 = CYLINDRICAL_SURFACE('',#11641,1.7);
#11641 = AXIS2_PLACEMENT_3D('',#11642,#11643,#11644);
#11642 = CARTESIAN_POINT('',(87.5,87.5,15.));
#11643 = DIRECTION('',(0.,0.,1.));
#11644 = DIRECTION('',(1.,0.,-0.));
#11645 = DEFINITIONAL_REPRESENTATION('',(#11646),#11650);
#11646 = LINE('',#11647,#11648);
#11647 = CARTESIAN_POINT('',(0.,1.));
#11648 = VECTOR('',#11649,1.);
#11649 = DIRECTION('',(1.,0.));
#11650 = ( GEOMETRIC_REPRESENTATION_CONTEXT(2) 
PARAMETRIC_REPRESENTATION_CONTEXT() REPRESENTATION_CONTEXT('2D SPACE',''
  ) );
#11651 = ADVANCED_FACE('',(#11652,#11678),#3739,.F.);
#11652 = FACE_BOUND('',#11653,.F.);
#11653 = EDGE_LOOP('',(#11654));
#11654 = ORIENTED_EDGE('',*,*,#11655,.T.);
#11655 = EDGE_CURVE('',#11656,#11656,#11658,.T.);
#11656 = VERTEX_POINT('',#11657);
#11657 = CARTESIAN_POINT('',(83.,25.,16.));
#11658 = SURFACE_CURVE('',#11659,(#11664,#11671),.PCURVE_S1.);
#11659 = CIRCLE('',#11660,8.);
#11660 = AXIS2_PLACEMENT_3D('',#11661,#11662,#11663);
#11661 = CARTESIAN_POINT('',(75.,25.,16.));
#11662 = DIRECTION('',(0.,0.,1.));
#11663 = DIRECTION('',(1.,0.,0.));
#11664 = PCURVE('',#3739,#11665);
#11665 = DEFINITIONAL_REPRESENTATION('',(#11666),#11670);
#11666 = CIRCLE('',#11667,8.);
#11667 = AXIS2_PLACEMENT_2D('',#11668,#11669);
#11668 = CARTESIAN_POINT('',(0.,0.));
#11669 = DIRECTION('',(1.,0.));
#11670 = ( GEOMETRIC_REPRESENTATION_CONTEXT(2) 
PARAMETRIC_REPRESENTATION_CONTEXT() REPRESENTATION_CONTEXT('2D SPACE',''
  ) );
#11671 = PCURVE('',#8633,#11672);
#11672 = DEFINITIONAL_REPRESENTATION('',(#11673),#11677);
#11673 = LINE('',#11674,#11675);
#11674 = CARTESIAN_POINT('',(-0.,0.));
#11675 = VECTOR('',#11676,1.);
#11676 = DIRECTION('',(-1.,0.));
#11677 = ( GEOMETRIC_REPRESENTATION_CONTEXT(2) 
PARAMETRIC_REPRESENTATION_CONTEXT() REPRESENTATION_CONTEXT('2D SPACE',''
  ) );
#11678 = FACE_BOUND('',#11679,.F.);
#11679 = EDGE_LOOP('',(#11680));
#11680 = ORIENTED_EDGE('',*,*,#3722,.T.);
#11681 = ADVANCED_FACE('',(#11682,#11708),#3798,.F.);
#11682 = FACE_BOUND('',#11683,.F.);
#11683 = EDGE_LOOP('',(#11684));
#11684 = ORIENTED_EDGE('',*,*,#11685,.T.);
#11685 = EDGE_CURVE('',#11686,#11686,#11688,.T.);
#11686 = VERTEX_POINT('',#11687);
#11687 = CARTESIAN_POINT('',(33.,75.,16.));
#11688 = SURFACE_CURVE('',#11689,(#11694,#11701),.PCURVE_S1.);
#11689 = CIRCLE('',#11690,8.);
#11690 = AXIS2_PLACEMENT_3D('',#11691,#11692,#11693);
#11691 = CARTESIAN_POINT('',(25.,75.,16.));
#11692 = DIRECTION('',(0.,0.,1.));
#11693 = DIRECTION('',(1.,0.,0.));
#11694 = PCURVE('',#3798,#11695);
#11695 = DEFINITIONAL_REPRESENTATION('',(#11696),#11700);
#11696 = CIRCLE('',#11697,8.);
#11697 = AXIS2_PLACEMENT_2D('',#11698,#11699);
#11698 = CARTESIAN_POINT('',(0.,0.));
#11699 = DIRECTION('',(1.,0.));
#11700 = ( GEOMETRIC_REPRESENTATION_CONTEXT(2) 
PARAMETRIC_REPRESENTATION_CONTEXT() REPRESENTATION_CONTEXT('2D SPACE',''
  ) );
#11701 = PCURVE('',#8668,#11702);
#11702 = DEFINITIONAL_REPRESENTATION('',(#11703),#11707);
#11703 = LINE('',#11704,#11705);
#11704 = CARTESIAN_POINT('',(-0.,0.));
#11705 = VECTOR('',#11706,1.);
#11706 = DIRECTION('',(-1.,0.));
#11707 = ( GEOMETRIC_REPRESENTATION_CONTEXT(2) 
PARAMETRIC_REPRESENTATION_CONTEXT() REPRESENTATION_CONTEXT('2D SPACE',''
  ) );
#11708 = FACE_BOUND('',#11709,.F.);
#11709 = EDGE_LOOP('',(#11710));
#11710 = ORIENTED_EDGE('',*,*,#3781,.T.);
#11711 = ADVANCED_FACE('',(#11712,#11715),#3879,.T.);
#11712 = FACE_BOUND('',#11713,.T.);
#11713 = EDGE_LOOP('',(#11714));
#11714 = ORIENTED_EDGE('',*,*,#3864,.T.);
#11715 = FACE_BOUND('',#11716,.T.);
#11716 = EDGE_LOOP('',(#11717));
#11717 = ORIENTED_EDGE('',*,*,#11718,.F.);
#11718 = EDGE_CURVE('',#11719,#11719,#11721,.T.);
#11719 = VERTEX_POINT('',#11720);
#11720 = CARTESIAN_POINT('',(64.2,62.5,22.5));
#11721 = SURFACE_CURVE('',#11722,(#11727,#11734),.PCURVE_S1.);
#11722 = CIRCLE('',#11723,1.7);
#11723 = AXIS2_PLACEMENT_3D('',#11724,#11725,#11726);
#11724 = CARTESIAN_POINT('',(62.5,62.5,22.5));
#11725 = DIRECTION('',(0.,0.,1.));
#11726 = DIRECTION('',(1.,0.,-0.));
#11727 = PCURVE('',#3879,#11728);
#11728 = DEFINITIONAL_REPRESENTATION('',(#11729),#11733);
#11729 = CIRCLE('',#11730,1.7);
#11730 = AXIS2_PLACEMENT_2D('',#11731,#11732);
#11731 = CARTESIAN_POINT('',(0.,0.));
#11732 = DIRECTION('',(1.,0.));
#11733 = ( GEOMETRIC_REPRESENTATION_CONTEXT(2) 
PARAMETRIC_REPRESENTATION_CONTEXT() REPRESENTATION_CONTEXT('2D SPACE',''
  ) );
#11734 = PCURVE('',#11544,#11735);
#11735 = DEFINITIONAL_REPRESENTATION('',(#11736),#11740);
#11736 = LINE('',#11737,#11738);
#11737 = CARTESIAN_POINT('',(0.,7.5));
#11738 = VECTOR('',#11739,1.);
#11739 = DIRECTION('',(1.,0.));
#11740 = ( GEOMETRIC_REPRESENTATION_CONTEXT(2) 
PARAMETRIC_REPRESENTATION_CONTEXT() REPRESENTATION_CONTEXT('2D SPACE',''
  ) );
#11741 = ADVANCED_FACE('',(#11742,#11745),#3934,.T.);
#11742 = FACE_BOUND('',#11743,.T.);
#11743 = EDGE_LOOP('',(#11744));
#11744 = ORIENTED_EDGE('',*,*,#3919,.T.);
#11745 = FACE_BOUND('',#11746,.T.);
#11746 = EDGE_LOOP('',(#11747));
#11747 = ORIENTED_EDGE('',*,*,#11748,.F.);
#11748 = EDGE_CURVE('',#11749,#11749,#11751,.T.);
#11749 = VERTEX_POINT('',#11750);
#11750 = CARTESIAN_POINT('',(64.2,87.5,22.5));
#11751 = SURFACE_CURVE('',#11752,(#11757,#11764),.PCURVE_S1.);
#11752 = CIRCLE('',#11753,1.7);
#11753 = AXIS2_PLACEMENT_3D('',#11754,#11755,#11756);
#11754 = CARTESIAN_POINT('',(62.5,87.5,22.5));
#11755 = DIRECTION('',(0.,0.,1.));
#11756 = DIRECTION('',(1.,0.,-0.));
#11757 = PCURVE('',#3934,#11758);
#11758 = DEFINITIONAL_REPRESENTATION('',(#11759),#11763);
#11759 = CIRCLE('',#11760,1.7);
#11760 = AXIS2_PLACEMENT_2D('',#11761,#11762);
#11761 = CARTESIAN_POINT('',(0.,0.));
#11762 = DIRECTION('',(1.,0.));
#11763 = ( GEOMETRIC_REPRESENTATION_CONTEXT(2) 
PARAMETRIC_REPRESENTATION_CONTEXT() REPRESENTATION_CONTEXT('2D SPACE',''
  ) );
#11764 = PCURVE('',#11606,#11765);
#11765 = DEFINITIONAL_REPRESENTATION('',(#11766),#11770);
#11766 = LINE('',#11767,#11768);
#11767 = CARTESIAN_POINT('',(0.,7.5));
#11768 = VECTOR('',#11769,1.);
#11769 = DIRECTION('',(1.,0.));
#11770 = ( GEOMETRIC_REPRESENTATION_CONTEXT(2) 
PARAMETRIC_REPRESENTATION_CONTEXT() REPRESENTATION_CONTEXT('2D SPACE',''
  ) );
#11771 = ADVANCED_FACE('',(#11772,#11775),#3989,.T.);
#11772 = FACE_BOUND('',#11773,.T.);
#11773 = EDGE_LOOP('',(#11774));
#11774 = ORIENTED_EDGE('',*,*,#3974,.T.);
#11775 = FACE_BOUND('',#11776,.T.);
#11776 = EDGE_LOOP('',(#11777));
#11777 = ORIENTED_EDGE('',*,*,#11778,.F.);
#11778 = EDGE_CURVE('',#11779,#11779,#11781,.T.);
#11779 = VERTEX_POINT('',#11780);
#11780 = CARTESIAN_POINT('',(89.2,62.5,22.5));
#11781 = SURFACE_CURVE('',#11782,(#11787,#11794),.PCURVE_S1.);
#11782 = CIRCLE('',#11783,1.7);
#11783 = AXIS2_PLACEMENT_3D('',#11784,#11785,#11786);
#11784 = CARTESIAN_POINT('',(87.5,62.5,22.5));
#11785 = DIRECTION('',(0.,0.,1.));
#11786 = DIRECTION('',(1.,0.,-0.));
#11787 = PCURVE('',#3989,#11788);
#11788 = DEFINITIONAL_REPRESENTATION('',(#11789),#11793);
#11789 = CIRCLE('',#11790,1.7);
#11790 = AXIS2_PLACEMENT_2D('',#11791,#11792);
#11791 = CARTESIAN_POINT('',(0.,0.));
#11792 = DIRECTION('',(1.,0.));
#11793 = ( GEOMETRIC_REPRESENTATION_CONTEXT(2) 
PARAMETRIC_REPRESENTATION_CONTEXT() REPRESENTATION_CONTEXT('2D SPACE',''
  ) );
#11794 = PCURVE('',#11575,#11795);
#11795 = DEFINITIONAL_REPRESENTATION('',(#11796),#11800);
#11796 = LINE('',#11797,#11798);
#11797 = CARTESIAN_POINT('',(0.,7.5));
#11798 = VECTOR('',#11799,1.);
#11799 = DIRECTION('',(1.,0.));
#11800 = ( GEOMETRIC_REPRESENTATION_CONTEXT(2) 
PARAMETRIC_REPRESENTATION_CONTEXT() REPRESENTATION_CONTEXT('2D SPACE',''
  ) );
#11801 = ADVANCED_FACE('',(#11802,#11805),#4098,.T.);
#11802 = FACE_BOUND('',#11803,.T.);
#11803 = EDGE_LOOP('',(#11804));
#11804 = ORIENTED_EDGE('',*,*,#4083,.T.);
#11805 = FACE_BOUND('',#11806,.T.);
#11806 = EDGE_LOOP('',(#11807));
#11807 = ORIENTED_EDGE('',*,*,#11808,.F.);
#11808 = EDGE_CURVE('',#11809,#11809,#11811,.T.);
#11809 = VERTEX_POINT('',#11810);
#11810 = CARTESIAN_POINT('',(89.2,87.5,22.5));
#11811 = SURFACE_CURVE('',#11812,(#11817,#11824),.PCURVE_S1.);
#11812 = CIRCLE('',#11813,1.7);
#11813 = AXIS2_PLACEMENT_3D('',#11814,#11815,#11816);
#11814 = CARTESIAN_POINT('',(87.5,87.5,22.5));
#11815 = DIRECTION('',(0.,0.,1.));
#11816 = DIRECTION('',(1.,0.,-0.));
#11817 = PCURVE('',#4098,#11818);
#11818 = DEFINITIONAL_REPRESENTATION('',(#11819),#11823);
#11819 = CIRCLE('',#11820,1.7);
#11820 = AXIS2_PLACEMENT_2D('',#11821,#11822);
#11821 = CARTESIAN_POINT('',(0.,0.));
#11822 = DIRECTION('',(1.,0.));
#11823 = ( GEOMETRIC_REPRESENTATION_CONTEXT(2) 
PARAMETRIC_REPRESENTATION_CONTEXT() REPRESENTATION_CONTEXT('2D SPACE',''
  ) );
#11824 = PCURVE('',#11640,#11825);
#11825 = DEFINITIONAL_REPRESENTATION('',(#11826),#11830);
#11826 = LINE('',#11827,#11828);
#11827 = CARTESIAN_POINT('',(0.,7.5));
#11828 = VECTOR('',#11829,1.);
#11829 = DIRECTION('',(1.,0.));
#11830 = ( GEOMETRIC_REPRESENTATION_CONTEXT(2) 
PARAMETRIC_REPRESENTATION_CONTEXT() REPRESENTATION_CONTEXT('2D SPACE',''
  ) );
#11831 = ADVANCED_FACE('',(#11832,#11858),#4131,.F.);
#11832 = FACE_BOUND('',#11833,.F.);
#11833 = EDGE_LOOP('',(#11834));
#11834 = ORIENTED_EDGE('',*,*,#11835,.T.);
#11835 = EDGE_CURVE('',#11836,#11836,#11838,.T.);
#11836 = VERTEX_POINT('',#11837);
#11837 = CARTESIAN_POINT('',(133.,25.,16.));
#11838 = SURFACE_CURVE('',#11839,(#11844,#11851),.PCURVE_S1.);
#11839 = CIRCLE('',#11840,8.);
#11840 = AXIS2_PLACEMENT_3D('',#11841,#11842,#11843);
#11841 = CARTESIAN_POINT('',(125.,25.,16.));
#11842 = DIRECTION('',(0.,0.,1.));
#11843 = DIRECTION('',(1.,0.,0.));
#11844 = PCURVE('',#4131,#11845);
#11845 = DEFINITIONAL_REPRESENTATION('',(#11846),#11850);
#11846 = CIRCLE('',#11847,8.);
#11847 = AXIS2_PLACEMENT_2D('',#11848,#11849);
#11848 = CARTESIAN_POINT('',(0.,0.));
#11849 = DIRECTION('',(1.,0.));
#11850 = ( GEOMETRIC_REPRESENTATION_CONTEXT(2) 
PARAMETRIC_REPRESENTATION_CONTEXT() REPRESENTATION_CONTEXT('2D SPACE',''
  ) );
#11851 = PCURVE('',#8878,#11852);
#11852 = DEFINITIONAL_REPRESENTATION('',(#11853),#11857);
#11853 = LINE('',#11854,#11855);
#11854 = CARTESIAN_POINT('',(-0.,0.));
#11855 = VECTOR('',#11856,1.);
#11856 = DIRECTION('',(-1.,0.));
#11857 = ( GEOMETRIC_REPRESENTATION_CONTEXT(2) 
PARAMETRIC_REPRESENTATION_CONTEXT() REPRESENTATION_CONTEXT('2D SPACE',''
  ) );
#11858 = FACE_BOUND('',#11859,.F.);
#11859 = EDGE_LOOP('',(#11860));
#11860 = ORIENTED_EDGE('',*,*,#4114,.T.);
#11861 = ADVANCED_FACE('',(#11862,#11888),#4190,.F.);
#11862 = FACE_BOUND('',#11863,.F.);
#11863 = EDGE_LOOP('',(#11864));
#11864 = ORIENTED_EDGE('',*,*,#11865,.T.);
#11865 = EDGE_CURVE('',#11866,#11866,#11868,.T.);
#11866 = VERTEX_POINT('',#11867);
#11867 = CARTESIAN_POINT('',(183.,25.,16.));
#11868 = SURFACE_CURVE('',#11869,(#11874,#11881),.PCURVE_S1.);
#11869 = CIRCLE('',#11870,8.);
#11870 = AXIS2_PLACEMENT_3D('',#11871,#11872,#11873);
#11871 = CARTESIAN_POINT('',(175.,25.,16.));
#11872 = DIRECTION('',(0.,0.,1.));
#11873 = DIRECTION('',(1.,0.,0.));
#11874 = PCURVE('',#4190,#11875);
#11875 = DEFINITIONAL_REPRESENTATION('',(#11876),#11880);
#11876 = CIRCLE('',#11877,8.);
#11877 = AXIS2_PLACEMENT_2D('',#11878,#11879);
#11878 = CARTESIAN_POINT('',(0.,0.));
#11879 = DIRECTION('',(1.,0.));
#11880 = ( GEOMETRIC_REPRESENTATION_CONTEXT(2) 
PARAMETRIC_REPRESENTATION_CONTEXT() REPRESENTATION_CONTEXT('2D SPACE',''
  ) );
#11881 = PCURVE('',#8913,#11882);
#11882 = DEFINITIONAL_REPRESENTATION('',(#11883),#11887);
#11883 = LINE('',#11884,#11885);
#11884 = CARTESIAN_POINT('',(-0.,0.));
#11885 = VECTOR('',#11886,1.);
#11886 = DIRECTION('',(-1.,0.));
#11887 = ( GEOMETRIC_REPRESENTATION_CONTEXT(2) 
PARAMETRIC_REPRESENTATION_CONTEXT() REPRESENTATION_CONTEXT('2D SPACE',''
  ) );
#11888 = FACE_BOUND('',#11889,.F.);
#11889 = EDGE_LOOP('',(#11890));
#11890 = ORIENTED_EDGE('',*,*,#4173,.T.);
#11891 = ADVANCED_FACE('',(#11892,#11918),#4249,.F.);
#11892 = FACE_BOUND('',#11893,.F.);
#11893 = EDGE_LOOP('',(#11894));
#11894 = ORIENTED_EDGE('',*,*,#11895,.T.);
#11895 = EDGE_CURVE('',#11896,#11896,#11898,.T.);
#11896 = VERTEX_POINT('',#11897);
#11897 = CARTESIAN_POINT('',(133.,75.,16.));
#11898 = SURFACE_CURVE('',#11899,(#11904,#11911),.PCURVE_S1.);
#11899 = CIRCLE('',#11900,8.);
#11900 = AXIS2_PLACEMENT_3D('',#11901,#11902,#11903);
#11901 = CARTESIAN_POINT('',(125.,75.,16.));
#11902 = DIRECTION('',(0.,0.,1.));
#11903 = DIRECTION('',(1.,0.,0.));
#11904 = PCURVE('',#4249,#11905);
#11905 = DEFINITIONAL_REPRESENTATION('',(#11906),#11910);
#11906 = CIRCLE('',#11907,8.);
#11907 = AXIS2_PLACEMENT_2D('',#11908,#11909);
#11908 = CARTESIAN_POINT('',(0.,0.));
#11909 = DIRECTION('',(1.,0.));
#11910 = ( GEOMETRIC_REPRESENTATION_CONTEXT(2) 
PARAMETRIC_REPRESENTATION_CONTEXT() REPRESENTATION_CONTEXT('2D SPACE',''
  ) );
#11911 = PCURVE('',#8948,#11912);
#11912 = DEFINITIONAL_REPRESENTATION('',(#11913),#11917);
#11913 = LINE('',#11914,#11915);
#11914 = CARTESIAN_POINT('',(-0.,0.));
#11915 = VECTOR('',#11916,1.);
#11916 = DIRECTION('',(-1.,0.));
#11917 = ( GEOMETRIC_REPRESENTATION_CONTEXT(2) 
PARAMETRIC_REPRESENTATION_CONTEXT() REPRESENTATION_CONTEXT('2D SPACE',''
  ) );
#11918 = FACE_BOUND('',#11919,.F.);
#11919 = EDGE_LOOP('',(#11920));
#11920 = ORIENTED_EDGE('',*,*,#4232,.T.);
#11921 = ADVANCED_FACE('',(#11922,#11948),#4308,.F.);
#11922 = FACE_BOUND('',#11923,.F.);
#11923 = EDGE_LOOP('',(#11924));
#11924 = ORIENTED_EDGE('',*,*,#11925,.T.);
#11925 = EDGE_CURVE('',#11926,#11926,#11928,.T.);
#11926 = VERTEX_POINT('',#11927);
#11927 = CARTESIAN_POINT('',(183.,75.,16.));
#11928 = SURFACE_CURVE('',#11929,(#11934,#11941),.PCURVE_S1.);
#11929 = CIRCLE('',#11930,8.);
#11930 = AXIS2_PLACEMENT_3D('',#11931,#11932,#11933);
#11931 = CARTESIAN_POINT('',(175.,75.,16.));
#11932 = DIRECTION('',(0.,0.,1.));
#11933 = DIRECTION('',(1.,0.,0.));
#11934 = PCURVE('',#4308,#11935);
#11935 = DEFINITIONAL_REPRESENTATION('',(#11936),#11940);
#11936 = CIRCLE('',#11937,8.);
#11937 = AXIS2_PLACEMENT_2D('',#11938,#11939);
#11938 = CARTESIAN_POINT('',(0.,0.));
#11939 = DIRECTION('',(1.,0.));
#11940 = ( GEOMETRIC_REPRESENTATION_CONTEXT(2) 
PARAMETRIC_REPRESENTATION_CONTEXT() REPRESENTATION_CONTEXT('2D SPACE',''
  ) );
#11941 = PCURVE('',#8983,#11942);
#11942 = DEFINITIONAL_REPRESENTATION('',(#11943),#11947);
#11943 = LINE('',#11944,#11945);
#11944 = CARTESIAN_POINT('',(-0.,0.));
#11945 = VECTOR('',#11946,1.);
#11946 = DIRECTION('',(-1.,0.));
#11947 = ( GEOMETRIC_REPRESENTATION_CONTEXT(2) 
PARAMETRIC_REPRESENTATION_CONTEXT() REPRESENTATION_CONTEXT('2D SPACE',''
  ) );
#11948 = FACE_BOUND('',#11949,.F.);
#11949 = EDGE_LOOP('',(#11950));
#11950 = ORIENTED_EDGE('',*,*,#4291,.T.);
#11951 = ADVANCED_FACE('',(#11952,#11978),#4367,.F.);
#11952 = FACE_BOUND('',#11953,.F.);
#11953 = EDGE_LOOP('',(#11954));
#11954 = ORIENTED_EDGE('',*,*,#11955,.T.);
#11955 = EDGE_CURVE('',#11956,#11956,#11958,.T.);
#11956 = VERTEX_POINT('',#11957);
#11957 = CARTESIAN_POINT('',(33.,125.,16.));
#11958 = SURFACE_CURVE('',#11959,(#11964,#11971),.PCURVE_S1.);
#11959 = CIRCLE('',#11960,8.);
#11960 = AXIS2_PLACEMENT_3D('',#11961,#11962,#11963);
#11961 = CARTESIAN_POINT('',(25.,125.,16.));
#11962 = DIRECTION('',(0.,0.,1.));
#11963 = DIRECTION('',(1.,0.,0.));
#11964 = PCURVE('',#4367,#11965);
#11965 = DEFINITIONAL_REPRESENTATION('',(#11966),#11970);
#11966 = CIRCLE('',#11967,8.);
#11967 = AXIS2_PLACEMENT_2D('',#11968,#11969);
#11968 = CARTESIAN_POINT('',(0.,0.));
#11969 = DIRECTION('',(1.,0.));
#11970 = ( GEOMETRIC_REPRESENTATION_CONTEXT(2) 
PARAMETRIC_REPRESENTATION_CONTEXT() REPRESENTATION_CONTEXT('2D SPACE',''
  ) );
#11971 = PCURVE('',#9018,#11972);
#11972 = DEFINITIONAL_REPRESENTATION('',(#11973),#11977);
#11973 = LINE('',#11974,#11975);
#11974 = CARTESIAN_POINT('',(-0.,0.));
#11975 = VECTOR('',#11976,1.);
#11976 = DIRECTION('',(-1.,0.));
#11977 = ( GEOMETRIC_REPRESENTATION_CONTEXT(2) 
PARAMETRIC_REPRESENTATION_CONTEXT() REPRESENTATION_CONTEXT('2D SPACE',''
  ) );
#11978 = FACE_BOUND('',#11979,.F.);
#11979 = EDGE_LOOP('',(#11980));
#11980 = ORIENTED_EDGE('',*,*,#4350,.T.);
#11981 = ADVANCED_FACE('',(#11982,#12008),#4426,.F.);
#11982 = FACE_BOUND('',#11983,.F.);
#11983 = EDGE_LOOP('',(#11984));
#11984 = ORIENTED_EDGE('',*,*,#11985,.T.);
#11985 = EDGE_CURVE('',#11986,#11986,#11988,.T.);
#11986 = VERTEX_POINT('',#11987);
#11987 = CARTESIAN_POINT('',(83.,125.,16.));
#11988 = SURFACE_CURVE('',#11989,(#11994,#12001),.PCURVE_S1.);
#11989 = CIRCLE('',#11990,8.);
#11990 = AXIS2_PLACEMENT_3D('',#11991,#11992,#11993);
#11991 = CARTESIAN_POINT('',(75.,125.,16.));
#11992 = DIRECTION('',(0.,0.,1.));
#11993 = DIRECTION('',(1.,0.,0.));
#11994 = PCURVE('',#4426,#11995);
#11995 = DEFINITIONAL_REPRESENTATION('',(#11996),#12000);
#11996 = CIRCLE('',#11997,8.);
#11997 = AXIS2_PLACEMENT_2D('',#11998,#11999);
#11998 = CARTESIAN_POINT('',(0.,0.));
#11999 = DIRECTION('',(1.,0.));
#12000 = ( GEOMETRIC_REPRESENTATION_CONTEXT(2) 
PARAMETRIC_REPRESENTATION_CONTEXT() REPRESENTATION_CONTEXT('2D SPACE',''
  ) );
#12001 = PCURVE('',#9053,#12002);
#12002 = DEFINITIONAL_REPRESENTATION('',(#12003),#12007);
#12003 = LINE('',#12004,#12005);
#12004 = CARTESIAN_POINT('',(-0.,0.));
#12005 = VECTOR('',#12006,1.);
#12006 = DIRECTION('',(-1.,0.));
#12007 = ( GEOMETRIC_REPRESENTATION_CONTEXT(2) 
PARAMETRIC_REPRESENTATION_CONTEXT() REPRESENTATION_CONTEXT('2D SPACE',''
  ) );
#12008 = FACE_BOUND('',#12009,.F.);
#12009 = EDGE_LOOP('',(#12010));
#12010 = ORIENTED_EDGE('',*,*,#4409,.T.);
#12011 = ADVANCED_FACE('',(#12012,#12038),#4485,.F.);
#12012 = FACE_BOUND('',#12013,.F.);
#12013 = EDGE_LOOP('',(#12014));
#12014 = ORIENTED_EDGE('',*,*,#12015,.T.);
#12015 = EDGE_CURVE('',#12016,#12016,#12018,.T.);
#12016 = VERTEX_POINT('',#12017);
#12017 = CARTESIAN_POINT('',(133.,125.,16.));
#12018 = SURFACE_CURVE('',#12019,(#12024,#12031),.PCURVE_S1.);
#12019 = CIRCLE('',#12020,8.);
#12020 = AXIS2_PLACEMENT_3D('',#12021,#12022,#12023);
#12021 = CARTESIAN_POINT('',(125.,125.,16.));
#12022 = DIRECTION('',(0.,0.,1.));
#12023 = DIRECTION('',(1.,0.,0.));
#12024 = PCURVE('',#4485,#12025);
#12025 = DEFINITIONAL_REPRESENTATION('',(#12026),#12030);
#12026 = CIRCLE('',#12027,8.);
#12027 = AXIS2_PLACEMENT_2D('',#12028,#12029);
#12028 = CARTESIAN_POINT('',(0.,0.));
#12029 = DIRECTION('',(1.,0.));
#12030 = ( GEOMETRIC_REPRESENTATION_CONTEXT(2) 
PARAMETRIC_REPRESENTATION_CONTEXT() REPRESENTATION_CONTEXT('2D SPACE',''
  ) );
#12031 = PCURVE('',#9088,#12032);
#12032 = DEFINITIONAL_REPRESENTATION('',(#12033),#12037);
#12033 = LINE('',#12034,#12035);
#12034 = CARTESIAN_POINT('',(-0.,0.));
#12035 = VECTOR('',#12036,1.);
#12036 = DIRECTION('',(-1.,0.));
#12037 = ( GEOMETRIC_REPRESENTATION_CONTEXT(2) 
PARAMETRIC_REPRESENTATION_CONTEXT() REPRESENTATION_CONTEXT('2D SPACE',''
  ) );
#12038 = FACE_BOUND('',#12039,.F.);
#12039 = EDGE_LOOP('',(#12040));
#12040 = ORIENTED_EDGE('',*,*,#4468,.T.);
#12041 = ADVANCED_FACE('',(#12042,#12068),#4544,.F.);
#12042 = FACE_BOUND('',#12043,.F.);
#12043 = EDGE_LOOP('',(#12044));
#12044 = ORIENTED_EDGE('',*,*,#12045,.T.);
#12045 = EDGE_CURVE('',#12046,#12046,#12048,.T.);
#12046 = VERTEX_POINT('',#12047);
#12047 = CARTESIAN_POINT('',(183.,125.,16.));
#12048 = SURFACE_CURVE('',#12049,(#12054,#12061),.PCURVE_S1.);
#12049 = CIRCLE('',#12050,8.);
#12050 = AXIS2_PLACEMENT_3D('',#12051,#12052,#12053);
#12051 = CARTESIAN_POINT('',(175.,125.,16.));
#12052 = DIRECTION('',(0.,0.,1.));
#12053 = DIRECTION('',(1.,0.,0.));
#12054 = PCURVE('',#4544,#12055);
#12055 = DEFINITIONAL_REPRESENTATION('',(#12056),#12060);
#12056 = CIRCLE('',#12057,8.);
#12057 = AXIS2_PLACEMENT_2D('',#12058,#12059);
#12058 = CARTESIAN_POINT('',(0.,0.));
#12059 = DIRECTION('',(1.,0.));
#12060 = ( GEOMETRIC_REPRESENTATION_CONTEXT(2) 
PARAMETRIC_REPRESENTATION_CONTEXT() REPRESENTATION_CONTEXT('2D SPACE',''
  ) );
#12061 = PCURVE('',#9123,#12062);
#12062 = DEFINITIONAL_REPRESENTATION('',(#12063),#12067);
#12063 = LINE('',#12064,#12065);
#12064 = CARTESIAN_POINT('',(-0.,0.));
#12065 = VECTOR('',#12066,1.);
#12066 = DIRECTION('',(-1.,0.));
#12067 = ( GEOMETRIC_REPRESENTATION_CONTEXT(2) 
PARAMETRIC_REPRESENTATION_CONTEXT() REPRESENTATION_CONTEXT('2D SPACE',''
  ) );
#12068 = FACE_BOUND('',#12069,.F.);
#12069 = EDGE_LOOP('',(#12070));
#12070 = ORIENTED_EDGE('',*,*,#4527,.T.);
#12071 = ADVANCED_FACE('',(#12072,#12098),#4603,.F.);
#12072 = FACE_BOUND('',#12073,.F.);
#12073 = EDGE_LOOP('',(#12074));
#12074 = ORIENTED_EDGE('',*,*,#12075,.T.);
#12075 = EDGE_CURVE('',#12076,#12076,#12078,.T.);
#12076 = VERTEX_POINT('',#12077);
#12077 = CARTESIAN_POINT('',(233.,25.,16.));
#12078 = SURFACE_CURVE('',#12079,(#12084,#12091),.PCURVE_S1.);
#12079 = CIRCLE('',#12080,8.);
#12080 = AXIS2_PLACEMENT_3D('',#12081,#12082,#12083);
#12081 = CARTESIAN_POINT('',(225.,25.,16.));
#12082 = DIRECTION('',(0.,0.,1.));
#12083 = DIRECTION('',(1.,0.,0.));
#12084 = PCURVE('',#4603,#12085);
#12085 = DEFINITIONAL_REPRESENTATION('',(#12086),#12090);
#12086 = CIRCLE('',#12087,8.);
#12087 = AXIS2_PLACEMENT_2D('',#12088,#12089);
#12088 = CARTESIAN_POINT('',(0.,0.));
#12089 = DIRECTION('',(1.,0.));
#12090 = ( GEOMETRIC_REPRESENTATION_CONTEXT(2) 
PARAMETRIC_REPRESENTATION_CONTEXT() REPRESENTATION_CONTEXT('2D SPACE',''
  ) );
#12091 = PCURVE('',#9158,#12092);
#12092 = DEFINITIONAL_REPRESENTATION('',(#12093),#12097);
#12093 = LINE('',#12094,#12095);
#12094 = CARTESIAN_POINT('',(-0.,0.));
#12095 = VECTOR('',#12096,1.);
#12096 = DIRECTION('',(-1.,0.));
#12097 = ( GEOMETRIC_REPRESENTATION_CONTEXT(2) 
PARAMETRIC_REPRESENTATION_CONTEXT() REPRESENTATION_CONTEXT('2D SPACE',''
  ) );
#12098 = FACE_BOUND('',#12099,.F.);
#12099 = EDGE_LOOP('',(#12100));
#12100 = ORIENTED_EDGE('',*,*,#4586,.T.);
#12101 = ADVANCED_FACE('',(#12102,#12128),#4662,.F.);
#12102 = FACE_BOUND('',#12103,.F.);
#12103 = EDGE_LOOP('',(#12104));
#12104 = ORIENTED_EDGE('',*,*,#12105,.T.);
#12105 = EDGE_CURVE('',#12106,#12106,#12108,.T.);
#12106 = VERTEX_POINT('',#12107);
#12107 = CARTESIAN_POINT('',(283.,25.,16.));
#12108 = SURFACE_CURVE('',#12109,(#12114,#12121),.PCURVE_S1.);
#12109 = CIRCLE('',#12110,8.);
#12110 = AXIS2_PLACEMENT_3D('',#12111,#12112,#12113);
#12111 = CARTESIAN_POINT('',(275.,25.,16.));
#12112 = DIRECTION('',(0.,0.,1.));
#12113 = DIRECTION('',(1.,0.,0.));
#12114 = PCURVE('',#4662,#12115);
#12115 = DEFINITIONAL_REPRESENTATION('',(#12116),#12120);
#12116 = CIRCLE('',#12117,8.);
#12117 = AXIS2_PLACEMENT_2D('',#12118,#12119);
#12118 = CARTESIAN_POINT('',(0.,0.));
#12119 = DIRECTION('',(1.,0.));
#12120 = ( GEOMETRIC_REPRESENTATION_CONTEXT(2) 
PARAMETRIC_REPRESENTATION_CONTEXT() REPRESENTATION_CONTEXT('2D SPACE',''
  ) );
#12121 = PCURVE('',#9193,#12122);
#12122 = DEFINITIONAL_REPRESENTATION('',(#12123),#12127);
#12123 = LINE('',#12124,#12125);
#12124 = CARTESIAN_POINT('',(-0.,0.));
#12125 = VECTOR('',#12126,1.);
#12126 = DIRECTION('',(-1.,0.));
#12127 = ( GEOMETRIC_REPRESENTATION_CONTEXT(2) 
PARAMETRIC_REPRESENTATION_CONTEXT() REPRESENTATION_CONTEXT('2D SPACE',''
  ) );
#12128 = FACE_BOUND('',#12129,.F.);
#12129 = EDGE_LOOP('',(#12130));
#12130 = ORIENTED_EDGE('',*,*,#4645,.T.);
#12131 = ADVANCED_FACE('',(#12132,#12158),#4721,.F.);
#12132 = FACE_BOUND('',#12133,.F.);
#12133 = EDGE_LOOP('',(#12134));
#12134 = ORIENTED_EDGE('',*,*,#12135,.T.);
#12135 = EDGE_CURVE('',#12136,#12136,#12138,.T.);
#12136 = VERTEX_POINT('',#12137);
#12137 = CARTESIAN_POINT('',(333.,25.,16.));
#12138 = SURFACE_CURVE('',#12139,(#12144,#12151),.PCURVE_S1.);
#12139 = CIRCLE('',#12140,8.);
#12140 = AXIS2_PLACEMENT_3D('',#12141,#12142,#12143);
#12141 = CARTESIAN_POINT('',(325.,25.,16.));
#12142 = DIRECTION('',(0.,0.,1.));
#12143 = DIRECTION('',(1.,0.,0.));
#12144 = PCURVE('',#4721,#12145);
#12145 = DEFINITIONAL_REPRESENTATION('',(#12146),#12150);
#12146 = CIRCLE('',#12147,8.);
#12147 = AXIS2_PLACEMENT_2D('',#12148,#12149);
#12148 = CARTESIAN_POINT('',(0.,0.));
#12149 = DIRECTION('',(1.,0.));
#12150 = ( GEOMETRIC_REPRESENTATION_CONTEXT(2) 
PARAMETRIC_REPRESENTATION_CONTEXT() REPRESENTATION_CONTEXT('2D SPACE',''
  ) );
#12151 = PCURVE('',#9228,#12152);
#12152 = DEFINITIONAL_REPRESENTATION('',(#12153),#12157);
#12153 = LINE('',#12154,#12155);
#12154 = CARTESIAN_POINT('',(-0.,0.));
#12155 = VECTOR('',#12156,1.);
#12156 = DIRECTION('',(-1.,0.));
#12157 = ( GEOMETRIC_REPRESENTATION_CONTEXT(2) 
PARAMETRIC_REPRESENTATION_CONTEXT() REPRESENTATION_CONTEXT('2D SPACE',''
  ) );
#12158 = FACE_BOUND('',#12159,.F.);
#12159 = EDGE_LOOP('',(#12160));
#12160 = ORIENTED_EDGE('',*,*,#4704,.T.);
#12161 = ADVANCED_FACE('',(#12162,#12188),#4780,.F.);
#12162 = FACE_BOUND('',#12163,.F.);
#12163 = EDGE_LOOP('',(#12164));
#12164 = ORIENTED_EDGE('',*,*,#12165,.T.);
#12165 = EDGE_CURVE('',#12166,#12166,#12168,.T.);
#12166 = VERTEX_POINT('',#12167);
#12167 = CARTESIAN_POINT('',(233.,75.,16.));
#12168 = SURFACE_CURVE('',#12169,(#12174,#12181),.PCURVE_S1.);
#12169 = CIRCLE('',#12170,8.);
#12170 = AXIS2_PLACEMENT_3D('',#12171,#12172,#12173);
#12171 = CARTESIAN_POINT('',(225.,75.,16.));
#12172 = DIRECTION('',(0.,0.,1.));
#12173 = DIRECTION('',(1.,0.,0.));
#12174 = PCURVE('',#4780,#12175);
#12175 = DEFINITIONAL_REPRESENTATION('',(#12176),#12180);
#12176 = CIRCLE('',#12177,8.);
#12177 = AXIS2_PLACEMENT_2D('',#12178,#12179);
#12178 = CARTESIAN_POINT('',(0.,0.));
#12179 = DIRECTION('',(1.,0.));
#12180 = ( GEOMETRIC_REPRESENTATION_CONTEXT(2) 
PARAMETRIC_REPRESENTATION_CONTEXT() REPRESENTATION_CONTEXT('2D SPACE',''
  ) );
#12181 = PCURVE('',#9263,#12182);
#12182 = DEFINITIONAL_REPRESENTATION('',(#12183),#12187);
#12183 = LINE('',#12184,#12185);
#12184 = CARTESIAN_POINT('',(-0.,0.));
#12185 = VECTOR('',#12186,1.);
#12186 = DIRECTION('',(-1.,0.));
#12187 = ( GEOMETRIC_REPRESENTATION_CONTEXT(2) 
PARAMETRIC_REPRESENTATION_CONTEXT() REPRESENTATION_CONTEXT('2D SPACE',''
  ) );
#12188 = FACE_BOUND('',#12189,.F.);
#12189 = EDGE_LOOP('',(#12190));
#12190 = ORIENTED_EDGE('',*,*,#4763,.T.);
#12191 = ADVANCED_FACE('',(#12192,#12218),#4839,.F.);
#12192 = FACE_BOUND('',#12193,.F.);
#12193 = EDGE_LOOP('',(#12194));
#12194 = ORIENTED_EDGE('',*,*,#12195,.T.);
#12195 = EDGE_CURVE('',#12196,#12196,#12198,.T.);
#12196 = VERTEX_POINT('',#12197);
#12197 = CARTESIAN_POINT('',(283.,75.,16.));
#12198 = SURFACE_CURVE('',#12199,(#12204,#12211),.PCURVE_S1.);
#12199 = CIRCLE('',#12200,8.);
#12200 = AXIS2_PLACEMENT_3D('',#12201,#12202,#12203);
#12201 = CARTESIAN_POINT('',(275.,75.,16.));
#12202 = DIRECTION('',(0.,0.,1.));
#12203 = DIRECTION('',(1.,0.,0.));
#12204 = PCURVE('',#4839,#12205);
#12205 = DEFINITIONAL_REPRESENTATION('',(#12206),#12210);
#12206 = CIRCLE('',#12207,8.);
#12207 = AXIS2_PLACEMENT_2D('',#12208,#12209);
#12208 = CARTESIAN_POINT('',(0.,0.));
#12209 = DIRECTION('',(1.,0.));
#12210 = ( GEOMETRIC_REPRESENTATION_CONTEXT(2) 
PARAMETRIC_REPRESENTATION_CONTEXT() REPRESENTATION_CONTEXT('2D SPACE',''
  ) );
#12211 = PCURVE('',#9298,#12212);
#12212 = DEFINITIONAL_REPRESENTATION('',(#12213),#12217);
#12213 = LINE('',#12214,#12215);
#12214 = CARTESIAN_POINT('',(-0.,0.));
#12215 = VECTOR('',#12216,1.);
#12216 = DIRECTION('',(-1.,0.));
#12217 = ( GEOMETRIC_REPRESENTATION_CONTEXT(2) 
PARAMETRIC_REPRESENTATION_CONTEXT() REPRESENTATION_CONTEXT('2D SPACE',''
  ) );
#12218 = FACE_BOUND('',#12219,.F.);
#12219 = EDGE_LOOP('',(#12220));
#12220 = ORIENTED_EDGE('',*,*,#4822,.T.);
#12221 = ADVANCED_FACE('',(#12222,#12248),#4898,.F.);
#12222 = FACE_BOUND('',#12223,.F.);
#12223 = EDGE_LOOP('',(#12224));
#12224 = ORIENTED_EDGE('',*,*,#12225,.T.);
#12225 = EDGE_CURVE('',#12226,#12226,#12228,.T.);
#12226 = VERTEX_POINT('',#12227);
#12227 = CARTESIAN_POINT('',(333.,75.,16.));
#12228 = SURFACE_CURVE('',#12229,(#12234,#12241),.PCURVE_S1.);
#12229 = CIRCLE('',#12230,8.);
#12230 = AXIS2_PLACEMENT_3D('',#12231,#12232,#12233);
#12231 = CARTESIAN_POINT('',(325.,75.,16.));
#12232 = DIRECTION('',(0.,0.,1.));
#12233 = DIRECTION('',(1.,0.,0.));
#12234 = PCURVE('',#4898,#12235);
#12235 = DEFINITIONAL_REPRESENTATION('',(#12236),#12240);
#12236 = CIRCLE('',#12237,8.);
#12237 = AXIS2_PLACEMENT_2D('',#12238,#12239);
#12238 = CARTESIAN_POINT('',(0.,0.));
#12239 = DIRECTION('',(1.,0.));
#12240 = ( GEOMETRIC_REPRESENTATION_CONTEXT(2) 
PARAMETRIC_REPRESENTATION_CONTEXT() REPRESENTATION_CONTEXT('2D SPACE',''
  ) );
#12241 = PCURVE('',#9333,#12242);
#12242 = DEFINITIONAL_REPRESENTATION('',(#12243),#12247);
#12243 = LINE('',#12244,#12245);
#12244 = CARTESIAN_POINT('',(-0.,0.));
#12245 = VECTOR('',#12246,1.);
#12246 = DIRECTION('',(-1.,0.));
#12247 = ( GEOMETRIC_REPRESENTATION_CONTEXT(2) 
PARAMETRIC_REPRESENTATION_CONTEXT() REPRESENTATION_CONTEXT('2D SPACE',''
  ) );
#12248 = FACE_BOUND('',#12249,.F.);
#12249 = EDGE_LOOP('',(#12250));
#12250 = ORIENTED_EDGE('',*,*,#4881,.T.);
#12251 = ADVANCED_FACE('',(#12252,#12278),#4957,.F.);
#12252 = FACE_BOUND('',#12253,.F.);
#12253 = EDGE_LOOP('',(#12254));
#12254 = ORIENTED_EDGE('',*,*,#12255,.T.);
#12255 = EDGE_CURVE('',#12256,#12256,#12258,.T.);
#12256 = VERTEX_POINT('',#12257);
#12257 = CARTESIAN_POINT('',(383.,25.,16.));
#12258 = SURFACE_CURVE('',#12259,(#12264,#12271),.PCURVE_S1.);
#12259 = CIRCLE('',#12260,8.);
#12260 = AXIS2_PLACEMENT_3D('',#12261,#12262,#12263);
#12261 = CARTESIAN_POINT('',(375.,25.,16.));
#12262 = DIRECTION('',(0.,0.,1.));
#12263 = DIRECTION('',(1.,0.,0.));
#12264 = PCURVE('',#4957,#12265);
#12265 = DEFINITIONAL_REPRESENTATION('',(#12266),#12270);
#12266 = CIRCLE('',#12267,8.);
#12267 = AXIS2_PLACEMENT_2D('',#12268,#12269);
#12268 = CARTESIAN_POINT('',(0.,0.));
#12269 = DIRECTION('',(1.,0.));
#12270 = ( GEOMETRIC_REPRESENTATION_CONTEXT(2) 
PARAMETRIC_REPRESENTATION_CONTEXT() REPRESENTATION_CONTEXT('2D SPACE',''
  ) );
#12271 = PCURVE('',#9368,#12272);
#12272 = DEFINITIONAL_REPRESENTATION('',(#12273),#12277);
#12273 = LINE('',#12274,#12275);
#12274 = CARTESIAN_POINT('',(-0.,0.));
#12275 = VECTOR('',#12276,1.);
#12276 = DIRECTION('',(-1.,0.));
#12277 = ( GEOMETRIC_REPRESENTATION_CONTEXT(2) 
PARAMETRIC_REPRESENTATION_CONTEXT() REPRESENTATION_CONTEXT('2D SPACE',''
  ) );
#12278 = FACE_BOUND('',#12279,.F.);
#12279 = EDGE_LOOP('',(#12280));
#12280 = ORIENTED_EDGE('',*,*,#4940,.T.);
#12281 = ADVANCED_FACE('',(#12282,#12308),#5016,.F.);
#12282 = FACE_BOUND('',#12283,.F.);
#12283 = EDGE_LOOP('',(#12284));
#12284 = ORIENTED_EDGE('',*,*,#12285,.T.);
#12285 = EDGE_CURVE('',#12286,#12286,#12288,.T.);
#12286 = VERTEX_POINT('',#12287);
#12287 = CARTESIAN_POINT('',(433.,25.,16.));
#12288 = SURFACE_CURVE('',#12289,(#12294,#12301),.PCURVE_S1.);
#12289 = CIRCLE('',#12290,8.);
#12290 = AXIS2_PLACEMENT_3D('',#12291,#12292,#12293);
#12291 = CARTESIAN_POINT('',(425.,25.,16.));
#12292 = DIRECTION('',(0.,0.,1.));
#12293 = DIRECTION('',(1.,0.,0.));
#12294 = PCURVE('',#5016,#12295);
#12295 = DEFINITIONAL_REPRESENTATION('',(#12296),#12300);
#12296 = CIRCLE('',#12297,8.);
#12297 = AXIS2_PLACEMENT_2D('',#12298,#12299);
#12298 = CARTESIAN_POINT('',(0.,0.));
#12299 = DIRECTION('',(1.,0.));
#12300 = ( GEOMETRIC_REPRESENTATION_CONTEXT(2) 
PARAMETRIC_REPRESENTATION_CONTEXT() REPRESENTATION_CONTEXT('2D SPACE',''
  ) );
#12301 = PCURVE('',#9403,#12302);
#12302 = DEFINITIONAL_REPRESENTATION('',(#12303),#12307);
#12303 = LINE('',#12304,#12305);
#12304 = CARTESIAN_POINT('',(-0.,0.));
#12305 = VECTOR('',#12306,1.);
#12306 = DIRECTION('',(-1.,0.));
#12307 = ( GEOMETRIC_REPRESENTATION_CONTEXT(2) 
PARAMETRIC_REPRESENTATION_CONTEXT() REPRESENTATION_CONTEXT('2D SPACE',''
  ) );
#12308 = FACE_BOUND('',#12309,.F.);
#12309 = EDGE_LOOP('',(#12310));
#12310 = ORIENTED_EDGE('',*,*,#4999,.T.);
#12311 = ADVANCED_FACE('',(#12312,#12453,#12484,#12490,#12521,#12524,
    #12555),#5097,.F.);
#12312 = FACE_BOUND('',#12313,.F.);
#12313 = EDGE_LOOP('',(#12314,#12340,#12363,#12386,#12409,#12432));
#12314 = ORIENTED_EDGE('',*,*,#12315,.T.);
#12315 = EDGE_CURVE('',#12316,#12318,#12320,.T.);
#12316 = VERTEX_POINT('',#12317);
#12317 = CARTESIAN_POINT('',(395.,43.755002001602,16.));
#12318 = VERTEX_POINT('',#12319);
#12319 = CARTESIAN_POINT('',(395.,56.244997998398,16.));
#12320 = SURFACE_CURVE('',#12321,(#12326,#12333),.PCURVE_S1.);
#12321 = CIRCLE('',#12322,8.);
#12322 = AXIS2_PLACEMENT_3D('',#12323,#12324,#12325);
#12323 = CARTESIAN_POINT('',(400.,50.,16.));
#12324 = DIRECTION('',(0.,0.,1.));
#12325 = DIRECTION('',(-0.625,-0.7806247498,0.));
#12326 = PCURVE('',#5097,#12327);
#12327 = DEFINITIONAL_REPRESENTATION('',(#12328),#12332);
#12328 = CIRCLE('',#12329,8.);
#12329 = AXIS2_PLACEMENT_2D('',#12330,#12331);
#12330 = CARTESIAN_POINT('',(0.,0.));
#12331 = DIRECTION('',(-0.625,-0.7806247498));
#12332 = ( GEOMETRIC_REPRESENTATION_CONTEXT(2) 
PARAMETRIC_REPRESENTATION_CONTEXT() REPRESENTATION_CONTEXT('2D SPACE',''
  ) );
#12333 = PCURVE('',#9464,#12334);
#12334 = DEFINITIONAL_REPRESENTATION('',(#12335),#12339);
#12335 = LINE('',#12336,#12337);
#12336 = CARTESIAN_POINT('',(-4.037257447448,0.));
#12337 = VECTOR('',#12338,1.);
#12338 = DIRECTION('',(-1.,0.));
#12339 = ( GEOMETRIC_REPRESENTATION_CONTEXT(2) 
PARAMETRIC_REPRESENTATION_CONTEXT() REPRESENTATION_CONTEXT('2D SPACE',''
  ) );
#12340 = ORIENTED_EDGE('',*,*,#12341,.T.);
#12341 = EDGE_CURVE('',#12318,#12342,#12344,.T.);
#12342 = VERTEX_POINT('',#12343);
#12343 = CARTESIAN_POINT('',(395.,108.,16.));
#12344 = SURFACE_CURVE('',#12345,(#12349,#12356),.PCURVE_S1.);
#12345 = LINE('',#12346,#12347);
#12346 = CARTESIAN_POINT('',(395.,42.,16.));
#12347 = VECTOR('',#12348,1.);
#12348 = DIRECTION('',(0.,1.,0.));
#12349 = PCURVE('',#5097,#12350);
#12350 = DEFINITIONAL_REPRESENTATION('',(#12351),#12355);
#12351 = LINE('',#12352,#12353);
#12352 = CARTESIAN_POINT('',(-5.,-8.));
#12353 = VECTOR('',#12354,1.);
#12354 = DIRECTION('',(0.,1.));
#12355 = ( GEOMETRIC_REPRESENTATION_CONTEXT(2) 
PARAMETRIC_REPRESENTATION_CONTEXT() REPRESENTATION_CONTEXT('2D SPACE',''
  ) );
#12356 = PCURVE('',#9435,#12357);
#12357 = DEFINITIONAL_REPRESENTATION('',(#12358),#12362);
#12358 = LINE('',#12359,#12360);
#12359 = CARTESIAN_POINT('',(0.,0.));
#12360 = VECTOR('',#12361,1.);
#12361 = DIRECTION('',(0.,-1.));
#12362 = ( GEOMETRIC_REPRESENTATION_CONTEXT(2) 
PARAMETRIC_REPRESENTATION_CONTEXT() REPRESENTATION_CONTEXT('2D SPACE',''
  ) );
#12363 = ORIENTED_EDGE('',*,*,#12364,.F.);
#12364 = EDGE_CURVE('',#12365,#12342,#12367,.T.);
#12365 = VERTEX_POINT('',#12366);
#12366 = CARTESIAN_POINT('',(355.,108.,16.));
#12367 = SURFACE_CURVE('',#12368,(#12372,#12379),.PCURVE_S1.);
#12368 = LINE('',#12369,#12370);
#12369 = CARTESIAN_POINT('',(355.,108.,16.));
#12370 = VECTOR('',#12371,1.);
#12371 = DIRECTION('',(1.,0.,0.));
#12372 = PCURVE('',#5097,#12373);
#12373 = DEFINITIONAL_REPRESENTATION('',(#12374),#12378);
#12374 = LINE('',#12375,#12376);
#12375 = CARTESIAN_POINT('',(-45.,58.));
#12376 = VECTOR('',#12377,1.);
#12377 = DIRECTION('',(1.,0.));
#12378 = ( GEOMETRIC_REPRESENTATION_CONTEXT(2) 
PARAMETRIC_REPRESENTATION_CONTEXT() REPRESENTATION_CONTEXT('2D SPACE',''
  ) );
#12379 = PCURVE('',#9574,#12380);
#12380 = DEFINITIONAL_REPRESENTATION('',(#12381),#12385);
#12381 = LINE('',#12382,#12383);
#12382 = CARTESIAN_POINT('',(0.,0.));
#12383 = VECTOR('',#12384,1.);
#12384 = DIRECTION('',(0.,1.));
#12385 = ( GEOMETRIC_REPRESENTATION_CONTEXT(2) 
PARAMETRIC_REPRESENTATION_CONTEXT() REPRESENTATION_CONTEXT('2D SPACE',''
  ) );
#12386 = ORIENTED_EDGE('',*,*,#12387,.F.);
#12387 = EDGE_CURVE('',#12388,#12365,#12390,.T.);
#12388 = VERTEX_POINT('',#12389);
#12389 = CARTESIAN_POINT('',(355.,42.,16.));
#12390 = SURFACE_CURVE('',#12391,(#12395,#12402),.PCURVE_S1.);
#12391 = LINE('',#12392,#12393);
#12392 = CARTESIAN_POINT('',(355.,42.,16.));
#12393 = VECTOR('',#12394,1.);
#12394 = DIRECTION('',(0.,1.,0.));
#12395 = PCURVE('',#5097,#12396);
#12396 = DEFINITIONAL_REPRESENTATION('',(#12397),#12401);
#12397 = LINE('',#12398,#12399);
#12398 = CARTESIAN_POINT('',(-45.,-8.));
#12399 = VECTOR('',#12400,1.);
#12400 = DIRECTION('',(0.,1.));
#12401 = ( GEOMETRIC_REPRESENTATION_CONTEXT(2) 
PARAMETRIC_REPRESENTATION_CONTEXT() REPRESENTATION_CONTEXT('2D SPACE',''
  ) );
#12402 = PCURVE('',#9548,#12403);
#12403 = DEFINITIONAL_REPRESENTATION('',(#12404),#12408);
#12404 = LINE('',#12405,#12406);
#12405 = CARTESIAN_POINT('',(0.,0.));
#12406 = VECTOR('',#12407,1.);
#12407 = DIRECTION('',(0.,-1.));
#12408 = ( GEOMETRIC_REPRESENTATION_CONTEXT(2) 
PARAMETRIC_REPRESENTATION_CONTEXT() REPRESENTATION_CONTEXT('2D SPACE',''
  ) );
#12409 = ORIENTED_EDGE('',*,*,#12410,.T.);
#12410 = EDGE_CURVE('',#12388,#12411,#12413,.T.);
#12411 = VERTEX_POINT('',#12412);
#12412 = CARTESIAN_POINT('',(395.,42.,16.));
#12413 = SURFACE_CURVE('',#12414,(#12418,#12425),.PCURVE_S1.);
#12414 = LINE('',#12415,#12416);
#12415 = CARTESIAN_POINT('',(355.,42.,16.));
#12416 = VECTOR('',#12417,1.);
#12417 = DIRECTION('',(1.,0.,0.));
#12418 = PCURVE('',#5097,#12419);
#12419 = DEFINITIONAL_REPRESENTATION('',(#12420),#12424);
#12420 = LINE('',#12421,#12422);
#12421 = CARTESIAN_POINT('',(-45.,-8.));
#12422 = VECTOR('',#12423,1.);
#12423 = DIRECTION('',(1.,0.));
#12424 = ( GEOMETRIC_REPRESENTATION_CONTEXT(2) 
PARAMETRIC_REPRESENTATION_CONTEXT() REPRESENTATION_CONTEXT('2D SPACE',''
  ) );
#12425 = PCURVE('',#9520,#12426);
#12426 = DEFINITIONAL_REPRESENTATION('',(#12427),#12431);
#12427 = LINE('',#12428,#12429);
#12428 = CARTESIAN_POINT('',(0.,0.));
#12429 = VECTOR('',#12430,1.);
#12430 = DIRECTION('',(0.,1.));
#12431 = ( GEOMETRIC_REPRESENTATION_CONTEXT(2) 
PARAMETRIC_REPRESENTATION_CONTEXT() REPRESENTATION_CONTEXT('2D SPACE',''
  ) );
#12432 = ORIENTED_EDGE('',*,*,#12433,.T.);
#12433 = EDGE_CURVE('',#12411,#12316,#12434,.T.);
#12434 = SURFACE_CURVE('',#12435,(#12439,#12446),.PCURVE_S1.);
#12435 = LINE('',#12436,#12437);
#12436 = CARTESIAN_POINT('',(395.,42.,16.));
#12437 = VECTOR('',#12438,1.);
#12438 = DIRECTION('',(0.,1.,0.));
#12439 = PCURVE('',#5097,#12440);
#12440 = DEFINITIONAL_REPRESENTATION('',(#12441),#12445);
#12441 = LINE('',#12442,#12443);
#12442 = CARTESIAN_POINT('',(-5.,-8.));
#12443 = VECTOR('',#12444,1.);
#12444 = DIRECTION('',(0.,1.));
#12445 = ( GEOMETRIC_REPRESENTATION_CONTEXT(2) 
PARAMETRIC_REPRESENTATION_CONTEXT() REPRESENTATION_CONTEXT('2D SPACE',''
  ) );
#12446 = PCURVE('',#9492,#12447);
#12447 = DEFINITIONAL_REPRESENTATION('',(#12448),#12452);
#12448 = LINE('',#12449,#12450);
#12449 = CARTESIAN_POINT('',(0.,0.));
#12450 = VECTOR('',#12451,1.);
#12451 = DIRECTION('',(0.,-1.));
#12452 = ( GEOMETRIC_REPRESENTATION_CONTEXT(2) 
PARAMETRIC_REPRESENTATION_CONTEXT() REPRESENTATION_CONTEXT('2D SPACE',''
  ) );
#12453 = FACE_BOUND('',#12454,.F.);
#12454 = EDGE_LOOP('',(#12455));
#12455 = ORIENTED_EDGE('',*,*,#12456,.F.);
#12456 = EDGE_CURVE('',#12457,#12457,#12459,.T.);
#12457 = VERTEX_POINT('',#12458);
#12458 = CARTESIAN_POINT('',(364.2,62.5,16.));
#12459 = SURFACE_CURVE('',#12460,(#12465,#12472),.PCURVE_S1.);
#12460 = CIRCLE('',#12461,1.7);
#12461 = AXIS2_PLACEMENT_3D('',#12462,#12463,#12464);
#12462 = CARTESIAN_POINT('',(362.5,62.5,16.));
#12463 = DIRECTION('',(0.,0.,1.));
#12464 = DIRECTION('',(1.,0.,-0.));
#12465 = PCURVE('',#5097,#12466);
#12466 = DEFINITIONAL_REPRESENTATION('',(#12467),#12471);
#12467 = CIRCLE('',#12468,1.7);
#12468 = AXIS2_PLACEMENT_2D('',#12469,#12470);
#12469 = CARTESIAN_POINT('',(-37.5,12.5));
#12470 = DIRECTION('',(1.,0.));
#12471 = ( GEOMETRIC_REPRESENTATION_CONTEXT(2) 
PARAMETRIC_REPRESENTATION_CONTEXT() REPRESENTATION_CONTEXT('2D SPACE',''
  ) );
#12472 = PCURVE('',#12473,#12478);
#12473 = CYLINDRICAL_SURFACE('',#12474,1.7);
#12474 = AXIS2_PLACEMENT_3D('',#12475,#12476,#12477);
#12475 = CARTESIAN_POINT('',(362.5,62.5,15.));
#12476 = DIRECTION('',(0.,0.,1.));
#12477 = DIRECTION('',(1.,0.,-0.));
#12478 = DEFINITIONAL_REPRESENTATION('',(#12479),#12483);
#12479 = LINE('',#12480,#12481);
#12480 = CARTESIAN_POINT('',(0.,1.));
#12481 = VECTOR('',#12482,1.);
#12482 = DIRECTION('',(1.,0.));
#12483 = ( GEOMETRIC_REPRESENTATION_CONTEXT(2) 
PARAMETRIC_REPRESENTATION_CONTEXT() REPRESENTATION_CONTEXT('2D SPACE',''
  ) );
#12484 = FACE_BOUND('',#12485,.F.);
#12485 = EDGE_LOOP('',(#12486,#12487,#12488,#12489));
#12486 = ORIENTED_EDGE('',*,*,#5081,.T.);
#12487 = ORIENTED_EDGE('',*,*,#5188,.T.);
#12488 = ORIENTED_EDGE('',*,*,#5243,.F.);
#12489 = ORIENTED_EDGE('',*,*,#5159,.T.);
#12490 = FACE_BOUND('',#12491,.F.);
#12491 = EDGE_LOOP('',(#12492));
#12492 = ORIENTED_EDGE('',*,*,#12493,.F.);
#12493 = EDGE_CURVE('',#12494,#12494,#12496,.T.);
#12494 = VERTEX_POINT('',#12495);
#12495 = CARTESIAN_POINT('',(389.2,62.5,16.));
#12496 = SURFACE_CURVE('',#12497,(#12502,#12509),.PCURVE_S1.);
#12497 = CIRCLE('',#12498,1.7);
#12498 = AXIS2_PLACEMENT_3D('',#12499,#12500,#12501);
#12499 = CARTESIAN_POINT('',(387.5,62.5,16.));
#12500 = DIRECTION('',(0.,0.,1.));
#12501 = DIRECTION('',(1.,0.,-0.));
#12502 = PCURVE('',#5097,#12503);
#12503 = DEFINITIONAL_REPRESENTATION('',(#12504),#12508);
#12504 = CIRCLE('',#12505,1.7);
#12505 = AXIS2_PLACEMENT_2D('',#12506,#12507);
#12506 = CARTESIAN_POINT('',(-12.5,12.5));
#12507 = DIRECTION('',(1.,0.));
#12508 = ( GEOMETRIC_REPRESENTATION_CONTEXT(2) 
PARAMETRIC_REPRESENTATION_CONTEXT() REPRESENTATION_CONTEXT('2D SPACE',''
  ) );
#12509 = PCURVE('',#12510,#12515);
#12510 = CYLINDRICAL_SURFACE('',#12511,1.7);
#12511 = AXIS2_PLACEMENT_3D('',#12512,#12513,#12514);
#12512 = CARTESIAN_POINT('',(387.5,62.5,15.));
#12513 = DIRECTION('',(0.,0.,1.));
#12514 = DIRECTION('',(1.,0.,-0.));
#12515 = DEFINITIONAL_REPRESENTATION('',(#12516),#12520);
#12516 = LINE('',#12517,#12518);
#12517 = CARTESIAN_POINT('',(0.,1.));
#12518 = VECTOR('',#12519,1.);
#12519 = DIRECTION('',(1.,0.));
#12520 = ( GEOMETRIC_REPRESENTATION_CONTEXT(2) 
PARAMETRIC_REPRESENTATION_CONTEXT() REPRESENTATION_CONTEXT('2D SPACE',''
  ) );
#12521 = FACE_BOUND('',#12522,.F.);
#12522 = EDGE_LOOP('',(#12523));
#12523 = ORIENTED_EDGE('',*,*,#5324,.T.);
#12524 = FACE_BOUND('',#12525,.F.);
#12525 = EDGE_LOOP('',(#12526));
#12526 = ORIENTED_EDGE('',*,*,#12527,.F.);
#12527 = EDGE_CURVE('',#12528,#12528,#12530,.T.);
#12528 = VERTEX_POINT('',#12529);
#12529 = CARTESIAN_POINT('',(364.2,87.5,16.));
#12530 = SURFACE_CURVE('',#12531,(#12536,#12543),.PCURVE_S1.);
#12531 = CIRCLE('',#12532,1.7);
#12532 = AXIS2_PLACEMENT_3D('',#12533,#12534,#12535);
#12533 = CARTESIAN_POINT('',(362.5,87.5,16.));
#12534 = DIRECTION('',(0.,0.,1.));
#12535 = DIRECTION('',(1.,0.,-0.));
#12536 = PCURVE('',#5097,#12537);
#12537 = DEFINITIONAL_REPRESENTATION('',(#12538),#12542);
#12538 = CIRCLE('',#12539,1.7);
#12539 = AXIS2_PLACEMENT_2D('',#12540,#12541);
#12540 = CARTESIAN_POINT('',(-37.5,37.5));
#12541 = DIRECTION('',(1.,0.));
#12542 = ( GEOMETRIC_REPRESENTATION_CONTEXT(2) 
PARAMETRIC_REPRESENTATION_CONTEXT() REPRESENTATION_CONTEXT('2D SPACE',''
  ) );
#12543 = PCURVE('',#12544,#12549);
#12544 = CYLINDRICAL_SURFACE('',#12545,1.7);
#12545 = AXIS2_PLACEMENT_3D('',#12546,#12547,#12548);
#12546 = CARTESIAN_POINT('',(362.5,87.5,15.));
#12547 = DIRECTION('',(0.,0.,1.));
#12548 = DIRECTION('',(1.,0.,-0.));
#12549 = DEFINITIONAL_REPRESENTATION('',(#12550),#12554);
#12550 = LINE('',#12551,#12552);
#12551 = CARTESIAN_POINT('',(0.,1.));
#12552 = VECTOR('',#12553,1.);
#12553 = DIRECTION('',(1.,0.));
#12554 = ( GEOMETRIC_REPRESENTATION_CONTEXT(2) 
PARAMETRIC_REPRESENTATION_CONTEXT() REPRESENTATION_CONTEXT('2D SPACE',''
  ) );
#12555 = FACE_BOUND('',#12556,.F.);
#12556 = EDGE_LOOP('',(#12557));
#12557 = ORIENTED_EDGE('',*,*,#12558,.F.);
#12558 = EDGE_CURVE('',#12559,#12559,#12561,.T.);
#12559 = VERTEX_POINT('',#12560);
#12560 = CARTESIAN_POINT('',(389.2,87.5,16.));
#12561 = SURFACE_CURVE('',#12562,(#12567,#12574),.PCURVE_S1.);
#12562 = CIRCLE('',#12563,1.7);
#12563 = AXIS2_PLACEMENT_3D('',#12564,#12565,#12566);
#12564 = CARTESIAN_POINT('',(387.5,87.5,16.));
#12565 = DIRECTION('',(0.,0.,1.));
#12566 = DIRECTION('',(1.,0.,-0.));
#12567 = PCURVE('',#5097,#12568);
#12568 = DEFINITIONAL_REPRESENTATION('',(#12569),#12573);
#12569 = CIRCLE('',#12570,1.7);
#12570 = AXIS2_PLACEMENT_2D('',#12571,#12572);
#12571 = CARTESIAN_POINT('',(-12.5,37.5));
#12572 = DIRECTION('',(1.,0.));
#12573 = ( GEOMETRIC_REPRESENTATION_CONTEXT(2) 
PARAMETRIC_REPRESENTATION_CONTEXT() REPRESENTATION_CONTEXT('2D SPACE',''
  ) );
#12574 = PCURVE('',#12575,#12580);
#12575 = CYLINDRICAL_SURFACE('',#12576,1.7);
#12576 = AXIS2_PLACEMENT_3D('',#12577,#12578,#12579);
#12577 = CARTESIAN_POINT('',(387.5,87.5,15.));
#12578 = DIRECTION('',(0.,0.,1.));
#12579 = DIRECTION('',(1.,0.,-0.));
#12580 = DEFINITIONAL_REPRESENTATION('',(#12581),#12585);
#12581 = LINE('',#12582,#12583);
#12582 = CARTESIAN_POINT('',(0.,1.));
#12583 = VECTOR('',#12584,1.);
#12584 = DIRECTION('',(1.,0.));
#12585 = ( GEOMETRIC_REPRESENTATION_CONTEXT(2) 
PARAMETRIC_REPRESENTATION_CONTEXT() REPRESENTATION_CONTEXT('2D SPACE',''
  ) );
#12586 = ADVANCED_FACE('',(#12587,#12590),#5308,.T.);
#12587 = FACE_BOUND('',#12588,.T.);
#12588 = EDGE_LOOP('',(#12589));
#12589 = ORIENTED_EDGE('',*,*,#5293,.T.);
#12590 = FACE_BOUND('',#12591,.T.);
#12591 = EDGE_LOOP('',(#12592));
#12592 = ORIENTED_EDGE('',*,*,#12593,.F.);
#12593 = EDGE_CURVE('',#12594,#12594,#12596,.T.);
#12594 = VERTEX_POINT('',#12595);
#12595 = CARTESIAN_POINT('',(364.2,62.5,22.5));
#12596 = SURFACE_CURVE('',#12597,(#12602,#12609),.PCURVE_S1.);
#12597 = CIRCLE('',#12598,1.7);
#12598 = AXIS2_PLACEMENT_3D('',#12599,#12600,#12601);
#12599 = CARTESIAN_POINT('',(362.5,62.5,22.5));
#12600 = DIRECTION('',(0.,0.,1.));
#12601 = DIRECTION('',(1.,0.,-0.));
#12602 = PCURVE('',#5308,#12603);
#12603 = DEFINITIONAL_REPRESENTATION('',(#12604),#12608);
#12604 = CIRCLE('',#12605,1.7);
#12605 = AXIS2_PLACEMENT_2D('',#12606,#12607);
#12606 = CARTESIAN_POINT('',(0.,0.));
#12607 = DIRECTION('',(1.,0.));
#12608 = ( GEOMETRIC_REPRESENTATION_CONTEXT(2) 
PARAMETRIC_REPRESENTATION_CONTEXT() REPRESENTATION_CONTEXT('2D SPACE',''
  ) );
#12609 = PCURVE('',#12473,#12610);
#12610 = DEFINITIONAL_REPRESENTATION('',(#12611),#12615);
#12611 = LINE('',#12612,#12613);
#12612 = CARTESIAN_POINT('',(0.,7.5));
#12613 = VECTOR('',#12614,1.);
#12614 = DIRECTION('',(1.,0.));
#12615 = ( GEOMETRIC_REPRESENTATION_CONTEXT(2) 
PARAMETRIC_REPRESENTATION_CONTEXT() REPRESENTATION_CONTEXT('2D SPACE',''
  ) );
#12616 = ADVANCED_FACE('',(#12617,#12620),#5417,.T.);
#12617 = FACE_BOUND('',#12618,.T.);
#12618 = EDGE_LOOP('',(#12619));
#12619 = ORIENTED_EDGE('',*,*,#5402,.T.);
#12620 = FACE_BOUND('',#12621,.T.);
#12621 = EDGE_LOOP('',(#12622));
#12622 = ORIENTED_EDGE('',*,*,#12623,.F.);
#12623 = EDGE_CURVE('',#12624,#12624,#12626,.T.);
#12624 = VERTEX_POINT('',#12625);
#12625 = CARTESIAN_POINT('',(364.2,87.5,22.5));
#12626 = SURFACE_CURVE('',#12627,(#12632,#12639),.PCURVE_S1.);
#12627 = CIRCLE('',#12628,1.7);
#12628 = AXIS2_PLACEMENT_3D('',#12629,#12630,#12631);
#12629 = CARTESIAN_POINT('',(362.5,87.5,22.5));
#12630 = DIRECTION('',(0.,0.,1.));
#12631 = DIRECTION('',(1.,0.,-0.));
#12632 = PCURVE('',#5417,#12633);
#12633 = DEFINITIONAL_REPRESENTATION('',(#12634),#12638);
#12634 = CIRCLE('',#12635,1.7);
#12635 = AXIS2_PLACEMENT_2D('',#12636,#12637);
#12636 = CARTESIAN_POINT('',(0.,0.));
#12637 = DIRECTION('',(1.,0.));
#12638 = ( GEOMETRIC_REPRESENTATION_CONTEXT(2) 
PARAMETRIC_REPRESENTATION_CONTEXT() REPRESENTATION_CONTEXT('2D SPACE',''
  ) );
#12639 = PCURVE('',#12544,#12640);
#12640 = DEFINITIONAL_REPRESENTATION('',(#12641),#12645);
#12641 = LINE('',#12642,#12643);
#12642 = CARTESIAN_POINT('',(0.,7.5));
#12643 = VECTOR('',#12644,1.);
#12644 = DIRECTION('',(1.,0.));
#12645 = ( GEOMETRIC_REPRESENTATION_CONTEXT(2) 
PARAMETRIC_REPRESENTATION_CONTEXT() REPRESENTATION_CONTEXT('2D SPACE',''
  ) );
#12646 = ADVANCED_FACE('',(#12647,#12650),#5472,.T.);
#12647 = FACE_BOUND('',#12648,.T.);
#12648 = EDGE_LOOP('',(#12649));
#12649 = ORIENTED_EDGE('',*,*,#5457,.T.);
#12650 = FACE_BOUND('',#12651,.T.);
#12651 = EDGE_LOOP('',(#12652));
#12652 = ORIENTED_EDGE('',*,*,#12653,.F.);
#12653 = EDGE_CURVE('',#12654,#12654,#12656,.T.);
#12654 = VERTEX_POINT('',#12655);
#12655 = CARTESIAN_POINT('',(389.2,62.5,22.5));
#12656 = SURFACE_CURVE('',#12657,(#12662,#12669),.PCURVE_S1.);
#12657 = CIRCLE('',#12658,1.7);
#12658 = AXIS2_PLACEMENT_3D('',#12659,#12660,#12661);
#12659 = CARTESIAN_POINT('',(387.5,62.5,22.5));
#12660 = DIRECTION('',(0.,0.,1.));
#12661 = DIRECTION('',(1.,0.,-0.));
#12662 = PCURVE('',#5472,#12663);
#12663 = DEFINITIONAL_REPRESENTATION('',(#12664),#12668);
#12664 = CIRCLE('',#12665,1.7);
#12665 = AXIS2_PLACEMENT_2D('',#12666,#12667);
#12666 = CARTESIAN_POINT('',(0.,0.));
#12667 = DIRECTION('',(1.,0.));
#12668 = ( GEOMETRIC_REPRESENTATION_CONTEXT(2) 
PARAMETRIC_REPRESENTATION_CONTEXT() REPRESENTATION_CONTEXT('2D SPACE',''
  ) );
#12669 = PCURVE('',#12510,#12670);
#12670 = DEFINITIONAL_REPRESENTATION('',(#12671),#12675);
#12671 = LINE('',#12672,#12673);
#12672 = CARTESIAN_POINT('',(0.,7.5));
#12673 = VECTOR('',#12674,1.);
#12674 = DIRECTION('',(1.,0.));
#12675 = ( GEOMETRIC_REPRESENTATION_CONTEXT(2) 
PARAMETRIC_REPRESENTATION_CONTEXT() REPRESENTATION_CONTEXT('2D SPACE',''
  ) );
#12676 = ADVANCED_FACE('',(#12677,#12703),#5505,.F.);
#12677 = FACE_BOUND('',#12678,.F.);
#12678 = EDGE_LOOP('',(#12679));
#12679 = ORIENTED_EDGE('',*,*,#12680,.T.);
#12680 = EDGE_CURVE('',#12681,#12681,#12683,.T.);
#12681 = VERTEX_POINT('',#12682);
#12682 = CARTESIAN_POINT('',(433.,75.,16.));
#12683 = SURFACE_CURVE('',#12684,(#12689,#12696),.PCURVE_S1.);
#12684 = CIRCLE('',#12685,8.);
#12685 = AXIS2_PLACEMENT_3D('',#12686,#12687,#12688);
#12686 = CARTESIAN_POINT('',(425.,75.,16.));
#12687 = DIRECTION('',(0.,0.,1.));
#12688 = DIRECTION('',(1.,0.,0.));
#12689 = PCURVE('',#5505,#12690);
#12690 = DEFINITIONAL_REPRESENTATION('',(#12691),#12695);
#12691 = CIRCLE('',#12692,8.);
#12692 = AXIS2_PLACEMENT_2D('',#12693,#12694);
#12693 = CARTESIAN_POINT('',(0.,0.));
#12694 = DIRECTION('',(1.,0.));
#12695 = ( GEOMETRIC_REPRESENTATION_CONTEXT(2) 
PARAMETRIC_REPRESENTATION_CONTEXT() REPRESENTATION_CONTEXT('2D SPACE',''
  ) );
#12696 = PCURVE('',#9609,#12697);
#12697 = DEFINITIONAL_REPRESENTATION('',(#12698),#12702);
#12698 = LINE('',#12699,#12700);
#12699 = CARTESIAN_POINT('',(-0.,0.));
#12700 = VECTOR('',#12701,1.);
#12701 = DIRECTION('',(-1.,0.));
#12702 = ( GEOMETRIC_REPRESENTATION_CONTEXT(2) 
PARAMETRIC_REPRESENTATION_CONTEXT() REPRESENTATION_CONTEXT('2D SPACE',''
  ) );
#12703 = FACE_BOUND('',#12704,.F.);
#12704 = EDGE_LOOP('',(#12705));
#12705 = ORIENTED_EDGE('',*,*,#5488,.T.);
#12706 = ADVANCED_FACE('',(#12707,#12710),#5586,.T.);
#12707 = FACE_BOUND('',#12708,.T.);
#12708 = EDGE_LOOP('',(#12709));
#12709 = ORIENTED_EDGE('',*,*,#5571,.T.);
#12710 = FACE_BOUND('',#12711,.T.);
#12711 = EDGE_LOOP('',(#12712));
#12712 = ORIENTED_EDGE('',*,*,#12713,.F.);
#12713 = EDGE_CURVE('',#12714,#12714,#12716,.T.);
#12714 = VERTEX_POINT('',#12715);
#12715 = CARTESIAN_POINT('',(389.2,87.5,22.5));
#12716 = SURFACE_CURVE('',#12717,(#12722,#12729),.PCURVE_S1.);
#12717 = CIRCLE('',#12718,1.7);
#12718 = AXIS2_PLACEMENT_3D('',#12719,#12720,#12721);
#12719 = CARTESIAN_POINT('',(387.5,87.5,22.5));
#12720 = DIRECTION('',(0.,0.,1.));
#12721 = DIRECTION('',(1.,0.,-0.));
#12722 = PCURVE('',#5586,#12723);
#12723 = DEFINITIONAL_REPRESENTATION('',(#12724),#12728);
#12724 = CIRCLE('',#12725,1.7);
#12725 = AXIS2_PLACEMENT_2D('',#12726,#12727);
#12726 = CARTESIAN_POINT('',(0.,0.));
#12727 = DIRECTION('',(1.,0.));
#12728 = ( GEOMETRIC_REPRESENTATION_CONTEXT(2) 
PARAMETRIC_REPRESENTATION_CONTEXT() REPRESENTATION_CONTEXT('2D SPACE',''
  ) );
#12729 = PCURVE('',#12575,#12730);
#12730 = DEFINITIONAL_REPRESENTATION('',(#12731),#12735);
#12731 = LINE('',#12732,#12733);
#12732 = CARTESIAN_POINT('',(0.,7.5));
#12733 = VECTOR('',#12734,1.);
#12734 = DIRECTION('',(1.,0.));
#12735 = ( GEOMETRIC_REPRESENTATION_CONTEXT(2) 
PARAMETRIC_REPRESENTATION_CONTEXT() REPRESENTATION_CONTEXT('2D SPACE',''
  ) );
#12736 = ADVANCED_FACE('',(#12737,#12763),#5619,.F.);
#12737 = FACE_BOUND('',#12738,.F.);
#12738 = EDGE_LOOP('',(#12739));
#12739 = ORIENTED_EDGE('',*,*,#12740,.T.);
#12740 = EDGE_CURVE('',#12741,#12741,#12743,.T.);
#12741 = VERTEX_POINT('',#12742);
#12742 = CARTESIAN_POINT('',(233.,125.,16.));
#12743 = SURFACE_CURVE('',#12744,(#12749,#12756),.PCURVE_S1.);
#12744 = CIRCLE('',#12745,8.);
#12745 = AXIS2_PLACEMENT_3D('',#12746,#12747,#12748);
#12746 = CARTESIAN_POINT('',(225.,125.,16.));
#12747 = DIRECTION('',(0.,0.,1.));
#12748 = DIRECTION('',(1.,0.,0.));
#12749 = PCURVE('',#5619,#12750);
#12750 = DEFINITIONAL_REPRESENTATION('',(#12751),#12755);
#12751 = CIRCLE('',#12752,8.);
#12752 = AXIS2_PLACEMENT_2D('',#12753,#12754);
#12753 = CARTESIAN_POINT('',(0.,0.));
#12754 = DIRECTION('',(1.,0.));
#12755 = ( GEOMETRIC_REPRESENTATION_CONTEXT(2) 
PARAMETRIC_REPRESENTATION_CONTEXT() REPRESENTATION_CONTEXT('2D SPACE',''
  ) );
#12756 = PCURVE('',#9644,#12757);
#12757 = DEFINITIONAL_REPRESENTATION('',(#12758),#12762);
#12758 = LINE('',#12759,#12760);
#12759 = CARTESIAN_POINT('',(-0.,0.));
#12760 = VECTOR('',#12761,1.);
#12761 = DIRECTION('',(-1.,0.));
#12762 = ( GEOMETRIC_REPRESENTATION_CONTEXT(2) 
PARAMETRIC_REPRESENTATION_CONTEXT() REPRESENTATION_CONTEXT('2D SPACE',''
  ) );
#12763 = FACE_BOUND('',#12764,.F.);
#12764 = EDGE_LOOP('',(#12765));
#12765 = ORIENTED_EDGE('',*,*,#5602,.T.);
#12766 = ADVANCED_FACE('',(#12767,#12793),#5678,.F.);
#12767 = FACE_BOUND('',#12768,.F.);
#12768 = EDGE_LOOP('',(#12769));
#12769 = ORIENTED_EDGE('',*,*,#12770,.T.);
#12770 = EDGE_CURVE('',#12771,#12771,#12773,.T.);
#12771 = VERTEX_POINT('',#12772);
#12772 = CARTESIAN_POINT('',(283.,125.,16.));
#12773 = SURFACE_CURVE('',#12774,(#12779,#12786),.PCURVE_S1.);
#12774 = CIRCLE('',#12775,8.);
#12775 = AXIS2_PLACEMENT_3D('',#12776,#12777,#12778);
#12776 = CARTESIAN_POINT('',(275.,125.,16.));
#12777 = DIRECTION('',(0.,0.,1.));
#12778 = DIRECTION('',(1.,0.,0.));
#12779 = PCURVE('',#5678,#12780);
#12780 = DEFINITIONAL_REPRESENTATION('',(#12781),#12785);
#12781 = CIRCLE('',#12782,8.);
#12782 = AXIS2_PLACEMENT_2D('',#12783,#12784);
#12783 = CARTESIAN_POINT('',(0.,0.));
#12784 = DIRECTION('',(1.,0.));
#12785 = ( GEOMETRIC_REPRESENTATION_CONTEXT(2) 
PARAMETRIC_REPRESENTATION_CONTEXT() REPRESENTATION_CONTEXT('2D SPACE',''
  ) );
#12786 = PCURVE('',#9679,#12787);
#12787 = DEFINITIONAL_REPRESENTATION('',(#12788),#12792);
#12788 = LINE('',#12789,#12790);
#12789 = CARTESIAN_POINT('',(-0.,0.));
#12790 = VECTOR('',#12791,1.);
#12791 = DIRECTION('',(-1.,0.));
#12792 = ( GEOMETRIC_REPRESENTATION_CONTEXT(2) 
PARAMETRIC_REPRESENTATION_CONTEXT() REPRESENTATION_CONTEXT('2D SPACE',''
  ) );
#12793 = FACE_BOUND('',#12794,.F.);
#12794 = EDGE_LOOP('',(#12795));
#12795 = ORIENTED_EDGE('',*,*,#5661,.T.);
#12796 = ADVANCED_FACE('',(#12797,#12823),#5737,.F.);
#12797 = FACE_BOUND('',#12798,.F.);
#12798 = EDGE_LOOP('',(#12799));
#12799 = ORIENTED_EDGE('',*,*,#12800,.T.);
#12800 = EDGE_CURVE('',#12801,#12801,#12803,.T.);
#12801 = VERTEX_POINT('',#12802);
#12802 = CARTESIAN_POINT('',(333.,125.,16.));
#12803 = SURFACE_CURVE('',#12804,(#12809,#12816),.PCURVE_S1.);
#12804 = CIRCLE('',#12805,8.);
#12805 = AXIS2_PLACEMENT_3D('',#12806,#12807,#12808);
#12806 = CARTESIAN_POINT('',(325.,125.,16.));
#12807 = DIRECTION('',(0.,0.,1.));
#12808 = DIRECTION('',(1.,0.,0.));
#12809 = PCURVE('',#5737,#12810);
#12810 = DEFINITIONAL_REPRESENTATION('',(#12811),#12815);
#12811 = CIRCLE('',#12812,8.);
#12812 = AXIS2_PLACEMENT_2D('',#12813,#12814);
#12813 = CARTESIAN_POINT('',(0.,0.));
#12814 = DIRECTION('',(1.,0.));
#12815 = ( GEOMETRIC_REPRESENTATION_CONTEXT(2) 
PARAMETRIC_REPRESENTATION_CONTEXT() REPRESENTATION_CONTEXT('2D SPACE',''
  ) );
#12816 = PCURVE('',#9714,#12817);
#12817 = DEFINITIONAL_REPRESENTATION('',(#12818),#12822);
#12818 = LINE('',#12819,#12820);
#12819 = CARTESIAN_POINT('',(-0.,0.));
#12820 = VECTOR('',#12821,1.);
#12821 = DIRECTION('',(-1.,0.));
#12822 = ( GEOMETRIC_REPRESENTATION_CONTEXT(2) 
PARAMETRIC_REPRESENTATION_CONTEXT() REPRESENTATION_CONTEXT('2D SPACE',''
  ) );
#12823 = FACE_BOUND('',#12824,.F.);
#12824 = EDGE_LOOP('',(#12825));
#12825 = ORIENTED_EDGE('',*,*,#5720,.T.);
#12826 = ADVANCED_FACE('',(#12827,#12853),#5796,.F.);
#12827 = FACE_BOUND('',#12828,.F.);
#12828 = EDGE_LOOP('',(#12829));
#12829 = ORIENTED_EDGE('',*,*,#12830,.T.);
#12830 = EDGE_CURVE('',#12831,#12831,#12833,.T.);
#12831 = VERTEX_POINT('',#12832);
#12832 = CARTESIAN_POINT('',(383.,125.,16.));
#12833 = SURFACE_CURVE('',#12834,(#12839,#12846),.PCURVE_S1.);
#12834 = CIRCLE('',#12835,8.);
#12835 = AXIS2_PLACEMENT_3D('',#12836,#12837,#12838);
#12836 = CARTESIAN_POINT('',(375.,125.,16.));
#12837 = DIRECTION('',(0.,0.,1.));
#12838 = DIRECTION('',(1.,0.,0.));
#12839 = PCURVE('',#5796,#12840);
#12840 = DEFINITIONAL_REPRESENTATION('',(#12841),#12845);
#12841 = CIRCLE('',#12842,8.);
#12842 = AXIS2_PLACEMENT_2D('',#12843,#12844);
#12843 = CARTESIAN_POINT('',(0.,0.));
#12844 = DIRECTION('',(1.,0.));
#12845 = ( GEOMETRIC_REPRESENTATION_CONTEXT(2) 
PARAMETRIC_REPRESENTATION_CONTEXT() REPRESENTATION_CONTEXT('2D SPACE',''
  ) );
#12846 = PCURVE('',#9749,#12847);
#12847 = DEFINITIONAL_REPRESENTATION('',(#12848),#12852);
#12848 = LINE('',#12849,#12850);
#12849 = CARTESIAN_POINT('',(-0.,0.));
#12850 = VECTOR('',#12851,1.);
#12851 = DIRECTION('',(-1.,0.));
#12852 = ( GEOMETRIC_REPRESENTATION_CONTEXT(2) 
PARAMETRIC_REPRESENTATION_CONTEXT() REPRESENTATION_CONTEXT('2D SPACE',''
  ) );
#12853 = FACE_BOUND('',#12854,.F.);
#12854 = EDGE_LOOP('',(#12855));
#12855 = ORIENTED_EDGE('',*,*,#5779,.T.);
#12856 = ADVANCED_FACE('',(#12857,#12883),#5855,.F.);
#12857 = FACE_BOUND('',#12858,.F.);
#12858 = EDGE_LOOP('',(#12859));
#12859 = ORIENTED_EDGE('',*,*,#12860,.T.);
#12860 = EDGE_CURVE('',#12861,#12861,#12863,.T.);
#12861 = VERTEX_POINT('',#12862);
#12862 = CARTESIAN_POINT('',(433.,125.,16.));
#12863 = SURFACE_CURVE('',#12864,(#12869,#12876),.PCURVE_S1.);
#12864 = CIRCLE('',#12865,8.);
#12865 = AXIS2_PLACEMENT_3D('',#12866,#12867,#12868);
#12866 = CARTESIAN_POINT('',(425.,125.,16.));
#12867 = DIRECTION('',(0.,0.,1.));
#12868 = DIRECTION('',(1.,0.,0.));
#12869 = PCURVE('',#5855,#12870);
#12870 = DEFINITIONAL_REPRESENTATION('',(#12871),#12875);
#12871 = CIRCLE('',#12872,8.);
#12872 = AXIS2_PLACEMENT_2D('',#12873,#12874);
#12873 = CARTESIAN_POINT('',(0.,0.));
#12874 = DIRECTION('',(1.,0.));
#12875 = ( GEOMETRIC_REPRESENTATION_CONTEXT(2) 
PARAMETRIC_REPRESENTATION_CONTEXT() REPRESENTATION_CONTEXT('2D SPACE',''
  ) );
#12876 = PCURVE('',#9784,#12877);
#12877 = DEFINITIONAL_REPRESENTATION('',(#12878),#12882);
#12878 = LINE('',#12879,#12880);
#12879 = CARTESIAN_POINT('',(-0.,0.));
#12880 = VECTOR('',#12881,1.);
#12881 = DIRECTION('',(-1.,0.));
#12882 = ( GEOMETRIC_REPRESENTATION_CONTEXT(2) 
PARAMETRIC_REPRESENTATION_CONTEXT() REPRESENTATION_CONTEXT('2D SPACE',''
  ) );
#12883 = FACE_BOUND('',#12884,.F.);
#12884 = EDGE_LOOP('',(#12885));
#12885 = ORIENTED_EDGE('',*,*,#5838,.T.);
#12886 = ADVANCED_FACE('',(#12887,#12913),#5914,.F.);
#12887 = FACE_BOUND('',#12888,.F.);
#12888 = EDGE_LOOP('',(#12889));
#12889 = ORIENTED_EDGE('',*,*,#12890,.T.);
#12890 = EDGE_CURVE('',#12891,#12891,#12893,.T.);
#12891 = VERTEX_POINT('',#12892);
#12892 = CARTESIAN_POINT('',(33.,175.,16.));
#12893 = SURFACE_CURVE('',#12894,(#12899,#12906),.PCURVE_S1.);
#12894 = CIRCLE('',#12895,8.);
#12895 = AXIS2_PLACEMENT_3D('',#12896,#12897,#12898);
#12896 = CARTESIAN_POINT('',(25.,175.,16.));
#12897 = DIRECTION('',(0.,0.,1.));
#12898 = DIRECTION('',(1.,0.,0.));
#12899 = PCURVE('',#5914,#12900);
#12900 = DEFINITIONAL_REPRESENTATION('',(#12901),#12905);
#12901 = CIRCLE('',#12902,8.);
#12902 = AXIS2_PLACEMENT_2D('',#12903,#12904);
#12903 = CARTESIAN_POINT('',(0.,0.));
#12904 = DIRECTION('',(1.,0.));
#12905 = ( GEOMETRIC_REPRESENTATION_CONTEXT(2) 
PARAMETRIC_REPRESENTATION_CONTEXT() REPRESENTATION_CONTEXT('2D SPACE',''
  ) );
#12906 = PCURVE('',#9819,#12907);
#12907 = DEFINITIONAL_REPRESENTATION('',(#12908),#12912);
#12908 = LINE('',#12909,#12910);
#12909 = CARTESIAN_POINT('',(-0.,0.));
#12910 = VECTOR('',#12911,1.);
#12911 = DIRECTION('',(-1.,0.));
#12912 = ( GEOMETRIC_REPRESENTATION_CONTEXT(2) 
PARAMETRIC_REPRESENTATION_CONTEXT() REPRESENTATION_CONTEXT('2D SPACE',''
  ) );
#12913 = FACE_BOUND('',#12914,.F.);
#12914 = EDGE_LOOP('',(#12915));
#12915 = ORIENTED_EDGE('',*,*,#5897,.T.);
#12916 = ADVANCED_FACE('',(#12917,#12943),#5973,.F.);
#12917 = FACE_BOUND('',#12918,.F.);
#12918 = EDGE_LOOP('',(#12919));
#12919 = ORIENTED_EDGE('',*,*,#12920,.T.);
#12920 = EDGE_CURVE('',#12921,#12921,#12923,.T.);
#12921 = VERTEX_POINT('',#12922);
#12922 = CARTESIAN_POINT('',(83.,175.,16.));
#12923 = SURFACE_CURVE('',#12924,(#12929,#12936),.PCURVE_S1.);
#12924 = CIRCLE('',#12925,8.);
#12925 = AXIS2_PLACEMENT_3D('',#12926,#12927,#12928);
#12926 = CARTESIAN_POINT('',(75.,175.,16.));
#12927 = DIRECTION('',(0.,0.,1.));
#12928 = DIRECTION('',(1.,0.,0.));
#12929 = PCURVE('',#5973,#12930);
#12930 = DEFINITIONAL_REPRESENTATION('',(#12931),#12935);
#12931 = CIRCLE('',#12932,8.);
#12932 = AXIS2_PLACEMENT_2D('',#12933,#12934);
#12933 = CARTESIAN_POINT('',(0.,0.));
#12934 = DIRECTION('',(1.,0.));
#12935 = ( GEOMETRIC_REPRESENTATION_CONTEXT(2) 
PARAMETRIC_REPRESENTATION_CONTEXT() REPRESENTATION_CONTEXT('2D SPACE',''
  ) );
#12936 = PCURVE('',#9854,#12937);
#12937 = DEFINITIONAL_REPRESENTATION('',(#12938),#12942);
#12938 = LINE('',#12939,#12940);
#12939 = CARTESIAN_POINT('',(-0.,0.));
#12940 = VECTOR('',#12941,1.);
#12941 = DIRECTION('',(-1.,0.));
#12942 = ( GEOMETRIC_REPRESENTATION_CONTEXT(2) 
PARAMETRIC_REPRESENTATION_CONTEXT() REPRESENTATION_CONTEXT('2D SPACE',''
  ) );
#12943 = FACE_BOUND('',#12944,.F.);
#12944 = EDGE_LOOP('',(#12945));
#12945 = ORIENTED_EDGE('',*,*,#5956,.T.);
#12946 = ADVANCED_FACE('',(#12947,#12973),#6032,.F.);
#12947 = FACE_BOUND('',#12948,.F.);
#12948 = EDGE_LOOP('',(#12949));
#12949 = ORIENTED_EDGE('',*,*,#12950,.T.);
#12950 = EDGE_CURVE('',#12951,#12951,#12953,.T.);
#12951 = VERTEX_POINT('',#12952);
#12952 = CARTESIAN_POINT('',(33.,225.,16.));
#12953 = SURFACE_CURVE('',#12954,(#12959,#12966),.PCURVE_S1.);
#12954 = CIRCLE('',#12955,8.);
#12955 = AXIS2_PLACEMENT_3D('',#12956,#12957,#12958);
#12956 = CARTESIAN_POINT('',(25.,225.,16.));
#12957 = DIRECTION('',(0.,0.,1.));
#12958 = DIRECTION('',(1.,0.,0.));
#12959 = PCURVE('',#6032,#12960);
#12960 = DEFINITIONAL_REPRESENTATION('',(#12961),#12965);
#12961 = CIRCLE('',#12962,8.);
#12962 = AXIS2_PLACEMENT_2D('',#12963,#12964);
#12963 = CARTESIAN_POINT('',(0.,0.));
#12964 = DIRECTION('',(1.,0.));
#12965 = ( GEOMETRIC_REPRESENTATION_CONTEXT(2) 
PARAMETRIC_REPRESENTATION_CONTEXT() REPRESENTATION_CONTEXT('2D SPACE',''
  ) );
#12966 = PCURVE('',#9889,#12967);
#12967 = DEFINITIONAL_REPRESENTATION('',(#12968),#12972);
#12968 = LINE('',#12969,#12970);
#12969 = CARTESIAN_POINT('',(-0.,0.));
#12970 = VECTOR('',#12971,1.);
#12971 = DIRECTION('',(-1.,0.));
#12972 = ( GEOMETRIC_REPRESENTATION_CONTEXT(2) 
PARAMETRIC_REPRESENTATION_CONTEXT() REPRESENTATION_CONTEXT('2D SPACE',''
  ) );
#12973 = FACE_BOUND('',#12974,.F.);
#12974 = EDGE_LOOP('',(#12975));
#12975 = ORIENTED_EDGE('',*,*,#6015,.T.);
#12976 = ADVANCED_FACE('',(#12977,#13003),#6091,.F.);
#12977 = FACE_BOUND('',#12978,.F.);
#12978 = EDGE_LOOP('',(#12979));
#12979 = ORIENTED_EDGE('',*,*,#12980,.T.);
#12980 = EDGE_CURVE('',#12981,#12981,#12983,.T.);
#12981 = VERTEX_POINT('',#12982);
#12982 = CARTESIAN_POINT('',(83.,225.,16.));
#12983 = SURFACE_CURVE('',#12984,(#12989,#12996),.PCURVE_S1.);
#12984 = CIRCLE('',#12985,8.);
#12985 = AXIS2_PLACEMENT_3D('',#12986,#12987,#12988);
#12986 = CARTESIAN_POINT('',(75.,225.,16.));
#12987 = DIRECTION('',(0.,0.,1.));
#12988 = DIRECTION('',(1.,0.,0.));
#12989 = PCURVE('',#6091,#12990);
#12990 = DEFINITIONAL_REPRESENTATION('',(#12991),#12995);
#12991 = CIRCLE('',#12992,8.);
#12992 = AXIS2_PLACEMENT_2D('',#12993,#12994);
#12993 = CARTESIAN_POINT('',(0.,0.));
#12994 = DIRECTION('',(1.,0.));
#12995 = ( GEOMETRIC_REPRESENTATION_CONTEXT(2) 
PARAMETRIC_REPRESENTATION_CONTEXT() REPRESENTATION_CONTEXT('2D SPACE',''
  ) );
#12996 = PCURVE('',#9924,#12997);
#12997 = DEFINITIONAL_REPRESENTATION('',(#12998),#13002);
#12998 = LINE('',#12999,#13000);
#12999 = CARTESIAN_POINT('',(-0.,0.));
#13000 = VECTOR('',#13001,1.);
#13001 = DIRECTION('',(-1.,0.));
#13002 = ( GEOMETRIC_REPRESENTATION_CONTEXT(2) 
PARAMETRIC_REPRESENTATION_CONTEXT() REPRESENTATION_CONTEXT('2D SPACE',''
  ) );
#13003 = FACE_BOUND('',#13004,.F.);
#13004 = EDGE_LOOP('',(#13005));
#13005 = ORIENTED_EDGE('',*,*,#6074,.T.);
#13006 = ADVANCED_FACE('',(#13007,#13033),#6150,.F.);
#13007 = FACE_BOUND('',#13008,.F.);
#13008 = EDGE_LOOP('',(#13009));
#13009 = ORIENTED_EDGE('',*,*,#13010,.T.);
#13010 = EDGE_CURVE('',#13011,#13011,#13013,.T.);
#13011 = VERTEX_POINT('',#13012);
#13012 = CARTESIAN_POINT('',(133.,175.,16.));
#13013 = SURFACE_CURVE('',#13014,(#13019,#13026),.PCURVE_S1.);
#13014 = CIRCLE('',#13015,8.);
#13015 = AXIS2_PLACEMENT_3D('',#13016,#13017,#13018);
#13016 = CARTESIAN_POINT('',(125.,175.,16.));
#13017 = DIRECTION('',(0.,0.,1.));
#13018 = DIRECTION('',(1.,0.,0.));
#13019 = PCURVE('',#6150,#13020);
#13020 = DEFINITIONAL_REPRESENTATION('',(#13021),#13025);
#13021 = CIRCLE('',#13022,8.);
#13022 = AXIS2_PLACEMENT_2D('',#13023,#13024);
#13023 = CARTESIAN_POINT('',(0.,0.));
#13024 = DIRECTION('',(1.,0.));
#13025 = ( GEOMETRIC_REPRESENTATION_CONTEXT(2) 
PARAMETRIC_REPRESENTATION_CONTEXT() REPRESENTATION_CONTEXT('2D SPACE',''
  ) );
#13026 = PCURVE('',#9959,#13027);
#13027 = DEFINITIONAL_REPRESENTATION('',(#13028),#13032);
#13028 = LINE('',#13029,#13030);
#13029 = CARTESIAN_POINT('',(-0.,0.));
#13030 = VECTOR('',#13031,1.);
#13031 = DIRECTION('',(-1.,0.));
#13032 = ( GEOMETRIC_REPRESENTATION_CONTEXT(2) 
PARAMETRIC_REPRESENTATION_CONTEXT() REPRESENTATION_CONTEXT('2D SPACE',''
  ) );
#13033 = FACE_BOUND('',#13034,.F.);
#13034 = EDGE_LOOP('',(#13035));
#13035 = ORIENTED_EDGE('',*,*,#6133,.T.);
#13036 = ADVANCED_FACE('',(#13037,#13063),#6209,.F.);
#13037 = FACE_BOUND('',#13038,.F.);
#13038 = EDGE_LOOP('',(#13039));
#13039 = ORIENTED_EDGE('',*,*,#13040,.T.);
#13040 = EDGE_CURVE('',#13041,#13041,#13043,.T.);
#13041 = VERTEX_POINT('',#13042);
#13042 = CARTESIAN_POINT('',(183.,175.,16.));
#13043 = SURFACE_CURVE('',#13044,(#13049,#13056),.PCURVE_S1.);
#13044 = CIRCLE('',#13045,8.);
#13045 = AXIS2_PLACEMENT_3D('',#13046,#13047,#13048);
#13046 = CARTESIAN_POINT('',(175.,175.,16.));
#13047 = DIRECTION('',(0.,0.,1.));
#13048 = DIRECTION('',(1.,0.,0.));
#13049 = PCURVE('',#6209,#13050);
#13050 = DEFINITIONAL_REPRESENTATION('',(#13051),#13055);
#13051 = CIRCLE('',#13052,8.);
#13052 = AXIS2_PLACEMENT_2D('',#13053,#13054);
#13053 = CARTESIAN_POINT('',(0.,0.));
#13054 = DIRECTION('',(1.,0.));
#13055 = ( GEOMETRIC_REPRESENTATION_CONTEXT(2) 
PARAMETRIC_REPRESENTATION_CONTEXT() REPRESENTATION_CONTEXT('2D SPACE',''
  ) );
#13056 = PCURVE('',#9994,#13057);
#13057 = DEFINITIONAL_REPRESENTATION('',(#13058),#13062);
#13058 = LINE('',#13059,#13060);
#13059 = CARTESIAN_POINT('',(-0.,0.));
#13060 = VECTOR('',#13061,1.);
#13061 = DIRECTION('',(-1.,0.));
#13062 = ( GEOMETRIC_REPRESENTATION_CONTEXT(2) 
PARAMETRIC_REPRESENTATION_CONTEXT() REPRESENTATION_CONTEXT('2D SPACE',''
  ) );
#13063 = FACE_BOUND('',#13064,.F.);
#13064 = EDGE_LOOP('',(#13065));
#13065 = ORIENTED_EDGE('',*,*,#6192,.T.);
#13066 = ADVANCED_FACE('',(#13067,#13070),#6290,.T.);
#13067 = FACE_BOUND('',#13068,.T.);
#13068 = EDGE_LOOP('',(#13069));
#13069 = ORIENTED_EDGE('',*,*,#6275,.T.);
#13070 = FACE_BOUND('',#13071,.T.);
#13071 = EDGE_LOOP('',(#13072));
#13072 = ORIENTED_EDGE('',*,*,#13073,.F.);
#13073 = EDGE_CURVE('',#13074,#13074,#13076,.T.);
#13074 = VERTEX_POINT('',#13075);
#13075 = CARTESIAN_POINT('',(207.75,201.,20.5));
#13076 = SURFACE_CURVE('',#13077,(#13082,#13089),.PCURVE_S1.);
#13077 = CIRCLE('',#13078,2.75);
#13078 = AXIS2_PLACEMENT_3D('',#13079,#13080,#13081);
#13079 = CARTESIAN_POINT('',(205.,201.,20.5));
#13080 = DIRECTION('',(0.,0.,1.));
#13081 = DIRECTION('',(1.,0.,-0.));
#13082 = PCURVE('',#6290,#13083);
#13083 = DEFINITIONAL_REPRESENTATION('',(#13084),#13088);
#13084 = CIRCLE('',#13085,2.75);
#13085 = AXIS2_PLACEMENT_2D('',#13086,#13087);
#13086 = CARTESIAN_POINT('',(0.,0.));
#13087 = DIRECTION('',(1.,0.));
#13088 = ( GEOMETRIC_REPRESENTATION_CONTEXT(2) 
PARAMETRIC_REPRESENTATION_CONTEXT() REPRESENTATION_CONTEXT('2D SPACE',''
  ) );
#13089 = PCURVE('',#13090,#13095);
#13090 = CYLINDRICAL_SURFACE('',#13091,2.75);
#13091 = AXIS2_PLACEMENT_3D('',#13092,#13093,#13094);
#13092 = CARTESIAN_POINT('',(205.,201.,15.));
#13093 = DIRECTION('',(0.,0.,1.));
#13094 = DIRECTION('',(1.,0.,-0.));
#13095 = DEFINITIONAL_REPRESENTATION('',(#13096),#13100);
#13096 = LINE('',#13097,#13098);
#13097 = CARTESIAN_POINT('',(0.,5.5));
#13098 = VECTOR('',#13099,1.);
#13099 = DIRECTION('',(1.,0.));
#13100 = ( GEOMETRIC_REPRESENTATION_CONTEXT(2) 
PARAMETRIC_REPRESENTATION_CONTEXT() REPRESENTATION_CONTEXT('2D SPACE',''
  ) );
#13101 = ADVANCED_FACE('',(#13102,#13128),#6323,.F.);
#13102 = FACE_BOUND('',#13103,.F.);
#13103 = EDGE_LOOP('',(#13104));
#13104 = ORIENTED_EDGE('',*,*,#13105,.T.);
#13105 = EDGE_CURVE('',#13106,#13106,#13108,.T.);
#13106 = VERTEX_POINT('',#13107);
#13107 = CARTESIAN_POINT('',(133.,225.,16.));
#13108 = SURFACE_CURVE('',#13109,(#13114,#13121),.PCURVE_S1.);
#13109 = CIRCLE('',#13110,8.);
#13110 = AXIS2_PLACEMENT_3D('',#13111,#13112,#13113);
#13111 = CARTESIAN_POINT('',(125.,225.,16.));
#13112 = DIRECTION('',(0.,0.,1.));
#13113 = DIRECTION('',(1.,0.,0.));
#13114 = PCURVE('',#6323,#13115);
#13115 = DEFINITIONAL_REPRESENTATION('',(#13116),#13120);
#13116 = CIRCLE('',#13117,8.);
#13117 = AXIS2_PLACEMENT_2D('',#13118,#13119);
#13118 = CARTESIAN_POINT('',(0.,0.));
#13119 = DIRECTION('',(1.,0.));
#13120 = ( GEOMETRIC_REPRESENTATION_CONTEXT(2) 
PARAMETRIC_REPRESENTATION_CONTEXT() REPRESENTATION_CONTEXT('2D SPACE',''
  ) );
#13121 = PCURVE('',#10029,#13122);
#13122 = DEFINITIONAL_REPRESENTATION('',(#13123),#13127);
#13123 = LINE('',#13124,#13125);
#13124 = CARTESIAN_POINT('',(-0.,0.));
#13125 = VECTOR('',#13126,1.);
#13126 = DIRECTION('',(-1.,0.));
#13127 = ( GEOMETRIC_REPRESENTATION_CONTEXT(2) 
PARAMETRIC_REPRESENTATION_CONTEXT() REPRESENTATION_CONTEXT('2D SPACE',''
  ) );
#13128 = FACE_BOUND('',#13129,.F.);
#13129 = EDGE_LOOP('',(#13130));
#13130 = ORIENTED_EDGE('',*,*,#6306,.T.);
#13131 = ADVANCED_FACE('',(#13132,#13158),#6382,.F.);
#13132 = FACE_BOUND('',#13133,.F.);
#13133 = EDGE_LOOP('',(#13134));
#13134 = ORIENTED_EDGE('',*,*,#13135,.T.);
#13135 = EDGE_CURVE('',#13136,#13136,#13138,.T.);
#13136 = VERTEX_POINT('',#13137);
#13137 = CARTESIAN_POINT('',(183.,225.,16.));
#13138 = SURFACE_CURVE('',#13139,(#13144,#13151),.PCURVE_S1.);
#13139 = CIRCLE('',#13140,8.);
#13140 = AXIS2_PLACEMENT_3D('',#13141,#13142,#13143);
#13141 = CARTESIAN_POINT('',(175.,225.,16.));
#13142 = DIRECTION('',(0.,0.,1.));
#13143 = DIRECTION('',(1.,0.,0.));
#13144 = PCURVE('',#6382,#13145);
#13145 = DEFINITIONAL_REPRESENTATION('',(#13146),#13150);
#13146 = CIRCLE('',#13147,8.);
#13147 = AXIS2_PLACEMENT_2D('',#13148,#13149);
#13148 = CARTESIAN_POINT('',(0.,0.));
#13149 = DIRECTION('',(1.,0.));
#13150 = ( GEOMETRIC_REPRESENTATION_CONTEXT(2) 
PARAMETRIC_REPRESENTATION_CONTEXT() REPRESENTATION_CONTEXT('2D SPACE',''
  ) );
#13151 = PCURVE('',#10064,#13152);
#13152 = DEFINITIONAL_REPRESENTATION('',(#13153),#13157);
#13153 = LINE('',#13154,#13155);
#13154 = CARTESIAN_POINT('',(-0.,0.));
#13155 = VECTOR('',#13156,1.);
#13156 = DIRECTION('',(-1.,0.));
#13157 = ( GEOMETRIC_REPRESENTATION_CONTEXT(2) 
PARAMETRIC_REPRESENTATION_CONTEXT() REPRESENTATION_CONTEXT('2D SPACE',''
  ) );
#13158 = FACE_BOUND('',#13159,.F.);
#13159 = EDGE_LOOP('',(#13160));
#13160 = ORIENTED_EDGE('',*,*,#6365,.T.);
#13161 = ADVANCED_FACE('',(#13162,#13165),#6463,.T.);
#13162 = FACE_BOUND('',#13163,.T.);
#13163 = EDGE_LOOP('',(#13164));
#13164 = ORIENTED_EDGE('',*,*,#6448,.T.);
#13165 = FACE_BOUND('',#13166,.T.);
#13166 = EDGE_LOOP('',(#13167));
#13167 = ORIENTED_EDGE('',*,*,#13168,.F.);
#13168 = EDGE_CURVE('',#13169,#13169,#13171,.T.);
#13169 = VERTEX_POINT('',#13170);
#13170 = CARTESIAN_POINT('',(64.2,262.5,22.5));
#13171 = SURFACE_CURVE('',#13172,(#13177,#13184),.PCURVE_S1.);
#13172 = CIRCLE('',#13173,1.7);
#13173 = AXIS2_PLACEMENT_3D('',#13174,#13175,#13176);
#13174 = CARTESIAN_POINT('',(62.5,262.5,22.5));
#13175 = DIRECTION('',(0.,0.,1.));
#13176 = DIRECTION('',(1.,0.,-0.));
#13177 = PCURVE('',#6463,#13178);
#13178 = DEFINITIONAL_REPRESENTATION('',(#13179),#13183);
#13179 = CIRCLE('',#13180,1.7);
#13180 = AXIS2_PLACEMENT_2D('',#13181,#13182);
#13181 = CARTESIAN_POINT('',(0.,0.));
#13182 = DIRECTION('',(1.,0.));
#13183 = ( GEOMETRIC_REPRESENTATION_CONTEXT(2) 
PARAMETRIC_REPRESENTATION_CONTEXT() REPRESENTATION_CONTEXT('2D SPACE',''
  ) );
#13184 = PCURVE('',#13185,#13190);
#13185 = CYLINDRICAL_SURFACE('',#13186,1.7);
#13186 = AXIS2_PLACEMENT_3D('',#13187,#13188,#13189);
#13187 = CARTESIAN_POINT('',(62.5,262.5,15.));
#13188 = DIRECTION('',(0.,0.,1.));
#13189 = DIRECTION('',(1.,0.,-0.));
#13190 = DEFINITIONAL_REPRESENTATION('',(#13191),#13195);
#13191 = LINE('',#13192,#13193);
#13192 = CARTESIAN_POINT('',(0.,7.5));
#13193 = VECTOR('',#13194,1.);
#13194 = DIRECTION('',(1.,0.));
#13195 = ( GEOMETRIC_REPRESENTATION_CONTEXT(2) 
PARAMETRIC_REPRESENTATION_CONTEXT() REPRESENTATION_CONTEXT('2D SPACE',''
  ) );
#13196 = ADVANCED_FACE('',(#13197,#13223),#6496,.F.);
#13197 = FACE_BOUND('',#13198,.F.);
#13198 = EDGE_LOOP('',(#13199));
#13199 = ORIENTED_EDGE('',*,*,#13200,.T.);
#13200 = EDGE_CURVE('',#13201,#13201,#13203,.T.);
#13201 = VERTEX_POINT('',#13202);
#13202 = CARTESIAN_POINT('',(33.,275.,16.));
#13203 = SURFACE_CURVE('',#13204,(#13209,#13216),.PCURVE_S1.);
#13204 = CIRCLE('',#13205,8.);
#13205 = AXIS2_PLACEMENT_3D('',#13206,#13207,#13208);
#13206 = CARTESIAN_POINT('',(25.,275.,16.));
#13207 = DIRECTION('',(0.,0.,1.));
#13208 = DIRECTION('',(1.,0.,0.));
#13209 = PCURVE('',#6496,#13210);
#13210 = DEFINITIONAL_REPRESENTATION('',(#13211),#13215);
#13211 = CIRCLE('',#13212,8.);
#13212 = AXIS2_PLACEMENT_2D('',#13213,#13214);
#13213 = CARTESIAN_POINT('',(0.,0.));
#13214 = DIRECTION('',(1.,0.));
#13215 = ( GEOMETRIC_REPRESENTATION_CONTEXT(2) 
PARAMETRIC_REPRESENTATION_CONTEXT() REPRESENTATION_CONTEXT('2D SPACE',''
  ) );
#13216 = PCURVE('',#10099,#13217);
#13217 = DEFINITIONAL_REPRESENTATION('',(#13218),#13222);
#13218 = LINE('',#13219,#13220);
#13219 = CARTESIAN_POINT('',(-0.,0.));
#13220 = VECTOR('',#13221,1.);
#13221 = DIRECTION('',(-1.,0.));
#13222 = ( GEOMETRIC_REPRESENTATION_CONTEXT(2) 
PARAMETRIC_REPRESENTATION_CONTEXT() REPRESENTATION_CONTEXT('2D SPACE',''
  ) );
#13223 = FACE_BOUND('',#13224,.F.);
#13224 = EDGE_LOOP('',(#13225));
#13225 = ORIENTED_EDGE('',*,*,#6479,.T.);
#13226 = ADVANCED_FACE('',(#13227,#13230),#6577,.T.);
#13227 = FACE_BOUND('',#13228,.T.);
#13228 = EDGE_LOOP('',(#13229));
#13229 = ORIENTED_EDGE('',*,*,#6562,.T.);
#13230 = FACE_BOUND('',#13231,.T.);
#13231 = EDGE_LOOP('',(#13232));
#13232 = ORIENTED_EDGE('',*,*,#13233,.F.);
#13233 = EDGE_CURVE('',#13234,#13234,#13236,.T.);
#13234 = VERTEX_POINT('',#13235);
#13235 = CARTESIAN_POINT('',(64.2,287.5,22.5));
#13236 = SURFACE_CURVE('',#13237,(#13242,#13249),.PCURVE_S1.);
#13237 = CIRCLE('',#13238,1.7);
#13238 = AXIS2_PLACEMENT_3D('',#13239,#13240,#13241);
#13239 = CARTESIAN_POINT('',(62.5,287.5,22.5));
#13240 = DIRECTION('',(0.,0.,1.));
#13241 = DIRECTION('',(1.,0.,-0.));
#13242 = PCURVE('',#6577,#13243);
#13243 = DEFINITIONAL_REPRESENTATION('',(#13244),#13248);
#13244 = CIRCLE('',#13245,1.7);
#13245 = AXIS2_PLACEMENT_2D('',#13246,#13247);
#13246 = CARTESIAN_POINT('',(0.,0.));
#13247 = DIRECTION('',(1.,0.));
#13248 = ( GEOMETRIC_REPRESENTATION_CONTEXT(2) 
PARAMETRIC_REPRESENTATION_CONTEXT() REPRESENTATION_CONTEXT('2D SPACE',''
  ) );
#13249 = PCURVE('',#13250,#13255);
#13250 = CYLINDRICAL_SURFACE('',#13251,1.7);
#13251 = AXIS2_PLACEMENT_3D('',#13252,#13253,#13254);
#13252 = CARTESIAN_POINT('',(62.5,287.5,15.));
#13253 = DIRECTION('',(0.,0.,1.));
#13254 = DIRECTION('',(1.,0.,-0.));
#13255 = DEFINITIONAL_REPRESENTATION('',(#13256),#13260);
#13256 = LINE('',#13257,#13258);
#13257 = CARTESIAN_POINT('',(0.,7.5));
#13258 = VECTOR('',#13259,1.);
#13259 = DIRECTION('',(1.,0.));
#13260 = ( GEOMETRIC_REPRESENTATION_CONTEXT(2) 
PARAMETRIC_REPRESENTATION_CONTEXT() REPRESENTATION_CONTEXT('2D SPACE',''
  ) );
#13261 = ADVANCED_FACE('',(#13262,#13265),#6632,.T.);
#13262 = FACE_BOUND('',#13263,.T.);
#13263 = EDGE_LOOP('',(#13264));
#13264 = ORIENTED_EDGE('',*,*,#6617,.T.);
#13265 = FACE_BOUND('',#13266,.T.);
#13266 = EDGE_LOOP('',(#13267));
#13267 = ORIENTED_EDGE('',*,*,#13268,.F.);
#13268 = EDGE_CURVE('',#13269,#13269,#13271,.T.);
#13269 = VERTEX_POINT('',#13270);
#13270 = CARTESIAN_POINT('',(89.2,262.5,22.5));
#13271 = SURFACE_CURVE('',#13272,(#13277,#13284),.PCURVE_S1.);
#13272 = CIRCLE('',#13273,1.7);
#13273 = AXIS2_PLACEMENT_3D('',#13274,#13275,#13276);
#13274 = CARTESIAN_POINT('',(87.5,262.5,22.5));
#13275 = DIRECTION('',(0.,0.,1.));
#13276 = DIRECTION('',(1.,0.,-0.));
#13277 = PCURVE('',#6632,#13278);
#13278 = DEFINITIONAL_REPRESENTATION('',(#13279),#13283);
#13279 = CIRCLE('',#13280,1.7);
#13280 = AXIS2_PLACEMENT_2D('',#13281,#13282);
#13281 = CARTESIAN_POINT('',(0.,0.));
#13282 = DIRECTION('',(1.,0.));
#13283 = ( GEOMETRIC_REPRESENTATION_CONTEXT(2) 
PARAMETRIC_REPRESENTATION_CONTEXT() REPRESENTATION_CONTEXT('2D SPACE',''
  ) );
#13284 = PCURVE('',#13285,#13290);
#13285 = CYLINDRICAL_SURFACE('',#13286,1.7);
#13286 = AXIS2_PLACEMENT_3D('',#13287,#13288,#13289);
#13287 = CARTESIAN_POINT('',(87.5,262.5,15.));
#13288 = DIRECTION('',(0.,0.,1.));
#13289 = DIRECTION('',(1.,0.,-0.));
#13290 = DEFINITIONAL_REPRESENTATION('',(#13291),#13295);
#13291 = LINE('',#13292,#13293);
#13292 = CARTESIAN_POINT('',(0.,7.5));
#13293 = VECTOR('',#13294,1.);
#13294 = DIRECTION('',(1.,0.));
#13295 = ( GEOMETRIC_REPRESENTATION_CONTEXT(2) 
PARAMETRIC_REPRESENTATION_CONTEXT() REPRESENTATION_CONTEXT('2D SPACE',''
  ) );
#13296 = ADVANCED_FACE('',(#13297,#13391,#13417,#13420,#13446,#13472),
  #6665,.F.);
#13297 = FACE_BOUND('',#13298,.F.);
#13298 = EDGE_LOOP('',(#13299,#13324,#13347,#13370));
#13299 = ORIENTED_EDGE('',*,*,#13300,.F.);
#13300 = EDGE_CURVE('',#13301,#13303,#13305,.T.);
#13301 = VERTEX_POINT('',#13302);
#13302 = CARTESIAN_POINT('',(55.,242.,16.));
#13303 = VERTEX_POINT('',#13304);
#13304 = CARTESIAN_POINT('',(55.,308.,16.));
#13305 = SURFACE_CURVE('',#13306,(#13310,#13317),.PCURVE_S1.);
#13306 = LINE('',#13307,#13308);
#13307 = CARTESIAN_POINT('',(55.,242.,16.));
#13308 = VECTOR('',#13309,1.);
#13309 = DIRECTION('',(0.,1.,0.));
#13310 = PCURVE('',#6665,#13311);
#13311 = DEFINITIONAL_REPRESENTATION('',(#13312),#13316);
#13312 = LINE('',#13313,#13314);
#13313 = CARTESIAN_POINT('',(0.,0.));
#13314 = VECTOR('',#13315,1.);
#13315 = DIRECTION('',(0.,1.));
#13316 = ( GEOMETRIC_REPRESENTATION_CONTEXT(2) 
PARAMETRIC_REPRESENTATION_CONTEXT() REPRESENTATION_CONTEXT('2D SPACE',''
  ) );
#13317 = PCURVE('',#10159,#13318);
#13318 = DEFINITIONAL_REPRESENTATION('',(#13319),#13323);
#13319 = LINE('',#13320,#13321);
#13320 = CARTESIAN_POINT('',(0.,0.));
#13321 = VECTOR('',#13322,1.);
#13322 = DIRECTION('',(0.,-1.));
#13323 = ( GEOMETRIC_REPRESENTATION_CONTEXT(2) 
PARAMETRIC_REPRESENTATION_CONTEXT() REPRESENTATION_CONTEXT('2D SPACE',''
  ) );
#13324 = ORIENTED_EDGE('',*,*,#13325,.T.);
#13325 = EDGE_CURVE('',#13301,#13326,#13328,.T.);
#13326 = VERTEX_POINT('',#13327);
#13327 = CARTESIAN_POINT('',(95.,242.,16.));
#13328 = SURFACE_CURVE('',#13329,(#13333,#13340),.PCURVE_S1.);
#13329 = LINE('',#13330,#13331);
#13330 = CARTESIAN_POINT('',(55.,242.,16.));
#13331 = VECTOR('',#13332,1.);
#13332 = DIRECTION('',(1.,0.,0.));
#13333 = PCURVE('',#6665,#13334);
#13334 = DEFINITIONAL_REPRESENTATION('',(#13335),#13339);
#13335 = LINE('',#13336,#13337);
#13336 = CARTESIAN_POINT('',(0.,0.));
#13337 = VECTOR('',#13338,1.);
#13338 = DIRECTION('',(1.,0.));
#13339 = ( GEOMETRIC_REPRESENTATION_CONTEXT(2) 
PARAMETRIC_REPRESENTATION_CONTEXT() REPRESENTATION_CONTEXT('2D SPACE',''
  ) );
#13340 = PCURVE('',#10131,#13341);
#13341 = DEFINITIONAL_REPRESENTATION('',(#13342),#13346);
#13342 = LINE('',#13343,#13344);
#13343 = CARTESIAN_POINT('',(0.,0.));
#13344 = VECTOR('',#13345,1.);
#13345 = DIRECTION('',(0.,1.));
#13346 = ( GEOMETRIC_REPRESENTATION_CONTEXT(2) 
PARAMETRIC_REPRESENTATION_CONTEXT() REPRESENTATION_CONTEXT('2D SPACE',''
  ) );
#13347 = ORIENTED_EDGE('',*,*,#13348,.T.);
#13348 = EDGE_CURVE('',#13326,#13349,#13351,.T.);
#13349 = VERTEX_POINT('',#13350);
#13350 = CARTESIAN_POINT('',(95.,308.,16.));
#13351 = SURFACE_CURVE('',#13352,(#13356,#13363),.PCURVE_S1.);
#13352 = LINE('',#13353,#13354);
#13353 = CARTESIAN_POINT('',(95.,242.,16.));
#13354 = VECTOR('',#13355,1.);
#13355 = DIRECTION('',(0.,1.,0.));
#13356 = PCURVE('',#6665,#13357);
#13357 = DEFINITIONAL_REPRESENTATION('',(#13358),#13362);
#13358 = LINE('',#13359,#13360);
#13359 = CARTESIAN_POINT('',(40.,0.));
#13360 = VECTOR('',#13361,1.);
#13361 = DIRECTION('',(0.,1.));
#13362 = ( GEOMETRIC_REPRESENTATION_CONTEXT(2) 
PARAMETRIC_REPRESENTATION_CONTEXT() REPRESENTATION_CONTEXT('2D SPACE',''
  ) );
#13363 = PCURVE('',#10213,#13364);
#13364 = DEFINITIONAL_REPRESENTATION('',(#13365),#13369);
#13365 = LINE('',#13366,#13367);
#13366 = CARTESIAN_POINT('',(0.,0.));
#13367 = VECTOR('',#13368,1.);
#13368 = DIRECTION('',(0.,-1.));
#13369 = ( GEOMETRIC_REPRESENTATION_CONTEXT(2) 
PARAMETRIC_REPRESENTATION_CONTEXT() REPRESENTATION_CONTEXT('2D SPACE',''
  ) );
#13370 = ORIENTED_EDGE('',*,*,#13371,.F.);
#13371 = EDGE_CURVE('',#13303,#13349,#13372,.T.);
#13372 = SURFACE_CURVE('',#13373,(#13377,#13384),.PCURVE_S1.);
#13373 = LINE('',#13374,#13375);
#13374 = CARTESIAN_POINT('',(55.,308.,16.));
#13375 = VECTOR('',#13376,1.);
#13376 = DIRECTION('',(1.,0.,0.));
#13377 = PCURVE('',#6665,#13378);
#13378 = DEFINITIONAL_REPRESENTATION('',(#13379),#13383);
#13379 = LINE('',#13380,#13381);
#13380 = CARTESIAN_POINT('',(0.,66.));
#13381 = VECTOR('',#13382,1.);
#13382 = DIRECTION('',(1.,0.));
#13383 = ( GEOMETRIC_REPRESENTATION_CONTEXT(2) 
PARAMETRIC_REPRESENTATION_CONTEXT() REPRESENTATION_CONTEXT('2D SPACE',''
  ) );
#13384 = PCURVE('',#10187,#13385);
#13385 = DEFINITIONAL_REPRESENTATION('',(#13386),#13390);
#13386 = LINE('',#13387,#13388);
#13387 = CARTESIAN_POINT('',(0.,0.));
#13388 = VECTOR('',#13389,1.);
#13389 = DIRECTION('',(0.,1.));
#13390 = ( GEOMETRIC_REPRESENTATION_CONTEXT(2) 
PARAMETRIC_REPRESENTATION_CONTEXT() REPRESENTATION_CONTEXT('2D SPACE',''
  ) );
#13391 = FACE_BOUND('',#13392,.F.);
#13392 = EDGE_LOOP('',(#13393));
#13393 = ORIENTED_EDGE('',*,*,#13394,.F.);
#13394 = EDGE_CURVE('',#13395,#13395,#13397,.T.);
#13395 = VERTEX_POINT('',#13396);
#13396 = CARTESIAN_POINT('',(64.2,262.5,16.));
#13397 = SURFACE_CURVE('',#13398,(#13403,#13410),.PCURVE_S1.);
#13398 = CIRCLE('',#13399,1.7);
#13399 = AXIS2_PLACEMENT_3D('',#13400,#13401,#13402);
#13400 = CARTESIAN_POINT('',(62.5,262.5,16.));
#13401 = DIRECTION('',(0.,0.,1.));
#13402 = DIRECTION('',(1.,0.,-0.));
#13403 = PCURVE('',#6665,#13404);
#13404 = DEFINITIONAL_REPRESENTATION('',(#13405),#13409);
#13405 = CIRCLE('',#13406,1.7);
#13406 = AXIS2_PLACEMENT_2D('',#13407,#13408);
#13407 = CARTESIAN_POINT('',(7.5,20.5));
#13408 = DIRECTION('',(1.,0.));
#13409 = ( GEOMETRIC_REPRESENTATION_CONTEXT(2) 
PARAMETRIC_REPRESENTATION_CONTEXT() REPRESENTATION_CONTEXT('2D SPACE',''
  ) );
#13410 = PCURVE('',#13185,#13411);
#13411 = DEFINITIONAL_REPRESENTATION('',(#13412),#13416);
#13412 = LINE('',#13413,#13414);
#13413 = CARTESIAN_POINT('',(0.,1.));
#13414 = VECTOR('',#13415,1.);
#13415 = DIRECTION('',(1.,0.));
#13416 = ( GEOMETRIC_REPRESENTATION_CONTEXT(2) 
PARAMETRIC_REPRESENTATION_CONTEXT() REPRESENTATION_CONTEXT('2D SPACE',''
  ) );
#13417 = FACE_BOUND('',#13418,.F.);
#13418 = EDGE_LOOP('',(#13419));
#13419 = ORIENTED_EDGE('',*,*,#6648,.T.);
#13420 = FACE_BOUND('',#13421,.F.);
#13421 = EDGE_LOOP('',(#13422));
#13422 = ORIENTED_EDGE('',*,*,#13423,.F.);
#13423 = EDGE_CURVE('',#13424,#13424,#13426,.T.);
#13424 = VERTEX_POINT('',#13425);
#13425 = CARTESIAN_POINT('',(89.2,262.5,16.));
#13426 = SURFACE_CURVE('',#13427,(#13432,#13439),.PCURVE_S1.);
#13427 = CIRCLE('',#13428,1.7);
#13428 = AXIS2_PLACEMENT_3D('',#13429,#13430,#13431);
#13429 = CARTESIAN_POINT('',(87.5,262.5,16.));
#13430 = DIRECTION('',(0.,0.,1.));
#13431 = DIRECTION('',(1.,0.,-0.));
#13432 = PCURVE('',#6665,#13433);
#13433 = DEFINITIONAL_REPRESENTATION('',(#13434),#13438);
#13434 = CIRCLE('',#13435,1.7);
#13435 = AXIS2_PLACEMENT_2D('',#13436,#13437);
#13436 = CARTESIAN_POINT('',(32.5,20.5));
#13437 = DIRECTION('',(1.,0.));
#13438 = ( GEOMETRIC_REPRESENTATION_CONTEXT(2) 
PARAMETRIC_REPRESENTATION_CONTEXT() REPRESENTATION_CONTEXT('2D SPACE',''
  ) );
#13439 = PCURVE('',#13285,#13440);
#13440 = DEFINITIONAL_REPRESENTATION('',(#13441),#13445);
#13441 = LINE('',#13442,#13443);
#13442 = CARTESIAN_POINT('',(0.,1.));
#13443 = VECTOR('',#13444,1.);
#13444 = DIRECTION('',(1.,0.));
#13445 = ( GEOMETRIC_REPRESENTATION_CONTEXT(2) 
PARAMETRIC_REPRESENTATION_CONTEXT() REPRESENTATION_CONTEXT('2D SPACE',''
  ) );
#13446 = FACE_BOUND('',#13447,.F.);
#13447 = EDGE_LOOP('',(#13448));
#13448 = ORIENTED_EDGE('',*,*,#13449,.F.);
#13449 = EDGE_CURVE('',#13450,#13450,#13452,.T.);
#13450 = VERTEX_POINT('',#13451);
#13451 = CARTESIAN_POINT('',(64.2,287.5,16.));
#13452 = SURFACE_CURVE('',#13453,(#13458,#13465),.PCURVE_S1.);
#13453 = CIRCLE('',#13454,1.7);
#13454 = AXIS2_PLACEMENT_3D('',#13455,#13456,#13457);
#13455 = CARTESIAN_POINT('',(62.5,287.5,16.));
#13456 = DIRECTION('',(0.,0.,1.));
#13457 = DIRECTION('',(1.,0.,-0.));
#13458 = PCURVE('',#6665,#13459);
#13459 = DEFINITIONAL_REPRESENTATION('',(#13460),#13464);
#13460 = CIRCLE('',#13461,1.7);
#13461 = AXIS2_PLACEMENT_2D('',#13462,#13463);
#13462 = CARTESIAN_POINT('',(7.5,45.5));
#13463 = DIRECTION('',(1.,0.));
#13464 = ( GEOMETRIC_REPRESENTATION_CONTEXT(2) 
PARAMETRIC_REPRESENTATION_CONTEXT() REPRESENTATION_CONTEXT('2D SPACE',''
  ) );
#13465 = PCURVE('',#13250,#13466);
#13466 = DEFINITIONAL_REPRESENTATION('',(#13467),#13471);
#13467 = LINE('',#13468,#13469);
#13468 = CARTESIAN_POINT('',(0.,1.));
#13469 = VECTOR('',#13470,1.);
#13470 = DIRECTION('',(1.,0.));
#13471 = ( GEOMETRIC_REPRESENTATION_CONTEXT(2) 
PARAMETRIC_REPRESENTATION_CONTEXT() REPRESENTATION_CONTEXT('2D SPACE',''
  ) );
#13472 = FACE_BOUND('',#13473,.F.);
#13473 = EDGE_LOOP('',(#13474));
#13474 = ORIENTED_EDGE('',*,*,#13475,.F.);
#13475 = EDGE_CURVE('',#13476,#13476,#13478,.T.);
#13476 = VERTEX_POINT('',#13477);
#13477 = CARTESIAN_POINT('',(89.2,287.5,16.));
#13478 = SURFACE_CURVE('',#13479,(#13484,#13491),.PCURVE_S1.);
#13479 = CIRCLE('',#13480,1.7);
#13480 = AXIS2_PLACEMENT_3D('',#13481,#13482,#13483);
#13481 = CARTESIAN_POINT('',(87.5,287.5,16.));
#13482 = DIRECTION('',(0.,0.,1.));
#13483 = DIRECTION('',(1.,0.,-0.));
#13484 = PCURVE('',#6665,#13485);
#13485 = DEFINITIONAL_REPRESENTATION('',(#13486),#13490);
#13486 = CIRCLE('',#13487,1.7);
#13487 = AXIS2_PLACEMENT_2D('',#13488,#13489);
#13488 = CARTESIAN_POINT('',(32.5,45.5));
#13489 = DIRECTION('',(1.,0.));
#13490 = ( GEOMETRIC_REPRESENTATION_CONTEXT(2) 
PARAMETRIC_REPRESENTATION_CONTEXT() REPRESENTATION_CONTEXT('2D SPACE',''
  ) );
#13491 = PCURVE('',#13492,#13497);
#13492 = CYLINDRICAL_SURFACE('',#13493,1.7);
#13493 = AXIS2_PLACEMENT_3D('',#13494,#13495,#13496);
#13494 = CARTESIAN_POINT('',(87.5,287.5,15.));
#13495 = DIRECTION('',(0.,0.,1.));
#13496 = DIRECTION('',(1.,0.,-0.));
#13497 = DEFINITIONAL_REPRESENTATION('',(#13498),#13502);
#13498 = LINE('',#13499,#13500);
#13499 = CARTESIAN_POINT('',(0.,1.));
#13500 = VECTOR('',#13501,1.);
#13501 = DIRECTION('',(1.,0.));
#13502 = ( GEOMETRIC_REPRESENTATION_CONTEXT(2) 
PARAMETRIC_REPRESENTATION_CONTEXT() REPRESENTATION_CONTEXT('2D SPACE',''
  ) );
#13503 = ADVANCED_FACE('',(#13504,#13507),#6746,.T.);
#13504 = FACE_BOUND('',#13505,.T.);
#13505 = EDGE_LOOP('',(#13506));
#13506 = ORIENTED_EDGE('',*,*,#6731,.T.);
#13507 = FACE_BOUND('',#13508,.T.);
#13508 = EDGE_LOOP('',(#13509));
#13509 = ORIENTED_EDGE('',*,*,#13510,.F.);
#13510 = EDGE_CURVE('',#13511,#13511,#13513,.T.);
#13511 = VERTEX_POINT('',#13512);
#13512 = CARTESIAN_POINT('',(89.2,287.5,22.5));
#13513 = SURFACE_CURVE('',#13514,(#13519,#13526),.PCURVE_S1.);
#13514 = CIRCLE('',#13515,1.7);
#13515 = AXIS2_PLACEMENT_3D('',#13516,#13517,#13518);
#13516 = CARTESIAN_POINT('',(87.5,287.5,22.5));
#13517 = DIRECTION('',(0.,0.,1.));
#13518 = DIRECTION('',(1.,0.,-0.));
#13519 = PCURVE('',#6746,#13520);
#13520 = DEFINITIONAL_REPRESENTATION('',(#13521),#13525);
#13521 = CIRCLE('',#13522,1.7);
#13522 = AXIS2_PLACEMENT_2D('',#13523,#13524);
#13523 = CARTESIAN_POINT('',(0.,0.));
#13524 = DIRECTION('',(1.,0.));
#13525 = ( GEOMETRIC_REPRESENTATION_CONTEXT(2) 
PARAMETRIC_REPRESENTATION_CONTEXT() REPRESENTATION_CONTEXT('2D SPACE',''
  ) );
#13526 = PCURVE('',#13492,#13527);
#13527 = DEFINITIONAL_REPRESENTATION('',(#13528),#13532);
#13528 = LINE('',#13529,#13530);
#13529 = CARTESIAN_POINT('',(0.,7.5));
#13530 = VECTOR('',#13531,1.);
#13531 = DIRECTION('',(1.,0.));
#13532 = ( GEOMETRIC_REPRESENTATION_CONTEXT(2) 
PARAMETRIC_REPRESENTATION_CONTEXT() REPRESENTATION_CONTEXT('2D SPACE',''
  ) );
#13533 = ADVANCED_FACE('',(#13534,#13560),#6779,.F.);
#13534 = FACE_BOUND('',#13535,.F.);
#13535 = EDGE_LOOP('',(#13536));
#13536 = ORIENTED_EDGE('',*,*,#13537,.T.);
#13537 = EDGE_CURVE('',#13538,#13538,#13540,.T.);
#13538 = VERTEX_POINT('',#13539);
#13539 = CARTESIAN_POINT('',(33.,325.,16.));
#13540 = SURFACE_CURVE('',#13541,(#13546,#13553),.PCURVE_S1.);
#13541 = CIRCLE('',#13542,8.);
#13542 = AXIS2_PLACEMENT_3D('',#13543,#13544,#13545);
#13543 = CARTESIAN_POINT('',(25.,325.,16.));
#13544 = DIRECTION('',(0.,0.,1.));
#13545 = DIRECTION('',(1.,0.,0.));
#13546 = PCURVE('',#6779,#13547);
#13547 = DEFINITIONAL_REPRESENTATION('',(#13548),#13552);
#13548 = CIRCLE('',#13549,8.);
#13549 = AXIS2_PLACEMENT_2D('',#13550,#13551);
#13550 = CARTESIAN_POINT('',(0.,0.));
#13551 = DIRECTION('',(1.,0.));
#13552 = ( GEOMETRIC_REPRESENTATION_CONTEXT(2) 
PARAMETRIC_REPRESENTATION_CONTEXT() REPRESENTATION_CONTEXT('2D SPACE',''
  ) );
#13553 = PCURVE('',#10248,#13554);
#13554 = DEFINITIONAL_REPRESENTATION('',(#13555),#13559);
#13555 = LINE('',#13556,#13557);
#13556 = CARTESIAN_POINT('',(-0.,0.));
#13557 = VECTOR('',#13558,1.);
#13558 = DIRECTION('',(-1.,0.));
#13559 = ( GEOMETRIC_REPRESENTATION_CONTEXT(2) 
PARAMETRIC_REPRESENTATION_CONTEXT() REPRESENTATION_CONTEXT('2D SPACE',''
  ) );
#13560 = FACE_BOUND('',#13561,.F.);
#13561 = EDGE_LOOP('',(#13562));
#13562 = ORIENTED_EDGE('',*,*,#6762,.T.);
#13563 = ADVANCED_FACE('',(#13564,#13590),#6838,.F.);
#13564 = FACE_BOUND('',#13565,.F.);
#13565 = EDGE_LOOP('',(#13566));
#13566 = ORIENTED_EDGE('',*,*,#13567,.T.);
#13567 = EDGE_CURVE('',#13568,#13568,#13570,.T.);
#13568 = VERTEX_POINT('',#13569);
#13569 = CARTESIAN_POINT('',(83.,325.,16.));
#13570 = SURFACE_CURVE('',#13571,(#13576,#13583),.PCURVE_S1.);
#13571 = CIRCLE('',#13572,8.);
#13572 = AXIS2_PLACEMENT_3D('',#13573,#13574,#13575);
#13573 = CARTESIAN_POINT('',(75.,325.,16.));
#13574 = DIRECTION('',(0.,0.,1.));
#13575 = DIRECTION('',(1.,0.,0.));
#13576 = PCURVE('',#6838,#13577);
#13577 = DEFINITIONAL_REPRESENTATION('',(#13578),#13582);
#13578 = CIRCLE('',#13579,8.);
#13579 = AXIS2_PLACEMENT_2D('',#13580,#13581);
#13580 = CARTESIAN_POINT('',(0.,0.));
#13581 = DIRECTION('',(1.,0.));
#13582 = ( GEOMETRIC_REPRESENTATION_CONTEXT(2) 
PARAMETRIC_REPRESENTATION_CONTEXT() REPRESENTATION_CONTEXT('2D SPACE',''
  ) );
#13583 = PCURVE('',#10283,#13584);
#13584 = DEFINITIONAL_REPRESENTATION('',(#13585),#13589);
#13585 = LINE('',#13586,#13587);
#13586 = CARTESIAN_POINT('',(-0.,0.));
#13587 = VECTOR('',#13588,1.);
#13588 = DIRECTION('',(-1.,0.));
#13589 = ( GEOMETRIC_REPRESENTATION_CONTEXT(2) 
PARAMETRIC_REPRESENTATION_CONTEXT() REPRESENTATION_CONTEXT('2D SPACE',''
  ) );
#13590 = FACE_BOUND('',#13591,.F.);
#13591 = EDGE_LOOP('',(#13592));
#13592 = ORIENTED_EDGE('',*,*,#6821,.T.);
#13593 = ADVANCED_FACE('',(#13594,#13620),#6897,.F.);
#13594 = FACE_BOUND('',#13595,.F.);
#13595 = EDGE_LOOP('',(#13596));
#13596 = ORIENTED_EDGE('',*,*,#13597,.T.);
#13597 = EDGE_CURVE('',#13598,#13598,#13600,.T.);
#13598 = VERTEX_POINT('',#13599);
#13599 = CARTESIAN_POINT('',(133.,275.,16.));
#13600 = SURFACE_CURVE('',#13601,(#13606,#13613),.PCURVE_S1.);
#13601 = CIRCLE('',#13602,8.);
#13602 = AXIS2_PLACEMENT_3D('',#13603,#13604,#13605);
#13603 = CARTESIAN_POINT('',(125.,275.,16.));
#13604 = DIRECTION('',(0.,0.,1.));
#13605 = DIRECTION('',(1.,0.,0.));
#13606 = PCURVE('',#6897,#13607);
#13607 = DEFINITIONAL_REPRESENTATION('',(#13608),#13612);
#13608 = CIRCLE('',#13609,8.);
#13609 = AXIS2_PLACEMENT_2D('',#13610,#13611);
#13610 = CARTESIAN_POINT('',(0.,0.));
#13611 = DIRECTION('',(1.,0.));
#13612 = ( GEOMETRIC_REPRESENTATION_CONTEXT(2) 
PARAMETRIC_REPRESENTATION_CONTEXT() REPRESENTATION_CONTEXT('2D SPACE',''
  ) );
#13613 = PCURVE('',#10318,#13614);
#13614 = DEFINITIONAL_REPRESENTATION('',(#13615),#13619);
#13615 = LINE('',#13616,#13617);
#13616 = CARTESIAN_POINT('',(-0.,0.));
#13617 = VECTOR('',#13618,1.);
#13618 = DIRECTION('',(-1.,0.));
#13619 = ( GEOMETRIC_REPRESENTATION_CONTEXT(2) 
PARAMETRIC_REPRESENTATION_CONTEXT() REPRESENTATION_CONTEXT('2D SPACE',''
  ) );
#13620 = FACE_BOUND('',#13621,.F.);
#13621 = EDGE_LOOP('',(#13622));
#13622 = ORIENTED_EDGE('',*,*,#6880,.T.);
#13623 = ADVANCED_FACE('',(#13624,#13650),#6956,.F.);
#13624 = FACE_BOUND('',#13625,.F.);
#13625 = EDGE_LOOP('',(#13626));
#13626 = ORIENTED_EDGE('',*,*,#13627,.T.);
#13627 = EDGE_CURVE('',#13628,#13628,#13630,.T.);
#13628 = VERTEX_POINT('',#13629);
#13629 = CARTESIAN_POINT('',(183.,275.,16.));
#13630 = SURFACE_CURVE('',#13631,(#13636,#13643),.PCURVE_S1.);
#13631 = CIRCLE('',#13632,8.);
#13632 = AXIS2_PLACEMENT_3D('',#13633,#13634,#13635);
#13633 = CARTESIAN_POINT('',(175.,275.,16.));
#13634 = DIRECTION('',(0.,0.,1.));
#13635 = DIRECTION('',(1.,0.,0.));
#13636 = PCURVE('',#6956,#13637);
#13637 = DEFINITIONAL_REPRESENTATION('',(#13638),#13642);
#13638 = CIRCLE('',#13639,8.);
#13639 = AXIS2_PLACEMENT_2D('',#13640,#13641);
#13640 = CARTESIAN_POINT('',(0.,0.));
#13641 = DIRECTION('',(1.,0.));
#13642 = ( GEOMETRIC_REPRESENTATION_CONTEXT(2) 
PARAMETRIC_REPRESENTATION_CONTEXT() REPRESENTATION_CONTEXT('2D SPACE',''
  ) );
#13643 = PCURVE('',#10353,#13644);
#13644 = DEFINITIONAL_REPRESENTATION('',(#13645),#13649);
#13645 = LINE('',#13646,#13647);
#13646 = CARTESIAN_POINT('',(-0.,0.));
#13647 = VECTOR('',#13648,1.);
#13648 = DIRECTION('',(-1.,0.));
#13649 = ( GEOMETRIC_REPRESENTATION_CONTEXT(2) 
PARAMETRIC_REPRESENTATION_CONTEXT() REPRESENTATION_CONTEXT('2D SPACE',''
  ) );
#13650 = FACE_BOUND('',#13651,.F.);
#13651 = EDGE_LOOP('',(#13652));
#13652 = ORIENTED_EDGE('',*,*,#6939,.T.);
#13653 = ADVANCED_FACE('',(#13654,#13680),#7015,.F.);
#13654 = FACE_BOUND('',#13655,.F.);
#13655 = EDGE_LOOP('',(#13656));
#13656 = ORIENTED_EDGE('',*,*,#13657,.T.);
#13657 = EDGE_CURVE('',#13658,#13658,#13660,.T.);
#13658 = VERTEX_POINT('',#13659);
#13659 = CARTESIAN_POINT('',(133.,325.,16.));
#13660 = SURFACE_CURVE('',#13661,(#13666,#13673),.PCURVE_S1.);
#13661 = CIRCLE('',#13662,8.);
#13662 = AXIS2_PLACEMENT_3D('',#13663,#13664,#13665);
#13663 = CARTESIAN_POINT('',(125.,325.,16.));
#13664 = DIRECTION('',(0.,0.,1.));
#13665 = DIRECTION('',(1.,0.,0.));
#13666 = PCURVE('',#7015,#13667);
#13667 = DEFINITIONAL_REPRESENTATION('',(#13668),#13672);
#13668 = CIRCLE('',#13669,8.);
#13669 = AXIS2_PLACEMENT_2D('',#13670,#13671);
#13670 = CARTESIAN_POINT('',(0.,0.));
#13671 = DIRECTION('',(1.,0.));
#13672 = ( GEOMETRIC_REPRESENTATION_CONTEXT(2) 
PARAMETRIC_REPRESENTATION_CONTEXT() REPRESENTATION_CONTEXT('2D SPACE',''
  ) );
#13673 = PCURVE('',#10388,#13674);
#13674 = DEFINITIONAL_REPRESENTATION('',(#13675),#13679);
#13675 = LINE('',#13676,#13677);
#13676 = CARTESIAN_POINT('',(-0.,0.));
#13677 = VECTOR('',#13678,1.);
#13678 = DIRECTION('',(-1.,0.));
#13679 = ( GEOMETRIC_REPRESENTATION_CONTEXT(2) 
PARAMETRIC_REPRESENTATION_CONTEXT() REPRESENTATION_CONTEXT('2D SPACE',''
  ) );
#13680 = FACE_BOUND('',#13681,.F.);
#13681 = EDGE_LOOP('',(#13682));
#13682 = ORIENTED_EDGE('',*,*,#6998,.T.);
#13683 = ADVANCED_FACE('',(#13684,#13710),#7074,.F.);
#13684 = FACE_BOUND('',#13685,.F.);
#13685 = EDGE_LOOP('',(#13686));
#13686 = ORIENTED_EDGE('',*,*,#13687,.T.);
#13687 = EDGE_CURVE('',#13688,#13688,#13690,.T.);
#13688 = VERTEX_POINT('',#13689);
#13689 = CARTESIAN_POINT('',(183.,325.,16.));
#13690 = SURFACE_CURVE('',#13691,(#13696,#13703),.PCURVE_S1.);
#13691 = CIRCLE('',#13692,8.);
#13692 = AXIS2_PLACEMENT_3D('',#13693,#13694,#13695);
#13693 = CARTESIAN_POINT('',(175.,325.,16.));
#13694 = DIRECTION('',(0.,0.,1.));
#13695 = DIRECTION('',(1.,0.,0.));
#13696 = PCURVE('',#7074,#13697);
#13697 = DEFINITIONAL_REPRESENTATION('',(#13698),#13702);
#13698 = CIRCLE('',#13699,8.);
#13699 = AXIS2_PLACEMENT_2D('',#13700,#13701);
#13700 = CARTESIAN_POINT('',(0.,0.));
#13701 = DIRECTION('',(1.,0.));
#13702 = ( GEOMETRIC_REPRESENTATION_CONTEXT(2) 
PARAMETRIC_REPRESENTATION_CONTEXT() REPRESENTATION_CONTEXT('2D SPACE',''
  ) );
#13703 = PCURVE('',#10423,#13704);
#13704 = DEFINITIONAL_REPRESENTATION('',(#13705),#13709);
#13705 = LINE('',#13706,#13707);
#13706 = CARTESIAN_POINT('',(-0.,0.));
#13707 = VECTOR('',#13708,1.);
#13708 = DIRECTION('',(-1.,0.));
#13709 = ( GEOMETRIC_REPRESENTATION_CONTEXT(2) 
PARAMETRIC_REPRESENTATION_CONTEXT() REPRESENTATION_CONTEXT('2D SPACE',''
  ) );
#13710 = FACE_BOUND('',#13711,.F.);
#13711 = EDGE_LOOP('',(#13712));
#13712 = ORIENTED_EDGE('',*,*,#7057,.T.);
#13713 = ADVANCED_FACE('',(#13714,#13740),#7133,.F.);
#13714 = FACE_BOUND('',#13715,.F.);
#13715 = EDGE_LOOP('',(#13716));
#13716 = ORIENTED_EDGE('',*,*,#13717,.T.);
#13717 = EDGE_CURVE('',#13718,#13718,#13720,.T.);
#13718 = VERTEX_POINT('',#13719);
#13719 = CARTESIAN_POINT('',(233.,175.,16.));
#13720 = SURFACE_CURVE('',#13721,(#13726,#13733),.PCURVE_S1.);
#13721 = CIRCLE('',#13722,8.);
#13722 = AXIS2_PLACEMENT_3D('',#13723,#13724,#13725);
#13723 = CARTESIAN_POINT('',(225.,175.,16.));
#13724 = DIRECTION('',(0.,0.,1.));
#13725 = DIRECTION('',(1.,0.,0.));
#13726 = PCURVE('',#7133,#13727);
#13727 = DEFINITIONAL_REPRESENTATION('',(#13728),#13732);
#13728 = CIRCLE('',#13729,8.);
#13729 = AXIS2_PLACEMENT_2D('',#13730,#13731);
#13730 = CARTESIAN_POINT('',(0.,0.));
#13731 = DIRECTION('',(1.,0.));
#13732 = ( GEOMETRIC_REPRESENTATION_CONTEXT(2) 
PARAMETRIC_REPRESENTATION_CONTEXT() REPRESENTATION_CONTEXT('2D SPACE',''
  ) );
#13733 = PCURVE('',#10458,#13734);
#13734 = DEFINITIONAL_REPRESENTATION('',(#13735),#13739);
#13735 = LINE('',#13736,#13737);
#13736 = CARTESIAN_POINT('',(-0.,0.));
#13737 = VECTOR('',#13738,1.);
#13738 = DIRECTION('',(-1.,0.));
#13739 = ( GEOMETRIC_REPRESENTATION_CONTEXT(2) 
PARAMETRIC_REPRESENTATION_CONTEXT() REPRESENTATION_CONTEXT('2D SPACE',''
  ) );
#13740 = FACE_BOUND('',#13741,.F.);
#13741 = EDGE_LOOP('',(#13742));
#13742 = ORIENTED_EDGE('',*,*,#7116,.T.);
#13743 = ADVANCED_FACE('',(#13744,#13770),#7192,.F.);
#13744 = FACE_BOUND('',#13745,.F.);
#13745 = EDGE_LOOP('',(#13746));
#13746 = ORIENTED_EDGE('',*,*,#13747,.T.);
#13747 = EDGE_CURVE('',#13748,#13748,#13750,.T.);
#13748 = VERTEX_POINT('',#13749);
#13749 = CARTESIAN_POINT('',(283.,175.,16.));
#13750 = SURFACE_CURVE('',#13751,(#13756,#13763),.PCURVE_S1.);
#13751 = CIRCLE('',#13752,8.);
#13752 = AXIS2_PLACEMENT_3D('',#13753,#13754,#13755);
#13753 = CARTESIAN_POINT('',(275.,175.,16.));
#13754 = DIRECTION('',(0.,0.,1.));
#13755 = DIRECTION('',(1.,0.,0.));
#13756 = PCURVE('',#7192,#13757);
#13757 = DEFINITIONAL_REPRESENTATION('',(#13758),#13762);
#13758 = CIRCLE('',#13759,8.);
#13759 = AXIS2_PLACEMENT_2D('',#13760,#13761);
#13760 = CARTESIAN_POINT('',(0.,0.));
#13761 = DIRECTION('',(1.,0.));
#13762 = ( GEOMETRIC_REPRESENTATION_CONTEXT(2) 
PARAMETRIC_REPRESENTATION_CONTEXT() REPRESENTATION_CONTEXT('2D SPACE',''
  ) );
#13763 = PCURVE('',#10493,#13764);
#13764 = DEFINITIONAL_REPRESENTATION('',(#13765),#13769);
#13765 = LINE('',#13766,#13767);
#13766 = CARTESIAN_POINT('',(-0.,0.));
#13767 = VECTOR('',#13768,1.);
#13768 = DIRECTION('',(-1.,0.));
#13769 = ( GEOMETRIC_REPRESENTATION_CONTEXT(2) 
PARAMETRIC_REPRESENTATION_CONTEXT() REPRESENTATION_CONTEXT('2D SPACE',''
  ) );
#13770 = FACE_BOUND('',#13771,.F.);
#13771 = EDGE_LOOP('',(#13772));
#13772 = ORIENTED_EDGE('',*,*,#7175,.T.);
#13773 = ADVANCED_FACE('',(#13774,#13777),#7273,.T.);
#13774 = FACE_BOUND('',#13775,.T.);
#13775 = EDGE_LOOP('',(#13776));
#13776 = ORIENTED_EDGE('',*,*,#7258,.T.);
#13777 = FACE_BOUND('',#13778,.T.);
#13778 = EDGE_LOOP('',(#13779));
#13779 = ORIENTED_EDGE('',*,*,#13780,.F.);
#13780 = EDGE_CURVE('',#13781,#13781,#13783,.T.);
#13781 = VERTEX_POINT('',#13782);
#13782 = CARTESIAN_POINT('',(247.75,201.,20.5));
#13783 = SURFACE_CURVE('',#13784,(#13789,#13796),.PCURVE_S1.);
#13784 = CIRCLE('',#13785,2.75);
#13785 = AXIS2_PLACEMENT_3D('',#13786,#13787,#13788);
#13786 = CARTESIAN_POINT('',(245.,201.,20.5));
#13787 = DIRECTION('',(0.,0.,1.));
#13788 = DIRECTION('',(1.,0.,-0.));
#13789 = PCURVE('',#7273,#13790);
#13790 = DEFINITIONAL_REPRESENTATION('',(#13791),#13795);
#13791 = CIRCLE('',#13792,2.75);
#13792 = AXIS2_PLACEMENT_2D('',#13793,#13794);
#13793 = CARTESIAN_POINT('',(0.,0.));
#13794 = DIRECTION('',(1.,0.));
#13795 = ( GEOMETRIC_REPRESENTATION_CONTEXT(2) 
PARAMETRIC_REPRESENTATION_CONTEXT() REPRESENTATION_CONTEXT('2D SPACE',''
  ) );
#13796 = PCURVE('',#13797,#13802);
#13797 = CYLINDRICAL_SURFACE('',#13798,2.75);
#13798 = AXIS2_PLACEMENT_3D('',#13799,#13800,#13801);
#13799 = CARTESIAN_POINT('',(245.,201.,15.));
#13800 = DIRECTION('',(0.,0.,1.));
#13801 = DIRECTION('',(1.,0.,-0.));
#13802 = DEFINITIONAL_REPRESENTATION('',(#13803),#13807);
#13803 = LINE('',#13804,#13805);
#13804 = CARTESIAN_POINT('',(0.,5.5));
#13805 = VECTOR('',#13806,1.);
#13806 = DIRECTION('',(1.,0.));
#13807 = ( GEOMETRIC_REPRESENTATION_CONTEXT(2) 
PARAMETRIC_REPRESENTATION_CONTEXT() REPRESENTATION_CONTEXT('2D SPACE',''
  ) );
#13808 = ADVANCED_FACE('',(#13809,#13835),#7306,.F.);
#13809 = FACE_BOUND('',#13810,.F.);
#13810 = EDGE_LOOP('',(#13811));
#13811 = ORIENTED_EDGE('',*,*,#13812,.T.);
#13812 = EDGE_CURVE('',#13813,#13813,#13815,.T.);
#13813 = VERTEX_POINT('',#13814);
#13814 = CARTESIAN_POINT('',(333.,175.,16.));
#13815 = SURFACE_CURVE('',#13816,(#13821,#13828),.PCURVE_S1.);
#13816 = CIRCLE('',#13817,8.);
#13817 = AXIS2_PLACEMENT_3D('',#13818,#13819,#13820);
#13818 = CARTESIAN_POINT('',(325.,175.,16.));
#13819 = DIRECTION('',(0.,0.,1.));
#13820 = DIRECTION('',(1.,0.,0.));
#13821 = PCURVE('',#7306,#13822);
#13822 = DEFINITIONAL_REPRESENTATION('',(#13823),#13827);
#13823 = CIRCLE('',#13824,8.);
#13824 = AXIS2_PLACEMENT_2D('',#13825,#13826);
#13825 = CARTESIAN_POINT('',(0.,0.));
#13826 = DIRECTION('',(1.,0.));
#13827 = ( GEOMETRIC_REPRESENTATION_CONTEXT(2) 
PARAMETRIC_REPRESENTATION_CONTEXT() REPRESENTATION_CONTEXT('2D SPACE',''
  ) );
#13828 = PCURVE('',#10699,#13829);
#13829 = DEFINITIONAL_REPRESENTATION('',(#13830),#13834);
#13830 = LINE('',#13831,#13832);
#13831 = CARTESIAN_POINT('',(-0.,0.));
#13832 = VECTOR('',#13833,1.);
#13833 = DIRECTION('',(-1.,0.));
#13834 = ( GEOMETRIC_REPRESENTATION_CONTEXT(2) 
PARAMETRIC_REPRESENTATION_CONTEXT() REPRESENTATION_CONTEXT('2D SPACE',''
  ) );
#13835 = FACE_BOUND('',#13836,.F.);
#13836 = EDGE_LOOP('',(#13837));
#13837 = ORIENTED_EDGE('',*,*,#7289,.T.);
#13838 = ADVANCED_FACE('',(#13839,#13980,#14006,#14032),#7365,.F.);
#13839 = FACE_BOUND('',#13840,.F.);
#13840 = EDGE_LOOP('',(#13841,#13867,#13890,#13913,#13936,#13959));
#13841 = ORIENTED_EDGE('',*,*,#13842,.T.);
#13842 = EDGE_CURVE('',#13843,#13845,#13847,.T.);
#13843 = VERTEX_POINT('',#13844);
#13844 = CARTESIAN_POINT('',(231.92820323027,221.,16.));
#13845 = VERTEX_POINT('',#13846);
#13846 = CARTESIAN_POINT('',(218.07179676972,221.,16.));
#13847 = SURFACE_CURVE('',#13848,(#13853,#13860),.PCURVE_S1.);
#13848 = CIRCLE('',#13849,8.);
#13849 = AXIS2_PLACEMENT_3D('',#13850,#13851,#13852);
#13850 = CARTESIAN_POINT('',(225.,225.,16.));
#13851 = DIRECTION('',(-0.,0.,1.));
#13852 = DIRECTION('',(0.866025403784,-0.5,0.));
#13853 = PCURVE('',#7365,#13854);
#13854 = DEFINITIONAL_REPRESENTATION('',(#13855),#13859);
#13855 = CIRCLE('',#13856,8.);
#13856 = AXIS2_PLACEMENT_2D('',#13857,#13858);
#13857 = CARTESIAN_POINT('',(0.,0.));
#13858 = DIRECTION('',(0.866025403784,-0.5));
#13859 = ( GEOMETRIC_REPRESENTATION_CONTEXT(2) 
PARAMETRIC_REPRESENTATION_CONTEXT() REPRESENTATION_CONTEXT('2D SPACE',''
  ) );
#13860 = PCURVE('',#10554,#13861);
#13861 = DEFINITIONAL_REPRESENTATION('',(#13862),#13866);
#13862 = LINE('',#13863,#13864);
#13863 = CARTESIAN_POINT('',(-5.759586531581,0.));
#13864 = VECTOR('',#13865,1.);
#13865 = DIRECTION('',(-1.,0.));
#13866 = ( GEOMETRIC_REPRESENTATION_CONTEXT(2) 
PARAMETRIC_REPRESENTATION_CONTEXT() REPRESENTATION_CONTEXT('2D SPACE',''
  ) );
#13867 = ORIENTED_EDGE('',*,*,#13868,.F.);
#13868 = EDGE_CURVE('',#13869,#13845,#13871,.T.);
#13869 = VERTEX_POINT('',#13870);
#13870 = CARTESIAN_POINT('',(185.,221.,16.));
#13871 = SURFACE_CURVE('',#13872,(#13876,#13883),.PCURVE_S1.);
#13872 = LINE('',#13873,#13874);
#13873 = CARTESIAN_POINT('',(185.,221.,16.));
#13874 = VECTOR('',#13875,1.);
#13875 = DIRECTION('',(1.,0.,0.));
#13876 = PCURVE('',#7365,#13877);
#13877 = DEFINITIONAL_REPRESENTATION('',(#13878),#13882);
#13878 = LINE('',#13879,#13880);
#13879 = CARTESIAN_POINT('',(-40.,-4.));
#13880 = VECTOR('',#13881,1.);
#13881 = DIRECTION('',(1.,0.));
#13882 = ( GEOMETRIC_REPRESENTATION_CONTEXT(2) 
PARAMETRIC_REPRESENTATION_CONTEXT() REPRESENTATION_CONTEXT('2D SPACE',''
  ) );
#13883 = PCURVE('',#10525,#13884);
#13884 = DEFINITIONAL_REPRESENTATION('',(#13885),#13889);
#13885 = LINE('',#13886,#13887);
#13886 = CARTESIAN_POINT('',(0.,0.));
#13887 = VECTOR('',#13888,1.);
#13888 = DIRECTION('',(0.,1.));
#13889 = ( GEOMETRIC_REPRESENTATION_CONTEXT(2) 
PARAMETRIC_REPRESENTATION_CONTEXT() REPRESENTATION_CONTEXT('2D SPACE',''
  ) );
#13890 = ORIENTED_EDGE('',*,*,#13891,.F.);
#13891 = EDGE_CURVE('',#13892,#13869,#13894,.T.);
#13892 = VERTEX_POINT('',#13893);
#13893 = CARTESIAN_POINT('',(185.,191.,16.));
#13894 = SURFACE_CURVE('',#13895,(#13899,#13906),.PCURVE_S1.);
#13895 = LINE('',#13896,#13897);
#13896 = CARTESIAN_POINT('',(185.,191.,16.));
#13897 = VECTOR('',#13898,1.);
#13898 = DIRECTION('',(0.,1.,0.));
#13899 = PCURVE('',#7365,#13900);
#13900 = DEFINITIONAL_REPRESENTATION('',(#13901),#13905);
#13901 = LINE('',#13902,#13903);
#13902 = CARTESIAN_POINT('',(-40.,-34.));
#13903 = VECTOR('',#13904,1.);
#13904 = DIRECTION('',(0.,1.));
#13905 = ( GEOMETRIC_REPRESENTATION_CONTEXT(2) 
PARAMETRIC_REPRESENTATION_CONTEXT() REPRESENTATION_CONTEXT('2D SPACE',''
  ) );
#13906 = PCURVE('',#10664,#13907);
#13907 = DEFINITIONAL_REPRESENTATION('',(#13908),#13912);
#13908 = LINE('',#13909,#13910);
#13909 = CARTESIAN_POINT('',(0.,0.));
#13910 = VECTOR('',#13911,1.);
#13911 = DIRECTION('',(0.,-1.));
#13912 = ( GEOMETRIC_REPRESENTATION_CONTEXT(2) 
PARAMETRIC_REPRESENTATION_CONTEXT() REPRESENTATION_CONTEXT('2D SPACE',''
  ) );
#13913 = ORIENTED_EDGE('',*,*,#13914,.T.);
#13914 = EDGE_CURVE('',#13892,#13915,#13917,.T.);
#13915 = VERTEX_POINT('',#13916);
#13916 = CARTESIAN_POINT('',(265.,191.,16.));
#13917 = SURFACE_CURVE('',#13918,(#13922,#13929),.PCURVE_S1.);
#13918 = LINE('',#13919,#13920);
#13919 = CARTESIAN_POINT('',(185.,191.,16.));
#13920 = VECTOR('',#13921,1.);
#13921 = DIRECTION('',(1.,0.,0.));
#13922 = PCURVE('',#7365,#13923);
#13923 = DEFINITIONAL_REPRESENTATION('',(#13924),#13928);
#13924 = LINE('',#13925,#13926);
#13925 = CARTESIAN_POINT('',(-40.,-34.));
#13926 = VECTOR('',#13927,1.);
#13927 = DIRECTION('',(1.,0.));
#13928 = ( GEOMETRIC_REPRESENTATION_CONTEXT(2) 
PARAMETRIC_REPRESENTATION_CONTEXT() REPRESENTATION_CONTEXT('2D SPACE',''
  ) );
#13929 = PCURVE('',#10638,#13930);
#13930 = DEFINITIONAL_REPRESENTATION('',(#13931),#13935);
#13931 = LINE('',#13932,#13933);
#13932 = CARTESIAN_POINT('',(0.,0.));
#13933 = VECTOR('',#13934,1.);
#13934 = DIRECTION('',(0.,1.));
#13935 = ( GEOMETRIC_REPRESENTATION_CONTEXT(2) 
PARAMETRIC_REPRESENTATION_CONTEXT() REPRESENTATION_CONTEXT('2D SPACE',''
  ) );
#13936 = ORIENTED_EDGE('',*,*,#13937,.T.);
#13937 = EDGE_CURVE('',#13915,#13938,#13940,.T.);
#13938 = VERTEX_POINT('',#13939);
#13939 = CARTESIAN_POINT('',(265.,221.,16.));
#13940 = SURFACE_CURVE('',#13941,(#13945,#13952),.PCURVE_S1.);
#13941 = LINE('',#13942,#13943);
#13942 = CARTESIAN_POINT('',(265.,191.,16.));
#13943 = VECTOR('',#13944,1.);
#13944 = DIRECTION('',(0.,1.,0.));
#13945 = PCURVE('',#7365,#13946);
#13946 = DEFINITIONAL_REPRESENTATION('',(#13947),#13951);
#13947 = LINE('',#13948,#13949);
#13948 = CARTESIAN_POINT('',(40.,-34.));
#13949 = VECTOR('',#13950,1.);
#13950 = DIRECTION('',(0.,1.));
#13951 = ( GEOMETRIC_REPRESENTATION_CONTEXT(2) 
PARAMETRIC_REPRESENTATION_CONTEXT() REPRESENTATION_CONTEXT('2D SPACE',''
  ) );
#13952 = PCURVE('',#10610,#13953);
#13953 = DEFINITIONAL_REPRESENTATION('',(#13954),#13958);
#13954 = LINE('',#13955,#13956);
#13955 = CARTESIAN_POINT('',(0.,0.));
#13956 = VECTOR('',#13957,1.);
#13957 = DIRECTION('',(0.,-1.));
#13958 = ( GEOMETRIC_REPRESENTATION_CONTEXT(2) 
PARAMETRIC_REPRESENTATION_CONTEXT() REPRESENTATION_CONTEXT('2D SPACE',''
  ) );
#13959 = ORIENTED_EDGE('',*,*,#13960,.F.);
#13960 = EDGE_CURVE('',#13843,#13938,#13961,.T.);
#13961 = SURFACE_CURVE('',#13962,(#13966,#13973),.PCURVE_S1.);
#13962 = LINE('',#13963,#13964);
#13963 = CARTESIAN_POINT('',(185.,221.,16.));
#13964 = VECTOR('',#13965,1.);
#13965 = DIRECTION('',(1.,0.,0.));
#13966 = PCURVE('',#7365,#13967);
#13967 = DEFINITIONAL_REPRESENTATION('',(#13968),#13972);
#13968 = LINE('',#13969,#13970);
#13969 = CARTESIAN_POINT('',(-40.,-4.));
#13970 = VECTOR('',#13971,1.);
#13971 = DIRECTION('',(1.,0.));
#13972 = ( GEOMETRIC_REPRESENTATION_CONTEXT(2) 
PARAMETRIC_REPRESENTATION_CONTEXT() REPRESENTATION_CONTEXT('2D SPACE',''
  ) );
#13973 = PCURVE('',#10582,#13974);
#13974 = DEFINITIONAL_REPRESENTATION('',(#13975),#13979);
#13975 = LINE('',#13976,#13977);
#13976 = CARTESIAN_POINT('',(0.,0.));
#13977 = VECTOR('',#13978,1.);
#13978 = DIRECTION('',(0.,1.));
#13979 = ( GEOMETRIC_REPRESENTATION_CONTEXT(2) 
PARAMETRIC_REPRESENTATION_CONTEXT() REPRESENTATION_CONTEXT('2D SPACE',''
  ) );
#13980 = FACE_BOUND('',#13981,.F.);
#13981 = EDGE_LOOP('',(#13982));
#13982 = ORIENTED_EDGE('',*,*,#13983,.F.);
#13983 = EDGE_CURVE('',#13984,#13984,#13986,.T.);
#13984 = VERTEX_POINT('',#13985);
#13985 = CARTESIAN_POINT('',(207.75,201.,16.));
#13986 = SURFACE_CURVE('',#13987,(#13992,#13999),.PCURVE_S1.);
#13987 = CIRCLE('',#13988,2.75);
#13988 = AXIS2_PLACEMENT_3D('',#13989,#13990,#13991);
#13989 = CARTESIAN_POINT('',(205.,201.,16.));
#13990 = DIRECTION('',(0.,0.,1.));
#13991 = DIRECTION('',(1.,0.,-0.));
#13992 = PCURVE('',#7365,#13993);
#13993 = DEFINITIONAL_REPRESENTATION('',(#13994),#13998);
#13994 = CIRCLE('',#13995,2.75);
#13995 = AXIS2_PLACEMENT_2D('',#13996,#13997);
#13996 = CARTESIAN_POINT('',(-20.,-24.));
#13997 = DIRECTION('',(1.,0.));
#13998 = ( GEOMETRIC_REPRESENTATION_CONTEXT(2) 
PARAMETRIC_REPRESENTATION_CONTEXT() REPRESENTATION_CONTEXT('2D SPACE',''
  ) );
#13999 = PCURVE('',#13090,#14000);
#14000 = DEFINITIONAL_REPRESENTATION('',(#14001),#14005);
#14001 = LINE('',#14002,#14003);
#14002 = CARTESIAN_POINT('',(0.,1.));
#14003 = VECTOR('',#14004,1.);
#14004 = DIRECTION('',(1.,0.));
#14005 = ( GEOMETRIC_REPRESENTATION_CONTEXT(2) 
PARAMETRIC_REPRESENTATION_CONTEXT() REPRESENTATION_CONTEXT('2D SPACE',''
  ) );
#14006 = FACE_BOUND('',#14007,.F.);
#14007 = EDGE_LOOP('',(#14008));
#14008 = ORIENTED_EDGE('',*,*,#14009,.F.);
#14009 = EDGE_CURVE('',#14010,#14010,#14012,.T.);
#14010 = VERTEX_POINT('',#14011);
#14011 = CARTESIAN_POINT('',(247.75,201.,16.));
#14012 = SURFACE_CURVE('',#14013,(#14018,#14025),.PCURVE_S1.);
#14013 = CIRCLE('',#14014,2.75);
#14014 = AXIS2_PLACEMENT_3D('',#14015,#14016,#14017);
#14015 = CARTESIAN_POINT('',(245.,201.,16.));
#14016 = DIRECTION('',(0.,0.,1.));
#14017 = DIRECTION('',(1.,0.,-0.));
#14018 = PCURVE('',#7365,#14019);
#14019 = DEFINITIONAL_REPRESENTATION('',(#14020),#14024);
#14020 = CIRCLE('',#14021,2.75);
#14021 = AXIS2_PLACEMENT_2D('',#14022,#14023);
#14022 = CARTESIAN_POINT('',(20.,-24.));
#14023 = DIRECTION('',(1.,0.));
#14024 = ( GEOMETRIC_REPRESENTATION_CONTEXT(2) 
PARAMETRIC_REPRESENTATION_CONTEXT() REPRESENTATION_CONTEXT('2D SPACE',''
  ) );
#14025 = PCURVE('',#13797,#14026);
#14026 = DEFINITIONAL_REPRESENTATION('',(#14027),#14031);
#14027 = LINE('',#14028,#14029);
#14028 = CARTESIAN_POINT('',(0.,1.));
#14029 = VECTOR('',#14030,1.);
#14030 = DIRECTION('',(1.,0.));
#14031 = ( GEOMETRIC_REPRESENTATION_CONTEXT(2) 
PARAMETRIC_REPRESENTATION_CONTEXT() REPRESENTATION_CONTEXT('2D SPACE',''
  ) );
#14032 = FACE_BOUND('',#14033,.F.);
#14033 = EDGE_LOOP('',(#14034));
#14034 = ORIENTED_EDGE('',*,*,#7348,.T.);
#14035 = ADVANCED_FACE('',(#14036,#14062),#7424,.F.);
#14036 = FACE_BOUND('',#14037,.F.);
#14037 = EDGE_LOOP('',(#14038));
#14038 = ORIENTED_EDGE('',*,*,#14039,.T.);
#14039 = EDGE_CURVE('',#14040,#14040,#14042,.T.);
#14040 = VERTEX_POINT('',#14041);
#14041 = CARTESIAN_POINT('',(283.,225.,16.));
#14042 = SURFACE_CURVE('',#14043,(#14048,#14055),.PCURVE_S1.);
#14043 = CIRCLE('',#14044,8.);
#14044 = AXIS2_PLACEMENT_3D('',#14045,#14046,#14047);
#14045 = CARTESIAN_POINT('',(275.,225.,16.));
#14046 = DIRECTION('',(0.,0.,1.));
#14047 = DIRECTION('',(1.,0.,0.));
#14048 = PCURVE('',#7424,#14049);
#14049 = DEFINITIONAL_REPRESENTATION('',(#14050),#14054);
#14050 = CIRCLE('',#14051,8.);
#14051 = AXIS2_PLACEMENT_2D('',#14052,#14053);
#14052 = CARTESIAN_POINT('',(0.,0.));
#14053 = DIRECTION('',(1.,0.));
#14054 = ( GEOMETRIC_REPRESENTATION_CONTEXT(2) 
PARAMETRIC_REPRESENTATION_CONTEXT() REPRESENTATION_CONTEXT('2D SPACE',''
  ) );
#14055 = PCURVE('',#10734,#14056);
#14056 = DEFINITIONAL_REPRESENTATION('',(#14057),#14061);
#14057 = LINE('',#14058,#14059);
#14058 = CARTESIAN_POINT('',(-0.,0.));
#14059 = VECTOR('',#14060,1.);
#14060 = DIRECTION('',(-1.,0.));
#14061 = ( GEOMETRIC_REPRESENTATION_CONTEXT(2) 
PARAMETRIC_REPRESENTATION_CONTEXT() REPRESENTATION_CONTEXT('2D SPACE',''
  ) );
#14062 = FACE_BOUND('',#14063,.F.);
#14063 = EDGE_LOOP('',(#14064));
#14064 = ORIENTED_EDGE('',*,*,#7407,.T.);
#14065 = ADVANCED_FACE('',(#14066,#14092),#7483,.F.);
#14066 = FACE_BOUND('',#14067,.F.);
#14067 = EDGE_LOOP('',(#14068));
#14068 = ORIENTED_EDGE('',*,*,#14069,.T.);
#14069 = EDGE_CURVE('',#14070,#14070,#14072,.T.);
#14070 = VERTEX_POINT('',#14071);
#14071 = CARTESIAN_POINT('',(333.,225.,16.));
#14072 = SURFACE_CURVE('',#14073,(#14078,#14085),.PCURVE_S1.);
#14073 = CIRCLE('',#14074,8.);
#14074 = AXIS2_PLACEMENT_3D('',#14075,#14076,#14077);
#14075 = CARTESIAN_POINT('',(325.,225.,16.));
#14076 = DIRECTION('',(0.,0.,1.));
#14077 = DIRECTION('',(1.,0.,0.));
#14078 = PCURVE('',#7483,#14079);
#14079 = DEFINITIONAL_REPRESENTATION('',(#14080),#14084);
#14080 = CIRCLE('',#14081,8.);
#14081 = AXIS2_PLACEMENT_2D('',#14082,#14083);
#14082 = CARTESIAN_POINT('',(0.,0.));
#14083 = DIRECTION('',(1.,0.));
#14084 = ( GEOMETRIC_REPRESENTATION_CONTEXT(2) 
PARAMETRIC_REPRESENTATION_CONTEXT() REPRESENTATION_CONTEXT('2D SPACE',''
  ) );
#14085 = PCURVE('',#10769,#14086);
#14086 = DEFINITIONAL_REPRESENTATION('',(#14087),#14091);
#14087 = LINE('',#14088,#14089);
#14088 = CARTESIAN_POINT('',(-0.,0.));
#14089 = VECTOR('',#14090,1.);
#14090 = DIRECTION('',(-1.,0.));
#14091 = ( GEOMETRIC_REPRESENTATION_CONTEXT(2) 
PARAMETRIC_REPRESENTATION_CONTEXT() REPRESENTATION_CONTEXT('2D SPACE',''
  ) );
#14092 = FACE_BOUND('',#14093,.F.);
#14093 = EDGE_LOOP('',(#14094));
#14094 = ORIENTED_EDGE('',*,*,#7466,.T.);
#14095 = ADVANCED_FACE('',(#14096,#14122),#7542,.F.);
#14096 = FACE_BOUND('',#14097,.F.);
#14097 = EDGE_LOOP('',(#14098));
#14098 = ORIENTED_EDGE('',*,*,#14099,.T.);
#14099 = EDGE_CURVE('',#14100,#14100,#14102,.T.);
#14100 = VERTEX_POINT('',#14101);
#14101 = CARTESIAN_POINT('',(383.,175.,16.));
#14102 = SURFACE_CURVE('',#14103,(#14108,#14115),.PCURVE_S1.);
#14103 = CIRCLE('',#14104,8.);
#14104 = AXIS2_PLACEMENT_3D('',#14105,#14106,#14107);
#14105 = CARTESIAN_POINT('',(375.,175.,16.));
#14106 = DIRECTION('',(0.,0.,1.));
#14107 = DIRECTION('',(1.,0.,0.));
#14108 = PCURVE('',#7542,#14109);
#14109 = DEFINITIONAL_REPRESENTATION('',(#14110),#14114);
#14110 = CIRCLE('',#14111,8.);
#14111 = AXIS2_PLACEMENT_2D('',#14112,#14113);
#14112 = CARTESIAN_POINT('',(0.,0.));
#14113 = DIRECTION('',(1.,0.));
#14114 = ( GEOMETRIC_REPRESENTATION_CONTEXT(2) 
PARAMETRIC_REPRESENTATION_CONTEXT() REPRESENTATION_CONTEXT('2D SPACE',''
  ) );
#14115 = PCURVE('',#10804,#14116);
#14116 = DEFINITIONAL_REPRESENTATION('',(#14117),#14121);
#14117 = LINE('',#14118,#14119);
#14118 = CARTESIAN_POINT('',(-0.,0.));
#14119 = VECTOR('',#14120,1.);
#14120 = DIRECTION('',(-1.,0.));
#14121 = ( GEOMETRIC_REPRESENTATION_CONTEXT(2) 
PARAMETRIC_REPRESENTATION_CONTEXT() REPRESENTATION_CONTEXT('2D SPACE',''
  ) );
#14122 = FACE_BOUND('',#14123,.F.);
#14123 = EDGE_LOOP('',(#14124));
#14124 = ORIENTED_EDGE('',*,*,#7525,.T.);
#14125 = ADVANCED_FACE('',(#14126,#14152),#7601,.F.);
#14126 = FACE_BOUND('',#14127,.F.);
#14127 = EDGE_LOOP('',(#14128));
#14128 = ORIENTED_EDGE('',*,*,#14129,.T.);
#14129 = EDGE_CURVE('',#14130,#14130,#14132,.T.);
#14130 = VERTEX_POINT('',#14131);
#14131 = CARTESIAN_POINT('',(433.,175.,16.));
#14132 = SURFACE_CURVE('',#14133,(#14138,#14145),.PCURVE_S1.);
#14133 = CIRCLE('',#14134,8.);
#14134 = AXIS2_PLACEMENT_3D('',#14135,#14136,#14137);
#14135 = CARTESIAN_POINT('',(425.,175.,16.));
#14136 = DIRECTION('',(0.,0.,1.));
#14137 = DIRECTION('',(1.,0.,0.));
#14138 = PCURVE('',#7601,#14139);
#14139 = DEFINITIONAL_REPRESENTATION('',(#14140),#14144);
#14140 = CIRCLE('',#14141,8.);
#14141 = AXIS2_PLACEMENT_2D('',#14142,#14143);
#14142 = CARTESIAN_POINT('',(0.,0.));
#14143 = DIRECTION('',(1.,0.));
#14144 = ( GEOMETRIC_REPRESENTATION_CONTEXT(2) 
PARAMETRIC_REPRESENTATION_CONTEXT() REPRESENTATION_CONTEXT('2D SPACE',''
  ) );
#14145 = PCURVE('',#10839,#14146);
#14146 = DEFINITIONAL_REPRESENTATION('',(#14147),#14151);
#14147 = LINE('',#14148,#14149);
#14148 = CARTESIAN_POINT('',(-0.,0.));
#14149 = VECTOR('',#14150,1.);
#14150 = DIRECTION('',(-1.,0.));
#14151 = ( GEOMETRIC_REPRESENTATION_CONTEXT(2) 
PARAMETRIC_REPRESENTATION_CONTEXT() REPRESENTATION_CONTEXT('2D SPACE',''
  ) );
#14152 = FACE_BOUND('',#14153,.F.);
#14153 = EDGE_LOOP('',(#14154));
#14154 = ORIENTED_EDGE('',*,*,#7584,.T.);
#14155 = ADVANCED_FACE('',(#14156,#14182),#7660,.F.);
#14156 = FACE_BOUND('',#14157,.F.);
#14157 = EDGE_LOOP('',(#14158));
#14158 = ORIENTED_EDGE('',*,*,#14159,.T.);
#14159 = EDGE_CURVE('',#14160,#14160,#14162,.T.);
#14160 = VERTEX_POINT('',#14161);
#14161 = CARTESIAN_POINT('',(383.,225.,16.));
#14162 = SURFACE_CURVE('',#14163,(#14168,#14175),.PCURVE_S1.);
#14163 = CIRCLE('',#14164,8.);
#14164 = AXIS2_PLACEMENT_3D('',#14165,#14166,#14167);
#14165 = CARTESIAN_POINT('',(375.,225.,16.));
#14166 = DIRECTION('',(0.,0.,1.));
#14167 = DIRECTION('',(1.,0.,0.));
#14168 = PCURVE('',#7660,#14169);
#14169 = DEFINITIONAL_REPRESENTATION('',(#14170),#14174);
#14170 = CIRCLE('',#14171,8.);
#14171 = AXIS2_PLACEMENT_2D('',#14172,#14173);
#14172 = CARTESIAN_POINT('',(0.,0.));
#14173 = DIRECTION('',(1.,0.));
#14174 = ( GEOMETRIC_REPRESENTATION_CONTEXT(2) 
PARAMETRIC_REPRESENTATION_CONTEXT() REPRESENTATION_CONTEXT('2D SPACE',''
  ) );
#14175 = PCURVE('',#10874,#14176);
#14176 = DEFINITIONAL_REPRESENTATION('',(#14177),#14181);
#14177 = LINE('',#14178,#14179);
#14178 = CARTESIAN_POINT('',(-0.,0.));
#14179 = VECTOR('',#14180,1.);
#14180 = DIRECTION('',(-1.,0.));
#14181 = ( GEOMETRIC_REPRESENTATION_CONTEXT(2) 
PARAMETRIC_REPRESENTATION_CONTEXT() REPRESENTATION_CONTEXT('2D SPACE',''
  ) );
#14182 = FACE_BOUND('',#14183,.F.);
#14183 = EDGE_LOOP('',(#14184));
#14184 = ORIENTED_EDGE('',*,*,#7643,.T.);
#14185 = ADVANCED_FACE('',(#14186,#14212),#7719,.F.);
#14186 = FACE_BOUND('',#14187,.F.);
#14187 = EDGE_LOOP('',(#14188));
#14188 = ORIENTED_EDGE('',*,*,#14189,.T.);
#14189 = EDGE_CURVE('',#14190,#14190,#14192,.T.);
#14190 = VERTEX_POINT('',#14191);
#14191 = CARTESIAN_POINT('',(433.,225.,16.));
#14192 = SURFACE_CURVE('',#14193,(#14198,#14205),.PCURVE_S1.);
#14193 = CIRCLE('',#14194,8.);
#14194 = AXIS2_PLACEMENT_3D('',#14195,#14196,#14197);
#14195 = CARTESIAN_POINT('',(425.,225.,16.));
#14196 = DIRECTION('',(0.,0.,1.));
#14197 = DIRECTION('',(1.,0.,0.));
#14198 = PCURVE('',#7719,#14199);
#14199 = DEFINITIONAL_REPRESENTATION('',(#14200),#14204);
#14200 = CIRCLE('',#14201,8.);
#14201 = AXIS2_PLACEMENT_2D('',#14202,#14203);
#14202 = CARTESIAN_POINT('',(0.,0.));
#14203 = DIRECTION('',(1.,0.));
#14204 = ( GEOMETRIC_REPRESENTATION_CONTEXT(2) 
PARAMETRIC_REPRESENTATION_CONTEXT() REPRESENTATION_CONTEXT('2D SPACE',''
  ) );
#14205 = PCURVE('',#10909,#14206);
#14206 = DEFINITIONAL_REPRESENTATION('',(#14207),#14211);
#14207 = LINE('',#14208,#14209);
#14208 = CARTESIAN_POINT('',(-0.,0.));
#14209 = VECTOR('',#14210,1.);
#14210 = DIRECTION('',(-1.,0.));
#14211 = ( GEOMETRIC_REPRESENTATION_CONTEXT(2) 
PARAMETRIC_REPRESENTATION_CONTEXT() REPRESENTATION_CONTEXT('2D SPACE',''
  ) );
#14212 = FACE_BOUND('',#14213,.F.);
#14213 = EDGE_LOOP('',(#14214));
#14214 = ORIENTED_EDGE('',*,*,#7702,.T.);
#14215 = ADVANCED_FACE('',(#14216,#14242),#7778,.F.);
#14216 = FACE_BOUND('',#14217,.F.);
#14217 = EDGE_LOOP('',(#14218));
#14218 = ORIENTED_EDGE('',*,*,#14219,.T.);
#14219 = EDGE_CURVE('',#14220,#14220,#14222,.T.);
#14220 = VERTEX_POINT('',#14221);
#14221 = CARTESIAN_POINT('',(233.,275.,16.));
#14222 = SURFACE_CURVE('',#14223,(#14228,#14235),.PCURVE_S1.);
#14223 = CIRCLE('',#14224,8.);
#14224 = AXIS2_PLACEMENT_3D('',#14225,#14226,#14227);
#14225 = CARTESIAN_POINT('',(225.,275.,16.));
#14226 = DIRECTION('',(0.,0.,1.));
#14227 = DIRECTION('',(1.,0.,0.));
#14228 = PCURVE('',#7778,#14229);
#14229 = DEFINITIONAL_REPRESENTATION('',(#14230),#14234);
#14230 = CIRCLE('',#14231,8.);
#14231 = AXIS2_PLACEMENT_2D('',#14232,#14233);
#14232 = CARTESIAN_POINT('',(0.,0.));
#14233 = DIRECTION('',(1.,0.));
#14234 = ( GEOMETRIC_REPRESENTATION_CONTEXT(2) 
PARAMETRIC_REPRESENTATION_CONTEXT() REPRESENTATION_CONTEXT('2D SPACE',''
  ) );
#14235 = PCURVE('',#10944,#14236);
#14236 = DEFINITIONAL_REPRESENTATION('',(#14237),#14241);
#14237 = LINE('',#14238,#14239);
#14238 = CARTESIAN_POINT('',(-0.,0.));
#14239 = VECTOR('',#14240,1.);
#14240 = DIRECTION('',(-1.,0.));
#14241 = ( GEOMETRIC_REPRESENTATION_CONTEXT(2) 
PARAMETRIC_REPRESENTATION_CONTEXT() REPRESENTATION_CONTEXT('2D SPACE',''
  ) );
#14242 = FACE_BOUND('',#14243,.F.);
#14243 = EDGE_LOOP('',(#14244));
#14244 = ORIENTED_EDGE('',*,*,#7761,.T.);
#14245 = ADVANCED_FACE('',(#14246,#14272),#7837,.F.);
#14246 = FACE_BOUND('',#14247,.F.);
#14247 = EDGE_LOOP('',(#14248));
#14248 = ORIENTED_EDGE('',*,*,#14249,.T.);
#14249 = EDGE_CURVE('',#14250,#14250,#14252,.T.);
#14250 = VERTEX_POINT('',#14251);
#14251 = CARTESIAN_POINT('',(283.,275.,16.));
#14252 = SURFACE_CURVE('',#14253,(#14258,#14265),.PCURVE_S1.);
#14253 = CIRCLE('',#14254,8.);
#14254 = AXIS2_PLACEMENT_3D('',#14255,#14256,#14257);
#14255 = CARTESIAN_POINT('',(275.,275.,16.));
#14256 = DIRECTION('',(0.,0.,1.));
#14257 = DIRECTION('',(1.,0.,0.));
#14258 = PCURVE('',#7837,#14259);
#14259 = DEFINITIONAL_REPRESENTATION('',(#14260),#14264);
#14260 = CIRCLE('',#14261,8.);
#14261 = AXIS2_PLACEMENT_2D('',#14262,#14263);
#14262 = CARTESIAN_POINT('',(0.,0.));
#14263 = DIRECTION('',(1.,0.));
#14264 = ( GEOMETRIC_REPRESENTATION_CONTEXT(2) 
PARAMETRIC_REPRESENTATION_CONTEXT() REPRESENTATION_CONTEXT('2D SPACE',''
  ) );
#14265 = PCURVE('',#10979,#14266);
#14266 = DEFINITIONAL_REPRESENTATION('',(#14267),#14271);
#14267 = LINE('',#14268,#14269);
#14268 = CARTESIAN_POINT('',(-0.,0.));
#14269 = VECTOR('',#14270,1.);
#14270 = DIRECTION('',(-1.,0.));
#14271 = ( GEOMETRIC_REPRESENTATION_CONTEXT(2) 
PARAMETRIC_REPRESENTATION_CONTEXT() REPRESENTATION_CONTEXT('2D SPACE',''
  ) );
#14272 = FACE_BOUND('',#14273,.F.);
#14273 = EDGE_LOOP('',(#14274));
#14274 = ORIENTED_EDGE('',*,*,#7820,.T.);
#14275 = ADVANCED_FACE('',(#14276,#14302),#7896,.F.);
#14276 = FACE_BOUND('',#14277,.F.);
#14277 = EDGE_LOOP('',(#14278));
#14278 = ORIENTED_EDGE('',*,*,#14279,.T.);
#14279 = EDGE_CURVE('',#14280,#14280,#14282,.T.);
#14280 = VERTEX_POINT('',#14281);
#14281 = CARTESIAN_POINT('',(333.,275.,16.));
#14282 = SURFACE_CURVE('',#14283,(#14288,#14295),.PCURVE_S1.);
#14283 = CIRCLE('',#14284,8.);
#14284 = AXIS2_PLACEMENT_3D('',#14285,#14286,#14287);
#14285 = CARTESIAN_POINT('',(325.,275.,16.));
#14286 = DIRECTION('',(0.,0.,1.));
#14287 = DIRECTION('',(1.,0.,0.));
#14288 = PCURVE('',#7896,#14289);
#14289 = DEFINITIONAL_REPRESENTATION('',(#14290),#14294);
#14290 = CIRCLE('',#14291,8.);
#14291 = AXIS2_PLACEMENT_2D('',#14292,#14293);
#14292 = CARTESIAN_POINT('',(0.,0.));
#14293 = DIRECTION('',(1.,0.));
#14294 = ( GEOMETRIC_REPRESENTATION_CONTEXT(2) 
PARAMETRIC_REPRESENTATION_CONTEXT() REPRESENTATION_CONTEXT('2D SPACE',''
  ) );
#14295 = PCURVE('',#11014,#14296);
#14296 = DEFINITIONAL_REPRESENTATION('',(#14297),#14301);
#14297 = LINE('',#14298,#14299);
#14298 = CARTESIAN_POINT('',(-0.,0.));
#14299 = VECTOR('',#14300,1.);
#14300 = DIRECTION('',(-1.,0.));
#14301 = ( GEOMETRIC_REPRESENTATION_CONTEXT(2) 
PARAMETRIC_REPRESENTATION_CONTEXT() REPRESENTATION_CONTEXT('2D SPACE',''
  ) );
#14302 = FACE_BOUND('',#14303,.F.);
#14303 = EDGE_LOOP('',(#14304));
#14304 = ORIENTED_EDGE('',*,*,#7879,.T.);
#14305 = ADVANCED_FACE('',(#14306,#14332),#7955,.F.);
#14306 = FACE_BOUND('',#14307,.F.);
#14307 = EDGE_LOOP('',(#14308));
#14308 = ORIENTED_EDGE('',*,*,#14309,.T.);
#14309 = EDGE_CURVE('',#14310,#14310,#14312,.T.);
#14310 = VERTEX_POINT('',#14311);
#14311 = CARTESIAN_POINT('',(233.,325.,16.));
#14312 = SURFACE_CURVE('',#14313,(#14318,#14325),.PCURVE_S1.);
#14313 = CIRCLE('',#14314,8.);
#14314 = AXIS2_PLACEMENT_3D('',#14315,#14316,#14317);
#14315 = CARTESIAN_POINT('',(225.,325.,16.));
#14316 = DIRECTION('',(0.,0.,1.));
#14317 = DIRECTION('',(1.,0.,0.));
#14318 = PCURVE('',#7955,#14319);
#14319 = DEFINITIONAL_REPRESENTATION('',(#14320),#14324);
#14320 = CIRCLE('',#14321,8.);
#14321 = AXIS2_PLACEMENT_2D('',#14322,#14323);
#14322 = CARTESIAN_POINT('',(0.,0.));
#14323 = DIRECTION('',(1.,0.));
#14324 = ( GEOMETRIC_REPRESENTATION_CONTEXT(2) 
PARAMETRIC_REPRESENTATION_CONTEXT() REPRESENTATION_CONTEXT('2D SPACE',''
  ) );
#14325 = PCURVE('',#11049,#14326);
#14326 = DEFINITIONAL_REPRESENTATION('',(#14327),#14331);
#14327 = LINE('',#14328,#14329);
#14328 = CARTESIAN_POINT('',(-0.,0.));
#14329 = VECTOR('',#14330,1.);
#14330 = DIRECTION('',(-1.,0.));
#14331 = ( GEOMETRIC_REPRESENTATION_CONTEXT(2) 
PARAMETRIC_REPRESENTATION_CONTEXT() REPRESENTATION_CONTEXT('2D SPACE',''
  ) );
#14332 = FACE_BOUND('',#14333,.F.);
#14333 = EDGE_LOOP('',(#14334));
#14334 = ORIENTED_EDGE('',*,*,#7938,.T.);
#14335 = ADVANCED_FACE('',(#14336,#14362),#8014,.F.);
#14336 = FACE_BOUND('',#14337,.F.);
#14337 = EDGE_LOOP('',(#14338));
#14338 = ORIENTED_EDGE('',*,*,#14339,.T.);
#14339 = EDGE_CURVE('',#14340,#14340,#14342,.T.);
#14340 = VERTEX_POINT('',#14341);
#14341 = CARTESIAN_POINT('',(283.,325.,16.));
#14342 = SURFACE_CURVE('',#14343,(#14348,#14355),.PCURVE_S1.);
#14343 = CIRCLE('',#14344,8.);
#14344 = AXIS2_PLACEMENT_3D('',#14345,#14346,#14347);
#14345 = CARTESIAN_POINT('',(275.,325.,16.));
#14346 = DIRECTION('',(0.,0.,1.));
#14347 = DIRECTION('',(1.,0.,0.));
#14348 = PCURVE('',#8014,#14349);
#14349 = DEFINITIONAL_REPRESENTATION('',(#14350),#14354);
#14350 = CIRCLE('',#14351,8.);
#14351 = AXIS2_PLACEMENT_2D('',#14352,#14353);
#14352 = CARTESIAN_POINT('',(0.,0.));
#14353 = DIRECTION('',(1.,0.));
#14354 = ( GEOMETRIC_REPRESENTATION_CONTEXT(2) 
PARAMETRIC_REPRESENTATION_CONTEXT() REPRESENTATION_CONTEXT('2D SPACE',''
  ) );
#14355 = PCURVE('',#11084,#14356);
#14356 = DEFINITIONAL_REPRESENTATION('',(#14357),#14361);
#14357 = LINE('',#14358,#14359);
#14358 = CARTESIAN_POINT('',(-0.,0.));
#14359 = VECTOR('',#14360,1.);
#14360 = DIRECTION('',(-1.,0.));
#14361 = ( GEOMETRIC_REPRESENTATION_CONTEXT(2) 
PARAMETRIC_REPRESENTATION_CONTEXT() REPRESENTATION_CONTEXT('2D SPACE',''
  ) );
#14362 = FACE_BOUND('',#14363,.F.);
#14363 = EDGE_LOOP('',(#14364));
#14364 = ORIENTED_EDGE('',*,*,#7997,.T.);
#14365 = ADVANCED_FACE('',(#14366,#14392),#8073,.F.);
#14366 = FACE_BOUND('',#14367,.F.);
#14367 = EDGE_LOOP('',(#14368));
#14368 = ORIENTED_EDGE('',*,*,#14369,.T.);
#14369 = EDGE_CURVE('',#14370,#14370,#14372,.T.);
#14370 = VERTEX_POINT('',#14371);
#14371 = CARTESIAN_POINT('',(333.,325.,16.));
#14372 = SURFACE_CURVE('',#14373,(#14378,#14385),.PCURVE_S1.);
#14373 = CIRCLE('',#14374,8.);
#14374 = AXIS2_PLACEMENT_3D('',#14375,#14376,#14377);
#14375 = CARTESIAN_POINT('',(325.,325.,16.));
#14376 = DIRECTION('',(0.,0.,1.));
#14377 = DIRECTION('',(1.,0.,0.));
#14378 = PCURVE('',#8073,#14379);
#14379 = DEFINITIONAL_REPRESENTATION('',(#14380),#14384);
#14380 = CIRCLE('',#14381,8.);
#14381 = AXIS2_PLACEMENT_2D('',#14382,#14383);
#14382 = CARTESIAN_POINT('',(0.,0.));
#14383 = DIRECTION('',(1.,0.));
#14384 = ( GEOMETRIC_REPRESENTATION_CONTEXT(2) 
PARAMETRIC_REPRESENTATION_CONTEXT() REPRESENTATION_CONTEXT('2D SPACE',''
  ) );
#14385 = PCURVE('',#11119,#14386);
#14386 = DEFINITIONAL_REPRESENTATION('',(#14387),#14391);
#14387 = LINE('',#14388,#14389);
#14388 = CARTESIAN_POINT('',(-0.,0.));
#14389 = VECTOR('',#14390,1.);
#14390 = DIRECTION('',(-1.,0.));
#14391 = ( GEOMETRIC_REPRESENTATION_CONTEXT(2) 
PARAMETRIC_REPRESENTATION_CONTEXT() REPRESENTATION_CONTEXT('2D SPACE',''
  ) );
#14392 = FACE_BOUND('',#14393,.F.);
#14393 = EDGE_LOOP('',(#14394));
#14394 = ORIENTED_EDGE('',*,*,#8056,.T.);
#14395 = ADVANCED_FACE('',(#14396,#14399),#8154,.T.);
#14396 = FACE_BOUND('',#14397,.T.);
#14397 = EDGE_LOOP('',(#14398));
#14398 = ORIENTED_EDGE('',*,*,#8139,.T.);
#14399 = FACE_BOUND('',#14400,.T.);
#14400 = EDGE_LOOP('',(#14401));
#14401 = ORIENTED_EDGE('',*,*,#14402,.F.);
#14402 = EDGE_CURVE('',#14403,#14403,#14405,.T.);
#14403 = VERTEX_POINT('',#14404);
#14404 = CARTESIAN_POINT('',(364.2,262.5,22.5));
#14405 = SURFACE_CURVE('',#14406,(#14411,#14418),.PCURVE_S1.);
#14406 = CIRCLE('',#14407,1.7);
#14407 = AXIS2_PLACEMENT_3D('',#14408,#14409,#14410);
#14408 = CARTESIAN_POINT('',(362.5,262.5,22.5));
#14409 = DIRECTION('',(0.,0.,1.));
#14410 = DIRECTION('',(1.,0.,-0.));
#14411 = PCURVE('',#8154,#14412);
#14412 = DEFINITIONAL_REPRESENTATION('',(#14413),#14417);
#14413 = CIRCLE('',#14414,1.7);
#14414 = AXIS2_PLACEMENT_2D('',#14415,#14416);
#14415 = CARTESIAN_POINT('',(0.,0.));
#14416 = DIRECTION('',(1.,0.));
#14417 = ( GEOMETRIC_REPRESENTATION_CONTEXT(2) 
PARAMETRIC_REPRESENTATION_CONTEXT() REPRESENTATION_CONTEXT('2D SPACE',''
  ) );
#14418 = PCURVE('',#14419,#14424);
#14419 = CYLINDRICAL_SURFACE('',#14420,1.7);
#14420 = AXIS2_PLACEMENT_3D('',#14421,#14422,#14423);
#14421 = CARTESIAN_POINT('',(362.5,262.5,15.));
#14422 = DIRECTION('',(0.,0.,1.));
#14423 = DIRECTION('',(1.,0.,-0.));
#14424 = DEFINITIONAL_REPRESENTATION('',(#14425),#14429);
#14425 = LINE('',#14426,#14427);
#14426 = CARTESIAN_POINT('',(0.,7.5));
#14427 = VECTOR('',#14428,1.);
#14428 = DIRECTION('',(1.,0.));
#14429 = ( GEOMETRIC_REPRESENTATION_CONTEXT(2) 
PARAMETRIC_REPRESENTATION_CONTEXT() REPRESENTATION_CONTEXT('2D SPACE',''
  ) );
#14430 = ADVANCED_FACE('',(#14431,#14525,#14551,#14554,#14585,#14616),
  #8187,.F.);
#14431 = FACE_BOUND('',#14432,.F.);
#14432 = EDGE_LOOP('',(#14433,#14458,#14481,#14504));
#14433 = ORIENTED_EDGE('',*,*,#14434,.F.);
#14434 = EDGE_CURVE('',#14435,#14437,#14439,.T.);
#14435 = VERTEX_POINT('',#14436);
#14436 = CARTESIAN_POINT('',(355.,242.,16.));
#14437 = VERTEX_POINT('',#14438);
#14438 = CARTESIAN_POINT('',(355.,308.,16.));
#14439 = SURFACE_CURVE('',#14440,(#14444,#14451),.PCURVE_S1.);
#14440 = LINE('',#14441,#14442);
#14441 = CARTESIAN_POINT('',(355.,242.,16.));
#14442 = VECTOR('',#14443,1.);
#14443 = DIRECTION('',(0.,1.,0.));
#14444 = PCURVE('',#8187,#14445);
#14445 = DEFINITIONAL_REPRESENTATION('',(#14446),#14450);
#14446 = LINE('',#14447,#14448);
#14447 = CARTESIAN_POINT('',(0.,0.));
#14448 = VECTOR('',#14449,1.);
#14449 = DIRECTION('',(0.,1.));
#14450 = ( GEOMETRIC_REPRESENTATION_CONTEXT(2) 
PARAMETRIC_REPRESENTATION_CONTEXT() REPRESENTATION_CONTEXT('2D SPACE',''
  ) );
#14451 = PCURVE('',#11179,#14452);
#14452 = DEFINITIONAL_REPRESENTATION('',(#14453),#14457);
#14453 = LINE('',#14454,#14455);
#14454 = CARTESIAN_POINT('',(0.,0.));
#14455 = VECTOR('',#14456,1.);
#14456 = DIRECTION('',(0.,-1.));
#14457 = ( GEOMETRIC_REPRESENTATION_CONTEXT(2) 
PARAMETRIC_REPRESENTATION_CONTEXT() REPRESENTATION_CONTEXT('2D SPACE',''
  ) );
#14458 = ORIENTED_EDGE('',*,*,#14459,.T.);
#14459 = EDGE_CURVE('',#14435,#14460,#14462,.T.);
#14460 = VERTEX_POINT('',#14461);
#14461 = CARTESIAN_POINT('',(395.,242.,16.));
#14462 = SURFACE_CURVE('',#14463,(#14467,#14474),.PCURVE_S1.);
#14463 = LINE('',#14464,#14465);
#14464 = CARTESIAN_POINT('',(355.,242.,16.));
#14465 = VECTOR('',#14466,1.);
#14466 = DIRECTION('',(1.,0.,0.));
#14467 = PCURVE('',#8187,#14468);
#14468 = DEFINITIONAL_REPRESENTATION('',(#14469),#14473);
#14469 = LINE('',#14470,#14471);
#14470 = CARTESIAN_POINT('',(0.,0.));
#14471 = VECTOR('',#14472,1.);
#14472 = DIRECTION('',(1.,0.));
#14473 = ( GEOMETRIC_REPRESENTATION_CONTEXT(2) 
PARAMETRIC_REPRESENTATION_CONTEXT() REPRESENTATION_CONTEXT('2D SPACE',''
  ) );
#14474 = PCURVE('',#11151,#14475);
#14475 = DEFINITIONAL_REPRESENTATION('',(#14476),#14480);
#14476 = LINE('',#14477,#14478);
#14477 = CARTESIAN_POINT('',(0.,0.));
#14478 = VECTOR('',#14479,1.);
#14479 = DIRECTION('',(0.,1.));
#14480 = ( GEOMETRIC_REPRESENTATION_CONTEXT(2) 
PARAMETRIC_REPRESENTATION_CONTEXT() REPRESENTATION_CONTEXT('2D SPACE',''
  ) );
#14481 = ORIENTED_EDGE('',*,*,#14482,.T.);
#14482 = EDGE_CURVE('',#14460,#14483,#14485,.T.);
#14483 = VERTEX_POINT('',#14484);
#14484 = CARTESIAN_POINT('',(395.,308.,16.));
#14485 = SURFACE_CURVE('',#14486,(#14490,#14497),.PCURVE_S1.);
#14486 = LINE('',#14487,#14488);
#14487 = CARTESIAN_POINT('',(395.,242.,16.));
#14488 = VECTOR('',#14489,1.);
#14489 = DIRECTION('',(0.,1.,0.));
#14490 = PCURVE('',#8187,#14491);
#14491 = DEFINITIONAL_REPRESENTATION('',(#14492),#14496);
#14492 = LINE('',#14493,#14494);
#14493 = CARTESIAN_POINT('',(40.,0.));
#14494 = VECTOR('',#14495,1.);
#14495 = DIRECTION('',(0.,1.));
#14496 = ( GEOMETRIC_REPRESENTATION_CONTEXT(2) 
PARAMETRIC_REPRESENTATION_CONTEXT() REPRESENTATION_CONTEXT('2D SPACE',''
  ) );
#14497 = PCURVE('',#11233,#14498);
#14498 = DEFINITIONAL_REPRESENTATION('',(#14499),#14503);
#14499 = LINE('',#14500,#14501);
#14500 = CARTESIAN_POINT('',(0.,0.));
#14501 = VECTOR('',#14502,1.);
#14502 = DIRECTION('',(0.,-1.));
#14503 = ( GEOMETRIC_REPRESENTATION_CONTEXT(2) 
PARAMETRIC_REPRESENTATION_CONTEXT() REPRESENTATION_CONTEXT('2D SPACE',''
  ) );
#14504 = ORIENTED_EDGE('',*,*,#14505,.F.);
#14505 = EDGE_CURVE('',#14437,#14483,#14506,.T.);
#14506 = SURFACE_CURVE('',#14507,(#14511,#14518),.PCURVE_S1.);
#14507 = LINE('',#14508,#14509);
#14508 = CARTESIAN_POINT('',(355.,308.,16.));
#14509 = VECTOR('',#14510,1.);
#14510 = DIRECTION('',(1.,0.,0.));
#14511 = PCURVE('',#8187,#14512);
#14512 = DEFINITIONAL_REPRESENTATION('',(#14513),#14517);
#14513 = LINE('',#14514,#14515);
#14514 = CARTESIAN_POINT('',(0.,66.));
#14515 = VECTOR('',#14516,1.);
#14516 = DIRECTION('',(1.,0.));
#14517 = ( GEOMETRIC_REPRESENTATION_CONTEXT(2) 
PARAMETRIC_REPRESENTATION_CONTEXT() REPRESENTATION_CONTEXT('2D SPACE',''
  ) );
#14518 = PCURVE('',#11207,#14519);
#14519 = DEFINITIONAL_REPRESENTATION('',(#14520),#14524);
#14520 = LINE('',#14521,#14522);
#14521 = CARTESIAN_POINT('',(0.,0.));
#14522 = VECTOR('',#14523,1.);
#14523 = DIRECTION('',(0.,1.));
#14524 = ( GEOMETRIC_REPRESENTATION_CONTEXT(2) 
PARAMETRIC_REPRESENTATION_CONTEXT() REPRESENTATION_CONTEXT('2D SPACE',''
  ) );
#14525 = FACE_BOUND('',#14526,.F.);
#14526 = EDGE_LOOP('',(#14527));
#14527 = ORIENTED_EDGE('',*,*,#14528,.F.);
#14528 = EDGE_CURVE('',#14529,#14529,#14531,.T.);
#14529 = VERTEX_POINT('',#14530);
#14530 = CARTESIAN_POINT('',(364.2,262.5,16.));
#14531 = SURFACE_CURVE('',#14532,(#14537,#14544),.PCURVE_S1.);
#14532 = CIRCLE('',#14533,1.7);
#14533 = AXIS2_PLACEMENT_3D('',#14534,#14535,#14536);
#14534 = CARTESIAN_POINT('',(362.5,262.5,16.));
#14535 = DIRECTION('',(0.,0.,1.));
#14536 = DIRECTION('',(1.,0.,-0.));
#14537 = PCURVE('',#8187,#14538);
#14538 = DEFINITIONAL_REPRESENTATION('',(#14539),#14543);
#14539 = CIRCLE('',#14540,1.7);
#14540 = AXIS2_PLACEMENT_2D('',#14541,#14542);
#14541 = CARTESIAN_POINT('',(7.5,20.5));
#14542 = DIRECTION('',(1.,0.));
#14543 = ( GEOMETRIC_REPRESENTATION_CONTEXT(2) 
PARAMETRIC_REPRESENTATION_CONTEXT() REPRESENTATION_CONTEXT('2D SPACE',''
  ) );
#14544 = PCURVE('',#14419,#14545);
#14545 = DEFINITIONAL_REPRESENTATION('',(#14546),#14550);
#14546 = LINE('',#14547,#14548);
#14547 = CARTESIAN_POINT('',(0.,1.));
#14548 = VECTOR('',#14549,1.);
#14549 = DIRECTION('',(1.,0.));
#14550 = ( GEOMETRIC_REPRESENTATION_CONTEXT(2) 
PARAMETRIC_REPRESENTATION_CONTEXT() REPRESENTATION_CONTEXT('2D SPACE',''
  ) );
#14551 = FACE_BOUND('',#14552,.F.);
#14552 = EDGE_LOOP('',(#14553));
#14553 = ORIENTED_EDGE('',*,*,#8170,.T.);
#14554 = FACE_BOUND('',#14555,.F.);
#14555 = EDGE_LOOP('',(#14556));
#14556 = ORIENTED_EDGE('',*,*,#14557,.F.);
#14557 = EDGE_CURVE('',#14558,#14558,#14560,.T.);
#14558 = VERTEX_POINT('',#14559);
#14559 = CARTESIAN_POINT('',(389.2,262.5,16.));
#14560 = SURFACE_CURVE('',#14561,(#14566,#14573),.PCURVE_S1.);
#14561 = CIRCLE('',#14562,1.7);
#14562 = AXIS2_PLACEMENT_3D('',#14563,#14564,#14565);
#14563 = CARTESIAN_POINT('',(387.5,262.5,16.));
#14564 = DIRECTION('',(0.,0.,1.));
#14565 = DIRECTION('',(1.,0.,-0.));
#14566 = PCURVE('',#8187,#14567);
#14567 = DEFINITIONAL_REPRESENTATION('',(#14568),#14572);
#14568 = CIRCLE('',#14569,1.7);
#14569 = AXIS2_PLACEMENT_2D('',#14570,#14571);
#14570 = CARTESIAN_POINT('',(32.5,20.5));
#14571 = DIRECTION('',(1.,0.));
#14572 = ( GEOMETRIC_REPRESENTATION_CONTEXT(2) 
PARAMETRIC_REPRESENTATION_CONTEXT() REPRESENTATION_CONTEXT('2D SPACE',''
  ) );
#14573 = PCURVE('',#14574,#14579);
#14574 = CYLINDRICAL_SURFACE('',#14575,1.7);
#14575 = AXIS2_PLACEMENT_3D('',#14576,#14577,#14578);
#14576 = CARTESIAN_POINT('',(387.5,262.5,15.));
#14577 = DIRECTION('',(0.,0.,1.));
#14578 = DIRECTION('',(1.,0.,-0.));
#14579 = DEFINITIONAL_REPRESENTATION('',(#14580),#14584);
#14580 = LINE('',#14581,#14582);
#14581 = CARTESIAN_POINT('',(0.,1.));
#14582 = VECTOR('',#14583,1.);
#14583 = DIRECTION('',(1.,0.));
#14584 = ( GEOMETRIC_REPRESENTATION_CONTEXT(2) 
PARAMETRIC_REPRESENTATION_CONTEXT() REPRESENTATION_CONTEXT('2D SPACE',''
  ) );
#14585 = FACE_BOUND('',#14586,.F.);
#14586 = EDGE_LOOP('',(#14587));
#14587 = ORIENTED_EDGE('',*,*,#14588,.F.);
#14588 = EDGE_CURVE('',#14589,#14589,#14591,.T.);
#14589 = VERTEX_POINT('',#14590);
#14590 = CARTESIAN_POINT('',(364.2,287.5,16.));
#14591 = SURFACE_CURVE('',#14592,(#14597,#14604),.PCURVE_S1.);
#14592 = CIRCLE('',#14593,1.7);
#14593 = AXIS2_PLACEMENT_3D('',#14594,#14595,#14596);
#14594 = CARTESIAN_POINT('',(362.5,287.5,16.));
#14595 = DIRECTION('',(0.,0.,1.));
#14596 = DIRECTION('',(1.,0.,-0.));
#14597 = PCURVE('',#8187,#14598);
#14598 = DEFINITIONAL_REPRESENTATION('',(#14599),#14603);
#14599 = CIRCLE('',#14600,1.7);
#14600 = AXIS2_PLACEMENT_2D('',#14601,#14602);
#14601 = CARTESIAN_POINT('',(7.5,45.5));
#14602 = DIRECTION('',(1.,0.));
#14603 = ( GEOMETRIC_REPRESENTATION_CONTEXT(2) 
PARAMETRIC_REPRESENTATION_CONTEXT() REPRESENTATION_CONTEXT('2D SPACE',''
  ) );
#14604 = PCURVE('',#14605,#14610);
#14605 = CYLINDRICAL_SURFACE('',#14606,1.7);
#14606 = AXIS2_PLACEMENT_3D('',#14607,#14608,#14609);
#14607 = CARTESIAN_POINT('',(362.5,287.5,15.));
#14608 = DIRECTION('',(0.,0.,1.));
#14609 = DIRECTION('',(1.,0.,-0.));
#14610 = DEFINITIONAL_REPRESENTATION('',(#14611),#14615);
#14611 = LINE('',#14612,#14613);
#14612 = CARTESIAN_POINT('',(0.,1.));
#14613 = VECTOR('',#14614,1.);
#14614 = DIRECTION('',(1.,0.));
#14615 = ( GEOMETRIC_REPRESENTATION_CONTEXT(2) 
PARAMETRIC_REPRESENTATION_CONTEXT() REPRESENTATION_CONTEXT('2D SPACE',''
  ) );
#14616 = FACE_BOUND('',#14617,.F.);
#14617 = EDGE_LOOP('',(#14618));
#14618 = ORIENTED_EDGE('',*,*,#14619,.F.);
#14619 = EDGE_CURVE('',#14620,#14620,#14622,.T.);
#14620 = VERTEX_POINT('',#14621);
#14621 = CARTESIAN_POINT('',(389.2,287.5,16.));
#14622 = SURFACE_CURVE('',#14623,(#14628,#14635),.PCURVE_S1.);
#14623 = CIRCLE('',#14624,1.7);
#14624 = AXIS2_PLACEMENT_3D('',#14625,#14626,#14627);
#14625 = CARTESIAN_POINT('',(387.5,287.5,16.));
#14626 = DIRECTION('',(0.,0.,1.));
#14627 = DIRECTION('',(1.,0.,-0.));
#14628 = PCURVE('',#8187,#14629);
#14629 = DEFINITIONAL_REPRESENTATION('',(#14630),#14634);
#14630 = CIRCLE('',#14631,1.7);
#14631 = AXIS2_PLACEMENT_2D('',#14632,#14633);
#14632 = CARTESIAN_POINT('',(32.5,45.5));
#14633 = DIRECTION('',(1.,0.));
#14634 = ( GEOMETRIC_REPRESENTATION_CONTEXT(2) 
PARAMETRIC_REPRESENTATION_CONTEXT() REPRESENTATION_CONTEXT('2D SPACE',''
  ) );
#14635 = PCURVE('',#14636,#14641);
#14636 = CYLINDRICAL_SURFACE('',#14637,1.7);
#14637 = AXIS2_PLACEMENT_3D('',#14638,#14639,#14640);
#14638 = CARTESIAN_POINT('',(387.5,287.5,15.));
#14639 = DIRECTION('',(0.,0.,1.));
#14640 = DIRECTION('',(1.,0.,-0.));
#14641 = DEFINITIONAL_REPRESENTATION('',(#14642),#14646);
#14642 = LINE('',#14643,#14644);
#14643 = CARTESIAN_POINT('',(0.,1.));
#14644 = VECTOR('',#14645,1.);
#14645 = DIRECTION('',(1.,0.));
#14646 = ( GEOMETRIC_REPRESENTATION_CONTEXT(2) 
PARAMETRIC_REPRESENTATION_CONTEXT() REPRESENTATION_CONTEXT('2D SPACE',''
  ) );
#14647 = ADVANCED_FACE('',(#14648,#14651),#8268,.T.);
#14648 = FACE_BOUND('',#14649,.T.);
#14649 = EDGE_LOOP('',(#14650));
#14650 = ORIENTED_EDGE('',*,*,#8253,.T.);
#14651 = FACE_BOUND('',#14652,.T.);
#14652 = EDGE_LOOP('',(#14653));
#14653 = ORIENTED_EDGE('',*,*,#14654,.F.);
#14654 = EDGE_CURVE('',#14655,#14655,#14657,.T.);
#14655 = VERTEX_POINT('',#14656);
#14656 = CARTESIAN_POINT('',(364.2,287.5,22.5));
#14657 = SURFACE_CURVE('',#14658,(#14663,#14670),.PCURVE_S1.);
#14658 = CIRCLE('',#14659,1.7);
#14659 = AXIS2_PLACEMENT_3D('',#14660,#14661,#14662);
#14660 = CARTESIAN_POINT('',(362.5,287.5,22.5));
#14661 = DIRECTION('',(0.,0.,1.));
#14662 = DIRECTION('',(1.,0.,-0.));
#14663 = PCURVE('',#8268,#14664);
#14664 = DEFINITIONAL_REPRESENTATION('',(#14665),#14669);
#14665 = CIRCLE('',#14666,1.7);
#14666 = AXIS2_PLACEMENT_2D('',#14667,#14668);
#14667 = CARTESIAN_POINT('',(0.,0.));
#14668 = DIRECTION('',(1.,0.));
#14669 = ( GEOMETRIC_REPRESENTATION_CONTEXT(2) 
PARAMETRIC_REPRESENTATION_CONTEXT() REPRESENTATION_CONTEXT('2D SPACE',''
  ) );
#14670 = PCURVE('',#14605,#14671);
#14671 = DEFINITIONAL_REPRESENTATION('',(#14672),#14676);
#14672 = LINE('',#14673,#14674);
#14673 = CARTESIAN_POINT('',(0.,7.5));
#14674 = VECTOR('',#14675,1.);
#14675 = DIRECTION('',(1.,0.));
#14676 = ( GEOMETRIC_REPRESENTATION_CONTEXT(2) 
PARAMETRIC_REPRESENTATION_CONTEXT() REPRESENTATION_CONTEXT('2D SPACE',''
  ) );
#14677 = ADVANCED_FACE('',(#14678,#14681),#8323,.T.);
#14678 = FACE_BOUND('',#14679,.T.);
#14679 = EDGE_LOOP('',(#14680));
#14680 = ORIENTED_EDGE('',*,*,#8308,.T.);
#14681 = FACE_BOUND('',#14682,.T.);
#14682 = EDGE_LOOP('',(#14683));
#14683 = ORIENTED_EDGE('',*,*,#14684,.F.);
#14684 = EDGE_CURVE('',#14685,#14685,#14687,.T.);
#14685 = VERTEX_POINT('',#14686);
#14686 = CARTESIAN_POINT('',(389.2,262.5,22.5));
#14687 = SURFACE_CURVE('',#14688,(#14693,#14700),.PCURVE_S1.);
#14688 = CIRCLE('',#14689,1.7);
#14689 = AXIS2_PLACEMENT_3D('',#14690,#14691,#14692);
#14690 = CARTESIAN_POINT('',(387.5,262.5,22.5));
#14691 = DIRECTION('',(0.,0.,1.));
#14692 = DIRECTION('',(1.,0.,-0.));
#14693 = PCURVE('',#8323,#14694);
#14694 = DEFINITIONAL_REPRESENTATION('',(#14695),#14699);
#14695 = CIRCLE('',#14696,1.7);
#14696 = AXIS2_PLACEMENT_2D('',#14697,#14698);
#14697 = CARTESIAN_POINT('',(0.,0.));
#14698 = DIRECTION('',(1.,0.));
#14699 = ( GEOMETRIC_REPRESENTATION_CONTEXT(2) 
PARAMETRIC_REPRESENTATION_CONTEXT() REPRESENTATION_CONTEXT('2D SPACE',''
  ) );
#14700 = PCURVE('',#14574,#14701);
#14701 = DEFINITIONAL_REPRESENTATION('',(#14702),#14706);
#14702 = LINE('',#14703,#14704);
#14703 = CARTESIAN_POINT('',(0.,7.5));
#14704 = VECTOR('',#14705,1.);
#14705 = DIRECTION('',(1.,0.));
#14706 = ( GEOMETRIC_REPRESENTATION_CONTEXT(2) 
PARAMETRIC_REPRESENTATION_CONTEXT() REPRESENTATION_CONTEXT('2D SPACE',''
  ) );
#14707 = ADVANCED_FACE('',(#14708,#14711),#8378,.T.);
#14708 = FACE_BOUND('',#14709,.T.);
#14709 = EDGE_LOOP('',(#14710));
#14710 = ORIENTED_EDGE('',*,*,#8363,.T.);
#14711 = FACE_BOUND('',#14712,.T.);
#14712 = EDGE_LOOP('',(#14713));
#14713 = ORIENTED_EDGE('',*,*,#14714,.F.);
#14714 = EDGE_CURVE('',#14715,#14715,#14717,.T.);
#14715 = VERTEX_POINT('',#14716);
#14716 = CARTESIAN_POINT('',(389.2,287.5,22.5));
#14717 = SURFACE_CURVE('',#14718,(#14723,#14730),.PCURVE_S1.);
#14718 = CIRCLE('',#14719,1.7);
#14719 = AXIS2_PLACEMENT_3D('',#14720,#14721,#14722);
#14720 = CARTESIAN_POINT('',(387.5,287.5,22.5));
#14721 = DIRECTION('',(0.,0.,1.));
#14722 = DIRECTION('',(1.,0.,-0.));
#14723 = PCURVE('',#8378,#14724);
#14724 = DEFINITIONAL_REPRESENTATION('',(#14725),#14729);
#14725 = CIRCLE('',#14726,1.7);
#14726 = AXIS2_PLACEMENT_2D('',#14727,#14728);
#14727 = CARTESIAN_POINT('',(0.,0.));
#14728 = DIRECTION('',(1.,0.));
#14729 = ( GEOMETRIC_REPRESENTATION_CONTEXT(2) 
PARAMETRIC_REPRESENTATION_CONTEXT() REPRESENTATION_CONTEXT('2D SPACE',''
  ) );
#14730 = PCURVE('',#14636,#14731);
#14731 = DEFINITIONAL_REPRESENTATION('',(#14732),#14736);
#14732 = LINE('',#14733,#14734);
#14733 = CARTESIAN_POINT('',(0.,7.5));
#14734 = VECTOR('',#14735,1.);
#14735 = DIRECTION('',(1.,0.));
#14736 = ( GEOMETRIC_REPRESENTATION_CONTEXT(2) 
PARAMETRIC_REPRESENTATION_CONTEXT() REPRESENTATION_CONTEXT('2D SPACE',''
  ) );
#14737 = ADVANCED_FACE('',(#14738,#14764),#8411,.F.);
#14738 = FACE_BOUND('',#14739,.F.);
#14739 = EDGE_LOOP('',(#14740));
#14740 = ORIENTED_EDGE('',*,*,#14741,.T.);
#14741 = EDGE_CURVE('',#14742,#14742,#14744,.T.);
#14742 = VERTEX_POINT('',#14743);
#14743 = CARTESIAN_POINT('',(433.,275.,16.));
#14744 = SURFACE_CURVE('',#14745,(#14750,#14757),.PCURVE_S1.);
#14745 = CIRCLE('',#14746,8.);
#14746 = AXIS2_PLACEMENT_3D('',#14747,#14748,#14749);
#14747 = CARTESIAN_POINT('',(425.,275.,16.));
#14748 = DIRECTION('',(0.,0.,1.));
#14749 = DIRECTION('',(1.,0.,0.));
#14750 = PCURVE('',#8411,#14751);
#14751 = DEFINITIONAL_REPRESENTATION('',(#14752),#14756);
#14752 = CIRCLE('',#14753,8.);
#14753 = AXIS2_PLACEMENT_2D('',#14754,#14755);
#14754 = CARTESIAN_POINT('',(0.,0.));
#14755 = DIRECTION('',(1.,0.));
#14756 = ( GEOMETRIC_REPRESENTATION_CONTEXT(2) 
PARAMETRIC_REPRESENTATION_CONTEXT() REPRESENTATION_CONTEXT('2D SPACE',''
  ) );
#14757 = PCURVE('',#11268,#14758);
#14758 = DEFINITIONAL_REPRESENTATION('',(#14759),#14763);
#14759 = LINE('',#14760,#14761);
#14760 = CARTESIAN_POINT('',(-0.,0.));
#14761 = VECTOR('',#14762,1.);
#14762 = DIRECTION('',(-1.,0.));
#14763 = ( GEOMETRIC_REPRESENTATION_CONTEXT(2) 
PARAMETRIC_REPRESENTATION_CONTEXT() REPRESENTATION_CONTEXT('2D SPACE',''
  ) );
#14764 = FACE_BOUND('',#14765,.F.);
#14765 = EDGE_LOOP('',(#14766));
#14766 = ORIENTED_EDGE('',*,*,#8394,.T.);
#14767 = ADVANCED_FACE('',(#14768,#14794),#8470,.F.);
#14768 = FACE_BOUND('',#14769,.F.);
#14769 = EDGE_LOOP('',(#14770));
#14770 = ORIENTED_EDGE('',*,*,#14771,.T.);
#14771 = EDGE_CURVE('',#14772,#14772,#14774,.T.);
#14772 = VERTEX_POINT('',#14773);
#14773 = CARTESIAN_POINT('',(383.,325.,16.));
#14774 = SURFACE_CURVE('',#14775,(#14780,#14787),.PCURVE_S1.);
#14775 = CIRCLE('',#14776,8.);
#14776 = AXIS2_PLACEMENT_3D('',#14777,#14778,#14779);
#14777 = CARTESIAN_POINT('',(375.,325.,16.));
#14778 = DIRECTION('',(0.,0.,1.));
#14779 = DIRECTION('',(1.,0.,0.));
#14780 = PCURVE('',#8470,#14781);
#14781 = DEFINITIONAL_REPRESENTATION('',(#14782),#14786);
#14782 = CIRCLE('',#14783,8.);
#14783 = AXIS2_PLACEMENT_2D('',#14784,#14785);
#14784 = CARTESIAN_POINT('',(0.,0.));
#14785 = DIRECTION('',(1.,0.));
#14786 = ( GEOMETRIC_REPRESENTATION_CONTEXT(2) 
PARAMETRIC_REPRESENTATION_CONTEXT() REPRESENTATION_CONTEXT('2D SPACE',''
  ) );
#14787 = PCURVE('',#11303,#14788);
#14788 = DEFINITIONAL_REPRESENTATION('',(#14789),#14793);
#14789 = LINE('',#14790,#14791);
#14790 = CARTESIAN_POINT('',(-0.,0.));
#14791 = VECTOR('',#14792,1.);
#14792 = DIRECTION('',(-1.,0.));
#14793 = ( GEOMETRIC_REPRESENTATION_CONTEXT(2) 
PARAMETRIC_REPRESENTATION_CONTEXT() REPRESENTATION_CONTEXT('2D SPACE',''
  ) );
#14794 = FACE_BOUND('',#14795,.F.);
#14795 = EDGE_LOOP('',(#14796));
#14796 = ORIENTED_EDGE('',*,*,#8453,.T.);
#14797 = ADVANCED_FACE('',(#14798,#14824),#8529,.F.);
#14798 = FACE_BOUND('',#14799,.F.);
#14799 = EDGE_LOOP('',(#14800));
#14800 = ORIENTED_EDGE('',*,*,#14801,.T.);
#14801 = EDGE_CURVE('',#14802,#14802,#14804,.T.);
#14802 = VERTEX_POINT('',#14803);
#14803 = CARTESIAN_POINT('',(433.,325.,16.));
#14804 = SURFACE_CURVE('',#14805,(#14810,#14817),.PCURVE_S1.);
#14805 = CIRCLE('',#14806,8.);
#14806 = AXIS2_PLACEMENT_3D('',#14807,#14808,#14809);
#14807 = CARTESIAN_POINT('',(425.,325.,16.));
#14808 = DIRECTION('',(0.,0.,1.));
#14809 = DIRECTION('',(1.,0.,0.));
#14810 = PCURVE('',#8529,#14811);
#14811 = DEFINITIONAL_REPRESENTATION('',(#14812),#14816);
#14812 = CIRCLE('',#14813,8.);
#14813 = AXIS2_PLACEMENT_2D('',#14814,#14815);
#14814 = CARTESIAN_POINT('',(0.,0.));
#14815 = DIRECTION('',(1.,0.));
#14816 = ( GEOMETRIC_REPRESENTATION_CONTEXT(2) 
PARAMETRIC_REPRESENTATION_CONTEXT() REPRESENTATION_CONTEXT('2D SPACE',''
  ) );
#14817 = PCURVE('',#11338,#14818);
#14818 = DEFINITIONAL_REPRESENTATION('',(#14819),#14823);
#14819 = LINE('',#14820,#14821);
#14820 = CARTESIAN_POINT('',(-0.,0.));
#14821 = VECTOR('',#14822,1.);
#14822 = DIRECTION('',(-1.,0.));
#14823 = ( GEOMETRIC_REPRESENTATION_CONTEXT(2) 
PARAMETRIC_REPRESENTATION_CONTEXT() REPRESENTATION_CONTEXT('2D SPACE',''
  ) );
#14824 = FACE_BOUND('',#14825,.F.);
#14825 = EDGE_LOOP('',(#14826));
#14826 = ORIENTED_EDGE('',*,*,#8512,.T.);
#14827 = ADVANCED_FACE('',(#14828),#8598,.T.);
#14828 = FACE_BOUND('',#14829,.F.);
#14829 = EDGE_LOOP('',(#14830,#14831,#14852,#14853));
#14830 = ORIENTED_EDGE('',*,*,#11353,.F.);
#14831 = ORIENTED_EDGE('',*,*,#14832,.T.);
#14832 = EDGE_CURVE('',#11354,#8578,#14833,.T.);
#14833 = SEAM_CURVE('',#14834,(#14838,#14845),.PCURVE_S1.);
#14834 = LINE('',#14835,#14836);
#14835 = CARTESIAN_POINT('',(33.,25.,16.));
#14836 = VECTOR('',#14837,1.);
#14837 = DIRECTION('',(0.,0.,1.));
#14838 = PCURVE('',#8598,#14839);
#14839 = DEFINITIONAL_REPRESENTATION('',(#14840),#14844);
#14840 = LINE('',#14841,#14842);
#14841 = CARTESIAN_POINT('',(-6.28318530718,0.));
#14842 = VECTOR('',#14843,1.);
#14843 = DIRECTION('',(-0.,-1.));
#14844 = ( GEOMETRIC_REPRESENTATION_CONTEXT(2) 
PARAMETRIC_REPRESENTATION_CONTEXT() REPRESENTATION_CONTEXT('2D SPACE',''
  ) );
#14845 = PCURVE('',#8598,#14846);
#14846 = DEFINITIONAL_REPRESENTATION('',(#14847),#14851);
#14847 = LINE('',#14848,#14849);
#14848 = CARTESIAN_POINT('',(-0.,0.));
#14849 = VECTOR('',#14850,1.);
#14850 = DIRECTION('',(-0.,-1.));
#14851 = ( GEOMETRIC_REPRESENTATION_CONTEXT(2) 
PARAMETRIC_REPRESENTATION_CONTEXT() REPRESENTATION_CONTEXT('2D SPACE',''
  ) );
#14852 = ORIENTED_EDGE('',*,*,#8577,.F.);
#14853 = ORIENTED_EDGE('',*,*,#14832,.F.);
#14854 = ADVANCED_FACE('',(#14855),#8633,.T.);
#14855 = FACE_BOUND('',#14856,.F.);
#14856 = EDGE_LOOP('',(#14857,#14858,#14879,#14880));
#14857 = ORIENTED_EDGE('',*,*,#11655,.F.);
#14858 = ORIENTED_EDGE('',*,*,#14859,.T.);
#14859 = EDGE_CURVE('',#11656,#8613,#14860,.T.);
#14860 = SEAM_CURVE('',#14861,(#14865,#14872),.PCURVE_S1.);
#14861 = LINE('',#14862,#14863);
#14862 = CARTESIAN_POINT('',(83.,25.,16.));
#14863 = VECTOR('',#14864,1.);
#14864 = DIRECTION('',(0.,0.,1.));
#14865 = PCURVE('',#8633,#14866);
#14866 = DEFINITIONAL_REPRESENTATION('',(#14867),#14871);
#14867 = LINE('',#14868,#14869);
#14868 = CARTESIAN_POINT('',(-6.28318530718,0.));
#14869 = VECTOR('',#14870,1.);
#14870 = DIRECTION('',(-0.,-1.));
#14871 = ( GEOMETRIC_REPRESENTATION_CONTEXT(2) 
PARAMETRIC_REPRESENTATION_CONTEXT() REPRESENTATION_CONTEXT('2D SPACE',''
  ) );
#14872 = PCURVE('',#8633,#14873);
#14873 = DEFINITIONAL_REPRESENTATION('',(#14874),#14878);
#14874 = LINE('',#14875,#14876);
#14875 = CARTESIAN_POINT('',(-0.,0.));
#14876 = VECTOR('',#14877,1.);
#14877 = DIRECTION('',(-0.,-1.));
#14878 = ( GEOMETRIC_REPRESENTATION_CONTEXT(2) 
PARAMETRIC_REPRESENTATION_CONTEXT() REPRESENTATION_CONTEXT('2D SPACE',''
  ) );
#14879 = ORIENTED_EDGE('',*,*,#8612,.F.);
#14880 = ORIENTED_EDGE('',*,*,#14859,.F.);
#14881 = ADVANCED_FACE('',(#14882),#8668,.T.);
#14882 = FACE_BOUND('',#14883,.F.);
#14883 = EDGE_LOOP('',(#14884,#14885,#14906,#14907));
#14884 = ORIENTED_EDGE('',*,*,#11685,.F.);
#14885 = ORIENTED_EDGE('',*,*,#14886,.T.);
#14886 = EDGE_CURVE('',#11686,#8648,#14887,.T.);
#14887 = SEAM_CURVE('',#14888,(#14892,#14899),.PCURVE_S1.);
#14888 = LINE('',#14889,#14890);
#14889 = CARTESIAN_POINT('',(33.,75.,16.));
#14890 = VECTOR('',#14891,1.);
#14891 = DIRECTION('',(0.,0.,1.));
#14892 = PCURVE('',#8668,#14893);
#14893 = DEFINITIONAL_REPRESENTATION('',(#14894),#14898);
#14894 = LINE('',#14895,#14896);
#14895 = CARTESIAN_POINT('',(-6.28318530718,0.));
#14896 = VECTOR('',#14897,1.);
#14897 = DIRECTION('',(-0.,-1.));
#14898 = ( GEOMETRIC_REPRESENTATION_CONTEXT(2) 
PARAMETRIC_REPRESENTATION_CONTEXT() REPRESENTATION_CONTEXT('2D SPACE',''
  ) );
#14899 = PCURVE('',#8668,#14900);
#14900 = DEFINITIONAL_REPRESENTATION('',(#14901),#14905);
#14901 = LINE('',#14902,#14903);
#14902 = CARTESIAN_POINT('',(-0.,0.));
#14903 = VECTOR('',#14904,1.);
#14904 = DIRECTION('',(-0.,-1.));
#14905 = ( GEOMETRIC_REPRESENTATION_CONTEXT(2) 
PARAMETRIC_REPRESENTATION_CONTEXT() REPRESENTATION_CONTEXT('2D SPACE',''
  ) );
#14906 = ORIENTED_EDGE('',*,*,#8647,.F.);
#14907 = ORIENTED_EDGE('',*,*,#14886,.F.);
#14908 = ADVANCED_FACE('',(#14909),#8700,.F.);
#14909 = FACE_BOUND('',#14910,.F.);
#14910 = EDGE_LOOP('',(#14911,#14932,#14933,#14954));
#14911 = ORIENTED_EDGE('',*,*,#14912,.F.);
#14912 = EDGE_CURVE('',#11384,#8683,#14913,.T.);
#14913 = SURFACE_CURVE('',#14914,(#14918,#14925),.PCURVE_S1.);
#14914 = LINE('',#14915,#14916);
#14915 = CARTESIAN_POINT('',(55.,42.,16.));
#14916 = VECTOR('',#14917,1.);
#14917 = DIRECTION('',(0.,0.,1.));
#14918 = PCURVE('',#8700,#14919);
#14919 = DEFINITIONAL_REPRESENTATION('',(#14920),#14924);
#14920 = LINE('',#14921,#14922);
#14921 = CARTESIAN_POINT('',(0.,0.));
#14922 = VECTOR('',#14923,1.);
#14923 = DIRECTION('',(1.,0.));
#14924 = ( GEOMETRIC_REPRESENTATION_CONTEXT(2) 
PARAMETRIC_REPRESENTATION_CONTEXT() REPRESENTATION_CONTEXT('2D SPACE',''
  ) );
#14925 = PCURVE('',#8843,#14926);
#14926 = DEFINITIONAL_REPRESENTATION('',(#14927),#14931);
#14927 = LINE('',#14928,#14929);
#14928 = CARTESIAN_POINT('',(0.,0.));
#14929 = VECTOR('',#14930,1.);
#14930 = DIRECTION('',(1.,0.));
#14931 = ( GEOMETRIC_REPRESENTATION_CONTEXT(2) 
PARAMETRIC_REPRESENTATION_CONTEXT() REPRESENTATION_CONTEXT('2D SPACE',''
  ) );
#14932 = ORIENTED_EDGE('',*,*,#11383,.T.);
#14933 = ORIENTED_EDGE('',*,*,#14934,.F.);
#14934 = EDGE_CURVE('',#8685,#11386,#14935,.T.);
#14935 = SURFACE_CURVE('',#14936,(#14940,#14947),.PCURVE_S1.);
#14936 = LINE('',#14937,#14938);
#14937 = CARTESIAN_POINT('',(55.,43.755002001602,16.));
#14938 = VECTOR('',#14939,1.);
#14939 = DIRECTION('',(-0.,-0.,-1.));
#14940 = PCURVE('',#8700,#14941);
#14941 = DEFINITIONAL_REPRESENTATION('',(#14942),#14946);
#14942 = LINE('',#14943,#14944);
#14943 = CARTESIAN_POINT('',(0.,-1.755002001602));
#14944 = VECTOR('',#14945,1.);
#14945 = DIRECTION('',(-1.,0.));
#14946 = ( GEOMETRIC_REPRESENTATION_CONTEXT(2) 
PARAMETRIC_REPRESENTATION_CONTEXT() REPRESENTATION_CONTEXT('2D SPACE',''
  ) );
#14947 = PCURVE('',#8733,#14948);
#14948 = DEFINITIONAL_REPRESENTATION('',(#14949),#14953);
#14949 = LINE('',#14950,#14951);
#14950 = CARTESIAN_POINT('',(-5.387520513322,0.));
#14951 = VECTOR('',#14952,1.);
#14952 = DIRECTION('',(-0.,1.));
#14953 = ( GEOMETRIC_REPRESENTATION_CONTEXT(2) 
PARAMETRIC_REPRESENTATION_CONTEXT() REPRESENTATION_CONTEXT('2D SPACE',''
  ) );
#14954 = ORIENTED_EDGE('',*,*,#8682,.F.);
#14955 = ADVANCED_FACE('',(#14956),#8733,.T.);
#14956 = FACE_BOUND('',#14957,.F.);
#14957 = EDGE_LOOP('',(#14958,#14959,#14980,#14981));
#14958 = ORIENTED_EDGE('',*,*,#11500,.F.);
#14959 = ORIENTED_EDGE('',*,*,#14960,.F.);
#14960 = EDGE_CURVE('',#8713,#11478,#14961,.T.);
#14961 = SURFACE_CURVE('',#14962,(#14966,#14973),.PCURVE_S1.);
#14962 = LINE('',#14963,#14964);
#14963 = CARTESIAN_POINT('',(55.,56.244997998398,16.));
#14964 = VECTOR('',#14965,1.);
#14965 = DIRECTION('',(-0.,-0.,-1.));
#14966 = PCURVE('',#8733,#14967);
#14967 = DEFINITIONAL_REPRESENTATION('',(#14968),#14972);
#14968 = LINE('',#14969,#14970);
#14969 = CARTESIAN_POINT('',(-0.895664793858,0.));
#14970 = VECTOR('',#14971,1.);
#14971 = DIRECTION('',(-0.,1.));
#14972 = ( GEOMETRIC_REPRESENTATION_CONTEXT(2) 
PARAMETRIC_REPRESENTATION_CONTEXT() REPRESENTATION_CONTEXT('2D SPACE',''
  ) );
#14973 = PCURVE('',#8761,#14974);
#14974 = DEFINITIONAL_REPRESENTATION('',(#14975),#14979);
#14975 = LINE('',#14976,#14977);
#14976 = CARTESIAN_POINT('',(0.,-14.24499799839));
#14977 = VECTOR('',#14978,1.);
#14978 = DIRECTION('',(-1.,0.));
#14979 = ( GEOMETRIC_REPRESENTATION_CONTEXT(2) 
PARAMETRIC_REPRESENTATION_CONTEXT() REPRESENTATION_CONTEXT('2D SPACE',''
  ) );
#14980 = ORIENTED_EDGE('',*,*,#8712,.F.);
#14981 = ORIENTED_EDGE('',*,*,#14934,.T.);
#14982 = ADVANCED_FACE('',(#14983),#8761,.F.);
#14983 = FACE_BOUND('',#14984,.F.);
#14984 = EDGE_LOOP('',(#14985,#14986,#14987,#15008));
#14985 = ORIENTED_EDGE('',*,*,#14960,.T.);
#14986 = ORIENTED_EDGE('',*,*,#11477,.T.);
#14987 = ORIENTED_EDGE('',*,*,#14988,.T.);
#14988 = EDGE_CURVE('',#11455,#8746,#14989,.T.);
#14989 = SURFACE_CURVE('',#14990,(#14994,#15001),.PCURVE_S1.);
#14990 = LINE('',#14991,#14992);
#14991 = CARTESIAN_POINT('',(55.,108.,16.));
#14992 = VECTOR('',#14993,1.);
#14993 = DIRECTION('',(0.,0.,1.));
#14994 = PCURVE('',#8761,#14995);
#14995 = DEFINITIONAL_REPRESENTATION('',(#14996),#15000);
#14996 = LINE('',#14997,#14998);
#14997 = CARTESIAN_POINT('',(0.,-66.));
#14998 = VECTOR('',#14999,1.);
#14999 = DIRECTION('',(1.,0.));
#15000 = ( GEOMETRIC_REPRESENTATION_CONTEXT(2) 
PARAMETRIC_REPRESENTATION_CONTEXT() REPRESENTATION_CONTEXT('2D SPACE',''
  ) );
#15001 = PCURVE('',#8789,#15002);
#15002 = DEFINITIONAL_REPRESENTATION('',(#15003),#15007);
#15003 = LINE('',#15004,#15005);
#15004 = CARTESIAN_POINT('',(0.,0.));
#15005 = VECTOR('',#15006,1.);
#15006 = DIRECTION('',(1.,0.));
#15007 = ( GEOMETRIC_REPRESENTATION_CONTEXT(2) 
PARAMETRIC_REPRESENTATION_CONTEXT() REPRESENTATION_CONTEXT('2D SPACE',''
  ) );
#15008 = ORIENTED_EDGE('',*,*,#8745,.F.);
#15009 = ADVANCED_FACE('',(#15010),#8789,.T.);
#15010 = FACE_BOUND('',#15011,.T.);
#15011 = EDGE_LOOP('',(#15012,#15033,#15034,#15035));
#15012 = ORIENTED_EDGE('',*,*,#15013,.F.);
#15013 = EDGE_CURVE('',#11432,#8774,#15014,.T.);
#15014 = SURFACE_CURVE('',#15015,(#15019,#15026),.PCURVE_S1.);
#15015 = LINE('',#15016,#15017);
#15016 = CARTESIAN_POINT('',(95.,108.,16.));
#15017 = VECTOR('',#15018,1.);
#15018 = DIRECTION('',(0.,0.,1.));
#15019 = PCURVE('',#8789,#15020);
#15020 = DEFINITIONAL_REPRESENTATION('',(#15021),#15025);
#15021 = LINE('',#15022,#15023);
#15022 = CARTESIAN_POINT('',(0.,40.));
#15023 = VECTOR('',#15024,1.);
#15024 = DIRECTION('',(1.,0.));
#15025 = ( GEOMETRIC_REPRESENTATION_CONTEXT(2) 
PARAMETRIC_REPRESENTATION_CONTEXT() REPRESENTATION_CONTEXT('2D SPACE',''
  ) );
#15026 = PCURVE('',#8817,#15027);
#15027 = DEFINITIONAL_REPRESENTATION('',(#15028),#15032);
#15028 = LINE('',#15029,#15030);
#15029 = CARTESIAN_POINT('',(0.,-66.));
#15030 = VECTOR('',#15031,1.);
#15031 = DIRECTION('',(1.,0.));
#15032 = ( GEOMETRIC_REPRESENTATION_CONTEXT(2) 
PARAMETRIC_REPRESENTATION_CONTEXT() REPRESENTATION_CONTEXT('2D SPACE',''
  ) );
#15033 = ORIENTED_EDGE('',*,*,#11454,.F.);
#15034 = ORIENTED_EDGE('',*,*,#14988,.T.);
#15035 = ORIENTED_EDGE('',*,*,#8773,.F.);
#15036 = ADVANCED_FACE('',(#15037),#8817,.T.);
#15037 = FACE_BOUND('',#15038,.T.);
#15038 = EDGE_LOOP('',(#15039,#15060,#15061,#15062));
#15039 = ORIENTED_EDGE('',*,*,#15040,.F.);
#15040 = EDGE_CURVE('',#11409,#8802,#15041,.T.);
#15041 = SURFACE_CURVE('',#15042,(#15046,#15053),.PCURVE_S1.);
#15042 = LINE('',#15043,#15044);
#15043 = CARTESIAN_POINT('',(95.,42.,16.));
#15044 = VECTOR('',#15045,1.);
#15045 = DIRECTION('',(0.,0.,1.));
#15046 = PCURVE('',#8817,#15047);
#15047 = DEFINITIONAL_REPRESENTATION('',(#15048),#15052);
#15048 = LINE('',#15049,#15050);
#15049 = CARTESIAN_POINT('',(0.,0.));
#15050 = VECTOR('',#15051,1.);
#15051 = DIRECTION('',(1.,0.));
#15052 = ( GEOMETRIC_REPRESENTATION_CONTEXT(2) 
PARAMETRIC_REPRESENTATION_CONTEXT() REPRESENTATION_CONTEXT('2D SPACE',''
  ) );
#15053 = PCURVE('',#8843,#15054);
#15054 = DEFINITIONAL_REPRESENTATION('',(#15055),#15059);
#15055 = LINE('',#15056,#15057);
#15056 = CARTESIAN_POINT('',(0.,40.));
#15057 = VECTOR('',#15058,1.);
#15058 = DIRECTION('',(1.,0.));
#15059 = ( GEOMETRIC_REPRESENTATION_CONTEXT(2) 
PARAMETRIC_REPRESENTATION_CONTEXT() REPRESENTATION_CONTEXT('2D SPACE',''
  ) );
#15060 = ORIENTED_EDGE('',*,*,#11431,.T.);
#15061 = ORIENTED_EDGE('',*,*,#15013,.T.);
#15062 = ORIENTED_EDGE('',*,*,#8801,.F.);
#15063 = ADVANCED_FACE('',(#15064),#8843,.F.);
#15064 = FACE_BOUND('',#15065,.F.);
#15065 = EDGE_LOOP('',(#15066,#15067,#15068,#15069));
#15066 = ORIENTED_EDGE('',*,*,#15040,.F.);
#15067 = ORIENTED_EDGE('',*,*,#11408,.F.);
#15068 = ORIENTED_EDGE('',*,*,#14912,.T.);
#15069 = ORIENTED_EDGE('',*,*,#8829,.F.);
#15070 = ADVANCED_FACE('',(#15071),#8878,.T.);
#15071 = FACE_BOUND('',#15072,.F.);
#15072 = EDGE_LOOP('',(#15073,#15074,#15095,#15096));
#15073 = ORIENTED_EDGE('',*,*,#11835,.F.);
#15074 = ORIENTED_EDGE('',*,*,#15075,.T.);
#15075 = EDGE_CURVE('',#11836,#8858,#15076,.T.);
#15076 = SEAM_CURVE('',#15077,(#15081,#15088),.PCURVE_S1.);
#15077 = LINE('',#15078,#15079);
#15078 = CARTESIAN_POINT('',(133.,25.,16.));
#15079 = VECTOR('',#15080,1.);
#15080 = DIRECTION('',(0.,0.,1.));
#15081 = PCURVE('',#8878,#15082);
#15082 = DEFINITIONAL_REPRESENTATION('',(#15083),#15087);
#15083 = LINE('',#15084,#15085);
#15084 = CARTESIAN_POINT('',(-6.28318530718,0.));
#15085 = VECTOR('',#15086,1.);
#15086 = DIRECTION('',(-0.,-1.));
#15087 = ( GEOMETRIC_REPRESENTATION_CONTEXT(2) 
PARAMETRIC_REPRESENTATION_CONTEXT() REPRESENTATION_CONTEXT('2D SPACE',''
  ) );
#15088 = PCURVE('',#8878,#15089);
#15089 = DEFINITIONAL_REPRESENTATION('',(#15090),#15094);
#15090 = LINE('',#15091,#15092);
#15091 = CARTESIAN_POINT('',(-0.,0.));
#15092 = VECTOR('',#15093,1.);
#15093 = DIRECTION('',(-0.,-1.));
#15094 = ( GEOMETRIC_REPRESENTATION_CONTEXT(2) 
PARAMETRIC_REPRESENTATION_CONTEXT() REPRESENTATION_CONTEXT('2D SPACE',''
  ) );
#15095 = ORIENTED_EDGE('',*,*,#8857,.F.);
#15096 = ORIENTED_EDGE('',*,*,#15075,.F.);
#15097 = ADVANCED_FACE('',(#15098),#8913,.T.);
#15098 = FACE_BOUND('',#15099,.F.);
#15099 = EDGE_LOOP('',(#15100,#15101,#15122,#15123));
#15100 = ORIENTED_EDGE('',*,*,#11865,.F.);
#15101 = ORIENTED_EDGE('',*,*,#15102,.T.);
#15102 = EDGE_CURVE('',#11866,#8893,#15103,.T.);
#15103 = SEAM_CURVE('',#15104,(#15108,#15115),.PCURVE_S1.);
#15104 = LINE('',#15105,#15106);
#15105 = CARTESIAN_POINT('',(183.,25.,16.));
#15106 = VECTOR('',#15107,1.);
#15107 = DIRECTION('',(0.,0.,1.));
#15108 = PCURVE('',#8913,#15109);
#15109 = DEFINITIONAL_REPRESENTATION('',(#15110),#15114);
#15110 = LINE('',#15111,#15112);
#15111 = CARTESIAN_POINT('',(-6.28318530718,0.));
#15112 = VECTOR('',#15113,1.);
#15113 = DIRECTION('',(-0.,-1.));
#15114 = ( GEOMETRIC_REPRESENTATION_CONTEXT(2) 
PARAMETRIC_REPRESENTATION_CONTEXT() REPRESENTATION_CONTEXT('2D SPACE',''
  ) );
#15115 = PCURVE('',#8913,#15116);
#15116 = DEFINITIONAL_REPRESENTATION('',(#15117),#15121);
#15117 = LINE('',#15118,#15119);
#15118 = CARTESIAN_POINT('',(-0.,0.));
#15119 = VECTOR('',#15120,1.);
#15120 = DIRECTION('',(-0.,-1.));
#15121 = ( GEOMETRIC_REPRESENTATION_CONTEXT(2) 
PARAMETRIC_REPRESENTATION_CONTEXT() REPRESENTATION_CONTEXT('2D SPACE',''
  ) );
#15122 = ORIENTED_EDGE('',*,*,#8892,.F.);
#15123 = ORIENTED_EDGE('',*,*,#15102,.F.);
#15124 = ADVANCED_FACE('',(#15125),#8948,.T.);
#15125 = FACE_BOUND('',#15126,.F.);
#15126 = EDGE_LOOP('',(#15127,#15128,#15149,#15150));
#15127 = ORIENTED_EDGE('',*,*,#11895,.F.);
#15128 = ORIENTED_EDGE('',*,*,#15129,.T.);
#15129 = EDGE_CURVE('',#11896,#8928,#15130,.T.);
#15130 = SEAM_CURVE('',#15131,(#15135,#15142),.PCURVE_S1.);
#15131 = LINE('',#15132,#15133);
#15132 = CARTESIAN_POINT('',(133.,75.,16.));
#15133 = VECTOR('',#15134,1.);
#15134 = DIRECTION('',(0.,0.,1.));
#15135 = PCURVE('',#8948,#15136);
#15136 = DEFINITIONAL_REPRESENTATION('',(#15137),#15141);
#15137 = LINE('',#15138,#15139);
#15138 = CARTESIAN_POINT('',(-6.28318530718,0.));
#15139 = VECTOR('',#15140,1.);
#15140 = DIRECTION('',(-0.,-1.));
#15141 = ( GEOMETRIC_REPRESENTATION_CONTEXT(2) 
PARAMETRIC_REPRESENTATION_CONTEXT() REPRESENTATION_CONTEXT('2D SPACE',''
  ) );
#15142 = PCURVE('',#8948,#15143);
#15143 = DEFINITIONAL_REPRESENTATION('',(#15144),#15148);
#15144 = LINE('',#15145,#15146);
#15145 = CARTESIAN_POINT('',(-0.,0.));
#15146 = VECTOR('',#15147,1.);
#15147 = DIRECTION('',(-0.,-1.));
#15148 = ( GEOMETRIC_REPRESENTATION_CONTEXT(2) 
PARAMETRIC_REPRESENTATION_CONTEXT() REPRESENTATION_CONTEXT('2D SPACE',''
  ) );
#15149 = ORIENTED_EDGE('',*,*,#8927,.F.);
#15150 = ORIENTED_EDGE('',*,*,#15129,.F.);
#15151 = ADVANCED_FACE('',(#15152),#8983,.T.);
#15152 = FACE_BOUND('',#15153,.F.);
#15153 = EDGE_LOOP('',(#15154,#15155,#15176,#15177));
#15154 = ORIENTED_EDGE('',*,*,#11925,.F.);
#15155 = ORIENTED_EDGE('',*,*,#15156,.T.);
#15156 = EDGE_CURVE('',#11926,#8963,#15157,.T.);
#15157 = SEAM_CURVE('',#15158,(#15162,#15169),.PCURVE_S1.);
#15158 = LINE('',#15159,#15160);
#15159 = CARTESIAN_POINT('',(183.,75.,16.));
#15160 = VECTOR('',#15161,1.);
#15161 = DIRECTION('',(0.,0.,1.));
#15162 = PCURVE('',#8983,#15163);
#15163 = DEFINITIONAL_REPRESENTATION('',(#15164),#15168);
#15164 = LINE('',#15165,#15166);
#15165 = CARTESIAN_POINT('',(-6.28318530718,0.));
#15166 = VECTOR('',#15167,1.);
#15167 = DIRECTION('',(-0.,-1.));
#15168 = ( GEOMETRIC_REPRESENTATION_CONTEXT(2) 
PARAMETRIC_REPRESENTATION_CONTEXT() REPRESENTATION_CONTEXT('2D SPACE',''
  ) );
#15169 = PCURVE('',#8983,#15170);
#15170 = DEFINITIONAL_REPRESENTATION('',(#15171),#15175);
#15171 = LINE('',#15172,#15173);
#15172 = CARTESIAN_POINT('',(-0.,0.));
#15173 = VECTOR('',#15174,1.);
#15174 = DIRECTION('',(-0.,-1.));
#15175 = ( GEOMETRIC_REPRESENTATION_CONTEXT(2) 
PARAMETRIC_REPRESENTATION_CONTEXT() REPRESENTATION_CONTEXT('2D SPACE',''
  ) );
#15176 = ORIENTED_EDGE('',*,*,#8962,.F.);
#15177 = ORIENTED_EDGE('',*,*,#15156,.F.);
#15178 = ADVANCED_FACE('',(#15179),#9018,.T.);
#15179 = FACE_BOUND('',#15180,.F.);
#15180 = EDGE_LOOP('',(#15181,#15182,#15203,#15204));
#15181 = ORIENTED_EDGE('',*,*,#11955,.F.);
#15182 = ORIENTED_EDGE('',*,*,#15183,.T.);
#15183 = EDGE_CURVE('',#11956,#8998,#15184,.T.);
#15184 = SEAM_CURVE('',#15185,(#15189,#15196),.PCURVE_S1.);
#15185 = LINE('',#15186,#15187);
#15186 = CARTESIAN_POINT('',(33.,125.,16.));
#15187 = VECTOR('',#15188,1.);
#15188 = DIRECTION('',(0.,0.,1.));
#15189 = PCURVE('',#9018,#15190);
#15190 = DEFINITIONAL_REPRESENTATION('',(#15191),#15195);
#15191 = LINE('',#15192,#15193);
#15192 = CARTESIAN_POINT('',(-6.28318530718,0.));
#15193 = VECTOR('',#15194,1.);
#15194 = DIRECTION('',(-0.,-1.));
#15195 = ( GEOMETRIC_REPRESENTATION_CONTEXT(2) 
PARAMETRIC_REPRESENTATION_CONTEXT() REPRESENTATION_CONTEXT('2D SPACE',''
  ) );
#15196 = PCURVE('',#9018,#15197);
#15197 = DEFINITIONAL_REPRESENTATION('',(#15198),#15202);
#15198 = LINE('',#15199,#15200);
#15199 = CARTESIAN_POINT('',(-0.,0.));
#15200 = VECTOR('',#15201,1.);
#15201 = DIRECTION('',(-0.,-1.));
#15202 = ( GEOMETRIC_REPRESENTATION_CONTEXT(2) 
PARAMETRIC_REPRESENTATION_CONTEXT() REPRESENTATION_CONTEXT('2D SPACE',''
  ) );
#15203 = ORIENTED_EDGE('',*,*,#8997,.F.);
#15204 = ORIENTED_EDGE('',*,*,#15183,.F.);
#15205 = ADVANCED_FACE('',(#15206),#9053,.T.);
#15206 = FACE_BOUND('',#15207,.F.);
#15207 = EDGE_LOOP('',(#15208,#15209,#15230,#15231));
#15208 = ORIENTED_EDGE('',*,*,#11985,.F.);
#15209 = ORIENTED_EDGE('',*,*,#15210,.T.);
#15210 = EDGE_CURVE('',#11986,#9033,#15211,.T.);
#15211 = SEAM_CURVE('',#15212,(#15216,#15223),.PCURVE_S1.);
#15212 = LINE('',#15213,#15214);
#15213 = CARTESIAN_POINT('',(83.,125.,16.));
#15214 = VECTOR('',#15215,1.);
#15215 = DIRECTION('',(0.,0.,1.));
#15216 = PCURVE('',#9053,#15217);
#15217 = DEFINITIONAL_REPRESENTATION('',(#15218),#15222);
#15218 = LINE('',#15219,#15220);
#15219 = CARTESIAN_POINT('',(-6.28318530718,0.));
#15220 = VECTOR('',#15221,1.);
#15221 = DIRECTION('',(-0.,-1.));
#15222 = ( GEOMETRIC_REPRESENTATION_CONTEXT(2) 
PARAMETRIC_REPRESENTATION_CONTEXT() REPRESENTATION_CONTEXT('2D SPACE',''
  ) );
#15223 = PCURVE('',#9053,#15224);
#15224 = DEFINITIONAL_REPRESENTATION('',(#15225),#15229);
#15225 = LINE('',#15226,#15227);
#15226 = CARTESIAN_POINT('',(-0.,0.));
#15227 = VECTOR('',#15228,1.);
#15228 = DIRECTION('',(-0.,-1.));
#15229 = ( GEOMETRIC_REPRESENTATION_CONTEXT(2) 
PARAMETRIC_REPRESENTATION_CONTEXT() REPRESENTATION_CONTEXT('2D SPACE',''
  ) );
#15230 = ORIENTED_EDGE('',*,*,#9032,.F.);
#15231 = ORIENTED_EDGE('',*,*,#15210,.F.);
#15232 = ADVANCED_FACE('',(#15233),#9088,.T.);
#15233 = FACE_BOUND('',#15234,.F.);
#15234 = EDGE_LOOP('',(#15235,#15236,#15257,#15258));
#15235 = ORIENTED_EDGE('',*,*,#12015,.F.);
#15236 = ORIENTED_EDGE('',*,*,#15237,.T.);
#15237 = EDGE_CURVE('',#12016,#9068,#15238,.T.);
#15238 = SEAM_CURVE('',#15239,(#15243,#15250),.PCURVE_S1.);
#15239 = LINE('',#15240,#15241);
#15240 = CARTESIAN_POINT('',(133.,125.,16.));
#15241 = VECTOR('',#15242,1.);
#15242 = DIRECTION('',(0.,0.,1.));
#15243 = PCURVE('',#9088,#15244);
#15244 = DEFINITIONAL_REPRESENTATION('',(#15245),#15249);
#15245 = LINE('',#15246,#15247);
#15246 = CARTESIAN_POINT('',(-6.28318530718,0.));
#15247 = VECTOR('',#15248,1.);
#15248 = DIRECTION('',(-0.,-1.));
#15249 = ( GEOMETRIC_REPRESENTATION_CONTEXT(2) 
PARAMETRIC_REPRESENTATION_CONTEXT() REPRESENTATION_CONTEXT('2D SPACE',''
  ) );
#15250 = PCURVE('',#9088,#15251);
#15251 = DEFINITIONAL_REPRESENTATION('',(#15252),#15256);
#15252 = LINE('',#15253,#15254);
#15253 = CARTESIAN_POINT('',(-0.,0.));
#15254 = VECTOR('',#15255,1.);
#15255 = DIRECTION('',(-0.,-1.));
#15256 = ( GEOMETRIC_REPRESENTATION_CONTEXT(2) 
PARAMETRIC_REPRESENTATION_CONTEXT() REPRESENTATION_CONTEXT('2D SPACE',''
  ) );
#15257 = ORIENTED_EDGE('',*,*,#9067,.F.);
#15258 = ORIENTED_EDGE('',*,*,#15237,.F.);
#15259 = ADVANCED_FACE('',(#15260),#9123,.T.);
#15260 = FACE_BOUND('',#15261,.F.);
#15261 = EDGE_LOOP('',(#15262,#15263,#15284,#15285));
#15262 = ORIENTED_EDGE('',*,*,#12045,.F.);
#15263 = ORIENTED_EDGE('',*,*,#15264,.T.);
#15264 = EDGE_CURVE('',#12046,#9103,#15265,.T.);
#15265 = SEAM_CURVE('',#15266,(#15270,#15277),.PCURVE_S1.);
#15266 = LINE('',#15267,#15268);
#15267 = CARTESIAN_POINT('',(183.,125.,16.));
#15268 = VECTOR('',#15269,1.);
#15269 = DIRECTION('',(0.,0.,1.));
#15270 = PCURVE('',#9123,#15271);
#15271 = DEFINITIONAL_REPRESENTATION('',(#15272),#15276);
#15272 = LINE('',#15273,#15274);
#15273 = CARTESIAN_POINT('',(-6.28318530718,0.));
#15274 = VECTOR('',#15275,1.);
#15275 = DIRECTION('',(-0.,-1.));
#15276 = ( GEOMETRIC_REPRESENTATION_CONTEXT(2) 
PARAMETRIC_REPRESENTATION_CONTEXT() REPRESENTATION_CONTEXT('2D SPACE',''
  ) );
#15277 = PCURVE('',#9123,#15278);
#15278 = DEFINITIONAL_REPRESENTATION('',(#15279),#15283);
#15279 = LINE('',#15280,#15281);
#15280 = CARTESIAN_POINT('',(-0.,0.));
#15281 = VECTOR('',#15282,1.);
#15282 = DIRECTION('',(-0.,-1.));
#15283 = ( GEOMETRIC_REPRESENTATION_CONTEXT(2) 
PARAMETRIC_REPRESENTATION_CONTEXT() REPRESENTATION_CONTEXT('2D SPACE',''
  ) );
#15284 = ORIENTED_EDGE('',*,*,#9102,.F.);
#15285 = ORIENTED_EDGE('',*,*,#15264,.F.);
#15286 = ADVANCED_FACE('',(#15287),#9158,.T.);
#15287 = FACE_BOUND('',#15288,.F.);
#15288 = EDGE_LOOP('',(#15289,#15290,#15311,#15312));
#15289 = ORIENTED_EDGE('',*,*,#12075,.F.);
#15290 = ORIENTED_EDGE('',*,*,#15291,.T.);
#15291 = EDGE_CURVE('',#12076,#9138,#15292,.T.);
#15292 = SEAM_CURVE('',#15293,(#15297,#15304),.PCURVE_S1.);
#15293 = LINE('',#15294,#15295);
#15294 = CARTESIAN_POINT('',(233.,25.,16.));
#15295 = VECTOR('',#15296,1.);
#15296 = DIRECTION('',(0.,0.,1.));
#15297 = PCURVE('',#9158,#15298);
#15298 = DEFINITIONAL_REPRESENTATION('',(#15299),#15303);
#15299 = LINE('',#15300,#15301);
#15300 = CARTESIAN_POINT('',(-6.28318530718,0.));
#15301 = VECTOR('',#15302,1.);
#15302 = DIRECTION('',(-0.,-1.));
#15303 = ( GEOMETRIC_REPRESENTATION_CONTEXT(2) 
PARAMETRIC_REPRESENTATION_CONTEXT() REPRESENTATION_CONTEXT('2D SPACE',''
  ) );
#15304 = PCURVE('',#9158,#15305);
#15305 = DEFINITIONAL_REPRESENTATION('',(#15306),#15310);
#15306 = LINE('',#15307,#15308);
#15307 = CARTESIAN_POINT('',(-0.,0.));
#15308 = VECTOR('',#15309,1.);
#15309 = DIRECTION('',(-0.,-1.));
#15310 = ( GEOMETRIC_REPRESENTATION_CONTEXT(2) 
PARAMETRIC_REPRESENTATION_CONTEXT() REPRESENTATION_CONTEXT('2D SPACE',''
  ) );
#15311 = ORIENTED_EDGE('',*,*,#9137,.F.);
#15312 = ORIENTED_EDGE('',*,*,#15291,.F.);
#15313 = ADVANCED_FACE('',(#15314),#9193,.T.);
#15314 = FACE_BOUND('',#15315,.F.);
#15315 = EDGE_LOOP('',(#15316,#15317,#15338,#15339));
#15316 = ORIENTED_EDGE('',*,*,#12105,.F.);
#15317 = ORIENTED_EDGE('',*,*,#15318,.T.);
#15318 = EDGE_CURVE('',#12106,#9173,#15319,.T.);
#15319 = SEAM_CURVE('',#15320,(#15324,#15331),.PCURVE_S1.);
#15320 = LINE('',#15321,#15322);
#15321 = CARTESIAN_POINT('',(283.,25.,16.));
#15322 = VECTOR('',#15323,1.);
#15323 = DIRECTION('',(0.,0.,1.));
#15324 = PCURVE('',#9193,#15325);
#15325 = DEFINITIONAL_REPRESENTATION('',(#15326),#15330);
#15326 = LINE('',#15327,#15328);
#15327 = CARTESIAN_POINT('',(-6.28318530718,0.));
#15328 = VECTOR('',#15329,1.);
#15329 = DIRECTION('',(-0.,-1.));
#15330 = ( GEOMETRIC_REPRESENTATION_CONTEXT(2) 
PARAMETRIC_REPRESENTATION_CONTEXT() REPRESENTATION_CONTEXT('2D SPACE',''
  ) );
#15331 = PCURVE('',#9193,#15332);
#15332 = DEFINITIONAL_REPRESENTATION('',(#15333),#15337);
#15333 = LINE('',#15334,#15335);
#15334 = CARTESIAN_POINT('',(-0.,0.));
#15335 = VECTOR('',#15336,1.);
#15336 = DIRECTION('',(-0.,-1.));
#15337 = ( GEOMETRIC_REPRESENTATION_CONTEXT(2) 
PARAMETRIC_REPRESENTATION_CONTEXT() REPRESENTATION_CONTEXT('2D SPACE',''
  ) );
#15338 = ORIENTED_EDGE('',*,*,#9172,.F.);
#15339 = ORIENTED_EDGE('',*,*,#15318,.F.);
#15340 = ADVANCED_FACE('',(#15341),#9228,.T.);
#15341 = FACE_BOUND('',#15342,.F.);
#15342 = EDGE_LOOP('',(#15343,#15344,#15365,#15366));
#15343 = ORIENTED_EDGE('',*,*,#12135,.F.);
#15344 = ORIENTED_EDGE('',*,*,#15345,.T.);
#15345 = EDGE_CURVE('',#12136,#9208,#15346,.T.);
#15346 = SEAM_CURVE('',#15347,(#15351,#15358),.PCURVE_S1.);
#15347 = LINE('',#15348,#15349);
#15348 = CARTESIAN_POINT('',(333.,25.,16.));
#15349 = VECTOR('',#15350,1.);
#15350 = DIRECTION('',(0.,0.,1.));
#15351 = PCURVE('',#9228,#15352);
#15352 = DEFINITIONAL_REPRESENTATION('',(#15353),#15357);
#15353 = LINE('',#15354,#15355);
#15354 = CARTESIAN_POINT('',(-6.28318530718,0.));
#15355 = VECTOR('',#15356,1.);
#15356 = DIRECTION('',(-0.,-1.));
#15357 = ( GEOMETRIC_REPRESENTATION_CONTEXT(2) 
PARAMETRIC_REPRESENTATION_CONTEXT() REPRESENTATION_CONTEXT('2D SPACE',''
  ) );
#15358 = PCURVE('',#9228,#15359);
#15359 = DEFINITIONAL_REPRESENTATION('',(#15360),#15364);
#15360 = LINE('',#15361,#15362);
#15361 = CARTESIAN_POINT('',(-0.,0.));
#15362 = VECTOR('',#15363,1.);
#15363 = DIRECTION('',(-0.,-1.));
#15364 = ( GEOMETRIC_REPRESENTATION_CONTEXT(2) 
PARAMETRIC_REPRESENTATION_CONTEXT() REPRESENTATION_CONTEXT('2D SPACE',''
  ) );
#15365 = ORIENTED_EDGE('',*,*,#9207,.F.);
#15366 = ORIENTED_EDGE('',*,*,#15345,.F.);
#15367 = ADVANCED_FACE('',(#15368),#9263,.T.);
#15368 = FACE_BOUND('',#15369,.F.);
#15369 = EDGE_LOOP('',(#15370,#15371,#15392,#15393));
#15370 = ORIENTED_EDGE('',*,*,#12165,.F.);
#15371 = ORIENTED_EDGE('',*,*,#15372,.T.);
#15372 = EDGE_CURVE('',#12166,#9243,#15373,.T.);
#15373 = SEAM_CURVE('',#15374,(#15378,#15385),.PCURVE_S1.);
#15374 = LINE('',#15375,#15376);
#15375 = CARTESIAN_POINT('',(233.,75.,16.));
#15376 = VECTOR('',#15377,1.);
#15377 = DIRECTION('',(0.,0.,1.));
#15378 = PCURVE('',#9263,#15379);
#15379 = DEFINITIONAL_REPRESENTATION('',(#15380),#15384);
#15380 = LINE('',#15381,#15382);
#15381 = CARTESIAN_POINT('',(-6.28318530718,0.));
#15382 = VECTOR('',#15383,1.);
#15383 = DIRECTION('',(-0.,-1.));
#15384 = ( GEOMETRIC_REPRESENTATION_CONTEXT(2) 
PARAMETRIC_REPRESENTATION_CONTEXT() REPRESENTATION_CONTEXT('2D SPACE',''
  ) );
#15385 = PCURVE('',#9263,#15386);
#15386 = DEFINITIONAL_REPRESENTATION('',(#15387),#15391);
#15387 = LINE('',#15388,#15389);
#15388 = CARTESIAN_POINT('',(-0.,0.));
#15389 = VECTOR('',#15390,1.);
#15390 = DIRECTION('',(-0.,-1.));
#15391 = ( GEOMETRIC_REPRESENTATION_CONTEXT(2) 
PARAMETRIC_REPRESENTATION_CONTEXT() REPRESENTATION_CONTEXT('2D SPACE',''
  ) );
#15392 = ORIENTED_EDGE('',*,*,#9242,.F.);
#15393 = ORIENTED_EDGE('',*,*,#15372,.F.);
#15394 = ADVANCED_FACE('',(#15395),#9298,.T.);
#15395 = FACE_BOUND('',#15396,.F.);
#15396 = EDGE_LOOP('',(#15397,#15398,#15419,#15420));
#15397 = ORIENTED_EDGE('',*,*,#12195,.F.);
#15398 = ORIENTED_EDGE('',*,*,#15399,.T.);
#15399 = EDGE_CURVE('',#12196,#9278,#15400,.T.);
#15400 = SEAM_CURVE('',#15401,(#15405,#15412),.PCURVE_S1.);
#15401 = LINE('',#15402,#15403);
#15402 = CARTESIAN_POINT('',(283.,75.,16.));
#15403 = VECTOR('',#15404,1.);
#15404 = DIRECTION('',(0.,0.,1.));
#15405 = PCURVE('',#9298,#15406);
#15406 = DEFINITIONAL_REPRESENTATION('',(#15407),#15411);
#15407 = LINE('',#15408,#15409);
#15408 = CARTESIAN_POINT('',(-6.28318530718,0.));
#15409 = VECTOR('',#15410,1.);
#15410 = DIRECTION('',(-0.,-1.));
#15411 = ( GEOMETRIC_REPRESENTATION_CONTEXT(2) 
PARAMETRIC_REPRESENTATION_CONTEXT() REPRESENTATION_CONTEXT('2D SPACE',''
  ) );
#15412 = PCURVE('',#9298,#15413);
#15413 = DEFINITIONAL_REPRESENTATION('',(#15414),#15418);
#15414 = LINE('',#15415,#15416);
#15415 = CARTESIAN_POINT('',(-0.,0.));
#15416 = VECTOR('',#15417,1.);
#15417 = DIRECTION('',(-0.,-1.));
#15418 = ( GEOMETRIC_REPRESENTATION_CONTEXT(2) 
PARAMETRIC_REPRESENTATION_CONTEXT() REPRESENTATION_CONTEXT('2D SPACE',''
  ) );
#15419 = ORIENTED_EDGE('',*,*,#9277,.F.);
#15420 = ORIENTED_EDGE('',*,*,#15399,.F.);
#15421 = ADVANCED_FACE('',(#15422),#9333,.T.);
#15422 = FACE_BOUND('',#15423,.F.);
#15423 = EDGE_LOOP('',(#15424,#15425,#15446,#15447));
#15424 = ORIENTED_EDGE('',*,*,#12225,.F.);
#15425 = ORIENTED_EDGE('',*,*,#15426,.T.);
#15426 = EDGE_CURVE('',#12226,#9313,#15427,.T.);
#15427 = SEAM_CURVE('',#15428,(#15432,#15439),.PCURVE_S1.);
#15428 = LINE('',#15429,#15430);
#15429 = CARTESIAN_POINT('',(333.,75.,16.));
#15430 = VECTOR('',#15431,1.);
#15431 = DIRECTION('',(0.,0.,1.));
#15432 = PCURVE('',#9333,#15433);
#15433 = DEFINITIONAL_REPRESENTATION('',(#15434),#15438);
#15434 = LINE('',#15435,#15436);
#15435 = CARTESIAN_POINT('',(-6.28318530718,0.));
#15436 = VECTOR('',#15437,1.);
#15437 = DIRECTION('',(-0.,-1.));
#15438 = ( GEOMETRIC_REPRESENTATION_CONTEXT(2) 
PARAMETRIC_REPRESENTATION_CONTEXT() REPRESENTATION_CONTEXT('2D SPACE',''
  ) );
#15439 = PCURVE('',#9333,#15440);
#15440 = DEFINITIONAL_REPRESENTATION('',(#15441),#15445);
#15441 = LINE('',#15442,#15443);
#15442 = CARTESIAN_POINT('',(-0.,0.));
#15443 = VECTOR('',#15444,1.);
#15444 = DIRECTION('',(-0.,-1.));
#15445 = ( GEOMETRIC_REPRESENTATION_CONTEXT(2) 
PARAMETRIC_REPRESENTATION_CONTEXT() REPRESENTATION_CONTEXT('2D SPACE',''
  ) );
#15446 = ORIENTED_EDGE('',*,*,#9312,.F.);
#15447 = ORIENTED_EDGE('',*,*,#15426,.F.);
#15448 = ADVANCED_FACE('',(#15449),#9368,.T.);
#15449 = FACE_BOUND('',#15450,.F.);
#15450 = EDGE_LOOP('',(#15451,#15452,#15473,#15474));
#15451 = ORIENTED_EDGE('',*,*,#12255,.F.);
#15452 = ORIENTED_EDGE('',*,*,#15453,.T.);
#15453 = EDGE_CURVE('',#12256,#9348,#15454,.T.);
#15454 = SEAM_CURVE('',#15455,(#15459,#15466),.PCURVE_S1.);
#15455 = LINE('',#15456,#15457);
#15456 = CARTESIAN_POINT('',(383.,25.,16.));
#15457 = VECTOR('',#15458,1.);
#15458 = DIRECTION('',(0.,0.,1.));
#15459 = PCURVE('',#9368,#15460);
#15460 = DEFINITIONAL_REPRESENTATION('',(#15461),#15465);
#15461 = LINE('',#15462,#15463);
#15462 = CARTESIAN_POINT('',(-6.28318530718,0.));
#15463 = VECTOR('',#15464,1.);
#15464 = DIRECTION('',(-0.,-1.));
#15465 = ( GEOMETRIC_REPRESENTATION_CONTEXT(2) 
PARAMETRIC_REPRESENTATION_CONTEXT() REPRESENTATION_CONTEXT('2D SPACE',''
  ) );
#15466 = PCURVE('',#9368,#15467);
#15467 = DEFINITIONAL_REPRESENTATION('',(#15468),#15472);
#15468 = LINE('',#15469,#15470);
#15469 = CARTESIAN_POINT('',(-0.,0.));
#15470 = VECTOR('',#15471,1.);
#15471 = DIRECTION('',(-0.,-1.));
#15472 = ( GEOMETRIC_REPRESENTATION_CONTEXT(2) 
PARAMETRIC_REPRESENTATION_CONTEXT() REPRESENTATION_CONTEXT('2D SPACE',''
  ) );
#15473 = ORIENTED_EDGE('',*,*,#9347,.F.);
#15474 = ORIENTED_EDGE('',*,*,#15453,.F.);
#15475 = ADVANCED_FACE('',(#15476),#9403,.T.);
#15476 = FACE_BOUND('',#15477,.F.);
#15477 = EDGE_LOOP('',(#15478,#15479,#15500,#15501));
#15478 = ORIENTED_EDGE('',*,*,#12285,.F.);
#15479 = ORIENTED_EDGE('',*,*,#15480,.T.);
#15480 = EDGE_CURVE('',#12286,#9383,#15481,.T.);
#15481 = SEAM_CURVE('',#15482,(#15486,#15493),.PCURVE_S1.);
#15482 = LINE('',#15483,#15484);
#15483 = CARTESIAN_POINT('',(433.,25.,16.));
#15484 = VECTOR('',#15485,1.);
#15485 = DIRECTION('',(0.,0.,1.));
#15486 = PCURVE('',#9403,#15487);
#15487 = DEFINITIONAL_REPRESENTATION('',(#15488),#15492);
#15488 = LINE('',#15489,#15490);
#15489 = CARTESIAN_POINT('',(-6.28318530718,0.));
#15490 = VECTOR('',#15491,1.);
#15491 = DIRECTION('',(-0.,-1.));
#15492 = ( GEOMETRIC_REPRESENTATION_CONTEXT(2) 
PARAMETRIC_REPRESENTATION_CONTEXT() REPRESENTATION_CONTEXT('2D SPACE',''
  ) );
#15493 = PCURVE('',#9403,#15494);
#15494 = DEFINITIONAL_REPRESENTATION('',(#15495),#15499);
#15495 = LINE('',#15496,#15497);
#15496 = CARTESIAN_POINT('',(-0.,0.));
#15497 = VECTOR('',#15498,1.);
#15498 = DIRECTION('',(-0.,-1.));
#15499 = ( GEOMETRIC_REPRESENTATION_CONTEXT(2) 
PARAMETRIC_REPRESENTATION_CONTEXT() REPRESENTATION_CONTEXT('2D SPACE',''
  ) );
#15500 = ORIENTED_EDGE('',*,*,#9382,.F.);
#15501 = ORIENTED_EDGE('',*,*,#15480,.F.);
#15502 = ADVANCED_FACE('',(#15503),#9435,.T.);
#15503 = FACE_BOUND('',#15504,.T.);
#15504 = EDGE_LOOP('',(#15505,#15526,#15527,#15548));
#15505 = ORIENTED_EDGE('',*,*,#15506,.T.);
#15506 = EDGE_CURVE('',#9418,#12318,#15507,.T.);
#15507 = SURFACE_CURVE('',#15508,(#15512,#15519),.PCURVE_S1.);
#15508 = LINE('',#15509,#15510);
#15509 = CARTESIAN_POINT('',(395.,56.244997998398,16.));
#15510 = VECTOR('',#15511,1.);
#15511 = DIRECTION('',(-0.,-0.,-1.));
#15512 = PCURVE('',#9435,#15513);
#15513 = DEFINITIONAL_REPRESENTATION('',(#15514),#15518);
#15514 = LINE('',#15515,#15516);
#15515 = CARTESIAN_POINT('',(0.,-14.24499799839));
#15516 = VECTOR('',#15517,1.);
#15517 = DIRECTION('',(-1.,0.));
#15518 = ( GEOMETRIC_REPRESENTATION_CONTEXT(2) 
PARAMETRIC_REPRESENTATION_CONTEXT() REPRESENTATION_CONTEXT('2D SPACE',''
  ) );
#15519 = PCURVE('',#9464,#15520);
#15520 = DEFINITIONAL_REPRESENTATION('',(#15521),#15525);
#15521 = LINE('',#15522,#15523);
#15522 = CARTESIAN_POINT('',(-8.529113166912,0.));
#15523 = VECTOR('',#15524,1.);
#15524 = DIRECTION('',(-0.,1.));
#15525 = ( GEOMETRIC_REPRESENTATION_CONTEXT(2) 
PARAMETRIC_REPRESENTATION_CONTEXT() REPRESENTATION_CONTEXT('2D SPACE',''
  ) );
#15526 = ORIENTED_EDGE('',*,*,#12341,.T.);
#15527 = ORIENTED_EDGE('',*,*,#15528,.T.);
#15528 = EDGE_CURVE('',#12342,#9420,#15529,.T.);
#15529 = SURFACE_CURVE('',#15530,(#15534,#15541),.PCURVE_S1.);
#15530 = LINE('',#15531,#15532);
#15531 = CARTESIAN_POINT('',(395.,108.,16.));
#15532 = VECTOR('',#15533,1.);
#15533 = DIRECTION('',(0.,0.,1.));
#15534 = PCURVE('',#9435,#15535);
#15535 = DEFINITIONAL_REPRESENTATION('',(#15536),#15540);
#15536 = LINE('',#15537,#15538);
#15537 = CARTESIAN_POINT('',(0.,-66.));
#15538 = VECTOR('',#15539,1.);
#15539 = DIRECTION('',(1.,0.));
#15540 = ( GEOMETRIC_REPRESENTATION_CONTEXT(2) 
PARAMETRIC_REPRESENTATION_CONTEXT() REPRESENTATION_CONTEXT('2D SPACE',''
  ) );
#15541 = PCURVE('',#9574,#15542);
#15542 = DEFINITIONAL_REPRESENTATION('',(#15543),#15547);
#15543 = LINE('',#15544,#15545);
#15544 = CARTESIAN_POINT('',(0.,40.));
#15545 = VECTOR('',#15546,1.);
#15546 = DIRECTION('',(1.,0.));
#15547 = ( GEOMETRIC_REPRESENTATION_CONTEXT(2) 
PARAMETRIC_REPRESENTATION_CONTEXT() REPRESENTATION_CONTEXT('2D SPACE',''
  ) );
#15548 = ORIENTED_EDGE('',*,*,#9417,.F.);
#15549 = ADVANCED_FACE('',(#15550),#9464,.T.);
#15550 = FACE_BOUND('',#15551,.F.);
#15551 = EDGE_LOOP('',(#15552,#15553,#15574,#15575));
#15552 = ORIENTED_EDGE('',*,*,#12315,.F.);
#15553 = ORIENTED_EDGE('',*,*,#15554,.F.);
#15554 = EDGE_CURVE('',#9448,#12316,#15555,.T.);
#15555 = SURFACE_CURVE('',#15556,(#15560,#15567),.PCURVE_S1.);
#15556 = LINE('',#15557,#15558);
#15557 = CARTESIAN_POINT('',(395.,43.755002001602,16.));
#15558 = VECTOR('',#15559,1.);
#15559 = DIRECTION('',(-0.,-0.,-1.));
#15560 = PCURVE('',#9464,#15561);
#15561 = DEFINITIONAL_REPRESENTATION('',(#15562),#15566);
#15562 = LINE('',#15563,#15564);
#15563 = CARTESIAN_POINT('',(-4.037257447448,0.));
#15564 = VECTOR('',#15565,1.);
#15565 = DIRECTION('',(-0.,1.));
#15566 = ( GEOMETRIC_REPRESENTATION_CONTEXT(2) 
PARAMETRIC_REPRESENTATION_CONTEXT() REPRESENTATION_CONTEXT('2D SPACE',''
  ) );
#15567 = PCURVE('',#9492,#15568);
#15568 = DEFINITIONAL_REPRESENTATION('',(#15569),#15573);
#15569 = LINE('',#15570,#15571);
#15570 = CARTESIAN_POINT('',(0.,-1.755002001602));
#15571 = VECTOR('',#15572,1.);
#15572 = DIRECTION('',(-1.,0.));
#15573 = ( GEOMETRIC_REPRESENTATION_CONTEXT(2) 
PARAMETRIC_REPRESENTATION_CONTEXT() REPRESENTATION_CONTEXT('2D SPACE',''
  ) );
#15574 = ORIENTED_EDGE('',*,*,#9447,.T.);
#15575 = ORIENTED_EDGE('',*,*,#15506,.T.);
#15576 = ADVANCED_FACE('',(#15577),#9492,.T.);
#15577 = FACE_BOUND('',#15578,.T.);
#15578 = EDGE_LOOP('',(#15579,#15600,#15601,#15602));
#15579 = ORIENTED_EDGE('',*,*,#15580,.F.);
#15580 = EDGE_CURVE('',#12411,#9477,#15581,.T.);
#15581 = SURFACE_CURVE('',#15582,(#15586,#15593),.PCURVE_S1.);
#15582 = LINE('',#15583,#15584);
#15583 = CARTESIAN_POINT('',(395.,42.,16.));
#15584 = VECTOR('',#15585,1.);
#15585 = DIRECTION('',(0.,0.,1.));
#15586 = PCURVE('',#9492,#15587);
#15587 = DEFINITIONAL_REPRESENTATION('',(#15588),#15592);
#15588 = LINE('',#15589,#15590);
#15589 = CARTESIAN_POINT('',(0.,0.));
#15590 = VECTOR('',#15591,1.);
#15591 = DIRECTION('',(1.,0.));
#15592 = ( GEOMETRIC_REPRESENTATION_CONTEXT(2) 
PARAMETRIC_REPRESENTATION_CONTEXT() REPRESENTATION_CONTEXT('2D SPACE',''
  ) );
#15593 = PCURVE('',#9520,#15594);
#15594 = DEFINITIONAL_REPRESENTATION('',(#15595),#15599);
#15595 = LINE('',#15596,#15597);
#15596 = CARTESIAN_POINT('',(0.,40.));
#15597 = VECTOR('',#15598,1.);
#15598 = DIRECTION('',(1.,0.));
#15599 = ( GEOMETRIC_REPRESENTATION_CONTEXT(2) 
PARAMETRIC_REPRESENTATION_CONTEXT() REPRESENTATION_CONTEXT('2D SPACE',''
  ) );
#15600 = ORIENTED_EDGE('',*,*,#12433,.T.);
#15601 = ORIENTED_EDGE('',*,*,#15554,.F.);
#15602 = ORIENTED_EDGE('',*,*,#9476,.F.);
#15603 = ADVANCED_FACE('',(#15604),#9520,.F.);
#15604 = FACE_BOUND('',#15605,.F.);
#15605 = EDGE_LOOP('',(#15606,#15607,#15608,#15629));
#15606 = ORIENTED_EDGE('',*,*,#15580,.F.);
#15607 = ORIENTED_EDGE('',*,*,#12410,.F.);
#15608 = ORIENTED_EDGE('',*,*,#15609,.T.);
#15609 = EDGE_CURVE('',#12388,#9505,#15610,.T.);
#15610 = SURFACE_CURVE('',#15611,(#15615,#15622),.PCURVE_S1.);
#15611 = LINE('',#15612,#15613);
#15612 = CARTESIAN_POINT('',(355.,42.,16.));
#15613 = VECTOR('',#15614,1.);
#15614 = DIRECTION('',(0.,0.,1.));
#15615 = PCURVE('',#9520,#15616);
#15616 = DEFINITIONAL_REPRESENTATION('',(#15617),#15621);
#15617 = LINE('',#15618,#15619);
#15618 = CARTESIAN_POINT('',(0.,0.));
#15619 = VECTOR('',#15620,1.);
#15620 = DIRECTION('',(1.,0.));
#15621 = ( GEOMETRIC_REPRESENTATION_CONTEXT(2) 
PARAMETRIC_REPRESENTATION_CONTEXT() REPRESENTATION_CONTEXT('2D SPACE',''
  ) );
#15622 = PCURVE('',#9548,#15623);
#15623 = DEFINITIONAL_REPRESENTATION('',(#15624),#15628);
#15624 = LINE('',#15625,#15626);
#15625 = CARTESIAN_POINT('',(0.,0.));
#15626 = VECTOR('',#15627,1.);
#15627 = DIRECTION('',(1.,0.));
#15628 = ( GEOMETRIC_REPRESENTATION_CONTEXT(2) 
PARAMETRIC_REPRESENTATION_CONTEXT() REPRESENTATION_CONTEXT('2D SPACE',''
  ) );
#15629 = ORIENTED_EDGE('',*,*,#9504,.F.);
#15630 = ADVANCED_FACE('',(#15631),#9548,.F.);
#15631 = FACE_BOUND('',#15632,.F.);
#15632 = EDGE_LOOP('',(#15633,#15634,#15635,#15656));
#15633 = ORIENTED_EDGE('',*,*,#15609,.F.);
#15634 = ORIENTED_EDGE('',*,*,#12387,.T.);
#15635 = ORIENTED_EDGE('',*,*,#15636,.T.);
#15636 = EDGE_CURVE('',#12365,#9533,#15637,.T.);
#15637 = SURFACE_CURVE('',#15638,(#15642,#15649),.PCURVE_S1.);
#15638 = LINE('',#15639,#15640);
#15639 = CARTESIAN_POINT('',(355.,108.,16.));
#15640 = VECTOR('',#15641,1.);
#15641 = DIRECTION('',(0.,0.,1.));
#15642 = PCURVE('',#9548,#15643);
#15643 = DEFINITIONAL_REPRESENTATION('',(#15644),#15648);
#15644 = LINE('',#15645,#15646);
#15645 = CARTESIAN_POINT('',(0.,-66.));
#15646 = VECTOR('',#15647,1.);
#15647 = DIRECTION('',(1.,0.));
#15648 = ( GEOMETRIC_REPRESENTATION_CONTEXT(2) 
PARAMETRIC_REPRESENTATION_CONTEXT() REPRESENTATION_CONTEXT('2D SPACE',''
  ) );
#15649 = PCURVE('',#9574,#15650);
#15650 = DEFINITIONAL_REPRESENTATION('',(#15651),#15655);
#15651 = LINE('',#15652,#15653);
#15652 = CARTESIAN_POINT('',(0.,0.));
#15653 = VECTOR('',#15654,1.);
#15654 = DIRECTION('',(1.,0.));
#15655 = ( GEOMETRIC_REPRESENTATION_CONTEXT(2) 
PARAMETRIC_REPRESENTATION_CONTEXT() REPRESENTATION_CONTEXT('2D SPACE',''
  ) );
#15656 = ORIENTED_EDGE('',*,*,#9532,.F.);
#15657 = ADVANCED_FACE('',(#15658),#9574,.T.);
#15658 = FACE_BOUND('',#15659,.T.);
#15659 = EDGE_LOOP('',(#15660,#15661,#15662,#15663));
#15660 = ORIENTED_EDGE('',*,*,#15528,.F.);
#15661 = ORIENTED_EDGE('',*,*,#12364,.F.);
#15662 = ORIENTED_EDGE('',*,*,#15636,.T.);
#15663 = ORIENTED_EDGE('',*,*,#9560,.F.);
#15664 = ADVANCED_FACE('',(#15665),#9609,.T.);
#15665 = FACE_BOUND('',#15666,.F.);
#15666 = EDGE_LOOP('',(#15667,#15668,#15689,#15690));
#15667 = ORIENTED_EDGE('',*,*,#12680,.F.);
#15668 = ORIENTED_EDGE('',*,*,#15669,.T.);
#15669 = EDGE_CURVE('',#12681,#9589,#15670,.T.);
#15670 = SEAM_CURVE('',#15671,(#15675,#15682),.PCURVE_S1.);
#15671 = LINE('',#15672,#15673);
#15672 = CARTESIAN_POINT('',(433.,75.,16.));
#15673 = VECTOR('',#15674,1.);
#15674 = DIRECTION('',(0.,0.,1.));
#15675 = PCURVE('',#9609,#15676);
#15676 = DEFINITIONAL_REPRESENTATION('',(#15677),#15681);
#15677 = LINE('',#15678,#15679);
#15678 = CARTESIAN_POINT('',(-6.28318530718,0.));
#15679 = VECTOR('',#15680,1.);
#15680 = DIRECTION('',(-0.,-1.));
#15681 = ( GEOMETRIC_REPRESENTATION_CONTEXT(2) 
PARAMETRIC_REPRESENTATION_CONTEXT() REPRESENTATION_CONTEXT('2D SPACE',''
  ) );
#15682 = PCURVE('',#9609,#15683);
#15683 = DEFINITIONAL_REPRESENTATION('',(#15684),#15688);
#15684 = LINE('',#15685,#15686);
#15685 = CARTESIAN_POINT('',(-0.,0.));
#15686 = VECTOR('',#15687,1.);
#15687 = DIRECTION('',(-0.,-1.));
#15688 = ( GEOMETRIC_REPRESENTATION_CONTEXT(2) 
PARAMETRIC_REPRESENTATION_CONTEXT() REPRESENTATION_CONTEXT('2D SPACE',''
  ) );
#15689 = ORIENTED_EDGE('',*,*,#9588,.F.);
#15690 = ORIENTED_EDGE('',*,*,#15669,.F.);
#15691 = ADVANCED_FACE('',(#15692),#9644,.T.);
#15692 = FACE_BOUND('',#15693,.F.);
#15693 = EDGE_LOOP('',(#15694,#15695,#15716,#15717));
#15694 = ORIENTED_EDGE('',*,*,#12740,.F.);
#15695 = ORIENTED_EDGE('',*,*,#15696,.T.);
#15696 = EDGE_CURVE('',#12741,#9624,#15697,.T.);
#15697 = SEAM_CURVE('',#15698,(#15702,#15709),.PCURVE_S1.);
#15698 = LINE('',#15699,#15700);
#15699 = CARTESIAN_POINT('',(233.,125.,16.));
#15700 = VECTOR('',#15701,1.);
#15701 = DIRECTION('',(0.,0.,1.));
#15702 = PCURVE('',#9644,#15703);
#15703 = DEFINITIONAL_REPRESENTATION('',(#15704),#15708);
#15704 = LINE('',#15705,#15706);
#15705 = CARTESIAN_POINT('',(-6.28318530718,0.));
#15706 = VECTOR('',#15707,1.);
#15707 = DIRECTION('',(-0.,-1.));
#15708 = ( GEOMETRIC_REPRESENTATION_CONTEXT(2) 
PARAMETRIC_REPRESENTATION_CONTEXT() REPRESENTATION_CONTEXT('2D SPACE',''
  ) );
#15709 = PCURVE('',#9644,#15710);
#15710 = DEFINITIONAL_REPRESENTATION('',(#15711),#15715);
#15711 = LINE('',#15712,#15713);
#15712 = CARTESIAN_POINT('',(-0.,0.));
#15713 = VECTOR('',#15714,1.);
#15714 = DIRECTION('',(-0.,-1.));
#15715 = ( GEOMETRIC_REPRESENTATION_CONTEXT(2) 
PARAMETRIC_REPRESENTATION_CONTEXT() REPRESENTATION_CONTEXT('2D SPACE',''
  ) );
#15716 = ORIENTED_EDGE('',*,*,#9623,.F.);
#15717 = ORIENTED_EDGE('',*,*,#15696,.F.);
#15718 = ADVANCED_FACE('',(#15719),#9679,.T.);
#15719 = FACE_BOUND('',#15720,.F.);
#15720 = EDGE_LOOP('',(#15721,#15722,#15743,#15744));
#15721 = ORIENTED_EDGE('',*,*,#12770,.F.);
#15722 = ORIENTED_EDGE('',*,*,#15723,.T.);
#15723 = EDGE_CURVE('',#12771,#9659,#15724,.T.);
#15724 = SEAM_CURVE('',#15725,(#15729,#15736),.PCURVE_S1.);
#15725 = LINE('',#15726,#15727);
#15726 = CARTESIAN_POINT('',(283.,125.,16.));
#15727 = VECTOR('',#15728,1.);
#15728 = DIRECTION('',(0.,0.,1.));
#15729 = PCURVE('',#9679,#15730);
#15730 = DEFINITIONAL_REPRESENTATION('',(#15731),#15735);
#15731 = LINE('',#15732,#15733);
#15732 = CARTESIAN_POINT('',(-6.28318530718,0.));
#15733 = VECTOR('',#15734,1.);
#15734 = DIRECTION('',(-0.,-1.));
#15735 = ( GEOMETRIC_REPRESENTATION_CONTEXT(2) 
PARAMETRIC_REPRESENTATION_CONTEXT() REPRESENTATION_CONTEXT('2D SPACE',''
  ) );
#15736 = PCURVE('',#9679,#15737);
#15737 = DEFINITIONAL_REPRESENTATION('',(#15738),#15742);
#15738 = LINE('',#15739,#15740);
#15739 = CARTESIAN_POINT('',(-0.,0.));
#15740 = VECTOR('',#15741,1.);
#15741 = DIRECTION('',(-0.,-1.));
#15742 = ( GEOMETRIC_REPRESENTATION_CONTEXT(2) 
PARAMETRIC_REPRESENTATION_CONTEXT() REPRESENTATION_CONTEXT('2D SPACE',''
  ) );
#15743 = ORIENTED_EDGE('',*,*,#9658,.F.);
#15744 = ORIENTED_EDGE('',*,*,#15723,.F.);
#15745 = ADVANCED_FACE('',(#15746),#9714,.T.);
#15746 = FACE_BOUND('',#15747,.F.);
#15747 = EDGE_LOOP('',(#15748,#15749,#15770,#15771));
#15748 = ORIENTED_EDGE('',*,*,#12800,.F.);
#15749 = ORIENTED_EDGE('',*,*,#15750,.T.);
#15750 = EDGE_CURVE('',#12801,#9694,#15751,.T.);
#15751 = SEAM_CURVE('',#15752,(#15756,#15763),.PCURVE_S1.);
#15752 = LINE('',#15753,#15754);
#15753 = CARTESIAN_POINT('',(333.,125.,16.));
#15754 = VECTOR('',#15755,1.);
#15755 = DIRECTION('',(0.,0.,1.));
#15756 = PCURVE('',#9714,#15757);
#15757 = DEFINITIONAL_REPRESENTATION('',(#15758),#15762);
#15758 = LINE('',#15759,#15760);
#15759 = CARTESIAN_POINT('',(-6.28318530718,0.));
#15760 = VECTOR('',#15761,1.);
#15761 = DIRECTION('',(-0.,-1.));
#15762 = ( GEOMETRIC_REPRESENTATION_CONTEXT(2) 
PARAMETRIC_REPRESENTATION_CONTEXT() REPRESENTATION_CONTEXT('2D SPACE',''
  ) );
#15763 = PCURVE('',#9714,#15764);
#15764 = DEFINITIONAL_REPRESENTATION('',(#15765),#15769);
#15765 = LINE('',#15766,#15767);
#15766 = CARTESIAN_POINT('',(-0.,0.));
#15767 = VECTOR('',#15768,1.);
#15768 = DIRECTION('',(-0.,-1.));
#15769 = ( GEOMETRIC_REPRESENTATION_CONTEXT(2) 
PARAMETRIC_REPRESENTATION_CONTEXT() REPRESENTATION_CONTEXT('2D SPACE',''
  ) );
#15770 = ORIENTED_EDGE('',*,*,#9693,.F.);
#15771 = ORIENTED_EDGE('',*,*,#15750,.F.);
#15772 = ADVANCED_FACE('',(#15773),#9749,.T.);
#15773 = FACE_BOUND('',#15774,.F.);
#15774 = EDGE_LOOP('',(#15775,#15776,#15797,#15798));
#15775 = ORIENTED_EDGE('',*,*,#12830,.F.);
#15776 = ORIENTED_EDGE('',*,*,#15777,.T.);
#15777 = EDGE_CURVE('',#12831,#9729,#15778,.T.);
#15778 = SEAM_CURVE('',#15779,(#15783,#15790),.PCURVE_S1.);
#15779 = LINE('',#15780,#15781);
#15780 = CARTESIAN_POINT('',(383.,125.,16.));
#15781 = VECTOR('',#15782,1.);
#15782 = DIRECTION('',(0.,0.,1.));
#15783 = PCURVE('',#9749,#15784);
#15784 = DEFINITIONAL_REPRESENTATION('',(#15785),#15789);
#15785 = LINE('',#15786,#15787);
#15786 = CARTESIAN_POINT('',(-6.28318530718,0.));
#15787 = VECTOR('',#15788,1.);
#15788 = DIRECTION('',(-0.,-1.));
#15789 = ( GEOMETRIC_REPRESENTATION_CONTEXT(2) 
PARAMETRIC_REPRESENTATION_CONTEXT() REPRESENTATION_CONTEXT('2D SPACE',''
  ) );
#15790 = PCURVE('',#9749,#15791);
#15791 = DEFINITIONAL_REPRESENTATION('',(#15792),#15796);
#15792 = LINE('',#15793,#15794);
#15793 = CARTESIAN_POINT('',(-0.,0.));
#15794 = VECTOR('',#15795,1.);
#15795 = DIRECTION('',(-0.,-1.));
#15796 = ( GEOMETRIC_REPRESENTATION_CONTEXT(2) 
PARAMETRIC_REPRESENTATION_CONTEXT() REPRESENTATION_CONTEXT('2D SPACE',''
  ) );
#15797 = ORIENTED_EDGE('',*,*,#9728,.F.);
#15798 = ORIENTED_EDGE('',*,*,#15777,.F.);
#15799 = ADVANCED_FACE('',(#15800),#9784,.T.);
#15800 = FACE_BOUND('',#15801,.F.);
#15801 = EDGE_LOOP('',(#15802,#15803,#15824,#15825));
#15802 = ORIENTED_EDGE('',*,*,#12860,.F.);
#15803 = ORIENTED_EDGE('',*,*,#15804,.T.);
#15804 = EDGE_CURVE('',#12861,#9764,#15805,.T.);
#15805 = SEAM_CURVE('',#15806,(#15810,#15817),.PCURVE_S1.);
#15806 = LINE('',#15807,#15808);
#15807 = CARTESIAN_POINT('',(433.,125.,16.));
#15808 = VECTOR('',#15809,1.);
#15809 = DIRECTION('',(0.,0.,1.));
#15810 = PCURVE('',#9784,#15811);
#15811 = DEFINITIONAL_REPRESENTATION('',(#15812),#15816);
#15812 = LINE('',#15813,#15814);
#15813 = CARTESIAN_POINT('',(-6.28318530718,0.));
#15814 = VECTOR('',#15815,1.);
#15815 = DIRECTION('',(-0.,-1.));
#15816 = ( GEOMETRIC_REPRESENTATION_CONTEXT(2) 
PARAMETRIC_REPRESENTATION_CONTEXT() REPRESENTATION_CONTEXT('2D SPACE',''
  ) );
#15817 = PCURVE('',#9784,#15818);
#15818 = DEFINITIONAL_REPRESENTATION('',(#15819),#15823);
#15819 = LINE('',#15820,#15821);
#15820 = CARTESIAN_POINT('',(-0.,0.));
#15821 = VECTOR('',#15822,1.);
#15822 = DIRECTION('',(-0.,-1.));
#15823 = ( GEOMETRIC_REPRESENTATION_CONTEXT(2) 
PARAMETRIC_REPRESENTATION_CONTEXT() REPRESENTATION_CONTEXT('2D SPACE',''
  ) );
#15824 = ORIENTED_EDGE('',*,*,#9763,.F.);
#15825 = ORIENTED_EDGE('',*,*,#15804,.F.);
#15826 = ADVANCED_FACE('',(#15827),#9819,.T.);
#15827 = FACE_BOUND('',#15828,.F.);
#15828 = EDGE_LOOP('',(#15829,#15830,#15851,#15852));
#15829 = ORIENTED_EDGE('',*,*,#12890,.F.);
#15830 = ORIENTED_EDGE('',*,*,#15831,.T.);
#15831 = EDGE_CURVE('',#12891,#9799,#15832,.T.);
#15832 = SEAM_CURVE('',#15833,(#15837,#15844),.PCURVE_S1.);
#15833 = LINE('',#15834,#15835);
#15834 = CARTESIAN_POINT('',(33.,175.,16.));
#15835 = VECTOR('',#15836,1.);
#15836 = DIRECTION('',(0.,0.,1.));
#15837 = PCURVE('',#9819,#15838);
#15838 = DEFINITIONAL_REPRESENTATION('',(#15839),#15843);
#15839 = LINE('',#15840,#15841);
#15840 = CARTESIAN_POINT('',(-6.28318530718,0.));
#15841 = VECTOR('',#15842,1.);
#15842 = DIRECTION('',(-0.,-1.));
#15843 = ( GEOMETRIC_REPRESENTATION_CONTEXT(2) 
PARAMETRIC_REPRESENTATION_CONTEXT() REPRESENTATION_CONTEXT('2D SPACE',''
  ) );
#15844 = PCURVE('',#9819,#15845);
#15845 = DEFINITIONAL_REPRESENTATION('',(#15846),#15850);
#15846 = LINE('',#15847,#15848);
#15847 = CARTESIAN_POINT('',(-0.,0.));
#15848 = VECTOR('',#15849,1.);
#15849 = DIRECTION('',(-0.,-1.));
#15850 = ( GEOMETRIC_REPRESENTATION_CONTEXT(2) 
PARAMETRIC_REPRESENTATION_CONTEXT() REPRESENTATION_CONTEXT('2D SPACE',''
  ) );
#15851 = ORIENTED_EDGE('',*,*,#9798,.F.);
#15852 = ORIENTED_EDGE('',*,*,#15831,.F.);
#15853 = ADVANCED_FACE('',(#15854),#9854,.T.);
#15854 = FACE_BOUND('',#15855,.F.);
#15855 = EDGE_LOOP('',(#15856,#15857,#15878,#15879));
#15856 = ORIENTED_EDGE('',*,*,#12920,.F.);
#15857 = ORIENTED_EDGE('',*,*,#15858,.T.);
#15858 = EDGE_CURVE('',#12921,#9834,#15859,.T.);
#15859 = SEAM_CURVE('',#15860,(#15864,#15871),.PCURVE_S1.);
#15860 = LINE('',#15861,#15862);
#15861 = CARTESIAN_POINT('',(83.,175.,16.));
#15862 = VECTOR('',#15863,1.);
#15863 = DIRECTION('',(0.,0.,1.));
#15864 = PCURVE('',#9854,#15865);
#15865 = DEFINITIONAL_REPRESENTATION('',(#15866),#15870);
#15866 = LINE('',#15867,#15868);
#15867 = CARTESIAN_POINT('',(-6.28318530718,0.));
#15868 = VECTOR('',#15869,1.);
#15869 = DIRECTION('',(-0.,-1.));
#15870 = ( GEOMETRIC_REPRESENTATION_CONTEXT(2) 
PARAMETRIC_REPRESENTATION_CONTEXT() REPRESENTATION_CONTEXT('2D SPACE',''
  ) );
#15871 = PCURVE('',#9854,#15872);
#15872 = DEFINITIONAL_REPRESENTATION('',(#15873),#15877);
#15873 = LINE('',#15874,#15875);
#15874 = CARTESIAN_POINT('',(-0.,0.));
#15875 = VECTOR('',#15876,1.);
#15876 = DIRECTION('',(-0.,-1.));
#15877 = ( GEOMETRIC_REPRESENTATION_CONTEXT(2) 
PARAMETRIC_REPRESENTATION_CONTEXT() REPRESENTATION_CONTEXT('2D SPACE',''
  ) );
#15878 = ORIENTED_EDGE('',*,*,#9833,.F.);
#15879 = ORIENTED_EDGE('',*,*,#15858,.F.);
#15880 = ADVANCED_FACE('',(#15881),#9889,.T.);
#15881 = FACE_BOUND('',#15882,.F.);
#15882 = EDGE_LOOP('',(#15883,#15884,#15905,#15906));
#15883 = ORIENTED_EDGE('',*,*,#12950,.F.);
#15884 = ORIENTED_EDGE('',*,*,#15885,.T.);
#15885 = EDGE_CURVE('',#12951,#9869,#15886,.T.);
#15886 = SEAM_CURVE('',#15887,(#15891,#15898),.PCURVE_S1.);
#15887 = LINE('',#15888,#15889);
#15888 = CARTESIAN_POINT('',(33.,225.,16.));
#15889 = VECTOR('',#15890,1.);
#15890 = DIRECTION('',(0.,0.,1.));
#15891 = PCURVE('',#9889,#15892);
#15892 = DEFINITIONAL_REPRESENTATION('',(#15893),#15897);
#15893 = LINE('',#15894,#15895);
#15894 = CARTESIAN_POINT('',(-6.28318530718,0.));
#15895 = VECTOR('',#15896,1.);
#15896 = DIRECTION('',(-0.,-1.));
#15897 = ( GEOMETRIC_REPRESENTATION_CONTEXT(2) 
PARAMETRIC_REPRESENTATION_CONTEXT() REPRESENTATION_CONTEXT('2D SPACE',''
  ) );
#15898 = PCURVE('',#9889,#15899);
#15899 = DEFINITIONAL_REPRESENTATION('',(#15900),#15904);
#15900 = LINE('',#15901,#15902);
#15901 = CARTESIAN_POINT('',(-0.,0.));
#15902 = VECTOR('',#15903,1.);
#15903 = DIRECTION('',(-0.,-1.));
#15904 = ( GEOMETRIC_REPRESENTATION_CONTEXT(2) 
PARAMETRIC_REPRESENTATION_CONTEXT() REPRESENTATION_CONTEXT('2D SPACE',''
  ) );
#15905 = ORIENTED_EDGE('',*,*,#9868,.F.);
#15906 = ORIENTED_EDGE('',*,*,#15885,.F.);
#15907 = ADVANCED_FACE('',(#15908),#9924,.T.);
#15908 = FACE_BOUND('',#15909,.F.);
#15909 = EDGE_LOOP('',(#15910,#15911,#15932,#15933));
#15910 = ORIENTED_EDGE('',*,*,#12980,.F.);
#15911 = ORIENTED_EDGE('',*,*,#15912,.T.);
#15912 = EDGE_CURVE('',#12981,#9904,#15913,.T.);
#15913 = SEAM_CURVE('',#15914,(#15918,#15925),.PCURVE_S1.);
#15914 = LINE('',#15915,#15916);
#15915 = CARTESIAN_POINT('',(83.,225.,16.));
#15916 = VECTOR('',#15917,1.);
#15917 = DIRECTION('',(0.,0.,1.));
#15918 = PCURVE('',#9924,#15919);
#15919 = DEFINITIONAL_REPRESENTATION('',(#15920),#15924);
#15920 = LINE('',#15921,#15922);
#15921 = CARTESIAN_POINT('',(-6.28318530718,0.));
#15922 = VECTOR('',#15923,1.);
#15923 = DIRECTION('',(-0.,-1.));
#15924 = ( GEOMETRIC_REPRESENTATION_CONTEXT(2) 
PARAMETRIC_REPRESENTATION_CONTEXT() REPRESENTATION_CONTEXT('2D SPACE',''
  ) );
#15925 = PCURVE('',#9924,#15926);
#15926 = DEFINITIONAL_REPRESENTATION('',(#15927),#15931);
#15927 = LINE('',#15928,#15929);
#15928 = CARTESIAN_POINT('',(-0.,0.));
#15929 = VECTOR('',#15930,1.);
#15930 = DIRECTION('',(-0.,-1.));
#15931 = ( GEOMETRIC_REPRESENTATION_CONTEXT(2) 
PARAMETRIC_REPRESENTATION_CONTEXT() REPRESENTATION_CONTEXT('2D SPACE',''
  ) );
#15932 = ORIENTED_EDGE('',*,*,#9903,.F.);
#15933 = ORIENTED_EDGE('',*,*,#15912,.F.);
#15934 = ADVANCED_FACE('',(#15935),#9959,.T.);
#15935 = FACE_BOUND('',#15936,.F.);
#15936 = EDGE_LOOP('',(#15937,#15938,#15959,#15960));
#15937 = ORIENTED_EDGE('',*,*,#13010,.F.);
#15938 = ORIENTED_EDGE('',*,*,#15939,.T.);
#15939 = EDGE_CURVE('',#13011,#9939,#15940,.T.);
#15940 = SEAM_CURVE('',#15941,(#15945,#15952),.PCURVE_S1.);
#15941 = LINE('',#15942,#15943);
#15942 = CARTESIAN_POINT('',(133.,175.,16.));
#15943 = VECTOR('',#15944,1.);
#15944 = DIRECTION('',(0.,0.,1.));
#15945 = PCURVE('',#9959,#15946);
#15946 = DEFINITIONAL_REPRESENTATION('',(#15947),#15951);
#15947 = LINE('',#15948,#15949);
#15948 = CARTESIAN_POINT('',(-6.28318530718,0.));
#15949 = VECTOR('',#15950,1.);
#15950 = DIRECTION('',(-0.,-1.));
#15951 = ( GEOMETRIC_REPRESENTATION_CONTEXT(2) 
PARAMETRIC_REPRESENTATION_CONTEXT() REPRESENTATION_CONTEXT('2D SPACE',''
  ) );
#15952 = PCURVE('',#9959,#15953);
#15953 = DEFINITIONAL_REPRESENTATION('',(#15954),#15958);
#15954 = LINE('',#15955,#15956);
#15955 = CARTESIAN_POINT('',(-0.,0.));
#15956 = VECTOR('',#15957,1.);
#15957 = DIRECTION('',(-0.,-1.));
#15958 = ( GEOMETRIC_REPRESENTATION_CONTEXT(2) 
PARAMETRIC_REPRESENTATION_CONTEXT() REPRESENTATION_CONTEXT('2D SPACE',''
  ) );
#15959 = ORIENTED_EDGE('',*,*,#9938,.F.);
#15960 = ORIENTED_EDGE('',*,*,#15939,.F.);
#15961 = ADVANCED_FACE('',(#15962),#9994,.T.);
#15962 = FACE_BOUND('',#15963,.F.);
#15963 = EDGE_LOOP('',(#15964,#15965,#15986,#15987));
#15964 = ORIENTED_EDGE('',*,*,#13040,.F.);
#15965 = ORIENTED_EDGE('',*,*,#15966,.T.);
#15966 = EDGE_CURVE('',#13041,#9974,#15967,.T.);
#15967 = SEAM_CURVE('',#15968,(#15972,#15979),.PCURVE_S1.);
#15968 = LINE('',#15969,#15970);
#15969 = CARTESIAN_POINT('',(183.,175.,16.));
#15970 = VECTOR('',#15971,1.);
#15971 = DIRECTION('',(0.,0.,1.));
#15972 = PCURVE('',#9994,#15973);
#15973 = DEFINITIONAL_REPRESENTATION('',(#15974),#15978);
#15974 = LINE('',#15975,#15976);
#15975 = CARTESIAN_POINT('',(-6.28318530718,0.));
#15976 = VECTOR('',#15977,1.);
#15977 = DIRECTION('',(-0.,-1.));
#15978 = ( GEOMETRIC_REPRESENTATION_CONTEXT(2) 
PARAMETRIC_REPRESENTATION_CONTEXT() REPRESENTATION_CONTEXT('2D SPACE',''
  ) );
#15979 = PCURVE('',#9994,#15980);
#15980 = DEFINITIONAL_REPRESENTATION('',(#15981),#15985);
#15981 = LINE('',#15982,#15983);
#15982 = CARTESIAN_POINT('',(-0.,0.));
#15983 = VECTOR('',#15984,1.);
#15984 = DIRECTION('',(-0.,-1.));
#15985 = ( GEOMETRIC_REPRESENTATION_CONTEXT(2) 
PARAMETRIC_REPRESENTATION_CONTEXT() REPRESENTATION_CONTEXT('2D SPACE',''
  ) );
#15986 = ORIENTED_EDGE('',*,*,#9973,.F.);
#15987 = ORIENTED_EDGE('',*,*,#15966,.F.);
#15988 = ADVANCED_FACE('',(#15989),#10029,.T.);
#15989 = FACE_BOUND('',#15990,.F.);
#15990 = EDGE_LOOP('',(#15991,#15992,#16013,#16014));
#15991 = ORIENTED_EDGE('',*,*,#13105,.F.);
#15992 = ORIENTED_EDGE('',*,*,#15993,.T.);
#15993 = EDGE_CURVE('',#13106,#10009,#15994,.T.);
#15994 = SEAM_CURVE('',#15995,(#15999,#16006),.PCURVE_S1.);
#15995 = LINE('',#15996,#15997);
#15996 = CARTESIAN_POINT('',(133.,225.,16.));
#15997 = VECTOR('',#15998,1.);
#15998 = DIRECTION('',(0.,0.,1.));
#15999 = PCURVE('',#10029,#16000);
#16000 = DEFINITIONAL_REPRESENTATION('',(#16001),#16005);
#16001 = LINE('',#16002,#16003);
#16002 = CARTESIAN_POINT('',(-6.28318530718,0.));
#16003 = VECTOR('',#16004,1.);
#16004 = DIRECTION('',(-0.,-1.));
#16005 = ( GEOMETRIC_REPRESENTATION_CONTEXT(2) 
PARAMETRIC_REPRESENTATION_CONTEXT() REPRESENTATION_CONTEXT('2D SPACE',''
  ) );
#16006 = PCURVE('',#10029,#16007);
#16007 = DEFINITIONAL_REPRESENTATION('',(#16008),#16012);
#16008 = LINE('',#16009,#16010);
#16009 = CARTESIAN_POINT('',(-0.,0.));
#16010 = VECTOR('',#16011,1.);
#16011 = DIRECTION('',(-0.,-1.));
#16012 = ( GEOMETRIC_REPRESENTATION_CONTEXT(2) 
PARAMETRIC_REPRESENTATION_CONTEXT() REPRESENTATION_CONTEXT('2D SPACE',''
  ) );
#16013 = ORIENTED_EDGE('',*,*,#10008,.F.);
#16014 = ORIENTED_EDGE('',*,*,#15993,.F.);
#16015 = ADVANCED_FACE('',(#16016),#10064,.T.);
#16016 = FACE_BOUND('',#16017,.F.);
#16017 = EDGE_LOOP('',(#16018,#16019,#16040,#16041));
#16018 = ORIENTED_EDGE('',*,*,#13135,.F.);
#16019 = ORIENTED_EDGE('',*,*,#16020,.T.);
#16020 = EDGE_CURVE('',#13136,#10044,#16021,.T.);
#16021 = SEAM_CURVE('',#16022,(#16026,#16033),.PCURVE_S1.);
#16022 = LINE('',#16023,#16024);
#16023 = CARTESIAN_POINT('',(183.,225.,16.));
#16024 = VECTOR('',#16025,1.);
#16025 = DIRECTION('',(0.,0.,1.));
#16026 = PCURVE('',#10064,#16027);
#16027 = DEFINITIONAL_REPRESENTATION('',(#16028),#16032);
#16028 = LINE('',#16029,#16030);
#16029 = CARTESIAN_POINT('',(-6.28318530718,0.));
#16030 = VECTOR('',#16031,1.);
#16031 = DIRECTION('',(-0.,-1.));
#16032 = ( GEOMETRIC_REPRESENTATION_CONTEXT(2) 
PARAMETRIC_REPRESENTATION_CONTEXT() REPRESENTATION_CONTEXT('2D SPACE',''
  ) );
#16033 = PCURVE('',#10064,#16034);
#16034 = DEFINITIONAL_REPRESENTATION('',(#16035),#16039);
#16035 = LINE('',#16036,#16037);
#16036 = CARTESIAN_POINT('',(-0.,0.));
#16037 = VECTOR('',#16038,1.);
#16038 = DIRECTION('',(-0.,-1.));
#16039 = ( GEOMETRIC_REPRESENTATION_CONTEXT(2) 
PARAMETRIC_REPRESENTATION_CONTEXT() REPRESENTATION_CONTEXT('2D SPACE',''
  ) );
#16040 = ORIENTED_EDGE('',*,*,#10043,.F.);
#16041 = ORIENTED_EDGE('',*,*,#16020,.F.);
#16042 = ADVANCED_FACE('',(#16043),#10099,.T.);
#16043 = FACE_BOUND('',#16044,.F.);
#16044 = EDGE_LOOP('',(#16045,#16046,#16067,#16068));
#16045 = ORIENTED_EDGE('',*,*,#13200,.F.);
#16046 = ORIENTED_EDGE('',*,*,#16047,.T.);
#16047 = EDGE_CURVE('',#13201,#10079,#16048,.T.);
#16048 = SEAM_CURVE('',#16049,(#16053,#16060),.PCURVE_S1.);
#16049 = LINE('',#16050,#16051);
#16050 = CARTESIAN_POINT('',(33.,275.,16.));
#16051 = VECTOR('',#16052,1.);
#16052 = DIRECTION('',(0.,0.,1.));
#16053 = PCURVE('',#10099,#16054);
#16054 = DEFINITIONAL_REPRESENTATION('',(#16055),#16059);
#16055 = LINE('',#16056,#16057);
#16056 = CARTESIAN_POINT('',(-6.28318530718,0.));
#16057 = VECTOR('',#16058,1.);
#16058 = DIRECTION('',(-0.,-1.));
#16059 = ( GEOMETRIC_REPRESENTATION_CONTEXT(2) 
PARAMETRIC_REPRESENTATION_CONTEXT() REPRESENTATION_CONTEXT('2D SPACE',''
  ) );
#16060 = PCURVE('',#10099,#16061);
#16061 = DEFINITIONAL_REPRESENTATION('',(#16062),#16066);
#16062 = LINE('',#16063,#16064);
#16063 = CARTESIAN_POINT('',(-0.,0.));
#16064 = VECTOR('',#16065,1.);
#16065 = DIRECTION('',(-0.,-1.));
#16066 = ( GEOMETRIC_REPRESENTATION_CONTEXT(2) 
PARAMETRIC_REPRESENTATION_CONTEXT() REPRESENTATION_CONTEXT('2D SPACE',''
  ) );
#16067 = ORIENTED_EDGE('',*,*,#10078,.F.);
#16068 = ORIENTED_EDGE('',*,*,#16047,.F.);
#16069 = ADVANCED_FACE('',(#16070),#10131,.F.);
#16070 = FACE_BOUND('',#16071,.F.);
#16071 = EDGE_LOOP('',(#16072,#16093,#16094,#16115));
#16072 = ORIENTED_EDGE('',*,*,#16073,.F.);
#16073 = EDGE_CURVE('',#13326,#10114,#16074,.T.);
#16074 = SURFACE_CURVE('',#16075,(#16079,#16086),.PCURVE_S1.);
#16075 = LINE('',#16076,#16077);
#16076 = CARTESIAN_POINT('',(95.,242.,16.));
#16077 = VECTOR('',#16078,1.);
#16078 = DIRECTION('',(0.,0.,1.));
#16079 = PCURVE('',#10131,#16080);
#16080 = DEFINITIONAL_REPRESENTATION('',(#16081),#16085);
#16081 = LINE('',#16082,#16083);
#16082 = CARTESIAN_POINT('',(0.,40.));
#16083 = VECTOR('',#16084,1.);
#16084 = DIRECTION('',(1.,0.));
#16085 = ( GEOMETRIC_REPRESENTATION_CONTEXT(2) 
PARAMETRIC_REPRESENTATION_CONTEXT() REPRESENTATION_CONTEXT('2D SPACE',''
  ) );
#16086 = PCURVE('',#10213,#16087);
#16087 = DEFINITIONAL_REPRESENTATION('',(#16088),#16092);
#16088 = LINE('',#16089,#16090);
#16089 = CARTESIAN_POINT('',(0.,0.));
#16090 = VECTOR('',#16091,1.);
#16091 = DIRECTION('',(1.,0.));
#16092 = ( GEOMETRIC_REPRESENTATION_CONTEXT(2) 
PARAMETRIC_REPRESENTATION_CONTEXT() REPRESENTATION_CONTEXT('2D SPACE',''
  ) );
#16093 = ORIENTED_EDGE('',*,*,#13325,.F.);
#16094 = ORIENTED_EDGE('',*,*,#16095,.T.);
#16095 = EDGE_CURVE('',#13301,#10116,#16096,.T.);
#16096 = SURFACE_CURVE('',#16097,(#16101,#16108),.PCURVE_S1.);
#16097 = LINE('',#16098,#16099);
#16098 = CARTESIAN_POINT('',(55.,242.,16.));
#16099 = VECTOR('',#16100,1.);
#16100 = DIRECTION('',(0.,0.,1.));
#16101 = PCURVE('',#10131,#16102);
#16102 = DEFINITIONAL_REPRESENTATION('',(#16103),#16107);
#16103 = LINE('',#16104,#16105);
#16104 = CARTESIAN_POINT('',(0.,0.));
#16105 = VECTOR('',#16106,1.);
#16106 = DIRECTION('',(1.,0.));
#16107 = ( GEOMETRIC_REPRESENTATION_CONTEXT(2) 
PARAMETRIC_REPRESENTATION_CONTEXT() REPRESENTATION_CONTEXT('2D SPACE',''
  ) );
#16108 = PCURVE('',#10159,#16109);
#16109 = DEFINITIONAL_REPRESENTATION('',(#16110),#16114);
#16110 = LINE('',#16111,#16112);
#16111 = CARTESIAN_POINT('',(0.,0.));
#16112 = VECTOR('',#16113,1.);
#16113 = DIRECTION('',(1.,0.));
#16114 = ( GEOMETRIC_REPRESENTATION_CONTEXT(2) 
PARAMETRIC_REPRESENTATION_CONTEXT() REPRESENTATION_CONTEXT('2D SPACE',''
  ) );
#16115 = ORIENTED_EDGE('',*,*,#10113,.F.);
#16116 = ADVANCED_FACE('',(#16117),#10159,.F.);
#16117 = FACE_BOUND('',#16118,.F.);
#16118 = EDGE_LOOP('',(#16119,#16120,#16121,#16142));
#16119 = ORIENTED_EDGE('',*,*,#16095,.F.);
#16120 = ORIENTED_EDGE('',*,*,#13300,.T.);
#16121 = ORIENTED_EDGE('',*,*,#16122,.T.);
#16122 = EDGE_CURVE('',#13303,#10144,#16123,.T.);
#16123 = SURFACE_CURVE('',#16124,(#16128,#16135),.PCURVE_S1.);
#16124 = LINE('',#16125,#16126);
#16125 = CARTESIAN_POINT('',(55.,308.,16.));
#16126 = VECTOR('',#16127,1.);
#16127 = DIRECTION('',(0.,0.,1.));
#16128 = PCURVE('',#10159,#16129);
#16129 = DEFINITIONAL_REPRESENTATION('',(#16130),#16134);
#16130 = LINE('',#16131,#16132);
#16131 = CARTESIAN_POINT('',(0.,-66.));
#16132 = VECTOR('',#16133,1.);
#16133 = DIRECTION('',(1.,0.));
#16134 = ( GEOMETRIC_REPRESENTATION_CONTEXT(2) 
PARAMETRIC_REPRESENTATION_CONTEXT() REPRESENTATION_CONTEXT('2D SPACE',''
  ) );
#16135 = PCURVE('',#10187,#16136);
#16136 = DEFINITIONAL_REPRESENTATION('',(#16137),#16141);
#16137 = LINE('',#16138,#16139);
#16138 = CARTESIAN_POINT('',(0.,0.));
#16139 = VECTOR('',#16140,1.);
#16140 = DIRECTION('',(1.,0.));
#16141 = ( GEOMETRIC_REPRESENTATION_CONTEXT(2) 
PARAMETRIC_REPRESENTATION_CONTEXT() REPRESENTATION_CONTEXT('2D SPACE',''
  ) );
#16142 = ORIENTED_EDGE('',*,*,#10143,.F.);
#16143 = ADVANCED_FACE('',(#16144),#10187,.T.);
#16144 = FACE_BOUND('',#16145,.T.);
#16145 = EDGE_LOOP('',(#16146,#16167,#16168,#16169));
#16146 = ORIENTED_EDGE('',*,*,#16147,.F.);
#16147 = EDGE_CURVE('',#13349,#10172,#16148,.T.);
#16148 = SURFACE_CURVE('',#16149,(#16153,#16160),.PCURVE_S1.);
#16149 = LINE('',#16150,#16151);
#16150 = CARTESIAN_POINT('',(95.,308.,16.));
#16151 = VECTOR('',#16152,1.);
#16152 = DIRECTION('',(0.,0.,1.));
#16153 = PCURVE('',#10187,#16154);
#16154 = DEFINITIONAL_REPRESENTATION('',(#16155),#16159);
#16155 = LINE('',#16156,#16157);
#16156 = CARTESIAN_POINT('',(0.,40.));
#16157 = VECTOR('',#16158,1.);
#16158 = DIRECTION('',(1.,0.));
#16159 = ( GEOMETRIC_REPRESENTATION_CONTEXT(2) 
PARAMETRIC_REPRESENTATION_CONTEXT() REPRESENTATION_CONTEXT('2D SPACE',''
  ) );
#16160 = PCURVE('',#10213,#16161);
#16161 = DEFINITIONAL_REPRESENTATION('',(#16162),#16166);
#16162 = LINE('',#16163,#16164);
#16163 = CARTESIAN_POINT('',(0.,-66.));
#16164 = VECTOR('',#16165,1.);
#16165 = DIRECTION('',(1.,0.));
#16166 = ( GEOMETRIC_REPRESENTATION_CONTEXT(2) 
PARAMETRIC_REPRESENTATION_CONTEXT() REPRESENTATION_CONTEXT('2D SPACE',''
  ) );
#16167 = ORIENTED_EDGE('',*,*,#13371,.F.);
#16168 = ORIENTED_EDGE('',*,*,#16122,.T.);
#16169 = ORIENTED_EDGE('',*,*,#10171,.F.);
#16170 = ADVANCED_FACE('',(#16171),#10213,.T.);
#16171 = FACE_BOUND('',#16172,.T.);
#16172 = EDGE_LOOP('',(#16173,#16174,#16175,#16176));
#16173 = ORIENTED_EDGE('',*,*,#16073,.F.);
#16174 = ORIENTED_EDGE('',*,*,#13348,.T.);
#16175 = ORIENTED_EDGE('',*,*,#16147,.T.);
#16176 = ORIENTED_EDGE('',*,*,#10199,.F.);
#16177 = ADVANCED_FACE('',(#16178),#10248,.T.);
#16178 = FACE_BOUND('',#16179,.F.);
#16179 = EDGE_LOOP('',(#16180,#16181,#16202,#16203));
#16180 = ORIENTED_EDGE('',*,*,#13537,.F.);
#16181 = ORIENTED_EDGE('',*,*,#16182,.T.);
#16182 = EDGE_CURVE('',#13538,#10228,#16183,.T.);
#16183 = SEAM_CURVE('',#16184,(#16188,#16195),.PCURVE_S1.);
#16184 = LINE('',#16185,#16186);
#16185 = CARTESIAN_POINT('',(33.,325.,16.));
#16186 = VECTOR('',#16187,1.);
#16187 = DIRECTION('',(0.,0.,1.));
#16188 = PCURVE('',#10248,#16189);
#16189 = DEFINITIONAL_REPRESENTATION('',(#16190),#16194);
#16190 = LINE('',#16191,#16192);
#16191 = CARTESIAN_POINT('',(-6.28318530718,0.));
#16192 = VECTOR('',#16193,1.);
#16193 = DIRECTION('',(-0.,-1.));
#16194 = ( GEOMETRIC_REPRESENTATION_CONTEXT(2) 
PARAMETRIC_REPRESENTATION_CONTEXT() REPRESENTATION_CONTEXT('2D SPACE',''
  ) );
#16195 = PCURVE('',#10248,#16196);
#16196 = DEFINITIONAL_REPRESENTATION('',(#16197),#16201);
#16197 = LINE('',#16198,#16199);
#16198 = CARTESIAN_POINT('',(-0.,0.));
#16199 = VECTOR('',#16200,1.);
#16200 = DIRECTION('',(-0.,-1.));
#16201 = ( GEOMETRIC_REPRESENTATION_CONTEXT(2) 
PARAMETRIC_REPRESENTATION_CONTEXT() REPRESENTATION_CONTEXT('2D SPACE',''
  ) );
#16202 = ORIENTED_EDGE('',*,*,#10227,.F.);
#16203 = ORIENTED_EDGE('',*,*,#16182,.F.);
#16204 = ADVANCED_FACE('',(#16205),#10283,.T.);
#16205 = FACE_BOUND('',#16206,.F.);
#16206 = EDGE_LOOP('',(#16207,#16208,#16229,#16230));
#16207 = ORIENTED_EDGE('',*,*,#13567,.F.);
#16208 = ORIENTED_EDGE('',*,*,#16209,.T.);
#16209 = EDGE_CURVE('',#13568,#10263,#16210,.T.);
#16210 = SEAM_CURVE('',#16211,(#16215,#16222),.PCURVE_S1.);
#16211 = LINE('',#16212,#16213);
#16212 = CARTESIAN_POINT('',(83.,325.,16.));
#16213 = VECTOR('',#16214,1.);
#16214 = DIRECTION('',(0.,0.,1.));
#16215 = PCURVE('',#10283,#16216);
#16216 = DEFINITIONAL_REPRESENTATION('',(#16217),#16221);
#16217 = LINE('',#16218,#16219);
#16218 = CARTESIAN_POINT('',(-6.28318530718,0.));
#16219 = VECTOR('',#16220,1.);
#16220 = DIRECTION('',(-0.,-1.));
#16221 = ( GEOMETRIC_REPRESENTATION_CONTEXT(2) 
PARAMETRIC_REPRESENTATION_CONTEXT() REPRESENTATION_CONTEXT('2D SPACE',''
  ) );
#16222 = PCURVE('',#10283,#16223);
#16223 = DEFINITIONAL_REPRESENTATION('',(#16224),#16228);
#16224 = LINE('',#16225,#16226);
#16225 = CARTESIAN_POINT('',(-0.,0.));
#16226 = VECTOR('',#16227,1.);
#16227 = DIRECTION('',(-0.,-1.));
#16228 = ( GEOMETRIC_REPRESENTATION_CONTEXT(2) 
PARAMETRIC_REPRESENTATION_CONTEXT() REPRESENTATION_CONTEXT('2D SPACE',''
  ) );
#16229 = ORIENTED_EDGE('',*,*,#10262,.F.);
#16230 = ORIENTED_EDGE('',*,*,#16209,.F.);
#16231 = ADVANCED_FACE('',(#16232),#10318,.T.);
#16232 = FACE_BOUND('',#16233,.F.);
#16233 = EDGE_LOOP('',(#16234,#16235,#16256,#16257));
#16234 = ORIENTED_EDGE('',*,*,#13597,.F.);
#16235 = ORIENTED_EDGE('',*,*,#16236,.T.);
#16236 = EDGE_CURVE('',#13598,#10298,#16237,.T.);
#16237 = SEAM_CURVE('',#16238,(#16242,#16249),.PCURVE_S1.);
#16238 = LINE('',#16239,#16240);
#16239 = CARTESIAN_POINT('',(133.,275.,16.));
#16240 = VECTOR('',#16241,1.);
#16241 = DIRECTION('',(0.,0.,1.));
#16242 = PCURVE('',#10318,#16243);
#16243 = DEFINITIONAL_REPRESENTATION('',(#16244),#16248);
#16244 = LINE('',#16245,#16246);
#16245 = CARTESIAN_POINT('',(-6.28318530718,0.));
#16246 = VECTOR('',#16247,1.);
#16247 = DIRECTION('',(-0.,-1.));
#16248 = ( GEOMETRIC_REPRESENTATION_CONTEXT(2) 
PARAMETRIC_REPRESENTATION_CONTEXT() REPRESENTATION_CONTEXT('2D SPACE',''
  ) );
#16249 = PCURVE('',#10318,#16250);
#16250 = DEFINITIONAL_REPRESENTATION('',(#16251),#16255);
#16251 = LINE('',#16252,#16253);
#16252 = CARTESIAN_POINT('',(-0.,0.));
#16253 = VECTOR('',#16254,1.);
#16254 = DIRECTION('',(-0.,-1.));
#16255 = ( GEOMETRIC_REPRESENTATION_CONTEXT(2) 
PARAMETRIC_REPRESENTATION_CONTEXT() REPRESENTATION_CONTEXT('2D SPACE',''
  ) );
#16256 = ORIENTED_EDGE('',*,*,#10297,.F.);
#16257 = ORIENTED_EDGE('',*,*,#16236,.F.);
#16258 = ADVANCED_FACE('',(#16259),#10353,.T.);
#16259 = FACE_BOUND('',#16260,.F.);
#16260 = EDGE_LOOP('',(#16261,#16262,#16283,#16284));
#16261 = ORIENTED_EDGE('',*,*,#13627,.F.);
#16262 = ORIENTED_EDGE('',*,*,#16263,.T.);
#16263 = EDGE_CURVE('',#13628,#10333,#16264,.T.);
#16264 = SEAM_CURVE('',#16265,(#16269,#16276),.PCURVE_S1.);
#16265 = LINE('',#16266,#16267);
#16266 = CARTESIAN_POINT('',(183.,275.,16.));
#16267 = VECTOR('',#16268,1.);
#16268 = DIRECTION('',(0.,0.,1.));
#16269 = PCURVE('',#10353,#16270);
#16270 = DEFINITIONAL_REPRESENTATION('',(#16271),#16275);
#16271 = LINE('',#16272,#16273);
#16272 = CARTESIAN_POINT('',(-6.28318530718,0.));
#16273 = VECTOR('',#16274,1.);
#16274 = DIRECTION('',(-0.,-1.));
#16275 = ( GEOMETRIC_REPRESENTATION_CONTEXT(2) 
PARAMETRIC_REPRESENTATION_CONTEXT() REPRESENTATION_CONTEXT('2D SPACE',''
  ) );
#16276 = PCURVE('',#10353,#16277);
#16277 = DEFINITIONAL_REPRESENTATION('',(#16278),#16282);
#16278 = LINE('',#16279,#16280);
#16279 = CARTESIAN_POINT('',(-0.,0.));
#16280 = VECTOR('',#16281,1.);
#16281 = DIRECTION('',(-0.,-1.));
#16282 = ( GEOMETRIC_REPRESENTATION_CONTEXT(2) 
PARAMETRIC_REPRESENTATION_CONTEXT() REPRESENTATION_CONTEXT('2D SPACE',''
  ) );
#16283 = ORIENTED_EDGE('',*,*,#10332,.F.);
#16284 = ORIENTED_EDGE('',*,*,#16263,.F.);
#16285 = ADVANCED_FACE('',(#16286),#10388,.T.);
#16286 = FACE_BOUND('',#16287,.F.);
#16287 = EDGE_LOOP('',(#16288,#16289,#16310,#16311));
#16288 = ORIENTED_EDGE('',*,*,#13657,.F.);
#16289 = ORIENTED_EDGE('',*,*,#16290,.T.);
#16290 = EDGE_CURVE('',#13658,#10368,#16291,.T.);
#16291 = SEAM_CURVE('',#16292,(#16296,#16303),.PCURVE_S1.);
#16292 = LINE('',#16293,#16294);
#16293 = CARTESIAN_POINT('',(133.,325.,16.));
#16294 = VECTOR('',#16295,1.);
#16295 = DIRECTION('',(0.,0.,1.));
#16296 = PCURVE('',#10388,#16297);
#16297 = DEFINITIONAL_REPRESENTATION('',(#16298),#16302);
#16298 = LINE('',#16299,#16300);
#16299 = CARTESIAN_POINT('',(-6.28318530718,0.));
#16300 = VECTOR('',#16301,1.);
#16301 = DIRECTION('',(-0.,-1.));
#16302 = ( GEOMETRIC_REPRESENTATION_CONTEXT(2) 
PARAMETRIC_REPRESENTATION_CONTEXT() REPRESENTATION_CONTEXT('2D SPACE',''
  ) );
#16303 = PCURVE('',#10388,#16304);
#16304 = DEFINITIONAL_REPRESENTATION('',(#16305),#16309);
#16305 = LINE('',#16306,#16307);
#16306 = CARTESIAN_POINT('',(-0.,0.));
#16307 = VECTOR('',#16308,1.);
#16308 = DIRECTION('',(-0.,-1.));
#16309 = ( GEOMETRIC_REPRESENTATION_CONTEXT(2) 
PARAMETRIC_REPRESENTATION_CONTEXT() REPRESENTATION_CONTEXT('2D SPACE',''
  ) );
#16310 = ORIENTED_EDGE('',*,*,#10367,.F.);
#16311 = ORIENTED_EDGE('',*,*,#16290,.F.);
#16312 = ADVANCED_FACE('',(#16313),#10423,.T.);
#16313 = FACE_BOUND('',#16314,.F.);
#16314 = EDGE_LOOP('',(#16315,#16316,#16337,#16338));
#16315 = ORIENTED_EDGE('',*,*,#13687,.F.);
#16316 = ORIENTED_EDGE('',*,*,#16317,.T.);
#16317 = EDGE_CURVE('',#13688,#10403,#16318,.T.);
#16318 = SEAM_CURVE('',#16319,(#16323,#16330),.PCURVE_S1.);
#16319 = LINE('',#16320,#16321);
#16320 = CARTESIAN_POINT('',(183.,325.,16.));
#16321 = VECTOR('',#16322,1.);
#16322 = DIRECTION('',(0.,0.,1.));
#16323 = PCURVE('',#10423,#16324);
#16324 = DEFINITIONAL_REPRESENTATION('',(#16325),#16329);
#16325 = LINE('',#16326,#16327);
#16326 = CARTESIAN_POINT('',(-6.28318530718,0.));
#16327 = VECTOR('',#16328,1.);
#16328 = DIRECTION('',(-0.,-1.));
#16329 = ( GEOMETRIC_REPRESENTATION_CONTEXT(2) 
PARAMETRIC_REPRESENTATION_CONTEXT() REPRESENTATION_CONTEXT('2D SPACE',''
  ) );
#16330 = PCURVE('',#10423,#16331);
#16331 = DEFINITIONAL_REPRESENTATION('',(#16332),#16336);
#16332 = LINE('',#16333,#16334);
#16333 = CARTESIAN_POINT('',(-0.,0.));
#16334 = VECTOR('',#16335,1.);
#16335 = DIRECTION('',(-0.,-1.));
#16336 = ( GEOMETRIC_REPRESENTATION_CONTEXT(2) 
PARAMETRIC_REPRESENTATION_CONTEXT() REPRESENTATION_CONTEXT('2D SPACE',''
  ) );
#16337 = ORIENTED_EDGE('',*,*,#10402,.F.);
#16338 = ORIENTED_EDGE('',*,*,#16317,.F.);
#16339 = ADVANCED_FACE('',(#16340),#10458,.T.);
#16340 = FACE_BOUND('',#16341,.F.);
#16341 = EDGE_LOOP('',(#16342,#16343,#16364,#16365));
#16342 = ORIENTED_EDGE('',*,*,#13717,.F.);
#16343 = ORIENTED_EDGE('',*,*,#16344,.T.);
#16344 = EDGE_CURVE('',#13718,#10438,#16345,.T.);
#16345 = SEAM_CURVE('',#16346,(#16350,#16357),.PCURVE_S1.);
#16346 = LINE('',#16347,#16348);
#16347 = CARTESIAN_POINT('',(233.,175.,16.));
#16348 = VECTOR('',#16349,1.);
#16349 = DIRECTION('',(0.,0.,1.));
#16350 = PCURVE('',#10458,#16351);
#16351 = DEFINITIONAL_REPRESENTATION('',(#16352),#16356);
#16352 = LINE('',#16353,#16354);
#16353 = CARTESIAN_POINT('',(-6.28318530718,0.));
#16354 = VECTOR('',#16355,1.);
#16355 = DIRECTION('',(-0.,-1.));
#16356 = ( GEOMETRIC_REPRESENTATION_CONTEXT(2) 
PARAMETRIC_REPRESENTATION_CONTEXT() REPRESENTATION_CONTEXT('2D SPACE',''
  ) );
#16357 = PCURVE('',#10458,#16358);
#16358 = DEFINITIONAL_REPRESENTATION('',(#16359),#16363);
#16359 = LINE('',#16360,#16361);
#16360 = CARTESIAN_POINT('',(-0.,0.));
#16361 = VECTOR('',#16362,1.);
#16362 = DIRECTION('',(-0.,-1.));
#16363 = ( GEOMETRIC_REPRESENTATION_CONTEXT(2) 
PARAMETRIC_REPRESENTATION_CONTEXT() REPRESENTATION_CONTEXT('2D SPACE',''
  ) );
#16364 = ORIENTED_EDGE('',*,*,#10437,.F.);
#16365 = ORIENTED_EDGE('',*,*,#16344,.F.);
#16366 = ADVANCED_FACE('',(#16367),#10493,.T.);
#16367 = FACE_BOUND('',#16368,.F.);
#16368 = EDGE_LOOP('',(#16369,#16370,#16391,#16392));
#16369 = ORIENTED_EDGE('',*,*,#13747,.F.);
#16370 = ORIENTED_EDGE('',*,*,#16371,.T.);
#16371 = EDGE_CURVE('',#13748,#10473,#16372,.T.);
#16372 = SEAM_CURVE('',#16373,(#16377,#16384),.PCURVE_S1.);
#16373 = LINE('',#16374,#16375);
#16374 = CARTESIAN_POINT('',(283.,175.,16.));
#16375 = VECTOR('',#16376,1.);
#16376 = DIRECTION('',(0.,0.,1.));
#16377 = PCURVE('',#10493,#16378);
#16378 = DEFINITIONAL_REPRESENTATION('',(#16379),#16383);
#16379 = LINE('',#16380,#16381);
#16380 = CARTESIAN_POINT('',(-6.28318530718,0.));
#16381 = VECTOR('',#16382,1.);
#16382 = DIRECTION('',(-0.,-1.));
#16383 = ( GEOMETRIC_REPRESENTATION_CONTEXT(2) 
PARAMETRIC_REPRESENTATION_CONTEXT() REPRESENTATION_CONTEXT('2D SPACE',''
  ) );
#16384 = PCURVE('',#10493,#16385);
#16385 = DEFINITIONAL_REPRESENTATION('',(#16386),#16390);
#16386 = LINE('',#16387,#16388);
#16387 = CARTESIAN_POINT('',(-0.,0.));
#16388 = VECTOR('',#16389,1.);
#16389 = DIRECTION('',(-0.,-1.));
#16390 = ( GEOMETRIC_REPRESENTATION_CONTEXT(2) 
PARAMETRIC_REPRESENTATION_CONTEXT() REPRESENTATION_CONTEXT('2D SPACE',''
  ) );
#16391 = ORIENTED_EDGE('',*,*,#10472,.F.);
#16392 = ORIENTED_EDGE('',*,*,#16371,.F.);
#16393 = ADVANCED_FACE('',(#16394),#10525,.T.);
#16394 = FACE_BOUND('',#16395,.T.);
#16395 = EDGE_LOOP('',(#16396,#16397,#16418,#16419));
#16396 = ORIENTED_EDGE('',*,*,#13868,.F.);
#16397 = ORIENTED_EDGE('',*,*,#16398,.T.);
#16398 = EDGE_CURVE('',#13869,#10510,#16399,.T.);
#16399 = SURFACE_CURVE('',#16400,(#16404,#16411),.PCURVE_S1.);
#16400 = LINE('',#16401,#16402);
#16401 = CARTESIAN_POINT('',(185.,221.,16.));
#16402 = VECTOR('',#16403,1.);
#16403 = DIRECTION('',(0.,0.,1.));
#16404 = PCURVE('',#10525,#16405);
#16405 = DEFINITIONAL_REPRESENTATION('',(#16406),#16410);
#16406 = LINE('',#16407,#16408);
#16407 = CARTESIAN_POINT('',(0.,0.));
#16408 = VECTOR('',#16409,1.);
#16409 = DIRECTION('',(1.,0.));
#16410 = ( GEOMETRIC_REPRESENTATION_CONTEXT(2) 
PARAMETRIC_REPRESENTATION_CONTEXT() REPRESENTATION_CONTEXT('2D SPACE',''
  ) );
#16411 = PCURVE('',#10664,#16412);
#16412 = DEFINITIONAL_REPRESENTATION('',(#16413),#16417);
#16413 = LINE('',#16414,#16415);
#16414 = CARTESIAN_POINT('',(0.,-30.));
#16415 = VECTOR('',#16416,1.);
#16416 = DIRECTION('',(1.,0.));
#16417 = ( GEOMETRIC_REPRESENTATION_CONTEXT(2) 
PARAMETRIC_REPRESENTATION_CONTEXT() REPRESENTATION_CONTEXT('2D SPACE',''
  ) );
#16418 = ORIENTED_EDGE('',*,*,#10507,.F.);
#16419 = ORIENTED_EDGE('',*,*,#16420,.T.);
#16420 = EDGE_CURVE('',#10508,#13845,#16421,.T.);
#16421 = SURFACE_CURVE('',#16422,(#16426,#16433),.PCURVE_S1.);
#16422 = LINE('',#16423,#16424);
#16423 = CARTESIAN_POINT('',(218.07179676972,221.,16.));
#16424 = VECTOR('',#16425,1.);
#16425 = DIRECTION('',(-0.,-0.,-1.));
#16426 = PCURVE('',#10525,#16427);
#16427 = DEFINITIONAL_REPRESENTATION('',(#16428),#16432);
#16428 = LINE('',#16429,#16430);
#16429 = CARTESIAN_POINT('',(0.,33.071796769725));
#16430 = VECTOR('',#16431,1.);
#16431 = DIRECTION('',(-1.,0.));
#16432 = ( GEOMETRIC_REPRESENTATION_CONTEXT(2) 
PARAMETRIC_REPRESENTATION_CONTEXT() REPRESENTATION_CONTEXT('2D SPACE',''
  ) );
#16433 = PCURVE('',#10554,#16434);
#16434 = DEFINITIONAL_REPRESENTATION('',(#16435),#16439);
#16435 = LINE('',#16436,#16437);
#16436 = CARTESIAN_POINT('',(-9.948376736368,0.));
#16437 = VECTOR('',#16438,1.);
#16438 = DIRECTION('',(-0.,1.));
#16439 = ( GEOMETRIC_REPRESENTATION_CONTEXT(2) 
PARAMETRIC_REPRESENTATION_CONTEXT() REPRESENTATION_CONTEXT('2D SPACE',''
  ) );
#16440 = ADVANCED_FACE('',(#16441),#10554,.T.);
#16441 = FACE_BOUND('',#16442,.F.);
#16442 = EDGE_LOOP('',(#16443,#16444,#16465,#16466));
#16443 = ORIENTED_EDGE('',*,*,#13842,.F.);
#16444 = ORIENTED_EDGE('',*,*,#16445,.F.);
#16445 = EDGE_CURVE('',#10538,#13843,#16446,.T.);
#16446 = SURFACE_CURVE('',#16447,(#16451,#16458),.PCURVE_S1.);
#16447 = LINE('',#16448,#16449);
#16448 = CARTESIAN_POINT('',(231.92820323027,221.,16.));
#16449 = VECTOR('',#16450,1.);
#16450 = DIRECTION('',(-0.,-0.,-1.));
#16451 = PCURVE('',#10554,#16452);
#16452 = DEFINITIONAL_REPRESENTATION('',(#16453),#16457);
#16453 = LINE('',#16454,#16455);
#16454 = CARTESIAN_POINT('',(-5.759586531581,0.));
#16455 = VECTOR('',#16456,1.);
#16456 = DIRECTION('',(-0.,1.));
#16457 = ( GEOMETRIC_REPRESENTATION_CONTEXT(2) 
PARAMETRIC_REPRESENTATION_CONTEXT() REPRESENTATION_CONTEXT('2D SPACE',''
  ) );
#16458 = PCURVE('',#10582,#16459);
#16459 = DEFINITIONAL_REPRESENTATION('',(#16460),#16464);
#16460 = LINE('',#16461,#16462);
#16461 = CARTESIAN_POINT('',(0.,46.928203230275));
#16462 = VECTOR('',#16463,1.);
#16463 = DIRECTION('',(-1.,0.));
#16464 = ( GEOMETRIC_REPRESENTATION_CONTEXT(2) 
PARAMETRIC_REPRESENTATION_CONTEXT() REPRESENTATION_CONTEXT('2D SPACE',''
  ) );
#16465 = ORIENTED_EDGE('',*,*,#10537,.T.);
#16466 = ORIENTED_EDGE('',*,*,#16420,.T.);
#16467 = ADVANCED_FACE('',(#16468),#10582,.T.);
#16468 = FACE_BOUND('',#16469,.T.);
#16469 = EDGE_LOOP('',(#16470,#16471,#16472,#16473));
#16470 = ORIENTED_EDGE('',*,*,#13960,.F.);
#16471 = ORIENTED_EDGE('',*,*,#16445,.F.);
#16472 = ORIENTED_EDGE('',*,*,#10566,.F.);
#16473 = ORIENTED_EDGE('',*,*,#16474,.F.);
#16474 = EDGE_CURVE('',#13938,#10567,#16475,.T.);
#16475 = SURFACE_CURVE('',#16476,(#16480,#16487),.PCURVE_S1.);
#16476 = LINE('',#16477,#16478);
#16477 = CARTESIAN_POINT('',(265.,221.,16.));
#16478 = VECTOR('',#16479,1.);
#16479 = DIRECTION('',(0.,0.,1.));
#16480 = PCURVE('',#10582,#16481);
#16481 = DEFINITIONAL_REPRESENTATION('',(#16482),#16486);
#16482 = LINE('',#16483,#16484);
#16483 = CARTESIAN_POINT('',(0.,80.));
#16484 = VECTOR('',#16485,1.);
#16485 = DIRECTION('',(1.,0.));
#16486 = ( GEOMETRIC_REPRESENTATION_CONTEXT(2) 
PARAMETRIC_REPRESENTATION_CONTEXT() REPRESENTATION_CONTEXT('2D SPACE',''
  ) );
#16487 = PCURVE('',#10610,#16488);
#16488 = DEFINITIONAL_REPRESENTATION('',(#16489),#16493);
#16489 = LINE('',#16490,#16491);
#16490 = CARTESIAN_POINT('',(0.,-30.));
#16491 = VECTOR('',#16492,1.);
#16492 = DIRECTION('',(1.,0.));
#16493 = ( GEOMETRIC_REPRESENTATION_CONTEXT(2) 
PARAMETRIC_REPRESENTATION_CONTEXT() REPRESENTATION_CONTEXT('2D SPACE',''
  ) );
#16494 = ADVANCED_FACE('',(#16495),#10610,.T.);
#16495 = FACE_BOUND('',#16496,.T.);
#16496 = EDGE_LOOP('',(#16497,#16518,#16519,#16520));
#16497 = ORIENTED_EDGE('',*,*,#16498,.F.);
#16498 = EDGE_CURVE('',#13915,#10595,#16499,.T.);
#16499 = SURFACE_CURVE('',#16500,(#16504,#16511),.PCURVE_S1.);
#16500 = LINE('',#16501,#16502);
#16501 = CARTESIAN_POINT('',(265.,191.,16.));
#16502 = VECTOR('',#16503,1.);
#16503 = DIRECTION('',(0.,0.,1.));
#16504 = PCURVE('',#10610,#16505);
#16505 = DEFINITIONAL_REPRESENTATION('',(#16506),#16510);
#16506 = LINE('',#16507,#16508);
#16507 = CARTESIAN_POINT('',(0.,0.));
#16508 = VECTOR('',#16509,1.);
#16509 = DIRECTION('',(1.,0.));
#16510 = ( GEOMETRIC_REPRESENTATION_CONTEXT(2) 
PARAMETRIC_REPRESENTATION_CONTEXT() REPRESENTATION_CONTEXT('2D SPACE',''
  ) );
#16511 = PCURVE('',#10638,#16512);
#16512 = DEFINITIONAL_REPRESENTATION('',(#16513),#16517);
#16513 = LINE('',#16514,#16515);
#16514 = CARTESIAN_POINT('',(0.,80.));
#16515 = VECTOR('',#16516,1.);
#16516 = DIRECTION('',(1.,0.));
#16517 = ( GEOMETRIC_REPRESENTATION_CONTEXT(2) 
PARAMETRIC_REPRESENTATION_CONTEXT() REPRESENTATION_CONTEXT('2D SPACE',''
  ) );
#16518 = ORIENTED_EDGE('',*,*,#13937,.T.);
#16519 = ORIENTED_EDGE('',*,*,#16474,.T.);
#16520 = ORIENTED_EDGE('',*,*,#10594,.F.);
#16521 = ADVANCED_FACE('',(#16522),#10638,.F.);
#16522 = FACE_BOUND('',#16523,.F.);
#16523 = EDGE_LOOP('',(#16524,#16525,#16526,#16547));
#16524 = ORIENTED_EDGE('',*,*,#16498,.F.);
#16525 = ORIENTED_EDGE('',*,*,#13914,.F.);
#16526 = ORIENTED_EDGE('',*,*,#16527,.T.);
#16527 = EDGE_CURVE('',#13892,#10623,#16528,.T.);
#16528 = SURFACE_CURVE('',#16529,(#16533,#16540),.PCURVE_S1.);
#16529 = LINE('',#16530,#16531);
#16530 = CARTESIAN_POINT('',(185.,191.,16.));
#16531 = VECTOR('',#16532,1.);
#16532 = DIRECTION('',(0.,0.,1.));
#16533 = PCURVE('',#10638,#16534);
#16534 = DEFINITIONAL_REPRESENTATION('',(#16535),#16539);
#16535 = LINE('',#16536,#16537);
#16536 = CARTESIAN_POINT('',(0.,0.));
#16537 = VECTOR('',#16538,1.);
#16538 = DIRECTION('',(1.,0.));
#16539 = ( GEOMETRIC_REPRESENTATION_CONTEXT(2) 
PARAMETRIC_REPRESENTATION_CONTEXT() REPRESENTATION_CONTEXT('2D SPACE',''
  ) );
#16540 = PCURVE('',#10664,#16541);
#16541 = DEFINITIONAL_REPRESENTATION('',(#16542),#16546);
#16542 = LINE('',#16543,#16544);
#16543 = CARTESIAN_POINT('',(0.,0.));
#16544 = VECTOR('',#16545,1.);
#16545 = DIRECTION('',(1.,0.));
#16546 = ( GEOMETRIC_REPRESENTATION_CONTEXT(2) 
PARAMETRIC_REPRESENTATION_CONTEXT() REPRESENTATION_CONTEXT('2D SPACE',''
  ) );
#16547 = ORIENTED_EDGE('',*,*,#10622,.F.);
#16548 = ADVANCED_FACE('',(#16549),#10664,.F.);
#16549 = FACE_BOUND('',#16550,.F.);
#16550 = EDGE_LOOP('',(#16551,#16552,#16553,#16554));
#16551 = ORIENTED_EDGE('',*,*,#16527,.F.);
#16552 = ORIENTED_EDGE('',*,*,#13891,.T.);
#16553 = ORIENTED_EDGE('',*,*,#16398,.T.);
#16554 = ORIENTED_EDGE('',*,*,#10650,.F.);
#16555 = ADVANCED_FACE('',(#16556),#10699,.T.);
#16556 = FACE_BOUND('',#16557,.F.);
#16557 = EDGE_LOOP('',(#16558,#16559,#16580,#16581));
#16558 = ORIENTED_EDGE('',*,*,#13812,.F.);
#16559 = ORIENTED_EDGE('',*,*,#16560,.T.);
#16560 = EDGE_CURVE('',#13813,#10679,#16561,.T.);
#16561 = SEAM_CURVE('',#16562,(#16566,#16573),.PCURVE_S1.);
#16562 = LINE('',#16563,#16564);
#16563 = CARTESIAN_POINT('',(333.,175.,16.));
#16564 = VECTOR('',#16565,1.);
#16565 = DIRECTION('',(0.,0.,1.));
#16566 = PCURVE('',#10699,#16567);
#16567 = DEFINITIONAL_REPRESENTATION('',(#16568),#16572);
#16568 = LINE('',#16569,#16570);
#16569 = CARTESIAN_POINT('',(-6.28318530718,0.));
#16570 = VECTOR('',#16571,1.);
#16571 = DIRECTION('',(-0.,-1.));
#16572 = ( GEOMETRIC_REPRESENTATION_CONTEXT(2) 
PARAMETRIC_REPRESENTATION_CONTEXT() REPRESENTATION_CONTEXT('2D SPACE',''
  ) );
#16573 = PCURVE('',#10699,#16574);
#16574 = DEFINITIONAL_REPRESENTATION('',(#16575),#16579);
#16575 = LINE('',#16576,#16577);
#16576 = CARTESIAN_POINT('',(-0.,0.));
#16577 = VECTOR('',#16578,1.);
#16578 = DIRECTION('',(-0.,-1.));
#16579 = ( GEOMETRIC_REPRESENTATION_CONTEXT(2) 
PARAMETRIC_REPRESENTATION_CONTEXT() REPRESENTATION_CONTEXT('2D SPACE',''
  ) );
#16580 = ORIENTED_EDGE('',*,*,#10678,.F.);
#16581 = ORIENTED_EDGE('',*,*,#16560,.F.);
#16582 = ADVANCED_FACE('',(#16583),#10734,.T.);
#16583 = FACE_BOUND('',#16584,.F.);
#16584 = EDGE_LOOP('',(#16585,#16586,#16607,#16608));
#16585 = ORIENTED_EDGE('',*,*,#14039,.F.);
#16586 = ORIENTED_EDGE('',*,*,#16587,.T.);
#16587 = EDGE_CURVE('',#14040,#10714,#16588,.T.);
#16588 = SEAM_CURVE('',#16589,(#16593,#16600),.PCURVE_S1.);
#16589 = LINE('',#16590,#16591);
#16590 = CARTESIAN_POINT('',(283.,225.,16.));
#16591 = VECTOR('',#16592,1.);
#16592 = DIRECTION('',(0.,0.,1.));
#16593 = PCURVE('',#10734,#16594);
#16594 = DEFINITIONAL_REPRESENTATION('',(#16595),#16599);
#16595 = LINE('',#16596,#16597);
#16596 = CARTESIAN_POINT('',(-6.28318530718,0.));
#16597 = VECTOR('',#16598,1.);
#16598 = DIRECTION('',(-0.,-1.));
#16599 = ( GEOMETRIC_REPRESENTATION_CONTEXT(2) 
PARAMETRIC_REPRESENTATION_CONTEXT() REPRESENTATION_CONTEXT('2D SPACE',''
  ) );
#16600 = PCURVE('',#10734,#16601);
#16601 = DEFINITIONAL_REPRESENTATION('',(#16602),#16606);
#16602 = LINE('',#16603,#16604);
#16603 = CARTESIAN_POINT('',(-0.,0.));
#16604 = VECTOR('',#16605,1.);
#16605 = DIRECTION('',(-0.,-1.));
#16606 = ( GEOMETRIC_REPRESENTATION_CONTEXT(2) 
PARAMETRIC_REPRESENTATION_CONTEXT() REPRESENTATION_CONTEXT('2D SPACE',''
  ) );
#16607 = ORIENTED_EDGE('',*,*,#10713,.F.);
#16608 = ORIENTED_EDGE('',*,*,#16587,.F.);
#16609 = ADVANCED_FACE('',(#16610),#10769,.T.);
#16610 = FACE_BOUND('',#16611,.F.);
#16611 = EDGE_LOOP('',(#16612,#16613,#16634,#16635));
#16612 = ORIENTED_EDGE('',*,*,#14069,.F.);
#16613 = ORIENTED_EDGE('',*,*,#16614,.T.);
#16614 = EDGE_CURVE('',#14070,#10749,#16615,.T.);
#16615 = SEAM_CURVE('',#16616,(#16620,#16627),.PCURVE_S1.);
#16616 = LINE('',#16617,#16618);
#16617 = CARTESIAN_POINT('',(333.,225.,16.));
#16618 = VECTOR('',#16619,1.);
#16619 = DIRECTION('',(0.,0.,1.));
#16620 = PCURVE('',#10769,#16621);
#16621 = DEFINITIONAL_REPRESENTATION('',(#16622),#16626);
#16622 = LINE('',#16623,#16624);
#16623 = CARTESIAN_POINT('',(-6.28318530718,0.));
#16624 = VECTOR('',#16625,1.);
#16625 = DIRECTION('',(-0.,-1.));
#16626 = ( GEOMETRIC_REPRESENTATION_CONTEXT(2) 
PARAMETRIC_REPRESENTATION_CONTEXT() REPRESENTATION_CONTEXT('2D SPACE',''
  ) );
#16627 = PCURVE('',#10769,#16628);
#16628 = DEFINITIONAL_REPRESENTATION('',(#16629),#16633);
#16629 = LINE('',#16630,#16631);
#16630 = CARTESIAN_POINT('',(-0.,0.));
#16631 = VECTOR('',#16632,1.);
#16632 = DIRECTION('',(-0.,-1.));
#16633 = ( GEOMETRIC_REPRESENTATION_CONTEXT(2) 
PARAMETRIC_REPRESENTATION_CONTEXT() REPRESENTATION_CONTEXT('2D SPACE',''
  ) );
#16634 = ORIENTED_EDGE('',*,*,#10748,.F.);
#16635 = ORIENTED_EDGE('',*,*,#16614,.F.);
#16636 = ADVANCED_FACE('',(#16637),#10804,.T.);
#16637 = FACE_BOUND('',#16638,.F.);
#16638 = EDGE_LOOP('',(#16639,#16640,#16661,#16662));
#16639 = ORIENTED_EDGE('',*,*,#14099,.F.);
#16640 = ORIENTED_EDGE('',*,*,#16641,.T.);
#16641 = EDGE_CURVE('',#14100,#10784,#16642,.T.);
#16642 = SEAM_CURVE('',#16643,(#16647,#16654),.PCURVE_S1.);
#16643 = LINE('',#16644,#16645);
#16644 = CARTESIAN_POINT('',(383.,175.,16.));
#16645 = VECTOR('',#16646,1.);
#16646 = DIRECTION('',(0.,0.,1.));
#16647 = PCURVE('',#10804,#16648);
#16648 = DEFINITIONAL_REPRESENTATION('',(#16649),#16653);
#16649 = LINE('',#16650,#16651);
#16650 = CARTESIAN_POINT('',(-6.28318530718,0.));
#16651 = VECTOR('',#16652,1.);
#16652 = DIRECTION('',(-0.,-1.));
#16653 = ( GEOMETRIC_REPRESENTATION_CONTEXT(2) 
PARAMETRIC_REPRESENTATION_CONTEXT() REPRESENTATION_CONTEXT('2D SPACE',''
  ) );
#16654 = PCURVE('',#10804,#16655);
#16655 = DEFINITIONAL_REPRESENTATION('',(#16656),#16660);
#16656 = LINE('',#16657,#16658);
#16657 = CARTESIAN_POINT('',(-0.,0.));
#16658 = VECTOR('',#16659,1.);
#16659 = DIRECTION('',(-0.,-1.));
#16660 = ( GEOMETRIC_REPRESENTATION_CONTEXT(2) 
PARAMETRIC_REPRESENTATION_CONTEXT() REPRESENTATION_CONTEXT('2D SPACE',''
  ) );
#16661 = ORIENTED_EDGE('',*,*,#10783,.F.);
#16662 = ORIENTED_EDGE('',*,*,#16641,.F.);
#16663 = ADVANCED_FACE('',(#16664),#10839,.T.);
#16664 = FACE_BOUND('',#16665,.F.);
#16665 = EDGE_LOOP('',(#16666,#16667,#16688,#16689));
#16666 = ORIENTED_EDGE('',*,*,#14129,.F.);
#16667 = ORIENTED_EDGE('',*,*,#16668,.T.);
#16668 = EDGE_CURVE('',#14130,#10819,#16669,.T.);
#16669 = SEAM_CURVE('',#16670,(#16674,#16681),.PCURVE_S1.);
#16670 = LINE('',#16671,#16672);
#16671 = CARTESIAN_POINT('',(433.,175.,16.));
#16672 = VECTOR('',#16673,1.);
#16673 = DIRECTION('',(0.,0.,1.));
#16674 = PCURVE('',#10839,#16675);
#16675 = DEFINITIONAL_REPRESENTATION('',(#16676),#16680);
#16676 = LINE('',#16677,#16678);
#16677 = CARTESIAN_POINT('',(-6.28318530718,0.));
#16678 = VECTOR('',#16679,1.);
#16679 = DIRECTION('',(-0.,-1.));
#16680 = ( GEOMETRIC_REPRESENTATION_CONTEXT(2) 
PARAMETRIC_REPRESENTATION_CONTEXT() REPRESENTATION_CONTEXT('2D SPACE',''
  ) );
#16681 = PCURVE('',#10839,#16682);
#16682 = DEFINITIONAL_REPRESENTATION('',(#16683),#16687);
#16683 = LINE('',#16684,#16685);
#16684 = CARTESIAN_POINT('',(-0.,0.));
#16685 = VECTOR('',#16686,1.);
#16686 = DIRECTION('',(-0.,-1.));
#16687 = ( GEOMETRIC_REPRESENTATION_CONTEXT(2) 
PARAMETRIC_REPRESENTATION_CONTEXT() REPRESENTATION_CONTEXT('2D SPACE',''
  ) );
#16688 = ORIENTED_EDGE('',*,*,#10818,.F.);
#16689 = ORIENTED_EDGE('',*,*,#16668,.F.);
#16690 = ADVANCED_FACE('',(#16691),#10874,.T.);
#16691 = FACE_BOUND('',#16692,.F.);
#16692 = EDGE_LOOP('',(#16693,#16694,#16715,#16716));
#16693 = ORIENTED_EDGE('',*,*,#14159,.F.);
#16694 = ORIENTED_EDGE('',*,*,#16695,.T.);
#16695 = EDGE_CURVE('',#14160,#10854,#16696,.T.);
#16696 = SEAM_CURVE('',#16697,(#16701,#16708),.PCURVE_S1.);
#16697 = LINE('',#16698,#16699);
#16698 = CARTESIAN_POINT('',(383.,225.,16.));
#16699 = VECTOR('',#16700,1.);
#16700 = DIRECTION('',(0.,0.,1.));
#16701 = PCURVE('',#10874,#16702);
#16702 = DEFINITIONAL_REPRESENTATION('',(#16703),#16707);
#16703 = LINE('',#16704,#16705);
#16704 = CARTESIAN_POINT('',(-6.28318530718,0.));
#16705 = VECTOR('',#16706,1.);
#16706 = DIRECTION('',(-0.,-1.));
#16707 = ( GEOMETRIC_REPRESENTATION_CONTEXT(2) 
PARAMETRIC_REPRESENTATION_CONTEXT() REPRESENTATION_CONTEXT('2D SPACE',''
  ) );
#16708 = PCURVE('',#10874,#16709);
#16709 = DEFINITIONAL_REPRESENTATION('',(#16710),#16714);
#16710 = LINE('',#16711,#16712);
#16711 = CARTESIAN_POINT('',(-0.,0.));
#16712 = VECTOR('',#16713,1.);
#16713 = DIRECTION('',(-0.,-1.));
#16714 = ( GEOMETRIC_REPRESENTATION_CONTEXT(2) 
PARAMETRIC_REPRESENTATION_CONTEXT() REPRESENTATION_CONTEXT('2D SPACE',''
  ) );
#16715 = ORIENTED_EDGE('',*,*,#10853,.F.);
#16716 = ORIENTED_EDGE('',*,*,#16695,.F.);
#16717 = ADVANCED_FACE('',(#16718),#10909,.T.);
#16718 = FACE_BOUND('',#16719,.F.);
#16719 = EDGE_LOOP('',(#16720,#16721,#16742,#16743));
#16720 = ORIENTED_EDGE('',*,*,#14189,.F.);
#16721 = ORIENTED_EDGE('',*,*,#16722,.T.);
#16722 = EDGE_CURVE('',#14190,#10889,#16723,.T.);
#16723 = SEAM_CURVE('',#16724,(#16728,#16735),.PCURVE_S1.);
#16724 = LINE('',#16725,#16726);
#16725 = CARTESIAN_POINT('',(433.,225.,16.));
#16726 = VECTOR('',#16727,1.);
#16727 = DIRECTION('',(0.,0.,1.));
#16728 = PCURVE('',#10909,#16729);
#16729 = DEFINITIONAL_REPRESENTATION('',(#16730),#16734);
#16730 = LINE('',#16731,#16732);
#16731 = CARTESIAN_POINT('',(-6.28318530718,0.));
#16732 = VECTOR('',#16733,1.);
#16733 = DIRECTION('',(-0.,-1.));
#16734 = ( GEOMETRIC_REPRESENTATION_CONTEXT(2) 
PARAMETRIC_REPRESENTATION_CONTEXT() REPRESENTATION_CONTEXT('2D SPACE',''
  ) );
#16735 = PCURVE('',#10909,#16736);
#16736 = DEFINITIONAL_REPRESENTATION('',(#16737),#16741);
#16737 = LINE('',#16738,#16739);
#16738 = CARTESIAN_POINT('',(-0.,0.));
#16739 = VECTOR('',#16740,1.);
#16740 = DIRECTION('',(-0.,-1.));
#16741 = ( GEOMETRIC_REPRESENTATION_CONTEXT(2) 
PARAMETRIC_REPRESENTATION_CONTEXT() REPRESENTATION_CONTEXT('2D SPACE',''
  ) );
#16742 = ORIENTED_EDGE('',*,*,#10888,.F.);
#16743 = ORIENTED_EDGE('',*,*,#16722,.F.);
#16744 = ADVANCED_FACE('',(#16745),#10944,.T.);
#16745 = FACE_BOUND('',#16746,.F.);
#16746 = EDGE_LOOP('',(#16747,#16748,#16769,#16770));
#16747 = ORIENTED_EDGE('',*,*,#14219,.F.);
#16748 = ORIENTED_EDGE('',*,*,#16749,.T.);
#16749 = EDGE_CURVE('',#14220,#10924,#16750,.T.);
#16750 = SEAM_CURVE('',#16751,(#16755,#16762),.PCURVE_S1.);
#16751 = LINE('',#16752,#16753);
#16752 = CARTESIAN_POINT('',(233.,275.,16.));
#16753 = VECTOR('',#16754,1.);
#16754 = DIRECTION('',(0.,0.,1.));
#16755 = PCURVE('',#10944,#16756);
#16756 = DEFINITIONAL_REPRESENTATION('',(#16757),#16761);
#16757 = LINE('',#16758,#16759);
#16758 = CARTESIAN_POINT('',(-6.28318530718,0.));
#16759 = VECTOR('',#16760,1.);
#16760 = DIRECTION('',(-0.,-1.));
#16761 = ( GEOMETRIC_REPRESENTATION_CONTEXT(2) 
PARAMETRIC_REPRESENTATION_CONTEXT() REPRESENTATION_CONTEXT('2D SPACE',''
  ) );
#16762 = PCURVE('',#10944,#16763);
#16763 = DEFINITIONAL_REPRESENTATION('',(#16764),#16768);
#16764 = LINE('',#16765,#16766);
#16765 = CARTESIAN_POINT('',(-0.,0.));
#16766 = VECTOR('',#16767,1.);
#16767 = DIRECTION('',(-0.,-1.));
#16768 = ( GEOMETRIC_REPRESENTATION_CONTEXT(2) 
PARAMETRIC_REPRESENTATION_CONTEXT() REPRESENTATION_CONTEXT('2D SPACE',''
  ) );
#16769 = ORIENTED_EDGE('',*,*,#10923,.F.);
#16770 = ORIENTED_EDGE('',*,*,#16749,.F.);
#16771 = ADVANCED_FACE('',(#16772),#10979,.T.);
#16772 = FACE_BOUND('',#16773,.F.);
#16773 = EDGE_LOOP('',(#16774,#16775,#16796,#16797));
#16774 = ORIENTED_EDGE('',*,*,#14249,.F.);
#16775 = ORIENTED_EDGE('',*,*,#16776,.T.);
#16776 = EDGE_CURVE('',#14250,#10959,#16777,.T.);
#16777 = SEAM_CURVE('',#16778,(#16782,#16789),.PCURVE_S1.);
#16778 = LINE('',#16779,#16780);
#16779 = CARTESIAN_POINT('',(283.,275.,16.));
#16780 = VECTOR('',#16781,1.);
#16781 = DIRECTION('',(0.,0.,1.));
#16782 = PCURVE('',#10979,#16783);
#16783 = DEFINITIONAL_REPRESENTATION('',(#16784),#16788);
#16784 = LINE('',#16785,#16786);
#16785 = CARTESIAN_POINT('',(-6.28318530718,0.));
#16786 = VECTOR('',#16787,1.);
#16787 = DIRECTION('',(-0.,-1.));
#16788 = ( GEOMETRIC_REPRESENTATION_CONTEXT(2) 
PARAMETRIC_REPRESENTATION_CONTEXT() REPRESENTATION_CONTEXT('2D SPACE',''
  ) );
#16789 = PCURVE('',#10979,#16790);
#16790 = DEFINITIONAL_REPRESENTATION('',(#16791),#16795);
#16791 = LINE('',#16792,#16793);
#16792 = CARTESIAN_POINT('',(-0.,0.));
#16793 = VECTOR('',#16794,1.);
#16794 = DIRECTION('',(-0.,-1.));
#16795 = ( GEOMETRIC_REPRESENTATION_CONTEXT(2) 
PARAMETRIC_REPRESENTATION_CONTEXT() REPRESENTATION_CONTEXT('2D SPACE',''
  ) );
#16796 = ORIENTED_EDGE('',*,*,#10958,.F.);
#16797 = ORIENTED_EDGE('',*,*,#16776,.F.);
#16798 = ADVANCED_FACE('',(#16799),#11014,.T.);
#16799 = FACE_BOUND('',#16800,.F.);
#16800 = EDGE_LOOP('',(#16801,#16802,#16823,#16824));
#16801 = ORIENTED_EDGE('',*,*,#14279,.F.);
#16802 = ORIENTED_EDGE('',*,*,#16803,.T.);
#16803 = EDGE_CURVE('',#14280,#10994,#16804,.T.);
#16804 = SEAM_CURVE('',#16805,(#16809,#16816),.PCURVE_S1.);
#16805 = LINE('',#16806,#16807);
#16806 = CARTESIAN_POINT('',(333.,275.,16.));
#16807 = VECTOR('',#16808,1.);
#16808 = DIRECTION('',(0.,0.,1.));
#16809 = PCURVE('',#11014,#16810);
#16810 = DEFINITIONAL_REPRESENTATION('',(#16811),#16815);
#16811 = LINE('',#16812,#16813);
#16812 = CARTESIAN_POINT('',(-6.28318530718,0.));
#16813 = VECTOR('',#16814,1.);
#16814 = DIRECTION('',(-0.,-1.));
#16815 = ( GEOMETRIC_REPRESENTATION_CONTEXT(2) 
PARAMETRIC_REPRESENTATION_CONTEXT() REPRESENTATION_CONTEXT('2D SPACE',''
  ) );
#16816 = PCURVE('',#11014,#16817);
#16817 = DEFINITIONAL_REPRESENTATION('',(#16818),#16822);
#16818 = LINE('',#16819,#16820);
#16819 = CARTESIAN_POINT('',(-0.,0.));
#16820 = VECTOR('',#16821,1.);
#16821 = DIRECTION('',(-0.,-1.));
#16822 = ( GEOMETRIC_REPRESENTATION_CONTEXT(2) 
PARAMETRIC_REPRESENTATION_CONTEXT() REPRESENTATION_CONTEXT('2D SPACE',''
  ) );
#16823 = ORIENTED_EDGE('',*,*,#10993,.F.);
#16824 = ORIENTED_EDGE('',*,*,#16803,.F.);
#16825 = ADVANCED_FACE('',(#16826),#11049,.T.);
#16826 = FACE_BOUND('',#16827,.F.);
#16827 = EDGE_LOOP('',(#16828,#16829,#16850,#16851));
#16828 = ORIENTED_EDGE('',*,*,#14309,.F.);
#16829 = ORIENTED_EDGE('',*,*,#16830,.T.);
#16830 = EDGE_CURVE('',#14310,#11029,#16831,.T.);
#16831 = SEAM_CURVE('',#16832,(#16836,#16843),.PCURVE_S1.);
#16832 = LINE('',#16833,#16834);
#16833 = CARTESIAN_POINT('',(233.,325.,16.));
#16834 = VECTOR('',#16835,1.);
#16835 = DIRECTION('',(0.,0.,1.));
#16836 = PCURVE('',#11049,#16837);
#16837 = DEFINITIONAL_REPRESENTATION('',(#16838),#16842);
#16838 = LINE('',#16839,#16840);
#16839 = CARTESIAN_POINT('',(-6.28318530718,0.));
#16840 = VECTOR('',#16841,1.);
#16841 = DIRECTION('',(-0.,-1.));
#16842 = ( GEOMETRIC_REPRESENTATION_CONTEXT(2) 
PARAMETRIC_REPRESENTATION_CONTEXT() REPRESENTATION_CONTEXT('2D SPACE',''
  ) );
#16843 = PCURVE('',#11049,#16844);
#16844 = DEFINITIONAL_REPRESENTATION('',(#16845),#16849);
#16845 = LINE('',#16846,#16847);
#16846 = CARTESIAN_POINT('',(-0.,0.));
#16847 = VECTOR('',#16848,1.);
#16848 = DIRECTION('',(-0.,-1.));
#16849 = ( GEOMETRIC_REPRESENTATION_CONTEXT(2) 
PARAMETRIC_REPRESENTATION_CONTEXT() REPRESENTATION_CONTEXT('2D SPACE',''
  ) );
#16850 = ORIENTED_EDGE('',*,*,#11028,.F.);
#16851 = ORIENTED_EDGE('',*,*,#16830,.F.);
#16852 = ADVANCED_FACE('',(#16853),#11084,.T.);
#16853 = FACE_BOUND('',#16854,.F.);
#16854 = EDGE_LOOP('',(#16855,#16856,#16877,#16878));
#16855 = ORIENTED_EDGE('',*,*,#14339,.F.);
#16856 = ORIENTED_EDGE('',*,*,#16857,.T.);
#16857 = EDGE_CURVE('',#14340,#11064,#16858,.T.);
#16858 = SEAM_CURVE('',#16859,(#16863,#16870),.PCURVE_S1.);
#16859 = LINE('',#16860,#16861);
#16860 = CARTESIAN_POINT('',(283.,325.,16.));
#16861 = VECTOR('',#16862,1.);
#16862 = DIRECTION('',(0.,0.,1.));
#16863 = PCURVE('',#11084,#16864);
#16864 = DEFINITIONAL_REPRESENTATION('',(#16865),#16869);
#16865 = LINE('',#16866,#16867);
#16866 = CARTESIAN_POINT('',(-6.28318530718,0.));
#16867 = VECTOR('',#16868,1.);
#16868 = DIRECTION('',(-0.,-1.));
#16869 = ( GEOMETRIC_REPRESENTATION_CONTEXT(2) 
PARAMETRIC_REPRESENTATION_CONTEXT() REPRESENTATION_CONTEXT('2D SPACE',''
  ) );
#16870 = PCURVE('',#11084,#16871);
#16871 = DEFINITIONAL_REPRESENTATION('',(#16872),#16876);
#16872 = LINE('',#16873,#16874);
#16873 = CARTESIAN_POINT('',(-0.,0.));
#16874 = VECTOR('',#16875,1.);
#16875 = DIRECTION('',(-0.,-1.));
#16876 = ( GEOMETRIC_REPRESENTATION_CONTEXT(2) 
PARAMETRIC_REPRESENTATION_CONTEXT() REPRESENTATION_CONTEXT('2D SPACE',''
  ) );
#16877 = ORIENTED_EDGE('',*,*,#11063,.F.);
#16878 = ORIENTED_EDGE('',*,*,#16857,.F.);
#16879 = ADVANCED_FACE('',(#16880),#11119,.T.);
#16880 = FACE_BOUND('',#16881,.F.);
#16881 = EDGE_LOOP('',(#16882,#16883,#16904,#16905));
#16882 = ORIENTED_EDGE('',*,*,#14369,.F.);
#16883 = ORIENTED_EDGE('',*,*,#16884,.T.);
#16884 = EDGE_CURVE('',#14370,#11099,#16885,.T.);
#16885 = SEAM_CURVE('',#16886,(#16890,#16897),.PCURVE_S1.);
#16886 = LINE('',#16887,#16888);
#16887 = CARTESIAN_POINT('',(333.,325.,16.));
#16888 = VECTOR('',#16889,1.);
#16889 = DIRECTION('',(0.,0.,1.));
#16890 = PCURVE('',#11119,#16891);
#16891 = DEFINITIONAL_REPRESENTATION('',(#16892),#16896);
#16892 = LINE('',#16893,#16894);
#16893 = CARTESIAN_POINT('',(-6.28318530718,0.));
#16894 = VECTOR('',#16895,1.);
#16895 = DIRECTION('',(-0.,-1.));
#16896 = ( GEOMETRIC_REPRESENTATION_CONTEXT(2) 
PARAMETRIC_REPRESENTATION_CONTEXT() REPRESENTATION_CONTEXT('2D SPACE',''
  ) );
#16897 = PCURVE('',#11119,#16898);
#16898 = DEFINITIONAL_REPRESENTATION('',(#16899),#16903);
#16899 = LINE('',#16900,#16901);
#16900 = CARTESIAN_POINT('',(-0.,0.));
#16901 = VECTOR('',#16902,1.);
#16902 = DIRECTION('',(-0.,-1.));
#16903 = ( GEOMETRIC_REPRESENTATION_CONTEXT(2) 
PARAMETRIC_REPRESENTATION_CONTEXT() REPRESENTATION_CONTEXT('2D SPACE',''
  ) );
#16904 = ORIENTED_EDGE('',*,*,#11098,.F.);
#16905 = ORIENTED_EDGE('',*,*,#16884,.F.);
#16906 = ADVANCED_FACE('',(#16907),#11151,.F.);
#16907 = FACE_BOUND('',#16908,.F.);
#16908 = EDGE_LOOP('',(#16909,#16930,#16931,#16952));
#16909 = ORIENTED_EDGE('',*,*,#16910,.F.);
#16910 = EDGE_CURVE('',#14460,#11134,#16911,.T.);
#16911 = SURFACE_CURVE('',#16912,(#16916,#16923),.PCURVE_S1.);
#16912 = LINE('',#16913,#16914);
#16913 = CARTESIAN_POINT('',(395.,242.,16.));
#16914 = VECTOR('',#16915,1.);
#16915 = DIRECTION('',(0.,0.,1.));
#16916 = PCURVE('',#11151,#16917);
#16917 = DEFINITIONAL_REPRESENTATION('',(#16918),#16922);
#16918 = LINE('',#16919,#16920);
#16919 = CARTESIAN_POINT('',(0.,40.));
#16920 = VECTOR('',#16921,1.);
#16921 = DIRECTION('',(1.,0.));
#16922 = ( GEOMETRIC_REPRESENTATION_CONTEXT(2) 
PARAMETRIC_REPRESENTATION_CONTEXT() REPRESENTATION_CONTEXT('2D SPACE',''
  ) );
#16923 = PCURVE('',#11233,#16924);
#16924 = DEFINITIONAL_REPRESENTATION('',(#16925),#16929);
#16925 = LINE('',#16926,#16927);
#16926 = CARTESIAN_POINT('',(0.,0.));
#16927 = VECTOR('',#16928,1.);
#16928 = DIRECTION('',(1.,0.));
#16929 = ( GEOMETRIC_REPRESENTATION_CONTEXT(2) 
PARAMETRIC_REPRESENTATION_CONTEXT() REPRESENTATION_CONTEXT('2D SPACE',''
  ) );
#16930 = ORIENTED_EDGE('',*,*,#14459,.F.);
#16931 = ORIENTED_EDGE('',*,*,#16932,.T.);
#16932 = EDGE_CURVE('',#14435,#11136,#16933,.T.);
#16933 = SURFACE_CURVE('',#16934,(#16938,#16945),.PCURVE_S1.);
#16934 = LINE('',#16935,#16936);
#16935 = CARTESIAN_POINT('',(355.,242.,16.));
#16936 = VECTOR('',#16937,1.);
#16937 = DIRECTION('',(0.,0.,1.));
#16938 = PCURVE('',#11151,#16939);
#16939 = DEFINITIONAL_REPRESENTATION('',(#16940),#16944);
#16940 = LINE('',#16941,#16942);
#16941 = CARTESIAN_POINT('',(0.,0.));
#16942 = VECTOR('',#16943,1.);
#16943 = DIRECTION('',(1.,0.));
#16944 = ( GEOMETRIC_REPRESENTATION_CONTEXT(2) 
PARAMETRIC_REPRESENTATION_CONTEXT() REPRESENTATION_CONTEXT('2D SPACE',''
  ) );
#16945 = PCURVE('',#11179,#16946);
#16946 = DEFINITIONAL_REPRESENTATION('',(#16947),#16951);
#16947 = LINE('',#16948,#16949);
#16948 = CARTESIAN_POINT('',(0.,0.));
#16949 = VECTOR('',#16950,1.);
#16950 = DIRECTION('',(1.,0.));
#16951 = ( GEOMETRIC_REPRESENTATION_CONTEXT(2) 
PARAMETRIC_REPRESENTATION_CONTEXT() REPRESENTATION_CONTEXT('2D SPACE',''
  ) );
#16952 = ORIENTED_EDGE('',*,*,#11133,.F.);
#16953 = ADVANCED_FACE('',(#16954),#11179,.F.);
#16954 = FACE_BOUND('',#16955,.F.);
#16955 = EDGE_LOOP('',(#16956,#16957,#16958,#16979));
#16956 = ORIENTED_EDGE('',*,*,#16932,.F.);
#16957 = ORIENTED_EDGE('',*,*,#14434,.T.);
#16958 = ORIENTED_EDGE('',*,*,#16959,.T.);
#16959 = EDGE_CURVE('',#14437,#11164,#16960,.T.);
#16960 = SURFACE_CURVE('',#16961,(#16965,#16972),.PCURVE_S1.);
#16961 = LINE('',#16962,#16963);
#16962 = CARTESIAN_POINT('',(355.,308.,16.));
#16963 = VECTOR('',#16964,1.);
#16964 = DIRECTION('',(0.,0.,1.));
#16965 = PCURVE('',#11179,#16966);
#16966 = DEFINITIONAL_REPRESENTATION('',(#16967),#16971);
#16967 = LINE('',#16968,#16969);
#16968 = CARTESIAN_POINT('',(0.,-66.));
#16969 = VECTOR('',#16970,1.);
#16970 = DIRECTION('',(1.,0.));
#16971 = ( GEOMETRIC_REPRESENTATION_CONTEXT(2) 
PARAMETRIC_REPRESENTATION_CONTEXT() REPRESENTATION_CONTEXT('2D SPACE',''
  ) );
#16972 = PCURVE('',#11207,#16973);
#16973 = DEFINITIONAL_REPRESENTATION('',(#16974),#16978);
#16974 = LINE('',#16975,#16976);
#16975 = CARTESIAN_POINT('',(0.,0.));
#16976 = VECTOR('',#16977,1.);
#16977 = DIRECTION('',(1.,0.));
#16978 = ( GEOMETRIC_REPRESENTATION_CONTEXT(2) 
PARAMETRIC_REPRESENTATION_CONTEXT() REPRESENTATION_CONTEXT('2D SPACE',''
  ) );
#16979 = ORIENTED_EDGE('',*,*,#11163,.F.);
#16980 = ADVANCED_FACE('',(#16981),#11207,.T.);
#16981 = FACE_BOUND('',#16982,.T.);
#16982 = EDGE_LOOP('',(#16983,#17004,#17005,#17006));
#16983 = ORIENTED_EDGE('',*,*,#16984,.F.);
#16984 = EDGE_CURVE('',#14483,#11192,#16985,.T.);
#16985 = SURFACE_CURVE('',#16986,(#16990,#16997),.PCURVE_S1.);
#16986 = LINE('',#16987,#16988);
#16987 = CARTESIAN_POINT('',(395.,308.,16.));
#16988 = VECTOR('',#16989,1.);
#16989 = DIRECTION('',(0.,0.,1.));
#16990 = PCURVE('',#11207,#16991);
#16991 = DEFINITIONAL_REPRESENTATION('',(#16992),#16996);
#16992 = LINE('',#16993,#16994);
#16993 = CARTESIAN_POINT('',(0.,40.));
#16994 = VECTOR('',#16995,1.);
#16995 = DIRECTION('',(1.,0.));
#16996 = ( GEOMETRIC_REPRESENTATION_CONTEXT(2) 
PARAMETRIC_REPRESENTATION_CONTEXT() REPRESENTATION_CONTEXT('2D SPACE',''
  ) );
#16997 = PCURVE('',#11233,#16998);
#16998 = DEFINITIONAL_REPRESENTATION('',(#16999),#17003);
#16999 = LINE('',#17000,#17001);
#17000 = CARTESIAN_POINT('',(0.,-66.));
#17001 = VECTOR('',#17002,1.);
#17002 = DIRECTION('',(1.,0.));
#17003 = ( GEOMETRIC_REPRESENTATION_CONTEXT(2) 
PARAMETRIC_REPRESENTATION_CONTEXT() REPRESENTATION_CONTEXT('2D SPACE',''
  ) );
#17004 = ORIENTED_EDGE('',*,*,#14505,.F.);
#17005 = ORIENTED_EDGE('',*,*,#16959,.T.);
#17006 = ORIENTED_EDGE('',*,*,#11191,.F.);
#17007 = ADVANCED_FACE('',(#17008),#11233,.T.);
#17008 = FACE_BOUND('',#17009,.T.);
#17009 = EDGE_LOOP('',(#17010,#17011,#17012,#17013));
#17010 = ORIENTED_EDGE('',*,*,#16910,.F.);
#17011 = ORIENTED_EDGE('',*,*,#14482,.T.);
#17012 = ORIENTED_EDGE('',*,*,#16984,.T.);
#17013 = ORIENTED_EDGE('',*,*,#11219,.F.);
#17014 = ADVANCED_FACE('',(#17015),#11268,.T.);
#17015 = FACE_BOUND('',#17016,.F.);
#17016 = EDGE_LOOP('',(#17017,#17018,#17039,#17040));
#17017 = ORIENTED_EDGE('',*,*,#14741,.F.);
#17018 = ORIENTED_EDGE('',*,*,#17019,.T.);
#17019 = EDGE_CURVE('',#14742,#11248,#17020,.T.);
#17020 = SEAM_CURVE('',#17021,(#17025,#17032),.PCURVE_S1.);
#17021 = LINE('',#17022,#17023);
#17022 = CARTESIAN_POINT('',(433.,275.,16.));
#17023 = VECTOR('',#17024,1.);
#17024 = DIRECTION('',(0.,0.,1.));
#17025 = PCURVE('',#11268,#17026);
#17026 = DEFINITIONAL_REPRESENTATION('',(#17027),#17031);
#17027 = LINE('',#17028,#17029);
#17028 = CARTESIAN_POINT('',(-6.28318530718,0.));
#17029 = VECTOR('',#17030,1.);
#17030 = DIRECTION('',(-0.,-1.));
#17031 = ( GEOMETRIC_REPRESENTATION_CONTEXT(2) 
PARAMETRIC_REPRESENTATION_CONTEXT() REPRESENTATION_CONTEXT('2D SPACE',''
  ) );
#17032 = PCURVE('',#11268,#17033);
#17033 = DEFINITIONAL_REPRESENTATION('',(#17034),#17038);
#17034 = LINE('',#17035,#17036);
#17035 = CARTESIAN_POINT('',(-0.,0.));
#17036 = VECTOR('',#17037,1.);
#17037 = DIRECTION('',(-0.,-1.));
#17038 = ( GEOMETRIC_REPRESENTATION_CONTEXT(2) 
PARAMETRIC_REPRESENTATION_CONTEXT() REPRESENTATION_CONTEXT('2D SPACE',''
  ) );
#17039 = ORIENTED_EDGE('',*,*,#11247,.F.);
#17040 = ORIENTED_EDGE('',*,*,#17019,.F.);
#17041 = ADVANCED_FACE('',(#17042),#11303,.T.);
#17042 = FACE_BOUND('',#17043,.F.);
#17043 = EDGE_LOOP('',(#17044,#17045,#17066,#17067));
#17044 = ORIENTED_EDGE('',*,*,#14771,.F.);
#17045 = ORIENTED_EDGE('',*,*,#17046,.T.);
#17046 = EDGE_CURVE('',#14772,#11283,#17047,.T.);
#17047 = SEAM_CURVE('',#17048,(#17052,#17059),.PCURVE_S1.);
#17048 = LINE('',#17049,#17050);
#17049 = CARTESIAN_POINT('',(383.,325.,16.));
#17050 = VECTOR('',#17051,1.);
#17051 = DIRECTION('',(0.,0.,1.));
#17052 = PCURVE('',#11303,#17053);
#17053 = DEFINITIONAL_REPRESENTATION('',(#17054),#17058);
#17054 = LINE('',#17055,#17056);
#17055 = CARTESIAN_POINT('',(-6.28318530718,0.));
#17056 = VECTOR('',#17057,1.);
#17057 = DIRECTION('',(-0.,-1.));
#17058 = ( GEOMETRIC_REPRESENTATION_CONTEXT(2) 
PARAMETRIC_REPRESENTATION_CONTEXT() REPRESENTATION_CONTEXT('2D SPACE',''
  ) );
#17059 = PCURVE('',#11303,#17060);
#17060 = DEFINITIONAL_REPRESENTATION('',(#17061),#17065);
#17061 = LINE('',#17062,#17063);
#17062 = CARTESIAN_POINT('',(-0.,0.));
#17063 = VECTOR('',#17064,1.);
#17064 = DIRECTION('',(-0.,-1.));
#17065 = ( GEOMETRIC_REPRESENTATION_CONTEXT(2) 
PARAMETRIC_REPRESENTATION_CONTEXT() REPRESENTATION_CONTEXT('2D SPACE',''
  ) );
#17066 = ORIENTED_EDGE('',*,*,#11282,.F.);
#17067 = ORIENTED_EDGE('',*,*,#17046,.F.);
#17068 = ADVANCED_FACE('',(#17069),#11338,.T.);
#17069 = FACE_BOUND('',#17070,.F.);
#17070 = EDGE_LOOP('',(#17071,#17072,#17093,#17094));
#17071 = ORIENTED_EDGE('',*,*,#14801,.F.);
#17072 = ORIENTED_EDGE('',*,*,#17073,.T.);
#17073 = EDGE_CURVE('',#14802,#11318,#17074,.T.);
#17074 = SEAM_CURVE('',#17075,(#17079,#17086),.PCURVE_S1.);
#17075 = LINE('',#17076,#17077);
#17076 = CARTESIAN_POINT('',(433.,325.,16.));
#17077 = VECTOR('',#17078,1.);
#17078 = DIRECTION('',(0.,0.,1.));
#17079 = PCURVE('',#11338,#17080);
#17080 = DEFINITIONAL_REPRESENTATION('',(#17081),#17085);
#17081 = LINE('',#17082,#17083);
#17082 = CARTESIAN_POINT('',(-6.28318530718,0.));
#17083 = VECTOR('',#17084,1.);
#17084 = DIRECTION('',(-0.,-1.));
#17085 = ( GEOMETRIC_REPRESENTATION_CONTEXT(2) 
PARAMETRIC_REPRESENTATION_CONTEXT() REPRESENTATION_CONTEXT('2D SPACE',''
  ) );
#17086 = PCURVE('',#11338,#17087);
#17087 = DEFINITIONAL_REPRESENTATION('',(#17088),#17092);
#17088 = LINE('',#17089,#17090);
#17089 = CARTESIAN_POINT('',(-0.,0.));
#17090 = VECTOR('',#17091,1.);
#17091 = DIRECTION('',(-0.,-1.));
#17092 = ( GEOMETRIC_REPRESENTATION_CONTEXT(2) 
PARAMETRIC_REPRESENTATION_CONTEXT() REPRESENTATION_CONTEXT('2D SPACE',''
  ) );
#17093 = ORIENTED_EDGE('',*,*,#11317,.F.);
#17094 = ORIENTED_EDGE('',*,*,#17073,.F.);
#17095 = ADVANCED_FACE('',(#17096),#11544,.F.);
#17096 = FACE_BOUND('',#17097,.F.);
#17097 = EDGE_LOOP('',(#17098,#17099,#17120,#17121));
#17098 = ORIENTED_EDGE('',*,*,#11718,.F.);
#17099 = ORIENTED_EDGE('',*,*,#17100,.F.);
#17100 = EDGE_CURVE('',#11528,#11719,#17101,.T.);
#17101 = SEAM_CURVE('',#17102,(#17106,#17113),.PCURVE_S1.);
#17102 = LINE('',#17103,#17104);
#17103 = CARTESIAN_POINT('',(64.2,62.5,15.));
#17104 = VECTOR('',#17105,1.);
#17105 = DIRECTION('',(0.,0.,1.));
#17106 = PCURVE('',#11544,#17107);
#17107 = DEFINITIONAL_REPRESENTATION('',(#17108),#17112);
#17108 = LINE('',#17109,#17110);
#17109 = CARTESIAN_POINT('',(6.28318530718,-0.));
#17110 = VECTOR('',#17111,1.);
#17111 = DIRECTION('',(0.,1.));
#17112 = ( GEOMETRIC_REPRESENTATION_CONTEXT(2) 
PARAMETRIC_REPRESENTATION_CONTEXT() REPRESENTATION_CONTEXT('2D SPACE',''
  ) );
#17113 = PCURVE('',#11544,#17114);
#17114 = DEFINITIONAL_REPRESENTATION('',(#17115),#17119);
#17115 = LINE('',#17116,#17117);
#17116 = CARTESIAN_POINT('',(0.,-0.));
#17117 = VECTOR('',#17118,1.);
#17118 = DIRECTION('',(0.,1.));
#17119 = ( GEOMETRIC_REPRESENTATION_CONTEXT(2) 
PARAMETRIC_REPRESENTATION_CONTEXT() REPRESENTATION_CONTEXT('2D SPACE',''
  ) );
#17120 = ORIENTED_EDGE('',*,*,#11527,.T.);
#17121 = ORIENTED_EDGE('',*,*,#17100,.T.);
#17122 = ADVANCED_FACE('',(#17123),#11575,.F.);
#17123 = FACE_BOUND('',#17124,.F.);
#17124 = EDGE_LOOP('',(#17125,#17126,#17147,#17148));
#17125 = ORIENTED_EDGE('',*,*,#11778,.F.);
#17126 = ORIENTED_EDGE('',*,*,#17127,.F.);
#17127 = EDGE_CURVE('',#11559,#11779,#17128,.T.);
#17128 = SEAM_CURVE('',#17129,(#17133,#17140),.PCURVE_S1.);
#17129 = LINE('',#17130,#17131);
#17130 = CARTESIAN_POINT('',(89.2,62.5,15.));
#17131 = VECTOR('',#17132,1.);
#17132 = DIRECTION('',(0.,0.,1.));
#17133 = PCURVE('',#11575,#17134);
#17134 = DEFINITIONAL_REPRESENTATION('',(#17135),#17139);
#17135 = LINE('',#17136,#17137);
#17136 = CARTESIAN_POINT('',(6.28318530718,-0.));
#17137 = VECTOR('',#17138,1.);
#17138 = DIRECTION('',(0.,1.));
#17139 = ( GEOMETRIC_REPRESENTATION_CONTEXT(2) 
PARAMETRIC_REPRESENTATION_CONTEXT() REPRESENTATION_CONTEXT('2D SPACE',''
  ) );
#17140 = PCURVE('',#11575,#17141);
#17141 = DEFINITIONAL_REPRESENTATION('',(#17142),#17146);
#17142 = LINE('',#17143,#17144);
#17143 = CARTESIAN_POINT('',(0.,-0.));
#17144 = VECTOR('',#17145,1.);
#17145 = DIRECTION('',(0.,1.));
#17146 = ( GEOMETRIC_REPRESENTATION_CONTEXT(2) 
PARAMETRIC_REPRESENTATION_CONTEXT() REPRESENTATION_CONTEXT('2D SPACE',''
  ) );
#17147 = ORIENTED_EDGE('',*,*,#11558,.T.);
#17148 = ORIENTED_EDGE('',*,*,#17127,.T.);
#17149 = ADVANCED_FACE('',(#17150),#11606,.F.);
#17150 = FACE_BOUND('',#17151,.F.);
#17151 = EDGE_LOOP('',(#17152,#17153,#17174,#17175));
#17152 = ORIENTED_EDGE('',*,*,#11748,.F.);
#17153 = ORIENTED_EDGE('',*,*,#17154,.F.);
#17154 = EDGE_CURVE('',#11590,#11749,#17155,.T.);
#17155 = SEAM_CURVE('',#17156,(#17160,#17167),.PCURVE_S1.);
#17156 = LINE('',#17157,#17158);
#17157 = CARTESIAN_POINT('',(64.2,87.5,15.));
#17158 = VECTOR('',#17159,1.);
#17159 = DIRECTION('',(0.,0.,1.));
#17160 = PCURVE('',#11606,#17161);
#17161 = DEFINITIONAL_REPRESENTATION('',(#17162),#17166);
#17162 = LINE('',#17163,#17164);
#17163 = CARTESIAN_POINT('',(6.28318530718,-0.));
#17164 = VECTOR('',#17165,1.);
#17165 = DIRECTION('',(0.,1.));
#17166 = ( GEOMETRIC_REPRESENTATION_CONTEXT(2) 
PARAMETRIC_REPRESENTATION_CONTEXT() REPRESENTATION_CONTEXT('2D SPACE',''
  ) );
#17167 = PCURVE('',#11606,#17168);
#17168 = DEFINITIONAL_REPRESENTATION('',(#17169),#17173);
#17169 = LINE('',#17170,#17171);
#17170 = CARTESIAN_POINT('',(0.,-0.));
#17171 = VECTOR('',#17172,1.);
#17172 = DIRECTION('',(0.,1.));
#17173 = ( GEOMETRIC_REPRESENTATION_CONTEXT(2) 
PARAMETRIC_REPRESENTATION_CONTEXT() REPRESENTATION_CONTEXT('2D SPACE',''
  ) );
#17174 = ORIENTED_EDGE('',*,*,#11589,.T.);
#17175 = ORIENTED_EDGE('',*,*,#17154,.T.);
#17176 = ADVANCED_FACE('',(#17177),#11640,.F.);
#17177 = FACE_BOUND('',#17178,.F.);
#17178 = EDGE_LOOP('',(#17179,#17180,#17201,#17202));
#17179 = ORIENTED_EDGE('',*,*,#11808,.F.);
#17180 = ORIENTED_EDGE('',*,*,#17181,.F.);
#17181 = EDGE_CURVE('',#11624,#11809,#17182,.T.);
#17182 = SEAM_CURVE('',#17183,(#17187,#17194),.PCURVE_S1.);
#17183 = LINE('',#17184,#17185);
#17184 = CARTESIAN_POINT('',(89.2,87.5,15.));
#17185 = VECTOR('',#17186,1.);
#17186 = DIRECTION('',(0.,0.,1.));
#17187 = PCURVE('',#11640,#17188);
#17188 = DEFINITIONAL_REPRESENTATION('',(#17189),#17193);
#17189 = LINE('',#17190,#17191);
#17190 = CARTESIAN_POINT('',(6.28318530718,-0.));
#17191 = VECTOR('',#17192,1.);
#17192 = DIRECTION('',(0.,1.));
#17193 = ( GEOMETRIC_REPRESENTATION_CONTEXT(2) 
PARAMETRIC_REPRESENTATION_CONTEXT() REPRESENTATION_CONTEXT('2D SPACE',''
  ) );
#17194 = PCURVE('',#11640,#17195);
#17195 = DEFINITIONAL_REPRESENTATION('',(#17196),#17200);
#17196 = LINE('',#17197,#17198);
#17197 = CARTESIAN_POINT('',(0.,-0.));
#17198 = VECTOR('',#17199,1.);
#17199 = DIRECTION('',(0.,1.));
#17200 = ( GEOMETRIC_REPRESENTATION_CONTEXT(2) 
PARAMETRIC_REPRESENTATION_CONTEXT() REPRESENTATION_CONTEXT('2D SPACE',''
  ) );
#17201 = ORIENTED_EDGE('',*,*,#11623,.T.);
#17202 = ORIENTED_EDGE('',*,*,#17181,.T.);
#17203 = ADVANCED_FACE('',(#17204),#12473,.F.);
#17204 = FACE_BOUND('',#17205,.F.);
#17205 = EDGE_LOOP('',(#17206,#17207,#17228,#17229));
#17206 = ORIENTED_EDGE('',*,*,#12593,.F.);
#17207 = ORIENTED_EDGE('',*,*,#17208,.F.);
#17208 = EDGE_CURVE('',#12457,#12594,#17209,.T.);
#17209 = SEAM_CURVE('',#17210,(#17214,#17221),.PCURVE_S1.);
#17210 = LINE('',#17211,#17212);
#17211 = CARTESIAN_POINT('',(364.2,62.5,15.));
#17212 = VECTOR('',#17213,1.);
#17213 = DIRECTION('',(0.,0.,1.));
#17214 = PCURVE('',#12473,#17215);
#17215 = DEFINITIONAL_REPRESENTATION('',(#17216),#17220);
#17216 = LINE('',#17217,#17218);
#17217 = CARTESIAN_POINT('',(6.28318530718,-0.));
#17218 = VECTOR('',#17219,1.);
#17219 = DIRECTION('',(0.,1.));
#17220 = ( GEOMETRIC_REPRESENTATION_CONTEXT(2) 
PARAMETRIC_REPRESENTATION_CONTEXT() REPRESENTATION_CONTEXT('2D SPACE',''
  ) );
#17221 = PCURVE('',#12473,#17222);
#17222 = DEFINITIONAL_REPRESENTATION('',(#17223),#17227);
#17223 = LINE('',#17224,#17225);
#17224 = CARTESIAN_POINT('',(0.,-0.));
#17225 = VECTOR('',#17226,1.);
#17226 = DIRECTION('',(0.,1.));
#17227 = ( GEOMETRIC_REPRESENTATION_CONTEXT(2) 
PARAMETRIC_REPRESENTATION_CONTEXT() REPRESENTATION_CONTEXT('2D SPACE',''
  ) );
#17228 = ORIENTED_EDGE('',*,*,#12456,.T.);
#17229 = ORIENTED_EDGE('',*,*,#17208,.T.);
#17230 = ADVANCED_FACE('',(#17231),#12510,.F.);
#17231 = FACE_BOUND('',#17232,.F.);
#17232 = EDGE_LOOP('',(#17233,#17234,#17255,#17256));
#17233 = ORIENTED_EDGE('',*,*,#12653,.F.);
#17234 = ORIENTED_EDGE('',*,*,#17235,.F.);
#17235 = EDGE_CURVE('',#12494,#12654,#17236,.T.);
#17236 = SEAM_CURVE('',#17237,(#17241,#17248),.PCURVE_S1.);
#17237 = LINE('',#17238,#17239);
#17238 = CARTESIAN_POINT('',(389.2,62.5,15.));
#17239 = VECTOR('',#17240,1.);
#17240 = DIRECTION('',(0.,0.,1.));
#17241 = PCURVE('',#12510,#17242);
#17242 = DEFINITIONAL_REPRESENTATION('',(#17243),#17247);
#17243 = LINE('',#17244,#17245);
#17244 = CARTESIAN_POINT('',(6.28318530718,-0.));
#17245 = VECTOR('',#17246,1.);
#17246 = DIRECTION('',(0.,1.));
#17247 = ( GEOMETRIC_REPRESENTATION_CONTEXT(2) 
PARAMETRIC_REPRESENTATION_CONTEXT() REPRESENTATION_CONTEXT('2D SPACE',''
  ) );
#17248 = PCURVE('',#12510,#17249);
#17249 = DEFINITIONAL_REPRESENTATION('',(#17250),#17254);
#17250 = LINE('',#17251,#17252);
#17251 = CARTESIAN_POINT('',(0.,-0.));
#17252 = VECTOR('',#17253,1.);
#17253 = DIRECTION('',(0.,1.));
#17254 = ( GEOMETRIC_REPRESENTATION_CONTEXT(2) 
PARAMETRIC_REPRESENTATION_CONTEXT() REPRESENTATION_CONTEXT('2D SPACE',''
  ) );
#17255 = ORIENTED_EDGE('',*,*,#12493,.T.);
#17256 = ORIENTED_EDGE('',*,*,#17235,.T.);
#17257 = ADVANCED_FACE('',(#17258),#12544,.F.);
#17258 = FACE_BOUND('',#17259,.F.);
#17259 = EDGE_LOOP('',(#17260,#17261,#17282,#17283));
#17260 = ORIENTED_EDGE('',*,*,#12623,.F.);
#17261 = ORIENTED_EDGE('',*,*,#17262,.F.);
#17262 = EDGE_CURVE('',#12528,#12624,#17263,.T.);
#17263 = SEAM_CURVE('',#17264,(#17268,#17275),.PCURVE_S1.);
#17264 = LINE('',#17265,#17266);
#17265 = CARTESIAN_POINT('',(364.2,87.5,15.));
#17266 = VECTOR('',#17267,1.);
#17267 = DIRECTION('',(0.,0.,1.));
#17268 = PCURVE('',#12544,#17269);
#17269 = DEFINITIONAL_REPRESENTATION('',(#17270),#17274);
#17270 = LINE('',#17271,#17272);
#17271 = CARTESIAN_POINT('',(6.28318530718,-0.));
#17272 = VECTOR('',#17273,1.);
#17273 = DIRECTION('',(0.,1.));
#17274 = ( GEOMETRIC_REPRESENTATION_CONTEXT(2) 
PARAMETRIC_REPRESENTATION_CONTEXT() REPRESENTATION_CONTEXT('2D SPACE',''
  ) );
#17275 = PCURVE('',#12544,#17276);
#17276 = DEFINITIONAL_REPRESENTATION('',(#17277),#17281);
#17277 = LINE('',#17278,#17279);
#17278 = CARTESIAN_POINT('',(0.,-0.));
#17279 = VECTOR('',#17280,1.);
#17280 = DIRECTION('',(0.,1.));
#17281 = ( GEOMETRIC_REPRESENTATION_CONTEXT(2) 
PARAMETRIC_REPRESENTATION_CONTEXT() REPRESENTATION_CONTEXT('2D SPACE',''
  ) );
#17282 = ORIENTED_EDGE('',*,*,#12527,.T.);
#17283 = ORIENTED_EDGE('',*,*,#17262,.T.);
#17284 = ADVANCED_FACE('',(#17285),#12575,.F.);
#17285 = FACE_BOUND('',#17286,.F.);
#17286 = EDGE_LOOP('',(#17287,#17288,#17309,#17310));
#17287 = ORIENTED_EDGE('',*,*,#12713,.F.);
#17288 = ORIENTED_EDGE('',*,*,#17289,.F.);
#17289 = EDGE_CURVE('',#12559,#12714,#17290,.T.);
#17290 = SEAM_CURVE('',#17291,(#17295,#17302),.PCURVE_S1.);
#17291 = LINE('',#17292,#17293);
#17292 = CARTESIAN_POINT('',(389.2,87.5,15.));
#17293 = VECTOR('',#17294,1.);
#17294 = DIRECTION('',(0.,0.,1.));
#17295 = PCURVE('',#12575,#17296);
#17296 = DEFINITIONAL_REPRESENTATION('',(#17297),#17301);
#17297 = LINE('',#17298,#17299);
#17298 = CARTESIAN_POINT('',(6.28318530718,-0.));
#17299 = VECTOR('',#17300,1.);
#17300 = DIRECTION('',(0.,1.));
#17301 = ( GEOMETRIC_REPRESENTATION_CONTEXT(2) 
PARAMETRIC_REPRESENTATION_CONTEXT() REPRESENTATION_CONTEXT('2D SPACE',''
  ) );
#17302 = PCURVE('',#12575,#17303);
#17303 = DEFINITIONAL_REPRESENTATION('',(#17304),#17308);
#17304 = LINE('',#17305,#17306);
#17305 = CARTESIAN_POINT('',(0.,-0.));
#17306 = VECTOR('',#17307,1.);
#17307 = DIRECTION('',(0.,1.));
#17308 = ( GEOMETRIC_REPRESENTATION_CONTEXT(2) 
PARAMETRIC_REPRESENTATION_CONTEXT() REPRESENTATION_CONTEXT('2D SPACE',''
  ) );
#17309 = ORIENTED_EDGE('',*,*,#12558,.T.);
#17310 = ORIENTED_EDGE('',*,*,#17289,.T.);
#17311 = ADVANCED_FACE('',(#17312),#13090,.F.);
#17312 = FACE_BOUND('',#17313,.F.);
#17313 = EDGE_LOOP('',(#17314,#17315,#17336,#17337));
#17314 = ORIENTED_EDGE('',*,*,#13073,.F.);
#17315 = ORIENTED_EDGE('',*,*,#17316,.F.);
#17316 = EDGE_CURVE('',#13984,#13074,#17317,.T.);
#17317 = SEAM_CURVE('',#17318,(#17322,#17329),.PCURVE_S1.);
#17318 = LINE('',#17319,#17320);
#17319 = CARTESIAN_POINT('',(207.75,201.,15.));
#17320 = VECTOR('',#17321,1.);
#17321 = DIRECTION('',(0.,0.,1.));
#17322 = PCURVE('',#13090,#17323);
#17323 = DEFINITIONAL_REPRESENTATION('',(#17324),#17328);
#17324 = LINE('',#17325,#17326);
#17325 = CARTESIAN_POINT('',(6.28318530718,-0.));
#17326 = VECTOR('',#17327,1.);
#17327 = DIRECTION('',(0.,1.));
#17328 = ( GEOMETRIC_REPRESENTATION_CONTEXT(2) 
PARAMETRIC_REPRESENTATION_CONTEXT() REPRESENTATION_CONTEXT('2D SPACE',''
  ) );
#17329 = PCURVE('',#13090,#17330);
#17330 = DEFINITIONAL_REPRESENTATION('',(#17331),#17335);
#17331 = LINE('',#17332,#17333);
#17332 = CARTESIAN_POINT('',(0.,-0.));
#17333 = VECTOR('',#17334,1.);
#17334 = DIRECTION('',(0.,1.));
#17335 = ( GEOMETRIC_REPRESENTATION_CONTEXT(2) 
PARAMETRIC_REPRESENTATION_CONTEXT() REPRESENTATION_CONTEXT('2D SPACE',''
  ) );
#17336 = ORIENTED_EDGE('',*,*,#13983,.T.);
#17337 = ORIENTED_EDGE('',*,*,#17316,.T.);
#17338 = ADVANCED_FACE('',(#17339),#13185,.F.);
#17339 = FACE_BOUND('',#17340,.F.);
#17340 = EDGE_LOOP('',(#17341,#17342,#17363,#17364));
#17341 = ORIENTED_EDGE('',*,*,#13168,.F.);
#17342 = ORIENTED_EDGE('',*,*,#17343,.F.);
#17343 = EDGE_CURVE('',#13395,#13169,#17344,.T.);
#17344 = SEAM_CURVE('',#17345,(#17349,#17356),.PCURVE_S1.);
#17345 = LINE('',#17346,#17347);
#17346 = CARTESIAN_POINT('',(64.2,262.5,15.));
#17347 = VECTOR('',#17348,1.);
#17348 = DIRECTION('',(0.,0.,1.));
#17349 = PCURVE('',#13185,#17350);
#17350 = DEFINITIONAL_REPRESENTATION('',(#17351),#17355);
#17351 = LINE('',#17352,#17353);
#17352 = CARTESIAN_POINT('',(6.28318530718,-0.));
#17353 = VECTOR('',#17354,1.);
#17354 = DIRECTION('',(0.,1.));
#17355 = ( GEOMETRIC_REPRESENTATION_CONTEXT(2) 
PARAMETRIC_REPRESENTATION_CONTEXT() REPRESENTATION_CONTEXT('2D SPACE',''
  ) );
#17356 = PCURVE('',#13185,#17357);
#17357 = DEFINITIONAL_REPRESENTATION('',(#17358),#17362);
#17358 = LINE('',#17359,#17360);
#17359 = CARTESIAN_POINT('',(0.,-0.));
#17360 = VECTOR('',#17361,1.);
#17361 = DIRECTION('',(0.,1.));
#17362 = ( GEOMETRIC_REPRESENTATION_CONTEXT(2) 
PARAMETRIC_REPRESENTATION_CONTEXT() REPRESENTATION_CONTEXT('2D SPACE',''
  ) );
#17363 = ORIENTED_EDGE('',*,*,#13394,.T.);
#17364 = ORIENTED_EDGE('',*,*,#17343,.T.);
#17365 = ADVANCED_FACE('',(#17366),#13250,.F.);
#17366 = FACE_BOUND('',#17367,.F.);
#17367 = EDGE_LOOP('',(#17368,#17369,#17390,#17391));
#17368 = ORIENTED_EDGE('',*,*,#13233,.F.);
#17369 = ORIENTED_EDGE('',*,*,#17370,.F.);
#17370 = EDGE_CURVE('',#13450,#13234,#17371,.T.);
#17371 = SEAM_CURVE('',#17372,(#17376,#17383),.PCURVE_S1.);
#17372 = LINE('',#17373,#17374);
#17373 = CARTESIAN_POINT('',(64.2,287.5,15.));
#17374 = VECTOR('',#17375,1.);
#17375 = DIRECTION('',(0.,0.,1.));
#17376 = PCURVE('',#13250,#17377);
#17377 = DEFINITIONAL_REPRESENTATION('',(#17378),#17382);
#17378 = LINE('',#17379,#17380);
#17379 = CARTESIAN_POINT('',(6.28318530718,-0.));
#17380 = VECTOR('',#17381,1.);
#17381 = DIRECTION('',(0.,1.));
#17382 = ( GEOMETRIC_REPRESENTATION_CONTEXT(2) 
PARAMETRIC_REPRESENTATION_CONTEXT() REPRESENTATION_CONTEXT('2D SPACE',''
  ) );
#17383 = PCURVE('',#13250,#17384);
#17384 = DEFINITIONAL_REPRESENTATION('',(#17385),#17389);
#17385 = LINE('',#17386,#17387);
#17386 = CARTESIAN_POINT('',(0.,-0.));
#17387 = VECTOR('',#17388,1.);
#17388 = DIRECTION('',(0.,1.));
#17389 = ( GEOMETRIC_REPRESENTATION_CONTEXT(2) 
PARAMETRIC_REPRESENTATION_CONTEXT() REPRESENTATION_CONTEXT('2D SPACE',''
  ) );
#17390 = ORIENTED_EDGE('',*,*,#13449,.T.);
#17391 = ORIENTED_EDGE('',*,*,#17370,.T.);
#17392 = ADVANCED_FACE('',(#17393),#13285,.F.);
#17393 = FACE_BOUND('',#17394,.F.);
#17394 = EDGE_LOOP('',(#17395,#17396,#17417,#17418));
#17395 = ORIENTED_EDGE('',*,*,#13268,.F.);
#17396 = ORIENTED_EDGE('',*,*,#17397,.F.);
#17397 = EDGE_CURVE('',#13424,#13269,#17398,.T.);
#17398 = SEAM_CURVE('',#17399,(#17403,#17410),.PCURVE_S1.);
#17399 = LINE('',#17400,#17401);
#17400 = CARTESIAN_POINT('',(89.2,262.5,15.));
#17401 = VECTOR('',#17402,1.);
#17402 = DIRECTION('',(0.,0.,1.));
#17403 = PCURVE('',#13285,#17404);
#17404 = DEFINITIONAL_REPRESENTATION('',(#17405),#17409);
#17405 = LINE('',#17406,#17407);
#17406 = CARTESIAN_POINT('',(6.28318530718,-0.));
#17407 = VECTOR('',#17408,1.);
#17408 = DIRECTION('',(0.,1.));
#17409 = ( GEOMETRIC_REPRESENTATION_CONTEXT(2) 
PARAMETRIC_REPRESENTATION_CONTEXT() REPRESENTATION_CONTEXT('2D SPACE',''
  ) );
#17410 = PCURVE('',#13285,#17411);
#17411 = DEFINITIONAL_REPRESENTATION('',(#17412),#17416);
#17412 = LINE('',#17413,#17414);
#17413 = CARTESIAN_POINT('',(0.,-0.));
#17414 = VECTOR('',#17415,1.);
#17415 = DIRECTION('',(0.,1.));
#17416 = ( GEOMETRIC_REPRESENTATION_CONTEXT(2) 
PARAMETRIC_REPRESENTATION_CONTEXT() REPRESENTATION_CONTEXT('2D SPACE',''
  ) );
#17417 = ORIENTED_EDGE('',*,*,#13423,.T.);
#17418 = ORIENTED_EDGE('',*,*,#17397,.T.);
#17419 = ADVANCED_FACE('',(#17420),#13492,.F.);
#17420 = FACE_BOUND('',#17421,.F.);
#17421 = EDGE_LOOP('',(#17422,#17423,#17444,#17445));
#17422 = ORIENTED_EDGE('',*,*,#13510,.F.);
#17423 = ORIENTED_EDGE('',*,*,#17424,.F.);
#17424 = EDGE_CURVE('',#13476,#13511,#17425,.T.);
#17425 = SEAM_CURVE('',#17426,(#17430,#17437),.PCURVE_S1.);
#17426 = LINE('',#17427,#17428);
#17427 = CARTESIAN_POINT('',(89.2,287.5,15.));
#17428 = VECTOR('',#17429,1.);
#17429 = DIRECTION('',(0.,0.,1.));
#17430 = PCURVE('',#13492,#17431);
#17431 = DEFINITIONAL_REPRESENTATION('',(#17432),#17436);
#17432 = LINE('',#17433,#17434);
#17433 = CARTESIAN_POINT('',(6.28318530718,-0.));
#17434 = VECTOR('',#17435,1.);
#17435 = DIRECTION('',(0.,1.));
#17436 = ( GEOMETRIC_REPRESENTATION_CONTEXT(2) 
PARAMETRIC_REPRESENTATION_CONTEXT() REPRESENTATION_CONTEXT('2D SPACE',''
  ) );
#17437 = PCURVE('',#13492,#17438);
#17438 = DEFINITIONAL_REPRESENTATION('',(#17439),#17443);
#17439 = LINE('',#17440,#17441);
#17440 = CARTESIAN_POINT('',(0.,-0.));
#17441 = VECTOR('',#17442,1.);
#17442 = DIRECTION('',(0.,1.));
#17443 = ( GEOMETRIC_REPRESENTATION_CONTEXT(2) 
PARAMETRIC_REPRESENTATION_CONTEXT() REPRESENTATION_CONTEXT('2D SPACE',''
  ) );
#17444 = ORIENTED_EDGE('',*,*,#13475,.T.);
#17445 = ORIENTED_EDGE('',*,*,#17424,.T.);
#17446 = ADVANCED_FACE('',(#17447),#13797,.F.);
#17447 = FACE_BOUND('',#17448,.F.);
#17448 = EDGE_LOOP('',(#17449,#17450,#17471,#17472));
#17449 = ORIENTED_EDGE('',*,*,#13780,.F.);
#17450 = ORIENTED_EDGE('',*,*,#17451,.F.);
#17451 = EDGE_CURVE('',#14010,#13781,#17452,.T.);
#17452 = SEAM_CURVE('',#17453,(#17457,#17464),.PCURVE_S1.);
#17453 = LINE('',#17454,#17455);
#17454 = CARTESIAN_POINT('',(247.75,201.,15.));
#17455 = VECTOR('',#17456,1.);
#17456 = DIRECTION('',(0.,0.,1.));
#17457 = PCURVE('',#13797,#17458);
#17458 = DEFINITIONAL_REPRESENTATION('',(#17459),#17463);
#17459 = LINE('',#17460,#17461);
#17460 = CARTESIAN_POINT('',(6.28318530718,-0.));
#17461 = VECTOR('',#17462,1.);
#17462 = DIRECTION('',(0.,1.));
#17463 = ( GEOMETRIC_REPRESENTATION_CONTEXT(2) 
PARAMETRIC_REPRESENTATION_CONTEXT() REPRESENTATION_CONTEXT('2D SPACE',''
  ) );
#17464 = PCURVE('',#13797,#17465);
#17465 = DEFINITIONAL_REPRESENTATION('',(#17466),#17470);
#17466 = LINE('',#17467,#17468);
#17467 = CARTESIAN_POINT('',(0.,-0.));
#17468 = VECTOR('',#17469,1.);
#17469 = DIRECTION('',(0.,1.));
#17470 = ( GEOMETRIC_REPRESENTATION_CONTEXT(2) 
PARAMETRIC_REPRESENTATION_CONTEXT() REPRESENTATION_CONTEXT('2D SPACE',''
  ) );
#17471 = ORIENTED_EDGE('',*,*,#14009,.T.);
#17472 = ORIENTED_EDGE('',*,*,#17451,.T.);
#17473 = ADVANCED_FACE('',(#17474),#14419,.F.);
#17474 = FACE_BOUND('',#17475,.F.);
#17475 = EDGE_LOOP('',(#17476,#17477,#17498,#17499));
#17476 = ORIENTED_EDGE('',*,*,#14402,.F.);
#17477 = ORIENTED_EDGE('',*,*,#17478,.F.);
#17478 = EDGE_CURVE('',#14529,#14403,#17479,.T.);
#17479 = SEAM_CURVE('',#17480,(#17484,#17491),.PCURVE_S1.);
#17480 = LINE('',#17481,#17482);
#17481 = CARTESIAN_POINT('',(364.2,262.5,15.));
#17482 = VECTOR('',#17483,1.);
#17483 = DIRECTION('',(0.,0.,1.));
#17484 = PCURVE('',#14419,#17485);
#17485 = DEFINITIONAL_REPRESENTATION('',(#17486),#17490);
#17486 = LINE('',#17487,#17488);
#17487 = CARTESIAN_POINT('',(6.28318530718,-0.));
#17488 = VECTOR('',#17489,1.);
#17489 = DIRECTION('',(0.,1.));
#17490 = ( GEOMETRIC_REPRESENTATION_CONTEXT(2) 
PARAMETRIC_REPRESENTATION_CONTEXT() REPRESENTATION_CONTEXT('2D SPACE',''
  ) );
#17491 = PCURVE('',#14419,#17492);
#17492 = DEFINITIONAL_REPRESENTATION('',(#17493),#17497);
#17493 = LINE('',#17494,#17495);
#17494 = CARTESIAN_POINT('',(0.,-0.));
#17495 = VECTOR('',#17496,1.);
#17496 = DIRECTION('',(0.,1.));
#17497 = ( GEOMETRIC_REPRESENTATION_CONTEXT(2) 
PARAMETRIC_REPRESENTATION_CONTEXT() REPRESENTATION_CONTEXT('2D SPACE',''
  ) );
#17498 = ORIENTED_EDGE('',*,*,#14528,.T.);
#17499 = ORIENTED_EDGE('',*,*,#17478,.T.);
#17500 = ADVANCED_FACE('',(#17501),#14574,.F.);
#17501 = FACE_BOUND('',#17502,.F.);
#17502 = EDGE_LOOP('',(#17503,#17504,#17525,#17526));
#17503 = ORIENTED_EDGE('',*,*,#14684,.F.);
#17504 = ORIENTED_EDGE('',*,*,#17505,.F.);
#17505 = EDGE_CURVE('',#14558,#14685,#17506,.T.);
#17506 = SEAM_CURVE('',#17507,(#17511,#17518),.PCURVE_S1.);
#17507 = LINE('',#17508,#17509);
#17508 = CARTESIAN_POINT('',(389.2,262.5,15.));
#17509 = VECTOR('',#17510,1.);
#17510 = DIRECTION('',(0.,0.,1.));
#17511 = PCURVE('',#14574,#17512);
#17512 = DEFINITIONAL_REPRESENTATION('',(#17513),#17517);
#17513 = LINE('',#17514,#17515);
#17514 = CARTESIAN_POINT('',(6.28318530718,-0.));
#17515 = VECTOR('',#17516,1.);
#17516 = DIRECTION('',(0.,1.));
#17517 = ( GEOMETRIC_REPRESENTATION_CONTEXT(2) 
PARAMETRIC_REPRESENTATION_CONTEXT() REPRESENTATION_CONTEXT('2D SPACE',''
  ) );
#17518 = PCURVE('',#14574,#17519);
#17519 = DEFINITIONAL_REPRESENTATION('',(#17520),#17524);
#17520 = LINE('',#17521,#17522);
#17521 = CARTESIAN_POINT('',(0.,-0.));
#17522 = VECTOR('',#17523,1.);
#17523 = DIRECTION('',(0.,1.));
#17524 = ( GEOMETRIC_REPRESENTATION_CONTEXT(2) 
PARAMETRIC_REPRESENTATION_CONTEXT() REPRESENTATION_CONTEXT('2D SPACE',''
  ) );
#17525 = ORIENTED_EDGE('',*,*,#14557,.T.);
#17526 = ORIENTED_EDGE('',*,*,#17505,.T.);
#17527 = ADVANCED_FACE('',(#17528),#14605,.F.);
#17528 = FACE_BOUND('',#17529,.F.);
#17529 = EDGE_LOOP('',(#17530,#17531,#17552,#17553));
#17530 = ORIENTED_EDGE('',*,*,#14654,.F.);
#17531 = ORIENTED_EDGE('',*,*,#17532,.F.);
#17532 = EDGE_CURVE('',#14589,#14655,#17533,.T.);
#17533 = SEAM_CURVE('',#17534,(#17538,#17545),.PCURVE_S1.);
#17534 = LINE('',#17535,#17536);
#17535 = CARTESIAN_POINT('',(364.2,287.5,15.));
#17536 = VECTOR('',#17537,1.);
#17537 = DIRECTION('',(0.,0.,1.));
#17538 = PCURVE('',#14605,#17539);
#17539 = DEFINITIONAL_REPRESENTATION('',(#17540),#17544);
#17540 = LINE('',#17541,#17542);
#17541 = CARTESIAN_POINT('',(6.28318530718,-0.));
#17542 = VECTOR('',#17543,1.);
#17543 = DIRECTION('',(0.,1.));
#17544 = ( GEOMETRIC_REPRESENTATION_CONTEXT(2) 
PARAMETRIC_REPRESENTATION_CONTEXT() REPRESENTATION_CONTEXT('2D SPACE',''
  ) );
#17545 = PCURVE('',#14605,#17546);
#17546 = DEFINITIONAL_REPRESENTATION('',(#17547),#17551);
#17547 = LINE('',#17548,#17549);
#17548 = CARTESIAN_POINT('',(0.,-0.));
#17549 = VECTOR('',#17550,1.);
#17550 = DIRECTION('',(0.,1.));
#17551 = ( GEOMETRIC_REPRESENTATION_CONTEXT(2) 
PARAMETRIC_REPRESENTATION_CONTEXT() REPRESENTATION_CONTEXT('2D SPACE',''
  ) );
#17552 = ORIENTED_EDGE('',*,*,#14588,.T.);
#17553 = ORIENTED_EDGE('',*,*,#17532,.T.);
#17554 = ADVANCED_FACE('',(#17555),#14636,.F.);
#17555 = FACE_BOUND('',#17556,.F.);
#17556 = EDGE_LOOP('',(#17557,#17558,#17579,#17580));
#17557 = ORIENTED_EDGE('',*,*,#14714,.F.);
#17558 = ORIENTED_EDGE('',*,*,#17559,.F.);
#17559 = EDGE_CURVE('',#14620,#14715,#17560,.T.);
#17560 = SEAM_CURVE('',#17561,(#17565,#17572),.PCURVE_S1.);
#17561 = LINE('',#17562,#17563);
#17562 = CARTESIAN_POINT('',(389.2,287.5,15.));
#17563 = VECTOR('',#17564,1.);
#17564 = DIRECTION('',(0.,0.,1.));
#17565 = PCURVE('',#14636,#17566);
#17566 = DEFINITIONAL_REPRESENTATION('',(#17567),#17571);
#17567 = LINE('',#17568,#17569);
#17568 = CARTESIAN_POINT('',(6.28318530718,-0.));
#17569 = VECTOR('',#17570,1.);
#17570 = DIRECTION('',(0.,1.));
#17571 = ( GEOMETRIC_REPRESENTATION_CONTEXT(2) 
PARAMETRIC_REPRESENTATION_CONTEXT() REPRESENTATION_CONTEXT('2D SPACE',''
  ) );
#17572 = PCURVE('',#14636,#17573);
#17573 = DEFINITIONAL_REPRESENTATION('',(#17574),#17578);
#17574 = LINE('',#17575,#17576);
#17575 = CARTESIAN_POINT('',(0.,-0.));
#17576 = VECTOR('',#17577,1.);
#17577 = DIRECTION('',(0.,1.));
#17578 = ( GEOMETRIC_REPRESENTATION_CONTEXT(2) 
PARAMETRIC_REPRESENTATION_CONTEXT() REPRESENTATION_CONTEXT('2D SPACE',''
  ) );
#17579 = ORIENTED_EDGE('',*,*,#14619,.T.);
#17580 = ORIENTED_EDGE('',*,*,#17559,.T.);
#17581 = ( GEOMETRIC_REPRESENTATION_CONTEXT(3) 
GLOBAL_UNCERTAINTY_ASSIGNED_CONTEXT((#17585)) 
GLOBAL_UNIT_ASSIGNED_CONTEXT((#17582,#17583,#17584)) 
REPRESENTATION_CONTEXT('Context #1',
  '3D Context with UNIT and UNCERTAINTY') );
#17582 = ( LENGTH_UNIT() NAMED_UNIT(*) SI_UNIT(.MILLI.,.METRE.) );
#17583 = ( NAMED_UNIT(*) PLANE_ANGLE_UNIT() SI_UNIT($,.RADIAN.) );
#17584 = ( NAMED_UNIT(*) SI_UNIT($,.STERADIAN.) SOLID_ANGLE_UNIT() );
#17585 = UNCERTAINTY_MEASURE_WITH_UNIT(LENGTH_MEASURE(1.E-07),#17582,
  'distance_accuracy_value','confusion accuracy');
#17586 = CONTEXT_DEPENDENT_SHAPE_REPRESENTATION(#17587,#17589);
#17587 = ( REPRESENTATION_RELATIONSHIP('','',#32,#10) 
REPRESENTATION_RELATIONSHIP_WITH_TRANSFORMATION(#17588) 
SHAPE_REPRESENTATION_RELATIONSHIP() );
#17588 = ITEM_DEFINED_TRANSFORMATION('','',#11,#15);
#17589 = PRODUCT_DEFINITION_SHAPE('Placement','Placement of an item',
  #17590);
#17590 = NEXT_ASSEMBLY_USAGE_OCCURRENCE('41','table','',#5,#27,$);
#17591 = PRODUCT_RELATED_PRODUCT_CATEGORY('part',$,(#29));
#17592 = MECHANICAL_DESIGN_GEOMETRIC_PRESENTATION_REPRESENTATION('',(
    #17593),#17581);
#17593 = STYLED_ITEM('color',(#17594),#33);
#17594 = PRESENTATION_STYLE_ASSIGNMENT((#17595));
#17595 = SURFACE_STYLE_USAGE(.BOTH.,#17596);
#17596 = SURFACE_SIDE_STYLE('',(#17597));
#17597 = SURFACE_STYLE_FILL_AREA(#17598);
#17598 = FILL_AREA_STYLE('',(#17599));
#17599 = FILL_AREA_STYLE_COLOUR('',#17600);
#17600 = COLOUR_RGB('',0.819999987296,0.839999997739,0.879999997771);
ENDSEC;
END-ISO-10303-21;
