ISO-10303-21;
HEADER;
FILE_DESCRIPTION(('Open CASCADE Model'),'2;1');
FILE_NAME('Open CASCADE Shape Model','2026-09-26T14:09:34',('Author'),(
    'Open CASCADE'),'Open CASCADE STEP processor 7.9','Open CASCADE 7.9'
  ,'Unknown');
FILE_SCHEMA(('AUTOMOTIVE_DESIGN { 1 0 10303 214 1 1 1 1 }'));
ENDSEC;
DATA;
#1 = APPLICATION_PROTOCOL_DEFINITION('international standard',
  'automotive_design',2000,#2);
#2 = APPLICATION_CONTEXT(
  'core data for automotive mechanical design processes');
#3 = SHAPE_DEFINITION_REPRESENTATION(#4,#10);
#4 = PRODUCT_DEFINITION_SHAPE('','',#5);
#5 = PRODUCT_DEFINITION('design','',#6,#9);
#6 = PRODUCT_DEFINITION_FORMATION('','',#7);
#7 = PRODUCT('Open CASCADE STEP translator 7.9 16',
  'Open CASCADE STEP translator 7.9 16','',(#8));
#8 = PRODUCT_CONTEXT('',#2,'mechanical');
#9 = PRODUCT_DEFINITION_CONTEXT('part definition',#2,'design');
#10 = SHAPE_REPRESENTATION('',(#11,#15,#19,#23,#27,#31,#35,#39,#43,#47,
    #51,#55,#59,#63,#67,#71,#75,#79),#83);
#11 = AXIS2_PLACEMENT_3D('',#12,#13,#14);
#12 = CARTESIAN_POINT('',(0.,0.,0.));
#13 = DIRECTION('',(0.,0.,1.));
#14 = DIRECTION('',(1.,0.,-0.));
#15 = AXIS2_PLACEMENT_3D('',#16,#17,#18);
#16 = CARTESIAN_POINT('',(75.,-18.,-426.));
#17 = DIRECTION('',(0.,0.,1.));
#18 = DIRECTION('',(1.,0.,-0.));
#19 = AXIS2_PLACEMENT_3D('',#20,#21,#22);
#20 = CARTESIAN_POINT('',(75.,-18.,-426.));
#21 = DIRECTION('',(0.,0.,1.));
#22 = DIRECTION('',(1.,0.,-0.));
#23 = AXIS2_PLACEMENT_3D('',#24,#25,#26);
#24 = CARTESIAN_POINT('',(75.,-18.,-426.));
#25 = DIRECTION('',(0.,0.,1.));
#26 = DIRECTION('',(1.,0.,-0.));
#27 = AXIS2_PLACEMENT_3D('',#28,#29,#30);
#28 = CARTESIAN_POINT('',(75.,-18.,-426.));
#29 = DIRECTION('',(0.,0.,1.));
#30 = DIRECTION('',(1.,0.,-0.));
#31 = AXIS2_PLACEMENT_3D('',#32,#33,#34);
#32 = CARTESIAN_POINT('',(75.,-18.,-426.));
#33 = DIRECTION('',(0.,0.,1.));
#34 = DIRECTION('',(1.,0.,-0.));
#35 = AXIS2_PLACEMENT_3D('',#36,#37,#38);
#36 = CARTESIAN_POINT('',(75.,-18.,-426.));
#37 = DIRECTION('',(0.,0.,1.));
#38 = DIRECTION('',(1.,0.,-0.));
#39 = AXIS2_PLACEMENT_3D('',#40,#41,#42);
#40 = CARTESIAN_POINT('',(75.,-18.,-426.));
#41 = DIRECTION('',(0.,0.,1.));
#42 = DIRECTION('',(1.,0.,-0.));
#43 = AXIS2_PLACEMENT_3D('',#44,#45,#46);
#44 = CARTESIAN_POINT('',(75.,-18.,-426.));
#45 = DIRECTION('',(0.,0.,1.));
#46 = DIRECTION('',(1.,0.,-0.));
#47 = AXIS2_PLACEMENT_3D('',#48,#49,#50);
#48 = CARTESIAN_POINT('',(75.,-18.,-426.));
#49 = DIRECTION('',(0.,0.,1.));
#50 = DIRECTION('',(1.,0.,-0.));
#51 = AXIS2_PLACEMENT_3D('',#52,#53,#54);
#52 = CARTESIAN_POINT('',(75.,-18.,-426.));
#53 = DIRECTION('',(0.,0.,1.));
#54 = DIRECTION('',(1.,0.,-0.));
#55 = AXIS2_PLACEMENT_3D('',#56,#57,#58);
#56 = CARTESIAN_POINT('',(75.,-18.,-426.));
#57 = DIRECTION('',(0.,0.,1.));
#58 = DIRECTION('',(1.,0.,-0.));
#59 = AXIS2_PLACEMENT_3D('',#60,#61,#62);
#60 = CARTESIAN_POINT('',(75.,-18.,-426.));
#61 = DIRECTION('',(0.,0.,1.));
#62 = DIRECTION('',(1.,0.,-0.));
#63 = AXIS2_PLACEMENT_3D('',#64,#65,#66);
#64 = CARTESIAN_POINT('',(75.,-18.,-426.));
#65 = DIRECTION('',(0.,0.,1.));
#66 = DIRECTION('',(1.,0.,-0.));
#67 = AXIS2_PLACEMENT_3D('',#68,#69,#70);
#68 = CARTESIAN_POINT('',(75.,-18.,-426.));
#69 = DIRECTION('',(0.,0.,1.));
#70 = DIRECTION('',(1.,0.,-0.));
#71 = AXIS2_PLACEMENT_3D('',#72,#73,#74);
#72 = CARTESIAN_POINT('',(75.,-18.,-426.));
#73 = DIRECTION('',(0.,0.,1.));
#74 = DIRECTION('',(1.,0.,-0.));
#75 = AXIS2_PLACEMENT_3D('',#76,#77,#78);
#76 = CARTESIAN_POINT('',(75.,-18.,-426.));
#77 = DIRECTION('',(0.,0.,1.));
#78 = DIRECTION('',(1.,0.,-0.));
#79 = AXIS2_PLACEMENT_3D('',#80,#81,#82);
#80 = CARTESIAN_POINT('',(75.,-18.,-426.));
#81 = DIRECTION('',(0.,0.,1.));
#82 = DIRECTION('',(1.,0.,-0.));
#83 = ( GEOMETRIC_REPRESENTATION_CONTEXT(3) 
GLOBAL_UNCERTAINTY_ASSIGNED_CONTEXT((#87)) GLOBAL_UNIT_ASSIGNED_CONTEXT(
(#84,#85,#86)) REPRESENTATION_CONTEXT('Context #1',
  '3D Context with UNIT and UNCERTAINTY') );
#84 = ( LENGTH_UNIT() NAMED_UNIT(*) SI_UNIT(.MILLI.,.METRE.) );
#85 = ( NAMED_UNIT(*) PLANE_ANGLE_UNIT() SI_UNIT($,.RADIAN.) );
#86 = ( NAMED_UNIT(*) SI_UNIT($,.STERADIAN.) SOLID_ANGLE_UNIT() );
#87 = UNCERTAINTY_MEASURE_WITH_UNIT(LENGTH_MEASURE(1.E-07),#84,
  'distance_accuracy_value','confusion accuracy');
#88 = PRODUCT_RELATED_PRODUCT_CATEGORY('part',$,(#7));
#89 = SHAPE_DEFINITION_REPRESENTATION(#90,#96);
#90 = PRODUCT_DEFINITION_SHAPE('','',#91);
#91 = PRODUCT_DEFINITION('design','',#92,#95);
#92 = PRODUCT_DEFINITION_FORMATION('','',#93);
#93 = PRODUCT('Open CASCADE STEP translator 7.9 16.1',
  'Open CASCADE STEP translator 7.9 16.1','',(#94));
#94 = PRODUCT_CONTEXT('',#2,'mechanical');
#95 = PRODUCT_DEFINITION_CONTEXT('part definition',#2,'design');
#96 = ADVANCED_BREP_SHAPE_REPRESENTATION('',(#11,#97),#5791);
#97 = MANIFOLD_SOLID_BREP('',#98);
#98 = CLOSED_SHELL('',(#99,#281,#531,#904,#1449,#1635,#1682,#1771,#2455,
    #2766,#2791,#2846,#2901,#2957,#3034,#3090,#3167,#3192,#3269,#3294,
    #3353,#3408,#3458,#3513,#3563,#3618,#3668,#3723,#3773,#3823,#3878,
    #3928,#3983,#4033,#4088,#4138,#4193,#4249,#4304,#4359,#4436,#4492,
    #4569,#4594,#4671,#4696,#4755,#4759,#4763,#4813,#4848,#4898,#4933,
    #4968,#5003,#5033,#5040,#5070,#5077,#5107,#5114,#5144,#5151,#5158,
    #5193,#5200,#5235,#5242,#5277,#5284,#5319,#5369,#5373,#5377,#5407,
    #5457,#5487,#5517,#5547,#5554,#5581,#5588,#5615,#5642,#5669,#5696,
    #5723,#5750,#5777,#5784));
#99 = ADVANCED_FACE('',(#100,#219,#250),#114,.F.);
#100 = FACE_BOUND('',#101,.F.);
#101 = EDGE_LOOP('',(#102,#137,#165,#193));
#102 = ORIENTED_EDGE('',*,*,#103,.F.);
#103 = EDGE_CURVE('',#104,#106,#108,.T.);
#104 = VERTEX_POINT('',#105);
#105 = CARTESIAN_POINT('',(-75.,18.,586.));
#106 = VERTEX_POINT('',#107);
#107 = CARTESIAN_POINT('',(-75.,65.,586.));
#108 = SURFACE_CURVE('',#109,(#113,#125),.PCURVE_S1.);
#109 = LINE('',#110,#111);
#110 = CARTESIAN_POINT('',(-75.,18.,586.));
#111 = VECTOR('',#112,1.);
#112 = DIRECTION('',(0.,1.,0.));
#113 = PCURVE('',#114,#119);
#114 = PLANE('',#115);
#115 = AXIS2_PLACEMENT_3D('',#116,#117,#118);
#116 = CARTESIAN_POINT('',(-75.,53.,426.));
#117 = DIRECTION('',(1.,0.,0.));
#118 = DIRECTION('',(0.,0.,1.));
#119 = DEFINITIONAL_REPRESENTATION('',(#120),#124);
#120 = LINE('',#121,#122);
#121 = CARTESIAN_POINT('',(160.,35.));
#122 = VECTOR('',#123,1.);
#123 = DIRECTION('',(0.,-1.));
#124 = ( GEOMETRIC_REPRESENTATION_CONTEXT(2) 
PARAMETRIC_REPRESENTATION_CONTEXT() REPRESENTATION_CONTEXT('2D SPACE',''
  ) );
#125 = PCURVE('',#126,#131);
#126 = PLANE('',#127);
#127 = AXIS2_PLACEMENT_3D('',#128,#129,#130);
#128 = CARTESIAN_POINT('',(-75.,53.,586.));
#129 = DIRECTION('',(0.,0.,1.));
#130 = DIRECTION('',(1.,0.,0.));
#131 = DEFINITIONAL_REPRESENTATION('',(#132),#136);
#132 = LINE('',#133,#134);
#133 = CARTESIAN_POINT('',(0.,-35.));
#134 = VECTOR('',#135,1.);
#135 = DIRECTION('',(0.,1.));
#136 = ( GEOMETRIC_REPRESENTATION_CONTEXT(2) 
PARAMETRIC_REPRESENTATION_CONTEXT() REPRESENTATION_CONTEXT('2D SPACE',''
  ) );
#137 = ORIENTED_EDGE('',*,*,#138,.F.);
#138 = EDGE_CURVE('',#139,#104,#141,.T.);
#139 = VERTEX_POINT('',#140);
#140 = CARTESIAN_POINT('',(-75.,18.,426.));
#141 = SURFACE_CURVE('',#142,(#146,#153),.PCURVE_S1.);
#142 = LINE('',#143,#144);
#143 = CARTESIAN_POINT('',(-75.,18.,426.));
#144 = VECTOR('',#145,1.);
#145 = DIRECTION('',(0.,0.,1.));
#146 = PCURVE('',#114,#147);
#147 = DEFINITIONAL_REPRESENTATION('',(#148),#152);
#148 = LINE('',#149,#150);
#149 = CARTESIAN_POINT('',(0.,35.));
#150 = VECTOR('',#151,1.);
#151 = DIRECTION('',(1.,0.));
#152 = ( GEOMETRIC_REPRESENTATION_CONTEXT(2) 
PARAMETRIC_REPRESENTATION_CONTEXT() REPRESENTATION_CONTEXT('2D SPACE',''
  ) );
#153 = PCURVE('',#154,#159);
#154 = PLANE('',#155);
#155 = AXIS2_PLACEMENT_3D('',#156,#157,#158);
#156 = CARTESIAN_POINT('',(-75.,18.,426.));
#157 = DIRECTION('',(0.,1.,0.));
#158 = DIRECTION('',(0.,0.,1.));
#159 = DEFINITIONAL_REPRESENTATION('',(#160),#164);
#160 = LINE('',#161,#162);
#161 = CARTESIAN_POINT('',(0.,0.));
#162 = VECTOR('',#163,1.);
#163 = DIRECTION('',(1.,0.));
#164 = ( GEOMETRIC_REPRESENTATION_CONTEXT(2) 
PARAMETRIC_REPRESENTATION_CONTEXT() REPRESENTATION_CONTEXT('2D SPACE',''
  ) );
#165 = ORIENTED_EDGE('',*,*,#166,.F.);
#166 = EDGE_CURVE('',#167,#139,#169,.T.);
#167 = VERTEX_POINT('',#168);
#168 = CARTESIAN_POINT('',(-75.,65.,426.));
#169 = SURFACE_CURVE('',#170,(#174,#181),.PCURVE_S1.);
#170 = LINE('',#171,#172);
#171 = CARTESIAN_POINT('',(-75.,65.,426.));
#172 = VECTOR('',#173,1.);
#173 = DIRECTION('',(0.,-1.,0.));
#174 = PCURVE('',#114,#175);
#175 = DEFINITIONAL_REPRESENTATION('',(#176),#180);
#176 = LINE('',#177,#178);
#177 = CARTESIAN_POINT('',(0.,-12.));
#178 = VECTOR('',#179,1.);
#179 = DIRECTION('',(0.,1.));
#180 = ( GEOMETRIC_REPRESENTATION_CONTEXT(2) 
PARAMETRIC_REPRESENTATION_CONTEXT() REPRESENTATION_CONTEXT('2D SPACE',''
  ) );
#181 = PCURVE('',#182,#187);
#182 = PLANE('',#183);
#183 = AXIS2_PLACEMENT_3D('',#184,#185,#186);
#184 = CARTESIAN_POINT('',(-75.,53.,426.));
#185 = DIRECTION('',(0.,0.,1.));
#186 = DIRECTION('',(1.,0.,0.));
#187 = DEFINITIONAL_REPRESENTATION('',(#188),#192);
#188 = LINE('',#189,#190);
#189 = CARTESIAN_POINT('',(0.,12.));
#190 = VECTOR('',#191,1.);
#191 = DIRECTION('',(0.,-1.));
#192 = ( GEOMETRIC_REPRESENTATION_CONTEXT(2) 
PARAMETRIC_REPRESENTATION_CONTEXT() REPRESENTATION_CONTEXT('2D SPACE',''
  ) );
#193 = ORIENTED_EDGE('',*,*,#194,.T.);
#194 = EDGE_CURVE('',#167,#106,#195,.T.);
#195 = SURFACE_CURVE('',#196,(#200,#207),.PCURVE_S1.);
#196 = LINE('',#197,#198);
#197 = CARTESIAN_POINT('',(-75.,65.,426.));
#198 = VECTOR('',#199,1.);
#199 = DIRECTION('',(0.,0.,1.));
#200 = PCURVE('',#114,#201);
#201 = DEFINITIONAL_REPRESENTATION('',(#202),#206);
#202 = LINE('',#203,#204);
#203 = CARTESIAN_POINT('',(0.,-12.));
#204 = VECTOR('',#205,1.);
#205 = DIRECTION('',(1.,0.));
#206 = ( GEOMETRIC_REPRESENTATION_CONTEXT(2) 
PARAMETRIC_REPRESENTATION_CONTEXT() REPRESENTATION_CONTEXT('2D SPACE',''
  ) );
#207 = PCURVE('',#208,#213);
#208 = PLANE('',#209);
#209 = AXIS2_PLACEMENT_3D('',#210,#211,#212);
#210 = CARTESIAN_POINT('',(-75.,65.,426.));
#211 = DIRECTION('',(0.,1.,0.));
#212 = DIRECTION('',(0.,0.,1.));
#213 = DEFINITIONAL_REPRESENTATION('',(#214),#218);
#214 = LINE('',#215,#216);
#215 = CARTESIAN_POINT('',(0.,0.));
#216 = VECTOR('',#217,1.);
#217 = DIRECTION('',(1.,0.));
#218 = ( GEOMETRIC_REPRESENTATION_CONTEXT(2) 
PARAMETRIC_REPRESENTATION_CONTEXT() REPRESENTATION_CONTEXT('2D SPACE',''
  ) );
#219 = FACE_BOUND('',#220,.F.);
#220 = EDGE_LOOP('',(#221));
#221 = ORIENTED_EDGE('',*,*,#222,.F.);
#222 = EDGE_CURVE('',#223,#223,#225,.T.);
#223 = VERTEX_POINT('',#224);
#224 = CARTESIAN_POINT('',(-75.,41.,443.5));
#225 = SURFACE_CURVE('',#226,(#231,#238),.PCURVE_S1.);
#226 = CIRCLE('',#227,5.5);
#227 = AXIS2_PLACEMENT_3D('',#228,#229,#230);
#228 = CARTESIAN_POINT('',(-75.,41.,438.));
#229 = DIRECTION('',(1.,0.,0.));
#230 = DIRECTION('',(-0.,0.,1.));
#231 = PCURVE('',#114,#232);
#232 = DEFINITIONAL_REPRESENTATION('',(#233),#237);
#233 = CIRCLE('',#234,5.5);
#234 = AXIS2_PLACEMENT_2D('',#235,#236);
#235 = CARTESIAN_POINT('',(12.,12.));
#236 = DIRECTION('',(1.,0.));
#237 = ( GEOMETRIC_REPRESENTATION_CONTEXT(2) 
PARAMETRIC_REPRESENTATION_CONTEXT() REPRESENTATION_CONTEXT('2D SPACE',''
  ) );
#238 = PCURVE('',#239,#244);
#239 = PLANE('',#240);
#240 = AXIS2_PLACEMENT_3D('',#241,#242,#243);
#241 = CARTESIAN_POINT('',(-75.,53.,426.));
#242 = DIRECTION('',(1.,0.,0.));
#243 = DIRECTION('',(0.,0.,1.));
#244 = DEFINITIONAL_REPRESENTATION('',(#245),#249);
#245 = CIRCLE('',#246,5.5);
#246 = AXIS2_PLACEMENT_2D('',#247,#248);
#247 = CARTESIAN_POINT('',(12.,12.));
#248 = DIRECTION('',(1.,0.));
#249 = ( GEOMETRIC_REPRESENTATION_CONTEXT(2) 
PARAMETRIC_REPRESENTATION_CONTEXT() REPRESENTATION_CONTEXT('2D SPACE',''
  ) );
#250 = FACE_BOUND('',#251,.F.);
#251 = EDGE_LOOP('',(#252));
#252 = ORIENTED_EDGE('',*,*,#253,.F.);
#253 = EDGE_CURVE('',#254,#254,#256,.T.);
#254 = VERTEX_POINT('',#255);
#255 = CARTESIAN_POINT('',(-75.,41.,469.5));
#256 = SURFACE_CURVE('',#257,(#262,#269),.PCURVE_S1.);
#257 = CIRCLE('',#258,5.5);
#258 = AXIS2_PLACEMENT_3D('',#259,#260,#261);
#259 = CARTESIAN_POINT('',(-75.,41.,464.));
#260 = DIRECTION('',(1.,0.,0.));
#261 = DIRECTION('',(-0.,0.,1.));
#262 = PCURVE('',#114,#263);
#263 = DEFINITIONAL_REPRESENTATION('',(#264),#268);
#264 = CIRCLE('',#265,5.5);
#265 = AXIS2_PLACEMENT_2D('',#266,#267);
#266 = CARTESIAN_POINT('',(38.,12.));
#267 = DIRECTION('',(1.,0.));
#268 = ( GEOMETRIC_REPRESENTATION_CONTEXT(2) 
PARAMETRIC_REPRESENTATION_CONTEXT() REPRESENTATION_CONTEXT('2D SPACE',''
  ) );
#269 = PCURVE('',#270,#275);
#270 = PLANE('',#271);
#271 = AXIS2_PLACEMENT_3D('',#272,#273,#274);
#272 = CARTESIAN_POINT('',(-75.,53.,426.));
#273 = DIRECTION('',(1.,0.,0.));
#274 = DIRECTION('',(0.,0.,1.));
#275 = DEFINITIONAL_REPRESENTATION('',(#276),#280);
#276 = CIRCLE('',#277,5.5);
#277 = AXIS2_PLACEMENT_2D('',#278,#279);
#278 = CARTESIAN_POINT('',(38.,12.));
#279 = DIRECTION('',(1.,0.));
#280 = ( GEOMETRIC_REPRESENTATION_CONTEXT(2) 
PARAMETRIC_REPRESENTATION_CONTEXT() REPRESENTATION_CONTEXT('2D SPACE',''
  ) );
#281 = ADVANCED_FACE('',(#282,#469,#500),#126,.T.);
#282 = FACE_BOUND('',#283,.T.);
#283 = EDGE_LOOP('',(#284,#285,#308,#336,#364,#392,#420,#448));
#284 = ORIENTED_EDGE('',*,*,#103,.F.);
#285 = ORIENTED_EDGE('',*,*,#286,.T.);
#286 = EDGE_CURVE('',#104,#287,#289,.T.);
#287 = VERTEX_POINT('',#288);
#288 = CARTESIAN_POINT('',(-65.,18.,586.));
#289 = SURFACE_CURVE('',#290,(#294,#301),.PCURVE_S1.);
#290 = LINE('',#291,#292);
#291 = CARTESIAN_POINT('',(-75.,18.,586.));
#292 = VECTOR('',#293,1.);
#293 = DIRECTION('',(1.,0.,0.));
#294 = PCURVE('',#126,#295);
#295 = DEFINITIONAL_REPRESENTATION('',(#296),#300);
#296 = LINE('',#297,#298);
#297 = CARTESIAN_POINT('',(0.,-35.));
#298 = VECTOR('',#299,1.);
#299 = DIRECTION('',(1.,0.));
#300 = ( GEOMETRIC_REPRESENTATION_CONTEXT(2) 
PARAMETRIC_REPRESENTATION_CONTEXT() REPRESENTATION_CONTEXT('2D SPACE',''
  ) );
#301 = PCURVE('',#154,#302);
#302 = DEFINITIONAL_REPRESENTATION('',(#303),#307);
#303 = LINE('',#304,#305);
#304 = CARTESIAN_POINT('',(160.,0.));
#305 = VECTOR('',#306,1.);
#306 = DIRECTION('',(0.,1.));
#307 = ( GEOMETRIC_REPRESENTATION_CONTEXT(2) 
PARAMETRIC_REPRESENTATION_CONTEXT() REPRESENTATION_CONTEXT('2D SPACE',''
  ) );
#308 = ORIENTED_EDGE('',*,*,#309,.T.);
#309 = EDGE_CURVE('',#287,#310,#312,.T.);
#310 = VERTEX_POINT('',#311);
#311 = CARTESIAN_POINT('',(-65.,53.,586.));
#312 = SURFACE_CURVE('',#313,(#317,#324),.PCURVE_S1.);
#313 = LINE('',#314,#315);
#314 = CARTESIAN_POINT('',(-65.,18.,586.));
#315 = VECTOR('',#316,1.);
#316 = DIRECTION('',(0.,1.,0.));
#317 = PCURVE('',#126,#318);
#318 = DEFINITIONAL_REPRESENTATION('',(#319),#323);
#319 = LINE('',#320,#321);
#320 = CARTESIAN_POINT('',(10.,-35.));
#321 = VECTOR('',#322,1.);
#322 = DIRECTION('',(0.,1.));
#323 = ( GEOMETRIC_REPRESENTATION_CONTEXT(2) 
PARAMETRIC_REPRESENTATION_CONTEXT() REPRESENTATION_CONTEXT('2D SPACE',''
  ) );
#324 = PCURVE('',#325,#330);
#325 = PLANE('',#326);
#326 = AXIS2_PLACEMENT_3D('',#327,#328,#329);
#327 = CARTESIAN_POINT('',(-65.,18.,426.));
#328 = DIRECTION('',(1.,0.,0.));
#329 = DIRECTION('',(0.,0.,1.));
#330 = DEFINITIONAL_REPRESENTATION('',(#331),#335);
#331 = LINE('',#332,#333);
#332 = CARTESIAN_POINT('',(160.,0.));
#333 = VECTOR('',#334,1.);
#334 = DIRECTION('',(0.,-1.));
#335 = ( GEOMETRIC_REPRESENTATION_CONTEXT(2) 
PARAMETRIC_REPRESENTATION_CONTEXT() REPRESENTATION_CONTEXT('2D SPACE',''
  ) );
#336 = ORIENTED_EDGE('',*,*,#337,.T.);
#337 = EDGE_CURVE('',#310,#338,#340,.T.);
#338 = VERTEX_POINT('',#339);
#339 = CARTESIAN_POINT('',(65.,53.,586.));
#340 = SURFACE_CURVE('',#341,(#345,#352),.PCURVE_S1.);
#341 = LINE('',#342,#343);
#342 = CARTESIAN_POINT('',(-75.,53.,586.));
#343 = VECTOR('',#344,1.);
#344 = DIRECTION('',(1.,0.,0.));
#345 = PCURVE('',#126,#346);
#346 = DEFINITIONAL_REPRESENTATION('',(#347),#351);
#347 = LINE('',#348,#349);
#348 = CARTESIAN_POINT('',(0.,0.));
#349 = VECTOR('',#350,1.);
#350 = DIRECTION('',(1.,0.));
#351 = ( GEOMETRIC_REPRESENTATION_CONTEXT(2) 
PARAMETRIC_REPRESENTATION_CONTEXT() REPRESENTATION_CONTEXT('2D SPACE',''
  ) );
#352 = PCURVE('',#353,#358);
#353 = PLANE('',#354);
#354 = AXIS2_PLACEMENT_3D('',#355,#356,#357);
#355 = CARTESIAN_POINT('',(-75.,53.,426.));
#356 = DIRECTION('',(0.,1.,0.));
#357 = DIRECTION('',(0.,0.,1.));
#358 = DEFINITIONAL_REPRESENTATION('',(#359),#363);
#359 = LINE('',#360,#361);
#360 = CARTESIAN_POINT('',(160.,0.));
#361 = VECTOR('',#362,1.);
#362 = DIRECTION('',(0.,1.));
#363 = ( GEOMETRIC_REPRESENTATION_CONTEXT(2) 
PARAMETRIC_REPRESENTATION_CONTEXT() REPRESENTATION_CONTEXT('2D SPACE',''
  ) );
#364 = ORIENTED_EDGE('',*,*,#365,.F.);
#365 = EDGE_CURVE('',#366,#338,#368,.T.);
#366 = VERTEX_POINT('',#367);
#367 = CARTESIAN_POINT('',(65.,18.,586.));
#368 = SURFACE_CURVE('',#369,(#373,#380),.PCURVE_S1.);
#369 = LINE('',#370,#371);
#370 = CARTESIAN_POINT('',(65.,18.,586.));
#371 = VECTOR('',#372,1.);
#372 = DIRECTION('',(0.,1.,0.));
#373 = PCURVE('',#126,#374);
#374 = DEFINITIONAL_REPRESENTATION('',(#375),#379);
#375 = LINE('',#376,#377);
#376 = CARTESIAN_POINT('',(140.,-35.));
#377 = VECTOR('',#378,1.);
#378 = DIRECTION('',(0.,1.));
#379 = ( GEOMETRIC_REPRESENTATION_CONTEXT(2) 
PARAMETRIC_REPRESENTATION_CONTEXT() REPRESENTATION_CONTEXT('2D SPACE',''
  ) );
#380 = PCURVE('',#381,#386);
#381 = PLANE('',#382);
#382 = AXIS2_PLACEMENT_3D('',#383,#384,#385);
#383 = CARTESIAN_POINT('',(65.,18.,426.));
#384 = DIRECTION('',(1.,0.,0.));
#385 = DIRECTION('',(0.,0.,1.));
#386 = DEFINITIONAL_REPRESENTATION('',(#387),#391);
#387 = LINE('',#388,#389);
#388 = CARTESIAN_POINT('',(160.,0.));
#389 = VECTOR('',#390,1.);
#390 = DIRECTION('',(0.,-1.));
#391 = ( GEOMETRIC_REPRESENTATION_CONTEXT(2) 
PARAMETRIC_REPRESENTATION_CONTEXT() REPRESENTATION_CONTEXT('2D SPACE',''
  ) );
#392 = ORIENTED_EDGE('',*,*,#393,.T.);
#393 = EDGE_CURVE('',#366,#394,#396,.T.);
#394 = VERTEX_POINT('',#395);
#395 = CARTESIAN_POINT('',(75.,18.,586.));
#396 = SURFACE_CURVE('',#397,(#401,#408),.PCURVE_S1.);
#397 = LINE('',#398,#399);
#398 = CARTESIAN_POINT('',(65.,18.,586.));
#399 = VECTOR('',#400,1.);
#400 = DIRECTION('',(1.,0.,0.));
#401 = PCURVE('',#126,#402);
#402 = DEFINITIONAL_REPRESENTATION('',(#403),#407);
#403 = LINE('',#404,#405);
#404 = CARTESIAN_POINT('',(140.,-35.));
#405 = VECTOR('',#406,1.);
#406 = DIRECTION('',(1.,0.));
#407 = ( GEOMETRIC_REPRESENTATION_CONTEXT(2) 
PARAMETRIC_REPRESENTATION_CONTEXT() REPRESENTATION_CONTEXT('2D SPACE',''
  ) );
#408 = PCURVE('',#409,#414);
#409 = PLANE('',#410);
#410 = AXIS2_PLACEMENT_3D('',#411,#412,#413);
#411 = CARTESIAN_POINT('',(65.,18.,426.));
#412 = DIRECTION('',(0.,1.,0.));
#413 = DIRECTION('',(0.,0.,1.));
#414 = DEFINITIONAL_REPRESENTATION('',(#415),#419);
#415 = LINE('',#416,#417);
#416 = CARTESIAN_POINT('',(160.,0.));
#417 = VECTOR('',#418,1.);
#418 = DIRECTION('',(0.,1.));
#419 = ( GEOMETRIC_REPRESENTATION_CONTEXT(2) 
PARAMETRIC_REPRESENTATION_CONTEXT() REPRESENTATION_CONTEXT('2D SPACE',''
  ) );
#420 = ORIENTED_EDGE('',*,*,#421,.T.);
#421 = EDGE_CURVE('',#394,#422,#424,.T.);
#422 = VERTEX_POINT('',#423);
#423 = CARTESIAN_POINT('',(75.,65.,586.));
#424 = SURFACE_CURVE('',#425,(#429,#436),.PCURVE_S1.);
#425 = LINE('',#426,#427);
#426 = CARTESIAN_POINT('',(75.,18.,586.));
#427 = VECTOR('',#428,1.);
#428 = DIRECTION('',(0.,1.,0.));
#429 = PCURVE('',#126,#430);
#430 = DEFINITIONAL_REPRESENTATION('',(#431),#435);
#431 = LINE('',#432,#433);
#432 = CARTESIAN_POINT('',(150.,-35.));
#433 = VECTOR('',#434,1.);
#434 = DIRECTION('',(0.,1.));
#435 = ( GEOMETRIC_REPRESENTATION_CONTEXT(2) 
PARAMETRIC_REPRESENTATION_CONTEXT() REPRESENTATION_CONTEXT('2D SPACE',''
  ) );
#436 = PCURVE('',#437,#442);
#437 = PLANE('',#438);
#438 = AXIS2_PLACEMENT_3D('',#439,#440,#441);
#439 = CARTESIAN_POINT('',(75.,53.,426.));
#440 = DIRECTION('',(1.,0.,0.));
#441 = DIRECTION('',(0.,0.,1.));
#442 = DEFINITIONAL_REPRESENTATION('',(#443),#447);
#443 = LINE('',#444,#445);
#444 = CARTESIAN_POINT('',(160.,35.));
#445 = VECTOR('',#446,1.);
#446 = DIRECTION('',(0.,-1.));
#447 = ( GEOMETRIC_REPRESENTATION_CONTEXT(2) 
PARAMETRIC_REPRESENTATION_CONTEXT() REPRESENTATION_CONTEXT('2D SPACE',''
  ) );
#448 = ORIENTED_EDGE('',*,*,#449,.F.);
#449 = EDGE_CURVE('',#106,#422,#450,.T.);
#450 = SURFACE_CURVE('',#451,(#455,#462),.PCURVE_S1.);
#451 = LINE('',#452,#453);
#452 = CARTESIAN_POINT('',(-75.,65.,586.));
#453 = VECTOR('',#454,1.);
#454 = DIRECTION('',(1.,0.,0.));
#455 = PCURVE('',#126,#456);
#456 = DEFINITIONAL_REPRESENTATION('',(#457),#461);
#457 = LINE('',#458,#459);
#458 = CARTESIAN_POINT('',(0.,12.));
#459 = VECTOR('',#460,1.);
#460 = DIRECTION('',(1.,0.));
#461 = ( GEOMETRIC_REPRESENTATION_CONTEXT(2) 
PARAMETRIC_REPRESENTATION_CONTEXT() REPRESENTATION_CONTEXT('2D SPACE',''
  ) );
#462 = PCURVE('',#208,#463);
#463 = DEFINITIONAL_REPRESENTATION('',(#464),#468);
#464 = LINE('',#465,#466);
#465 = CARTESIAN_POINT('',(160.,0.));
#466 = VECTOR('',#467,1.);
#467 = DIRECTION('',(0.,1.));
#468 = ( GEOMETRIC_REPRESENTATION_CONTEXT(2) 
PARAMETRIC_REPRESENTATION_CONTEXT() REPRESENTATION_CONTEXT('2D SPACE',''
  ) );
#469 = FACE_BOUND('',#470,.T.);
#470 = EDGE_LOOP('',(#471));
#471 = ORIENTED_EDGE('',*,*,#472,.F.);
#472 = EDGE_CURVE('',#473,#473,#475,.T.);
#473 = VERTEX_POINT('',#474);
#474 = CARTESIAN_POINT('',(-15.9,59.,586.));
#475 = SURFACE_CURVE('',#476,(#481,#488),.PCURVE_S1.);
#476 = CIRCLE('',#477,2.1);
#477 = AXIS2_PLACEMENT_3D('',#478,#479,#480);
#478 = CARTESIAN_POINT('',(-18.,59.,586.));
#479 = DIRECTION('',(0.,0.,1.));
#480 = DIRECTION('',(1.,0.,-0.));
#481 = PCURVE('',#126,#482);
#482 = DEFINITIONAL_REPRESENTATION('',(#483),#487);
#483 = CIRCLE('',#484,2.1);
#484 = AXIS2_PLACEMENT_2D('',#485,#486);
#485 = CARTESIAN_POINT('',(57.,6.));
#486 = DIRECTION('',(1.,0.));
#487 = ( GEOMETRIC_REPRESENTATION_CONTEXT(2) 
PARAMETRIC_REPRESENTATION_CONTEXT() REPRESENTATION_CONTEXT('2D SPACE',''
  ) );
#488 = PCURVE('',#489,#494);
#489 = CYLINDRICAL_SURFACE('',#490,2.1);
#490 = AXIS2_PLACEMENT_3D('',#491,#492,#493);
#491 = CARTESIAN_POINT('',(-18.,59.,574.));
#492 = DIRECTION('',(0.,0.,1.));
#493 = DIRECTION('',(1.,0.,-0.));
#494 = DEFINITIONAL_REPRESENTATION('',(#495),#499);
#495 = LINE('',#496,#497);
#496 = CARTESIAN_POINT('',(0.,12.));
#497 = VECTOR('',#498,1.);
#498 = DIRECTION('',(1.,0.));
#499 = ( GEOMETRIC_REPRESENTATION_CONTEXT(2) 
PARAMETRIC_REPRESENTATION_CONTEXT() REPRESENTATION_CONTEXT('2D SPACE',''
  ) );
#500 = FACE_BOUND('',#501,.T.);
#501 = EDGE_LOOP('',(#502));
#502 = ORIENTED_EDGE('',*,*,#503,.F.);
#503 = EDGE_CURVE('',#504,#504,#506,.T.);
#504 = VERTEX_POINT('',#505);
#505 = CARTESIAN_POINT('',(20.1,59.,586.));
#506 = SURFACE_CURVE('',#507,(#512,#519),.PCURVE_S1.);
#507 = CIRCLE('',#508,2.1);
#508 = AXIS2_PLACEMENT_3D('',#509,#510,#511);
#509 = CARTESIAN_POINT('',(18.,59.,586.));
#510 = DIRECTION('',(0.,0.,1.));
#511 = DIRECTION('',(1.,0.,-0.));
#512 = PCURVE('',#126,#513);
#513 = DEFINITIONAL_REPRESENTATION('',(#514),#518);
#514 = CIRCLE('',#515,2.1);
#515 = AXIS2_PLACEMENT_2D('',#516,#517);
#516 = CARTESIAN_POINT('',(93.,6.));
#517 = DIRECTION('',(1.,0.));
#518 = ( GEOMETRIC_REPRESENTATION_CONTEXT(2) 
PARAMETRIC_REPRESENTATION_CONTEXT() REPRESENTATION_CONTEXT('2D SPACE',''
  ) );
#519 = PCURVE('',#520,#525);
#520 = CYLINDRICAL_SURFACE('',#521,2.1);
#521 = AXIS2_PLACEMENT_3D('',#522,#523,#524);
#522 = CARTESIAN_POINT('',(18.,59.,574.));
#523 = DIRECTION('',(0.,0.,1.));
#524 = DIRECTION('',(1.,0.,-0.));
#525 = DEFINITIONAL_REPRESENTATION('',(#526),#530);
#526 = LINE('',#527,#528);
#527 = CARTESIAN_POINT('',(0.,12.));
#528 = VECTOR('',#529,1.);
#529 = DIRECTION('',(1.,0.));
#530 = ( GEOMETRIC_REPRESENTATION_CONTEXT(2) 
PARAMETRIC_REPRESENTATION_CONTEXT() REPRESENTATION_CONTEXT('2D SPACE',''
  ) );
#531 = ADVANCED_FACE('',(#532),#154,.F.);
#532 = FACE_BOUND('',#533,.F.);
#533 = EDGE_LOOP('',(#534,#564,#585,#586,#587,#610,#639,#663,#691,#720,
    #744,#772,#801,#825,#853,#882));
#534 = ORIENTED_EDGE('',*,*,#535,.F.);
#535 = EDGE_CURVE('',#536,#538,#540,.T.);
#536 = VERTEX_POINT('',#537);
#537 = CARTESIAN_POINT('',(-65.,18.,426.));
#538 = VERTEX_POINT('',#539);
#539 = CARTESIAN_POINT('',(-65.,18.,445.34589803375));
#540 = SURFACE_CURVE('',#541,(#545,#552),.PCURVE_S1.);
#541 = LINE('',#542,#543);
#542 = CARTESIAN_POINT('',(-65.,18.,426.));
#543 = VECTOR('',#544,1.);
#544 = DIRECTION('',(0.,0.,1.));
#545 = PCURVE('',#154,#546);
#546 = DEFINITIONAL_REPRESENTATION('',(#547),#551);
#547 = LINE('',#548,#549);
#548 = CARTESIAN_POINT('',(0.,10.));
#549 = VECTOR('',#550,1.);
#550 = DIRECTION('',(1.,0.));
#551 = ( GEOMETRIC_REPRESENTATION_CONTEXT(2) 
PARAMETRIC_REPRESENTATION_CONTEXT() REPRESENTATION_CONTEXT('2D SPACE',''
  ) );
#552 = PCURVE('',#553,#558);
#553 = PLANE('',#554);
#554 = AXIS2_PLACEMENT_3D('',#555,#556,#557);
#555 = CARTESIAN_POINT('',(-65.,18.,426.));
#556 = DIRECTION('',(1.,0.,0.));
#557 = DIRECTION('',(0.,0.,1.));
#558 = DEFINITIONAL_REPRESENTATION('',(#559),#563);
#559 = LINE('',#560,#561);
#560 = CARTESIAN_POINT('',(0.,0.));
#561 = VECTOR('',#562,1.);
#562 = DIRECTION('',(1.,0.));
#563 = ( GEOMETRIC_REPRESENTATION_CONTEXT(2) 
PARAMETRIC_REPRESENTATION_CONTEXT() REPRESENTATION_CONTEXT('2D SPACE',''
  ) );
#564 = ORIENTED_EDGE('',*,*,#565,.F.);
#565 = EDGE_CURVE('',#139,#536,#566,.T.);
#566 = SURFACE_CURVE('',#567,(#571,#578),.PCURVE_S1.);
#567 = LINE('',#568,#569);
#568 = CARTESIAN_POINT('',(-75.,18.,426.));
#569 = VECTOR('',#570,1.);
#570 = DIRECTION('',(1.,0.,0.));
#571 = PCURVE('',#154,#572);
#572 = DEFINITIONAL_REPRESENTATION('',(#573),#577);
#573 = LINE('',#574,#575);
#574 = CARTESIAN_POINT('',(0.,0.));
#575 = VECTOR('',#576,1.);
#576 = DIRECTION('',(0.,1.));
#577 = ( GEOMETRIC_REPRESENTATION_CONTEXT(2) 
PARAMETRIC_REPRESENTATION_CONTEXT() REPRESENTATION_CONTEXT('2D SPACE',''
  ) );
#578 = PCURVE('',#182,#579);
#579 = DEFINITIONAL_REPRESENTATION('',(#580),#584);
#580 = LINE('',#581,#582);
#581 = CARTESIAN_POINT('',(0.,-35.));
#582 = VECTOR('',#583,1.);
#583 = DIRECTION('',(1.,0.));
#584 = ( GEOMETRIC_REPRESENTATION_CONTEXT(2) 
PARAMETRIC_REPRESENTATION_CONTEXT() REPRESENTATION_CONTEXT('2D SPACE',''
  ) );
#585 = ORIENTED_EDGE('',*,*,#138,.T.);
#586 = ORIENTED_EDGE('',*,*,#286,.T.);
#587 = ORIENTED_EDGE('',*,*,#588,.F.);
#588 = EDGE_CURVE('',#589,#287,#591,.T.);
#589 = VERTEX_POINT('',#590);
#590 = CARTESIAN_POINT('',(-65.,18.,558.05410196625));
#591 = SURFACE_CURVE('',#592,(#596,#603),.PCURVE_S1.);
#592 = LINE('',#593,#594);
#593 = CARTESIAN_POINT('',(-65.,18.,426.));
#594 = VECTOR('',#595,1.);
#595 = DIRECTION('',(0.,0.,1.));
#596 = PCURVE('',#154,#597);
#597 = DEFINITIONAL_REPRESENTATION('',(#598),#602);
#598 = LINE('',#599,#600);
#599 = CARTESIAN_POINT('',(0.,10.));
#600 = VECTOR('',#601,1.);
#601 = DIRECTION('',(1.,0.));
#602 = ( GEOMETRIC_REPRESENTATION_CONTEXT(2) 
PARAMETRIC_REPRESENTATION_CONTEXT() REPRESENTATION_CONTEXT('2D SPACE',''
  ) );
#603 = PCURVE('',#325,#604);
#604 = DEFINITIONAL_REPRESENTATION('',(#605),#609);
#605 = LINE('',#606,#607);
#606 = CARTESIAN_POINT('',(0.,0.));
#607 = VECTOR('',#608,1.);
#608 = DIRECTION('',(1.,0.));
#609 = ( GEOMETRIC_REPRESENTATION_CONTEXT(2) 
PARAMETRIC_REPRESENTATION_CONTEXT() REPRESENTATION_CONTEXT('2D SPACE',''
  ) );
#610 = ORIENTED_EDGE('',*,*,#611,.F.);
#611 = EDGE_CURVE('',#612,#589,#614,.T.);
#612 = VERTEX_POINT('',#613);
#613 = CARTESIAN_POINT('',(-68.,18.,559.2));
#614 = SURFACE_CURVE('',#615,(#620,#627),.PCURVE_S1.);
#615 = CIRCLE('',#616,4.5);
#616 = AXIS2_PLACEMENT_3D('',#617,#618,#619);
#617 = CARTESIAN_POINT('',(-68.,18.,554.7));
#618 = DIRECTION('',(0.,1.,0.));
#619 = DIRECTION('',(0.,-0.,1.));
#620 = PCURVE('',#154,#621);
#621 = DEFINITIONAL_REPRESENTATION('',(#622),#626);
#622 = CIRCLE('',#623,4.5);
#623 = AXIS2_PLACEMENT_2D('',#624,#625);
#624 = CARTESIAN_POINT('',(128.7,7.));
#625 = DIRECTION('',(1.,0.));
#626 = ( GEOMETRIC_REPRESENTATION_CONTEXT(2) 
PARAMETRIC_REPRESENTATION_CONTEXT() REPRESENTATION_CONTEXT('2D SPACE',''
  ) );
#627 = PCURVE('',#628,#633);
#628 = CYLINDRICAL_SURFACE('',#629,4.5);
#629 = AXIS2_PLACEMENT_3D('',#630,#631,#632);
#630 = CARTESIAN_POINT('',(-68.,17.,554.7));
#631 = DIRECTION('',(0.,1.,0.));
#632 = DIRECTION('',(0.,-0.,1.));
#633 = DEFINITIONAL_REPRESENTATION('',(#634),#638);
#634 = LINE('',#635,#636);
#635 = CARTESIAN_POINT('',(0.,1.));
#636 = VECTOR('',#637,1.);
#637 = DIRECTION('',(1.,0.));
#638 = ( GEOMETRIC_REPRESENTATION_CONTEXT(2) 
PARAMETRIC_REPRESENTATION_CONTEXT() REPRESENTATION_CONTEXT('2D SPACE',''
  ) );
#639 = ORIENTED_EDGE('',*,*,#640,.F.);
#640 = EDGE_CURVE('',#641,#612,#643,.T.);
#641 = VERTEX_POINT('',#642);
#642 = CARTESIAN_POINT('',(-65.,18.,551.34589803374));
#643 = SURFACE_CURVE('',#644,(#649,#656),.PCURVE_S1.);
#644 = CIRCLE('',#645,4.5);
#645 = AXIS2_PLACEMENT_3D('',#646,#647,#648);
#646 = CARTESIAN_POINT('',(-68.,18.,554.7));
#647 = DIRECTION('',(0.,1.,0.));
#648 = DIRECTION('',(0.,-0.,1.));
#649 = PCURVE('',#154,#650);
#650 = DEFINITIONAL_REPRESENTATION('',(#651),#655);
#651 = CIRCLE('',#652,4.5);
#652 = AXIS2_PLACEMENT_2D('',#653,#654);
#653 = CARTESIAN_POINT('',(128.7,7.));
#654 = DIRECTION('',(1.,0.));
#655 = ( GEOMETRIC_REPRESENTATION_CONTEXT(2) 
PARAMETRIC_REPRESENTATION_CONTEXT() REPRESENTATION_CONTEXT('2D SPACE',''
  ) );
#656 = PCURVE('',#628,#657);
#657 = DEFINITIONAL_REPRESENTATION('',(#658),#662);
#658 = LINE('',#659,#660);
#659 = CARTESIAN_POINT('',(0.,1.));
#660 = VECTOR('',#661,1.);
#661 = DIRECTION('',(1.,0.));
#662 = ( GEOMETRIC_REPRESENTATION_CONTEXT(2) 
PARAMETRIC_REPRESENTATION_CONTEXT() REPRESENTATION_CONTEXT('2D SPACE',''
  ) );
#663 = ORIENTED_EDGE('',*,*,#664,.F.);
#664 = EDGE_CURVE('',#665,#641,#667,.T.);
#665 = VERTEX_POINT('',#666);
#666 = CARTESIAN_POINT('',(-65.,18.,532.05410196624));
#667 = SURFACE_CURVE('',#668,(#672,#679),.PCURVE_S1.);
#668 = LINE('',#669,#670);
#669 = CARTESIAN_POINT('',(-65.,18.,426.));
#670 = VECTOR('',#671,1.);
#671 = DIRECTION('',(0.,0.,1.));
#672 = PCURVE('',#154,#673);
#673 = DEFINITIONAL_REPRESENTATION('',(#674),#678);
#674 = LINE('',#675,#676);
#675 = CARTESIAN_POINT('',(0.,10.));
#676 = VECTOR('',#677,1.);
#677 = DIRECTION('',(1.,0.));
#678 = ( GEOMETRIC_REPRESENTATION_CONTEXT(2) 
PARAMETRIC_REPRESENTATION_CONTEXT() REPRESENTATION_CONTEXT('2D SPACE',''
  ) );
#679 = PCURVE('',#680,#685);
#680 = PLANE('',#681);
#681 = AXIS2_PLACEMENT_3D('',#682,#683,#684);
#682 = CARTESIAN_POINT('',(-65.,18.,426.));
#683 = DIRECTION('',(1.,0.,0.));
#684 = DIRECTION('',(0.,0.,1.));
#685 = DEFINITIONAL_REPRESENTATION('',(#686),#690);
#686 = LINE('',#687,#688);
#687 = CARTESIAN_POINT('',(0.,0.));
#688 = VECTOR('',#689,1.);
#689 = DIRECTION('',(1.,0.));
#690 = ( GEOMETRIC_REPRESENTATION_CONTEXT(2) 
PARAMETRIC_REPRESENTATION_CONTEXT() REPRESENTATION_CONTEXT('2D SPACE',''
  ) );
#691 = ORIENTED_EDGE('',*,*,#692,.F.);
#692 = EDGE_CURVE('',#693,#665,#695,.T.);
#693 = VERTEX_POINT('',#694);
#694 = CARTESIAN_POINT('',(-68.,18.,533.2));
#695 = SURFACE_CURVE('',#696,(#701,#708),.PCURVE_S1.);
#696 = CIRCLE('',#697,4.5);
#697 = AXIS2_PLACEMENT_3D('',#698,#699,#700);
#698 = CARTESIAN_POINT('',(-68.,18.,528.7));
#699 = DIRECTION('',(0.,1.,0.));
#700 = DIRECTION('',(0.,-0.,1.));
#701 = PCURVE('',#154,#702);
#702 = DEFINITIONAL_REPRESENTATION('',(#703),#707);
#703 = CIRCLE('',#704,4.5);
#704 = AXIS2_PLACEMENT_2D('',#705,#706);
#705 = CARTESIAN_POINT('',(102.7,7.));
#706 = DIRECTION('',(1.,0.));
#707 = ( GEOMETRIC_REPRESENTATION_CONTEXT(2) 
PARAMETRIC_REPRESENTATION_CONTEXT() REPRESENTATION_CONTEXT('2D SPACE',''
  ) );
#708 = PCURVE('',#709,#714);
#709 = CYLINDRICAL_SURFACE('',#710,4.5);
#710 = AXIS2_PLACEMENT_3D('',#711,#712,#713);
#711 = CARTESIAN_POINT('',(-68.,17.,528.7));
#712 = DIRECTION('',(0.,1.,0.));
#713 = DIRECTION('',(0.,-0.,1.));
#714 = DEFINITIONAL_REPRESENTATION('',(#715),#719);
#715 = LINE('',#716,#717);
#716 = CARTESIAN_POINT('',(0.,1.));
#717 = VECTOR('',#718,1.);
#718 = DIRECTION('',(1.,0.));
#719 = ( GEOMETRIC_REPRESENTATION_CONTEXT(2) 
PARAMETRIC_REPRESENTATION_CONTEXT() REPRESENTATION_CONTEXT('2D SPACE',''
  ) );
#720 = ORIENTED_EDGE('',*,*,#721,.F.);
#721 = EDGE_CURVE('',#722,#693,#724,.T.);
#722 = VERTEX_POINT('',#723);
#723 = CARTESIAN_POINT('',(-65.,18.,525.34589803375));
#724 = SURFACE_CURVE('',#725,(#730,#737),.PCURVE_S1.);
#725 = CIRCLE('',#726,4.5);
#726 = AXIS2_PLACEMENT_3D('',#727,#728,#729);
#727 = CARTESIAN_POINT('',(-68.,18.,528.7));
#728 = DIRECTION('',(0.,1.,0.));
#729 = DIRECTION('',(0.,-0.,1.));
#730 = PCURVE('',#154,#731);
#731 = DEFINITIONAL_REPRESENTATION('',(#732),#736);
#732 = CIRCLE('',#733,4.5);
#733 = AXIS2_PLACEMENT_2D('',#734,#735);
#734 = CARTESIAN_POINT('',(102.7,7.));
#735 = DIRECTION('',(1.,0.));
#736 = ( GEOMETRIC_REPRESENTATION_CONTEXT(2) 
PARAMETRIC_REPRESENTATION_CONTEXT() REPRESENTATION_CONTEXT('2D SPACE',''
  ) );
#737 = PCURVE('',#709,#738);
#738 = DEFINITIONAL_REPRESENTATION('',(#739),#743);
#739 = LINE('',#740,#741);
#740 = CARTESIAN_POINT('',(0.,1.));
#741 = VECTOR('',#742,1.);
#742 = DIRECTION('',(1.,0.));
#743 = ( GEOMETRIC_REPRESENTATION_CONTEXT(2) 
PARAMETRIC_REPRESENTATION_CONTEXT() REPRESENTATION_CONTEXT('2D SPACE',''
  ) );
#744 = ORIENTED_EDGE('',*,*,#745,.F.);
#745 = EDGE_CURVE('',#746,#722,#748,.T.);
#746 = VERTEX_POINT('',#747);
#747 = CARTESIAN_POINT('',(-65.,18.,478.05410196624));
#748 = SURFACE_CURVE('',#749,(#753,#760),.PCURVE_S1.);
#749 = LINE('',#750,#751);
#750 = CARTESIAN_POINT('',(-65.,18.,426.));
#751 = VECTOR('',#752,1.);
#752 = DIRECTION('',(0.,0.,1.));
#753 = PCURVE('',#154,#754);
#754 = DEFINITIONAL_REPRESENTATION('',(#755),#759);
#755 = LINE('',#756,#757);
#756 = CARTESIAN_POINT('',(0.,10.));
#757 = VECTOR('',#758,1.);
#758 = DIRECTION('',(1.,0.));
#759 = ( GEOMETRIC_REPRESENTATION_CONTEXT(2) 
PARAMETRIC_REPRESENTATION_CONTEXT() REPRESENTATION_CONTEXT('2D SPACE',''
  ) );
#760 = PCURVE('',#761,#766);
#761 = PLANE('',#762);
#762 = AXIS2_PLACEMENT_3D('',#763,#764,#765);
#763 = CARTESIAN_POINT('',(-65.,18.,426.));
#764 = DIRECTION('',(1.,0.,0.));
#765 = DIRECTION('',(0.,0.,1.));
#766 = DEFINITIONAL_REPRESENTATION('',(#767),#771);
#767 = LINE('',#768,#769);
#768 = CARTESIAN_POINT('',(0.,0.));
#769 = VECTOR('',#770,1.);
#770 = DIRECTION('',(1.,0.));
#771 = ( GEOMETRIC_REPRESENTATION_CONTEXT(2) 
PARAMETRIC_REPRESENTATION_CONTEXT() REPRESENTATION_CONTEXT('2D SPACE',''
  ) );
#772 = ORIENTED_EDGE('',*,*,#773,.F.);
#773 = EDGE_CURVE('',#774,#746,#776,.T.);
#774 = VERTEX_POINT('',#775);
#775 = CARTESIAN_POINT('',(-68.,18.,479.2));
#776 = SURFACE_CURVE('',#777,(#782,#789),.PCURVE_S1.);
#777 = CIRCLE('',#778,4.5);
#778 = AXIS2_PLACEMENT_3D('',#779,#780,#781);
#779 = CARTESIAN_POINT('',(-68.,18.,474.7));
#780 = DIRECTION('',(0.,1.,0.));
#781 = DIRECTION('',(0.,-0.,1.));
#782 = PCURVE('',#154,#783);
#783 = DEFINITIONAL_REPRESENTATION('',(#784),#788);
#784 = CIRCLE('',#785,4.5);
#785 = AXIS2_PLACEMENT_2D('',#786,#787);
#786 = CARTESIAN_POINT('',(48.7,7.));
#787 = DIRECTION('',(1.,0.));
#788 = ( GEOMETRIC_REPRESENTATION_CONTEXT(2) 
PARAMETRIC_REPRESENTATION_CONTEXT() REPRESENTATION_CONTEXT('2D SPACE',''
  ) );
#789 = PCURVE('',#790,#795);
#790 = CYLINDRICAL_SURFACE('',#791,4.5);
#791 = AXIS2_PLACEMENT_3D('',#792,#793,#794);
#792 = CARTESIAN_POINT('',(-68.,17.,474.7));
#793 = DIRECTION('',(0.,1.,0.));
#794 = DIRECTION('',(0.,-0.,1.));
#795 = DEFINITIONAL_REPRESENTATION('',(#796),#800);
#796 = LINE('',#797,#798);
#797 = CARTESIAN_POINT('',(0.,1.));
#798 = VECTOR('',#799,1.);
#799 = DIRECTION('',(1.,0.));
#800 = ( GEOMETRIC_REPRESENTATION_CONTEXT(2) 
PARAMETRIC_REPRESENTATION_CONTEXT() REPRESENTATION_CONTEXT('2D SPACE',''
  ) );
#801 = ORIENTED_EDGE('',*,*,#802,.F.);
#802 = EDGE_CURVE('',#803,#774,#805,.T.);
#803 = VERTEX_POINT('',#804);
#804 = CARTESIAN_POINT('',(-65.,18.,471.34589803375));
#805 = SURFACE_CURVE('',#806,(#811,#818),.PCURVE_S1.);
#806 = CIRCLE('',#807,4.5);
#807 = AXIS2_PLACEMENT_3D('',#808,#809,#810);
#808 = CARTESIAN_POINT('',(-68.,18.,474.7));
#809 = DIRECTION('',(0.,1.,0.));
#810 = DIRECTION('',(0.,-0.,1.));
#811 = PCURVE('',#154,#812);
#812 = DEFINITIONAL_REPRESENTATION('',(#813),#817);
#813 = CIRCLE('',#814,4.5);
#814 = AXIS2_PLACEMENT_2D('',#815,#816);
#815 = CARTESIAN_POINT('',(48.7,7.));
#816 = DIRECTION('',(1.,0.));
#817 = ( GEOMETRIC_REPRESENTATION_CONTEXT(2) 
PARAMETRIC_REPRESENTATION_CONTEXT() REPRESENTATION_CONTEXT('2D SPACE',''
  ) );
#818 = PCURVE('',#790,#819);
#819 = DEFINITIONAL_REPRESENTATION('',(#820),#824);
#820 = LINE('',#821,#822);
#821 = CARTESIAN_POINT('',(0.,1.));
#822 = VECTOR('',#823,1.);
#823 = DIRECTION('',(1.,0.));
#824 = ( GEOMETRIC_REPRESENTATION_CONTEXT(2) 
PARAMETRIC_REPRESENTATION_CONTEXT() REPRESENTATION_CONTEXT('2D SPACE',''
  ) );
#825 = ORIENTED_EDGE('',*,*,#826,.F.);
#826 = EDGE_CURVE('',#827,#803,#829,.T.);
#827 = VERTEX_POINT('',#828);
#828 = CARTESIAN_POINT('',(-65.,18.,452.05410196624));
#829 = SURFACE_CURVE('',#830,(#834,#841),.PCURVE_S1.);
#830 = LINE('',#831,#832);
#831 = CARTESIAN_POINT('',(-65.,18.,426.));
#832 = VECTOR('',#833,1.);
#833 = DIRECTION('',(0.,0.,1.));
#834 = PCURVE('',#154,#835);
#835 = DEFINITIONAL_REPRESENTATION('',(#836),#840);
#836 = LINE('',#837,#838);
#837 = CARTESIAN_POINT('',(0.,10.));
#838 = VECTOR('',#839,1.);
#839 = DIRECTION('',(1.,0.));
#840 = ( GEOMETRIC_REPRESENTATION_CONTEXT(2) 
PARAMETRIC_REPRESENTATION_CONTEXT() REPRESENTATION_CONTEXT('2D SPACE',''
  ) );
#841 = PCURVE('',#842,#847);
#842 = PLANE('',#843);
#843 = AXIS2_PLACEMENT_3D('',#844,#845,#846);
#844 = CARTESIAN_POINT('',(-65.,18.,426.));
#845 = DIRECTION('',(1.,0.,0.));
#846 = DIRECTION('',(0.,0.,1.));
#847 = DEFINITIONAL_REPRESENTATION('',(#848),#852);
#848 = LINE('',#849,#850);
#849 = CARTESIAN_POINT('',(0.,0.));
#850 = VECTOR('',#851,1.);
#851 = DIRECTION('',(1.,0.));
#852 = ( GEOMETRIC_REPRESENTATION_CONTEXT(2) 
PARAMETRIC_REPRESENTATION_CONTEXT() REPRESENTATION_CONTEXT('2D SPACE',''
  ) );
#853 = ORIENTED_EDGE('',*,*,#854,.F.);
#854 = EDGE_CURVE('',#855,#827,#857,.T.);
#855 = VERTEX_POINT('',#856);
#856 = CARTESIAN_POINT('',(-68.,18.,453.2));
#857 = SURFACE_CURVE('',#858,(#863,#870),.PCURVE_S1.);
#858 = CIRCLE('',#859,4.5);
#859 = AXIS2_PLACEMENT_3D('',#860,#861,#862);
#860 = CARTESIAN_POINT('',(-68.,18.,448.7));
#861 = DIRECTION('',(0.,1.,0.));
#862 = DIRECTION('',(0.,-0.,1.));
#863 = PCURVE('',#154,#864);
#864 = DEFINITIONAL_REPRESENTATION('',(#865),#869);
#865 = CIRCLE('',#866,4.5);
#866 = AXIS2_PLACEMENT_2D('',#867,#868);
#867 = CARTESIAN_POINT('',(22.7,7.));
#868 = DIRECTION('',(1.,0.));
#869 = ( GEOMETRIC_REPRESENTATION_CONTEXT(2) 
PARAMETRIC_REPRESENTATION_CONTEXT() REPRESENTATION_CONTEXT('2D SPACE',''
  ) );
#870 = PCURVE('',#871,#876);
#871 = CYLINDRICAL_SURFACE('',#872,4.5);
#872 = AXIS2_PLACEMENT_3D('',#873,#874,#875);
#873 = CARTESIAN_POINT('',(-68.,17.,448.7));
#874 = DIRECTION('',(0.,1.,0.));
#875 = DIRECTION('',(0.,-0.,1.));
#876 = DEFINITIONAL_REPRESENTATION('',(#877),#881);
#877 = LINE('',#878,#879);
#878 = CARTESIAN_POINT('',(0.,1.));
#879 = VECTOR('',#880,1.);
#880 = DIRECTION('',(1.,0.));
#881 = ( GEOMETRIC_REPRESENTATION_CONTEXT(2) 
PARAMETRIC_REPRESENTATION_CONTEXT() REPRESENTATION_CONTEXT('2D SPACE',''
  ) );
#882 = ORIENTED_EDGE('',*,*,#883,.F.);
#883 = EDGE_CURVE('',#538,#855,#884,.T.);
#884 = SURFACE_CURVE('',#885,(#890,#897),.PCURVE_S1.);
#885 = CIRCLE('',#886,4.5);
#886 = AXIS2_PLACEMENT_3D('',#887,#888,#889);
#887 = CARTESIAN_POINT('',(-68.,18.,448.7));
#888 = DIRECTION('',(0.,1.,0.));
#889 = DIRECTION('',(0.,-0.,1.));
#890 = PCURVE('',#154,#891);
#891 = DEFINITIONAL_REPRESENTATION('',(#892),#896);
#892 = CIRCLE('',#893,4.5);
#893 = AXIS2_PLACEMENT_2D('',#894,#895);
#894 = CARTESIAN_POINT('',(22.7,7.));
#895 = DIRECTION('',(1.,0.));
#896 = ( GEOMETRIC_REPRESENTATION_CONTEXT(2) 
PARAMETRIC_REPRESENTATION_CONTEXT() REPRESENTATION_CONTEXT('2D SPACE',''
  ) );
#897 = PCURVE('',#871,#898);
#898 = DEFINITIONAL_REPRESENTATION('',(#899),#903);
#899 = LINE('',#900,#901);
#900 = CARTESIAN_POINT('',(0.,1.));
#901 = VECTOR('',#902,1.);
#902 = DIRECTION('',(1.,0.));
#903 = ( GEOMETRIC_REPRESENTATION_CONTEXT(2) 
PARAMETRIC_REPRESENTATION_CONTEXT() REPRESENTATION_CONTEXT('2D SPACE',''
  ) );
#904 = ADVANCED_FACE('',(#905,#953,#984,#1015,#1046,#1077,#1108,#1139,
    #1170,#1201,#1232,#1263,#1294,#1325,#1356,#1387,#1418),#208,.T.);
#905 = FACE_BOUND('',#906,.T.);
#906 = EDGE_LOOP('',(#907,#930,#931,#932));
#907 = ORIENTED_EDGE('',*,*,#908,.F.);
#908 = EDGE_CURVE('',#167,#909,#911,.T.);
#909 = VERTEX_POINT('',#910);
#910 = CARTESIAN_POINT('',(75.,65.,426.));
#911 = SURFACE_CURVE('',#912,(#916,#923),.PCURVE_S1.);
#912 = LINE('',#913,#914);
#913 = CARTESIAN_POINT('',(-75.,65.,426.));
#914 = VECTOR('',#915,1.);
#915 = DIRECTION('',(1.,0.,0.));
#916 = PCURVE('',#208,#917);
#917 = DEFINITIONAL_REPRESENTATION('',(#918),#922);
#918 = LINE('',#919,#920);
#919 = CARTESIAN_POINT('',(0.,0.));
#920 = VECTOR('',#921,1.);
#921 = DIRECTION('',(0.,1.));
#922 = ( GEOMETRIC_REPRESENTATION_CONTEXT(2) 
PARAMETRIC_REPRESENTATION_CONTEXT() REPRESENTATION_CONTEXT('2D SPACE',''
  ) );
#923 = PCURVE('',#182,#924);
#924 = DEFINITIONAL_REPRESENTATION('',(#925),#929);
#925 = LINE('',#926,#927);
#926 = CARTESIAN_POINT('',(0.,12.));
#927 = VECTOR('',#928,1.);
#928 = DIRECTION('',(1.,0.));
#929 = ( GEOMETRIC_REPRESENTATION_CONTEXT(2) 
PARAMETRIC_REPRESENTATION_CONTEXT() REPRESENTATION_CONTEXT('2D SPACE',''
  ) );
#930 = ORIENTED_EDGE('',*,*,#194,.T.);
#931 = ORIENTED_EDGE('',*,*,#449,.T.);
#932 = ORIENTED_EDGE('',*,*,#933,.F.);
#933 = EDGE_CURVE('',#909,#422,#934,.T.);
#934 = SURFACE_CURVE('',#935,(#939,#946),.PCURVE_S1.);
#935 = LINE('',#936,#937);
#936 = CARTESIAN_POINT('',(75.,65.,426.));
#937 = VECTOR('',#938,1.);
#938 = DIRECTION('',(0.,0.,1.));
#939 = PCURVE('',#208,#940);
#940 = DEFINITIONAL_REPRESENTATION('',(#941),#945);
#941 = LINE('',#942,#943);
#942 = CARTESIAN_POINT('',(0.,150.));
#943 = VECTOR('',#944,1.);
#944 = DIRECTION('',(1.,0.));
#945 = ( GEOMETRIC_REPRESENTATION_CONTEXT(2) 
PARAMETRIC_REPRESENTATION_CONTEXT() REPRESENTATION_CONTEXT('2D SPACE',''
  ) );
#946 = PCURVE('',#437,#947);
#947 = DEFINITIONAL_REPRESENTATION('',(#948),#952);
#948 = LINE('',#949,#950);
#949 = CARTESIAN_POINT('',(0.,-12.));
#950 = VECTOR('',#951,1.);
#951 = DIRECTION('',(1.,0.));
#952 = ( GEOMETRIC_REPRESENTATION_CONTEXT(2) 
PARAMETRIC_REPRESENTATION_CONTEXT() REPRESENTATION_CONTEXT('2D SPACE',''
  ) );
#953 = FACE_BOUND('',#954,.T.);
#954 = EDGE_LOOP('',(#955));
#955 = ORIENTED_EDGE('',*,*,#956,.F.);
#956 = EDGE_CURVE('',#957,#957,#959,.T.);
#957 = VERTEX_POINT('',#958);
#958 = CARTESIAN_POINT('',(-68.,65.,450.95));
#959 = SURFACE_CURVE('',#960,(#965,#972),.PCURVE_S1.);
#960 = CIRCLE('',#961,2.25);
#961 = AXIS2_PLACEMENT_3D('',#962,#963,#964);
#962 = CARTESIAN_POINT('',(-68.,65.,448.7));
#963 = DIRECTION('',(0.,1.,0.));
#964 = DIRECTION('',(0.,-0.,1.));
#965 = PCURVE('',#208,#966);
#966 = DEFINITIONAL_REPRESENTATION('',(#967),#971);
#967 = CIRCLE('',#968,2.25);
#968 = AXIS2_PLACEMENT_2D('',#969,#970);
#969 = CARTESIAN_POINT('',(22.7,7.));
#970 = DIRECTION('',(1.,0.));
#971 = ( GEOMETRIC_REPRESENTATION_CONTEXT(2) 
PARAMETRIC_REPRESENTATION_CONTEXT() REPRESENTATION_CONTEXT('2D SPACE',''
  ) );
#972 = PCURVE('',#973,#978);
#973 = CYLINDRICAL_SURFACE('',#974,2.25);
#974 = AXIS2_PLACEMENT_3D('',#975,#976,#977);
#975 = CARTESIAN_POINT('',(-68.,52.5,448.7));
#976 = DIRECTION('',(0.,1.,0.));
#977 = DIRECTION('',(0.,-0.,1.));
#978 = DEFINITIONAL_REPRESENTATION('',(#979),#983);
#979 = LINE('',#980,#981);
#980 = CARTESIAN_POINT('',(0.,12.5));
#981 = VECTOR('',#982,1.);
#982 = DIRECTION('',(1.,0.));
#983 = ( GEOMETRIC_REPRESENTATION_CONTEXT(2) 
PARAMETRIC_REPRESENTATION_CONTEXT() REPRESENTATION_CONTEXT('2D SPACE',''
  ) );
#984 = FACE_BOUND('',#985,.T.);
#985 = EDGE_LOOP('',(#986));
#986 = ORIENTED_EDGE('',*,*,#987,.F.);
#987 = EDGE_CURVE('',#988,#988,#990,.T.);
#988 = VERTEX_POINT('',#989);
#989 = CARTESIAN_POINT('',(-42.,65.,450.95));
#990 = SURFACE_CURVE('',#991,(#996,#1003),.PCURVE_S1.);
#991 = CIRCLE('',#992,2.25);
#992 = AXIS2_PLACEMENT_3D('',#993,#994,#995);
#993 = CARTESIAN_POINT('',(-42.,65.,448.7));
#994 = DIRECTION('',(0.,1.,0.));
#995 = DIRECTION('',(0.,-0.,1.));
#996 = PCURVE('',#208,#997);
#997 = DEFINITIONAL_REPRESENTATION('',(#998),#1002);
#998 = CIRCLE('',#999,2.25);
#999 = AXIS2_PLACEMENT_2D('',#1000,#1001);
#1000 = CARTESIAN_POINT('',(22.7,33.));
#1001 = DIRECTION('',(1.,0.));
#1002 = ( GEOMETRIC_REPRESENTATION_CONTEXT(2) 
PARAMETRIC_REPRESENTATION_CONTEXT() REPRESENTATION_CONTEXT('2D SPACE',''
  ) );
#1003 = PCURVE('',#1004,#1009);
#1004 = CYLINDRICAL_SURFACE('',#1005,2.25);
#1005 = AXIS2_PLACEMENT_3D('',#1006,#1007,#1008);
#1006 = CARTESIAN_POINT('',(-42.,52.5,448.7));
#1007 = DIRECTION('',(0.,1.,0.));
#1008 = DIRECTION('',(0.,-0.,1.));
#1009 = DEFINITIONAL_REPRESENTATION('',(#1010),#1014);
#1010 = LINE('',#1011,#1012);
#1011 = CARTESIAN_POINT('',(0.,12.5));
#1012 = VECTOR('',#1013,1.);
#1013 = DIRECTION('',(1.,0.));
#1014 = ( GEOMETRIC_REPRESENTATION_CONTEXT(2) 
PARAMETRIC_REPRESENTATION_CONTEXT() REPRESENTATION_CONTEXT('2D SPACE',''
  ) );
#1015 = FACE_BOUND('',#1016,.T.);
#1016 = EDGE_LOOP('',(#1017));
#1017 = ORIENTED_EDGE('',*,*,#1018,.F.);
#1018 = EDGE_CURVE('',#1019,#1019,#1021,.T.);
#1019 = VERTEX_POINT('',#1020);
#1020 = CARTESIAN_POINT('',(-68.,65.,476.95));
#1021 = SURFACE_CURVE('',#1022,(#1027,#1034),.PCURVE_S1.);
#1022 = CIRCLE('',#1023,2.25);
#1023 = AXIS2_PLACEMENT_3D('',#1024,#1025,#1026);
#1024 = CARTESIAN_POINT('',(-68.,65.,474.7));
#1025 = DIRECTION('',(0.,1.,0.));
#1026 = DIRECTION('',(0.,-0.,1.));
#1027 = PCURVE('',#208,#1028);
#1028 = DEFINITIONAL_REPRESENTATION('',(#1029),#1033);
#1029 = CIRCLE('',#1030,2.25);
#1030 = AXIS2_PLACEMENT_2D('',#1031,#1032);
#1031 = CARTESIAN_POINT('',(48.7,7.));
#1032 = DIRECTION('',(1.,0.));
#1033 = ( GEOMETRIC_REPRESENTATION_CONTEXT(2) 
PARAMETRIC_REPRESENTATION_CONTEXT() REPRESENTATION_CONTEXT('2D SPACE',''
  ) );
#1034 = PCURVE('',#1035,#1040);
#1035 = CYLINDRICAL_SURFACE('',#1036,2.25);
#1036 = AXIS2_PLACEMENT_3D('',#1037,#1038,#1039);
#1037 = CARTESIAN_POINT('',(-68.,52.5,474.7));
#1038 = DIRECTION('',(0.,1.,0.));
#1039 = DIRECTION('',(0.,-0.,1.));
#1040 = DEFINITIONAL_REPRESENTATION('',(#1041),#1045);
#1041 = LINE('',#1042,#1043);
#1042 = CARTESIAN_POINT('',(0.,12.5));
#1043 = VECTOR('',#1044,1.);
#1044 = DIRECTION('',(1.,0.));
#1045 = ( GEOMETRIC_REPRESENTATION_CONTEXT(2) 
PARAMETRIC_REPRESENTATION_CONTEXT() REPRESENTATION_CONTEXT('2D SPACE',''
  ) );
#1046 = FACE_BOUND('',#1047,.T.);
#1047 = EDGE_LOOP('',(#1048));
#1048 = ORIENTED_EDGE('',*,*,#1049,.F.);
#1049 = EDGE_CURVE('',#1050,#1050,#1052,.T.);
#1050 = VERTEX_POINT('',#1051);
#1051 = CARTESIAN_POINT('',(-42.,65.,476.95));
#1052 = SURFACE_CURVE('',#1053,(#1058,#1065),.PCURVE_S1.);
#1053 = CIRCLE('',#1054,2.25);
#1054 = AXIS2_PLACEMENT_3D('',#1055,#1056,#1057);
#1055 = CARTESIAN_POINT('',(-42.,65.,474.7));
#1056 = DIRECTION('',(0.,1.,0.));
#1057 = DIRECTION('',(0.,-0.,1.));
#1058 = PCURVE('',#208,#1059);
#1059 = DEFINITIONAL_REPRESENTATION('',(#1060),#1064);
#1060 = CIRCLE('',#1061,2.25);
#1061 = AXIS2_PLACEMENT_2D('',#1062,#1063);
#1062 = CARTESIAN_POINT('',(48.7,33.));
#1063 = DIRECTION('',(1.,0.));
#1064 = ( GEOMETRIC_REPRESENTATION_CONTEXT(2) 
PARAMETRIC_REPRESENTATION_CONTEXT() REPRESENTATION_CONTEXT('2D SPACE',''
  ) );
#1065 = PCURVE('',#1066,#1071);
#1066 = CYLINDRICAL_SURFACE('',#1067,2.25);
#1067 = AXIS2_PLACEMENT_3D('',#1068,#1069,#1070);
#1068 = CARTESIAN_POINT('',(-42.,52.5,474.7));
#1069 = DIRECTION('',(0.,1.,0.));
#1070 = DIRECTION('',(0.,-0.,1.));
#1071 = DEFINITIONAL_REPRESENTATION('',(#1072),#1076);
#1072 = LINE('',#1073,#1074);
#1073 = CARTESIAN_POINT('',(0.,12.5));
#1074 = VECTOR('',#1075,1.);
#1075 = DIRECTION('',(1.,0.));
#1076 = ( GEOMETRIC_REPRESENTATION_CONTEXT(2) 
PARAMETRIC_REPRESENTATION_CONTEXT() REPRESENTATION_CONTEXT('2D SPACE',''
  ) );
#1077 = FACE_BOUND('',#1078,.T.);
#1078 = EDGE_LOOP('',(#1079));
#1079 = ORIENTED_EDGE('',*,*,#1080,.F.);
#1080 = EDGE_CURVE('',#1081,#1081,#1083,.T.);
#1081 = VERTEX_POINT('',#1082);
#1082 = CARTESIAN_POINT('',(-68.,65.,530.95));
#1083 = SURFACE_CURVE('',#1084,(#1089,#1096),.PCURVE_S1.);
#1084 = CIRCLE('',#1085,2.25);
#1085 = AXIS2_PLACEMENT_3D('',#1086,#1087,#1088);
#1086 = CARTESIAN_POINT('',(-68.,65.,528.7));
#1087 = DIRECTION('',(0.,1.,0.));
#1088 = DIRECTION('',(0.,-0.,1.));
#1089 = PCURVE('',#208,#1090);
#1090 = DEFINITIONAL_REPRESENTATION('',(#1091),#1095);
#1091 = CIRCLE('',#1092,2.25);
#1092 = AXIS2_PLACEMENT_2D('',#1093,#1094);
#1093 = CARTESIAN_POINT('',(102.7,7.));
#1094 = DIRECTION('',(1.,0.));
#1095 = ( GEOMETRIC_REPRESENTATION_CONTEXT(2) 
PARAMETRIC_REPRESENTATION_CONTEXT() REPRESENTATION_CONTEXT('2D SPACE',''
  ) );
#1096 = PCURVE('',#1097,#1102);
#1097 = CYLINDRICAL_SURFACE('',#1098,2.25);
#1098 = AXIS2_PLACEMENT_3D('',#1099,#1100,#1101);
#1099 = CARTESIAN_POINT('',(-68.,52.5,528.7));
#1100 = DIRECTION('',(0.,1.,0.));
#1101 = DIRECTION('',(0.,-0.,1.));
#1102 = DEFINITIONAL_REPRESENTATION('',(#1103),#1107);
#1103 = LINE('',#1104,#1105);
#1104 = CARTESIAN_POINT('',(0.,12.5));
#1105 = VECTOR('',#1106,1.);
#1106 = DIRECTION('',(1.,0.));
#1107 = ( GEOMETRIC_REPRESENTATION_CONTEXT(2) 
PARAMETRIC_REPRESENTATION_CONTEXT() REPRESENTATION_CONTEXT('2D SPACE',''
  ) );
#1108 = FACE_BOUND('',#1109,.T.);
#1109 = EDGE_LOOP('',(#1110));
#1110 = ORIENTED_EDGE('',*,*,#1111,.F.);
#1111 = EDGE_CURVE('',#1112,#1112,#1114,.T.);
#1112 = VERTEX_POINT('',#1113);
#1113 = CARTESIAN_POINT('',(-42.,65.,530.95));
#1114 = SURFACE_CURVE('',#1115,(#1120,#1127),.PCURVE_S1.);
#1115 = CIRCLE('',#1116,2.25);
#1116 = AXIS2_PLACEMENT_3D('',#1117,#1118,#1119);
#1117 = CARTESIAN_POINT('',(-42.,65.,528.7));
#1118 = DIRECTION('',(0.,1.,0.));
#1119 = DIRECTION('',(0.,-0.,1.));
#1120 = PCURVE('',#208,#1121);
#1121 = DEFINITIONAL_REPRESENTATION('',(#1122),#1126);
#1122 = CIRCLE('',#1123,2.25);
#1123 = AXIS2_PLACEMENT_2D('',#1124,#1125);
#1124 = CARTESIAN_POINT('',(102.7,33.));
#1125 = DIRECTION('',(1.,0.));
#1126 = ( GEOMETRIC_REPRESENTATION_CONTEXT(2) 
PARAMETRIC_REPRESENTATION_CONTEXT() REPRESENTATION_CONTEXT('2D SPACE',''
  ) );
#1127 = PCURVE('',#1128,#1133);
#1128 = CYLINDRICAL_SURFACE('',#1129,2.25);
#1129 = AXIS2_PLACEMENT_3D('',#1130,#1131,#1132);
#1130 = CARTESIAN_POINT('',(-42.,52.5,528.7));
#1131 = DIRECTION('',(0.,1.,0.));
#1132 = DIRECTION('',(0.,-0.,1.));
#1133 = DEFINITIONAL_REPRESENTATION('',(#1134),#1138);
#1134 = LINE('',#1135,#1136);
#1135 = CARTESIAN_POINT('',(0.,12.5));
#1136 = VECTOR('',#1137,1.);
#1137 = DIRECTION('',(1.,0.));
#1138 = ( GEOMETRIC_REPRESENTATION_CONTEXT(2) 
PARAMETRIC_REPRESENTATION_CONTEXT() REPRESENTATION_CONTEXT('2D SPACE',''
  ) );
#1139 = FACE_BOUND('',#1140,.T.);
#1140 = EDGE_LOOP('',(#1141));
#1141 = ORIENTED_EDGE('',*,*,#1142,.F.);
#1142 = EDGE_CURVE('',#1143,#1143,#1145,.T.);
#1143 = VERTEX_POINT('',#1144);
#1144 = CARTESIAN_POINT('',(-68.,65.,556.95));
#1145 = SURFACE_CURVE('',#1146,(#1151,#1158),.PCURVE_S1.);
#1146 = CIRCLE('',#1147,2.25);
#1147 = AXIS2_PLACEMENT_3D('',#1148,#1149,#1150);
#1148 = CARTESIAN_POINT('',(-68.,65.,554.7));
#1149 = DIRECTION('',(0.,1.,0.));
#1150 = DIRECTION('',(0.,-0.,1.));
#1151 = PCURVE('',#208,#1152);
#1152 = DEFINITIONAL_REPRESENTATION('',(#1153),#1157);
#1153 = CIRCLE('',#1154,2.25);
#1154 = AXIS2_PLACEMENT_2D('',#1155,#1156);
#1155 = CARTESIAN_POINT('',(128.7,7.));
#1156 = DIRECTION('',(1.,0.));
#1157 = ( GEOMETRIC_REPRESENTATION_CONTEXT(2) 
PARAMETRIC_REPRESENTATION_CONTEXT() REPRESENTATION_CONTEXT('2D SPACE',''
  ) );
#1158 = PCURVE('',#1159,#1164);
#1159 = CYLINDRICAL_SURFACE('',#1160,2.25);
#1160 = AXIS2_PLACEMENT_3D('',#1161,#1162,#1163);
#1161 = CARTESIAN_POINT('',(-68.,52.5,554.7));
#1162 = DIRECTION('',(0.,1.,0.));
#1163 = DIRECTION('',(0.,-0.,1.));
#1164 = DEFINITIONAL_REPRESENTATION('',(#1165),#1169);
#1165 = LINE('',#1166,#1167);
#1166 = CARTESIAN_POINT('',(0.,12.5));
#1167 = VECTOR('',#1168,1.);
#1168 = DIRECTION('',(1.,0.));
#1169 = ( GEOMETRIC_REPRESENTATION_CONTEXT(2) 
PARAMETRIC_REPRESENTATION_CONTEXT() REPRESENTATION_CONTEXT('2D SPACE',''
  ) );
#1170 = FACE_BOUND('',#1171,.T.);
#1171 = EDGE_LOOP('',(#1172));
#1172 = ORIENTED_EDGE('',*,*,#1173,.F.);
#1173 = EDGE_CURVE('',#1174,#1174,#1176,.T.);
#1174 = VERTEX_POINT('',#1175);
#1175 = CARTESIAN_POINT('',(-42.,65.,556.95));
#1176 = SURFACE_CURVE('',#1177,(#1182,#1189),.PCURVE_S1.);
#1177 = CIRCLE('',#1178,2.25);
#1178 = AXIS2_PLACEMENT_3D('',#1179,#1180,#1181);
#1179 = CARTESIAN_POINT('',(-42.,65.,554.7));
#1180 = DIRECTION('',(0.,1.,0.));
#1181 = DIRECTION('',(0.,-0.,1.));
#1182 = PCURVE('',#208,#1183);
#1183 = DEFINITIONAL_REPRESENTATION('',(#1184),#1188);
#1184 = CIRCLE('',#1185,2.25);
#1185 = AXIS2_PLACEMENT_2D('',#1186,#1187);
#1186 = CARTESIAN_POINT('',(128.7,33.));
#1187 = DIRECTION('',(1.,0.));
#1188 = ( GEOMETRIC_REPRESENTATION_CONTEXT(2) 
PARAMETRIC_REPRESENTATION_CONTEXT() REPRESENTATION_CONTEXT('2D SPACE',''
  ) );
#1189 = PCURVE('',#1190,#1195);
#1190 = CYLINDRICAL_SURFACE('',#1191,2.25);
#1191 = AXIS2_PLACEMENT_3D('',#1192,#1193,#1194);
#1192 = CARTESIAN_POINT('',(-42.,52.5,554.7));
#1193 = DIRECTION('',(0.,1.,0.));
#1194 = DIRECTION('',(0.,-0.,1.));
#1195 = DEFINITIONAL_REPRESENTATION('',(#1196),#1200);
#1196 = LINE('',#1197,#1198);
#1197 = CARTESIAN_POINT('',(0.,12.5));
#1198 = VECTOR('',#1199,1.);
#1199 = DIRECTION('',(1.,0.));
#1200 = ( GEOMETRIC_REPRESENTATION_CONTEXT(2) 
PARAMETRIC_REPRESENTATION_CONTEXT() REPRESENTATION_CONTEXT('2D SPACE',''
  ) );
#1201 = FACE_BOUND('',#1202,.T.);
#1202 = EDGE_LOOP('',(#1203));
#1203 = ORIENTED_EDGE('',*,*,#1204,.F.);
#1204 = EDGE_CURVE('',#1205,#1205,#1207,.T.);
#1205 = VERTEX_POINT('',#1206);
#1206 = CARTESIAN_POINT('',(42.,65.,450.95));
#1207 = SURFACE_CURVE('',#1208,(#1213,#1220),.PCURVE_S1.);
#1208 = CIRCLE('',#1209,2.25);
#1209 = AXIS2_PLACEMENT_3D('',#1210,#1211,#1212);
#1210 = CARTESIAN_POINT('',(42.,65.,448.7));
#1211 = DIRECTION('',(0.,1.,0.));
#1212 = DIRECTION('',(0.,-0.,1.));
#1213 = PCURVE('',#208,#1214);
#1214 = DEFINITIONAL_REPRESENTATION('',(#1215),#1219);
#1215 = CIRCLE('',#1216,2.25);
#1216 = AXIS2_PLACEMENT_2D('',#1217,#1218);
#1217 = CARTESIAN_POINT('',(22.7,117.));
#1218 = DIRECTION('',(1.,0.));
#1219 = ( GEOMETRIC_REPRESENTATION_CONTEXT(2) 
PARAMETRIC_REPRESENTATION_CONTEXT() REPRESENTATION_CONTEXT('2D SPACE',''
  ) );
#1220 = PCURVE('',#1221,#1226);
#1221 = CYLINDRICAL_SURFACE('',#1222,2.25);
#1222 = AXIS2_PLACEMENT_3D('',#1223,#1224,#1225);
#1223 = CARTESIAN_POINT('',(42.,52.5,448.7));
#1224 = DIRECTION('',(0.,1.,0.));
#1225 = DIRECTION('',(0.,-0.,1.));
#1226 = DEFINITIONAL_REPRESENTATION('',(#1227),#1231);
#1227 = LINE('',#1228,#1229);
#1228 = CARTESIAN_POINT('',(0.,12.5));
#1229 = VECTOR('',#1230,1.);
#1230 = DIRECTION('',(1.,0.));
#1231 = ( GEOMETRIC_REPRESENTATION_CONTEXT(2) 
PARAMETRIC_REPRESENTATION_CONTEXT() REPRESENTATION_CONTEXT('2D SPACE',''
  ) );
#1232 = FACE_BOUND('',#1233,.T.);
#1233 = EDGE_LOOP('',(#1234));
#1234 = ORIENTED_EDGE('',*,*,#1235,.F.);
#1235 = EDGE_CURVE('',#1236,#1236,#1238,.T.);
#1236 = VERTEX_POINT('',#1237);
#1237 = CARTESIAN_POINT('',(68.,65.,450.95));
#1238 = SURFACE_CURVE('',#1239,(#1244,#1251),.PCURVE_S1.);
#1239 = CIRCLE('',#1240,2.25);
#1240 = AXIS2_PLACEMENT_3D('',#1241,#1242,#1243);
#1241 = CARTESIAN_POINT('',(68.,65.,448.7));
#1242 = DIRECTION('',(0.,1.,0.));
#1243 = DIRECTION('',(0.,-0.,1.));
#1244 = PCURVE('',#208,#1245);
#1245 = DEFINITIONAL_REPRESENTATION('',(#1246),#1250);
#1246 = CIRCLE('',#1247,2.25);
#1247 = AXIS2_PLACEMENT_2D('',#1248,#1249);
#1248 = CARTESIAN_POINT('',(22.7,143.));
#1249 = DIRECTION('',(1.,0.));
#1250 = ( GEOMETRIC_REPRESENTATION_CONTEXT(2) 
PARAMETRIC_REPRESENTATION_CONTEXT() REPRESENTATION_CONTEXT('2D SPACE',''
  ) );
#1251 = PCURVE('',#1252,#1257);
#1252 = CYLINDRICAL_SURFACE('',#1253,2.25);
#1253 = AXIS2_PLACEMENT_3D('',#1254,#1255,#1256);
#1254 = CARTESIAN_POINT('',(68.,52.5,448.7));
#1255 = DIRECTION('',(0.,1.,0.));
#1256 = DIRECTION('',(0.,-0.,1.));
#1257 = DEFINITIONAL_REPRESENTATION('',(#1258),#1262);
#1258 = LINE('',#1259,#1260);
#1259 = CARTESIAN_POINT('',(0.,12.5));
#1260 = VECTOR('',#1261,1.);
#1261 = DIRECTION('',(1.,0.));
#1262 = ( GEOMETRIC_REPRESENTATION_CONTEXT(2) 
PARAMETRIC_REPRESENTATION_CONTEXT() REPRESENTATION_CONTEXT('2D SPACE',''
  ) );
#1263 = FACE_BOUND('',#1264,.T.);
#1264 = EDGE_LOOP('',(#1265));
#1265 = ORIENTED_EDGE('',*,*,#1266,.F.);
#1266 = EDGE_CURVE('',#1267,#1267,#1269,.T.);
#1267 = VERTEX_POINT('',#1268);
#1268 = CARTESIAN_POINT('',(42.,65.,476.95));
#1269 = SURFACE_CURVE('',#1270,(#1275,#1282),.PCURVE_S1.);
#1270 = CIRCLE('',#1271,2.25);
#1271 = AXIS2_PLACEMENT_3D('',#1272,#1273,#1274);
#1272 = CARTESIAN_POINT('',(42.,65.,474.7));
#1273 = DIRECTION('',(0.,1.,0.));
#1274 = DIRECTION('',(0.,-0.,1.));
#1275 = PCURVE('',#208,#1276);
#1276 = DEFINITIONAL_REPRESENTATION('',(#1277),#1281);
#1277 = CIRCLE('',#1278,2.25);
#1278 = AXIS2_PLACEMENT_2D('',#1279,#1280);
#1279 = CARTESIAN_POINT('',(48.7,117.));
#1280 = DIRECTION('',(1.,0.));
#1281 = ( GEOMETRIC_REPRESENTATION_CONTEXT(2) 
PARAMETRIC_REPRESENTATION_CONTEXT() REPRESENTATION_CONTEXT('2D SPACE',''
  ) );
#1282 = PCURVE('',#1283,#1288);
#1283 = CYLINDRICAL_SURFACE('',#1284,2.25);
#1284 = AXIS2_PLACEMENT_3D('',#1285,#1286,#1287);
#1285 = CARTESIAN_POINT('',(42.,52.5,474.7));
#1286 = DIRECTION('',(0.,1.,0.));
#1287 = DIRECTION('',(0.,-0.,1.));
#1288 = DEFINITIONAL_REPRESENTATION('',(#1289),#1293);
#1289 = LINE('',#1290,#1291);
#1290 = CARTESIAN_POINT('',(0.,12.5));
#1291 = VECTOR('',#1292,1.);
#1292 = DIRECTION('',(1.,0.));
#1293 = ( GEOMETRIC_REPRESENTATION_CONTEXT(2) 
PARAMETRIC_REPRESENTATION_CONTEXT() REPRESENTATION_CONTEXT('2D SPACE',''
  ) );
#1294 = FACE_BOUND('',#1295,.T.);
#1295 = EDGE_LOOP('',(#1296));
#1296 = ORIENTED_EDGE('',*,*,#1297,.F.);
#1297 = EDGE_CURVE('',#1298,#1298,#1300,.T.);
#1298 = VERTEX_POINT('',#1299);
#1299 = CARTESIAN_POINT('',(68.,65.,476.95));
#1300 = SURFACE_CURVE('',#1301,(#1306,#1313),.PCURVE_S1.);
#1301 = CIRCLE('',#1302,2.25);
#1302 = AXIS2_PLACEMENT_3D('',#1303,#1304,#1305);
#1303 = CARTESIAN_POINT('',(68.,65.,474.7));
#1304 = DIRECTION('',(0.,1.,0.));
#1305 = DIRECTION('',(0.,-0.,1.));
#1306 = PCURVE('',#208,#1307);
#1307 = DEFINITIONAL_REPRESENTATION('',(#1308),#1312);
#1308 = CIRCLE('',#1309,2.25);
#1309 = AXIS2_PLACEMENT_2D('',#1310,#1311);
#1310 = CARTESIAN_POINT('',(48.7,143.));
#1311 = DIRECTION('',(1.,0.));
#1312 = ( GEOMETRIC_REPRESENTATION_CONTEXT(2) 
PARAMETRIC_REPRESENTATION_CONTEXT() REPRESENTATION_CONTEXT('2D SPACE',''
  ) );
#1313 = PCURVE('',#1314,#1319);
#1314 = CYLINDRICAL_SURFACE('',#1315,2.25);
#1315 = AXIS2_PLACEMENT_3D('',#1316,#1317,#1318);
#1316 = CARTESIAN_POINT('',(68.,52.5,474.7));
#1317 = DIRECTION('',(0.,1.,0.));
#1318 = DIRECTION('',(0.,-0.,1.));
#1319 = DEFINITIONAL_REPRESENTATION('',(#1320),#1324);
#1320 = LINE('',#1321,#1322);
#1321 = CARTESIAN_POINT('',(0.,12.5));
#1322 = VECTOR('',#1323,1.);
#1323 = DIRECTION('',(1.,0.));
#1324 = ( GEOMETRIC_REPRESENTATION_CONTEXT(2) 
PARAMETRIC_REPRESENTATION_CONTEXT() REPRESENTATION_CONTEXT('2D SPACE',''
  ) );
#1325 = FACE_BOUND('',#1326,.T.);
#1326 = EDGE_LOOP('',(#1327));
#1327 = ORIENTED_EDGE('',*,*,#1328,.F.);
#1328 = EDGE_CURVE('',#1329,#1329,#1331,.T.);
#1329 = VERTEX_POINT('',#1330);
#1330 = CARTESIAN_POINT('',(42.,65.,530.95));
#1331 = SURFACE_CURVE('',#1332,(#1337,#1344),.PCURVE_S1.);
#1332 = CIRCLE('',#1333,2.25);
#1333 = AXIS2_PLACEMENT_3D('',#1334,#1335,#1336);
#1334 = CARTESIAN_POINT('',(42.,65.,528.7));
#1335 = DIRECTION('',(0.,1.,0.));
#1336 = DIRECTION('',(0.,-0.,1.));
#1337 = PCURVE('',#208,#1338);
#1338 = DEFINITIONAL_REPRESENTATION('',(#1339),#1343);
#1339 = CIRCLE('',#1340,2.25);
#1340 = AXIS2_PLACEMENT_2D('',#1341,#1342);
#1341 = CARTESIAN_POINT('',(102.7,117.));
#1342 = DIRECTION('',(1.,0.));
#1343 = ( GEOMETRIC_REPRESENTATION_CONTEXT(2) 
PARAMETRIC_REPRESENTATION_CONTEXT() REPRESENTATION_CONTEXT('2D SPACE',''
  ) );
#1344 = PCURVE('',#1345,#1350);
#1345 = CYLINDRICAL_SURFACE('',#1346,2.25);
#1346 = AXIS2_PLACEMENT_3D('',#1347,#1348,#1349);
#1347 = CARTESIAN_POINT('',(42.,52.5,528.7));
#1348 = DIRECTION('',(0.,1.,0.));
#1349 = DIRECTION('',(0.,-0.,1.));
#1350 = DEFINITIONAL_REPRESENTATION('',(#1351),#1355);
#1351 = LINE('',#1352,#1353);
#1352 = CARTESIAN_POINT('',(0.,12.5));
#1353 = VECTOR('',#1354,1.);
#1354 = DIRECTION('',(1.,0.));
#1355 = ( GEOMETRIC_REPRESENTATION_CONTEXT(2) 
PARAMETRIC_REPRESENTATION_CONTEXT() REPRESENTATION_CONTEXT('2D SPACE',''
  ) );
#1356 = FACE_BOUND('',#1357,.T.);
#1357 = EDGE_LOOP('',(#1358));
#1358 = ORIENTED_EDGE('',*,*,#1359,.F.);
#1359 = EDGE_CURVE('',#1360,#1360,#1362,.T.);
#1360 = VERTEX_POINT('',#1361);
#1361 = CARTESIAN_POINT('',(68.,65.,530.95));
#1362 = SURFACE_CURVE('',#1363,(#1368,#1375),.PCURVE_S1.);
#1363 = CIRCLE('',#1364,2.25);
#1364 = AXIS2_PLACEMENT_3D('',#1365,#1366,#1367);
#1365 = CARTESIAN_POINT('',(68.,65.,528.7));
#1366 = DIRECTION('',(0.,1.,0.));
#1367 = DIRECTION('',(0.,-0.,1.));
#1368 = PCURVE('',#208,#1369);
#1369 = DEFINITIONAL_REPRESENTATION('',(#1370),#1374);
#1370 = CIRCLE('',#1371,2.25);
#1371 = AXIS2_PLACEMENT_2D('',#1372,#1373);
#1372 = CARTESIAN_POINT('',(102.7,143.));
#1373 = DIRECTION('',(1.,0.));
#1374 = ( GEOMETRIC_REPRESENTATION_CONTEXT(2) 
PARAMETRIC_REPRESENTATION_CONTEXT() REPRESENTATION_CONTEXT('2D SPACE',''
  ) );
#1375 = PCURVE('',#1376,#1381);
#1376 = CYLINDRICAL_SURFACE('',#1377,2.25);
#1377 = AXIS2_PLACEMENT_3D('',#1378,#1379,#1380);
#1378 = CARTESIAN_POINT('',(68.,52.5,528.7));
#1379 = DIRECTION('',(0.,1.,0.));
#1380 = DIRECTION('',(0.,-0.,1.));
#1381 = DEFINITIONAL_REPRESENTATION('',(#1382),#1386);
#1382 = LINE('',#1383,#1384);
#1383 = CARTESIAN_POINT('',(0.,12.5));
#1384 = VECTOR('',#1385,1.);
#1385 = DIRECTION('',(1.,0.));
#1386 = ( GEOMETRIC_REPRESENTATION_CONTEXT(2) 
PARAMETRIC_REPRESENTATION_CONTEXT() REPRESENTATION_CONTEXT('2D SPACE',''
  ) );
#1387 = FACE_BOUND('',#1388,.T.);
#1388 = EDGE_LOOP('',(#1389));
#1389 = ORIENTED_EDGE('',*,*,#1390,.F.);
#1390 = EDGE_CURVE('',#1391,#1391,#1393,.T.);
#1391 = VERTEX_POINT('',#1392);
#1392 = CARTESIAN_POINT('',(42.,65.,556.95));
#1393 = SURFACE_CURVE('',#1394,(#1399,#1406),.PCURVE_S1.);
#1394 = CIRCLE('',#1395,2.25);
#1395 = AXIS2_PLACEMENT_3D('',#1396,#1397,#1398);
#1396 = CARTESIAN_POINT('',(42.,65.,554.7));
#1397 = DIRECTION('',(0.,1.,0.));
#1398 = DIRECTION('',(0.,-0.,1.));
#1399 = PCURVE('',#208,#1400);
#1400 = DEFINITIONAL_REPRESENTATION('',(#1401),#1405);
#1401 = CIRCLE('',#1402,2.25);
#1402 = AXIS2_PLACEMENT_2D('',#1403,#1404);
#1403 = CARTESIAN_POINT('',(128.7,117.));
#1404 = DIRECTION('',(1.,0.));
#1405 = ( GEOMETRIC_REPRESENTATION_CONTEXT(2) 
PARAMETRIC_REPRESENTATION_CONTEXT() REPRESENTATION_CONTEXT('2D SPACE',''
  ) );
#1406 = PCURVE('',#1407,#1412);
#1407 = CYLINDRICAL_SURFACE('',#1408,2.25);
#1408 = AXIS2_PLACEMENT_3D('',#1409,#1410,#1411);
#1409 = CARTESIAN_POINT('',(42.,52.5,554.7));
#1410 = DIRECTION('',(0.,1.,0.));
#1411 = DIRECTION('',(0.,-0.,1.));
#1412 = DEFINITIONAL_REPRESENTATION('',(#1413),#1417);
#1413 = LINE('',#1414,#1415);
#1414 = CARTESIAN_POINT('',(0.,12.5));
#1415 = VECTOR('',#1416,1.);
#1416 = DIRECTION('',(1.,0.));
#1417 = ( GEOMETRIC_REPRESENTATION_CONTEXT(2) 
PARAMETRIC_REPRESENTATION_CONTEXT() REPRESENTATION_CONTEXT('2D SPACE',''
  ) );
#1418 = FACE_BOUND('',#1419,.T.);
#1419 = EDGE_LOOP('',(#1420));
#1420 = ORIENTED_EDGE('',*,*,#1421,.F.);
#1421 = EDGE_CURVE('',#1422,#1422,#1424,.T.);
#1422 = VERTEX_POINT('',#1423);
#1423 = CARTESIAN_POINT('',(68.,65.,556.95));
#1424 = SURFACE_CURVE('',#1425,(#1430,#1437),.PCURVE_S1.);
#1425 = CIRCLE('',#1426,2.25);
#1426 = AXIS2_PLACEMENT_3D('',#1427,#1428,#1429);
#1427 = CARTESIAN_POINT('',(68.,65.,554.7));
#1428 = DIRECTION('',(0.,1.,0.));
#1429 = DIRECTION('',(0.,-0.,1.));
#1430 = PCURVE('',#208,#1431);
#1431 = DEFINITIONAL_REPRESENTATION('',(#1432),#1436);
#1432 = CIRCLE('',#1433,2.25);
#1433 = AXIS2_PLACEMENT_2D('',#1434,#1435);
#1434 = CARTESIAN_POINT('',(128.7,143.));
#1435 = DIRECTION('',(1.,0.));
#1436 = ( GEOMETRIC_REPRESENTATION_CONTEXT(2) 
PARAMETRIC_REPRESENTATION_CONTEXT() REPRESENTATION_CONTEXT('2D SPACE',''
  ) );
#1437 = PCURVE('',#1438,#1443);
#1438 = CYLINDRICAL_SURFACE('',#1439,2.25);
#1439 = AXIS2_PLACEMENT_3D('',#1440,#1441,#1442);
#1440 = CARTESIAN_POINT('',(68.,52.5,554.7));
#1441 = DIRECTION('',(0.,1.,0.));
#1442 = DIRECTION('',(0.,-0.,1.));
#1443 = DEFINITIONAL_REPRESENTATION('',(#1444),#1448);
#1444 = LINE('',#1445,#1446);
#1445 = CARTESIAN_POINT('',(0.,12.5));
#1446 = VECTOR('',#1447,1.);
#1447 = DIRECTION('',(1.,0.));
#1448 = ( GEOMETRIC_REPRESENTATION_CONTEXT(2) 
PARAMETRIC_REPRESENTATION_CONTEXT() REPRESENTATION_CONTEXT('2D SPACE',''
  ) );
#1449 = ADVANCED_FACE('',(#1450,#1573,#1604),#182,.F.);
#1450 = FACE_BOUND('',#1451,.F.);
#1451 = EDGE_LOOP('',(#1452,#1453,#1454,#1477,#1500,#1528,#1551,#1572));
#1452 = ORIENTED_EDGE('',*,*,#166,.T.);
#1453 = ORIENTED_EDGE('',*,*,#565,.T.);
#1454 = ORIENTED_EDGE('',*,*,#1455,.T.);
#1455 = EDGE_CURVE('',#536,#1456,#1458,.T.);
#1456 = VERTEX_POINT('',#1457);
#1457 = CARTESIAN_POINT('',(-65.,53.,426.));
#1458 = SURFACE_CURVE('',#1459,(#1463,#1470),.PCURVE_S1.);
#1459 = LINE('',#1460,#1461);
#1460 = CARTESIAN_POINT('',(-65.,18.,426.));
#1461 = VECTOR('',#1462,1.);
#1462 = DIRECTION('',(0.,1.,0.));
#1463 = PCURVE('',#182,#1464);
#1464 = DEFINITIONAL_REPRESENTATION('',(#1465),#1469);
#1465 = LINE('',#1466,#1467);
#1466 = CARTESIAN_POINT('',(10.,-35.));
#1467 = VECTOR('',#1468,1.);
#1468 = DIRECTION('',(0.,1.));
#1469 = ( GEOMETRIC_REPRESENTATION_CONTEXT(2) 
PARAMETRIC_REPRESENTATION_CONTEXT() REPRESENTATION_CONTEXT('2D SPACE',''
  ) );
#1470 = PCURVE('',#553,#1471);
#1471 = DEFINITIONAL_REPRESENTATION('',(#1472),#1476);
#1472 = LINE('',#1473,#1474);
#1473 = CARTESIAN_POINT('',(0.,0.));
#1474 = VECTOR('',#1475,1.);
#1475 = DIRECTION('',(0.,-1.));
#1476 = ( GEOMETRIC_REPRESENTATION_CONTEXT(2) 
PARAMETRIC_REPRESENTATION_CONTEXT() REPRESENTATION_CONTEXT('2D SPACE',''
  ) );
#1477 = ORIENTED_EDGE('',*,*,#1478,.T.);
#1478 = EDGE_CURVE('',#1456,#1479,#1481,.T.);
#1479 = VERTEX_POINT('',#1480);
#1480 = CARTESIAN_POINT('',(65.,53.,426.));
#1481 = SURFACE_CURVE('',#1482,(#1486,#1493),.PCURVE_S1.);
#1482 = LINE('',#1483,#1484);
#1483 = CARTESIAN_POINT('',(-75.,53.,426.));
#1484 = VECTOR('',#1485,1.);
#1485 = DIRECTION('',(1.,0.,0.));
#1486 = PCURVE('',#182,#1487);
#1487 = DEFINITIONAL_REPRESENTATION('',(#1488),#1492);
#1488 = LINE('',#1489,#1490);
#1489 = CARTESIAN_POINT('',(0.,0.));
#1490 = VECTOR('',#1491,1.);
#1491 = DIRECTION('',(1.,0.));
#1492 = ( GEOMETRIC_REPRESENTATION_CONTEXT(2) 
PARAMETRIC_REPRESENTATION_CONTEXT() REPRESENTATION_CONTEXT('2D SPACE',''
  ) );
#1493 = PCURVE('',#353,#1494);
#1494 = DEFINITIONAL_REPRESENTATION('',(#1495),#1499);
#1495 = LINE('',#1496,#1497);
#1496 = CARTESIAN_POINT('',(0.,0.));
#1497 = VECTOR('',#1498,1.);
#1498 = DIRECTION('',(0.,1.));
#1499 = ( GEOMETRIC_REPRESENTATION_CONTEXT(2) 
PARAMETRIC_REPRESENTATION_CONTEXT() REPRESENTATION_CONTEXT('2D SPACE',''
  ) );
#1500 = ORIENTED_EDGE('',*,*,#1501,.F.);
#1501 = EDGE_CURVE('',#1502,#1479,#1504,.T.);
#1502 = VERTEX_POINT('',#1503);
#1503 = CARTESIAN_POINT('',(65.,18.,426.));
#1504 = SURFACE_CURVE('',#1505,(#1509,#1516),.PCURVE_S1.);
#1505 = LINE('',#1506,#1507);
#1506 = CARTESIAN_POINT('',(65.,18.,426.));
#1507 = VECTOR('',#1508,1.);
#1508 = DIRECTION('',(0.,1.,0.));
#1509 = PCURVE('',#182,#1510);
#1510 = DEFINITIONAL_REPRESENTATION('',(#1511),#1515);
#1511 = LINE('',#1512,#1513);
#1512 = CARTESIAN_POINT('',(140.,-35.));
#1513 = VECTOR('',#1514,1.);
#1514 = DIRECTION('',(0.,1.));
#1515 = ( GEOMETRIC_REPRESENTATION_CONTEXT(2) 
PARAMETRIC_REPRESENTATION_CONTEXT() REPRESENTATION_CONTEXT('2D SPACE',''
  ) );
#1516 = PCURVE('',#1517,#1522);
#1517 = PLANE('',#1518);
#1518 = AXIS2_PLACEMENT_3D('',#1519,#1520,#1521);
#1519 = CARTESIAN_POINT('',(65.,18.,426.));
#1520 = DIRECTION('',(1.,0.,0.));
#1521 = DIRECTION('',(0.,0.,1.));
#1522 = DEFINITIONAL_REPRESENTATION('',(#1523),#1527);
#1523 = LINE('',#1524,#1525);
#1524 = CARTESIAN_POINT('',(0.,0.));
#1525 = VECTOR('',#1526,1.);
#1526 = DIRECTION('',(0.,-1.));
#1527 = ( GEOMETRIC_REPRESENTATION_CONTEXT(2) 
PARAMETRIC_REPRESENTATION_CONTEXT() REPRESENTATION_CONTEXT('2D SPACE',''
  ) );
#1528 = ORIENTED_EDGE('',*,*,#1529,.T.);
#1529 = EDGE_CURVE('',#1502,#1530,#1532,.T.);
#1530 = VERTEX_POINT('',#1531);
#1531 = CARTESIAN_POINT('',(75.,18.,426.));
#1532 = SURFACE_CURVE('',#1533,(#1537,#1544),.PCURVE_S1.);
#1533 = LINE('',#1534,#1535);
#1534 = CARTESIAN_POINT('',(65.,18.,426.));
#1535 = VECTOR('',#1536,1.);
#1536 = DIRECTION('',(1.,0.,0.));
#1537 = PCURVE('',#182,#1538);
#1538 = DEFINITIONAL_REPRESENTATION('',(#1539),#1543);
#1539 = LINE('',#1540,#1541);
#1540 = CARTESIAN_POINT('',(140.,-35.));
#1541 = VECTOR('',#1542,1.);
#1542 = DIRECTION('',(1.,0.));
#1543 = ( GEOMETRIC_REPRESENTATION_CONTEXT(2) 
PARAMETRIC_REPRESENTATION_CONTEXT() REPRESENTATION_CONTEXT('2D SPACE',''
  ) );
#1544 = PCURVE('',#409,#1545);
#1545 = DEFINITIONAL_REPRESENTATION('',(#1546),#1550);
#1546 = LINE('',#1547,#1548);
#1547 = CARTESIAN_POINT('',(0.,0.));
#1548 = VECTOR('',#1549,1.);
#1549 = DIRECTION('',(0.,1.));
#1550 = ( GEOMETRIC_REPRESENTATION_CONTEXT(2) 
PARAMETRIC_REPRESENTATION_CONTEXT() REPRESENTATION_CONTEXT('2D SPACE',''
  ) );
#1551 = ORIENTED_EDGE('',*,*,#1552,.F.);
#1552 = EDGE_CURVE('',#909,#1530,#1553,.T.);
#1553 = SURFACE_CURVE('',#1554,(#1558,#1565),.PCURVE_S1.);
#1554 = LINE('',#1555,#1556);
#1555 = CARTESIAN_POINT('',(75.,65.,426.));
#1556 = VECTOR('',#1557,1.);
#1557 = DIRECTION('',(0.,-1.,0.));
#1558 = PCURVE('',#182,#1559);
#1559 = DEFINITIONAL_REPRESENTATION('',(#1560),#1564);
#1560 = LINE('',#1561,#1562);
#1561 = CARTESIAN_POINT('',(150.,12.));
#1562 = VECTOR('',#1563,1.);
#1563 = DIRECTION('',(0.,-1.));
#1564 = ( GEOMETRIC_REPRESENTATION_CONTEXT(2) 
PARAMETRIC_REPRESENTATION_CONTEXT() REPRESENTATION_CONTEXT('2D SPACE',''
  ) );
#1565 = PCURVE('',#437,#1566);
#1566 = DEFINITIONAL_REPRESENTATION('',(#1567),#1571);
#1567 = LINE('',#1568,#1569);
#1568 = CARTESIAN_POINT('',(0.,-12.));
#1569 = VECTOR('',#1570,1.);
#1570 = DIRECTION('',(0.,1.));
#1571 = ( GEOMETRIC_REPRESENTATION_CONTEXT(2) 
PARAMETRIC_REPRESENTATION_CONTEXT() REPRESENTATION_CONTEXT('2D SPACE',''
  ) );
#1572 = ORIENTED_EDGE('',*,*,#908,.F.);
#1573 = FACE_BOUND('',#1574,.F.);
#1574 = EDGE_LOOP('',(#1575));
#1575 = ORIENTED_EDGE('',*,*,#1576,.F.);
#1576 = EDGE_CURVE('',#1577,#1577,#1579,.T.);
#1577 = VERTEX_POINT('',#1578);
#1578 = CARTESIAN_POINT('',(-37.9,59.,426.));
#1579 = SURFACE_CURVE('',#1580,(#1585,#1592),.PCURVE_S1.);
#1580 = CIRCLE('',#1581,2.1);
#1581 = AXIS2_PLACEMENT_3D('',#1582,#1583,#1584);
#1582 = CARTESIAN_POINT('',(-40.,59.,426.));
#1583 = DIRECTION('',(0.,0.,1.));
#1584 = DIRECTION('',(1.,0.,-0.));
#1585 = PCURVE('',#182,#1586);
#1586 = DEFINITIONAL_REPRESENTATION('',(#1587),#1591);
#1587 = CIRCLE('',#1588,2.1);
#1588 = AXIS2_PLACEMENT_2D('',#1589,#1590);
#1589 = CARTESIAN_POINT('',(35.,6.));
#1590 = DIRECTION('',(1.,0.));
#1591 = ( GEOMETRIC_REPRESENTATION_CONTEXT(2) 
PARAMETRIC_REPRESENTATION_CONTEXT() REPRESENTATION_CONTEXT('2D SPACE',''
  ) );
#1592 = PCURVE('',#1593,#1598);
#1593 = CYLINDRICAL_SURFACE('',#1594,2.1);
#1594 = AXIS2_PLACEMENT_3D('',#1595,#1596,#1597);
#1595 = CARTESIAN_POINT('',(-40.,59.,425.5));
#1596 = DIRECTION('',(0.,0.,1.));
#1597 = DIRECTION('',(1.,0.,-0.));
#1598 = DEFINITIONAL_REPRESENTATION('',(#1599),#1603);
#1599 = LINE('',#1600,#1601);
#1600 = CARTESIAN_POINT('',(0.,0.5));
#1601 = VECTOR('',#1602,1.);
#1602 = DIRECTION('',(1.,0.));
#1603 = ( GEOMETRIC_REPRESENTATION_CONTEXT(2) 
PARAMETRIC_REPRESENTATION_CONTEXT() REPRESENTATION_CONTEXT('2D SPACE',''
  ) );
#1604 = FACE_BOUND('',#1605,.F.);
#1605 = EDGE_LOOP('',(#1606));
#1606 = ORIENTED_EDGE('',*,*,#1607,.F.);
#1607 = EDGE_CURVE('',#1608,#1608,#1610,.T.);
#1608 = VERTEX_POINT('',#1609);
#1609 = CARTESIAN_POINT('',(42.1,59.,426.));
#1610 = SURFACE_CURVE('',#1611,(#1616,#1623),.PCURVE_S1.);
#1611 = CIRCLE('',#1612,2.1);
#1612 = AXIS2_PLACEMENT_3D('',#1613,#1614,#1615);
#1613 = CARTESIAN_POINT('',(40.,59.,426.));
#1614 = DIRECTION('',(0.,0.,1.));
#1615 = DIRECTION('',(1.,0.,-0.));
#1616 = PCURVE('',#182,#1617);
#1617 = DEFINITIONAL_REPRESENTATION('',(#1618),#1622);
#1618 = CIRCLE('',#1619,2.1);
#1619 = AXIS2_PLACEMENT_2D('',#1620,#1621);
#1620 = CARTESIAN_POINT('',(115.,6.));
#1621 = DIRECTION('',(1.,0.));
#1622 = ( GEOMETRIC_REPRESENTATION_CONTEXT(2) 
PARAMETRIC_REPRESENTATION_CONTEXT() REPRESENTATION_CONTEXT('2D SPACE',''
  ) );
#1623 = PCURVE('',#1624,#1629);
#1624 = CYLINDRICAL_SURFACE('',#1625,2.1);
#1625 = AXIS2_PLACEMENT_3D('',#1626,#1627,#1628);
#1626 = CARTESIAN_POINT('',(40.,59.,425.5));
#1627 = DIRECTION('',(0.,0.,1.));
#1628 = DIRECTION('',(1.,0.,-0.));
#1629 = DEFINITIONAL_REPRESENTATION('',(#1630),#1634);
#1630 = LINE('',#1631,#1632);
#1631 = CARTESIAN_POINT('',(0.,0.5));
#1632 = VECTOR('',#1633,1.);
#1633 = DIRECTION('',(1.,0.));
#1634 = ( GEOMETRIC_REPRESENTATION_CONTEXT(2) 
PARAMETRIC_REPRESENTATION_CONTEXT() REPRESENTATION_CONTEXT('2D SPACE',''
  ) );
#1635 = ADVANCED_FACE('',(#1636),#325,.T.);
#1636 = FACE_BOUND('',#1637,.T.);
#1637 = EDGE_LOOP('',(#1638,#1639,#1660,#1681));
#1638 = ORIENTED_EDGE('',*,*,#588,.F.);
#1639 = ORIENTED_EDGE('',*,*,#1640,.T.);
#1640 = EDGE_CURVE('',#589,#1641,#1643,.T.);
#1641 = VERTEX_POINT('',#1642);
#1642 = CARTESIAN_POINT('',(-65.,53.,558.05410196625));
#1643 = SURFACE_CURVE('',#1644,(#1648,#1654),.PCURVE_S1.);
#1644 = LINE('',#1645,#1646);
#1645 = CARTESIAN_POINT('',(-65.,17.,558.05410196625));
#1646 = VECTOR('',#1647,1.);
#1647 = DIRECTION('',(0.,1.,0.));
#1648 = PCURVE('',#325,#1649);
#1649 = DEFINITIONAL_REPRESENTATION('',(#1650),#1653);
#1650 = B_SPLINE_CURVE_WITH_KNOTS('',1,(#1651,#1652),.UNSPECIFIED.,.F.,
  .F.,(2,2),(-5.999999999062E-07,36.1000006),.PIECEWISE_BEZIER_KNOTS.);
#1651 = CARTESIAN_POINT('',(132.05410196625,1.0000006));
#1652 = CARTESIAN_POINT('',(132.05410196625,-35.1000006));
#1653 = ( GEOMETRIC_REPRESENTATION_CONTEXT(2) 
PARAMETRIC_REPRESENTATION_CONTEXT() REPRESENTATION_CONTEXT('2D SPACE',''
  ) );
#1654 = PCURVE('',#628,#1655);
#1655 = DEFINITIONAL_REPRESENTATION('',(#1656),#1659);
#1656 = B_SPLINE_CURVE_WITH_KNOTS('',1,(#1657,#1658),.UNSPECIFIED.,.F.,
  .F.,(2,2),(-5.999999999062E-07,36.1000006),.PIECEWISE_BEZIER_KNOTS.);
#1657 = CARTESIAN_POINT('',(0.729727656227,-5.999999999062E-07));
#1658 = CARTESIAN_POINT('',(0.729727656227,36.1000006));
#1659 = ( GEOMETRIC_REPRESENTATION_CONTEXT(2) 
PARAMETRIC_REPRESENTATION_CONTEXT() REPRESENTATION_CONTEXT('2D SPACE',''
  ) );
#1660 = ORIENTED_EDGE('',*,*,#1661,.T.);
#1661 = EDGE_CURVE('',#1641,#310,#1662,.T.);
#1662 = SURFACE_CURVE('',#1663,(#1667,#1674),.PCURVE_S1.);
#1663 = LINE('',#1664,#1665);
#1664 = CARTESIAN_POINT('',(-65.,53.,426.));
#1665 = VECTOR('',#1666,1.);
#1666 = DIRECTION('',(0.,0.,1.));
#1667 = PCURVE('',#325,#1668);
#1668 = DEFINITIONAL_REPRESENTATION('',(#1669),#1673);
#1669 = LINE('',#1670,#1671);
#1670 = CARTESIAN_POINT('',(0.,-35.));
#1671 = VECTOR('',#1672,1.);
#1672 = DIRECTION('',(1.,0.));
#1673 = ( GEOMETRIC_REPRESENTATION_CONTEXT(2) 
PARAMETRIC_REPRESENTATION_CONTEXT() REPRESENTATION_CONTEXT('2D SPACE',''
  ) );
#1674 = PCURVE('',#353,#1675);
#1675 = DEFINITIONAL_REPRESENTATION('',(#1676),#1680);
#1676 = LINE('',#1677,#1678);
#1677 = CARTESIAN_POINT('',(0.,10.));
#1678 = VECTOR('',#1679,1.);
#1679 = DIRECTION('',(1.,0.));
#1680 = ( GEOMETRIC_REPRESENTATION_CONTEXT(2) 
PARAMETRIC_REPRESENTATION_CONTEXT() REPRESENTATION_CONTEXT('2D SPACE',''
  ) );
#1681 = ORIENTED_EDGE('',*,*,#309,.F.);
#1682 = ADVANCED_FACE('',(#1683,#1709,#1740),#437,.T.);
#1683 = FACE_BOUND('',#1684,.T.);
#1684 = EDGE_LOOP('',(#1685,#1686,#1707,#1708));
#1685 = ORIENTED_EDGE('',*,*,#421,.F.);
#1686 = ORIENTED_EDGE('',*,*,#1687,.F.);
#1687 = EDGE_CURVE('',#1530,#394,#1688,.T.);
#1688 = SURFACE_CURVE('',#1689,(#1693,#1700),.PCURVE_S1.);
#1689 = LINE('',#1690,#1691);
#1690 = CARTESIAN_POINT('',(75.,18.,426.));
#1691 = VECTOR('',#1692,1.);
#1692 = DIRECTION('',(0.,0.,1.));
#1693 = PCURVE('',#437,#1694);
#1694 = DEFINITIONAL_REPRESENTATION('',(#1695),#1699);
#1695 = LINE('',#1696,#1697);
#1696 = CARTESIAN_POINT('',(0.,35.));
#1697 = VECTOR('',#1698,1.);
#1698 = DIRECTION('',(1.,0.));
#1699 = ( GEOMETRIC_REPRESENTATION_CONTEXT(2) 
PARAMETRIC_REPRESENTATION_CONTEXT() REPRESENTATION_CONTEXT('2D SPACE',''
  ) );
#1700 = PCURVE('',#409,#1701);
#1701 = DEFINITIONAL_REPRESENTATION('',(#1702),#1706);
#1702 = LINE('',#1703,#1704);
#1703 = CARTESIAN_POINT('',(0.,10.));
#1704 = VECTOR('',#1705,1.);
#1705 = DIRECTION('',(1.,0.));
#1706 = ( GEOMETRIC_REPRESENTATION_CONTEXT(2) 
PARAMETRIC_REPRESENTATION_CONTEXT() REPRESENTATION_CONTEXT('2D SPACE',''
  ) );
#1707 = ORIENTED_EDGE('',*,*,#1552,.F.);
#1708 = ORIENTED_EDGE('',*,*,#933,.T.);
#1709 = FACE_BOUND('',#1710,.T.);
#1710 = EDGE_LOOP('',(#1711));
#1711 = ORIENTED_EDGE('',*,*,#1712,.F.);
#1712 = EDGE_CURVE('',#1713,#1713,#1715,.T.);
#1713 = VERTEX_POINT('',#1714);
#1714 = CARTESIAN_POINT('',(75.,41.,443.5));
#1715 = SURFACE_CURVE('',#1716,(#1721,#1728),.PCURVE_S1.);
#1716 = CIRCLE('',#1717,5.5);
#1717 = AXIS2_PLACEMENT_3D('',#1718,#1719,#1720);
#1718 = CARTESIAN_POINT('',(75.,41.,438.));
#1719 = DIRECTION('',(1.,0.,0.));
#1720 = DIRECTION('',(-0.,0.,1.));
#1721 = PCURVE('',#437,#1722);
#1722 = DEFINITIONAL_REPRESENTATION('',(#1723),#1727);
#1723 = CIRCLE('',#1724,5.5);
#1724 = AXIS2_PLACEMENT_2D('',#1725,#1726);
#1725 = CARTESIAN_POINT('',(12.,12.));
#1726 = DIRECTION('',(1.,0.));
#1727 = ( GEOMETRIC_REPRESENTATION_CONTEXT(2) 
PARAMETRIC_REPRESENTATION_CONTEXT() REPRESENTATION_CONTEXT('2D SPACE',''
  ) );
#1728 = PCURVE('',#1729,#1734);
#1729 = PLANE('',#1730);
#1730 = AXIS2_PLACEMENT_3D('',#1731,#1732,#1733);
#1731 = CARTESIAN_POINT('',(75.,53.,426.));
#1732 = DIRECTION('',(1.,0.,0.));
#1733 = DIRECTION('',(0.,0.,1.));
#1734 = DEFINITIONAL_REPRESENTATION('',(#1735),#1739);
#1735 = CIRCLE('',#1736,5.5);
#1736 = AXIS2_PLACEMENT_2D('',#1737,#1738);
#1737 = CARTESIAN_POINT('',(12.,12.));
#1738 = DIRECTION('',(1.,0.));
#1739 = ( GEOMETRIC_REPRESENTATION_CONTEXT(2) 
PARAMETRIC_REPRESENTATION_CONTEXT() REPRESENTATION_CONTEXT('2D SPACE',''
  ) );
#1740 = FACE_BOUND('',#1741,.T.);
#1741 = EDGE_LOOP('',(#1742));
#1742 = ORIENTED_EDGE('',*,*,#1743,.F.);
#1743 = EDGE_CURVE('',#1744,#1744,#1746,.T.);
#1744 = VERTEX_POINT('',#1745);
#1745 = CARTESIAN_POINT('',(75.,41.,469.5));
#1746 = SURFACE_CURVE('',#1747,(#1752,#1759),.PCURVE_S1.);
#1747 = CIRCLE('',#1748,5.5);
#1748 = AXIS2_PLACEMENT_3D('',#1749,#1750,#1751);
#1749 = CARTESIAN_POINT('',(75.,41.,464.));
#1750 = DIRECTION('',(1.,0.,0.));
#1751 = DIRECTION('',(-0.,0.,1.));
#1752 = PCURVE('',#437,#1753);
#1753 = DEFINITIONAL_REPRESENTATION('',(#1754),#1758);
#1754 = CIRCLE('',#1755,5.5);
#1755 = AXIS2_PLACEMENT_2D('',#1756,#1757);
#1756 = CARTESIAN_POINT('',(38.,12.));
#1757 = DIRECTION('',(1.,0.));
#1758 = ( GEOMETRIC_REPRESENTATION_CONTEXT(2) 
PARAMETRIC_REPRESENTATION_CONTEXT() REPRESENTATION_CONTEXT('2D SPACE',''
  ) );
#1759 = PCURVE('',#1760,#1765);
#1760 = PLANE('',#1761);
#1761 = AXIS2_PLACEMENT_3D('',#1762,#1763,#1764);
#1762 = CARTESIAN_POINT('',(75.,53.,426.));
#1763 = DIRECTION('',(1.,0.,0.));
#1764 = DIRECTION('',(0.,0.,1.));
#1765 = DEFINITIONAL_REPRESENTATION('',(#1766),#1770);
#1766 = CIRCLE('',#1767,5.5);
#1767 = AXIS2_PLACEMENT_2D('',#1768,#1769);
#1768 = CARTESIAN_POINT('',(38.,12.));
#1769 = DIRECTION('',(1.,0.));
#1770 = ( GEOMETRIC_REPRESENTATION_CONTEXT(2) 
PARAMETRIC_REPRESENTATION_CONTEXT() REPRESENTATION_CONTEXT('2D SPACE',''
  ) );
#1771 = ADVANCED_FACE('',(#1772,#2207,#2238,#2269,#2300,#2331,#2362,
    #2393,#2424),#353,.F.);
#1772 = FACE_BOUND('',#1773,.F.);
#1773 = EDGE_LOOP('',(#1774,#1775,#1798,#1822,#1845,#1869,#1892,#1916,
    #1939,#1961,#1962,#1963,#1986,#2015,#2043,#2072,#2100,#2129,#2157,
    #2186));
#1774 = ORIENTED_EDGE('',*,*,#1478,.F.);
#1775 = ORIENTED_EDGE('',*,*,#1776,.T.);
#1776 = EDGE_CURVE('',#1456,#1777,#1779,.T.);
#1777 = VERTEX_POINT('',#1778);
#1778 = CARTESIAN_POINT('',(-65.,53.,445.34589803375));
#1779 = SURFACE_CURVE('',#1780,(#1784,#1791),.PCURVE_S1.);
#1780 = LINE('',#1781,#1782);
#1781 = CARTESIAN_POINT('',(-65.,53.,426.));
#1782 = VECTOR('',#1783,1.);
#1783 = DIRECTION('',(0.,0.,1.));
#1784 = PCURVE('',#353,#1785);
#1785 = DEFINITIONAL_REPRESENTATION('',(#1786),#1790);
#1786 = LINE('',#1787,#1788);
#1787 = CARTESIAN_POINT('',(0.,10.));
#1788 = VECTOR('',#1789,1.);
#1789 = DIRECTION('',(1.,0.));
#1790 = ( GEOMETRIC_REPRESENTATION_CONTEXT(2) 
PARAMETRIC_REPRESENTATION_CONTEXT() REPRESENTATION_CONTEXT('2D SPACE',''
  ) );
#1791 = PCURVE('',#553,#1792);
#1792 = DEFINITIONAL_REPRESENTATION('',(#1793),#1797);
#1793 = LINE('',#1794,#1795);
#1794 = CARTESIAN_POINT('',(0.,-35.));
#1795 = VECTOR('',#1796,1.);
#1796 = DIRECTION('',(1.,0.));
#1797 = ( GEOMETRIC_REPRESENTATION_CONTEXT(2) 
PARAMETRIC_REPRESENTATION_CONTEXT() REPRESENTATION_CONTEXT('2D SPACE',''
  ) );
#1798 = ORIENTED_EDGE('',*,*,#1799,.F.);
#1799 = EDGE_CURVE('',#1800,#1777,#1802,.T.);
#1800 = VERTEX_POINT('',#1801);
#1801 = CARTESIAN_POINT('',(-65.,53.,452.05410196624));
#1802 = SURFACE_CURVE('',#1803,(#1808,#1815),.PCURVE_S1.);
#1803 = CIRCLE('',#1804,4.5);
#1804 = AXIS2_PLACEMENT_3D('',#1805,#1806,#1807);
#1805 = CARTESIAN_POINT('',(-68.,53.,448.7));
#1806 = DIRECTION('',(0.,1.,0.));
#1807 = DIRECTION('',(0.,-0.,1.));
#1808 = PCURVE('',#353,#1809);
#1809 = DEFINITIONAL_REPRESENTATION('',(#1810),#1814);
#1810 = CIRCLE('',#1811,4.5);
#1811 = AXIS2_PLACEMENT_2D('',#1812,#1813);
#1812 = CARTESIAN_POINT('',(22.7,7.));
#1813 = DIRECTION('',(1.,0.));
#1814 = ( GEOMETRIC_REPRESENTATION_CONTEXT(2) 
PARAMETRIC_REPRESENTATION_CONTEXT() REPRESENTATION_CONTEXT('2D SPACE',''
  ) );
#1815 = PCURVE('',#871,#1816);
#1816 = DEFINITIONAL_REPRESENTATION('',(#1817),#1821);
#1817 = LINE('',#1818,#1819);
#1818 = CARTESIAN_POINT('',(0.,36.));
#1819 = VECTOR('',#1820,1.);
#1820 = DIRECTION('',(1.,0.));
#1821 = ( GEOMETRIC_REPRESENTATION_CONTEXT(2) 
PARAMETRIC_REPRESENTATION_CONTEXT() REPRESENTATION_CONTEXT('2D SPACE',''
  ) );
#1822 = ORIENTED_EDGE('',*,*,#1823,.T.);
#1823 = EDGE_CURVE('',#1800,#1824,#1826,.T.);
#1824 = VERTEX_POINT('',#1825);
#1825 = CARTESIAN_POINT('',(-65.,53.,471.34589803375));
#1826 = SURFACE_CURVE('',#1827,(#1831,#1838),.PCURVE_S1.);
#1827 = LINE('',#1828,#1829);
#1828 = CARTESIAN_POINT('',(-65.,53.,426.));
#1829 = VECTOR('',#1830,1.);
#1830 = DIRECTION('',(0.,0.,1.));
#1831 = PCURVE('',#353,#1832);
#1832 = DEFINITIONAL_REPRESENTATION('',(#1833),#1837);
#1833 = LINE('',#1834,#1835);
#1834 = CARTESIAN_POINT('',(0.,10.));
#1835 = VECTOR('',#1836,1.);
#1836 = DIRECTION('',(1.,0.));
#1837 = ( GEOMETRIC_REPRESENTATION_CONTEXT(2) 
PARAMETRIC_REPRESENTATION_CONTEXT() REPRESENTATION_CONTEXT('2D SPACE',''
  ) );
#1838 = PCURVE('',#842,#1839);
#1839 = DEFINITIONAL_REPRESENTATION('',(#1840),#1844);
#1840 = LINE('',#1841,#1842);
#1841 = CARTESIAN_POINT('',(0.,-35.));
#1842 = VECTOR('',#1843,1.);
#1843 = DIRECTION('',(1.,0.));
#1844 = ( GEOMETRIC_REPRESENTATION_CONTEXT(2) 
PARAMETRIC_REPRESENTATION_CONTEXT() REPRESENTATION_CONTEXT('2D SPACE',''
  ) );
#1845 = ORIENTED_EDGE('',*,*,#1846,.F.);
#1846 = EDGE_CURVE('',#1847,#1824,#1849,.T.);
#1847 = VERTEX_POINT('',#1848);
#1848 = CARTESIAN_POINT('',(-65.,53.,478.05410196624));
#1849 = SURFACE_CURVE('',#1850,(#1855,#1862),.PCURVE_S1.);
#1850 = CIRCLE('',#1851,4.5);
#1851 = AXIS2_PLACEMENT_3D('',#1852,#1853,#1854);
#1852 = CARTESIAN_POINT('',(-68.,53.,474.7));
#1853 = DIRECTION('',(0.,1.,0.));
#1854 = DIRECTION('',(0.,-0.,1.));
#1855 = PCURVE('',#353,#1856);
#1856 = DEFINITIONAL_REPRESENTATION('',(#1857),#1861);
#1857 = CIRCLE('',#1858,4.5);
#1858 = AXIS2_PLACEMENT_2D('',#1859,#1860);
#1859 = CARTESIAN_POINT('',(48.7,7.));
#1860 = DIRECTION('',(1.,0.));
#1861 = ( GEOMETRIC_REPRESENTATION_CONTEXT(2) 
PARAMETRIC_REPRESENTATION_CONTEXT() REPRESENTATION_CONTEXT('2D SPACE',''
  ) );
#1862 = PCURVE('',#790,#1863);
#1863 = DEFINITIONAL_REPRESENTATION('',(#1864),#1868);
#1864 = LINE('',#1865,#1866);
#1865 = CARTESIAN_POINT('',(0.,36.));
#1866 = VECTOR('',#1867,1.);
#1867 = DIRECTION('',(1.,0.));
#1868 = ( GEOMETRIC_REPRESENTATION_CONTEXT(2) 
PARAMETRIC_REPRESENTATION_CONTEXT() REPRESENTATION_CONTEXT('2D SPACE',''
  ) );
#1869 = ORIENTED_EDGE('',*,*,#1870,.T.);
#1870 = EDGE_CURVE('',#1847,#1871,#1873,.T.);
#1871 = VERTEX_POINT('',#1872);
#1872 = CARTESIAN_POINT('',(-65.,53.,525.34589803375));
#1873 = SURFACE_CURVE('',#1874,(#1878,#1885),.PCURVE_S1.);
#1874 = LINE('',#1875,#1876);
#1875 = CARTESIAN_POINT('',(-65.,53.,426.));
#1876 = VECTOR('',#1877,1.);
#1877 = DIRECTION('',(0.,0.,1.));
#1878 = PCURVE('',#353,#1879);
#1879 = DEFINITIONAL_REPRESENTATION('',(#1880),#1884);
#1880 = LINE('',#1881,#1882);
#1881 = CARTESIAN_POINT('',(0.,10.));
#1882 = VECTOR('',#1883,1.);
#1883 = DIRECTION('',(1.,0.));
#1884 = ( GEOMETRIC_REPRESENTATION_CONTEXT(2) 
PARAMETRIC_REPRESENTATION_CONTEXT() REPRESENTATION_CONTEXT('2D SPACE',''
  ) );
#1885 = PCURVE('',#761,#1886);
#1886 = DEFINITIONAL_REPRESENTATION('',(#1887),#1891);
#1887 = LINE('',#1888,#1889);
#1888 = CARTESIAN_POINT('',(0.,-35.));
#1889 = VECTOR('',#1890,1.);
#1890 = DIRECTION('',(1.,0.));
#1891 = ( GEOMETRIC_REPRESENTATION_CONTEXT(2) 
PARAMETRIC_REPRESENTATION_CONTEXT() REPRESENTATION_CONTEXT('2D SPACE',''
  ) );
#1892 = ORIENTED_EDGE('',*,*,#1893,.F.);
#1893 = EDGE_CURVE('',#1894,#1871,#1896,.T.);
#1894 = VERTEX_POINT('',#1895);
#1895 = CARTESIAN_POINT('',(-65.,53.,532.05410196624));
#1896 = SURFACE_CURVE('',#1897,(#1902,#1909),.PCURVE_S1.);
#1897 = CIRCLE('',#1898,4.5);
#1898 = AXIS2_PLACEMENT_3D('',#1899,#1900,#1901);
#1899 = CARTESIAN_POINT('',(-68.,53.,528.7));
#1900 = DIRECTION('',(0.,1.,0.));
#1901 = DIRECTION('',(0.,-0.,1.));
#1902 = PCURVE('',#353,#1903);
#1903 = DEFINITIONAL_REPRESENTATION('',(#1904),#1908);
#1904 = CIRCLE('',#1905,4.5);
#1905 = AXIS2_PLACEMENT_2D('',#1906,#1907);
#1906 = CARTESIAN_POINT('',(102.7,7.));
#1907 = DIRECTION('',(1.,0.));
#1908 = ( GEOMETRIC_REPRESENTATION_CONTEXT(2) 
PARAMETRIC_REPRESENTATION_CONTEXT() REPRESENTATION_CONTEXT('2D SPACE',''
  ) );
#1909 = PCURVE('',#709,#1910);
#1910 = DEFINITIONAL_REPRESENTATION('',(#1911),#1915);
#1911 = LINE('',#1912,#1913);
#1912 = CARTESIAN_POINT('',(0.,36.));
#1913 = VECTOR('',#1914,1.);
#1914 = DIRECTION('',(1.,0.));
#1915 = ( GEOMETRIC_REPRESENTATION_CONTEXT(2) 
PARAMETRIC_REPRESENTATION_CONTEXT() REPRESENTATION_CONTEXT('2D SPACE',''
  ) );
#1916 = ORIENTED_EDGE('',*,*,#1917,.T.);
#1917 = EDGE_CURVE('',#1894,#1918,#1920,.T.);
#1918 = VERTEX_POINT('',#1919);
#1919 = CARTESIAN_POINT('',(-65.,53.,551.34589803374));
#1920 = SURFACE_CURVE('',#1921,(#1925,#1932),.PCURVE_S1.);
#1921 = LINE('',#1922,#1923);
#1922 = CARTESIAN_POINT('',(-65.,53.,426.));
#1923 = VECTOR('',#1924,1.);
#1924 = DIRECTION('',(0.,0.,1.));
#1925 = PCURVE('',#353,#1926);
#1926 = DEFINITIONAL_REPRESENTATION('',(#1927),#1931);
#1927 = LINE('',#1928,#1929);
#1928 = CARTESIAN_POINT('',(0.,10.));
#1929 = VECTOR('',#1930,1.);
#1930 = DIRECTION('',(1.,0.));
#1931 = ( GEOMETRIC_REPRESENTATION_CONTEXT(2) 
PARAMETRIC_REPRESENTATION_CONTEXT() REPRESENTATION_CONTEXT('2D SPACE',''
  ) );
#1932 = PCURVE('',#680,#1933);
#1933 = DEFINITIONAL_REPRESENTATION('',(#1934),#1938);
#1934 = LINE('',#1935,#1936);
#1935 = CARTESIAN_POINT('',(0.,-35.));
#1936 = VECTOR('',#1937,1.);
#1937 = DIRECTION('',(1.,0.));
#1938 = ( GEOMETRIC_REPRESENTATION_CONTEXT(2) 
PARAMETRIC_REPRESENTATION_CONTEXT() REPRESENTATION_CONTEXT('2D SPACE',''
  ) );
#1939 = ORIENTED_EDGE('',*,*,#1940,.F.);
#1940 = EDGE_CURVE('',#1641,#1918,#1941,.T.);
#1941 = SURFACE_CURVE('',#1942,(#1947,#1954),.PCURVE_S1.);
#1942 = CIRCLE('',#1943,4.5);
#1943 = AXIS2_PLACEMENT_3D('',#1944,#1945,#1946);
#1944 = CARTESIAN_POINT('',(-68.,53.,554.7));
#1945 = DIRECTION('',(0.,1.,0.));
#1946 = DIRECTION('',(0.,-0.,1.));
#1947 = PCURVE('',#353,#1948);
#1948 = DEFINITIONAL_REPRESENTATION('',(#1949),#1953);
#1949 = CIRCLE('',#1950,4.5);
#1950 = AXIS2_PLACEMENT_2D('',#1951,#1952);
#1951 = CARTESIAN_POINT('',(128.7,7.));
#1952 = DIRECTION('',(1.,0.));
#1953 = ( GEOMETRIC_REPRESENTATION_CONTEXT(2) 
PARAMETRIC_REPRESENTATION_CONTEXT() REPRESENTATION_CONTEXT('2D SPACE',''
  ) );
#1954 = PCURVE('',#628,#1955);
#1955 = DEFINITIONAL_REPRESENTATION('',(#1956),#1960);
#1956 = LINE('',#1957,#1958);
#1957 = CARTESIAN_POINT('',(0.,36.));
#1958 = VECTOR('',#1959,1.);
#1959 = DIRECTION('',(1.,0.));
#1960 = ( GEOMETRIC_REPRESENTATION_CONTEXT(2) 
PARAMETRIC_REPRESENTATION_CONTEXT() REPRESENTATION_CONTEXT('2D SPACE',''
  ) );
#1961 = ORIENTED_EDGE('',*,*,#1661,.T.);
#1962 = ORIENTED_EDGE('',*,*,#337,.T.);
#1963 = ORIENTED_EDGE('',*,*,#1964,.F.);
#1964 = EDGE_CURVE('',#1965,#338,#1967,.T.);
#1965 = VERTEX_POINT('',#1966);
#1966 = CARTESIAN_POINT('',(65.,53.,558.05410196625));
#1967 = SURFACE_CURVE('',#1968,(#1972,#1979),.PCURVE_S1.);
#1968 = LINE('',#1969,#1970);
#1969 = CARTESIAN_POINT('',(65.,53.,426.));
#1970 = VECTOR('',#1971,1.);
#1971 = DIRECTION('',(0.,0.,1.));
#1972 = PCURVE('',#353,#1973);
#1973 = DEFINITIONAL_REPRESENTATION('',(#1974),#1978);
#1974 = LINE('',#1975,#1976);
#1975 = CARTESIAN_POINT('',(0.,140.));
#1976 = VECTOR('',#1977,1.);
#1977 = DIRECTION('',(1.,0.));
#1978 = ( GEOMETRIC_REPRESENTATION_CONTEXT(2) 
PARAMETRIC_REPRESENTATION_CONTEXT() REPRESENTATION_CONTEXT('2D SPACE',''
  ) );
#1979 = PCURVE('',#381,#1980);
#1980 = DEFINITIONAL_REPRESENTATION('',(#1981),#1985);
#1981 = LINE('',#1982,#1983);
#1982 = CARTESIAN_POINT('',(0.,-35.));
#1983 = VECTOR('',#1984,1.);
#1984 = DIRECTION('',(1.,0.));
#1985 = ( GEOMETRIC_REPRESENTATION_CONTEXT(2) 
PARAMETRIC_REPRESENTATION_CONTEXT() REPRESENTATION_CONTEXT('2D SPACE',''
  ) );
#1986 = ORIENTED_EDGE('',*,*,#1987,.F.);
#1987 = EDGE_CURVE('',#1988,#1965,#1990,.T.);
#1988 = VERTEX_POINT('',#1989);
#1989 = CARTESIAN_POINT('',(65.,53.,551.34589803374));
#1990 = SURFACE_CURVE('',#1991,(#1996,#2003),.PCURVE_S1.);
#1991 = CIRCLE('',#1992,4.5);
#1992 = AXIS2_PLACEMENT_3D('',#1993,#1994,#1995);
#1993 = CARTESIAN_POINT('',(68.,53.,554.7));
#1994 = DIRECTION('',(0.,1.,0.));
#1995 = DIRECTION('',(0.,-0.,1.));
#1996 = PCURVE('',#353,#1997);
#1997 = DEFINITIONAL_REPRESENTATION('',(#1998),#2002);
#1998 = CIRCLE('',#1999,4.5);
#1999 = AXIS2_PLACEMENT_2D('',#2000,#2001);
#2000 = CARTESIAN_POINT('',(128.7,143.));
#2001 = DIRECTION('',(1.,0.));
#2002 = ( GEOMETRIC_REPRESENTATION_CONTEXT(2) 
PARAMETRIC_REPRESENTATION_CONTEXT() REPRESENTATION_CONTEXT('2D SPACE',''
  ) );
#2003 = PCURVE('',#2004,#2009);
#2004 = CYLINDRICAL_SURFACE('',#2005,4.5);
#2005 = AXIS2_PLACEMENT_3D('',#2006,#2007,#2008);
#2006 = CARTESIAN_POINT('',(68.,17.,554.7));
#2007 = DIRECTION('',(0.,1.,0.));
#2008 = DIRECTION('',(0.,-0.,1.));
#2009 = DEFINITIONAL_REPRESENTATION('',(#2010),#2014);
#2010 = LINE('',#2011,#2012);
#2011 = CARTESIAN_POINT('',(0.,36.));
#2012 = VECTOR('',#2013,1.);
#2013 = DIRECTION('',(1.,0.));
#2014 = ( GEOMETRIC_REPRESENTATION_CONTEXT(2) 
PARAMETRIC_REPRESENTATION_CONTEXT() REPRESENTATION_CONTEXT('2D SPACE',''
  ) );
#2015 = ORIENTED_EDGE('',*,*,#2016,.F.);
#2016 = EDGE_CURVE('',#2017,#1988,#2019,.T.);
#2017 = VERTEX_POINT('',#2018);
#2018 = CARTESIAN_POINT('',(65.,53.,532.05410196624));
#2019 = SURFACE_CURVE('',#2020,(#2024,#2031),.PCURVE_S1.);
#2020 = LINE('',#2021,#2022);
#2021 = CARTESIAN_POINT('',(65.,53.,426.));
#2022 = VECTOR('',#2023,1.);
#2023 = DIRECTION('',(0.,0.,1.));
#2024 = PCURVE('',#353,#2025);
#2025 = DEFINITIONAL_REPRESENTATION('',(#2026),#2030);
#2026 = LINE('',#2027,#2028);
#2027 = CARTESIAN_POINT('',(0.,140.));
#2028 = VECTOR('',#2029,1.);
#2029 = DIRECTION('',(1.,0.));
#2030 = ( GEOMETRIC_REPRESENTATION_CONTEXT(2) 
PARAMETRIC_REPRESENTATION_CONTEXT() REPRESENTATION_CONTEXT('2D SPACE',''
  ) );
#2031 = PCURVE('',#2032,#2037);
#2032 = PLANE('',#2033);
#2033 = AXIS2_PLACEMENT_3D('',#2034,#2035,#2036);
#2034 = CARTESIAN_POINT('',(65.,18.,426.));
#2035 = DIRECTION('',(1.,0.,0.));
#2036 = DIRECTION('',(0.,0.,1.));
#2037 = DEFINITIONAL_REPRESENTATION('',(#2038),#2042);
#2038 = LINE('',#2039,#2040);
#2039 = CARTESIAN_POINT('',(0.,-35.));
#2040 = VECTOR('',#2041,1.);
#2041 = DIRECTION('',(1.,0.));
#2042 = ( GEOMETRIC_REPRESENTATION_CONTEXT(2) 
PARAMETRIC_REPRESENTATION_CONTEXT() REPRESENTATION_CONTEXT('2D SPACE',''
  ) );
#2043 = ORIENTED_EDGE('',*,*,#2044,.F.);
#2044 = EDGE_CURVE('',#2045,#2017,#2047,.T.);
#2045 = VERTEX_POINT('',#2046);
#2046 = CARTESIAN_POINT('',(65.,53.,525.34589803375));
#2047 = SURFACE_CURVE('',#2048,(#2053,#2060),.PCURVE_S1.);
#2048 = CIRCLE('',#2049,4.5);
#2049 = AXIS2_PLACEMENT_3D('',#2050,#2051,#2052);
#2050 = CARTESIAN_POINT('',(68.,53.,528.7));
#2051 = DIRECTION('',(0.,1.,0.));
#2052 = DIRECTION('',(0.,-0.,1.));
#2053 = PCURVE('',#353,#2054);
#2054 = DEFINITIONAL_REPRESENTATION('',(#2055),#2059);
#2055 = CIRCLE('',#2056,4.5);
#2056 = AXIS2_PLACEMENT_2D('',#2057,#2058);
#2057 = CARTESIAN_POINT('',(102.7,143.));
#2058 = DIRECTION('',(1.,0.));
#2059 = ( GEOMETRIC_REPRESENTATION_CONTEXT(2) 
PARAMETRIC_REPRESENTATION_CONTEXT() REPRESENTATION_CONTEXT('2D SPACE',''
  ) );
#2060 = PCURVE('',#2061,#2066);
#2061 = CYLINDRICAL_SURFACE('',#2062,4.5);
#2062 = AXIS2_PLACEMENT_3D('',#2063,#2064,#2065);
#2063 = CARTESIAN_POINT('',(68.,17.,528.7));
#2064 = DIRECTION('',(0.,1.,0.));
#2065 = DIRECTION('',(0.,-0.,1.));
#2066 = DEFINITIONAL_REPRESENTATION('',(#2067),#2071);
#2067 = LINE('',#2068,#2069);
#2068 = CARTESIAN_POINT('',(0.,36.));
#2069 = VECTOR('',#2070,1.);
#2070 = DIRECTION('',(1.,0.));
#2071 = ( GEOMETRIC_REPRESENTATION_CONTEXT(2) 
PARAMETRIC_REPRESENTATION_CONTEXT() REPRESENTATION_CONTEXT('2D SPACE',''
  ) );
#2072 = ORIENTED_EDGE('',*,*,#2073,.F.);
#2073 = EDGE_CURVE('',#2074,#2045,#2076,.T.);
#2074 = VERTEX_POINT('',#2075);
#2075 = CARTESIAN_POINT('',(65.,53.,478.05410196624));
#2076 = SURFACE_CURVE('',#2077,(#2081,#2088),.PCURVE_S1.);
#2077 = LINE('',#2078,#2079);
#2078 = CARTESIAN_POINT('',(65.,53.,426.));
#2079 = VECTOR('',#2080,1.);
#2080 = DIRECTION('',(0.,0.,1.));
#2081 = PCURVE('',#353,#2082);
#2082 = DEFINITIONAL_REPRESENTATION('',(#2083),#2087);
#2083 = LINE('',#2084,#2085);
#2084 = CARTESIAN_POINT('',(0.,140.));
#2085 = VECTOR('',#2086,1.);
#2086 = DIRECTION('',(1.,0.));
#2087 = ( GEOMETRIC_REPRESENTATION_CONTEXT(2) 
PARAMETRIC_REPRESENTATION_CONTEXT() REPRESENTATION_CONTEXT('2D SPACE',''
  ) );
#2088 = PCURVE('',#2089,#2094);
#2089 = PLANE('',#2090);
#2090 = AXIS2_PLACEMENT_3D('',#2091,#2092,#2093);
#2091 = CARTESIAN_POINT('',(65.,18.,426.));
#2092 = DIRECTION('',(1.,0.,0.));
#2093 = DIRECTION('',(0.,0.,1.));
#2094 = DEFINITIONAL_REPRESENTATION('',(#2095),#2099);
#2095 = LINE('',#2096,#2097);
#2096 = CARTESIAN_POINT('',(0.,-35.));
#2097 = VECTOR('',#2098,1.);
#2098 = DIRECTION('',(1.,0.));
#2099 = ( GEOMETRIC_REPRESENTATION_CONTEXT(2) 
PARAMETRIC_REPRESENTATION_CONTEXT() REPRESENTATION_CONTEXT('2D SPACE',''
  ) );
#2100 = ORIENTED_EDGE('',*,*,#2101,.F.);
#2101 = EDGE_CURVE('',#2102,#2074,#2104,.T.);
#2102 = VERTEX_POINT('',#2103);
#2103 = CARTESIAN_POINT('',(65.,53.,471.34589803375));
#2104 = SURFACE_CURVE('',#2105,(#2110,#2117),.PCURVE_S1.);
#2105 = CIRCLE('',#2106,4.5);
#2106 = AXIS2_PLACEMENT_3D('',#2107,#2108,#2109);
#2107 = CARTESIAN_POINT('',(68.,53.,474.7));
#2108 = DIRECTION('',(0.,1.,0.));
#2109 = DIRECTION('',(0.,-0.,1.));
#2110 = PCURVE('',#353,#2111);
#2111 = DEFINITIONAL_REPRESENTATION('',(#2112),#2116);
#2112 = CIRCLE('',#2113,4.5);
#2113 = AXIS2_PLACEMENT_2D('',#2114,#2115);
#2114 = CARTESIAN_POINT('',(48.7,143.));
#2115 = DIRECTION('',(1.,0.));
#2116 = ( GEOMETRIC_REPRESENTATION_CONTEXT(2) 
PARAMETRIC_REPRESENTATION_CONTEXT() REPRESENTATION_CONTEXT('2D SPACE',''
  ) );
#2117 = PCURVE('',#2118,#2123);
#2118 = CYLINDRICAL_SURFACE('',#2119,4.5);
#2119 = AXIS2_PLACEMENT_3D('',#2120,#2121,#2122);
#2120 = CARTESIAN_POINT('',(68.,17.,474.7));
#2121 = DIRECTION('',(0.,1.,0.));
#2122 = DIRECTION('',(0.,-0.,1.));
#2123 = DEFINITIONAL_REPRESENTATION('',(#2124),#2128);
#2124 = LINE('',#2125,#2126);
#2125 = CARTESIAN_POINT('',(0.,36.));
#2126 = VECTOR('',#2127,1.);
#2127 = DIRECTION('',(1.,0.));
#2128 = ( GEOMETRIC_REPRESENTATION_CONTEXT(2) 
PARAMETRIC_REPRESENTATION_CONTEXT() REPRESENTATION_CONTEXT('2D SPACE',''
  ) );
#2129 = ORIENTED_EDGE('',*,*,#2130,.F.);
#2130 = EDGE_CURVE('',#2131,#2102,#2133,.T.);
#2131 = VERTEX_POINT('',#2132);
#2132 = CARTESIAN_POINT('',(65.,53.,452.05410196624));
#2133 = SURFACE_CURVE('',#2134,(#2138,#2145),.PCURVE_S1.);
#2134 = LINE('',#2135,#2136);
#2135 = CARTESIAN_POINT('',(65.,53.,426.));
#2136 = VECTOR('',#2137,1.);
#2137 = DIRECTION('',(0.,0.,1.));
#2138 = PCURVE('',#353,#2139);
#2139 = DEFINITIONAL_REPRESENTATION('',(#2140),#2144);
#2140 = LINE('',#2141,#2142);
#2141 = CARTESIAN_POINT('',(0.,140.));
#2142 = VECTOR('',#2143,1.);
#2143 = DIRECTION('',(1.,0.));
#2144 = ( GEOMETRIC_REPRESENTATION_CONTEXT(2) 
PARAMETRIC_REPRESENTATION_CONTEXT() REPRESENTATION_CONTEXT('2D SPACE',''
  ) );
#2145 = PCURVE('',#2146,#2151);
#2146 = PLANE('',#2147);
#2147 = AXIS2_PLACEMENT_3D('',#2148,#2149,#2150);
#2148 = CARTESIAN_POINT('',(65.,18.,426.));
#2149 = DIRECTION('',(1.,0.,0.));
#2150 = DIRECTION('',(0.,0.,1.));
#2151 = DEFINITIONAL_REPRESENTATION('',(#2152),#2156);
#2152 = LINE('',#2153,#2154);
#2153 = CARTESIAN_POINT('',(0.,-35.));
#2154 = VECTOR('',#2155,1.);
#2155 = DIRECTION('',(1.,0.));
#2156 = ( GEOMETRIC_REPRESENTATION_CONTEXT(2) 
PARAMETRIC_REPRESENTATION_CONTEXT() REPRESENTATION_CONTEXT('2D SPACE',''
  ) );
#2157 = ORIENTED_EDGE('',*,*,#2158,.F.);
#2158 = EDGE_CURVE('',#2159,#2131,#2161,.T.);
#2159 = VERTEX_POINT('',#2160);
#2160 = CARTESIAN_POINT('',(65.,53.,445.34589803375));
#2161 = SURFACE_CURVE('',#2162,(#2167,#2174),.PCURVE_S1.);
#2162 = CIRCLE('',#2163,4.5);
#2163 = AXIS2_PLACEMENT_3D('',#2164,#2165,#2166);
#2164 = CARTESIAN_POINT('',(68.,53.,448.7));
#2165 = DIRECTION('',(0.,1.,0.));
#2166 = DIRECTION('',(0.,-0.,1.));
#2167 = PCURVE('',#353,#2168);
#2168 = DEFINITIONAL_REPRESENTATION('',(#2169),#2173);
#2169 = CIRCLE('',#2170,4.5);
#2170 = AXIS2_PLACEMENT_2D('',#2171,#2172);
#2171 = CARTESIAN_POINT('',(22.7,143.));
#2172 = DIRECTION('',(1.,0.));
#2173 = ( GEOMETRIC_REPRESENTATION_CONTEXT(2) 
PARAMETRIC_REPRESENTATION_CONTEXT() REPRESENTATION_CONTEXT('2D SPACE',''
  ) );
#2174 = PCURVE('',#2175,#2180);
#2175 = CYLINDRICAL_SURFACE('',#2176,4.5);
#2176 = AXIS2_PLACEMENT_3D('',#2177,#2178,#2179);
#2177 = CARTESIAN_POINT('',(68.,17.,448.7));
#2178 = DIRECTION('',(0.,1.,0.));
#2179 = DIRECTION('',(0.,-0.,1.));
#2180 = DEFINITIONAL_REPRESENTATION('',(#2181),#2185);
#2181 = LINE('',#2182,#2183);
#2182 = CARTESIAN_POINT('',(0.,36.));
#2183 = VECTOR('',#2184,1.);
#2184 = DIRECTION('',(1.,0.));
#2185 = ( GEOMETRIC_REPRESENTATION_CONTEXT(2) 
PARAMETRIC_REPRESENTATION_CONTEXT() REPRESENTATION_CONTEXT('2D SPACE',''
  ) );
#2186 = ORIENTED_EDGE('',*,*,#2187,.F.);
#2187 = EDGE_CURVE('',#1479,#2159,#2188,.T.);
#2188 = SURFACE_CURVE('',#2189,(#2193,#2200),.PCURVE_S1.);
#2189 = LINE('',#2190,#2191);
#2190 = CARTESIAN_POINT('',(65.,53.,426.));
#2191 = VECTOR('',#2192,1.);
#2192 = DIRECTION('',(0.,0.,1.));
#2193 = PCURVE('',#353,#2194);
#2194 = DEFINITIONAL_REPRESENTATION('',(#2195),#2199);
#2195 = LINE('',#2196,#2197);
#2196 = CARTESIAN_POINT('',(0.,140.));
#2197 = VECTOR('',#2198,1.);
#2198 = DIRECTION('',(1.,0.));
#2199 = ( GEOMETRIC_REPRESENTATION_CONTEXT(2) 
PARAMETRIC_REPRESENTATION_CONTEXT() REPRESENTATION_CONTEXT('2D SPACE',''
  ) );
#2200 = PCURVE('',#1517,#2201);
#2201 = DEFINITIONAL_REPRESENTATION('',(#2202),#2206);
#2202 = LINE('',#2203,#2204);
#2203 = CARTESIAN_POINT('',(0.,-35.));
#2204 = VECTOR('',#2205,1.);
#2205 = DIRECTION('',(1.,0.));
#2206 = ( GEOMETRIC_REPRESENTATION_CONTEXT(2) 
PARAMETRIC_REPRESENTATION_CONTEXT() REPRESENTATION_CONTEXT('2D SPACE',''
  ) );
#2207 = FACE_BOUND('',#2208,.F.);
#2208 = EDGE_LOOP('',(#2209));
#2209 = ORIENTED_EDGE('',*,*,#2210,.F.);
#2210 = EDGE_CURVE('',#2211,#2211,#2213,.T.);
#2211 = VERTEX_POINT('',#2212);
#2212 = CARTESIAN_POINT('',(-42.,53.,452.7));
#2213 = SURFACE_CURVE('',#2214,(#2219,#2226),.PCURVE_S1.);
#2214 = CIRCLE('',#2215,4.);
#2215 = AXIS2_PLACEMENT_3D('',#2216,#2217,#2218);
#2216 = CARTESIAN_POINT('',(-42.,53.,448.7));
#2217 = DIRECTION('',(0.,1.,0.));
#2218 = DIRECTION('',(0.,-0.,1.));
#2219 = PCURVE('',#353,#2220);
#2220 = DEFINITIONAL_REPRESENTATION('',(#2221),#2225);
#2221 = CIRCLE('',#2222,4.);
#2222 = AXIS2_PLACEMENT_2D('',#2223,#2224);
#2223 = CARTESIAN_POINT('',(22.7,33.));
#2224 = DIRECTION('',(1.,0.));
#2225 = ( GEOMETRIC_REPRESENTATION_CONTEXT(2) 
PARAMETRIC_REPRESENTATION_CONTEXT() REPRESENTATION_CONTEXT('2D SPACE',''
  ) );
#2226 = PCURVE('',#2227,#2232);
#2227 = PLANE('',#2228);
#2228 = AXIS2_PLACEMENT_3D('',#2229,#2230,#2231);
#2229 = CARTESIAN_POINT('',(-75.,53.,426.));
#2230 = DIRECTION('',(0.,1.,0.));
#2231 = DIRECTION('',(0.,0.,1.));
#2232 = DEFINITIONAL_REPRESENTATION('',(#2233),#2237);
#2233 = CIRCLE('',#2234,4.);
#2234 = AXIS2_PLACEMENT_2D('',#2235,#2236);
#2235 = CARTESIAN_POINT('',(22.7,33.));
#2236 = DIRECTION('',(1.,0.));
#2237 = ( GEOMETRIC_REPRESENTATION_CONTEXT(2) 
PARAMETRIC_REPRESENTATION_CONTEXT() REPRESENTATION_CONTEXT('2D SPACE',''
  ) );
#2238 = FACE_BOUND('',#2239,.F.);
#2239 = EDGE_LOOP('',(#2240));
#2240 = ORIENTED_EDGE('',*,*,#2241,.F.);
#2241 = EDGE_CURVE('',#2242,#2242,#2244,.T.);
#2242 = VERTEX_POINT('',#2243);
#2243 = CARTESIAN_POINT('',(-42.,53.,478.7));
#2244 = SURFACE_CURVE('',#2245,(#2250,#2257),.PCURVE_S1.);
#2245 = CIRCLE('',#2246,4.);
#2246 = AXIS2_PLACEMENT_3D('',#2247,#2248,#2249);
#2247 = CARTESIAN_POINT('',(-42.,53.,474.7));
#2248 = DIRECTION('',(0.,1.,0.));
#2249 = DIRECTION('',(0.,-0.,1.));
#2250 = PCURVE('',#353,#2251);
#2251 = DEFINITIONAL_REPRESENTATION('',(#2252),#2256);
#2252 = CIRCLE('',#2253,4.);
#2253 = AXIS2_PLACEMENT_2D('',#2254,#2255);
#2254 = CARTESIAN_POINT('',(48.7,33.));
#2255 = DIRECTION('',(1.,0.));
#2256 = ( GEOMETRIC_REPRESENTATION_CONTEXT(2) 
PARAMETRIC_REPRESENTATION_CONTEXT() REPRESENTATION_CONTEXT('2D SPACE',''
  ) );
#2257 = PCURVE('',#2258,#2263);
#2258 = PLANE('',#2259);
#2259 = AXIS2_PLACEMENT_3D('',#2260,#2261,#2262);
#2260 = CARTESIAN_POINT('',(-75.,53.,426.));
#2261 = DIRECTION('',(0.,1.,0.));
#2262 = DIRECTION('',(0.,0.,1.));
#2263 = DEFINITIONAL_REPRESENTATION('',(#2264),#2268);
#2264 = CIRCLE('',#2265,4.);
#2265 = AXIS2_PLACEMENT_2D('',#2266,#2267);
#2266 = CARTESIAN_POINT('',(48.7,33.));
#2267 = DIRECTION('',(1.,0.));
#2268 = ( GEOMETRIC_REPRESENTATION_CONTEXT(2) 
PARAMETRIC_REPRESENTATION_CONTEXT() REPRESENTATION_CONTEXT('2D SPACE',''
  ) );
#2269 = FACE_BOUND('',#2270,.F.);
#2270 = EDGE_LOOP('',(#2271));
#2271 = ORIENTED_EDGE('',*,*,#2272,.F.);
#2272 = EDGE_CURVE('',#2273,#2273,#2275,.T.);
#2273 = VERTEX_POINT('',#2274);
#2274 = CARTESIAN_POINT('',(-42.,53.,532.7));
#2275 = SURFACE_CURVE('',#2276,(#2281,#2288),.PCURVE_S1.);
#2276 = CIRCLE('',#2277,4.);
#2277 = AXIS2_PLACEMENT_3D('',#2278,#2279,#2280);
#2278 = CARTESIAN_POINT('',(-42.,53.,528.7));
#2279 = DIRECTION('',(0.,1.,0.));
#2280 = DIRECTION('',(0.,-0.,1.));
#2281 = PCURVE('',#353,#2282);
#2282 = DEFINITIONAL_REPRESENTATION('',(#2283),#2287);
#2283 = CIRCLE('',#2284,4.);
#2284 = AXIS2_PLACEMENT_2D('',#2285,#2286);
#2285 = CARTESIAN_POINT('',(102.7,33.));
#2286 = DIRECTION('',(1.,0.));
#2287 = ( GEOMETRIC_REPRESENTATION_CONTEXT(2) 
PARAMETRIC_REPRESENTATION_CONTEXT() REPRESENTATION_CONTEXT('2D SPACE',''
  ) );
#2288 = PCURVE('',#2289,#2294);
#2289 = PLANE('',#2290);
#2290 = AXIS2_PLACEMENT_3D('',#2291,#2292,#2293);
#2291 = CARTESIAN_POINT('',(-75.,53.,426.));
#2292 = DIRECTION('',(0.,1.,0.));
#2293 = DIRECTION('',(0.,0.,1.));
#2294 = DEFINITIONAL_REPRESENTATION('',(#2295),#2299);
#2295 = CIRCLE('',#2296,4.);
#2296 = AXIS2_PLACEMENT_2D('',#2297,#2298);
#2297 = CARTESIAN_POINT('',(102.7,33.));
#2298 = DIRECTION('',(1.,0.));
#2299 = ( GEOMETRIC_REPRESENTATION_CONTEXT(2) 
PARAMETRIC_REPRESENTATION_CONTEXT() REPRESENTATION_CONTEXT('2D SPACE',''
  ) );
#2300 = FACE_BOUND('',#2301,.F.);
#2301 = EDGE_LOOP('',(#2302));
#2302 = ORIENTED_EDGE('',*,*,#2303,.F.);
#2303 = EDGE_CURVE('',#2304,#2304,#2306,.T.);
#2304 = VERTEX_POINT('',#2305);
#2305 = CARTESIAN_POINT('',(-42.,53.,558.7));
#2306 = SURFACE_CURVE('',#2307,(#2312,#2319),.PCURVE_S1.);
#2307 = CIRCLE('',#2308,4.);
#2308 = AXIS2_PLACEMENT_3D('',#2309,#2310,#2311);
#2309 = CARTESIAN_POINT('',(-42.,53.,554.7));
#2310 = DIRECTION('',(0.,1.,0.));
#2311 = DIRECTION('',(0.,-0.,1.));
#2312 = PCURVE('',#353,#2313);
#2313 = DEFINITIONAL_REPRESENTATION('',(#2314),#2318);
#2314 = CIRCLE('',#2315,4.);
#2315 = AXIS2_PLACEMENT_2D('',#2316,#2317);
#2316 = CARTESIAN_POINT('',(128.7,33.));
#2317 = DIRECTION('',(1.,0.));
#2318 = ( GEOMETRIC_REPRESENTATION_CONTEXT(2) 
PARAMETRIC_REPRESENTATION_CONTEXT() REPRESENTATION_CONTEXT('2D SPACE',''
  ) );
#2319 = PCURVE('',#2320,#2325);
#2320 = PLANE('',#2321);
#2321 = AXIS2_PLACEMENT_3D('',#2322,#2323,#2324);
#2322 = CARTESIAN_POINT('',(-75.,53.,426.));
#2323 = DIRECTION('',(0.,1.,0.));
#2324 = DIRECTION('',(0.,0.,1.));
#2325 = DEFINITIONAL_REPRESENTATION('',(#2326),#2330);
#2326 = CIRCLE('',#2327,4.);
#2327 = AXIS2_PLACEMENT_2D('',#2328,#2329);
#2328 = CARTESIAN_POINT('',(128.7,33.));
#2329 = DIRECTION('',(1.,0.));
#2330 = ( GEOMETRIC_REPRESENTATION_CONTEXT(2) 
PARAMETRIC_REPRESENTATION_CONTEXT() REPRESENTATION_CONTEXT('2D SPACE',''
  ) );
#2331 = FACE_BOUND('',#2332,.F.);
#2332 = EDGE_LOOP('',(#2333));
#2333 = ORIENTED_EDGE('',*,*,#2334,.F.);
#2334 = EDGE_CURVE('',#2335,#2335,#2337,.T.);
#2335 = VERTEX_POINT('',#2336);
#2336 = CARTESIAN_POINT('',(42.,53.,452.7));
#2337 = SURFACE_CURVE('',#2338,(#2343,#2350),.PCURVE_S1.);
#2338 = CIRCLE('',#2339,4.);
#2339 = AXIS2_PLACEMENT_3D('',#2340,#2341,#2342);
#2340 = CARTESIAN_POINT('',(42.,53.,448.7));
#2341 = DIRECTION('',(0.,1.,0.));
#2342 = DIRECTION('',(0.,-0.,1.));
#2343 = PCURVE('',#353,#2344);
#2344 = DEFINITIONAL_REPRESENTATION('',(#2345),#2349);
#2345 = CIRCLE('',#2346,4.);
#2346 = AXIS2_PLACEMENT_2D('',#2347,#2348);
#2347 = CARTESIAN_POINT('',(22.7,117.));
#2348 = DIRECTION('',(1.,0.));
#2349 = ( GEOMETRIC_REPRESENTATION_CONTEXT(2) 
PARAMETRIC_REPRESENTATION_CONTEXT() REPRESENTATION_CONTEXT('2D SPACE',''
  ) );
#2350 = PCURVE('',#2351,#2356);
#2351 = PLANE('',#2352);
#2352 = AXIS2_PLACEMENT_3D('',#2353,#2354,#2355);
#2353 = CARTESIAN_POINT('',(-75.,53.,426.));
#2354 = DIRECTION('',(0.,1.,0.));
#2355 = DIRECTION('',(0.,0.,1.));
#2356 = DEFINITIONAL_REPRESENTATION('',(#2357),#2361);
#2357 = CIRCLE('',#2358,4.);
#2358 = AXIS2_PLACEMENT_2D('',#2359,#2360);
#2359 = CARTESIAN_POINT('',(22.7,117.));
#2360 = DIRECTION('',(1.,0.));
#2361 = ( GEOMETRIC_REPRESENTATION_CONTEXT(2) 
PARAMETRIC_REPRESENTATION_CONTEXT() REPRESENTATION_CONTEXT('2D SPACE',''
  ) );
#2362 = FACE_BOUND('',#2363,.F.);
#2363 = EDGE_LOOP('',(#2364));
#2364 = ORIENTED_EDGE('',*,*,#2365,.F.);
#2365 = EDGE_CURVE('',#2366,#2366,#2368,.T.);
#2366 = VERTEX_POINT('',#2367);
#2367 = CARTESIAN_POINT('',(42.,53.,478.7));
#2368 = SURFACE_CURVE('',#2369,(#2374,#2381),.PCURVE_S1.);
#2369 = CIRCLE('',#2370,4.);
#2370 = AXIS2_PLACEMENT_3D('',#2371,#2372,#2373);
#2371 = CARTESIAN_POINT('',(42.,53.,474.7));
#2372 = DIRECTION('',(0.,1.,0.));
#2373 = DIRECTION('',(0.,-0.,1.));
#2374 = PCURVE('',#353,#2375);
#2375 = DEFINITIONAL_REPRESENTATION('',(#2376),#2380);
#2376 = CIRCLE('',#2377,4.);
#2377 = AXIS2_PLACEMENT_2D('',#2378,#2379);
#2378 = CARTESIAN_POINT('',(48.7,117.));
#2379 = DIRECTION('',(1.,0.));
#2380 = ( GEOMETRIC_REPRESENTATION_CONTEXT(2) 
PARAMETRIC_REPRESENTATION_CONTEXT() REPRESENTATION_CONTEXT('2D SPACE',''
  ) );
#2381 = PCURVE('',#2382,#2387);
#2382 = PLANE('',#2383);
#2383 = AXIS2_PLACEMENT_3D('',#2384,#2385,#2386);
#2384 = CARTESIAN_POINT('',(-75.,53.,426.));
#2385 = DIRECTION('',(0.,1.,0.));
#2386 = DIRECTION('',(0.,0.,1.));
#2387 = DEFINITIONAL_REPRESENTATION('',(#2388),#2392);
#2388 = CIRCLE('',#2389,4.);
#2389 = AXIS2_PLACEMENT_2D('',#2390,#2391);
#2390 = CARTESIAN_POINT('',(48.7,117.));
#2391 = DIRECTION('',(1.,0.));
#2392 = ( GEOMETRIC_REPRESENTATION_CONTEXT(2) 
PARAMETRIC_REPRESENTATION_CONTEXT() REPRESENTATION_CONTEXT('2D SPACE',''
  ) );
#2393 = FACE_BOUND('',#2394,.F.);
#2394 = EDGE_LOOP('',(#2395));
#2395 = ORIENTED_EDGE('',*,*,#2396,.F.);
#2396 = EDGE_CURVE('',#2397,#2397,#2399,.T.);
#2397 = VERTEX_POINT('',#2398);
#2398 = CARTESIAN_POINT('',(42.,53.,532.7));
#2399 = SURFACE_CURVE('',#2400,(#2405,#2412),.PCURVE_S1.);
#2400 = CIRCLE('',#2401,4.);
#2401 = AXIS2_PLACEMENT_3D('',#2402,#2403,#2404);
#2402 = CARTESIAN_POINT('',(42.,53.,528.7));
#2403 = DIRECTION('',(0.,1.,0.));
#2404 = DIRECTION('',(0.,-0.,1.));
#2405 = PCURVE('',#353,#2406);
#2406 = DEFINITIONAL_REPRESENTATION('',(#2407),#2411);
#2407 = CIRCLE('',#2408,4.);
#2408 = AXIS2_PLACEMENT_2D('',#2409,#2410);
#2409 = CARTESIAN_POINT('',(102.7,117.));
#2410 = DIRECTION('',(1.,0.));
#2411 = ( GEOMETRIC_REPRESENTATION_CONTEXT(2) 
PARAMETRIC_REPRESENTATION_CONTEXT() REPRESENTATION_CONTEXT('2D SPACE',''
  ) );
#2412 = PCURVE('',#2413,#2418);
#2413 = PLANE('',#2414);
#2414 = AXIS2_PLACEMENT_3D('',#2415,#2416,#2417);
#2415 = CARTESIAN_POINT('',(-75.,53.,426.));
#2416 = DIRECTION('',(0.,1.,0.));
#2417 = DIRECTION('',(0.,0.,1.));
#2418 = DEFINITIONAL_REPRESENTATION('',(#2419),#2423);
#2419 = CIRCLE('',#2420,4.);
#2420 = AXIS2_PLACEMENT_2D('',#2421,#2422);
#2421 = CARTESIAN_POINT('',(102.7,117.));
#2422 = DIRECTION('',(1.,0.));
#2423 = ( GEOMETRIC_REPRESENTATION_CONTEXT(2) 
PARAMETRIC_REPRESENTATION_CONTEXT() REPRESENTATION_CONTEXT('2D SPACE',''
  ) );
#2424 = FACE_BOUND('',#2425,.F.);
#2425 = EDGE_LOOP('',(#2426));
#2426 = ORIENTED_EDGE('',*,*,#2427,.F.);
#2427 = EDGE_CURVE('',#2428,#2428,#2430,.T.);
#2428 = VERTEX_POINT('',#2429);
#2429 = CARTESIAN_POINT('',(42.,53.,558.7));
#2430 = SURFACE_CURVE('',#2431,(#2436,#2443),.PCURVE_S1.);
#2431 = CIRCLE('',#2432,4.);
#2432 = AXIS2_PLACEMENT_3D('',#2433,#2434,#2435);
#2433 = CARTESIAN_POINT('',(42.,53.,554.7));
#2434 = DIRECTION('',(0.,1.,0.));
#2435 = DIRECTION('',(0.,-0.,1.));
#2436 = PCURVE('',#353,#2437);
#2437 = DEFINITIONAL_REPRESENTATION('',(#2438),#2442);
#2438 = CIRCLE('',#2439,4.);
#2439 = AXIS2_PLACEMENT_2D('',#2440,#2441);
#2440 = CARTESIAN_POINT('',(128.7,117.));
#2441 = DIRECTION('',(1.,0.));
#2442 = ( GEOMETRIC_REPRESENTATION_CONTEXT(2) 
PARAMETRIC_REPRESENTATION_CONTEXT() REPRESENTATION_CONTEXT('2D SPACE',''
  ) );
#2443 = PCURVE('',#2444,#2449);
#2444 = PLANE('',#2445);
#2445 = AXIS2_PLACEMENT_3D('',#2446,#2447,#2448);
#2446 = CARTESIAN_POINT('',(-75.,53.,426.));
#2447 = DIRECTION('',(0.,1.,0.));
#2448 = DIRECTION('',(0.,0.,1.));
#2449 = DEFINITIONAL_REPRESENTATION('',(#2450),#2454);
#2450 = CIRCLE('',#2451,4.);
#2451 = AXIS2_PLACEMENT_2D('',#2452,#2453);
#2452 = CARTESIAN_POINT('',(128.7,117.));
#2453 = DIRECTION('',(1.,0.));
#2454 = ( GEOMETRIC_REPRESENTATION_CONTEXT(2) 
PARAMETRIC_REPRESENTATION_CONTEXT() REPRESENTATION_CONTEXT('2D SPACE',''
  ) );
#2455 = ADVANCED_FACE('',(#2456),#409,.F.);
#2456 = FACE_BOUND('',#2457,.F.);
#2457 = EDGE_LOOP('',(#2458,#2459,#2460,#2461,#2484,#2508,#2532,#2555,
    #2579,#2603,#2626,#2650,#2674,#2697,#2721,#2745));
#2458 = ORIENTED_EDGE('',*,*,#393,.T.);
#2459 = ORIENTED_EDGE('',*,*,#1687,.F.);
#2460 = ORIENTED_EDGE('',*,*,#1529,.F.);
#2461 = ORIENTED_EDGE('',*,*,#2462,.T.);
#2462 = EDGE_CURVE('',#1502,#2463,#2465,.T.);
#2463 = VERTEX_POINT('',#2464);
#2464 = CARTESIAN_POINT('',(65.,18.,445.34589803375));
#2465 = SURFACE_CURVE('',#2466,(#2470,#2477),.PCURVE_S1.);
#2466 = LINE('',#2467,#2468);
#2467 = CARTESIAN_POINT('',(65.,18.,426.));
#2468 = VECTOR('',#2469,1.);
#2469 = DIRECTION('',(0.,0.,1.));
#2470 = PCURVE('',#409,#2471);
#2471 = DEFINITIONAL_REPRESENTATION('',(#2472),#2476);
#2472 = LINE('',#2473,#2474);
#2473 = CARTESIAN_POINT('',(0.,0.));
#2474 = VECTOR('',#2475,1.);
#2475 = DIRECTION('',(1.,0.));
#2476 = ( GEOMETRIC_REPRESENTATION_CONTEXT(2) 
PARAMETRIC_REPRESENTATION_CONTEXT() REPRESENTATION_CONTEXT('2D SPACE',''
  ) );
#2477 = PCURVE('',#1517,#2478);
#2478 = DEFINITIONAL_REPRESENTATION('',(#2479),#2483);
#2479 = LINE('',#2480,#2481);
#2480 = CARTESIAN_POINT('',(0.,0.));
#2481 = VECTOR('',#2482,1.);
#2482 = DIRECTION('',(1.,0.));
#2483 = ( GEOMETRIC_REPRESENTATION_CONTEXT(2) 
PARAMETRIC_REPRESENTATION_CONTEXT() REPRESENTATION_CONTEXT('2D SPACE',''
  ) );
#2484 = ORIENTED_EDGE('',*,*,#2485,.F.);
#2485 = EDGE_CURVE('',#2486,#2463,#2488,.T.);
#2486 = VERTEX_POINT('',#2487);
#2487 = CARTESIAN_POINT('',(68.,18.,453.2));
#2488 = SURFACE_CURVE('',#2489,(#2494,#2501),.PCURVE_S1.);
#2489 = CIRCLE('',#2490,4.5);
#2490 = AXIS2_PLACEMENT_3D('',#2491,#2492,#2493);
#2491 = CARTESIAN_POINT('',(68.,18.,448.7));
#2492 = DIRECTION('',(0.,1.,0.));
#2493 = DIRECTION('',(0.,-0.,1.));
#2494 = PCURVE('',#409,#2495);
#2495 = DEFINITIONAL_REPRESENTATION('',(#2496),#2500);
#2496 = CIRCLE('',#2497,4.5);
#2497 = AXIS2_PLACEMENT_2D('',#2498,#2499);
#2498 = CARTESIAN_POINT('',(22.7,3.));
#2499 = DIRECTION('',(1.,0.));
#2500 = ( GEOMETRIC_REPRESENTATION_CONTEXT(2) 
PARAMETRIC_REPRESENTATION_CONTEXT() REPRESENTATION_CONTEXT('2D SPACE',''
  ) );
#2501 = PCURVE('',#2175,#2502);
#2502 = DEFINITIONAL_REPRESENTATION('',(#2503),#2507);
#2503 = LINE('',#2504,#2505);
#2504 = CARTESIAN_POINT('',(0.,1.));
#2505 = VECTOR('',#2506,1.);
#2506 = DIRECTION('',(1.,0.));
#2507 = ( GEOMETRIC_REPRESENTATION_CONTEXT(2) 
PARAMETRIC_REPRESENTATION_CONTEXT() REPRESENTATION_CONTEXT('2D SPACE',''
  ) );
#2508 = ORIENTED_EDGE('',*,*,#2509,.F.);
#2509 = EDGE_CURVE('',#2510,#2486,#2512,.T.);
#2510 = VERTEX_POINT('',#2511);
#2511 = CARTESIAN_POINT('',(65.,18.,452.05410196624));
#2512 = SURFACE_CURVE('',#2513,(#2518,#2525),.PCURVE_S1.);
#2513 = CIRCLE('',#2514,4.5);
#2514 = AXIS2_PLACEMENT_3D('',#2515,#2516,#2517);
#2515 = CARTESIAN_POINT('',(68.,18.,448.7));
#2516 = DIRECTION('',(0.,1.,0.));
#2517 = DIRECTION('',(0.,-0.,1.));
#2518 = PCURVE('',#409,#2519);
#2519 = DEFINITIONAL_REPRESENTATION('',(#2520),#2524);
#2520 = CIRCLE('',#2521,4.5);
#2521 = AXIS2_PLACEMENT_2D('',#2522,#2523);
#2522 = CARTESIAN_POINT('',(22.7,3.));
#2523 = DIRECTION('',(1.,0.));
#2524 = ( GEOMETRIC_REPRESENTATION_CONTEXT(2) 
PARAMETRIC_REPRESENTATION_CONTEXT() REPRESENTATION_CONTEXT('2D SPACE',''
  ) );
#2525 = PCURVE('',#2175,#2526);
#2526 = DEFINITIONAL_REPRESENTATION('',(#2527),#2531);
#2527 = LINE('',#2528,#2529);
#2528 = CARTESIAN_POINT('',(0.,1.));
#2529 = VECTOR('',#2530,1.);
#2530 = DIRECTION('',(1.,0.));
#2531 = ( GEOMETRIC_REPRESENTATION_CONTEXT(2) 
PARAMETRIC_REPRESENTATION_CONTEXT() REPRESENTATION_CONTEXT('2D SPACE',''
  ) );
#2532 = ORIENTED_EDGE('',*,*,#2533,.T.);
#2533 = EDGE_CURVE('',#2510,#2534,#2536,.T.);
#2534 = VERTEX_POINT('',#2535);
#2535 = CARTESIAN_POINT('',(65.,18.,471.34589803375));
#2536 = SURFACE_CURVE('',#2537,(#2541,#2548),.PCURVE_S1.);
#2537 = LINE('',#2538,#2539);
#2538 = CARTESIAN_POINT('',(65.,18.,426.));
#2539 = VECTOR('',#2540,1.);
#2540 = DIRECTION('',(0.,0.,1.));
#2541 = PCURVE('',#409,#2542);
#2542 = DEFINITIONAL_REPRESENTATION('',(#2543),#2547);
#2543 = LINE('',#2544,#2545);
#2544 = CARTESIAN_POINT('',(0.,0.));
#2545 = VECTOR('',#2546,1.);
#2546 = DIRECTION('',(1.,0.));
#2547 = ( GEOMETRIC_REPRESENTATION_CONTEXT(2) 
PARAMETRIC_REPRESENTATION_CONTEXT() REPRESENTATION_CONTEXT('2D SPACE',''
  ) );
#2548 = PCURVE('',#2146,#2549);
#2549 = DEFINITIONAL_REPRESENTATION('',(#2550),#2554);
#2550 = LINE('',#2551,#2552);
#2551 = CARTESIAN_POINT('',(0.,0.));
#2552 = VECTOR('',#2553,1.);
#2553 = DIRECTION('',(1.,0.));
#2554 = ( GEOMETRIC_REPRESENTATION_CONTEXT(2) 
PARAMETRIC_REPRESENTATION_CONTEXT() REPRESENTATION_CONTEXT('2D SPACE',''
  ) );
#2555 = ORIENTED_EDGE('',*,*,#2556,.F.);
#2556 = EDGE_CURVE('',#2557,#2534,#2559,.T.);
#2557 = VERTEX_POINT('',#2558);
#2558 = CARTESIAN_POINT('',(68.,18.,479.2));
#2559 = SURFACE_CURVE('',#2560,(#2565,#2572),.PCURVE_S1.);
#2560 = CIRCLE('',#2561,4.5);
#2561 = AXIS2_PLACEMENT_3D('',#2562,#2563,#2564);
#2562 = CARTESIAN_POINT('',(68.,18.,474.7));
#2563 = DIRECTION('',(0.,1.,0.));
#2564 = DIRECTION('',(0.,-0.,1.));
#2565 = PCURVE('',#409,#2566);
#2566 = DEFINITIONAL_REPRESENTATION('',(#2567),#2571);
#2567 = CIRCLE('',#2568,4.5);
#2568 = AXIS2_PLACEMENT_2D('',#2569,#2570);
#2569 = CARTESIAN_POINT('',(48.7,3.));
#2570 = DIRECTION('',(1.,0.));
#2571 = ( GEOMETRIC_REPRESENTATION_CONTEXT(2) 
PARAMETRIC_REPRESENTATION_CONTEXT() REPRESENTATION_CONTEXT('2D SPACE',''
  ) );
#2572 = PCURVE('',#2118,#2573);
#2573 = DEFINITIONAL_REPRESENTATION('',(#2574),#2578);
#2574 = LINE('',#2575,#2576);
#2575 = CARTESIAN_POINT('',(0.,1.));
#2576 = VECTOR('',#2577,1.);
#2577 = DIRECTION('',(1.,0.));
#2578 = ( GEOMETRIC_REPRESENTATION_CONTEXT(2) 
PARAMETRIC_REPRESENTATION_CONTEXT() REPRESENTATION_CONTEXT('2D SPACE',''
  ) );
#2579 = ORIENTED_EDGE('',*,*,#2580,.F.);
#2580 = EDGE_CURVE('',#2581,#2557,#2583,.T.);
#2581 = VERTEX_POINT('',#2582);
#2582 = CARTESIAN_POINT('',(65.,18.,478.05410196624));
#2583 = SURFACE_CURVE('',#2584,(#2589,#2596),.PCURVE_S1.);
#2584 = CIRCLE('',#2585,4.5);
#2585 = AXIS2_PLACEMENT_3D('',#2586,#2587,#2588);
#2586 = CARTESIAN_POINT('',(68.,18.,474.7));
#2587 = DIRECTION('',(0.,1.,0.));
#2588 = DIRECTION('',(0.,-0.,1.));
#2589 = PCURVE('',#409,#2590);
#2590 = DEFINITIONAL_REPRESENTATION('',(#2591),#2595);
#2591 = CIRCLE('',#2592,4.5);
#2592 = AXIS2_PLACEMENT_2D('',#2593,#2594);
#2593 = CARTESIAN_POINT('',(48.7,3.));
#2594 = DIRECTION('',(1.,0.));
#2595 = ( GEOMETRIC_REPRESENTATION_CONTEXT(2) 
PARAMETRIC_REPRESENTATION_CONTEXT() REPRESENTATION_CONTEXT('2D SPACE',''
  ) );
#2596 = PCURVE('',#2118,#2597);
#2597 = DEFINITIONAL_REPRESENTATION('',(#2598),#2602);
#2598 = LINE('',#2599,#2600);
#2599 = CARTESIAN_POINT('',(0.,1.));
#2600 = VECTOR('',#2601,1.);
#2601 = DIRECTION('',(1.,0.));
#2602 = ( GEOMETRIC_REPRESENTATION_CONTEXT(2) 
PARAMETRIC_REPRESENTATION_CONTEXT() REPRESENTATION_CONTEXT('2D SPACE',''
  ) );
#2603 = ORIENTED_EDGE('',*,*,#2604,.T.);
#2604 = EDGE_CURVE('',#2581,#2605,#2607,.T.);
#2605 = VERTEX_POINT('',#2606);
#2606 = CARTESIAN_POINT('',(65.,18.,525.34589803375));
#2607 = SURFACE_CURVE('',#2608,(#2612,#2619),.PCURVE_S1.);
#2608 = LINE('',#2609,#2610);
#2609 = CARTESIAN_POINT('',(65.,18.,426.));
#2610 = VECTOR('',#2611,1.);
#2611 = DIRECTION('',(0.,0.,1.));
#2612 = PCURVE('',#409,#2613);
#2613 = DEFINITIONAL_REPRESENTATION('',(#2614),#2618);
#2614 = LINE('',#2615,#2616);
#2615 = CARTESIAN_POINT('',(0.,0.));
#2616 = VECTOR('',#2617,1.);
#2617 = DIRECTION('',(1.,0.));
#2618 = ( GEOMETRIC_REPRESENTATION_CONTEXT(2) 
PARAMETRIC_REPRESENTATION_CONTEXT() REPRESENTATION_CONTEXT('2D SPACE',''
  ) );
#2619 = PCURVE('',#2089,#2620);
#2620 = DEFINITIONAL_REPRESENTATION('',(#2621),#2625);
#2621 = LINE('',#2622,#2623);
#2622 = CARTESIAN_POINT('',(0.,0.));
#2623 = VECTOR('',#2624,1.);
#2624 = DIRECTION('',(1.,0.));
#2625 = ( GEOMETRIC_REPRESENTATION_CONTEXT(2) 
PARAMETRIC_REPRESENTATION_CONTEXT() REPRESENTATION_CONTEXT('2D SPACE',''
  ) );
#2626 = ORIENTED_EDGE('',*,*,#2627,.F.);
#2627 = EDGE_CURVE('',#2628,#2605,#2630,.T.);
#2628 = VERTEX_POINT('',#2629);
#2629 = CARTESIAN_POINT('',(68.,18.,533.2));
#2630 = SURFACE_CURVE('',#2631,(#2636,#2643),.PCURVE_S1.);
#2631 = CIRCLE('',#2632,4.5);
#2632 = AXIS2_PLACEMENT_3D('',#2633,#2634,#2635);
#2633 = CARTESIAN_POINT('',(68.,18.,528.7));
#2634 = DIRECTION('',(0.,1.,0.));
#2635 = DIRECTION('',(0.,-0.,1.));
#2636 = PCURVE('',#409,#2637);
#2637 = DEFINITIONAL_REPRESENTATION('',(#2638),#2642);
#2638 = CIRCLE('',#2639,4.5);
#2639 = AXIS2_PLACEMENT_2D('',#2640,#2641);
#2640 = CARTESIAN_POINT('',(102.7,3.));
#2641 = DIRECTION('',(1.,0.));
#2642 = ( GEOMETRIC_REPRESENTATION_CONTEXT(2) 
PARAMETRIC_REPRESENTATION_CONTEXT() REPRESENTATION_CONTEXT('2D SPACE',''
  ) );
#2643 = PCURVE('',#2061,#2644);
#2644 = DEFINITIONAL_REPRESENTATION('',(#2645),#2649);
#2645 = LINE('',#2646,#2647);
#2646 = CARTESIAN_POINT('',(0.,1.));
#2647 = VECTOR('',#2648,1.);
#2648 = DIRECTION('',(1.,0.));
#2649 = ( GEOMETRIC_REPRESENTATION_CONTEXT(2) 
PARAMETRIC_REPRESENTATION_CONTEXT() REPRESENTATION_CONTEXT('2D SPACE',''
  ) );
#2650 = ORIENTED_EDGE('',*,*,#2651,.F.);
#2651 = EDGE_CURVE('',#2652,#2628,#2654,.T.);
#2652 = VERTEX_POINT('',#2653);
#2653 = CARTESIAN_POINT('',(65.,18.,532.05410196624));
#2654 = SURFACE_CURVE('',#2655,(#2660,#2667),.PCURVE_S1.);
#2655 = CIRCLE('',#2656,4.5);
#2656 = AXIS2_PLACEMENT_3D('',#2657,#2658,#2659);
#2657 = CARTESIAN_POINT('',(68.,18.,528.7));
#2658 = DIRECTION('',(0.,1.,0.));
#2659 = DIRECTION('',(0.,-0.,1.));
#2660 = PCURVE('',#409,#2661);
#2661 = DEFINITIONAL_REPRESENTATION('',(#2662),#2666);
#2662 = CIRCLE('',#2663,4.5);
#2663 = AXIS2_PLACEMENT_2D('',#2664,#2665);
#2664 = CARTESIAN_POINT('',(102.7,3.));
#2665 = DIRECTION('',(1.,0.));
#2666 = ( GEOMETRIC_REPRESENTATION_CONTEXT(2) 
PARAMETRIC_REPRESENTATION_CONTEXT() REPRESENTATION_CONTEXT('2D SPACE',''
  ) );
#2667 = PCURVE('',#2061,#2668);
#2668 = DEFINITIONAL_REPRESENTATION('',(#2669),#2673);
#2669 = LINE('',#2670,#2671);
#2670 = CARTESIAN_POINT('',(0.,1.));
#2671 = VECTOR('',#2672,1.);
#2672 = DIRECTION('',(1.,0.));
#2673 = ( GEOMETRIC_REPRESENTATION_CONTEXT(2) 
PARAMETRIC_REPRESENTATION_CONTEXT() REPRESENTATION_CONTEXT('2D SPACE',''
  ) );
#2674 = ORIENTED_EDGE('',*,*,#2675,.T.);
#2675 = EDGE_CURVE('',#2652,#2676,#2678,.T.);
#2676 = VERTEX_POINT('',#2677);
#2677 = CARTESIAN_POINT('',(65.,18.,551.34589803374));
#2678 = SURFACE_CURVE('',#2679,(#2683,#2690),.PCURVE_S1.);
#2679 = LINE('',#2680,#2681);
#2680 = CARTESIAN_POINT('',(65.,18.,426.));
#2681 = VECTOR('',#2682,1.);
#2682 = DIRECTION('',(0.,0.,1.));
#2683 = PCURVE('',#409,#2684);
#2684 = DEFINITIONAL_REPRESENTATION('',(#2685),#2689);
#2685 = LINE('',#2686,#2687);
#2686 = CARTESIAN_POINT('',(0.,0.));
#2687 = VECTOR('',#2688,1.);
#2688 = DIRECTION('',(1.,0.));
#2689 = ( GEOMETRIC_REPRESENTATION_CONTEXT(2) 
PARAMETRIC_REPRESENTATION_CONTEXT() REPRESENTATION_CONTEXT('2D SPACE',''
  ) );
#2690 = PCURVE('',#2032,#2691);
#2691 = DEFINITIONAL_REPRESENTATION('',(#2692),#2696);
#2692 = LINE('',#2693,#2694);
#2693 = CARTESIAN_POINT('',(0.,0.));
#2694 = VECTOR('',#2695,1.);
#2695 = DIRECTION('',(1.,0.));
#2696 = ( GEOMETRIC_REPRESENTATION_CONTEXT(2) 
PARAMETRIC_REPRESENTATION_CONTEXT() REPRESENTATION_CONTEXT('2D SPACE',''
  ) );
#2697 = ORIENTED_EDGE('',*,*,#2698,.F.);
#2698 = EDGE_CURVE('',#2699,#2676,#2701,.T.);
#2699 = VERTEX_POINT('',#2700);
#2700 = CARTESIAN_POINT('',(68.,18.,559.2));
#2701 = SURFACE_CURVE('',#2702,(#2707,#2714),.PCURVE_S1.);
#2702 = CIRCLE('',#2703,4.5);
#2703 = AXIS2_PLACEMENT_3D('',#2704,#2705,#2706);
#2704 = CARTESIAN_POINT('',(68.,18.,554.7));
#2705 = DIRECTION('',(0.,1.,0.));
#2706 = DIRECTION('',(0.,-0.,1.));
#2707 = PCURVE('',#409,#2708);
#2708 = DEFINITIONAL_REPRESENTATION('',(#2709),#2713);
#2709 = CIRCLE('',#2710,4.5);
#2710 = AXIS2_PLACEMENT_2D('',#2711,#2712);
#2711 = CARTESIAN_POINT('',(128.7,3.));
#2712 = DIRECTION('',(1.,0.));
#2713 = ( GEOMETRIC_REPRESENTATION_CONTEXT(2) 
PARAMETRIC_REPRESENTATION_CONTEXT() REPRESENTATION_CONTEXT('2D SPACE',''
  ) );
#2714 = PCURVE('',#2004,#2715);
#2715 = DEFINITIONAL_REPRESENTATION('',(#2716),#2720);
#2716 = LINE('',#2717,#2718);
#2717 = CARTESIAN_POINT('',(0.,1.));
#2718 = VECTOR('',#2719,1.);
#2719 = DIRECTION('',(1.,0.));
#2720 = ( GEOMETRIC_REPRESENTATION_CONTEXT(2) 
PARAMETRIC_REPRESENTATION_CONTEXT() REPRESENTATION_CONTEXT('2D SPACE',''
  ) );
#2721 = ORIENTED_EDGE('',*,*,#2722,.F.);
#2722 = EDGE_CURVE('',#2723,#2699,#2725,.T.);
#2723 = VERTEX_POINT('',#2724);
#2724 = CARTESIAN_POINT('',(65.,18.,558.05410196625));
#2725 = SURFACE_CURVE('',#2726,(#2731,#2738),.PCURVE_S1.);
#2726 = CIRCLE('',#2727,4.5);
#2727 = AXIS2_PLACEMENT_3D('',#2728,#2729,#2730);
#2728 = CARTESIAN_POINT('',(68.,18.,554.7));
#2729 = DIRECTION('',(0.,1.,0.));
#2730 = DIRECTION('',(0.,-0.,1.));
#2731 = PCURVE('',#409,#2732);
#2732 = DEFINITIONAL_REPRESENTATION('',(#2733),#2737);
#2733 = CIRCLE('',#2734,4.5);
#2734 = AXIS2_PLACEMENT_2D('',#2735,#2736);
#2735 = CARTESIAN_POINT('',(128.7,3.));
#2736 = DIRECTION('',(1.,0.));
#2737 = ( GEOMETRIC_REPRESENTATION_CONTEXT(2) 
PARAMETRIC_REPRESENTATION_CONTEXT() REPRESENTATION_CONTEXT('2D SPACE',''
  ) );
#2738 = PCURVE('',#2004,#2739);
#2739 = DEFINITIONAL_REPRESENTATION('',(#2740),#2744);
#2740 = LINE('',#2741,#2742);
#2741 = CARTESIAN_POINT('',(0.,1.));
#2742 = VECTOR('',#2743,1.);
#2743 = DIRECTION('',(1.,0.));
#2744 = ( GEOMETRIC_REPRESENTATION_CONTEXT(2) 
PARAMETRIC_REPRESENTATION_CONTEXT() REPRESENTATION_CONTEXT('2D SPACE',''
  ) );
#2745 = ORIENTED_EDGE('',*,*,#2746,.T.);
#2746 = EDGE_CURVE('',#2723,#366,#2747,.T.);
#2747 = SURFACE_CURVE('',#2748,(#2752,#2759),.PCURVE_S1.);
#2748 = LINE('',#2749,#2750);
#2749 = CARTESIAN_POINT('',(65.,18.,426.));
#2750 = VECTOR('',#2751,1.);
#2751 = DIRECTION('',(0.,0.,1.));
#2752 = PCURVE('',#409,#2753);
#2753 = DEFINITIONAL_REPRESENTATION('',(#2754),#2758);
#2754 = LINE('',#2755,#2756);
#2755 = CARTESIAN_POINT('',(0.,0.));
#2756 = VECTOR('',#2757,1.);
#2757 = DIRECTION('',(1.,0.));
#2758 = ( GEOMETRIC_REPRESENTATION_CONTEXT(2) 
PARAMETRIC_REPRESENTATION_CONTEXT() REPRESENTATION_CONTEXT('2D SPACE',''
  ) );
#2759 = PCURVE('',#381,#2760);
#2760 = DEFINITIONAL_REPRESENTATION('',(#2761),#2765);
#2761 = LINE('',#2762,#2763);
#2762 = CARTESIAN_POINT('',(0.,0.));
#2763 = VECTOR('',#2764,1.);
#2764 = DIRECTION('',(1.,0.));
#2765 = ( GEOMETRIC_REPRESENTATION_CONTEXT(2) 
PARAMETRIC_REPRESENTATION_CONTEXT() REPRESENTATION_CONTEXT('2D SPACE',''
  ) );
#2766 = ADVANCED_FACE('',(#2767),#381,.F.);
#2767 = FACE_BOUND('',#2768,.F.);
#2768 = EDGE_LOOP('',(#2769,#2770,#2789,#2790));
#2769 = ORIENTED_EDGE('',*,*,#2746,.F.);
#2770 = ORIENTED_EDGE('',*,*,#2771,.T.);
#2771 = EDGE_CURVE('',#2723,#1965,#2772,.T.);
#2772 = SURFACE_CURVE('',#2773,(#2777,#2783),.PCURVE_S1.);
#2773 = LINE('',#2774,#2775);
#2774 = CARTESIAN_POINT('',(65.,17.,558.05410196625));
#2775 = VECTOR('',#2776,1.);
#2776 = DIRECTION('',(0.,1.,0.));
#2777 = PCURVE('',#381,#2778);
#2778 = DEFINITIONAL_REPRESENTATION('',(#2779),#2782);
#2779 = B_SPLINE_CURVE_WITH_KNOTS('',1,(#2780,#2781),.UNSPECIFIED.,.F.,
  .F.,(2,2),(-5.999999999062E-07,36.1000006),.PIECEWISE_BEZIER_KNOTS.);
#2780 = CARTESIAN_POINT('',(132.05410196625,1.0000006));
#2781 = CARTESIAN_POINT('',(132.05410196625,-35.1000006));
#2782 = ( GEOMETRIC_REPRESENTATION_CONTEXT(2) 
PARAMETRIC_REPRESENTATION_CONTEXT() REPRESENTATION_CONTEXT('2D SPACE',''
  ) );
#2783 = PCURVE('',#2004,#2784);
#2784 = DEFINITIONAL_REPRESENTATION('',(#2785),#2788);
#2785 = B_SPLINE_CURVE_WITH_KNOTS('',1,(#2786,#2787),.UNSPECIFIED.,.F.,
  .F.,(2,2),(-5.999999999062E-07,36.1000006),.PIECEWISE_BEZIER_KNOTS.);
#2786 = CARTESIAN_POINT('',(5.553457650953,-5.999999999062E-07));
#2787 = CARTESIAN_POINT('',(5.553457650953,36.1000006));
#2788 = ( GEOMETRIC_REPRESENTATION_CONTEXT(2) 
PARAMETRIC_REPRESENTATION_CONTEXT() REPRESENTATION_CONTEXT('2D SPACE',''
  ) );
#2789 = ORIENTED_EDGE('',*,*,#1964,.T.);
#2790 = ORIENTED_EDGE('',*,*,#365,.F.);
#2791 = ADVANCED_FACE('',(#2792),#489,.F.);
#2792 = FACE_BOUND('',#2793,.F.);
#2793 = EDGE_LOOP('',(#2794,#2795,#2818,#2845));
#2794 = ORIENTED_EDGE('',*,*,#472,.F.);
#2795 = ORIENTED_EDGE('',*,*,#2796,.F.);
#2796 = EDGE_CURVE('',#2797,#473,#2799,.T.);
#2797 = VERTEX_POINT('',#2798);
#2798 = CARTESIAN_POINT('',(-15.9,59.,574.));
#2799 = SEAM_CURVE('',#2800,(#2804,#2811),.PCURVE_S1.);
#2800 = LINE('',#2801,#2802);
#2801 = CARTESIAN_POINT('',(-15.9,59.,574.));
#2802 = VECTOR('',#2803,1.);
#2803 = DIRECTION('',(0.,0.,1.));
#2804 = PCURVE('',#489,#2805);
#2805 = DEFINITIONAL_REPRESENTATION('',(#2806),#2810);
#2806 = LINE('',#2807,#2808);
#2807 = CARTESIAN_POINT('',(6.28318530718,-0.));
#2808 = VECTOR('',#2809,1.);
#2809 = DIRECTION('',(0.,1.));
#2810 = ( GEOMETRIC_REPRESENTATION_CONTEXT(2) 
PARAMETRIC_REPRESENTATION_CONTEXT() REPRESENTATION_CONTEXT('2D SPACE',''
  ) );
#2811 = PCURVE('',#489,#2812);
#2812 = DEFINITIONAL_REPRESENTATION('',(#2813),#2817);
#2813 = LINE('',#2814,#2815);
#2814 = CARTESIAN_POINT('',(0.,-0.));
#2815 = VECTOR('',#2816,1.);
#2816 = DIRECTION('',(0.,1.));
#2817 = ( GEOMETRIC_REPRESENTATION_CONTEXT(2) 
PARAMETRIC_REPRESENTATION_CONTEXT() REPRESENTATION_CONTEXT('2D SPACE',''
  ) );
#2818 = ORIENTED_EDGE('',*,*,#2819,.T.);
#2819 = EDGE_CURVE('',#2797,#2797,#2820,.T.);
#2820 = SURFACE_CURVE('',#2821,(#2826,#2833),.PCURVE_S1.);
#2821 = CIRCLE('',#2822,2.1);
#2822 = AXIS2_PLACEMENT_3D('',#2823,#2824,#2825);
#2823 = CARTESIAN_POINT('',(-18.,59.,574.));
#2824 = DIRECTION('',(0.,0.,1.));
#2825 = DIRECTION('',(1.,0.,-0.));
#2826 = PCURVE('',#489,#2827);
#2827 = DEFINITIONAL_REPRESENTATION('',(#2828),#2832);
#2828 = LINE('',#2829,#2830);
#2829 = CARTESIAN_POINT('',(0.,0.));
#2830 = VECTOR('',#2831,1.);
#2831 = DIRECTION('',(1.,0.));
#2832 = ( GEOMETRIC_REPRESENTATION_CONTEXT(2) 
PARAMETRIC_REPRESENTATION_CONTEXT() REPRESENTATION_CONTEXT('2D SPACE',''
  ) );
#2833 = PCURVE('',#2834,#2839);
#2834 = PLANE('',#2835);
#2835 = AXIS2_PLACEMENT_3D('',#2836,#2837,#2838);
#2836 = CARTESIAN_POINT('',(-18.,59.,574.));
#2837 = DIRECTION('',(0.,0.,1.));
#2838 = DIRECTION('',(1.,0.,-0.));
#2839 = DEFINITIONAL_REPRESENTATION('',(#2840),#2844);
#2840 = CIRCLE('',#2841,2.1);
#2841 = AXIS2_PLACEMENT_2D('',#2842,#2843);
#2842 = CARTESIAN_POINT('',(0.,0.));
#2843 = DIRECTION('',(1.,0.));
#2844 = ( GEOMETRIC_REPRESENTATION_CONTEXT(2) 
PARAMETRIC_REPRESENTATION_CONTEXT() REPRESENTATION_CONTEXT('2D SPACE',''
  ) );
#2845 = ORIENTED_EDGE('',*,*,#2796,.T.);
#2846 = ADVANCED_FACE('',(#2847),#520,.F.);
#2847 = FACE_BOUND('',#2848,.F.);
#2848 = EDGE_LOOP('',(#2849,#2850,#2873,#2900));
#2849 = ORIENTED_EDGE('',*,*,#503,.F.);
#2850 = ORIENTED_EDGE('',*,*,#2851,.F.);
#2851 = EDGE_CURVE('',#2852,#504,#2854,.T.);
#2852 = VERTEX_POINT('',#2853);
#2853 = CARTESIAN_POINT('',(20.1,59.,574.));
#2854 = SEAM_CURVE('',#2855,(#2859,#2866),.PCURVE_S1.);
#2855 = LINE('',#2856,#2857);
#2856 = CARTESIAN_POINT('',(20.1,59.,574.));
#2857 = VECTOR('',#2858,1.);
#2858 = DIRECTION('',(0.,0.,1.));
#2859 = PCURVE('',#520,#2860);
#2860 = DEFINITIONAL_REPRESENTATION('',(#2861),#2865);
#2861 = LINE('',#2862,#2863);
#2862 = CARTESIAN_POINT('',(6.28318530718,-0.));
#2863 = VECTOR('',#2864,1.);
#2864 = DIRECTION('',(0.,1.));
#2865 = ( GEOMETRIC_REPRESENTATION_CONTEXT(2) 
PARAMETRIC_REPRESENTATION_CONTEXT() REPRESENTATION_CONTEXT('2D SPACE',''
  ) );
#2866 = PCURVE('',#520,#2867);
#2867 = DEFINITIONAL_REPRESENTATION('',(#2868),#2872);
#2868 = LINE('',#2869,#2870);
#2869 = CARTESIAN_POINT('',(0.,-0.));
#2870 = VECTOR('',#2871,1.);
#2871 = DIRECTION('',(0.,1.));
#2872 = ( GEOMETRIC_REPRESENTATION_CONTEXT(2) 
PARAMETRIC_REPRESENTATION_CONTEXT() REPRESENTATION_CONTEXT('2D SPACE',''
  ) );
#2873 = ORIENTED_EDGE('',*,*,#2874,.T.);
#2874 = EDGE_CURVE('',#2852,#2852,#2875,.T.);
#2875 = SURFACE_CURVE('',#2876,(#2881,#2888),.PCURVE_S1.);
#2876 = CIRCLE('',#2877,2.1);
#2877 = AXIS2_PLACEMENT_3D('',#2878,#2879,#2880);
#2878 = CARTESIAN_POINT('',(18.,59.,574.));
#2879 = DIRECTION('',(0.,0.,1.));
#2880 = DIRECTION('',(1.,0.,-0.));
#2881 = PCURVE('',#520,#2882);
#2882 = DEFINITIONAL_REPRESENTATION('',(#2883),#2887);
#2883 = LINE('',#2884,#2885);
#2884 = CARTESIAN_POINT('',(0.,0.));
#2885 = VECTOR('',#2886,1.);
#2886 = DIRECTION('',(1.,0.));
#2887 = ( GEOMETRIC_REPRESENTATION_CONTEXT(2) 
PARAMETRIC_REPRESENTATION_CONTEXT() REPRESENTATION_CONTEXT('2D SPACE',''
  ) );
#2888 = PCURVE('',#2889,#2894);
#2889 = PLANE('',#2890);
#2890 = AXIS2_PLACEMENT_3D('',#2891,#2892,#2893);
#2891 = CARTESIAN_POINT('',(18.,59.,574.));
#2892 = DIRECTION('',(0.,0.,1.));
#2893 = DIRECTION('',(1.,0.,-0.));
#2894 = DEFINITIONAL_REPRESENTATION('',(#2895),#2899);
#2895 = CIRCLE('',#2896,2.1);
#2896 = AXIS2_PLACEMENT_2D('',#2897,#2898);
#2897 = CARTESIAN_POINT('',(0.,0.));
#2898 = DIRECTION('',(1.,0.));
#2899 = ( GEOMETRIC_REPRESENTATION_CONTEXT(2) 
PARAMETRIC_REPRESENTATION_CONTEXT() REPRESENTATION_CONTEXT('2D SPACE',''
  ) );
#2900 = ORIENTED_EDGE('',*,*,#2851,.T.);
#2901 = ADVANCED_FACE('',(#2902,#2926),#553,.T.);
#2902 = FACE_BOUND('',#2903,.T.);
#2903 = EDGE_LOOP('',(#2904,#2905,#2906,#2907));
#2904 = ORIENTED_EDGE('',*,*,#535,.F.);
#2905 = ORIENTED_EDGE('',*,*,#1455,.T.);
#2906 = ORIENTED_EDGE('',*,*,#1776,.T.);
#2907 = ORIENTED_EDGE('',*,*,#2908,.F.);
#2908 = EDGE_CURVE('',#538,#1777,#2909,.T.);
#2909 = SURFACE_CURVE('',#2910,(#2914,#2920),.PCURVE_S1.);
#2910 = LINE('',#2911,#2912);
#2911 = CARTESIAN_POINT('',(-65.,17.,445.34589803375));
#2912 = VECTOR('',#2913,1.);
#2913 = DIRECTION('',(0.,1.,0.));
#2914 = PCURVE('',#553,#2915);
#2915 = DEFINITIONAL_REPRESENTATION('',(#2916),#2919);
#2916 = B_SPLINE_CURVE_WITH_KNOTS('',1,(#2917,#2918),.UNSPECIFIED.,.F.,
  .F.,(2,2),(-5.999999999062E-07,36.1000006),.PIECEWISE_BEZIER_KNOTS.);
#2917 = CARTESIAN_POINT('',(19.34589803375,1.0000006));
#2918 = CARTESIAN_POINT('',(19.34589803375,-35.1000006));
#2919 = ( GEOMETRIC_REPRESENTATION_CONTEXT(2) 
PARAMETRIC_REPRESENTATION_CONTEXT() REPRESENTATION_CONTEXT('2D SPACE',''
  ) );
#2920 = PCURVE('',#871,#2921);
#2921 = DEFINITIONAL_REPRESENTATION('',(#2922),#2925);
#2922 = B_SPLINE_CURVE_WITH_KNOTS('',1,(#2923,#2924),.UNSPECIFIED.,.F.,
  .F.,(2,2),(-5.999999999062E-07,36.1000006),.PIECEWISE_BEZIER_KNOTS.);
#2923 = CARTESIAN_POINT('',(2.411864997363,-5.999999999062E-07));
#2924 = CARTESIAN_POINT('',(2.411864997363,36.1000006));
#2925 = ( GEOMETRIC_REPRESENTATION_CONTEXT(2) 
PARAMETRIC_REPRESENTATION_CONTEXT() REPRESENTATION_CONTEXT('2D SPACE',''
  ) );
#2926 = FACE_BOUND('',#2927,.T.);
#2927 = EDGE_LOOP('',(#2928));
#2928 = ORIENTED_EDGE('',*,*,#2929,.F.);
#2929 = EDGE_CURVE('',#2930,#2930,#2932,.T.);
#2930 = VERTEX_POINT('',#2931);
#2931 = CARTESIAN_POINT('',(-65.,41.,441.3));
#2932 = SURFACE_CURVE('',#2933,(#2938,#2945),.PCURVE_S1.);
#2933 = CIRCLE('',#2934,3.3);
#2934 = AXIS2_PLACEMENT_3D('',#2935,#2936,#2937);
#2935 = CARTESIAN_POINT('',(-65.,41.,438.));
#2936 = DIRECTION('',(1.,0.,0.));
#2937 = DIRECTION('',(-0.,0.,1.));
#2938 = PCURVE('',#553,#2939);
#2939 = DEFINITIONAL_REPRESENTATION('',(#2940),#2944);
#2940 = CIRCLE('',#2941,3.3);
#2941 = AXIS2_PLACEMENT_2D('',#2942,#2943);
#2942 = CARTESIAN_POINT('',(12.,-23.));
#2943 = DIRECTION('',(1.,0.));
#2944 = ( GEOMETRIC_REPRESENTATION_CONTEXT(2) 
PARAMETRIC_REPRESENTATION_CONTEXT() REPRESENTATION_CONTEXT('2D SPACE',''
  ) );
#2945 = PCURVE('',#2946,#2951);
#2946 = CYLINDRICAL_SURFACE('',#2947,3.3);
#2947 = AXIS2_PLACEMENT_3D('',#2948,#2949,#2950);
#2948 = CARTESIAN_POINT('',(-75.5,41.,438.));
#2949 = DIRECTION('',(1.,0.,0.));
#2950 = DIRECTION('',(-0.,0.,1.));
#2951 = DEFINITIONAL_REPRESENTATION('',(#2952),#2956);
#2952 = LINE('',#2953,#2954);
#2953 = CARTESIAN_POINT('',(0.,10.5));
#2954 = VECTOR('',#2955,1.);
#2955 = DIRECTION('',(1.,0.));
#2956 = ( GEOMETRIC_REPRESENTATION_CONTEXT(2) 
PARAMETRIC_REPRESENTATION_CONTEXT() REPRESENTATION_CONTEXT('2D SPACE',''
  ) );
#2957 = ADVANCED_FACE('',(#2958),#871,.F.);
#2958 = FACE_BOUND('',#2959,.F.);
#2959 = EDGE_LOOP('',(#2960,#2983,#3010,#3011,#3012,#3031,#3032,#3033));
#2960 = ORIENTED_EDGE('',*,*,#2961,.T.);
#2961 = EDGE_CURVE('',#855,#2962,#2964,.T.);
#2962 = VERTEX_POINT('',#2963);
#2963 = CARTESIAN_POINT('',(-68.,53.1,453.2));
#2964 = SEAM_CURVE('',#2965,(#2969,#2976),.PCURVE_S1.);
#2965 = LINE('',#2966,#2967);
#2966 = CARTESIAN_POINT('',(-68.,17.,453.2));
#2967 = VECTOR('',#2968,1.);
#2968 = DIRECTION('',(0.,1.,0.));
#2969 = PCURVE('',#871,#2970);
#2970 = DEFINITIONAL_REPRESENTATION('',(#2971),#2975);
#2971 = LINE('',#2972,#2973);
#2972 = CARTESIAN_POINT('',(6.28318530718,-0.));
#2973 = VECTOR('',#2974,1.);
#2974 = DIRECTION('',(0.,1.));
#2975 = ( GEOMETRIC_REPRESENTATION_CONTEXT(2) 
PARAMETRIC_REPRESENTATION_CONTEXT() REPRESENTATION_CONTEXT('2D SPACE',''
  ) );
#2976 = PCURVE('',#871,#2977);
#2977 = DEFINITIONAL_REPRESENTATION('',(#2978),#2982);
#2978 = LINE('',#2979,#2980);
#2979 = CARTESIAN_POINT('',(0.,-0.));
#2980 = VECTOR('',#2981,1.);
#2981 = DIRECTION('',(0.,1.));
#2982 = ( GEOMETRIC_REPRESENTATION_CONTEXT(2) 
PARAMETRIC_REPRESENTATION_CONTEXT() REPRESENTATION_CONTEXT('2D SPACE',''
  ) );
#2983 = ORIENTED_EDGE('',*,*,#2984,.F.);
#2984 = EDGE_CURVE('',#2962,#2962,#2985,.T.);
#2985 = SURFACE_CURVE('',#2986,(#2991,#2998),.PCURVE_S1.);
#2986 = CIRCLE('',#2987,4.5);
#2987 = AXIS2_PLACEMENT_3D('',#2988,#2989,#2990);
#2988 = CARTESIAN_POINT('',(-68.,53.1,448.7));
#2989 = DIRECTION('',(0.,1.,0.));
#2990 = DIRECTION('',(0.,-0.,1.));
#2991 = PCURVE('',#871,#2992);
#2992 = DEFINITIONAL_REPRESENTATION('',(#2993),#2997);
#2993 = LINE('',#2994,#2995);
#2994 = CARTESIAN_POINT('',(0.,36.1));
#2995 = VECTOR('',#2996,1.);
#2996 = DIRECTION('',(1.,0.));
#2997 = ( GEOMETRIC_REPRESENTATION_CONTEXT(2) 
PARAMETRIC_REPRESENTATION_CONTEXT() REPRESENTATION_CONTEXT('2D SPACE',''
  ) );
#2998 = PCURVE('',#2999,#3004);
#2999 = PLANE('',#3000);
#3000 = AXIS2_PLACEMENT_3D('',#3001,#3002,#3003);
#3001 = CARTESIAN_POINT('',(-68.,53.1,448.7));
#3002 = DIRECTION('',(0.,1.,0.));
#3003 = DIRECTION('',(0.,-0.,1.));
#3004 = DEFINITIONAL_REPRESENTATION('',(#3005),#3009);
#3005 = CIRCLE('',#3006,4.5);
#3006 = AXIS2_PLACEMENT_2D('',#3007,#3008);
#3007 = CARTESIAN_POINT('',(0.,0.));
#3008 = DIRECTION('',(1.,0.));
#3009 = ( GEOMETRIC_REPRESENTATION_CONTEXT(2) 
PARAMETRIC_REPRESENTATION_CONTEXT() REPRESENTATION_CONTEXT('2D SPACE',''
  ) );
#3010 = ORIENTED_EDGE('',*,*,#2961,.F.);
#3011 = ORIENTED_EDGE('',*,*,#854,.T.);
#3012 = ORIENTED_EDGE('',*,*,#3013,.T.);
#3013 = EDGE_CURVE('',#827,#1800,#3014,.T.);
#3014 = SURFACE_CURVE('',#3015,(#3019,#3025),.PCURVE_S1.);
#3015 = LINE('',#3016,#3017);
#3016 = CARTESIAN_POINT('',(-65.,17.,452.05410196625));
#3017 = VECTOR('',#3018,1.);
#3018 = DIRECTION('',(0.,1.,0.));
#3019 = PCURVE('',#871,#3020);
#3020 = DEFINITIONAL_REPRESENTATION('',(#3021),#3024);
#3021 = B_SPLINE_CURVE_WITH_KNOTS('',1,(#3022,#3023),.UNSPECIFIED.,.F.,
  .F.,(2,2),(-5.999999999062E-07,36.1000006),.PIECEWISE_BEZIER_KNOTS.);
#3022 = CARTESIAN_POINT('',(0.729727656227,-5.999999999062E-07));
#3023 = CARTESIAN_POINT('',(0.729727656227,36.1000006));
#3024 = ( GEOMETRIC_REPRESENTATION_CONTEXT(2) 
PARAMETRIC_REPRESENTATION_CONTEXT() REPRESENTATION_CONTEXT('2D SPACE',''
  ) );
#3025 = PCURVE('',#842,#3026);
#3026 = DEFINITIONAL_REPRESENTATION('',(#3027),#3030);
#3027 = B_SPLINE_CURVE_WITH_KNOTS('',1,(#3028,#3029),.UNSPECIFIED.,.F.,
  .F.,(2,2),(-5.999999999062E-07,36.1000006),.PIECEWISE_BEZIER_KNOTS.);
#3028 = CARTESIAN_POINT('',(26.05410196625,1.0000006));
#3029 = CARTESIAN_POINT('',(26.05410196625,-35.1000006));
#3030 = ( GEOMETRIC_REPRESENTATION_CONTEXT(2) 
PARAMETRIC_REPRESENTATION_CONTEXT() REPRESENTATION_CONTEXT('2D SPACE',''
  ) );
#3031 = ORIENTED_EDGE('',*,*,#1799,.T.);
#3032 = ORIENTED_EDGE('',*,*,#2908,.F.);
#3033 = ORIENTED_EDGE('',*,*,#883,.T.);
#3034 = ADVANCED_FACE('',(#3035,#3059),#842,.T.);
#3035 = FACE_BOUND('',#3036,.T.);
#3036 = EDGE_LOOP('',(#3037,#3038,#3039,#3040));
#3037 = ORIENTED_EDGE('',*,*,#826,.F.);
#3038 = ORIENTED_EDGE('',*,*,#3013,.T.);
#3039 = ORIENTED_EDGE('',*,*,#1823,.T.);
#3040 = ORIENTED_EDGE('',*,*,#3041,.F.);
#3041 = EDGE_CURVE('',#803,#1824,#3042,.T.);
#3042 = SURFACE_CURVE('',#3043,(#3047,#3053),.PCURVE_S1.);
#3043 = LINE('',#3044,#3045);
#3044 = CARTESIAN_POINT('',(-65.,17.,471.34589803375));
#3045 = VECTOR('',#3046,1.);
#3046 = DIRECTION('',(0.,1.,0.));
#3047 = PCURVE('',#842,#3048);
#3048 = DEFINITIONAL_REPRESENTATION('',(#3049),#3052);
#3049 = B_SPLINE_CURVE_WITH_KNOTS('',1,(#3050,#3051),.UNSPECIFIED.,.F.,
  .F.,(2,2),(-5.999999999062E-07,36.1000006),.PIECEWISE_BEZIER_KNOTS.);
#3050 = CARTESIAN_POINT('',(45.34589803375,1.0000006));
#3051 = CARTESIAN_POINT('',(45.34589803375,-35.1000006));
#3052 = ( GEOMETRIC_REPRESENTATION_CONTEXT(2) 
PARAMETRIC_REPRESENTATION_CONTEXT() REPRESENTATION_CONTEXT('2D SPACE',''
  ) );
#3053 = PCURVE('',#790,#3054);
#3054 = DEFINITIONAL_REPRESENTATION('',(#3055),#3058);
#3055 = B_SPLINE_CURVE_WITH_KNOTS('',1,(#3056,#3057),.UNSPECIFIED.,.F.,
  .F.,(2,2),(-5.999999999062E-07,36.1000006),.PIECEWISE_BEZIER_KNOTS.);
#3056 = CARTESIAN_POINT('',(2.411864997363,-5.999999999062E-07));
#3057 = CARTESIAN_POINT('',(2.411864997363,36.1000006));
#3058 = ( GEOMETRIC_REPRESENTATION_CONTEXT(2) 
PARAMETRIC_REPRESENTATION_CONTEXT() REPRESENTATION_CONTEXT('2D SPACE',''
  ) );
#3059 = FACE_BOUND('',#3060,.T.);
#3060 = EDGE_LOOP('',(#3061));
#3061 = ORIENTED_EDGE('',*,*,#3062,.F.);
#3062 = EDGE_CURVE('',#3063,#3063,#3065,.T.);
#3063 = VERTEX_POINT('',#3064);
#3064 = CARTESIAN_POINT('',(-65.,41.,467.3));
#3065 = SURFACE_CURVE('',#3066,(#3071,#3078),.PCURVE_S1.);
#3066 = CIRCLE('',#3067,3.3);
#3067 = AXIS2_PLACEMENT_3D('',#3068,#3069,#3070);
#3068 = CARTESIAN_POINT('',(-65.,41.,464.));
#3069 = DIRECTION('',(1.,0.,0.));
#3070 = DIRECTION('',(-0.,0.,1.));
#3071 = PCURVE('',#842,#3072);
#3072 = DEFINITIONAL_REPRESENTATION('',(#3073),#3077);
#3073 = CIRCLE('',#3074,3.3);
#3074 = AXIS2_PLACEMENT_2D('',#3075,#3076);
#3075 = CARTESIAN_POINT('',(38.,-23.));
#3076 = DIRECTION('',(1.,0.));
#3077 = ( GEOMETRIC_REPRESENTATION_CONTEXT(2) 
PARAMETRIC_REPRESENTATION_CONTEXT() REPRESENTATION_CONTEXT('2D SPACE',''
  ) );
#3078 = PCURVE('',#3079,#3084);
#3079 = CYLINDRICAL_SURFACE('',#3080,3.3);
#3080 = AXIS2_PLACEMENT_3D('',#3081,#3082,#3083);
#3081 = CARTESIAN_POINT('',(-75.5,41.,464.));
#3082 = DIRECTION('',(1.,0.,0.));
#3083 = DIRECTION('',(-0.,0.,1.));
#3084 = DEFINITIONAL_REPRESENTATION('',(#3085),#3089);
#3085 = LINE('',#3086,#3087);
#3086 = CARTESIAN_POINT('',(0.,10.5));
#3087 = VECTOR('',#3088,1.);
#3088 = DIRECTION('',(1.,0.));
#3089 = ( GEOMETRIC_REPRESENTATION_CONTEXT(2) 
PARAMETRIC_REPRESENTATION_CONTEXT() REPRESENTATION_CONTEXT('2D SPACE',''
  ) );
#3090 = ADVANCED_FACE('',(#3091),#790,.F.);
#3091 = FACE_BOUND('',#3092,.F.);
#3092 = EDGE_LOOP('',(#3093,#3116,#3143,#3144,#3145,#3164,#3165,#3166));
#3093 = ORIENTED_EDGE('',*,*,#3094,.T.);
#3094 = EDGE_CURVE('',#774,#3095,#3097,.T.);
#3095 = VERTEX_POINT('',#3096);
#3096 = CARTESIAN_POINT('',(-68.,53.1,479.2));
#3097 = SEAM_CURVE('',#3098,(#3102,#3109),.PCURVE_S1.);
#3098 = LINE('',#3099,#3100);
#3099 = CARTESIAN_POINT('',(-68.,17.,479.2));
#3100 = VECTOR('',#3101,1.);
#3101 = DIRECTION('',(0.,1.,0.));
#3102 = PCURVE('',#790,#3103);
#3103 = DEFINITIONAL_REPRESENTATION('',(#3104),#3108);
#3104 = LINE('',#3105,#3106);
#3105 = CARTESIAN_POINT('',(6.28318530718,-0.));
#3106 = VECTOR('',#3107,1.);
#3107 = DIRECTION('',(0.,1.));
#3108 = ( GEOMETRIC_REPRESENTATION_CONTEXT(2) 
PARAMETRIC_REPRESENTATION_CONTEXT() REPRESENTATION_CONTEXT('2D SPACE',''
  ) );
#3109 = PCURVE('',#790,#3110);
#3110 = DEFINITIONAL_REPRESENTATION('',(#3111),#3115);
#3111 = LINE('',#3112,#3113);
#3112 = CARTESIAN_POINT('',(0.,-0.));
#3113 = VECTOR('',#3114,1.);
#3114 = DIRECTION('',(0.,1.));
#3115 = ( GEOMETRIC_REPRESENTATION_CONTEXT(2) 
PARAMETRIC_REPRESENTATION_CONTEXT() REPRESENTATION_CONTEXT('2D SPACE',''
  ) );
#3116 = ORIENTED_EDGE('',*,*,#3117,.F.);
#3117 = EDGE_CURVE('',#3095,#3095,#3118,.T.);
#3118 = SURFACE_CURVE('',#3119,(#3124,#3131),.PCURVE_S1.);
#3119 = CIRCLE('',#3120,4.5);
#3120 = AXIS2_PLACEMENT_3D('',#3121,#3122,#3123);
#3121 = CARTESIAN_POINT('',(-68.,53.1,474.7));
#3122 = DIRECTION('',(0.,1.,0.));
#3123 = DIRECTION('',(0.,-0.,1.));
#3124 = PCURVE('',#790,#3125);
#3125 = DEFINITIONAL_REPRESENTATION('',(#3126),#3130);
#3126 = LINE('',#3127,#3128);
#3127 = CARTESIAN_POINT('',(0.,36.1));
#3128 = VECTOR('',#3129,1.);
#3129 = DIRECTION('',(1.,0.));
#3130 = ( GEOMETRIC_REPRESENTATION_CONTEXT(2) 
PARAMETRIC_REPRESENTATION_CONTEXT() REPRESENTATION_CONTEXT('2D SPACE',''
  ) );
#3131 = PCURVE('',#3132,#3137);
#3132 = PLANE('',#3133);
#3133 = AXIS2_PLACEMENT_3D('',#3134,#3135,#3136);
#3134 = CARTESIAN_POINT('',(-68.,53.1,474.7));
#3135 = DIRECTION('',(0.,1.,0.));
#3136 = DIRECTION('',(0.,-0.,1.));
#3137 = DEFINITIONAL_REPRESENTATION('',(#3138),#3142);
#3138 = CIRCLE('',#3139,4.5);
#3139 = AXIS2_PLACEMENT_2D('',#3140,#3141);
#3140 = CARTESIAN_POINT('',(0.,0.));
#3141 = DIRECTION('',(1.,0.));
#3142 = ( GEOMETRIC_REPRESENTATION_CONTEXT(2) 
PARAMETRIC_REPRESENTATION_CONTEXT() REPRESENTATION_CONTEXT('2D SPACE',''
  ) );
#3143 = ORIENTED_EDGE('',*,*,#3094,.F.);
#3144 = ORIENTED_EDGE('',*,*,#773,.T.);
#3145 = ORIENTED_EDGE('',*,*,#3146,.T.);
#3146 = EDGE_CURVE('',#746,#1847,#3147,.T.);
#3147 = SURFACE_CURVE('',#3148,(#3152,#3158),.PCURVE_S1.);
#3148 = LINE('',#3149,#3150);
#3149 = CARTESIAN_POINT('',(-65.,17.,478.05410196625));
#3150 = VECTOR('',#3151,1.);
#3151 = DIRECTION('',(0.,1.,0.));
#3152 = PCURVE('',#790,#3153);
#3153 = DEFINITIONAL_REPRESENTATION('',(#3154),#3157);
#3154 = B_SPLINE_CURVE_WITH_KNOTS('',1,(#3155,#3156),.UNSPECIFIED.,.F.,
  .F.,(2,2),(-5.999999999062E-07,36.1000006),.PIECEWISE_BEZIER_KNOTS.);
#3155 = CARTESIAN_POINT('',(0.729727656227,-5.999999999062E-07));
#3156 = CARTESIAN_POINT('',(0.729727656227,36.1000006));
#3157 = ( GEOMETRIC_REPRESENTATION_CONTEXT(2) 
PARAMETRIC_REPRESENTATION_CONTEXT() REPRESENTATION_CONTEXT('2D SPACE',''
  ) );
#3158 = PCURVE('',#761,#3159);
#3159 = DEFINITIONAL_REPRESENTATION('',(#3160),#3163);
#3160 = B_SPLINE_CURVE_WITH_KNOTS('',1,(#3161,#3162),.UNSPECIFIED.,.F.,
  .F.,(2,2),(-5.999999999062E-07,36.1000006),.PIECEWISE_BEZIER_KNOTS.);
#3161 = CARTESIAN_POINT('',(52.05410196625,1.0000006));
#3162 = CARTESIAN_POINT('',(52.05410196625,-35.1000006));
#3163 = ( GEOMETRIC_REPRESENTATION_CONTEXT(2) 
PARAMETRIC_REPRESENTATION_CONTEXT() REPRESENTATION_CONTEXT('2D SPACE',''
  ) );
#3164 = ORIENTED_EDGE('',*,*,#1846,.T.);
#3165 = ORIENTED_EDGE('',*,*,#3041,.F.);
#3166 = ORIENTED_EDGE('',*,*,#802,.T.);
#3167 = ADVANCED_FACE('',(#3168),#761,.T.);
#3168 = FACE_BOUND('',#3169,.T.);
#3169 = EDGE_LOOP('',(#3170,#3171,#3172,#3173));
#3170 = ORIENTED_EDGE('',*,*,#745,.F.);
#3171 = ORIENTED_EDGE('',*,*,#3146,.T.);
#3172 = ORIENTED_EDGE('',*,*,#1870,.T.);
#3173 = ORIENTED_EDGE('',*,*,#3174,.F.);
#3174 = EDGE_CURVE('',#722,#1871,#3175,.T.);
#3175 = SURFACE_CURVE('',#3176,(#3180,#3186),.PCURVE_S1.);
#3176 = LINE('',#3177,#3178);
#3177 = CARTESIAN_POINT('',(-65.,17.,525.34589803375));
#3178 = VECTOR('',#3179,1.);
#3179 = DIRECTION('',(0.,1.,0.));
#3180 = PCURVE('',#761,#3181);
#3181 = DEFINITIONAL_REPRESENTATION('',(#3182),#3185);
#3182 = B_SPLINE_CURVE_WITH_KNOTS('',1,(#3183,#3184),.UNSPECIFIED.,.F.,
  .F.,(2,2),(-5.999999999062E-07,36.1000006),.PIECEWISE_BEZIER_KNOTS.);
#3183 = CARTESIAN_POINT('',(99.34589803375,1.0000006));
#3184 = CARTESIAN_POINT('',(99.34589803375,-35.1000006));
#3185 = ( GEOMETRIC_REPRESENTATION_CONTEXT(2) 
PARAMETRIC_REPRESENTATION_CONTEXT() REPRESENTATION_CONTEXT('2D SPACE',''
  ) );
#3186 = PCURVE('',#709,#3187);
#3187 = DEFINITIONAL_REPRESENTATION('',(#3188),#3191);
#3188 = B_SPLINE_CURVE_WITH_KNOTS('',1,(#3189,#3190),.UNSPECIFIED.,.F.,
  .F.,(2,2),(-5.999999999062E-07,36.1000006),.PIECEWISE_BEZIER_KNOTS.);
#3189 = CARTESIAN_POINT('',(2.411864997363,-5.999999999062E-07));
#3190 = CARTESIAN_POINT('',(2.411864997363,36.1000006));
#3191 = ( GEOMETRIC_REPRESENTATION_CONTEXT(2) 
PARAMETRIC_REPRESENTATION_CONTEXT() REPRESENTATION_CONTEXT('2D SPACE',''
  ) );
#3192 = ADVANCED_FACE('',(#3193),#709,.F.);
#3193 = FACE_BOUND('',#3194,.F.);
#3194 = EDGE_LOOP('',(#3195,#3218,#3245,#3246,#3247,#3266,#3267,#3268));
#3195 = ORIENTED_EDGE('',*,*,#3196,.T.);
#3196 = EDGE_CURVE('',#693,#3197,#3199,.T.);
#3197 = VERTEX_POINT('',#3198);
#3198 = CARTESIAN_POINT('',(-68.,53.1,533.2));
#3199 = SEAM_CURVE('',#3200,(#3204,#3211),.PCURVE_S1.);
#3200 = LINE('',#3201,#3202);
#3201 = CARTESIAN_POINT('',(-68.,17.,533.2));
#3202 = VECTOR('',#3203,1.);
#3203 = DIRECTION('',(0.,1.,0.));
#3204 = PCURVE('',#709,#3205);
#3205 = DEFINITIONAL_REPRESENTATION('',(#3206),#3210);
#3206 = LINE('',#3207,#3208);
#3207 = CARTESIAN_POINT('',(6.28318530718,-0.));
#3208 = VECTOR('',#3209,1.);
#3209 = DIRECTION('',(0.,1.));
#3210 = ( GEOMETRIC_REPRESENTATION_CONTEXT(2) 
PARAMETRIC_REPRESENTATION_CONTEXT() REPRESENTATION_CONTEXT('2D SPACE',''
  ) );
#3211 = PCURVE('',#709,#3212);
#3212 = DEFINITIONAL_REPRESENTATION('',(#3213),#3217);
#3213 = LINE('',#3214,#3215);
#3214 = CARTESIAN_POINT('',(0.,-0.));
#3215 = VECTOR('',#3216,1.);
#3216 = DIRECTION('',(0.,1.));
#3217 = ( GEOMETRIC_REPRESENTATION_CONTEXT(2) 
PARAMETRIC_REPRESENTATION_CONTEXT() REPRESENTATION_CONTEXT('2D SPACE',''
  ) );
#3218 = ORIENTED_EDGE('',*,*,#3219,.F.);
#3219 = EDGE_CURVE('',#3197,#3197,#3220,.T.);
#3220 = SURFACE_CURVE('',#3221,(#3226,#3233),.PCURVE_S1.);
#3221 = CIRCLE('',#3222,4.5);
#3222 = AXIS2_PLACEMENT_3D('',#3223,#3224,#3225);
#3223 = CARTESIAN_POINT('',(-68.,53.1,528.7));
#3224 = DIRECTION('',(0.,1.,0.));
#3225 = DIRECTION('',(0.,-0.,1.));
#3226 = PCURVE('',#709,#3227);
#3227 = DEFINITIONAL_REPRESENTATION('',(#3228),#3232);
#3228 = LINE('',#3229,#3230);
#3229 = CARTESIAN_POINT('',(0.,36.1));
#3230 = VECTOR('',#3231,1.);
#3231 = DIRECTION('',(1.,0.));
#3232 = ( GEOMETRIC_REPRESENTATION_CONTEXT(2) 
PARAMETRIC_REPRESENTATION_CONTEXT() REPRESENTATION_CONTEXT('2D SPACE',''
  ) );
#3233 = PCURVE('',#3234,#3239);
#3234 = PLANE('',#3235);
#3235 = AXIS2_PLACEMENT_3D('',#3236,#3237,#3238);
#3236 = CARTESIAN_POINT('',(-68.,53.1,528.7));
#3237 = DIRECTION('',(0.,1.,0.));
#3238 = DIRECTION('',(0.,-0.,1.));
#3239 = DEFINITIONAL_REPRESENTATION('',(#3240),#3244);
#3240 = CIRCLE('',#3241,4.5);
#3241 = AXIS2_PLACEMENT_2D('',#3242,#3243);
#3242 = CARTESIAN_POINT('',(0.,0.));
#3243 = DIRECTION('',(1.,0.));
#3244 = ( GEOMETRIC_REPRESENTATION_CONTEXT(2) 
PARAMETRIC_REPRESENTATION_CONTEXT() REPRESENTATION_CONTEXT('2D SPACE',''
  ) );
#3245 = ORIENTED_EDGE('',*,*,#3196,.F.);
#3246 = ORIENTED_EDGE('',*,*,#692,.T.);
#3247 = ORIENTED_EDGE('',*,*,#3248,.T.);
#3248 = EDGE_CURVE('',#665,#1894,#3249,.T.);
#3249 = SURFACE_CURVE('',#3250,(#3254,#3260),.PCURVE_S1.);
#3250 = LINE('',#3251,#3252);
#3251 = CARTESIAN_POINT('',(-65.,17.,532.05410196625));
#3252 = VECTOR('',#3253,1.);
#3253 = DIRECTION('',(0.,1.,0.));
#3254 = PCURVE('',#709,#3255);
#3255 = DEFINITIONAL_REPRESENTATION('',(#3256),#3259);
#3256 = B_SPLINE_CURVE_WITH_KNOTS('',1,(#3257,#3258),.UNSPECIFIED.,.F.,
  .F.,(2,2),(-5.999999999062E-07,36.1000006),.PIECEWISE_BEZIER_KNOTS.);
#3257 = CARTESIAN_POINT('',(0.729727656227,-5.999999999062E-07));
#3258 = CARTESIAN_POINT('',(0.729727656227,36.1000006));
#3259 = ( GEOMETRIC_REPRESENTATION_CONTEXT(2) 
PARAMETRIC_REPRESENTATION_CONTEXT() REPRESENTATION_CONTEXT('2D SPACE',''
  ) );
#3260 = PCURVE('',#680,#3261);
#3261 = DEFINITIONAL_REPRESENTATION('',(#3262),#3265);
#3262 = B_SPLINE_CURVE_WITH_KNOTS('',1,(#3263,#3264),.UNSPECIFIED.,.F.,
  .F.,(2,2),(-5.999999999062E-07,36.1000006),.PIECEWISE_BEZIER_KNOTS.);
#3263 = CARTESIAN_POINT('',(106.05410196625,1.0000006));
#3264 = CARTESIAN_POINT('',(106.05410196625,-35.1000006));
#3265 = ( GEOMETRIC_REPRESENTATION_CONTEXT(2) 
PARAMETRIC_REPRESENTATION_CONTEXT() REPRESENTATION_CONTEXT('2D SPACE',''
  ) );
#3266 = ORIENTED_EDGE('',*,*,#1893,.T.);
#3267 = ORIENTED_EDGE('',*,*,#3174,.F.);
#3268 = ORIENTED_EDGE('',*,*,#721,.T.);
#3269 = ADVANCED_FACE('',(#3270),#680,.T.);
#3270 = FACE_BOUND('',#3271,.T.);
#3271 = EDGE_LOOP('',(#3272,#3273,#3274,#3275));
#3272 = ORIENTED_EDGE('',*,*,#664,.F.);
#3273 = ORIENTED_EDGE('',*,*,#3248,.T.);
#3274 = ORIENTED_EDGE('',*,*,#1917,.T.);
#3275 = ORIENTED_EDGE('',*,*,#3276,.F.);
#3276 = EDGE_CURVE('',#641,#1918,#3277,.T.);
#3277 = SURFACE_CURVE('',#3278,(#3282,#3288),.PCURVE_S1.);
#3278 = LINE('',#3279,#3280);
#3279 = CARTESIAN_POINT('',(-65.,17.,551.34589803375));
#3280 = VECTOR('',#3281,1.);
#3281 = DIRECTION('',(0.,1.,0.));
#3282 = PCURVE('',#680,#3283);
#3283 = DEFINITIONAL_REPRESENTATION('',(#3284),#3287);
#3284 = B_SPLINE_CURVE_WITH_KNOTS('',1,(#3285,#3286),.UNSPECIFIED.,.F.,
  .F.,(2,2),(-5.999999999062E-07,36.1000006),.PIECEWISE_BEZIER_KNOTS.);
#3285 = CARTESIAN_POINT('',(125.34589803375,1.0000006));
#3286 = CARTESIAN_POINT('',(125.34589803375,-35.1000006));
#3287 = ( GEOMETRIC_REPRESENTATION_CONTEXT(2) 
PARAMETRIC_REPRESENTATION_CONTEXT() REPRESENTATION_CONTEXT('2D SPACE',''
  ) );
#3288 = PCURVE('',#628,#3289);
#3289 = DEFINITIONAL_REPRESENTATION('',(#3290),#3293);
#3290 = B_SPLINE_CURVE_WITH_KNOTS('',1,(#3291,#3292),.UNSPECIFIED.,.F.,
  .F.,(2,2),(-5.999999999062E-07,36.1000006),.PIECEWISE_BEZIER_KNOTS.);
#3291 = CARTESIAN_POINT('',(2.411864997363,-5.999999999062E-07));
#3292 = CARTESIAN_POINT('',(2.411864997363,36.1000006));
#3293 = ( GEOMETRIC_REPRESENTATION_CONTEXT(2) 
PARAMETRIC_REPRESENTATION_CONTEXT() REPRESENTATION_CONTEXT('2D SPACE',''
  ) );
#3294 = ADVANCED_FACE('',(#3295),#628,.F.);
#3295 = FACE_BOUND('',#3296,.F.);
#3296 = EDGE_LOOP('',(#3297,#3320,#3347,#3348,#3349,#3350,#3351,#3352));
#3297 = ORIENTED_EDGE('',*,*,#3298,.T.);
#3298 = EDGE_CURVE('',#612,#3299,#3301,.T.);
#3299 = VERTEX_POINT('',#3300);
#3300 = CARTESIAN_POINT('',(-68.,53.1,559.2));
#3301 = SEAM_CURVE('',#3302,(#3306,#3313),.PCURVE_S1.);
#3302 = LINE('',#3303,#3304);
#3303 = CARTESIAN_POINT('',(-68.,17.,559.2));
#3304 = VECTOR('',#3305,1.);
#3305 = DIRECTION('',(0.,1.,0.));
#3306 = PCURVE('',#628,#3307);
#3307 = DEFINITIONAL_REPRESENTATION('',(#3308),#3312);
#3308 = LINE('',#3309,#3310);
#3309 = CARTESIAN_POINT('',(6.28318530718,-0.));
#3310 = VECTOR('',#3311,1.);
#3311 = DIRECTION('',(0.,1.));
#3312 = ( GEOMETRIC_REPRESENTATION_CONTEXT(2) 
PARAMETRIC_REPRESENTATION_CONTEXT() REPRESENTATION_CONTEXT('2D SPACE',''
  ) );
#3313 = PCURVE('',#628,#3314);
#3314 = DEFINITIONAL_REPRESENTATION('',(#3315),#3319);
#3315 = LINE('',#3316,#3317);
#3316 = CARTESIAN_POINT('',(0.,-0.));
#3317 = VECTOR('',#3318,1.);
#3318 = DIRECTION('',(0.,1.));
#3319 = ( GEOMETRIC_REPRESENTATION_CONTEXT(2) 
PARAMETRIC_REPRESENTATION_CONTEXT() REPRESENTATION_CONTEXT('2D SPACE',''
  ) );
#3320 = ORIENTED_EDGE('',*,*,#3321,.F.);
#3321 = EDGE_CURVE('',#3299,#3299,#3322,.T.);
#3322 = SURFACE_CURVE('',#3323,(#3328,#3335),.PCURVE_S1.);
#3323 = CIRCLE('',#3324,4.5);
#3324 = AXIS2_PLACEMENT_3D('',#3325,#3326,#3327);
#3325 = CARTESIAN_POINT('',(-68.,53.1,554.7));
#3326 = DIRECTION('',(0.,1.,0.));
#3327 = DIRECTION('',(0.,-0.,1.));
#3328 = PCURVE('',#628,#3329);
#3329 = DEFINITIONAL_REPRESENTATION('',(#3330),#3334);
#3330 = LINE('',#3331,#3332);
#3331 = CARTESIAN_POINT('',(0.,36.1));
#3332 = VECTOR('',#3333,1.);
#3333 = DIRECTION('',(1.,0.));
#3334 = ( GEOMETRIC_REPRESENTATION_CONTEXT(2) 
PARAMETRIC_REPRESENTATION_CONTEXT() REPRESENTATION_CONTEXT('2D SPACE',''
  ) );
#3335 = PCURVE('',#3336,#3341);
#3336 = PLANE('',#3337);
#3337 = AXIS2_PLACEMENT_3D('',#3338,#3339,#3340);
#3338 = CARTESIAN_POINT('',(-68.,53.1,554.7));
#3339 = DIRECTION('',(0.,1.,0.));
#3340 = DIRECTION('',(0.,-0.,1.));
#3341 = DEFINITIONAL_REPRESENTATION('',(#3342),#3346);
#3342 = CIRCLE('',#3343,4.5);
#3343 = AXIS2_PLACEMENT_2D('',#3344,#3345);
#3344 = CARTESIAN_POINT('',(0.,0.));
#3345 = DIRECTION('',(1.,0.));
#3346 = ( GEOMETRIC_REPRESENTATION_CONTEXT(2) 
PARAMETRIC_REPRESENTATION_CONTEXT() REPRESENTATION_CONTEXT('2D SPACE',''
  ) );
#3347 = ORIENTED_EDGE('',*,*,#3298,.F.);
#3348 = ORIENTED_EDGE('',*,*,#611,.T.);
#3349 = ORIENTED_EDGE('',*,*,#1640,.T.);
#3350 = ORIENTED_EDGE('',*,*,#1940,.T.);
#3351 = ORIENTED_EDGE('',*,*,#3276,.F.);
#3352 = ORIENTED_EDGE('',*,*,#640,.T.);
#3353 = ADVANCED_FACE('',(#3354),#973,.F.);
#3354 = FACE_BOUND('',#3355,.F.);
#3355 = EDGE_LOOP('',(#3356,#3379,#3380,#3381));
#3356 = ORIENTED_EDGE('',*,*,#3357,.T.);
#3357 = EDGE_CURVE('',#3358,#957,#3360,.T.);
#3358 = VERTEX_POINT('',#3359);
#3359 = CARTESIAN_POINT('',(-68.,57.5,450.95));
#3360 = SEAM_CURVE('',#3361,(#3365,#3372),.PCURVE_S1.);
#3361 = LINE('',#3362,#3363);
#3362 = CARTESIAN_POINT('',(-68.,52.5,450.95));
#3363 = VECTOR('',#3364,1.);
#3364 = DIRECTION('',(0.,1.,0.));
#3365 = PCURVE('',#973,#3366);
#3366 = DEFINITIONAL_REPRESENTATION('',(#3367),#3371);
#3367 = LINE('',#3368,#3369);
#3368 = CARTESIAN_POINT('',(6.28318530718,-0.));
#3369 = VECTOR('',#3370,1.);
#3370 = DIRECTION('',(0.,1.));
#3371 = ( GEOMETRIC_REPRESENTATION_CONTEXT(2) 
PARAMETRIC_REPRESENTATION_CONTEXT() REPRESENTATION_CONTEXT('2D SPACE',''
  ) );
#3372 = PCURVE('',#973,#3373);
#3373 = DEFINITIONAL_REPRESENTATION('',(#3374),#3378);
#3374 = LINE('',#3375,#3376);
#3375 = CARTESIAN_POINT('',(0.,-0.));
#3376 = VECTOR('',#3377,1.);
#3377 = DIRECTION('',(0.,1.));
#3378 = ( GEOMETRIC_REPRESENTATION_CONTEXT(2) 
PARAMETRIC_REPRESENTATION_CONTEXT() REPRESENTATION_CONTEXT('2D SPACE',''
  ) );
#3379 = ORIENTED_EDGE('',*,*,#956,.F.);
#3380 = ORIENTED_EDGE('',*,*,#3357,.F.);
#3381 = ORIENTED_EDGE('',*,*,#3382,.T.);
#3382 = EDGE_CURVE('',#3358,#3358,#3383,.T.);
#3383 = SURFACE_CURVE('',#3384,(#3389,#3396),.PCURVE_S1.);
#3384 = CIRCLE('',#3385,2.25);
#3385 = AXIS2_PLACEMENT_3D('',#3386,#3387,#3388);
#3386 = CARTESIAN_POINT('',(-68.,57.5,448.7));
#3387 = DIRECTION('',(0.,1.,0.));
#3388 = DIRECTION('',(0.,-0.,1.));
#3389 = PCURVE('',#973,#3390);
#3390 = DEFINITIONAL_REPRESENTATION('',(#3391),#3395);
#3391 = LINE('',#3392,#3393);
#3392 = CARTESIAN_POINT('',(0.,5.));
#3393 = VECTOR('',#3394,1.);
#3394 = DIRECTION('',(1.,0.));
#3395 = ( GEOMETRIC_REPRESENTATION_CONTEXT(2) 
PARAMETRIC_REPRESENTATION_CONTEXT() REPRESENTATION_CONTEXT('2D SPACE',''
  ) );
#3396 = PCURVE('',#3397,#3402);
#3397 = PLANE('',#3398);
#3398 = AXIS2_PLACEMENT_3D('',#3399,#3400,#3401);
#3399 = CARTESIAN_POINT('',(-68.,57.5,448.7));
#3400 = DIRECTION('',(0.,1.,0.));
#3401 = DIRECTION('',(0.,-0.,1.));
#3402 = DEFINITIONAL_REPRESENTATION('',(#3403),#3407);
#3403 = CIRCLE('',#3404,2.25);
#3404 = AXIS2_PLACEMENT_2D('',#3405,#3406);
#3405 = CARTESIAN_POINT('',(0.,0.));
#3406 = DIRECTION('',(1.,0.));
#3407 = ( GEOMETRIC_REPRESENTATION_CONTEXT(2) 
PARAMETRIC_REPRESENTATION_CONTEXT() REPRESENTATION_CONTEXT('2D SPACE',''
  ) );
#3408 = ADVANCED_FACE('',(#3409),#1004,.F.);
#3409 = FACE_BOUND('',#3410,.F.);
#3410 = EDGE_LOOP('',(#3411,#3412,#3435,#3457));
#3411 = ORIENTED_EDGE('',*,*,#987,.F.);
#3412 = ORIENTED_EDGE('',*,*,#3413,.F.);
#3413 = EDGE_CURVE('',#3414,#988,#3416,.T.);
#3414 = VERTEX_POINT('',#3415);
#3415 = CARTESIAN_POINT('',(-42.,53.,450.95));
#3416 = SEAM_CURVE('',#3417,(#3421,#3428),.PCURVE_S1.);
#3417 = LINE('',#3418,#3419);
#3418 = CARTESIAN_POINT('',(-42.,52.5,450.95));
#3419 = VECTOR('',#3420,1.);
#3420 = DIRECTION('',(0.,1.,0.));
#3421 = PCURVE('',#1004,#3422);
#3422 = DEFINITIONAL_REPRESENTATION('',(#3423),#3427);
#3423 = LINE('',#3424,#3425);
#3424 = CARTESIAN_POINT('',(6.28318530718,-0.));
#3425 = VECTOR('',#3426,1.);
#3426 = DIRECTION('',(0.,1.));
#3427 = ( GEOMETRIC_REPRESENTATION_CONTEXT(2) 
PARAMETRIC_REPRESENTATION_CONTEXT() REPRESENTATION_CONTEXT('2D SPACE',''
  ) );
#3428 = PCURVE('',#1004,#3429);
#3429 = DEFINITIONAL_REPRESENTATION('',(#3430),#3434);
#3430 = LINE('',#3431,#3432);
#3431 = CARTESIAN_POINT('',(0.,-0.));
#3432 = VECTOR('',#3433,1.);
#3433 = DIRECTION('',(0.,1.));
#3434 = ( GEOMETRIC_REPRESENTATION_CONTEXT(2) 
PARAMETRIC_REPRESENTATION_CONTEXT() REPRESENTATION_CONTEXT('2D SPACE',''
  ) );
#3435 = ORIENTED_EDGE('',*,*,#3436,.T.);
#3436 = EDGE_CURVE('',#3414,#3414,#3437,.T.);
#3437 = SURFACE_CURVE('',#3438,(#3443,#3450),.PCURVE_S1.);
#3438 = CIRCLE('',#3439,2.25);
#3439 = AXIS2_PLACEMENT_3D('',#3440,#3441,#3442);
#3440 = CARTESIAN_POINT('',(-42.,53.,448.7));
#3441 = DIRECTION('',(0.,1.,0.));
#3442 = DIRECTION('',(0.,-0.,1.));
#3443 = PCURVE('',#1004,#3444);
#3444 = DEFINITIONAL_REPRESENTATION('',(#3445),#3449);
#3445 = LINE('',#3446,#3447);
#3446 = CARTESIAN_POINT('',(0.,0.5));
#3447 = VECTOR('',#3448,1.);
#3448 = DIRECTION('',(1.,0.));
#3449 = ( GEOMETRIC_REPRESENTATION_CONTEXT(2) 
PARAMETRIC_REPRESENTATION_CONTEXT() REPRESENTATION_CONTEXT('2D SPACE',''
  ) );
#3450 = PCURVE('',#2227,#3451);
#3451 = DEFINITIONAL_REPRESENTATION('',(#3452),#3456);
#3452 = CIRCLE('',#3453,2.25);
#3453 = AXIS2_PLACEMENT_2D('',#3454,#3455);
#3454 = CARTESIAN_POINT('',(22.7,33.));
#3455 = DIRECTION('',(1.,0.));
#3456 = ( GEOMETRIC_REPRESENTATION_CONTEXT(2) 
PARAMETRIC_REPRESENTATION_CONTEXT() REPRESENTATION_CONTEXT('2D SPACE',''
  ) );
#3457 = ORIENTED_EDGE('',*,*,#3413,.T.);
#3458 = ADVANCED_FACE('',(#3459),#1035,.F.);
#3459 = FACE_BOUND('',#3460,.F.);
#3460 = EDGE_LOOP('',(#3461,#3484,#3485,#3486));
#3461 = ORIENTED_EDGE('',*,*,#3462,.T.);
#3462 = EDGE_CURVE('',#3463,#1019,#3465,.T.);
#3463 = VERTEX_POINT('',#3464);
#3464 = CARTESIAN_POINT('',(-68.,57.5,476.95));
#3465 = SEAM_CURVE('',#3466,(#3470,#3477),.PCURVE_S1.);
#3466 = LINE('',#3467,#3468);
#3467 = CARTESIAN_POINT('',(-68.,52.5,476.95));
#3468 = VECTOR('',#3469,1.);
#3469 = DIRECTION('',(0.,1.,0.));
#3470 = PCURVE('',#1035,#3471);
#3471 = DEFINITIONAL_REPRESENTATION('',(#3472),#3476);
#3472 = LINE('',#3473,#3474);
#3473 = CARTESIAN_POINT('',(6.28318530718,-0.));
#3474 = VECTOR('',#3475,1.);
#3475 = DIRECTION('',(0.,1.));
#3476 = ( GEOMETRIC_REPRESENTATION_CONTEXT(2) 
PARAMETRIC_REPRESENTATION_CONTEXT() REPRESENTATION_CONTEXT('2D SPACE',''
  ) );
#3477 = PCURVE('',#1035,#3478);
#3478 = DEFINITIONAL_REPRESENTATION('',(#3479),#3483);
#3479 = LINE('',#3480,#3481);
#3480 = CARTESIAN_POINT('',(0.,-0.));
#3481 = VECTOR('',#3482,1.);
#3482 = DIRECTION('',(0.,1.));
#3483 = ( GEOMETRIC_REPRESENTATION_CONTEXT(2) 
PARAMETRIC_REPRESENTATION_CONTEXT() REPRESENTATION_CONTEXT('2D SPACE',''
  ) );
#3484 = ORIENTED_EDGE('',*,*,#1018,.F.);
#3485 = ORIENTED_EDGE('',*,*,#3462,.F.);
#3486 = ORIENTED_EDGE('',*,*,#3487,.T.);
#3487 = EDGE_CURVE('',#3463,#3463,#3488,.T.);
#3488 = SURFACE_CURVE('',#3489,(#3494,#3501),.PCURVE_S1.);
#3489 = CIRCLE('',#3490,2.25);
#3490 = AXIS2_PLACEMENT_3D('',#3491,#3492,#3493);
#3491 = CARTESIAN_POINT('',(-68.,57.5,474.7));
#3492 = DIRECTION('',(0.,1.,0.));
#3493 = DIRECTION('',(0.,-0.,1.));
#3494 = PCURVE('',#1035,#3495);
#3495 = DEFINITIONAL_REPRESENTATION('',(#3496),#3500);
#3496 = LINE('',#3497,#3498);
#3497 = CARTESIAN_POINT('',(0.,5.));
#3498 = VECTOR('',#3499,1.);
#3499 = DIRECTION('',(1.,0.));
#3500 = ( GEOMETRIC_REPRESENTATION_CONTEXT(2) 
PARAMETRIC_REPRESENTATION_CONTEXT() REPRESENTATION_CONTEXT('2D SPACE',''
  ) );
#3501 = PCURVE('',#3502,#3507);
#3502 = PLANE('',#3503);
#3503 = AXIS2_PLACEMENT_3D('',#3504,#3505,#3506);
#3504 = CARTESIAN_POINT('',(-68.,57.5,474.7));
#3505 = DIRECTION('',(0.,1.,0.));
#3506 = DIRECTION('',(0.,-0.,1.));
#3507 = DEFINITIONAL_REPRESENTATION('',(#3508),#3512);
#3508 = CIRCLE('',#3509,2.25);
#3509 = AXIS2_PLACEMENT_2D('',#3510,#3511);
#3510 = CARTESIAN_POINT('',(0.,0.));
#3511 = DIRECTION('',(1.,0.));
#3512 = ( GEOMETRIC_REPRESENTATION_CONTEXT(2) 
PARAMETRIC_REPRESENTATION_CONTEXT() REPRESENTATION_CONTEXT('2D SPACE',''
  ) );
#3513 = ADVANCED_FACE('',(#3514),#1066,.F.);
#3514 = FACE_BOUND('',#3515,.F.);
#3515 = EDGE_LOOP('',(#3516,#3517,#3540,#3562));
#3516 = ORIENTED_EDGE('',*,*,#1049,.F.);
#3517 = ORIENTED_EDGE('',*,*,#3518,.F.);
#3518 = EDGE_CURVE('',#3519,#1050,#3521,.T.);
#3519 = VERTEX_POINT('',#3520);
#3520 = CARTESIAN_POINT('',(-42.,53.,476.95));
#3521 = SEAM_CURVE('',#3522,(#3526,#3533),.PCURVE_S1.);
#3522 = LINE('',#3523,#3524);
#3523 = CARTESIAN_POINT('',(-42.,52.5,476.95));
#3524 = VECTOR('',#3525,1.);
#3525 = DIRECTION('',(0.,1.,0.));
#3526 = PCURVE('',#1066,#3527);
#3527 = DEFINITIONAL_REPRESENTATION('',(#3528),#3532);
#3528 = LINE('',#3529,#3530);
#3529 = CARTESIAN_POINT('',(6.28318530718,-0.));
#3530 = VECTOR('',#3531,1.);
#3531 = DIRECTION('',(0.,1.));
#3532 = ( GEOMETRIC_REPRESENTATION_CONTEXT(2) 
PARAMETRIC_REPRESENTATION_CONTEXT() REPRESENTATION_CONTEXT('2D SPACE',''
  ) );
#3533 = PCURVE('',#1066,#3534);
#3534 = DEFINITIONAL_REPRESENTATION('',(#3535),#3539);
#3535 = LINE('',#3536,#3537);
#3536 = CARTESIAN_POINT('',(0.,-0.));
#3537 = VECTOR('',#3538,1.);
#3538 = DIRECTION('',(0.,1.));
#3539 = ( GEOMETRIC_REPRESENTATION_CONTEXT(2) 
PARAMETRIC_REPRESENTATION_CONTEXT() REPRESENTATION_CONTEXT('2D SPACE',''
  ) );
#3540 = ORIENTED_EDGE('',*,*,#3541,.T.);
#3541 = EDGE_CURVE('',#3519,#3519,#3542,.T.);
#3542 = SURFACE_CURVE('',#3543,(#3548,#3555),.PCURVE_S1.);
#3543 = CIRCLE('',#3544,2.25);
#3544 = AXIS2_PLACEMENT_3D('',#3545,#3546,#3547);
#3545 = CARTESIAN_POINT('',(-42.,53.,474.7));
#3546 = DIRECTION('',(0.,1.,0.));
#3547 = DIRECTION('',(0.,-0.,1.));
#3548 = PCURVE('',#1066,#3549);
#3549 = DEFINITIONAL_REPRESENTATION('',(#3550),#3554);
#3550 = LINE('',#3551,#3552);
#3551 = CARTESIAN_POINT('',(0.,0.5));
#3552 = VECTOR('',#3553,1.);
#3553 = DIRECTION('',(1.,0.));
#3554 = ( GEOMETRIC_REPRESENTATION_CONTEXT(2) 
PARAMETRIC_REPRESENTATION_CONTEXT() REPRESENTATION_CONTEXT('2D SPACE',''
  ) );
#3555 = PCURVE('',#2258,#3556);
#3556 = DEFINITIONAL_REPRESENTATION('',(#3557),#3561);
#3557 = CIRCLE('',#3558,2.25);
#3558 = AXIS2_PLACEMENT_2D('',#3559,#3560);
#3559 = CARTESIAN_POINT('',(48.7,33.));
#3560 = DIRECTION('',(1.,0.));
#3561 = ( GEOMETRIC_REPRESENTATION_CONTEXT(2) 
PARAMETRIC_REPRESENTATION_CONTEXT() REPRESENTATION_CONTEXT('2D SPACE',''
  ) );
#3562 = ORIENTED_EDGE('',*,*,#3518,.T.);
#3563 = ADVANCED_FACE('',(#3564),#1097,.F.);
#3564 = FACE_BOUND('',#3565,.F.);
#3565 = EDGE_LOOP('',(#3566,#3589,#3590,#3591));
#3566 = ORIENTED_EDGE('',*,*,#3567,.T.);
#3567 = EDGE_CURVE('',#3568,#1081,#3570,.T.);
#3568 = VERTEX_POINT('',#3569);
#3569 = CARTESIAN_POINT('',(-68.,57.5,530.95));
#3570 = SEAM_CURVE('',#3571,(#3575,#3582),.PCURVE_S1.);
#3571 = LINE('',#3572,#3573);
#3572 = CARTESIAN_POINT('',(-68.,52.5,530.95));
#3573 = VECTOR('',#3574,1.);
#3574 = DIRECTION('',(0.,1.,0.));
#3575 = PCURVE('',#1097,#3576);
#3576 = DEFINITIONAL_REPRESENTATION('',(#3577),#3581);
#3577 = LINE('',#3578,#3579);
#3578 = CARTESIAN_POINT('',(6.28318530718,-0.));
#3579 = VECTOR('',#3580,1.);
#3580 = DIRECTION('',(0.,1.));
#3581 = ( GEOMETRIC_REPRESENTATION_CONTEXT(2) 
PARAMETRIC_REPRESENTATION_CONTEXT() REPRESENTATION_CONTEXT('2D SPACE',''
  ) );
#3582 = PCURVE('',#1097,#3583);
#3583 = DEFINITIONAL_REPRESENTATION('',(#3584),#3588);
#3584 = LINE('',#3585,#3586);
#3585 = CARTESIAN_POINT('',(0.,-0.));
#3586 = VECTOR('',#3587,1.);
#3587 = DIRECTION('',(0.,1.));
#3588 = ( GEOMETRIC_REPRESENTATION_CONTEXT(2) 
PARAMETRIC_REPRESENTATION_CONTEXT() REPRESENTATION_CONTEXT('2D SPACE',''
  ) );
#3589 = ORIENTED_EDGE('',*,*,#1080,.F.);
#3590 = ORIENTED_EDGE('',*,*,#3567,.F.);
#3591 = ORIENTED_EDGE('',*,*,#3592,.T.);
#3592 = EDGE_CURVE('',#3568,#3568,#3593,.T.);
#3593 = SURFACE_CURVE('',#3594,(#3599,#3606),.PCURVE_S1.);
#3594 = CIRCLE('',#3595,2.25);
#3595 = AXIS2_PLACEMENT_3D('',#3596,#3597,#3598);
#3596 = CARTESIAN_POINT('',(-68.,57.5,528.7));
#3597 = DIRECTION('',(0.,1.,0.));
#3598 = DIRECTION('',(0.,-0.,1.));
#3599 = PCURVE('',#1097,#3600);
#3600 = DEFINITIONAL_REPRESENTATION('',(#3601),#3605);
#3601 = LINE('',#3602,#3603);
#3602 = CARTESIAN_POINT('',(0.,5.));
#3603 = VECTOR('',#3604,1.);
#3604 = DIRECTION('',(1.,0.));
#3605 = ( GEOMETRIC_REPRESENTATION_CONTEXT(2) 
PARAMETRIC_REPRESENTATION_CONTEXT() REPRESENTATION_CONTEXT('2D SPACE',''
  ) );
#3606 = PCURVE('',#3607,#3612);
#3607 = PLANE('',#3608);
#3608 = AXIS2_PLACEMENT_3D('',#3609,#3610,#3611);
#3609 = CARTESIAN_POINT('',(-68.,57.5,528.7));
#3610 = DIRECTION('',(0.,1.,0.));
#3611 = DIRECTION('',(0.,-0.,1.));
#3612 = DEFINITIONAL_REPRESENTATION('',(#3613),#3617);
#3613 = CIRCLE('',#3614,2.25);
#3614 = AXIS2_PLACEMENT_2D('',#3615,#3616);
#3615 = CARTESIAN_POINT('',(0.,0.));
#3616 = DIRECTION('',(1.,0.));
#3617 = ( GEOMETRIC_REPRESENTATION_CONTEXT(2) 
PARAMETRIC_REPRESENTATION_CONTEXT() REPRESENTATION_CONTEXT('2D SPACE',''
  ) );
#3618 = ADVANCED_FACE('',(#3619),#1128,.F.);
#3619 = FACE_BOUND('',#3620,.F.);
#3620 = EDGE_LOOP('',(#3621,#3622,#3645,#3667));
#3621 = ORIENTED_EDGE('',*,*,#1111,.F.);
#3622 = ORIENTED_EDGE('',*,*,#3623,.F.);
#3623 = EDGE_CURVE('',#3624,#1112,#3626,.T.);
#3624 = VERTEX_POINT('',#3625);
#3625 = CARTESIAN_POINT('',(-42.,53.,530.95));
#3626 = SEAM_CURVE('',#3627,(#3631,#3638),.PCURVE_S1.);
#3627 = LINE('',#3628,#3629);
#3628 = CARTESIAN_POINT('',(-42.,52.5,530.95));
#3629 = VECTOR('',#3630,1.);
#3630 = DIRECTION('',(0.,1.,0.));
#3631 = PCURVE('',#1128,#3632);
#3632 = DEFINITIONAL_REPRESENTATION('',(#3633),#3637);
#3633 = LINE('',#3634,#3635);
#3634 = CARTESIAN_POINT('',(6.28318530718,-0.));
#3635 = VECTOR('',#3636,1.);
#3636 = DIRECTION('',(0.,1.));
#3637 = ( GEOMETRIC_REPRESENTATION_CONTEXT(2) 
PARAMETRIC_REPRESENTATION_CONTEXT() REPRESENTATION_CONTEXT('2D SPACE',''
  ) );
#3638 = PCURVE('',#1128,#3639);
#3639 = DEFINITIONAL_REPRESENTATION('',(#3640),#3644);
#3640 = LINE('',#3641,#3642);
#3641 = CARTESIAN_POINT('',(0.,-0.));
#3642 = VECTOR('',#3643,1.);
#3643 = DIRECTION('',(0.,1.));
#3644 = ( GEOMETRIC_REPRESENTATION_CONTEXT(2) 
PARAMETRIC_REPRESENTATION_CONTEXT() REPRESENTATION_CONTEXT('2D SPACE',''
  ) );
#3645 = ORIENTED_EDGE('',*,*,#3646,.T.);
#3646 = EDGE_CURVE('',#3624,#3624,#3647,.T.);
#3647 = SURFACE_CURVE('',#3648,(#3653,#3660),.PCURVE_S1.);
#3648 = CIRCLE('',#3649,2.25);
#3649 = AXIS2_PLACEMENT_3D('',#3650,#3651,#3652);
#3650 = CARTESIAN_POINT('',(-42.,53.,528.7));
#3651 = DIRECTION('',(0.,1.,0.));
#3652 = DIRECTION('',(0.,-0.,1.));
#3653 = PCURVE('',#1128,#3654);
#3654 = DEFINITIONAL_REPRESENTATION('',(#3655),#3659);
#3655 = LINE('',#3656,#3657);
#3656 = CARTESIAN_POINT('',(0.,0.5));
#3657 = VECTOR('',#3658,1.);
#3658 = DIRECTION('',(1.,0.));
#3659 = ( GEOMETRIC_REPRESENTATION_CONTEXT(2) 
PARAMETRIC_REPRESENTATION_CONTEXT() REPRESENTATION_CONTEXT('2D SPACE',''
  ) );
#3660 = PCURVE('',#2289,#3661);
#3661 = DEFINITIONAL_REPRESENTATION('',(#3662),#3666);
#3662 = CIRCLE('',#3663,2.25);
#3663 = AXIS2_PLACEMENT_2D('',#3664,#3665);
#3664 = CARTESIAN_POINT('',(102.7,33.));
#3665 = DIRECTION('',(1.,0.));
#3666 = ( GEOMETRIC_REPRESENTATION_CONTEXT(2) 
PARAMETRIC_REPRESENTATION_CONTEXT() REPRESENTATION_CONTEXT('2D SPACE',''
  ) );
#3667 = ORIENTED_EDGE('',*,*,#3623,.T.);
#3668 = ADVANCED_FACE('',(#3669),#1159,.F.);
#3669 = FACE_BOUND('',#3670,.F.);
#3670 = EDGE_LOOP('',(#3671,#3694,#3695,#3696));
#3671 = ORIENTED_EDGE('',*,*,#3672,.T.);
#3672 = EDGE_CURVE('',#3673,#1143,#3675,.T.);
#3673 = VERTEX_POINT('',#3674);
#3674 = CARTESIAN_POINT('',(-68.,57.5,556.95));
#3675 = SEAM_CURVE('',#3676,(#3680,#3687),.PCURVE_S1.);
#3676 = LINE('',#3677,#3678);
#3677 = CARTESIAN_POINT('',(-68.,52.5,556.95));
#3678 = VECTOR('',#3679,1.);
#3679 = DIRECTION('',(0.,1.,0.));
#3680 = PCURVE('',#1159,#3681);
#3681 = DEFINITIONAL_REPRESENTATION('',(#3682),#3686);
#3682 = LINE('',#3683,#3684);
#3683 = CARTESIAN_POINT('',(6.28318530718,-0.));
#3684 = VECTOR('',#3685,1.);
#3685 = DIRECTION('',(0.,1.));
#3686 = ( GEOMETRIC_REPRESENTATION_CONTEXT(2) 
PARAMETRIC_REPRESENTATION_CONTEXT() REPRESENTATION_CONTEXT('2D SPACE',''
  ) );
#3687 = PCURVE('',#1159,#3688);
#3688 = DEFINITIONAL_REPRESENTATION('',(#3689),#3693);
#3689 = LINE('',#3690,#3691);
#3690 = CARTESIAN_POINT('',(0.,-0.));
#3691 = VECTOR('',#3692,1.);
#3692 = DIRECTION('',(0.,1.));
#3693 = ( GEOMETRIC_REPRESENTATION_CONTEXT(2) 
PARAMETRIC_REPRESENTATION_CONTEXT() REPRESENTATION_CONTEXT('2D SPACE',''
  ) );
#3694 = ORIENTED_EDGE('',*,*,#1142,.F.);
#3695 = ORIENTED_EDGE('',*,*,#3672,.F.);
#3696 = ORIENTED_EDGE('',*,*,#3697,.T.);
#3697 = EDGE_CURVE('',#3673,#3673,#3698,.T.);
#3698 = SURFACE_CURVE('',#3699,(#3704,#3711),.PCURVE_S1.);
#3699 = CIRCLE('',#3700,2.25);
#3700 = AXIS2_PLACEMENT_3D('',#3701,#3702,#3703);
#3701 = CARTESIAN_POINT('',(-68.,57.5,554.7));
#3702 = DIRECTION('',(0.,1.,0.));
#3703 = DIRECTION('',(0.,-0.,1.));
#3704 = PCURVE('',#1159,#3705);
#3705 = DEFINITIONAL_REPRESENTATION('',(#3706),#3710);
#3706 = LINE('',#3707,#3708);
#3707 = CARTESIAN_POINT('',(0.,5.));
#3708 = VECTOR('',#3709,1.);
#3709 = DIRECTION('',(1.,0.));
#3710 = ( GEOMETRIC_REPRESENTATION_CONTEXT(2) 
PARAMETRIC_REPRESENTATION_CONTEXT() REPRESENTATION_CONTEXT('2D SPACE',''
  ) );
#3711 = PCURVE('',#3712,#3717);
#3712 = PLANE('',#3713);
#3713 = AXIS2_PLACEMENT_3D('',#3714,#3715,#3716);
#3714 = CARTESIAN_POINT('',(-68.,57.5,554.7));
#3715 = DIRECTION('',(0.,1.,0.));
#3716 = DIRECTION('',(0.,-0.,1.));
#3717 = DEFINITIONAL_REPRESENTATION('',(#3718),#3722);
#3718 = CIRCLE('',#3719,2.25);
#3719 = AXIS2_PLACEMENT_2D('',#3720,#3721);
#3720 = CARTESIAN_POINT('',(0.,0.));
#3721 = DIRECTION('',(1.,0.));
#3722 = ( GEOMETRIC_REPRESENTATION_CONTEXT(2) 
PARAMETRIC_REPRESENTATION_CONTEXT() REPRESENTATION_CONTEXT('2D SPACE',''
  ) );
#3723 = ADVANCED_FACE('',(#3724),#1190,.F.);
#3724 = FACE_BOUND('',#3725,.F.);
#3725 = EDGE_LOOP('',(#3726,#3727,#3750,#3772));
#3726 = ORIENTED_EDGE('',*,*,#1173,.F.);
#3727 = ORIENTED_EDGE('',*,*,#3728,.F.);
#3728 = EDGE_CURVE('',#3729,#1174,#3731,.T.);
#3729 = VERTEX_POINT('',#3730);
#3730 = CARTESIAN_POINT('',(-42.,53.,556.95));
#3731 = SEAM_CURVE('',#3732,(#3736,#3743),.PCURVE_S1.);
#3732 = LINE('',#3733,#3734);
#3733 = CARTESIAN_POINT('',(-42.,52.5,556.95));
#3734 = VECTOR('',#3735,1.);
#3735 = DIRECTION('',(0.,1.,0.));
#3736 = PCURVE('',#1190,#3737);
#3737 = DEFINITIONAL_REPRESENTATION('',(#3738),#3742);
#3738 = LINE('',#3739,#3740);
#3739 = CARTESIAN_POINT('',(6.28318530718,-0.));
#3740 = VECTOR('',#3741,1.);
#3741 = DIRECTION('',(0.,1.));
#3742 = ( GEOMETRIC_REPRESENTATION_CONTEXT(2) 
PARAMETRIC_REPRESENTATION_CONTEXT() REPRESENTATION_CONTEXT('2D SPACE',''
  ) );
#3743 = PCURVE('',#1190,#3744);
#3744 = DEFINITIONAL_REPRESENTATION('',(#3745),#3749);
#3745 = LINE('',#3746,#3747);
#3746 = CARTESIAN_POINT('',(0.,-0.));
#3747 = VECTOR('',#3748,1.);
#3748 = DIRECTION('',(0.,1.));
#3749 = ( GEOMETRIC_REPRESENTATION_CONTEXT(2) 
PARAMETRIC_REPRESENTATION_CONTEXT() REPRESENTATION_CONTEXT('2D SPACE',''
  ) );
#3750 = ORIENTED_EDGE('',*,*,#3751,.T.);
#3751 = EDGE_CURVE('',#3729,#3729,#3752,.T.);
#3752 = SURFACE_CURVE('',#3753,(#3758,#3765),.PCURVE_S1.);
#3753 = CIRCLE('',#3754,2.25);
#3754 = AXIS2_PLACEMENT_3D('',#3755,#3756,#3757);
#3755 = CARTESIAN_POINT('',(-42.,53.,554.7));
#3756 = DIRECTION('',(0.,1.,0.));
#3757 = DIRECTION('',(0.,-0.,1.));
#3758 = PCURVE('',#1190,#3759);
#3759 = DEFINITIONAL_REPRESENTATION('',(#3760),#3764);
#3760 = LINE('',#3761,#3762);
#3761 = CARTESIAN_POINT('',(0.,0.5));
#3762 = VECTOR('',#3763,1.);
#3763 = DIRECTION('',(1.,0.));
#3764 = ( GEOMETRIC_REPRESENTATION_CONTEXT(2) 
PARAMETRIC_REPRESENTATION_CONTEXT() REPRESENTATION_CONTEXT('2D SPACE',''
  ) );
#3765 = PCURVE('',#2320,#3766);
#3766 = DEFINITIONAL_REPRESENTATION('',(#3767),#3771);
#3767 = CIRCLE('',#3768,2.25);
#3768 = AXIS2_PLACEMENT_2D('',#3769,#3770);
#3769 = CARTESIAN_POINT('',(128.7,33.));
#3770 = DIRECTION('',(1.,0.));
#3771 = ( GEOMETRIC_REPRESENTATION_CONTEXT(2) 
PARAMETRIC_REPRESENTATION_CONTEXT() REPRESENTATION_CONTEXT('2D SPACE',''
  ) );
#3772 = ORIENTED_EDGE('',*,*,#3728,.T.);
#3773 = ADVANCED_FACE('',(#3774),#1221,.F.);
#3774 = FACE_BOUND('',#3775,.F.);
#3775 = EDGE_LOOP('',(#3776,#3777,#3800,#3822));
#3776 = ORIENTED_EDGE('',*,*,#1204,.F.);
#3777 = ORIENTED_EDGE('',*,*,#3778,.F.);
#3778 = EDGE_CURVE('',#3779,#1205,#3781,.T.);
#3779 = VERTEX_POINT('',#3780);
#3780 = CARTESIAN_POINT('',(42.,53.,450.95));
#3781 = SEAM_CURVE('',#3782,(#3786,#3793),.PCURVE_S1.);
#3782 = LINE('',#3783,#3784);
#3783 = CARTESIAN_POINT('',(42.,52.5,450.95));
#3784 = VECTOR('',#3785,1.);
#3785 = DIRECTION('',(0.,1.,0.));
#3786 = PCURVE('',#1221,#3787);
#3787 = DEFINITIONAL_REPRESENTATION('',(#3788),#3792);
#3788 = LINE('',#3789,#3790);
#3789 = CARTESIAN_POINT('',(6.28318530718,-0.));
#3790 = VECTOR('',#3791,1.);
#3791 = DIRECTION('',(0.,1.));
#3792 = ( GEOMETRIC_REPRESENTATION_CONTEXT(2) 
PARAMETRIC_REPRESENTATION_CONTEXT() REPRESENTATION_CONTEXT('2D SPACE',''
  ) );
#3793 = PCURVE('',#1221,#3794);
#3794 = DEFINITIONAL_REPRESENTATION('',(#3795),#3799);
#3795 = LINE('',#3796,#3797);
#3796 = CARTESIAN_POINT('',(0.,-0.));
#3797 = VECTOR('',#3798,1.);
#3798 = DIRECTION('',(0.,1.));
#3799 = ( GEOMETRIC_REPRESENTATION_CONTEXT(2) 
PARAMETRIC_REPRESENTATION_CONTEXT() REPRESENTATION_CONTEXT('2D SPACE',''
  ) );
#3800 = ORIENTED_EDGE('',*,*,#3801,.T.);
#3801 = EDGE_CURVE('',#3779,#3779,#3802,.T.);
#3802 = SURFACE_CURVE('',#3803,(#3808,#3815),.PCURVE_S1.);
#3803 = CIRCLE('',#3804,2.25);
#3804 = AXIS2_PLACEMENT_3D('',#3805,#3806,#3807);
#3805 = CARTESIAN_POINT('',(42.,53.,448.7));
#3806 = DIRECTION('',(0.,1.,0.));
#3807 = DIRECTION('',(0.,-0.,1.));
#3808 = PCURVE('',#1221,#3809);
#3809 = DEFINITIONAL_REPRESENTATION('',(#3810),#3814);
#3810 = LINE('',#3811,#3812);
#3811 = CARTESIAN_POINT('',(0.,0.5));
#3812 = VECTOR('',#3813,1.);
#3813 = DIRECTION('',(1.,0.));
#3814 = ( GEOMETRIC_REPRESENTATION_CONTEXT(2) 
PARAMETRIC_REPRESENTATION_CONTEXT() REPRESENTATION_CONTEXT('2D SPACE',''
  ) );
#3815 = PCURVE('',#2351,#3816);
#3816 = DEFINITIONAL_REPRESENTATION('',(#3817),#3821);
#3817 = CIRCLE('',#3818,2.25);
#3818 = AXIS2_PLACEMENT_2D('',#3819,#3820);
#3819 = CARTESIAN_POINT('',(22.7,117.));
#3820 = DIRECTION('',(1.,0.));
#3821 = ( GEOMETRIC_REPRESENTATION_CONTEXT(2) 
PARAMETRIC_REPRESENTATION_CONTEXT() REPRESENTATION_CONTEXT('2D SPACE',''
  ) );
#3822 = ORIENTED_EDGE('',*,*,#3778,.T.);
#3823 = ADVANCED_FACE('',(#3824),#1252,.F.);
#3824 = FACE_BOUND('',#3825,.F.);
#3825 = EDGE_LOOP('',(#3826,#3849,#3850,#3851));
#3826 = ORIENTED_EDGE('',*,*,#3827,.T.);
#3827 = EDGE_CURVE('',#3828,#1236,#3830,.T.);
#3828 = VERTEX_POINT('',#3829);
#3829 = CARTESIAN_POINT('',(68.,57.5,450.95));
#3830 = SEAM_CURVE('',#3831,(#3835,#3842),.PCURVE_S1.);
#3831 = LINE('',#3832,#3833);
#3832 = CARTESIAN_POINT('',(68.,52.5,450.95));
#3833 = VECTOR('',#3834,1.);
#3834 = DIRECTION('',(0.,1.,0.));
#3835 = PCURVE('',#1252,#3836);
#3836 = DEFINITIONAL_REPRESENTATION('',(#3837),#3841);
#3837 = LINE('',#3838,#3839);
#3838 = CARTESIAN_POINT('',(6.28318530718,-0.));
#3839 = VECTOR('',#3840,1.);
#3840 = DIRECTION('',(0.,1.));
#3841 = ( GEOMETRIC_REPRESENTATION_CONTEXT(2) 
PARAMETRIC_REPRESENTATION_CONTEXT() REPRESENTATION_CONTEXT('2D SPACE',''
  ) );
#3842 = PCURVE('',#1252,#3843);
#3843 = DEFINITIONAL_REPRESENTATION('',(#3844),#3848);
#3844 = LINE('',#3845,#3846);
#3845 = CARTESIAN_POINT('',(0.,-0.));
#3846 = VECTOR('',#3847,1.);
#3847 = DIRECTION('',(0.,1.));
#3848 = ( GEOMETRIC_REPRESENTATION_CONTEXT(2) 
PARAMETRIC_REPRESENTATION_CONTEXT() REPRESENTATION_CONTEXT('2D SPACE',''
  ) );
#3849 = ORIENTED_EDGE('',*,*,#1235,.F.);
#3850 = ORIENTED_EDGE('',*,*,#3827,.F.);
#3851 = ORIENTED_EDGE('',*,*,#3852,.T.);
#3852 = EDGE_CURVE('',#3828,#3828,#3853,.T.);
#3853 = SURFACE_CURVE('',#3854,(#3859,#3866),.PCURVE_S1.);
#3854 = CIRCLE('',#3855,2.25);
#3855 = AXIS2_PLACEMENT_3D('',#3856,#3857,#3858);
#3856 = CARTESIAN_POINT('',(68.,57.5,448.7));
#3857 = DIRECTION('',(0.,1.,0.));
#3858 = DIRECTION('',(0.,-0.,1.));
#3859 = PCURVE('',#1252,#3860);
#3860 = DEFINITIONAL_REPRESENTATION('',(#3861),#3865);
#3861 = LINE('',#3862,#3863);
#3862 = CARTESIAN_POINT('',(0.,5.));
#3863 = VECTOR('',#3864,1.);
#3864 = DIRECTION('',(1.,0.));
#3865 = ( GEOMETRIC_REPRESENTATION_CONTEXT(2) 
PARAMETRIC_REPRESENTATION_CONTEXT() REPRESENTATION_CONTEXT('2D SPACE',''
  ) );
#3866 = PCURVE('',#3867,#3872);
#3867 = PLANE('',#3868);
#3868 = AXIS2_PLACEMENT_3D('',#3869,#3870,#3871);
#3869 = CARTESIAN_POINT('',(68.,57.5,448.7));
#3870 = DIRECTION('',(0.,1.,0.));
#3871 = DIRECTION('',(0.,-0.,1.));
#3872 = DEFINITIONAL_REPRESENTATION('',(#3873),#3877);
#3873 = CIRCLE('',#3874,2.25);
#3874 = AXIS2_PLACEMENT_2D('',#3875,#3876);
#3875 = CARTESIAN_POINT('',(0.,0.));
#3876 = DIRECTION('',(1.,0.));
#3877 = ( GEOMETRIC_REPRESENTATION_CONTEXT(2) 
PARAMETRIC_REPRESENTATION_CONTEXT() REPRESENTATION_CONTEXT('2D SPACE',''
  ) );
#3878 = ADVANCED_FACE('',(#3879),#1283,.F.);
#3879 = FACE_BOUND('',#3880,.F.);
#3880 = EDGE_LOOP('',(#3881,#3882,#3905,#3927));
#3881 = ORIENTED_EDGE('',*,*,#1266,.F.);
#3882 = ORIENTED_EDGE('',*,*,#3883,.F.);
#3883 = EDGE_CURVE('',#3884,#1267,#3886,.T.);
#3884 = VERTEX_POINT('',#3885);
#3885 = CARTESIAN_POINT('',(42.,53.,476.95));
#3886 = SEAM_CURVE('',#3887,(#3891,#3898),.PCURVE_S1.);
#3887 = LINE('',#3888,#3889);
#3888 = CARTESIAN_POINT('',(42.,52.5,476.95));
#3889 = VECTOR('',#3890,1.);
#3890 = DIRECTION('',(0.,1.,0.));
#3891 = PCURVE('',#1283,#3892);
#3892 = DEFINITIONAL_REPRESENTATION('',(#3893),#3897);
#3893 = LINE('',#3894,#3895);
#3894 = CARTESIAN_POINT('',(6.28318530718,-0.));
#3895 = VECTOR('',#3896,1.);
#3896 = DIRECTION('',(0.,1.));
#3897 = ( GEOMETRIC_REPRESENTATION_CONTEXT(2) 
PARAMETRIC_REPRESENTATION_CONTEXT() REPRESENTATION_CONTEXT('2D SPACE',''
  ) );
#3898 = PCURVE('',#1283,#3899);
#3899 = DEFINITIONAL_REPRESENTATION('',(#3900),#3904);
#3900 = LINE('',#3901,#3902);
#3901 = CARTESIAN_POINT('',(0.,-0.));
#3902 = VECTOR('',#3903,1.);
#3903 = DIRECTION('',(0.,1.));
#3904 = ( GEOMETRIC_REPRESENTATION_CONTEXT(2) 
PARAMETRIC_REPRESENTATION_CONTEXT() REPRESENTATION_CONTEXT('2D SPACE',''
  ) );
#3905 = ORIENTED_EDGE('',*,*,#3906,.T.);
#3906 = EDGE_CURVE('',#3884,#3884,#3907,.T.);
#3907 = SURFACE_CURVE('',#3908,(#3913,#3920),.PCURVE_S1.);
#3908 = CIRCLE('',#3909,2.25);
#3909 = AXIS2_PLACEMENT_3D('',#3910,#3911,#3912);
#3910 = CARTESIAN_POINT('',(42.,53.,474.7));
#3911 = DIRECTION('',(0.,1.,0.));
#3912 = DIRECTION('',(0.,-0.,1.));
#3913 = PCURVE('',#1283,#3914);
#3914 = DEFINITIONAL_REPRESENTATION('',(#3915),#3919);
#3915 = LINE('',#3916,#3917);
#3916 = CARTESIAN_POINT('',(0.,0.5));
#3917 = VECTOR('',#3918,1.);
#3918 = DIRECTION('',(1.,0.));
#3919 = ( GEOMETRIC_REPRESENTATION_CONTEXT(2) 
PARAMETRIC_REPRESENTATION_CONTEXT() REPRESENTATION_CONTEXT('2D SPACE',''
  ) );
#3920 = PCURVE('',#2382,#3921);
#3921 = DEFINITIONAL_REPRESENTATION('',(#3922),#3926);
#3922 = CIRCLE('',#3923,2.25);
#3923 = AXIS2_PLACEMENT_2D('',#3924,#3925);
#3924 = CARTESIAN_POINT('',(48.7,117.));
#3925 = DIRECTION('',(1.,0.));
#3926 = ( GEOMETRIC_REPRESENTATION_CONTEXT(2) 
PARAMETRIC_REPRESENTATION_CONTEXT() REPRESENTATION_CONTEXT('2D SPACE',''
  ) );
#3927 = ORIENTED_EDGE('',*,*,#3883,.T.);
#3928 = ADVANCED_FACE('',(#3929),#1314,.F.);
#3929 = FACE_BOUND('',#3930,.F.);
#3930 = EDGE_LOOP('',(#3931,#3954,#3955,#3956));
#3931 = ORIENTED_EDGE('',*,*,#3932,.T.);
#3932 = EDGE_CURVE('',#3933,#1298,#3935,.T.);
#3933 = VERTEX_POINT('',#3934);
#3934 = CARTESIAN_POINT('',(68.,57.5,476.95));
#3935 = SEAM_CURVE('',#3936,(#3940,#3947),.PCURVE_S1.);
#3936 = LINE('',#3937,#3938);
#3937 = CARTESIAN_POINT('',(68.,52.5,476.95));
#3938 = VECTOR('',#3939,1.);
#3939 = DIRECTION('',(0.,1.,0.));
#3940 = PCURVE('',#1314,#3941);
#3941 = DEFINITIONAL_REPRESENTATION('',(#3942),#3946);
#3942 = LINE('',#3943,#3944);
#3943 = CARTESIAN_POINT('',(6.28318530718,-0.));
#3944 = VECTOR('',#3945,1.);
#3945 = DIRECTION('',(0.,1.));
#3946 = ( GEOMETRIC_REPRESENTATION_CONTEXT(2) 
PARAMETRIC_REPRESENTATION_CONTEXT() REPRESENTATION_CONTEXT('2D SPACE',''
  ) );
#3947 = PCURVE('',#1314,#3948);
#3948 = DEFINITIONAL_REPRESENTATION('',(#3949),#3953);
#3949 = LINE('',#3950,#3951);
#3950 = CARTESIAN_POINT('',(0.,-0.));
#3951 = VECTOR('',#3952,1.);
#3952 = DIRECTION('',(0.,1.));
#3953 = ( GEOMETRIC_REPRESENTATION_CONTEXT(2) 
PARAMETRIC_REPRESENTATION_CONTEXT() REPRESENTATION_CONTEXT('2D SPACE',''
  ) );
#3954 = ORIENTED_EDGE('',*,*,#1297,.F.);
#3955 = ORIENTED_EDGE('',*,*,#3932,.F.);
#3956 = ORIENTED_EDGE('',*,*,#3957,.T.);
#3957 = EDGE_CURVE('',#3933,#3933,#3958,.T.);
#3958 = SURFACE_CURVE('',#3959,(#3964,#3971),.PCURVE_S1.);
#3959 = CIRCLE('',#3960,2.25);
#3960 = AXIS2_PLACEMENT_3D('',#3961,#3962,#3963);
#3961 = CARTESIAN_POINT('',(68.,57.5,474.7));
#3962 = DIRECTION('',(0.,1.,0.));
#3963 = DIRECTION('',(0.,-0.,1.));
#3964 = PCURVE('',#1314,#3965);
#3965 = DEFINITIONAL_REPRESENTATION('',(#3966),#3970);
#3966 = LINE('',#3967,#3968);
#3967 = CARTESIAN_POINT('',(0.,5.));
#3968 = VECTOR('',#3969,1.);
#3969 = DIRECTION('',(1.,0.));
#3970 = ( GEOMETRIC_REPRESENTATION_CONTEXT(2) 
PARAMETRIC_REPRESENTATION_CONTEXT() REPRESENTATION_CONTEXT('2D SPACE',''
  ) );
#3971 = PCURVE('',#3972,#3977);
#3972 = PLANE('',#3973);
#3973 = AXIS2_PLACEMENT_3D('',#3974,#3975,#3976);
#3974 = CARTESIAN_POINT('',(68.,57.5,474.7));
#3975 = DIRECTION('',(0.,1.,0.));
#3976 = DIRECTION('',(0.,-0.,1.));
#3977 = DEFINITIONAL_REPRESENTATION('',(#3978),#3982);
#3978 = CIRCLE('',#3979,2.25);
#3979 = AXIS2_PLACEMENT_2D('',#3980,#3981);
#3980 = CARTESIAN_POINT('',(0.,0.));
#3981 = DIRECTION('',(1.,0.));
#3982 = ( GEOMETRIC_REPRESENTATION_CONTEXT(2) 
PARAMETRIC_REPRESENTATION_CONTEXT() REPRESENTATION_CONTEXT('2D SPACE',''
  ) );
#3983 = ADVANCED_FACE('',(#3984),#1345,.F.);
#3984 = FACE_BOUND('',#3985,.F.);
#3985 = EDGE_LOOP('',(#3986,#3987,#4010,#4032));
#3986 = ORIENTED_EDGE('',*,*,#1328,.F.);
#3987 = ORIENTED_EDGE('',*,*,#3988,.F.);
#3988 = EDGE_CURVE('',#3989,#1329,#3991,.T.);
#3989 = VERTEX_POINT('',#3990);
#3990 = CARTESIAN_POINT('',(42.,53.,530.95));
#3991 = SEAM_CURVE('',#3992,(#3996,#4003),.PCURVE_S1.);
#3992 = LINE('',#3993,#3994);
#3993 = CARTESIAN_POINT('',(42.,52.5,530.95));
#3994 = VECTOR('',#3995,1.);
#3995 = DIRECTION('',(0.,1.,0.));
#3996 = PCURVE('',#1345,#3997);
#3997 = DEFINITIONAL_REPRESENTATION('',(#3998),#4002);
#3998 = LINE('',#3999,#4000);
#3999 = CARTESIAN_POINT('',(6.28318530718,-0.));
#4000 = VECTOR('',#4001,1.);
#4001 = DIRECTION('',(0.,1.));
#4002 = ( GEOMETRIC_REPRESENTATION_CONTEXT(2) 
PARAMETRIC_REPRESENTATION_CONTEXT() REPRESENTATION_CONTEXT('2D SPACE',''
  ) );
#4003 = PCURVE('',#1345,#4004);
#4004 = DEFINITIONAL_REPRESENTATION('',(#4005),#4009);
#4005 = LINE('',#4006,#4007);
#4006 = CARTESIAN_POINT('',(0.,-0.));
#4007 = VECTOR('',#4008,1.);
#4008 = DIRECTION('',(0.,1.));
#4009 = ( GEOMETRIC_REPRESENTATION_CONTEXT(2) 
PARAMETRIC_REPRESENTATION_CONTEXT() REPRESENTATION_CONTEXT('2D SPACE',''
  ) );
#4010 = ORIENTED_EDGE('',*,*,#4011,.T.);
#4011 = EDGE_CURVE('',#3989,#3989,#4012,.T.);
#4012 = SURFACE_CURVE('',#4013,(#4018,#4025),.PCURVE_S1.);
#4013 = CIRCLE('',#4014,2.25);
#4014 = AXIS2_PLACEMENT_3D('',#4015,#4016,#4017);
#4015 = CARTESIAN_POINT('',(42.,53.,528.7));
#4016 = DIRECTION('',(0.,1.,0.));
#4017 = DIRECTION('',(0.,-0.,1.));
#4018 = PCURVE('',#1345,#4019);
#4019 = DEFINITIONAL_REPRESENTATION('',(#4020),#4024);
#4020 = LINE('',#4021,#4022);
#4021 = CARTESIAN_POINT('',(0.,0.5));
#4022 = VECTOR('',#4023,1.);
#4023 = DIRECTION('',(1.,0.));
#4024 = ( GEOMETRIC_REPRESENTATION_CONTEXT(2) 
PARAMETRIC_REPRESENTATION_CONTEXT() REPRESENTATION_CONTEXT('2D SPACE',''
  ) );
#4025 = PCURVE('',#2413,#4026);
#4026 = DEFINITIONAL_REPRESENTATION('',(#4027),#4031);
#4027 = CIRCLE('',#4028,2.25);
#4028 = AXIS2_PLACEMENT_2D('',#4029,#4030);
#4029 = CARTESIAN_POINT('',(102.7,117.));
#4030 = DIRECTION('',(1.,0.));
#4031 = ( GEOMETRIC_REPRESENTATION_CONTEXT(2) 
PARAMETRIC_REPRESENTATION_CONTEXT() REPRESENTATION_CONTEXT('2D SPACE',''
  ) );
#4032 = ORIENTED_EDGE('',*,*,#3988,.T.);
#4033 = ADVANCED_FACE('',(#4034),#1376,.F.);
#4034 = FACE_BOUND('',#4035,.F.);
#4035 = EDGE_LOOP('',(#4036,#4059,#4060,#4061));
#4036 = ORIENTED_EDGE('',*,*,#4037,.T.);
#4037 = EDGE_CURVE('',#4038,#1360,#4040,.T.);
#4038 = VERTEX_POINT('',#4039);
#4039 = CARTESIAN_POINT('',(68.,57.5,530.95));
#4040 = SEAM_CURVE('',#4041,(#4045,#4052),.PCURVE_S1.);
#4041 = LINE('',#4042,#4043);
#4042 = CARTESIAN_POINT('',(68.,52.5,530.95));
#4043 = VECTOR('',#4044,1.);
#4044 = DIRECTION('',(0.,1.,0.));
#4045 = PCURVE('',#1376,#4046);
#4046 = DEFINITIONAL_REPRESENTATION('',(#4047),#4051);
#4047 = LINE('',#4048,#4049);
#4048 = CARTESIAN_POINT('',(6.28318530718,-0.));
#4049 = VECTOR('',#4050,1.);
#4050 = DIRECTION('',(0.,1.));
#4051 = ( GEOMETRIC_REPRESENTATION_CONTEXT(2) 
PARAMETRIC_REPRESENTATION_CONTEXT() REPRESENTATION_CONTEXT('2D SPACE',''
  ) );
#4052 = PCURVE('',#1376,#4053);
#4053 = DEFINITIONAL_REPRESENTATION('',(#4054),#4058);
#4054 = LINE('',#4055,#4056);
#4055 = CARTESIAN_POINT('',(0.,-0.));
#4056 = VECTOR('',#4057,1.);
#4057 = DIRECTION('',(0.,1.));
#4058 = ( GEOMETRIC_REPRESENTATION_CONTEXT(2) 
PARAMETRIC_REPRESENTATION_CONTEXT() REPRESENTATION_CONTEXT('2D SPACE',''
  ) );
#4059 = ORIENTED_EDGE('',*,*,#1359,.F.);
#4060 = ORIENTED_EDGE('',*,*,#4037,.F.);
#4061 = ORIENTED_EDGE('',*,*,#4062,.T.);
#4062 = EDGE_CURVE('',#4038,#4038,#4063,.T.);
#4063 = SURFACE_CURVE('',#4064,(#4069,#4076),.PCURVE_S1.);
#4064 = CIRCLE('',#4065,2.25);
#4065 = AXIS2_PLACEMENT_3D('',#4066,#4067,#4068);
#4066 = CARTESIAN_POINT('',(68.,57.5,528.7));
#4067 = DIRECTION('',(0.,1.,0.));
#4068 = DIRECTION('',(0.,-0.,1.));
#4069 = PCURVE('',#1376,#4070);
#4070 = DEFINITIONAL_REPRESENTATION('',(#4071),#4075);
#4071 = LINE('',#4072,#4073);
#4072 = CARTESIAN_POINT('',(0.,5.));
#4073 = VECTOR('',#4074,1.);
#4074 = DIRECTION('',(1.,0.));
#4075 = ( GEOMETRIC_REPRESENTATION_CONTEXT(2) 
PARAMETRIC_REPRESENTATION_CONTEXT() REPRESENTATION_CONTEXT('2D SPACE',''
  ) );
#4076 = PCURVE('',#4077,#4082);
#4077 = PLANE('',#4078);
#4078 = AXIS2_PLACEMENT_3D('',#4079,#4080,#4081);
#4079 = CARTESIAN_POINT('',(68.,57.5,528.7));
#4080 = DIRECTION('',(0.,1.,0.));
#4081 = DIRECTION('',(0.,-0.,1.));
#4082 = DEFINITIONAL_REPRESENTATION('',(#4083),#4087);
#4083 = CIRCLE('',#4084,2.25);
#4084 = AXIS2_PLACEMENT_2D('',#4085,#4086);
#4085 = CARTESIAN_POINT('',(0.,0.));
#4086 = DIRECTION('',(1.,0.));
#4087 = ( GEOMETRIC_REPRESENTATION_CONTEXT(2) 
PARAMETRIC_REPRESENTATION_CONTEXT() REPRESENTATION_CONTEXT('2D SPACE',''
  ) );
#4088 = ADVANCED_FACE('',(#4089),#1407,.F.);
#4089 = FACE_BOUND('',#4090,.F.);
#4090 = EDGE_LOOP('',(#4091,#4092,#4115,#4137));
#4091 = ORIENTED_EDGE('',*,*,#1390,.F.);
#4092 = ORIENTED_EDGE('',*,*,#4093,.F.);
#4093 = EDGE_CURVE('',#4094,#1391,#4096,.T.);
#4094 = VERTEX_POINT('',#4095);
#4095 = CARTESIAN_POINT('',(42.,53.,556.95));
#4096 = SEAM_CURVE('',#4097,(#4101,#4108),.PCURVE_S1.);
#4097 = LINE('',#4098,#4099);
#4098 = CARTESIAN_POINT('',(42.,52.5,556.95));
#4099 = VECTOR('',#4100,1.);
#4100 = DIRECTION('',(0.,1.,0.));
#4101 = PCURVE('',#1407,#4102);
#4102 = DEFINITIONAL_REPRESENTATION('',(#4103),#4107);
#4103 = LINE('',#4104,#4105);
#4104 = CARTESIAN_POINT('',(6.28318530718,-0.));
#4105 = VECTOR('',#4106,1.);
#4106 = DIRECTION('',(0.,1.));
#4107 = ( GEOMETRIC_REPRESENTATION_CONTEXT(2) 
PARAMETRIC_REPRESENTATION_CONTEXT() REPRESENTATION_CONTEXT('2D SPACE',''
  ) );
#4108 = PCURVE('',#1407,#4109);
#4109 = DEFINITIONAL_REPRESENTATION('',(#4110),#4114);
#4110 = LINE('',#4111,#4112);
#4111 = CARTESIAN_POINT('',(0.,-0.));
#4112 = VECTOR('',#4113,1.);
#4113 = DIRECTION('',(0.,1.));
#4114 = ( GEOMETRIC_REPRESENTATION_CONTEXT(2) 
PARAMETRIC_REPRESENTATION_CONTEXT() REPRESENTATION_CONTEXT('2D SPACE',''
  ) );
#4115 = ORIENTED_EDGE('',*,*,#4116,.T.);
#4116 = EDGE_CURVE('',#4094,#4094,#4117,.T.);
#4117 = SURFACE_CURVE('',#4118,(#4123,#4130),.PCURVE_S1.);
#4118 = CIRCLE('',#4119,2.25);
#4119 = AXIS2_PLACEMENT_3D('',#4120,#4121,#4122);
#4120 = CARTESIAN_POINT('',(42.,53.,554.7));
#4121 = DIRECTION('',(0.,1.,0.));
#4122 = DIRECTION('',(0.,-0.,1.));
#4123 = PCURVE('',#1407,#4124);
#4124 = DEFINITIONAL_REPRESENTATION('',(#4125),#4129);
#4125 = LINE('',#4126,#4127);
#4126 = CARTESIAN_POINT('',(0.,0.5));
#4127 = VECTOR('',#4128,1.);
#4128 = DIRECTION('',(1.,0.));
#4129 = ( GEOMETRIC_REPRESENTATION_CONTEXT(2) 
PARAMETRIC_REPRESENTATION_CONTEXT() REPRESENTATION_CONTEXT('2D SPACE',''
  ) );
#4130 = PCURVE('',#2444,#4131);
#4131 = DEFINITIONAL_REPRESENTATION('',(#4132),#4136);
#4132 = CIRCLE('',#4133,2.25);
#4133 = AXIS2_PLACEMENT_2D('',#4134,#4135);
#4134 = CARTESIAN_POINT('',(128.7,117.));
#4135 = DIRECTION('',(1.,0.));
#4136 = ( GEOMETRIC_REPRESENTATION_CONTEXT(2) 
PARAMETRIC_REPRESENTATION_CONTEXT() REPRESENTATION_CONTEXT('2D SPACE',''
  ) );
#4137 = ORIENTED_EDGE('',*,*,#4093,.T.);
#4138 = ADVANCED_FACE('',(#4139),#1438,.F.);
#4139 = FACE_BOUND('',#4140,.F.);
#4140 = EDGE_LOOP('',(#4141,#4164,#4165,#4166));
#4141 = ORIENTED_EDGE('',*,*,#4142,.T.);
#4142 = EDGE_CURVE('',#4143,#1422,#4145,.T.);
#4143 = VERTEX_POINT('',#4144);
#4144 = CARTESIAN_POINT('',(68.,57.5,556.95));
#4145 = SEAM_CURVE('',#4146,(#4150,#4157),.PCURVE_S1.);
#4146 = LINE('',#4147,#4148);
#4147 = CARTESIAN_POINT('',(68.,52.5,556.95));
#4148 = VECTOR('',#4149,1.);
#4149 = DIRECTION('',(0.,1.,0.));
#4150 = PCURVE('',#1438,#4151);
#4151 = DEFINITIONAL_REPRESENTATION('',(#4152),#4156);
#4152 = LINE('',#4153,#4154);
#4153 = CARTESIAN_POINT('',(6.28318530718,-0.));
#4154 = VECTOR('',#4155,1.);
#4155 = DIRECTION('',(0.,1.));
#4156 = ( GEOMETRIC_REPRESENTATION_CONTEXT(2) 
PARAMETRIC_REPRESENTATION_CONTEXT() REPRESENTATION_CONTEXT('2D SPACE',''
  ) );
#4157 = PCURVE('',#1438,#4158);
#4158 = DEFINITIONAL_REPRESENTATION('',(#4159),#4163);
#4159 = LINE('',#4160,#4161);
#4160 = CARTESIAN_POINT('',(0.,-0.));
#4161 = VECTOR('',#4162,1.);
#4162 = DIRECTION('',(0.,1.));
#4163 = ( GEOMETRIC_REPRESENTATION_CONTEXT(2) 
PARAMETRIC_REPRESENTATION_CONTEXT() REPRESENTATION_CONTEXT('2D SPACE',''
  ) );
#4164 = ORIENTED_EDGE('',*,*,#1421,.F.);
#4165 = ORIENTED_EDGE('',*,*,#4142,.F.);
#4166 = ORIENTED_EDGE('',*,*,#4167,.T.);
#4167 = EDGE_CURVE('',#4143,#4143,#4168,.T.);
#4168 = SURFACE_CURVE('',#4169,(#4174,#4181),.PCURVE_S1.);
#4169 = CIRCLE('',#4170,2.25);
#4170 = AXIS2_PLACEMENT_3D('',#4171,#4172,#4173);
#4171 = CARTESIAN_POINT('',(68.,57.5,554.7));
#4172 = DIRECTION('',(0.,1.,0.));
#4173 = DIRECTION('',(0.,-0.,1.));
#4174 = PCURVE('',#1438,#4175);
#4175 = DEFINITIONAL_REPRESENTATION('',(#4176),#4180);
#4176 = LINE('',#4177,#4178);
#4177 = CARTESIAN_POINT('',(0.,5.));
#4178 = VECTOR('',#4179,1.);
#4179 = DIRECTION('',(1.,0.));
#4180 = ( GEOMETRIC_REPRESENTATION_CONTEXT(2) 
PARAMETRIC_REPRESENTATION_CONTEXT() REPRESENTATION_CONTEXT('2D SPACE',''
  ) );
#4181 = PCURVE('',#4182,#4187);
#4182 = PLANE('',#4183);
#4183 = AXIS2_PLACEMENT_3D('',#4184,#4185,#4186);
#4184 = CARTESIAN_POINT('',(68.,57.5,554.7));
#4185 = DIRECTION('',(0.,1.,0.));
#4186 = DIRECTION('',(0.,-0.,1.));
#4187 = DEFINITIONAL_REPRESENTATION('',(#4188),#4192);
#4188 = CIRCLE('',#4189,2.25);
#4189 = AXIS2_PLACEMENT_2D('',#4190,#4191);
#4190 = CARTESIAN_POINT('',(0.,0.));
#4191 = DIRECTION('',(1.,0.));
#4192 = ( GEOMETRIC_REPRESENTATION_CONTEXT(2) 
PARAMETRIC_REPRESENTATION_CONTEXT() REPRESENTATION_CONTEXT('2D SPACE',''
  ) );
#4193 = ADVANCED_FACE('',(#4194,#4218),#1517,.F.);
#4194 = FACE_BOUND('',#4195,.F.);
#4195 = EDGE_LOOP('',(#4196,#4197,#4198,#4199));
#4196 = ORIENTED_EDGE('',*,*,#2462,.F.);
#4197 = ORIENTED_EDGE('',*,*,#1501,.T.);
#4198 = ORIENTED_EDGE('',*,*,#2187,.T.);
#4199 = ORIENTED_EDGE('',*,*,#4200,.F.);
#4200 = EDGE_CURVE('',#2463,#2159,#4201,.T.);
#4201 = SURFACE_CURVE('',#4202,(#4206,#4212),.PCURVE_S1.);
#4202 = LINE('',#4203,#4204);
#4203 = CARTESIAN_POINT('',(65.,17.,445.34589803375));
#4204 = VECTOR('',#4205,1.);
#4205 = DIRECTION('',(0.,1.,0.));
#4206 = PCURVE('',#1517,#4207);
#4207 = DEFINITIONAL_REPRESENTATION('',(#4208),#4211);
#4208 = B_SPLINE_CURVE_WITH_KNOTS('',1,(#4209,#4210),.UNSPECIFIED.,.F.,
  .F.,(2,2),(-5.999999999062E-07,36.1000006),.PIECEWISE_BEZIER_KNOTS.);
#4209 = CARTESIAN_POINT('',(19.34589803375,1.0000006));
#4210 = CARTESIAN_POINT('',(19.34589803375,-35.1000006));
#4211 = ( GEOMETRIC_REPRESENTATION_CONTEXT(2) 
PARAMETRIC_REPRESENTATION_CONTEXT() REPRESENTATION_CONTEXT('2D SPACE',''
  ) );
#4212 = PCURVE('',#2175,#4213);
#4213 = DEFINITIONAL_REPRESENTATION('',(#4214),#4217);
#4214 = B_SPLINE_CURVE_WITH_KNOTS('',1,(#4215,#4216),.UNSPECIFIED.,.F.,
  .F.,(2,2),(-5.999999999062E-07,36.1000006),.PIECEWISE_BEZIER_KNOTS.);
#4215 = CARTESIAN_POINT('',(3.871320309817,-5.999999999062E-07));
#4216 = CARTESIAN_POINT('',(3.871320309817,36.1000006));
#4217 = ( GEOMETRIC_REPRESENTATION_CONTEXT(2) 
PARAMETRIC_REPRESENTATION_CONTEXT() REPRESENTATION_CONTEXT('2D SPACE',''
  ) );
#4218 = FACE_BOUND('',#4219,.F.);
#4219 = EDGE_LOOP('',(#4220));
#4220 = ORIENTED_EDGE('',*,*,#4221,.F.);
#4221 = EDGE_CURVE('',#4222,#4222,#4224,.T.);
#4222 = VERTEX_POINT('',#4223);
#4223 = CARTESIAN_POINT('',(65.,41.,441.3));
#4224 = SURFACE_CURVE('',#4225,(#4230,#4237),.PCURVE_S1.);
#4225 = CIRCLE('',#4226,3.3);
#4226 = AXIS2_PLACEMENT_3D('',#4227,#4228,#4229);
#4227 = CARTESIAN_POINT('',(65.,41.,438.));
#4228 = DIRECTION('',(1.,0.,0.));
#4229 = DIRECTION('',(-0.,0.,1.));
#4230 = PCURVE('',#1517,#4231);
#4231 = DEFINITIONAL_REPRESENTATION('',(#4232),#4236);
#4232 = CIRCLE('',#4233,3.3);
#4233 = AXIS2_PLACEMENT_2D('',#4234,#4235);
#4234 = CARTESIAN_POINT('',(12.,-23.));
#4235 = DIRECTION('',(1.,0.));
#4236 = ( GEOMETRIC_REPRESENTATION_CONTEXT(2) 
PARAMETRIC_REPRESENTATION_CONTEXT() REPRESENTATION_CONTEXT('2D SPACE',''
  ) );
#4237 = PCURVE('',#4238,#4243);
#4238 = CYLINDRICAL_SURFACE('',#4239,3.3);
#4239 = AXIS2_PLACEMENT_3D('',#4240,#4241,#4242);
#4240 = CARTESIAN_POINT('',(64.,41.,438.));
#4241 = DIRECTION('',(1.,0.,0.));
#4242 = DIRECTION('',(-0.,0.,1.));
#4243 = DEFINITIONAL_REPRESENTATION('',(#4244),#4248);
#4244 = LINE('',#4245,#4246);
#4245 = CARTESIAN_POINT('',(0.,1.));
#4246 = VECTOR('',#4247,1.);
#4247 = DIRECTION('',(1.,0.));
#4248 = ( GEOMETRIC_REPRESENTATION_CONTEXT(2) 
PARAMETRIC_REPRESENTATION_CONTEXT() REPRESENTATION_CONTEXT('2D SPACE',''
  ) );
#4249 = ADVANCED_FACE('',(#4250),#1593,.F.);
#4250 = FACE_BOUND('',#4251,.F.);
#4251 = EDGE_LOOP('',(#4252,#4275,#4302,#4303));
#4252 = ORIENTED_EDGE('',*,*,#4253,.T.);
#4253 = EDGE_CURVE('',#1577,#4254,#4256,.T.);
#4254 = VERTEX_POINT('',#4255);
#4255 = CARTESIAN_POINT('',(-37.9,59.,438.));
#4256 = SEAM_CURVE('',#4257,(#4261,#4268),.PCURVE_S1.);
#4257 = LINE('',#4258,#4259);
#4258 = CARTESIAN_POINT('',(-37.9,59.,425.5));
#4259 = VECTOR('',#4260,1.);
#4260 = DIRECTION('',(0.,0.,1.));
#4261 = PCURVE('',#1593,#4262);
#4262 = DEFINITIONAL_REPRESENTATION('',(#4263),#4267);
#4263 = LINE('',#4264,#4265);
#4264 = CARTESIAN_POINT('',(6.28318530718,-0.));
#4265 = VECTOR('',#4266,1.);
#4266 = DIRECTION('',(0.,1.));
#4267 = ( GEOMETRIC_REPRESENTATION_CONTEXT(2) 
PARAMETRIC_REPRESENTATION_CONTEXT() REPRESENTATION_CONTEXT('2D SPACE',''
  ) );
#4268 = PCURVE('',#1593,#4269);
#4269 = DEFINITIONAL_REPRESENTATION('',(#4270),#4274);
#4270 = LINE('',#4271,#4272);
#4271 = CARTESIAN_POINT('',(0.,-0.));
#4272 = VECTOR('',#4273,1.);
#4273 = DIRECTION('',(0.,1.));
#4274 = ( GEOMETRIC_REPRESENTATION_CONTEXT(2) 
PARAMETRIC_REPRESENTATION_CONTEXT() REPRESENTATION_CONTEXT('2D SPACE',''
  ) );
#4275 = ORIENTED_EDGE('',*,*,#4276,.F.);
#4276 = EDGE_CURVE('',#4254,#4254,#4277,.T.);
#4277 = SURFACE_CURVE('',#4278,(#4283,#4290),.PCURVE_S1.);
#4278 = CIRCLE('',#4279,2.1);
#4279 = AXIS2_PLACEMENT_3D('',#4280,#4281,#4282);
#4280 = CARTESIAN_POINT('',(-40.,59.,438.));
#4281 = DIRECTION('',(0.,0.,1.));
#4282 = DIRECTION('',(1.,0.,-0.));
#4283 = PCURVE('',#1593,#4284);
#4284 = DEFINITIONAL_REPRESENTATION('',(#4285),#4289);
#4285 = LINE('',#4286,#4287);
#4286 = CARTESIAN_POINT('',(0.,12.5));
#4287 = VECTOR('',#4288,1.);
#4288 = DIRECTION('',(1.,0.));
#4289 = ( GEOMETRIC_REPRESENTATION_CONTEXT(2) 
PARAMETRIC_REPRESENTATION_CONTEXT() REPRESENTATION_CONTEXT('2D SPACE',''
  ) );
#4290 = PCURVE('',#4291,#4296);
#4291 = PLANE('',#4292);
#4292 = AXIS2_PLACEMENT_3D('',#4293,#4294,#4295);
#4293 = CARTESIAN_POINT('',(-40.,59.,438.));
#4294 = DIRECTION('',(0.,0.,1.));
#4295 = DIRECTION('',(1.,0.,-0.));
#4296 = DEFINITIONAL_REPRESENTATION('',(#4297),#4301);
#4297 = CIRCLE('',#4298,2.1);
#4298 = AXIS2_PLACEMENT_2D('',#4299,#4300);
#4299 = CARTESIAN_POINT('',(0.,0.));
#4300 = DIRECTION('',(1.,0.));
#4301 = ( GEOMETRIC_REPRESENTATION_CONTEXT(2) 
PARAMETRIC_REPRESENTATION_CONTEXT() REPRESENTATION_CONTEXT('2D SPACE',''
  ) );
#4302 = ORIENTED_EDGE('',*,*,#4253,.F.);
#4303 = ORIENTED_EDGE('',*,*,#1576,.T.);
#4304 = ADVANCED_FACE('',(#4305),#1624,.F.);
#4305 = FACE_BOUND('',#4306,.F.);
#4306 = EDGE_LOOP('',(#4307,#4330,#4357,#4358));
#4307 = ORIENTED_EDGE('',*,*,#4308,.T.);
#4308 = EDGE_CURVE('',#1608,#4309,#4311,.T.);
#4309 = VERTEX_POINT('',#4310);
#4310 = CARTESIAN_POINT('',(42.1,59.,438.));
#4311 = SEAM_CURVE('',#4312,(#4316,#4323),.PCURVE_S1.);
#4312 = LINE('',#4313,#4314);
#4313 = CARTESIAN_POINT('',(42.1,59.,425.5));
#4314 = VECTOR('',#4315,1.);
#4315 = DIRECTION('',(0.,0.,1.));
#4316 = PCURVE('',#1624,#4317);
#4317 = DEFINITIONAL_REPRESENTATION('',(#4318),#4322);
#4318 = LINE('',#4319,#4320);
#4319 = CARTESIAN_POINT('',(6.28318530718,-0.));
#4320 = VECTOR('',#4321,1.);
#4321 = DIRECTION('',(0.,1.));
#4322 = ( GEOMETRIC_REPRESENTATION_CONTEXT(2) 
PARAMETRIC_REPRESENTATION_CONTEXT() REPRESENTATION_CONTEXT('2D SPACE',''
  ) );
#4323 = PCURVE('',#1624,#4324);
#4324 = DEFINITIONAL_REPRESENTATION('',(#4325),#4329);
#4325 = LINE('',#4326,#4327);
#4326 = CARTESIAN_POINT('',(0.,-0.));
#4327 = VECTOR('',#4328,1.);
#4328 = DIRECTION('',(0.,1.));
#4329 = ( GEOMETRIC_REPRESENTATION_CONTEXT(2) 
PARAMETRIC_REPRESENTATION_CONTEXT() REPRESENTATION_CONTEXT('2D SPACE',''
  ) );
#4330 = ORIENTED_EDGE('',*,*,#4331,.F.);
#4331 = EDGE_CURVE('',#4309,#4309,#4332,.T.);
#4332 = SURFACE_CURVE('',#4333,(#4338,#4345),.PCURVE_S1.);
#4333 = CIRCLE('',#4334,2.1);
#4334 = AXIS2_PLACEMENT_3D('',#4335,#4336,#4337);
#4335 = CARTESIAN_POINT('',(40.,59.,438.));
#4336 = DIRECTION('',(0.,0.,1.));
#4337 = DIRECTION('',(1.,0.,-0.));
#4338 = PCURVE('',#1624,#4339);
#4339 = DEFINITIONAL_REPRESENTATION('',(#4340),#4344);
#4340 = LINE('',#4341,#4342);
#4341 = CARTESIAN_POINT('',(0.,12.5));
#4342 = VECTOR('',#4343,1.);
#4343 = DIRECTION('',(1.,0.));
#4344 = ( GEOMETRIC_REPRESENTATION_CONTEXT(2) 
PARAMETRIC_REPRESENTATION_CONTEXT() REPRESENTATION_CONTEXT('2D SPACE',''
  ) );
#4345 = PCURVE('',#4346,#4351);
#4346 = PLANE('',#4347);
#4347 = AXIS2_PLACEMENT_3D('',#4348,#4349,#4350);
#4348 = CARTESIAN_POINT('',(40.,59.,438.));
#4349 = DIRECTION('',(0.,0.,1.));
#4350 = DIRECTION('',(1.,0.,-0.));
#4351 = DEFINITIONAL_REPRESENTATION('',(#4352),#4356);
#4352 = CIRCLE('',#4353,2.1);
#4353 = AXIS2_PLACEMENT_2D('',#4354,#4355);
#4354 = CARTESIAN_POINT('',(0.,0.));
#4355 = DIRECTION('',(1.,0.));
#4356 = ( GEOMETRIC_REPRESENTATION_CONTEXT(2) 
PARAMETRIC_REPRESENTATION_CONTEXT() REPRESENTATION_CONTEXT('2D SPACE',''
  ) );
#4357 = ORIENTED_EDGE('',*,*,#4308,.F.);
#4358 = ORIENTED_EDGE('',*,*,#1607,.T.);
#4359 = ADVANCED_FACE('',(#4360),#2175,.F.);
#4360 = FACE_BOUND('',#4361,.F.);
#4361 = EDGE_LOOP('',(#4362,#4385,#4412,#4413,#4414,#4415,#4416,#4435));
#4362 = ORIENTED_EDGE('',*,*,#4363,.T.);
#4363 = EDGE_CURVE('',#2486,#4364,#4366,.T.);
#4364 = VERTEX_POINT('',#4365);
#4365 = CARTESIAN_POINT('',(68.,53.1,453.2));
#4366 = SEAM_CURVE('',#4367,(#4371,#4378),.PCURVE_S1.);
#4367 = LINE('',#4368,#4369);
#4368 = CARTESIAN_POINT('',(68.,17.,453.2));
#4369 = VECTOR('',#4370,1.);
#4370 = DIRECTION('',(0.,1.,0.));
#4371 = PCURVE('',#2175,#4372);
#4372 = DEFINITIONAL_REPRESENTATION('',(#4373),#4377);
#4373 = LINE('',#4374,#4375);
#4374 = CARTESIAN_POINT('',(6.28318530718,-0.));
#4375 = VECTOR('',#4376,1.);
#4376 = DIRECTION('',(0.,1.));
#4377 = ( GEOMETRIC_REPRESENTATION_CONTEXT(2) 
PARAMETRIC_REPRESENTATION_CONTEXT() REPRESENTATION_CONTEXT('2D SPACE',''
  ) );
#4378 = PCURVE('',#2175,#4379);
#4379 = DEFINITIONAL_REPRESENTATION('',(#4380),#4384);
#4380 = LINE('',#4381,#4382);
#4381 = CARTESIAN_POINT('',(0.,-0.));
#4382 = VECTOR('',#4383,1.);
#4383 = DIRECTION('',(0.,1.));
#4384 = ( GEOMETRIC_REPRESENTATION_CONTEXT(2) 
PARAMETRIC_REPRESENTATION_CONTEXT() REPRESENTATION_CONTEXT('2D SPACE',''
  ) );
#4385 = ORIENTED_EDGE('',*,*,#4386,.F.);
#4386 = EDGE_CURVE('',#4364,#4364,#4387,.T.);
#4387 = SURFACE_CURVE('',#4388,(#4393,#4400),.PCURVE_S1.);
#4388 = CIRCLE('',#4389,4.5);
#4389 = AXIS2_PLACEMENT_3D('',#4390,#4391,#4392);
#4390 = CARTESIAN_POINT('',(68.,53.1,448.7));
#4391 = DIRECTION('',(0.,1.,0.));
#4392 = DIRECTION('',(0.,-0.,1.));
#4393 = PCURVE('',#2175,#4394);
#4394 = DEFINITIONAL_REPRESENTATION('',(#4395),#4399);
#4395 = LINE('',#4396,#4397);
#4396 = CARTESIAN_POINT('',(0.,36.1));
#4397 = VECTOR('',#4398,1.);
#4398 = DIRECTION('',(1.,0.));
#4399 = ( GEOMETRIC_REPRESENTATION_CONTEXT(2) 
PARAMETRIC_REPRESENTATION_CONTEXT() REPRESENTATION_CONTEXT('2D SPACE',''
  ) );
#4400 = PCURVE('',#4401,#4406);
#4401 = PLANE('',#4402);
#4402 = AXIS2_PLACEMENT_3D('',#4403,#4404,#4405);
#4403 = CARTESIAN_POINT('',(68.,53.1,448.7));
#4404 = DIRECTION('',(0.,1.,0.));
#4405 = DIRECTION('',(0.,-0.,1.));
#4406 = DEFINITIONAL_REPRESENTATION('',(#4407),#4411);
#4407 = CIRCLE('',#4408,4.5);
#4408 = AXIS2_PLACEMENT_2D('',#4409,#4410);
#4409 = CARTESIAN_POINT('',(0.,0.));
#4410 = DIRECTION('',(1.,0.));
#4411 = ( GEOMETRIC_REPRESENTATION_CONTEXT(2) 
PARAMETRIC_REPRESENTATION_CONTEXT() REPRESENTATION_CONTEXT('2D SPACE',''
  ) );
#4412 = ORIENTED_EDGE('',*,*,#4363,.F.);
#4413 = ORIENTED_EDGE('',*,*,#2485,.T.);
#4414 = ORIENTED_EDGE('',*,*,#4200,.T.);
#4415 = ORIENTED_EDGE('',*,*,#2158,.T.);
#4416 = ORIENTED_EDGE('',*,*,#4417,.F.);
#4417 = EDGE_CURVE('',#2510,#2131,#4418,.T.);
#4418 = SURFACE_CURVE('',#4419,(#4423,#4429),.PCURVE_S1.);
#4419 = LINE('',#4420,#4421);
#4420 = CARTESIAN_POINT('',(65.,17.,452.05410196625));
#4421 = VECTOR('',#4422,1.);
#4422 = DIRECTION('',(0.,1.,0.));
#4423 = PCURVE('',#2175,#4424);
#4424 = DEFINITIONAL_REPRESENTATION('',(#4425),#4428);
#4425 = B_SPLINE_CURVE_WITH_KNOTS('',1,(#4426,#4427),.UNSPECIFIED.,.F.,
  .F.,(2,2),(-5.999999999062E-07,36.1000006),.PIECEWISE_BEZIER_KNOTS.);
#4426 = CARTESIAN_POINT('',(5.553457650953,-5.999999999062E-07));
#4427 = CARTESIAN_POINT('',(5.553457650953,36.1000006));
#4428 = ( GEOMETRIC_REPRESENTATION_CONTEXT(2) 
PARAMETRIC_REPRESENTATION_CONTEXT() REPRESENTATION_CONTEXT('2D SPACE',''
  ) );
#4429 = PCURVE('',#2146,#4430);
#4430 = DEFINITIONAL_REPRESENTATION('',(#4431),#4434);
#4431 = B_SPLINE_CURVE_WITH_KNOTS('',1,(#4432,#4433),.UNSPECIFIED.,.F.,
  .F.,(2,2),(-5.999999999062E-07,36.1000006),.PIECEWISE_BEZIER_KNOTS.);
#4432 = CARTESIAN_POINT('',(26.05410196625,1.0000006));
#4433 = CARTESIAN_POINT('',(26.05410196625,-35.1000006));
#4434 = ( GEOMETRIC_REPRESENTATION_CONTEXT(2) 
PARAMETRIC_REPRESENTATION_CONTEXT() REPRESENTATION_CONTEXT('2D SPACE',''
  ) );
#4435 = ORIENTED_EDGE('',*,*,#2509,.T.);
#4436 = ADVANCED_FACE('',(#4437,#4461),#2146,.F.);
#4437 = FACE_BOUND('',#4438,.F.);
#4438 = EDGE_LOOP('',(#4439,#4440,#4441,#4442));
#4439 = ORIENTED_EDGE('',*,*,#2533,.F.);
#4440 = ORIENTED_EDGE('',*,*,#4417,.T.);
#4441 = ORIENTED_EDGE('',*,*,#2130,.T.);
#4442 = ORIENTED_EDGE('',*,*,#4443,.F.);
#4443 = EDGE_CURVE('',#2534,#2102,#4444,.T.);
#4444 = SURFACE_CURVE('',#4445,(#4449,#4455),.PCURVE_S1.);
#4445 = LINE('',#4446,#4447);
#4446 = CARTESIAN_POINT('',(65.,17.,471.34589803375));
#4447 = VECTOR('',#4448,1.);
#4448 = DIRECTION('',(0.,1.,0.));
#4449 = PCURVE('',#2146,#4450);
#4450 = DEFINITIONAL_REPRESENTATION('',(#4451),#4454);
#4451 = B_SPLINE_CURVE_WITH_KNOTS('',1,(#4452,#4453),.UNSPECIFIED.,.F.,
  .F.,(2,2),(-5.999999999062E-07,36.1000006),.PIECEWISE_BEZIER_KNOTS.);
#4452 = CARTESIAN_POINT('',(45.34589803375,1.0000006));
#4453 = CARTESIAN_POINT('',(45.34589803375,-35.1000006));
#4454 = ( GEOMETRIC_REPRESENTATION_CONTEXT(2) 
PARAMETRIC_REPRESENTATION_CONTEXT() REPRESENTATION_CONTEXT('2D SPACE',''
  ) );
#4455 = PCURVE('',#2118,#4456);
#4456 = DEFINITIONAL_REPRESENTATION('',(#4457),#4460);
#4457 = B_SPLINE_CURVE_WITH_KNOTS('',1,(#4458,#4459),.UNSPECIFIED.,.F.,
  .F.,(2,2),(-5.999999999062E-07,36.1000006),.PIECEWISE_BEZIER_KNOTS.);
#4458 = CARTESIAN_POINT('',(3.871320309817,-5.999999999062E-07));
#4459 = CARTESIAN_POINT('',(3.871320309817,36.1000006));
#4460 = ( GEOMETRIC_REPRESENTATION_CONTEXT(2) 
PARAMETRIC_REPRESENTATION_CONTEXT() REPRESENTATION_CONTEXT('2D SPACE',''
  ) );
#4461 = FACE_BOUND('',#4462,.F.);
#4462 = EDGE_LOOP('',(#4463));
#4463 = ORIENTED_EDGE('',*,*,#4464,.F.);
#4464 = EDGE_CURVE('',#4465,#4465,#4467,.T.);
#4465 = VERTEX_POINT('',#4466);
#4466 = CARTESIAN_POINT('',(65.,41.,467.3));
#4467 = SURFACE_CURVE('',#4468,(#4473,#4480),.PCURVE_S1.);
#4468 = CIRCLE('',#4469,3.3);
#4469 = AXIS2_PLACEMENT_3D('',#4470,#4471,#4472);
#4470 = CARTESIAN_POINT('',(65.,41.,464.));
#4471 = DIRECTION('',(1.,0.,0.));
#4472 = DIRECTION('',(-0.,0.,1.));
#4473 = PCURVE('',#2146,#4474);
#4474 = DEFINITIONAL_REPRESENTATION('',(#4475),#4479);
#4475 = CIRCLE('',#4476,3.3);
#4476 = AXIS2_PLACEMENT_2D('',#4477,#4478);
#4477 = CARTESIAN_POINT('',(38.,-23.));
#4478 = DIRECTION('',(1.,0.));
#4479 = ( GEOMETRIC_REPRESENTATION_CONTEXT(2) 
PARAMETRIC_REPRESENTATION_CONTEXT() REPRESENTATION_CONTEXT('2D SPACE',''
  ) );
#4480 = PCURVE('',#4481,#4486);
#4481 = CYLINDRICAL_SURFACE('',#4482,3.3);
#4482 = AXIS2_PLACEMENT_3D('',#4483,#4484,#4485);
#4483 = CARTESIAN_POINT('',(64.,41.,464.));
#4484 = DIRECTION('',(1.,0.,0.));
#4485 = DIRECTION('',(-0.,0.,1.));
#4486 = DEFINITIONAL_REPRESENTATION('',(#4487),#4491);
#4487 = LINE('',#4488,#4489);
#4488 = CARTESIAN_POINT('',(0.,1.));
#4489 = VECTOR('',#4490,1.);
#4490 = DIRECTION('',(1.,0.));
#4491 = ( GEOMETRIC_REPRESENTATION_CONTEXT(2) 
PARAMETRIC_REPRESENTATION_CONTEXT() REPRESENTATION_CONTEXT('2D SPACE',''
  ) );
#4492 = ADVANCED_FACE('',(#4493),#2118,.F.);
#4493 = FACE_BOUND('',#4494,.F.);
#4494 = EDGE_LOOP('',(#4495,#4518,#4545,#4546,#4547,#4548,#4549,#4568));
#4495 = ORIENTED_EDGE('',*,*,#4496,.T.);
#4496 = EDGE_CURVE('',#2557,#4497,#4499,.T.);
#4497 = VERTEX_POINT('',#4498);
#4498 = CARTESIAN_POINT('',(68.,53.1,479.2));
#4499 = SEAM_CURVE('',#4500,(#4504,#4511),.PCURVE_S1.);
#4500 = LINE('',#4501,#4502);
#4501 = CARTESIAN_POINT('',(68.,17.,479.2));
#4502 = VECTOR('',#4503,1.);
#4503 = DIRECTION('',(0.,1.,0.));
#4504 = PCURVE('',#2118,#4505);
#4505 = DEFINITIONAL_REPRESENTATION('',(#4506),#4510);
#4506 = LINE('',#4507,#4508);
#4507 = CARTESIAN_POINT('',(6.28318530718,-0.));
#4508 = VECTOR('',#4509,1.);
#4509 = DIRECTION('',(0.,1.));
#4510 = ( GEOMETRIC_REPRESENTATION_CONTEXT(2) 
PARAMETRIC_REPRESENTATION_CONTEXT() REPRESENTATION_CONTEXT('2D SPACE',''
  ) );
#4511 = PCURVE('',#2118,#4512);
#4512 = DEFINITIONAL_REPRESENTATION('',(#4513),#4517);
#4513 = LINE('',#4514,#4515);
#4514 = CARTESIAN_POINT('',(0.,-0.));
#4515 = VECTOR('',#4516,1.);
#4516 = DIRECTION('',(0.,1.));
#4517 = ( GEOMETRIC_REPRESENTATION_CONTEXT(2) 
PARAMETRIC_REPRESENTATION_CONTEXT() REPRESENTATION_CONTEXT('2D SPACE',''
  ) );
#4518 = ORIENTED_EDGE('',*,*,#4519,.F.);
#4519 = EDGE_CURVE('',#4497,#4497,#4520,.T.);
#4520 = SURFACE_CURVE('',#4521,(#4526,#4533),.PCURVE_S1.);
#4521 = CIRCLE('',#4522,4.5);
#4522 = AXIS2_PLACEMENT_3D('',#4523,#4524,#4525);
#4523 = CARTESIAN_POINT('',(68.,53.1,474.7));
#4524 = DIRECTION('',(0.,1.,0.));
#4525 = DIRECTION('',(0.,-0.,1.));
#4526 = PCURVE('',#2118,#4527);
#4527 = DEFINITIONAL_REPRESENTATION('',(#4528),#4532);
#4528 = LINE('',#4529,#4530);
#4529 = CARTESIAN_POINT('',(0.,36.1));
#4530 = VECTOR('',#4531,1.);
#4531 = DIRECTION('',(1.,0.));
#4532 = ( GEOMETRIC_REPRESENTATION_CONTEXT(2) 
PARAMETRIC_REPRESENTATION_CONTEXT() REPRESENTATION_CONTEXT('2D SPACE',''
  ) );
#4533 = PCURVE('',#4534,#4539);
#4534 = PLANE('',#4535);
#4535 = AXIS2_PLACEMENT_3D('',#4536,#4537,#4538);
#4536 = CARTESIAN_POINT('',(68.,53.1,474.7));
#4537 = DIRECTION('',(0.,1.,0.));
#4538 = DIRECTION('',(0.,-0.,1.));
#4539 = DEFINITIONAL_REPRESENTATION('',(#4540),#4544);
#4540 = CIRCLE('',#4541,4.5);
#4541 = AXIS2_PLACEMENT_2D('',#4542,#4543);
#4542 = CARTESIAN_POINT('',(0.,0.));
#4543 = DIRECTION('',(1.,0.));
#4544 = ( GEOMETRIC_REPRESENTATION_CONTEXT(2) 
PARAMETRIC_REPRESENTATION_CONTEXT() REPRESENTATION_CONTEXT('2D SPACE',''
  ) );
#4545 = ORIENTED_EDGE('',*,*,#4496,.F.);
#4546 = ORIENTED_EDGE('',*,*,#2556,.T.);
#4547 = ORIENTED_EDGE('',*,*,#4443,.T.);
#4548 = ORIENTED_EDGE('',*,*,#2101,.T.);
#4549 = ORIENTED_EDGE('',*,*,#4550,.F.);
#4550 = EDGE_CURVE('',#2581,#2074,#4551,.T.);
#4551 = SURFACE_CURVE('',#4552,(#4556,#4562),.PCURVE_S1.);
#4552 = LINE('',#4553,#4554);
#4553 = CARTESIAN_POINT('',(65.,17.,478.05410196625));
#4554 = VECTOR('',#4555,1.);
#4555 = DIRECTION('',(0.,1.,0.));
#4556 = PCURVE('',#2118,#4557);
#4557 = DEFINITIONAL_REPRESENTATION('',(#4558),#4561);
#4558 = B_SPLINE_CURVE_WITH_KNOTS('',1,(#4559,#4560),.UNSPECIFIED.,.F.,
  .F.,(2,2),(-5.999999999062E-07,36.1000006),.PIECEWISE_BEZIER_KNOTS.);
#4559 = CARTESIAN_POINT('',(5.553457650953,-5.999999999062E-07));
#4560 = CARTESIAN_POINT('',(5.553457650953,36.1000006));
#4561 = ( GEOMETRIC_REPRESENTATION_CONTEXT(2) 
PARAMETRIC_REPRESENTATION_CONTEXT() REPRESENTATION_CONTEXT('2D SPACE',''
  ) );
#4562 = PCURVE('',#2089,#4563);
#4563 = DEFINITIONAL_REPRESENTATION('',(#4564),#4567);
#4564 = B_SPLINE_CURVE_WITH_KNOTS('',1,(#4565,#4566),.UNSPECIFIED.,.F.,
  .F.,(2,2),(-5.999999999062E-07,36.1000006),.PIECEWISE_BEZIER_KNOTS.);
#4565 = CARTESIAN_POINT('',(52.05410196625,1.0000006));
#4566 = CARTESIAN_POINT('',(52.05410196625,-35.1000006));
#4567 = ( GEOMETRIC_REPRESENTATION_CONTEXT(2) 
PARAMETRIC_REPRESENTATION_CONTEXT() REPRESENTATION_CONTEXT('2D SPACE',''
  ) );
#4568 = ORIENTED_EDGE('',*,*,#2580,.T.);
#4569 = ADVANCED_FACE('',(#4570),#2089,.F.);
#4570 = FACE_BOUND('',#4571,.F.);
#4571 = EDGE_LOOP('',(#4572,#4573,#4574,#4575));
#4572 = ORIENTED_EDGE('',*,*,#2604,.F.);
#4573 = ORIENTED_EDGE('',*,*,#4550,.T.);
#4574 = ORIENTED_EDGE('',*,*,#2073,.T.);
#4575 = ORIENTED_EDGE('',*,*,#4576,.F.);
#4576 = EDGE_CURVE('',#2605,#2045,#4577,.T.);
#4577 = SURFACE_CURVE('',#4578,(#4582,#4588),.PCURVE_S1.);
#4578 = LINE('',#4579,#4580);
#4579 = CARTESIAN_POINT('',(65.,17.,525.34589803375));
#4580 = VECTOR('',#4581,1.);
#4581 = DIRECTION('',(0.,1.,0.));
#4582 = PCURVE('',#2089,#4583);
#4583 = DEFINITIONAL_REPRESENTATION('',(#4584),#4587);
#4584 = B_SPLINE_CURVE_WITH_KNOTS('',1,(#4585,#4586),.UNSPECIFIED.,.F.,
  .F.,(2,2),(-5.999999999062E-07,36.1000006),.PIECEWISE_BEZIER_KNOTS.);
#4585 = CARTESIAN_POINT('',(99.34589803375,1.0000006));
#4586 = CARTESIAN_POINT('',(99.34589803375,-35.1000006));
#4587 = ( GEOMETRIC_REPRESENTATION_CONTEXT(2) 
PARAMETRIC_REPRESENTATION_CONTEXT() REPRESENTATION_CONTEXT('2D SPACE',''
  ) );
#4588 = PCURVE('',#2061,#4589);
#4589 = DEFINITIONAL_REPRESENTATION('',(#4590),#4593);
#4590 = B_SPLINE_CURVE_WITH_KNOTS('',1,(#4591,#4592),.UNSPECIFIED.,.F.,
  .F.,(2,2),(-5.999999999062E-07,36.1000006),.PIECEWISE_BEZIER_KNOTS.);
#4591 = CARTESIAN_POINT('',(3.871320309817,-5.999999999062E-07));
#4592 = CARTESIAN_POINT('',(3.871320309817,36.1000006));
#4593 = ( GEOMETRIC_REPRESENTATION_CONTEXT(2) 
PARAMETRIC_REPRESENTATION_CONTEXT() REPRESENTATION_CONTEXT('2D SPACE',''
  ) );
#4594 = ADVANCED_FACE('',(#4595),#2061,.F.);
#4595 = FACE_BOUND('',#4596,.F.);
#4596 = EDGE_LOOP('',(#4597,#4620,#4647,#4648,#4649,#4650,#4651,#4670));
#4597 = ORIENTED_EDGE('',*,*,#4598,.T.);
#4598 = EDGE_CURVE('',#2628,#4599,#4601,.T.);
#4599 = VERTEX_POINT('',#4600);
#4600 = CARTESIAN_POINT('',(68.,53.1,533.2));
#4601 = SEAM_CURVE('',#4602,(#4606,#4613),.PCURVE_S1.);
#4602 = LINE('',#4603,#4604);
#4603 = CARTESIAN_POINT('',(68.,17.,533.2));
#4604 = VECTOR('',#4605,1.);
#4605 = DIRECTION('',(0.,1.,0.));
#4606 = PCURVE('',#2061,#4607);
#4607 = DEFINITIONAL_REPRESENTATION('',(#4608),#4612);
#4608 = LINE('',#4609,#4610);
#4609 = CARTESIAN_POINT('',(6.28318530718,-0.));
#4610 = VECTOR('',#4611,1.);
#4611 = DIRECTION('',(0.,1.));
#4612 = ( GEOMETRIC_REPRESENTATION_CONTEXT(2) 
PARAMETRIC_REPRESENTATION_CONTEXT() REPRESENTATION_CONTEXT('2D SPACE',''
  ) );
#4613 = PCURVE('',#2061,#4614);
#4614 = DEFINITIONAL_REPRESENTATION('',(#4615),#4619);
#4615 = LINE('',#4616,#4617);
#4616 = CARTESIAN_POINT('',(0.,-0.));
#4617 = VECTOR('',#4618,1.);
#4618 = DIRECTION('',(0.,1.));
#4619 = ( GEOMETRIC_REPRESENTATION_CONTEXT(2) 
PARAMETRIC_REPRESENTATION_CONTEXT() REPRESENTATION_CONTEXT('2D SPACE',''
  ) );
#4620 = ORIENTED_EDGE('',*,*,#4621,.F.);
#4621 = EDGE_CURVE('',#4599,#4599,#4622,.T.);
#4622 = SURFACE_CURVE('',#4623,(#4628,#4635),.PCURVE_S1.);
#4623 = CIRCLE('',#4624,4.5);
#4624 = AXIS2_PLACEMENT_3D('',#4625,#4626,#4627);
#4625 = CARTESIAN_POINT('',(68.,53.1,528.7));
#4626 = DIRECTION('',(0.,1.,0.));
#4627 = DIRECTION('',(0.,-0.,1.));
#4628 = PCURVE('',#2061,#4629);
#4629 = DEFINITIONAL_REPRESENTATION('',(#4630),#4634);
#4630 = LINE('',#4631,#4632);
#4631 = CARTESIAN_POINT('',(0.,36.1));
#4632 = VECTOR('',#4633,1.);
#4633 = DIRECTION('',(1.,0.));
#4634 = ( GEOMETRIC_REPRESENTATION_CONTEXT(2) 
PARAMETRIC_REPRESENTATION_CONTEXT() REPRESENTATION_CONTEXT('2D SPACE',''
  ) );
#4635 = PCURVE('',#4636,#4641);
#4636 = PLANE('',#4637);
#4637 = AXIS2_PLACEMENT_3D('',#4638,#4639,#4640);
#4638 = CARTESIAN_POINT('',(68.,53.1,528.7));
#4639 = DIRECTION('',(0.,1.,0.));
#4640 = DIRECTION('',(0.,-0.,1.));
#4641 = DEFINITIONAL_REPRESENTATION('',(#4642),#4646);
#4642 = CIRCLE('',#4643,4.5);
#4643 = AXIS2_PLACEMENT_2D('',#4644,#4645);
#4644 = CARTESIAN_POINT('',(0.,0.));
#4645 = DIRECTION('',(1.,0.));
#4646 = ( GEOMETRIC_REPRESENTATION_CONTEXT(2) 
PARAMETRIC_REPRESENTATION_CONTEXT() REPRESENTATION_CONTEXT('2D SPACE',''
  ) );
#4647 = ORIENTED_EDGE('',*,*,#4598,.F.);
#4648 = ORIENTED_EDGE('',*,*,#2627,.T.);
#4649 = ORIENTED_EDGE('',*,*,#4576,.T.);
#4650 = ORIENTED_EDGE('',*,*,#2044,.T.);
#4651 = ORIENTED_EDGE('',*,*,#4652,.F.);
#4652 = EDGE_CURVE('',#2652,#2017,#4653,.T.);
#4653 = SURFACE_CURVE('',#4654,(#4658,#4664),.PCURVE_S1.);
#4654 = LINE('',#4655,#4656);
#4655 = CARTESIAN_POINT('',(65.,17.,532.05410196625));
#4656 = VECTOR('',#4657,1.);
#4657 = DIRECTION('',(0.,1.,0.));
#4658 = PCURVE('',#2061,#4659);
#4659 = DEFINITIONAL_REPRESENTATION('',(#4660),#4663);
#4660 = B_SPLINE_CURVE_WITH_KNOTS('',1,(#4661,#4662),.UNSPECIFIED.,.F.,
  .F.,(2,2),(-5.999999999062E-07,36.1000006),.PIECEWISE_BEZIER_KNOTS.);
#4661 = CARTESIAN_POINT('',(5.553457650953,-5.999999999062E-07));
#4662 = CARTESIAN_POINT('',(5.553457650953,36.1000006));
#4663 = ( GEOMETRIC_REPRESENTATION_CONTEXT(2) 
PARAMETRIC_REPRESENTATION_CONTEXT() REPRESENTATION_CONTEXT('2D SPACE',''
  ) );
#4664 = PCURVE('',#2032,#4665);
#4665 = DEFINITIONAL_REPRESENTATION('',(#4666),#4669);
#4666 = B_SPLINE_CURVE_WITH_KNOTS('',1,(#4667,#4668),.UNSPECIFIED.,.F.,
  .F.,(2,2),(-5.999999999062E-07,36.1000006),.PIECEWISE_BEZIER_KNOTS.);
#4667 = CARTESIAN_POINT('',(106.05410196625,1.0000006));
#4668 = CARTESIAN_POINT('',(106.05410196625,-35.1000006));
#4669 = ( GEOMETRIC_REPRESENTATION_CONTEXT(2) 
PARAMETRIC_REPRESENTATION_CONTEXT() REPRESENTATION_CONTEXT('2D SPACE',''
  ) );
#4670 = ORIENTED_EDGE('',*,*,#2651,.T.);
#4671 = ADVANCED_FACE('',(#4672),#2032,.F.);
#4672 = FACE_BOUND('',#4673,.F.);
#4673 = EDGE_LOOP('',(#4674,#4675,#4676,#4677));
#4674 = ORIENTED_EDGE('',*,*,#2675,.F.);
#4675 = ORIENTED_EDGE('',*,*,#4652,.T.);
#4676 = ORIENTED_EDGE('',*,*,#2016,.T.);
#4677 = ORIENTED_EDGE('',*,*,#4678,.F.);
#4678 = EDGE_CURVE('',#2676,#1988,#4679,.T.);
#4679 = SURFACE_CURVE('',#4680,(#4684,#4690),.PCURVE_S1.);
#4680 = LINE('',#4681,#4682);
#4681 = CARTESIAN_POINT('',(65.,17.,551.34589803375));
#4682 = VECTOR('',#4683,1.);
#4683 = DIRECTION('',(0.,1.,0.));
#4684 = PCURVE('',#2032,#4685);
#4685 = DEFINITIONAL_REPRESENTATION('',(#4686),#4689);
#4686 = B_SPLINE_CURVE_WITH_KNOTS('',1,(#4687,#4688),.UNSPECIFIED.,.F.,
  .F.,(2,2),(-5.999999999062E-07,36.1000006),.PIECEWISE_BEZIER_KNOTS.);
#4687 = CARTESIAN_POINT('',(125.34589803375,1.0000006));
#4688 = CARTESIAN_POINT('',(125.34589803375,-35.1000006));
#4689 = ( GEOMETRIC_REPRESENTATION_CONTEXT(2) 
PARAMETRIC_REPRESENTATION_CONTEXT() REPRESENTATION_CONTEXT('2D SPACE',''
  ) );
#4690 = PCURVE('',#2004,#4691);
#4691 = DEFINITIONAL_REPRESENTATION('',(#4692),#4695);
#4692 = B_SPLINE_CURVE_WITH_KNOTS('',1,(#4693,#4694),.UNSPECIFIED.,.F.,
  .F.,(2,2),(-5.999999999062E-07,36.1000006),.PIECEWISE_BEZIER_KNOTS.);
#4693 = CARTESIAN_POINT('',(3.871320309817,-5.999999999062E-07));
#4694 = CARTESIAN_POINT('',(3.871320309817,36.1000006));
#4695 = ( GEOMETRIC_REPRESENTATION_CONTEXT(2) 
PARAMETRIC_REPRESENTATION_CONTEXT() REPRESENTATION_CONTEXT('2D SPACE',''
  ) );
#4696 = ADVANCED_FACE('',(#4697),#2004,.F.);
#4697 = FACE_BOUND('',#4698,.F.);
#4698 = EDGE_LOOP('',(#4699,#4722,#4749,#4750,#4751,#4752,#4753,#4754));
#4699 = ORIENTED_EDGE('',*,*,#4700,.T.);
#4700 = EDGE_CURVE('',#2699,#4701,#4703,.T.);
#4701 = VERTEX_POINT('',#4702);
#4702 = CARTESIAN_POINT('',(68.,53.1,559.2));
#4703 = SEAM_CURVE('',#4704,(#4708,#4715),.PCURVE_S1.);
#4704 = LINE('',#4705,#4706);
#4705 = CARTESIAN_POINT('',(68.,17.,559.2));
#4706 = VECTOR('',#4707,1.);
#4707 = DIRECTION('',(0.,1.,0.));
#4708 = PCURVE('',#2004,#4709);
#4709 = DEFINITIONAL_REPRESENTATION('',(#4710),#4714);
#4710 = LINE('',#4711,#4712);
#4711 = CARTESIAN_POINT('',(6.28318530718,-0.));
#4712 = VECTOR('',#4713,1.);
#4713 = DIRECTION('',(0.,1.));
#4714 = ( GEOMETRIC_REPRESENTATION_CONTEXT(2) 
PARAMETRIC_REPRESENTATION_CONTEXT() REPRESENTATION_CONTEXT('2D SPACE',''
  ) );
#4715 = PCURVE('',#2004,#4716);
#4716 = DEFINITIONAL_REPRESENTATION('',(#4717),#4721);
#4717 = LINE('',#4718,#4719);
#4718 = CARTESIAN_POINT('',(0.,-0.));
#4719 = VECTOR('',#4720,1.);
#4720 = DIRECTION('',(0.,1.));
#4721 = ( GEOMETRIC_REPRESENTATION_CONTEXT(2) 
PARAMETRIC_REPRESENTATION_CONTEXT() REPRESENTATION_CONTEXT('2D SPACE',''
  ) );
#4722 = ORIENTED_EDGE('',*,*,#4723,.F.);
#4723 = EDGE_CURVE('',#4701,#4701,#4724,.T.);
#4724 = SURFACE_CURVE('',#4725,(#4730,#4737),.PCURVE_S1.);
#4725 = CIRCLE('',#4726,4.5);
#4726 = AXIS2_PLACEMENT_3D('',#4727,#4728,#4729);
#4727 = CARTESIAN_POINT('',(68.,53.1,554.7));
#4728 = DIRECTION('',(0.,1.,0.));
#4729 = DIRECTION('',(0.,-0.,1.));
#4730 = PCURVE('',#2004,#4731);
#4731 = DEFINITIONAL_REPRESENTATION('',(#4732),#4736);
#4732 = LINE('',#4733,#4734);
#4733 = CARTESIAN_POINT('',(0.,36.1));
#4734 = VECTOR('',#4735,1.);
#4735 = DIRECTION('',(1.,0.));
#4736 = ( GEOMETRIC_REPRESENTATION_CONTEXT(2) 
PARAMETRIC_REPRESENTATION_CONTEXT() REPRESENTATION_CONTEXT('2D SPACE',''
  ) );
#4737 = PCURVE('',#4738,#4743);
#4738 = PLANE('',#4739);
#4739 = AXIS2_PLACEMENT_3D('',#4740,#4741,#4742);
#4740 = CARTESIAN_POINT('',(68.,53.1,554.7));
#4741 = DIRECTION('',(0.,1.,0.));
#4742 = DIRECTION('',(0.,-0.,1.));
#4743 = DEFINITIONAL_REPRESENTATION('',(#4744),#4748);
#4744 = CIRCLE('',#4745,4.5);
#4745 = AXIS2_PLACEMENT_2D('',#4746,#4747);
#4746 = CARTESIAN_POINT('',(0.,0.));
#4747 = DIRECTION('',(1.,0.));
#4748 = ( GEOMETRIC_REPRESENTATION_CONTEXT(2) 
PARAMETRIC_REPRESENTATION_CONTEXT() REPRESENTATION_CONTEXT('2D SPACE',''
  ) );
#4749 = ORIENTED_EDGE('',*,*,#4700,.F.);
#4750 = ORIENTED_EDGE('',*,*,#2698,.T.);
#4751 = ORIENTED_EDGE('',*,*,#4678,.T.);
#4752 = ORIENTED_EDGE('',*,*,#1987,.T.);
#4753 = ORIENTED_EDGE('',*,*,#2771,.F.);
#4754 = ORIENTED_EDGE('',*,*,#2722,.T.);
#4755 = ADVANCED_FACE('',(#4756),#2834,.T.);
#4756 = FACE_BOUND('',#4757,.F.);
#4757 = EDGE_LOOP('',(#4758));
#4758 = ORIENTED_EDGE('',*,*,#2819,.F.);
#4759 = ADVANCED_FACE('',(#4760),#2889,.T.);
#4760 = FACE_BOUND('',#4761,.F.);
#4761 = EDGE_LOOP('',(#4762));
#4762 = ORIENTED_EDGE('',*,*,#2874,.F.);
#4763 = ADVANCED_FACE('',(#4764),#2946,.F.);
#4764 = FACE_BOUND('',#4765,.F.);
#4765 = EDGE_LOOP('',(#4766,#4767,#4790,#4812));
#4766 = ORIENTED_EDGE('',*,*,#2929,.F.);
#4767 = ORIENTED_EDGE('',*,*,#4768,.F.);
#4768 = EDGE_CURVE('',#4769,#2930,#4771,.T.);
#4769 = VERTEX_POINT('',#4770);
#4770 = CARTESIAN_POINT('',(-75.,41.,441.3));
#4771 = SEAM_CURVE('',#4772,(#4776,#4783),.PCURVE_S1.);
#4772 = LINE('',#4773,#4774);
#4773 = CARTESIAN_POINT('',(-75.5,41.,441.3));
#4774 = VECTOR('',#4775,1.);
#4775 = DIRECTION('',(1.,0.,0.));
#4776 = PCURVE('',#2946,#4777);
#4777 = DEFINITIONAL_REPRESENTATION('',(#4778),#4782);
#4778 = LINE('',#4779,#4780);
#4779 = CARTESIAN_POINT('',(6.28318530718,-0.));
#4780 = VECTOR('',#4781,1.);
#4781 = DIRECTION('',(0.,1.));
#4782 = ( GEOMETRIC_REPRESENTATION_CONTEXT(2) 
PARAMETRIC_REPRESENTATION_CONTEXT() REPRESENTATION_CONTEXT('2D SPACE',''
  ) );
#4783 = PCURVE('',#2946,#4784);
#4784 = DEFINITIONAL_REPRESENTATION('',(#4785),#4789);
#4785 = LINE('',#4786,#4787);
#4786 = CARTESIAN_POINT('',(0.,-0.));
#4787 = VECTOR('',#4788,1.);
#4788 = DIRECTION('',(0.,1.));
#4789 = ( GEOMETRIC_REPRESENTATION_CONTEXT(2) 
PARAMETRIC_REPRESENTATION_CONTEXT() REPRESENTATION_CONTEXT('2D SPACE',''
  ) );
#4790 = ORIENTED_EDGE('',*,*,#4791,.T.);
#4791 = EDGE_CURVE('',#4769,#4769,#4792,.T.);
#4792 = SURFACE_CURVE('',#4793,(#4798,#4805),.PCURVE_S1.);
#4793 = CIRCLE('',#4794,3.3);
#4794 = AXIS2_PLACEMENT_3D('',#4795,#4796,#4797);
#4795 = CARTESIAN_POINT('',(-75.,41.,438.));
#4796 = DIRECTION('',(1.,0.,0.));
#4797 = DIRECTION('',(-0.,0.,1.));
#4798 = PCURVE('',#2946,#4799);
#4799 = DEFINITIONAL_REPRESENTATION('',(#4800),#4804);
#4800 = LINE('',#4801,#4802);
#4801 = CARTESIAN_POINT('',(0.,0.5));
#4802 = VECTOR('',#4803,1.);
#4803 = DIRECTION('',(1.,0.));
#4804 = ( GEOMETRIC_REPRESENTATION_CONTEXT(2) 
PARAMETRIC_REPRESENTATION_CONTEXT() REPRESENTATION_CONTEXT('2D SPACE',''
  ) );
#4805 = PCURVE('',#239,#4806);
#4806 = DEFINITIONAL_REPRESENTATION('',(#4807),#4811);
#4807 = CIRCLE('',#4808,3.3);
#4808 = AXIS2_PLACEMENT_2D('',#4809,#4810);
#4809 = CARTESIAN_POINT('',(12.,12.));
#4810 = DIRECTION('',(1.,0.));
#4811 = ( GEOMETRIC_REPRESENTATION_CONTEXT(2) 
PARAMETRIC_REPRESENTATION_CONTEXT() REPRESENTATION_CONTEXT('2D SPACE',''
  ) );
#4812 = ORIENTED_EDGE('',*,*,#4768,.T.);
#4813 = ADVANCED_FACE('',(#4814,#4817),#2999,.F.);
#4814 = FACE_BOUND('',#4815,.F.);
#4815 = EDGE_LOOP('',(#4816));
#4816 = ORIENTED_EDGE('',*,*,#2984,.T.);
#4817 = FACE_BOUND('',#4818,.F.);
#4818 = EDGE_LOOP('',(#4819));
#4819 = ORIENTED_EDGE('',*,*,#4820,.F.);
#4820 = EDGE_CURVE('',#4821,#4821,#4823,.T.);
#4821 = VERTEX_POINT('',#4822);
#4822 = CARTESIAN_POINT('',(-68.,53.1,452.7));
#4823 = SURFACE_CURVE('',#4824,(#4829,#4836),.PCURVE_S1.);
#4824 = CIRCLE('',#4825,4.);
#4825 = AXIS2_PLACEMENT_3D('',#4826,#4827,#4828);
#4826 = CARTESIAN_POINT('',(-68.,53.1,448.7));
#4827 = DIRECTION('',(0.,1.,0.));
#4828 = DIRECTION('',(0.,-0.,1.));
#4829 = PCURVE('',#2999,#4830);
#4830 = DEFINITIONAL_REPRESENTATION('',(#4831),#4835);
#4831 = CIRCLE('',#4832,4.);
#4832 = AXIS2_PLACEMENT_2D('',#4833,#4834);
#4833 = CARTESIAN_POINT('',(0.,0.));
#4834 = DIRECTION('',(1.,0.));
#4835 = ( GEOMETRIC_REPRESENTATION_CONTEXT(2) 
PARAMETRIC_REPRESENTATION_CONTEXT() REPRESENTATION_CONTEXT('2D SPACE',''
  ) );
#4836 = PCURVE('',#4837,#4842);
#4837 = CYLINDRICAL_SURFACE('',#4838,4.);
#4838 = AXIS2_PLACEMENT_3D('',#4839,#4840,#4841);
#4839 = CARTESIAN_POINT('',(-68.,52.5,448.7));
#4840 = DIRECTION('',(0.,1.,0.));
#4841 = DIRECTION('',(0.,-0.,1.));
#4842 = DEFINITIONAL_REPRESENTATION('',(#4843),#4847);
#4843 = LINE('',#4844,#4845);
#4844 = CARTESIAN_POINT('',(0.,0.6));
#4845 = VECTOR('',#4846,1.);
#4846 = DIRECTION('',(1.,0.));
#4847 = ( GEOMETRIC_REPRESENTATION_CONTEXT(2) 
PARAMETRIC_REPRESENTATION_CONTEXT() REPRESENTATION_CONTEXT('2D SPACE',''
  ) );
#4848 = ADVANCED_FACE('',(#4849),#3079,.F.);
#4849 = FACE_BOUND('',#4850,.F.);
#4850 = EDGE_LOOP('',(#4851,#4852,#4875,#4897));
#4851 = ORIENTED_EDGE('',*,*,#3062,.F.);
#4852 = ORIENTED_EDGE('',*,*,#4853,.F.);
#4853 = EDGE_CURVE('',#4854,#3063,#4856,.T.);
#4854 = VERTEX_POINT('',#4855);
#4855 = CARTESIAN_POINT('',(-75.,41.,467.3));
#4856 = SEAM_CURVE('',#4857,(#4861,#4868),.PCURVE_S1.);
#4857 = LINE('',#4858,#4859);
#4858 = CARTESIAN_POINT('',(-75.5,41.,467.3));
#4859 = VECTOR('',#4860,1.);
#4860 = DIRECTION('',(1.,0.,0.));
#4861 = PCURVE('',#3079,#4862);
#4862 = DEFINITIONAL_REPRESENTATION('',(#4863),#4867);
#4863 = LINE('',#4864,#4865);
#4864 = CARTESIAN_POINT('',(6.28318530718,-0.));
#4865 = VECTOR('',#4866,1.);
#4866 = DIRECTION('',(0.,1.));
#4867 = ( GEOMETRIC_REPRESENTATION_CONTEXT(2) 
PARAMETRIC_REPRESENTATION_CONTEXT() REPRESENTATION_CONTEXT('2D SPACE',''
  ) );
#4868 = PCURVE('',#3079,#4869);
#4869 = DEFINITIONAL_REPRESENTATION('',(#4870),#4874);
#4870 = LINE('',#4871,#4872);
#4871 = CARTESIAN_POINT('',(0.,-0.));
#4872 = VECTOR('',#4873,1.);
#4873 = DIRECTION('',(0.,1.));
#4874 = ( GEOMETRIC_REPRESENTATION_CONTEXT(2) 
PARAMETRIC_REPRESENTATION_CONTEXT() REPRESENTATION_CONTEXT('2D SPACE',''
  ) );
#4875 = ORIENTED_EDGE('',*,*,#4876,.T.);
#4876 = EDGE_CURVE('',#4854,#4854,#4877,.T.);
#4877 = SURFACE_CURVE('',#4878,(#4883,#4890),.PCURVE_S1.);
#4878 = CIRCLE('',#4879,3.3);
#4879 = AXIS2_PLACEMENT_3D('',#4880,#4881,#4882);
#4880 = CARTESIAN_POINT('',(-75.,41.,464.));
#4881 = DIRECTION('',(1.,0.,0.));
#4882 = DIRECTION('',(-0.,0.,1.));
#4883 = PCURVE('',#3079,#4884);
#4884 = DEFINITIONAL_REPRESENTATION('',(#4885),#4889);
#4885 = LINE('',#4886,#4887);
#4886 = CARTESIAN_POINT('',(0.,0.5));
#4887 = VECTOR('',#4888,1.);
#4888 = DIRECTION('',(1.,0.));
#4889 = ( GEOMETRIC_REPRESENTATION_CONTEXT(2) 
PARAMETRIC_REPRESENTATION_CONTEXT() REPRESENTATION_CONTEXT('2D SPACE',''
  ) );
#4890 = PCURVE('',#270,#4891);
#4891 = DEFINITIONAL_REPRESENTATION('',(#4892),#4896);
#4892 = CIRCLE('',#4893,3.3);
#4893 = AXIS2_PLACEMENT_2D('',#4894,#4895);
#4894 = CARTESIAN_POINT('',(38.,12.));
#4895 = DIRECTION('',(1.,0.));
#4896 = ( GEOMETRIC_REPRESENTATION_CONTEXT(2) 
PARAMETRIC_REPRESENTATION_CONTEXT() REPRESENTATION_CONTEXT('2D SPACE',''
  ) );
#4897 = ORIENTED_EDGE('',*,*,#4853,.T.);
#4898 = ADVANCED_FACE('',(#4899,#4902),#3132,.F.);
#4899 = FACE_BOUND('',#4900,.F.);
#4900 = EDGE_LOOP('',(#4901));
#4901 = ORIENTED_EDGE('',*,*,#3117,.T.);
#4902 = FACE_BOUND('',#4903,.F.);
#4903 = EDGE_LOOP('',(#4904));
#4904 = ORIENTED_EDGE('',*,*,#4905,.F.);
#4905 = EDGE_CURVE('',#4906,#4906,#4908,.T.);
#4906 = VERTEX_POINT('',#4907);
#4907 = CARTESIAN_POINT('',(-68.,53.1,478.7));
#4908 = SURFACE_CURVE('',#4909,(#4914,#4921),.PCURVE_S1.);
#4909 = CIRCLE('',#4910,4.);
#4910 = AXIS2_PLACEMENT_3D('',#4911,#4912,#4913);
#4911 = CARTESIAN_POINT('',(-68.,53.1,474.7));
#4912 = DIRECTION('',(0.,1.,0.));
#4913 = DIRECTION('',(0.,-0.,1.));
#4914 = PCURVE('',#3132,#4915);
#4915 = DEFINITIONAL_REPRESENTATION('',(#4916),#4920);
#4916 = CIRCLE('',#4917,4.);
#4917 = AXIS2_PLACEMENT_2D('',#4918,#4919);
#4918 = CARTESIAN_POINT('',(0.,0.));
#4919 = DIRECTION('',(1.,0.));
#4920 = ( GEOMETRIC_REPRESENTATION_CONTEXT(2) 
PARAMETRIC_REPRESENTATION_CONTEXT() REPRESENTATION_CONTEXT('2D SPACE',''
  ) );
#4921 = PCURVE('',#4922,#4927);
#4922 = CYLINDRICAL_SURFACE('',#4923,4.);
#4923 = AXIS2_PLACEMENT_3D('',#4924,#4925,#4926);
#4924 = CARTESIAN_POINT('',(-68.,52.5,474.7));
#4925 = DIRECTION('',(0.,1.,0.));
#4926 = DIRECTION('',(0.,-0.,1.));
#4927 = DEFINITIONAL_REPRESENTATION('',(#4928),#4932);
#4928 = LINE('',#4929,#4930);
#4929 = CARTESIAN_POINT('',(0.,0.6));
#4930 = VECTOR('',#4931,1.);
#4931 = DIRECTION('',(1.,0.));
#4932 = ( GEOMETRIC_REPRESENTATION_CONTEXT(2) 
PARAMETRIC_REPRESENTATION_CONTEXT() REPRESENTATION_CONTEXT('2D SPACE',''
  ) );
#4933 = ADVANCED_FACE('',(#4934,#4937),#3234,.F.);
#4934 = FACE_BOUND('',#4935,.F.);
#4935 = EDGE_LOOP('',(#4936));
#4936 = ORIENTED_EDGE('',*,*,#3219,.T.);
#4937 = FACE_BOUND('',#4938,.F.);
#4938 = EDGE_LOOP('',(#4939));
#4939 = ORIENTED_EDGE('',*,*,#4940,.F.);
#4940 = EDGE_CURVE('',#4941,#4941,#4943,.T.);
#4941 = VERTEX_POINT('',#4942);
#4942 = CARTESIAN_POINT('',(-68.,53.1,532.7));
#4943 = SURFACE_CURVE('',#4944,(#4949,#4956),.PCURVE_S1.);
#4944 = CIRCLE('',#4945,4.);
#4945 = AXIS2_PLACEMENT_3D('',#4946,#4947,#4948);
#4946 = CARTESIAN_POINT('',(-68.,53.1,528.7));
#4947 = DIRECTION('',(0.,1.,0.));
#4948 = DIRECTION('',(0.,-0.,1.));
#4949 = PCURVE('',#3234,#4950);
#4950 = DEFINITIONAL_REPRESENTATION('',(#4951),#4955);
#4951 = CIRCLE('',#4952,4.);
#4952 = AXIS2_PLACEMENT_2D('',#4953,#4954);
#4953 = CARTESIAN_POINT('',(0.,0.));
#4954 = DIRECTION('',(1.,0.));
#4955 = ( GEOMETRIC_REPRESENTATION_CONTEXT(2) 
PARAMETRIC_REPRESENTATION_CONTEXT() REPRESENTATION_CONTEXT('2D SPACE',''
  ) );
#4956 = PCURVE('',#4957,#4962);
#4957 = CYLINDRICAL_SURFACE('',#4958,4.);
#4958 = AXIS2_PLACEMENT_3D('',#4959,#4960,#4961);
#4959 = CARTESIAN_POINT('',(-68.,52.5,528.7));
#4960 = DIRECTION('',(0.,1.,0.));
#4961 = DIRECTION('',(0.,-0.,1.));
#4962 = DEFINITIONAL_REPRESENTATION('',(#4963),#4967);
#4963 = LINE('',#4964,#4965);
#4964 = CARTESIAN_POINT('',(0.,0.6));
#4965 = VECTOR('',#4966,1.);
#4966 = DIRECTION('',(1.,0.));
#4967 = ( GEOMETRIC_REPRESENTATION_CONTEXT(2) 
PARAMETRIC_REPRESENTATION_CONTEXT() REPRESENTATION_CONTEXT('2D SPACE',''
  ) );
#4968 = ADVANCED_FACE('',(#4969,#4972),#3336,.F.);
#4969 = FACE_BOUND('',#4970,.F.);
#4970 = EDGE_LOOP('',(#4971));
#4971 = ORIENTED_EDGE('',*,*,#3321,.T.);
#4972 = FACE_BOUND('',#4973,.F.);
#4973 = EDGE_LOOP('',(#4974));
#4974 = ORIENTED_EDGE('',*,*,#4975,.F.);
#4975 = EDGE_CURVE('',#4976,#4976,#4978,.T.);
#4976 = VERTEX_POINT('',#4977);
#4977 = CARTESIAN_POINT('',(-68.,53.1,558.7));
#4978 = SURFACE_CURVE('',#4979,(#4984,#4991),.PCURVE_S1.);
#4979 = CIRCLE('',#4980,4.);
#4980 = AXIS2_PLACEMENT_3D('',#4981,#4982,#4983);
#4981 = CARTESIAN_POINT('',(-68.,53.1,554.7));
#4982 = DIRECTION('',(0.,1.,0.));
#4983 = DIRECTION('',(0.,-0.,1.));
#4984 = PCURVE('',#3336,#4985);
#4985 = DEFINITIONAL_REPRESENTATION('',(#4986),#4990);
#4986 = CIRCLE('',#4987,4.);
#4987 = AXIS2_PLACEMENT_2D('',#4988,#4989);
#4988 = CARTESIAN_POINT('',(0.,0.));
#4989 = DIRECTION('',(1.,0.));
#4990 = ( GEOMETRIC_REPRESENTATION_CONTEXT(2) 
PARAMETRIC_REPRESENTATION_CONTEXT() REPRESENTATION_CONTEXT('2D SPACE',''
  ) );
#4991 = PCURVE('',#4992,#4997);
#4992 = CYLINDRICAL_SURFACE('',#4993,4.);
#4993 = AXIS2_PLACEMENT_3D('',#4994,#4995,#4996);
#4994 = CARTESIAN_POINT('',(-68.,52.5,554.7));
#4995 = DIRECTION('',(0.,1.,0.));
#4996 = DIRECTION('',(0.,-0.,1.));
#4997 = DEFINITIONAL_REPRESENTATION('',(#4998),#5002);
#4998 = LINE('',#4999,#5000);
#4999 = CARTESIAN_POINT('',(0.,0.6));
#5000 = VECTOR('',#5001,1.);
#5001 = DIRECTION('',(1.,0.));
#5002 = ( GEOMETRIC_REPRESENTATION_CONTEXT(2) 
PARAMETRIC_REPRESENTATION_CONTEXT() REPRESENTATION_CONTEXT('2D SPACE',''
  ) );
#5003 = ADVANCED_FACE('',(#5004,#5030),#3397,.F.);
#5004 = FACE_BOUND('',#5005,.F.);
#5005 = EDGE_LOOP('',(#5006));
#5006 = ORIENTED_EDGE('',*,*,#5007,.T.);
#5007 = EDGE_CURVE('',#5008,#5008,#5010,.T.);
#5008 = VERTEX_POINT('',#5009);
#5009 = CARTESIAN_POINT('',(-68.,57.5,452.7));
#5010 = SURFACE_CURVE('',#5011,(#5016,#5023),.PCURVE_S1.);
#5011 = CIRCLE('',#5012,4.);
#5012 = AXIS2_PLACEMENT_3D('',#5013,#5014,#5015);
#5013 = CARTESIAN_POINT('',(-68.,57.5,448.7));
#5014 = DIRECTION('',(0.,1.,0.));
#5015 = DIRECTION('',(0.,-0.,1.));
#5016 = PCURVE('',#3397,#5017);
#5017 = DEFINITIONAL_REPRESENTATION('',(#5018),#5022);
#5018 = CIRCLE('',#5019,4.);
#5019 = AXIS2_PLACEMENT_2D('',#5020,#5021);
#5020 = CARTESIAN_POINT('',(0.,0.));
#5021 = DIRECTION('',(1.,0.));
#5022 = ( GEOMETRIC_REPRESENTATION_CONTEXT(2) 
PARAMETRIC_REPRESENTATION_CONTEXT() REPRESENTATION_CONTEXT('2D SPACE',''
  ) );
#5023 = PCURVE('',#4837,#5024);
#5024 = DEFINITIONAL_REPRESENTATION('',(#5025),#5029);
#5025 = LINE('',#5026,#5027);
#5026 = CARTESIAN_POINT('',(0.,5.));
#5027 = VECTOR('',#5028,1.);
#5028 = DIRECTION('',(1.,0.));
#5029 = ( GEOMETRIC_REPRESENTATION_CONTEXT(2) 
PARAMETRIC_REPRESENTATION_CONTEXT() REPRESENTATION_CONTEXT('2D SPACE',''
  ) );
#5030 = FACE_BOUND('',#5031,.F.);
#5031 = EDGE_LOOP('',(#5032));
#5032 = ORIENTED_EDGE('',*,*,#3382,.F.);
#5033 = ADVANCED_FACE('',(#5034,#5037),#2227,.F.);
#5034 = FACE_BOUND('',#5035,.F.);
#5035 = EDGE_LOOP('',(#5036));
#5036 = ORIENTED_EDGE('',*,*,#2210,.T.);
#5037 = FACE_BOUND('',#5038,.F.);
#5038 = EDGE_LOOP('',(#5039));
#5039 = ORIENTED_EDGE('',*,*,#3436,.F.);
#5040 = ADVANCED_FACE('',(#5041,#5067),#3502,.F.);
#5041 = FACE_BOUND('',#5042,.F.);
#5042 = EDGE_LOOP('',(#5043));
#5043 = ORIENTED_EDGE('',*,*,#5044,.T.);
#5044 = EDGE_CURVE('',#5045,#5045,#5047,.T.);
#5045 = VERTEX_POINT('',#5046);
#5046 = CARTESIAN_POINT('',(-68.,57.5,478.7));
#5047 = SURFACE_CURVE('',#5048,(#5053,#5060),.PCURVE_S1.);
#5048 = CIRCLE('',#5049,4.);
#5049 = AXIS2_PLACEMENT_3D('',#5050,#5051,#5052);
#5050 = CARTESIAN_POINT('',(-68.,57.5,474.7));
#5051 = DIRECTION('',(0.,1.,0.));
#5052 = DIRECTION('',(0.,-0.,1.));
#5053 = PCURVE('',#3502,#5054);
#5054 = DEFINITIONAL_REPRESENTATION('',(#5055),#5059);
#5055 = CIRCLE('',#5056,4.);
#5056 = AXIS2_PLACEMENT_2D('',#5057,#5058);
#5057 = CARTESIAN_POINT('',(0.,0.));
#5058 = DIRECTION('',(1.,0.));
#5059 = ( GEOMETRIC_REPRESENTATION_CONTEXT(2) 
PARAMETRIC_REPRESENTATION_CONTEXT() REPRESENTATION_CONTEXT('2D SPACE',''
  ) );
#5060 = PCURVE('',#4922,#5061);
#5061 = DEFINITIONAL_REPRESENTATION('',(#5062),#5066);
#5062 = LINE('',#5063,#5064);
#5063 = CARTESIAN_POINT('',(0.,5.));
#5064 = VECTOR('',#5065,1.);
#5065 = DIRECTION('',(1.,0.));
#5066 = ( GEOMETRIC_REPRESENTATION_CONTEXT(2) 
PARAMETRIC_REPRESENTATION_CONTEXT() REPRESENTATION_CONTEXT('2D SPACE',''
  ) );
#5067 = FACE_BOUND('',#5068,.F.);
#5068 = EDGE_LOOP('',(#5069));
#5069 = ORIENTED_EDGE('',*,*,#3487,.F.);
#5070 = ADVANCED_FACE('',(#5071,#5074),#2258,.F.);
#5071 = FACE_BOUND('',#5072,.F.);
#5072 = EDGE_LOOP('',(#5073));
#5073 = ORIENTED_EDGE('',*,*,#2241,.T.);
#5074 = FACE_BOUND('',#5075,.F.);
#5075 = EDGE_LOOP('',(#5076));
#5076 = ORIENTED_EDGE('',*,*,#3541,.F.);
#5077 = ADVANCED_FACE('',(#5078,#5104),#3607,.F.);
#5078 = FACE_BOUND('',#5079,.F.);
#5079 = EDGE_LOOP('',(#5080));
#5080 = ORIENTED_EDGE('',*,*,#5081,.T.);
#5081 = EDGE_CURVE('',#5082,#5082,#5084,.T.);
#5082 = VERTEX_POINT('',#5083);
#5083 = CARTESIAN_POINT('',(-68.,57.5,532.7));
#5084 = SURFACE_CURVE('',#5085,(#5090,#5097),.PCURVE_S1.);
#5085 = CIRCLE('',#5086,4.);
#5086 = AXIS2_PLACEMENT_3D('',#5087,#5088,#5089);
#5087 = CARTESIAN_POINT('',(-68.,57.5,528.7));
#5088 = DIRECTION('',(0.,1.,0.));
#5089 = DIRECTION('',(0.,-0.,1.));
#5090 = PCURVE('',#3607,#5091);
#5091 = DEFINITIONAL_REPRESENTATION('',(#5092),#5096);
#5092 = CIRCLE('',#5093,4.);
#5093 = AXIS2_PLACEMENT_2D('',#5094,#5095);
#5094 = CARTESIAN_POINT('',(0.,0.));
#5095 = DIRECTION('',(1.,0.));
#5096 = ( GEOMETRIC_REPRESENTATION_CONTEXT(2) 
PARAMETRIC_REPRESENTATION_CONTEXT() REPRESENTATION_CONTEXT('2D SPACE',''
  ) );
#5097 = PCURVE('',#4957,#5098);
#5098 = DEFINITIONAL_REPRESENTATION('',(#5099),#5103);
#5099 = LINE('',#5100,#5101);
#5100 = CARTESIAN_POINT('',(0.,5.));
#5101 = VECTOR('',#5102,1.);
#5102 = DIRECTION('',(1.,0.));
#5103 = ( GEOMETRIC_REPRESENTATION_CONTEXT(2) 
PARAMETRIC_REPRESENTATION_CONTEXT() REPRESENTATION_CONTEXT('2D SPACE',''
  ) );
#5104 = FACE_BOUND('',#5105,.F.);
#5105 = EDGE_LOOP('',(#5106));
#5106 = ORIENTED_EDGE('',*,*,#3592,.F.);
#5107 = ADVANCED_FACE('',(#5108,#5111),#2289,.F.);
#5108 = FACE_BOUND('',#5109,.F.);
#5109 = EDGE_LOOP('',(#5110));
#5110 = ORIENTED_EDGE('',*,*,#2272,.T.);
#5111 = FACE_BOUND('',#5112,.F.);
#5112 = EDGE_LOOP('',(#5113));
#5113 = ORIENTED_EDGE('',*,*,#3646,.F.);
#5114 = ADVANCED_FACE('',(#5115,#5141),#3712,.F.);
#5115 = FACE_BOUND('',#5116,.F.);
#5116 = EDGE_LOOP('',(#5117));
#5117 = ORIENTED_EDGE('',*,*,#5118,.T.);
#5118 = EDGE_CURVE('',#5119,#5119,#5121,.T.);
#5119 = VERTEX_POINT('',#5120);
#5120 = CARTESIAN_POINT('',(-68.,57.5,558.7));
#5121 = SURFACE_CURVE('',#5122,(#5127,#5134),.PCURVE_S1.);
#5122 = CIRCLE('',#5123,4.);
#5123 = AXIS2_PLACEMENT_3D('',#5124,#5125,#5126);
#5124 = CARTESIAN_POINT('',(-68.,57.5,554.7));
#5125 = DIRECTION('',(0.,1.,0.));
#5126 = DIRECTION('',(0.,-0.,1.));
#5127 = PCURVE('',#3712,#5128);
#5128 = DEFINITIONAL_REPRESENTATION('',(#5129),#5133);
#5129 = CIRCLE('',#5130,4.);
#5130 = AXIS2_PLACEMENT_2D('',#5131,#5132);
#5131 = CARTESIAN_POINT('',(0.,0.));
#5132 = DIRECTION('',(1.,0.));
#5133 = ( GEOMETRIC_REPRESENTATION_CONTEXT(2) 
PARAMETRIC_REPRESENTATION_CONTEXT() REPRESENTATION_CONTEXT('2D SPACE',''
  ) );
#5134 = PCURVE('',#4992,#5135);
#5135 = DEFINITIONAL_REPRESENTATION('',(#5136),#5140);
#5136 = LINE('',#5137,#5138);
#5137 = CARTESIAN_POINT('',(0.,5.));
#5138 = VECTOR('',#5139,1.);
#5139 = DIRECTION('',(1.,0.));
#5140 = ( GEOMETRIC_REPRESENTATION_CONTEXT(2) 
PARAMETRIC_REPRESENTATION_CONTEXT() REPRESENTATION_CONTEXT('2D SPACE',''
  ) );
#5141 = FACE_BOUND('',#5142,.F.);
#5142 = EDGE_LOOP('',(#5143));
#5143 = ORIENTED_EDGE('',*,*,#3697,.F.);
#5144 = ADVANCED_FACE('',(#5145,#5148),#2320,.F.);
#5145 = FACE_BOUND('',#5146,.F.);
#5146 = EDGE_LOOP('',(#5147));
#5147 = ORIENTED_EDGE('',*,*,#2303,.T.);
#5148 = FACE_BOUND('',#5149,.F.);
#5149 = EDGE_LOOP('',(#5150));
#5150 = ORIENTED_EDGE('',*,*,#3751,.F.);
#5151 = ADVANCED_FACE('',(#5152,#5155),#2351,.F.);
#5152 = FACE_BOUND('',#5153,.F.);
#5153 = EDGE_LOOP('',(#5154));
#5154 = ORIENTED_EDGE('',*,*,#2334,.T.);
#5155 = FACE_BOUND('',#5156,.F.);
#5156 = EDGE_LOOP('',(#5157));
#5157 = ORIENTED_EDGE('',*,*,#3801,.F.);
#5158 = ADVANCED_FACE('',(#5159,#5190),#3867,.F.);
#5159 = FACE_BOUND('',#5160,.F.);
#5160 = EDGE_LOOP('',(#5161));
#5161 = ORIENTED_EDGE('',*,*,#5162,.T.);
#5162 = EDGE_CURVE('',#5163,#5163,#5165,.T.);
#5163 = VERTEX_POINT('',#5164);
#5164 = CARTESIAN_POINT('',(68.,57.5,452.7));
#5165 = SURFACE_CURVE('',#5166,(#5171,#5178),.PCURVE_S1.);
#5166 = CIRCLE('',#5167,4.);
#5167 = AXIS2_PLACEMENT_3D('',#5168,#5169,#5170);
#5168 = CARTESIAN_POINT('',(68.,57.5,448.7));
#5169 = DIRECTION('',(0.,1.,0.));
#5170 = DIRECTION('',(0.,-0.,1.));
#5171 = PCURVE('',#3867,#5172);
#5172 = DEFINITIONAL_REPRESENTATION('',(#5173),#5177);
#5173 = CIRCLE('',#5174,4.);
#5174 = AXIS2_PLACEMENT_2D('',#5175,#5176);
#5175 = CARTESIAN_POINT('',(0.,0.));
#5176 = DIRECTION('',(1.,0.));
#5177 = ( GEOMETRIC_REPRESENTATION_CONTEXT(2) 
PARAMETRIC_REPRESENTATION_CONTEXT() REPRESENTATION_CONTEXT('2D SPACE',''
  ) );
#5178 = PCURVE('',#5179,#5184);
#5179 = CYLINDRICAL_SURFACE('',#5180,4.);
#5180 = AXIS2_PLACEMENT_3D('',#5181,#5182,#5183);
#5181 = CARTESIAN_POINT('',(68.,52.5,448.7));
#5182 = DIRECTION('',(0.,1.,0.));
#5183 = DIRECTION('',(0.,-0.,1.));
#5184 = DEFINITIONAL_REPRESENTATION('',(#5185),#5189);
#5185 = LINE('',#5186,#5187);
#5186 = CARTESIAN_POINT('',(0.,5.));
#5187 = VECTOR('',#5188,1.);
#5188 = DIRECTION('',(1.,0.));
#5189 = ( GEOMETRIC_REPRESENTATION_CONTEXT(2) 
PARAMETRIC_REPRESENTATION_CONTEXT() REPRESENTATION_CONTEXT('2D SPACE',''
  ) );
#5190 = FACE_BOUND('',#5191,.F.);
#5191 = EDGE_LOOP('',(#5192));
#5192 = ORIENTED_EDGE('',*,*,#3852,.F.);
#5193 = ADVANCED_FACE('',(#5194,#5197),#2382,.F.);
#5194 = FACE_BOUND('',#5195,.F.);
#5195 = EDGE_LOOP('',(#5196));
#5196 = ORIENTED_EDGE('',*,*,#2365,.T.);
#5197 = FACE_BOUND('',#5198,.F.);
#5198 = EDGE_LOOP('',(#5199));
#5199 = ORIENTED_EDGE('',*,*,#3906,.F.);
#5200 = ADVANCED_FACE('',(#5201,#5232),#3972,.F.);
#5201 = FACE_BOUND('',#5202,.F.);
#5202 = EDGE_LOOP('',(#5203));
#5203 = ORIENTED_EDGE('',*,*,#5204,.T.);
#5204 = EDGE_CURVE('',#5205,#5205,#5207,.T.);
#5205 = VERTEX_POINT('',#5206);
#5206 = CARTESIAN_POINT('',(68.,57.5,478.7));
#5207 = SURFACE_CURVE('',#5208,(#5213,#5220),.PCURVE_S1.);
#5208 = CIRCLE('',#5209,4.);
#5209 = AXIS2_PLACEMENT_3D('',#5210,#5211,#5212);
#5210 = CARTESIAN_POINT('',(68.,57.5,474.7));
#5211 = DIRECTION('',(0.,1.,0.));
#5212 = DIRECTION('',(0.,-0.,1.));
#5213 = PCURVE('',#3972,#5214);
#5214 = DEFINITIONAL_REPRESENTATION('',(#5215),#5219);
#5215 = CIRCLE('',#5216,4.);
#5216 = AXIS2_PLACEMENT_2D('',#5217,#5218);
#5217 = CARTESIAN_POINT('',(0.,0.));
#5218 = DIRECTION('',(1.,0.));
#5219 = ( GEOMETRIC_REPRESENTATION_CONTEXT(2) 
PARAMETRIC_REPRESENTATION_CONTEXT() REPRESENTATION_CONTEXT('2D SPACE',''
  ) );
#5220 = PCURVE('',#5221,#5226);
#5221 = CYLINDRICAL_SURFACE('',#5222,4.);
#5222 = AXIS2_PLACEMENT_3D('',#5223,#5224,#5225);
#5223 = CARTESIAN_POINT('',(68.,52.5,474.7));
#5224 = DIRECTION('',(0.,1.,0.));
#5225 = DIRECTION('',(0.,-0.,1.));
#5226 = DEFINITIONAL_REPRESENTATION('',(#5227),#5231);
#5227 = LINE('',#5228,#5229);
#5228 = CARTESIAN_POINT('',(0.,5.));
#5229 = VECTOR('',#5230,1.);
#5230 = DIRECTION('',(1.,0.));
#5231 = ( GEOMETRIC_REPRESENTATION_CONTEXT(2) 
PARAMETRIC_REPRESENTATION_CONTEXT() REPRESENTATION_CONTEXT('2D SPACE',''
  ) );
#5232 = FACE_BOUND('',#5233,.F.);
#5233 = EDGE_LOOP('',(#5234));
#5234 = ORIENTED_EDGE('',*,*,#3957,.F.);
#5235 = ADVANCED_FACE('',(#5236,#5239),#2413,.F.);
#5236 = FACE_BOUND('',#5237,.F.);
#5237 = EDGE_LOOP('',(#5238));
#5238 = ORIENTED_EDGE('',*,*,#2396,.T.);
#5239 = FACE_BOUND('',#5240,.F.);
#5240 = EDGE_LOOP('',(#5241));
#5241 = ORIENTED_EDGE('',*,*,#4011,.F.);
#5242 = ADVANCED_FACE('',(#5243,#5274),#4077,.F.);
#5243 = FACE_BOUND('',#5244,.F.);
#5244 = EDGE_LOOP('',(#5245));
#5245 = ORIENTED_EDGE('',*,*,#5246,.T.);
#5246 = EDGE_CURVE('',#5247,#5247,#5249,.T.);
#5247 = VERTEX_POINT('',#5248);
#5248 = CARTESIAN_POINT('',(68.,57.5,532.7));
#5249 = SURFACE_CURVE('',#5250,(#5255,#5262),.PCURVE_S1.);
#5250 = CIRCLE('',#5251,4.);
#5251 = AXIS2_PLACEMENT_3D('',#5252,#5253,#5254);
#5252 = CARTESIAN_POINT('',(68.,57.5,528.7));
#5253 = DIRECTION('',(0.,1.,0.));
#5254 = DIRECTION('',(0.,-0.,1.));
#5255 = PCURVE('',#4077,#5256);
#5256 = DEFINITIONAL_REPRESENTATION('',(#5257),#5261);
#5257 = CIRCLE('',#5258,4.);
#5258 = AXIS2_PLACEMENT_2D('',#5259,#5260);
#5259 = CARTESIAN_POINT('',(0.,0.));
#5260 = DIRECTION('',(1.,0.));
#5261 = ( GEOMETRIC_REPRESENTATION_CONTEXT(2) 
PARAMETRIC_REPRESENTATION_CONTEXT() REPRESENTATION_CONTEXT('2D SPACE',''
  ) );
#5262 = PCURVE('',#5263,#5268);
#5263 = CYLINDRICAL_SURFACE('',#5264,4.);
#5264 = AXIS2_PLACEMENT_3D('',#5265,#5266,#5267);
#5265 = CARTESIAN_POINT('',(68.,52.5,528.7));
#5266 = DIRECTION('',(0.,1.,0.));
#5267 = DIRECTION('',(0.,-0.,1.));
#5268 = DEFINITIONAL_REPRESENTATION('',(#5269),#5273);
#5269 = LINE('',#5270,#5271);
#5270 = CARTESIAN_POINT('',(0.,5.));
#5271 = VECTOR('',#5272,1.);
#5272 = DIRECTION('',(1.,0.));
#5273 = ( GEOMETRIC_REPRESENTATION_CONTEXT(2) 
PARAMETRIC_REPRESENTATION_CONTEXT() REPRESENTATION_CONTEXT('2D SPACE',''
  ) );
#5274 = FACE_BOUND('',#5275,.F.);
#5275 = EDGE_LOOP('',(#5276));
#5276 = ORIENTED_EDGE('',*,*,#4062,.F.);
#5277 = ADVANCED_FACE('',(#5278,#5281),#2444,.F.);
#5278 = FACE_BOUND('',#5279,.F.);
#5279 = EDGE_LOOP('',(#5280));
#5280 = ORIENTED_EDGE('',*,*,#2427,.T.);
#5281 = FACE_BOUND('',#5282,.F.);
#5282 = EDGE_LOOP('',(#5283));
#5283 = ORIENTED_EDGE('',*,*,#4116,.F.);
#5284 = ADVANCED_FACE('',(#5285,#5316),#4182,.F.);
#5285 = FACE_BOUND('',#5286,.F.);
#5286 = EDGE_LOOP('',(#5287));
#5287 = ORIENTED_EDGE('',*,*,#5288,.T.);
#5288 = EDGE_CURVE('',#5289,#5289,#5291,.T.);
#5289 = VERTEX_POINT('',#5290);
#5290 = CARTESIAN_POINT('',(68.,57.5,558.7));
#5291 = SURFACE_CURVE('',#5292,(#5297,#5304),.PCURVE_S1.);
#5292 = CIRCLE('',#5293,4.);
#5293 = AXIS2_PLACEMENT_3D('',#5294,#5295,#5296);
#5294 = CARTESIAN_POINT('',(68.,57.5,554.7));
#5295 = DIRECTION('',(0.,1.,0.));
#5296 = DIRECTION('',(0.,-0.,1.));
#5297 = PCURVE('',#4182,#5298);
#5298 = DEFINITIONAL_REPRESENTATION('',(#5299),#5303);
#5299 = CIRCLE('',#5300,4.);
#5300 = AXIS2_PLACEMENT_2D('',#5301,#5302);
#5301 = CARTESIAN_POINT('',(0.,0.));
#5302 = DIRECTION('',(1.,0.));
#5303 = ( GEOMETRIC_REPRESENTATION_CONTEXT(2) 
PARAMETRIC_REPRESENTATION_CONTEXT() REPRESENTATION_CONTEXT('2D SPACE',''
  ) );
#5304 = PCURVE('',#5305,#5310);
#5305 = CYLINDRICAL_SURFACE('',#5306,4.);
#5306 = AXIS2_PLACEMENT_3D('',#5307,#5308,#5309);
#5307 = CARTESIAN_POINT('',(68.,52.5,554.7));
#5308 = DIRECTION('',(0.,1.,0.));
#5309 = DIRECTION('',(0.,-0.,1.));
#5310 = DEFINITIONAL_REPRESENTATION('',(#5311),#5315);
#5311 = LINE('',#5312,#5313);
#5312 = CARTESIAN_POINT('',(0.,5.));
#5313 = VECTOR('',#5314,1.);
#5314 = DIRECTION('',(1.,0.));
#5315 = ( GEOMETRIC_REPRESENTATION_CONTEXT(2) 
PARAMETRIC_REPRESENTATION_CONTEXT() REPRESENTATION_CONTEXT('2D SPACE',''
  ) );
#5316 = FACE_BOUND('',#5317,.F.);
#5317 = EDGE_LOOP('',(#5318));
#5318 = ORIENTED_EDGE('',*,*,#4167,.F.);
#5319 = ADVANCED_FACE('',(#5320),#4238,.F.);
#5320 = FACE_BOUND('',#5321,.F.);
#5321 = EDGE_LOOP('',(#5322,#5346,#5367,#5368));
#5322 = ORIENTED_EDGE('',*,*,#5323,.F.);
#5323 = EDGE_CURVE('',#5324,#5324,#5326,.T.);
#5324 = VERTEX_POINT('',#5325);
#5325 = CARTESIAN_POINT('',(75.,41.,441.3));
#5326 = SURFACE_CURVE('',#5327,(#5332,#5339),.PCURVE_S1.);
#5327 = CIRCLE('',#5328,3.3);
#5328 = AXIS2_PLACEMENT_3D('',#5329,#5330,#5331);
#5329 = CARTESIAN_POINT('',(75.,41.,438.));
#5330 = DIRECTION('',(1.,0.,0.));
#5331 = DIRECTION('',(-0.,0.,1.));
#5332 = PCURVE('',#4238,#5333);
#5333 = DEFINITIONAL_REPRESENTATION('',(#5334),#5338);
#5334 = LINE('',#5335,#5336);
#5335 = CARTESIAN_POINT('',(0.,11.));
#5336 = VECTOR('',#5337,1.);
#5337 = DIRECTION('',(1.,0.));
#5338 = ( GEOMETRIC_REPRESENTATION_CONTEXT(2) 
PARAMETRIC_REPRESENTATION_CONTEXT() REPRESENTATION_CONTEXT('2D SPACE',''
  ) );
#5339 = PCURVE('',#1729,#5340);
#5340 = DEFINITIONAL_REPRESENTATION('',(#5341),#5345);
#5341 = CIRCLE('',#5342,3.3);
#5342 = AXIS2_PLACEMENT_2D('',#5343,#5344);
#5343 = CARTESIAN_POINT('',(12.,12.));
#5344 = DIRECTION('',(1.,0.));
#5345 = ( GEOMETRIC_REPRESENTATION_CONTEXT(2) 
PARAMETRIC_REPRESENTATION_CONTEXT() REPRESENTATION_CONTEXT('2D SPACE',''
  ) );
#5346 = ORIENTED_EDGE('',*,*,#5347,.F.);
#5347 = EDGE_CURVE('',#4222,#5324,#5348,.T.);
#5348 = SEAM_CURVE('',#5349,(#5353,#5360),.PCURVE_S1.);
#5349 = LINE('',#5350,#5351);
#5350 = CARTESIAN_POINT('',(64.,41.,441.3));
#5351 = VECTOR('',#5352,1.);
#5352 = DIRECTION('',(1.,0.,0.));
#5353 = PCURVE('',#4238,#5354);
#5354 = DEFINITIONAL_REPRESENTATION('',(#5355),#5359);
#5355 = LINE('',#5356,#5357);
#5356 = CARTESIAN_POINT('',(6.28318530718,-0.));
#5357 = VECTOR('',#5358,1.);
#5358 = DIRECTION('',(0.,1.));
#5359 = ( GEOMETRIC_REPRESENTATION_CONTEXT(2) 
PARAMETRIC_REPRESENTATION_CONTEXT() REPRESENTATION_CONTEXT('2D SPACE',''
  ) );
#5360 = PCURVE('',#4238,#5361);
#5361 = DEFINITIONAL_REPRESENTATION('',(#5362),#5366);
#5362 = LINE('',#5363,#5364);
#5363 = CARTESIAN_POINT('',(0.,-0.));
#5364 = VECTOR('',#5365,1.);
#5365 = DIRECTION('',(0.,1.));
#5366 = ( GEOMETRIC_REPRESENTATION_CONTEXT(2) 
PARAMETRIC_REPRESENTATION_CONTEXT() REPRESENTATION_CONTEXT('2D SPACE',''
  ) );
#5367 = ORIENTED_EDGE('',*,*,#4221,.T.);
#5368 = ORIENTED_EDGE('',*,*,#5347,.T.);
#5369 = ADVANCED_FACE('',(#5370),#4291,.F.);
#5370 = FACE_BOUND('',#5371,.F.);
#5371 = EDGE_LOOP('',(#5372));
#5372 = ORIENTED_EDGE('',*,*,#4276,.T.);
#5373 = ADVANCED_FACE('',(#5374),#4346,.F.);
#5374 = FACE_BOUND('',#5375,.F.);
#5375 = EDGE_LOOP('',(#5376));
#5376 = ORIENTED_EDGE('',*,*,#4331,.T.);
#5377 = ADVANCED_FACE('',(#5378,#5381),#4401,.F.);
#5378 = FACE_BOUND('',#5379,.F.);
#5379 = EDGE_LOOP('',(#5380));
#5380 = ORIENTED_EDGE('',*,*,#4386,.T.);
#5381 = FACE_BOUND('',#5382,.F.);
#5382 = EDGE_LOOP('',(#5383));
#5383 = ORIENTED_EDGE('',*,*,#5384,.F.);
#5384 = EDGE_CURVE('',#5385,#5385,#5387,.T.);
#5385 = VERTEX_POINT('',#5386);
#5386 = CARTESIAN_POINT('',(68.,53.1,452.7));
#5387 = SURFACE_CURVE('',#5388,(#5393,#5400),.PCURVE_S1.);
#5388 = CIRCLE('',#5389,4.);
#5389 = AXIS2_PLACEMENT_3D('',#5390,#5391,#5392);
#5390 = CARTESIAN_POINT('',(68.,53.1,448.7));
#5391 = DIRECTION('',(0.,1.,0.));
#5392 = DIRECTION('',(0.,-0.,1.));
#5393 = PCURVE('',#4401,#5394);
#5394 = DEFINITIONAL_REPRESENTATION('',(#5395),#5399);
#5395 = CIRCLE('',#5396,4.);
#5396 = AXIS2_PLACEMENT_2D('',#5397,#5398);
#5397 = CARTESIAN_POINT('',(0.,0.));
#5398 = DIRECTION('',(1.,0.));
#5399 = ( GEOMETRIC_REPRESENTATION_CONTEXT(2) 
PARAMETRIC_REPRESENTATION_CONTEXT() REPRESENTATION_CONTEXT('2D SPACE',''
  ) );
#5400 = PCURVE('',#5179,#5401);
#5401 = DEFINITIONAL_REPRESENTATION('',(#5402),#5406);
#5402 = LINE('',#5403,#5404);
#5403 = CARTESIAN_POINT('',(0.,0.6));
#5404 = VECTOR('',#5405,1.);
#5405 = DIRECTION('',(1.,0.));
#5406 = ( GEOMETRIC_REPRESENTATION_CONTEXT(2) 
PARAMETRIC_REPRESENTATION_CONTEXT() REPRESENTATION_CONTEXT('2D SPACE',''
  ) );
#5407 = ADVANCED_FACE('',(#5408),#4481,.F.);
#5408 = FACE_BOUND('',#5409,.F.);
#5409 = EDGE_LOOP('',(#5410,#5434,#5455,#5456));
#5410 = ORIENTED_EDGE('',*,*,#5411,.F.);
#5411 = EDGE_CURVE('',#5412,#5412,#5414,.T.);
#5412 = VERTEX_POINT('',#5413);
#5413 = CARTESIAN_POINT('',(75.,41.,467.3));
#5414 = SURFACE_CURVE('',#5415,(#5420,#5427),.PCURVE_S1.);
#5415 = CIRCLE('',#5416,3.3);
#5416 = AXIS2_PLACEMENT_3D('',#5417,#5418,#5419);
#5417 = CARTESIAN_POINT('',(75.,41.,464.));
#5418 = DIRECTION('',(1.,0.,0.));
#5419 = DIRECTION('',(-0.,0.,1.));
#5420 = PCURVE('',#4481,#5421);
#5421 = DEFINITIONAL_REPRESENTATION('',(#5422),#5426);
#5422 = LINE('',#5423,#5424);
#5423 = CARTESIAN_POINT('',(0.,11.));
#5424 = VECTOR('',#5425,1.);
#5425 = DIRECTION('',(1.,0.));
#5426 = ( GEOMETRIC_REPRESENTATION_CONTEXT(2) 
PARAMETRIC_REPRESENTATION_CONTEXT() REPRESENTATION_CONTEXT('2D SPACE',''
  ) );
#5427 = PCURVE('',#1760,#5428);
#5428 = DEFINITIONAL_REPRESENTATION('',(#5429),#5433);
#5429 = CIRCLE('',#5430,3.3);
#5430 = AXIS2_PLACEMENT_2D('',#5431,#5432);
#5431 = CARTESIAN_POINT('',(38.,12.));
#5432 = DIRECTION('',(1.,0.));
#5433 = ( GEOMETRIC_REPRESENTATION_CONTEXT(2) 
PARAMETRIC_REPRESENTATION_CONTEXT() REPRESENTATION_CONTEXT('2D SPACE',''
  ) );
#5434 = ORIENTED_EDGE('',*,*,#5435,.F.);
#5435 = EDGE_CURVE('',#4465,#5412,#5436,.T.);
#5436 = SEAM_CURVE('',#5437,(#5441,#5448),.PCURVE_S1.);
#5437 = LINE('',#5438,#5439);
#5438 = CARTESIAN_POINT('',(64.,41.,467.3));
#5439 = VECTOR('',#5440,1.);
#5440 = DIRECTION('',(1.,0.,0.));
#5441 = PCURVE('',#4481,#5442);
#5442 = DEFINITIONAL_REPRESENTATION('',(#5443),#5447);
#5443 = LINE('',#5444,#5445);
#5444 = CARTESIAN_POINT('',(6.28318530718,-0.));
#5445 = VECTOR('',#5446,1.);
#5446 = DIRECTION('',(0.,1.));
#5447 = ( GEOMETRIC_REPRESENTATION_CONTEXT(2) 
PARAMETRIC_REPRESENTATION_CONTEXT() REPRESENTATION_CONTEXT('2D SPACE',''
  ) );
#5448 = PCURVE('',#4481,#5449);
#5449 = DEFINITIONAL_REPRESENTATION('',(#5450),#5454);
#5450 = LINE('',#5451,#5452);
#5451 = CARTESIAN_POINT('',(0.,-0.));
#5452 = VECTOR('',#5453,1.);
#5453 = DIRECTION('',(0.,1.));
#5454 = ( GEOMETRIC_REPRESENTATION_CONTEXT(2) 
PARAMETRIC_REPRESENTATION_CONTEXT() REPRESENTATION_CONTEXT('2D SPACE',''
  ) );
#5455 = ORIENTED_EDGE('',*,*,#4464,.T.);
#5456 = ORIENTED_EDGE('',*,*,#5435,.T.);
#5457 = ADVANCED_FACE('',(#5458,#5461),#4534,.F.);
#5458 = FACE_BOUND('',#5459,.F.);
#5459 = EDGE_LOOP('',(#5460));
#5460 = ORIENTED_EDGE('',*,*,#4519,.T.);
#5461 = FACE_BOUND('',#5462,.F.);
#5462 = EDGE_LOOP('',(#5463));
#5463 = ORIENTED_EDGE('',*,*,#5464,.F.);
#5464 = EDGE_CURVE('',#5465,#5465,#5467,.T.);
#5465 = VERTEX_POINT('',#5466);
#5466 = CARTESIAN_POINT('',(68.,53.1,478.7));
#5467 = SURFACE_CURVE('',#5468,(#5473,#5480),.PCURVE_S1.);
#5468 = CIRCLE('',#5469,4.);
#5469 = AXIS2_PLACEMENT_3D('',#5470,#5471,#5472);
#5470 = CARTESIAN_POINT('',(68.,53.1,474.7));
#5471 = DIRECTION('',(0.,1.,0.));
#5472 = DIRECTION('',(0.,-0.,1.));
#5473 = PCURVE('',#4534,#5474);
#5474 = DEFINITIONAL_REPRESENTATION('',(#5475),#5479);
#5475 = CIRCLE('',#5476,4.);
#5476 = AXIS2_PLACEMENT_2D('',#5477,#5478);
#5477 = CARTESIAN_POINT('',(0.,0.));
#5478 = DIRECTION('',(1.,0.));
#5479 = ( GEOMETRIC_REPRESENTATION_CONTEXT(2) 
PARAMETRIC_REPRESENTATION_CONTEXT() REPRESENTATION_CONTEXT('2D SPACE',''
  ) );
#5480 = PCURVE('',#5221,#5481);
#5481 = DEFINITIONAL_REPRESENTATION('',(#5482),#5486);
#5482 = LINE('',#5483,#5484);
#5483 = CARTESIAN_POINT('',(0.,0.6));
#5484 = VECTOR('',#5485,1.);
#5485 = DIRECTION('',(1.,0.));
#5486 = ( GEOMETRIC_REPRESENTATION_CONTEXT(2) 
PARAMETRIC_REPRESENTATION_CONTEXT() REPRESENTATION_CONTEXT('2D SPACE',''
  ) );
#5487 = ADVANCED_FACE('',(#5488,#5491),#4636,.F.);
#5488 = FACE_BOUND('',#5489,.F.);
#5489 = EDGE_LOOP('',(#5490));
#5490 = ORIENTED_EDGE('',*,*,#4621,.T.);
#5491 = FACE_BOUND('',#5492,.F.);
#5492 = EDGE_LOOP('',(#5493));
#5493 = ORIENTED_EDGE('',*,*,#5494,.F.);
#5494 = EDGE_CURVE('',#5495,#5495,#5497,.T.);
#5495 = VERTEX_POINT('',#5496);
#5496 = CARTESIAN_POINT('',(68.,53.1,532.7));
#5497 = SURFACE_CURVE('',#5498,(#5503,#5510),.PCURVE_S1.);
#5498 = CIRCLE('',#5499,4.);
#5499 = AXIS2_PLACEMENT_3D('',#5500,#5501,#5502);
#5500 = CARTESIAN_POINT('',(68.,53.1,528.7));
#5501 = DIRECTION('',(0.,1.,0.));
#5502 = DIRECTION('',(0.,-0.,1.));
#5503 = PCURVE('',#4636,#5504);
#5504 = DEFINITIONAL_REPRESENTATION('',(#5505),#5509);
#5505 = CIRCLE('',#5506,4.);
#5506 = AXIS2_PLACEMENT_2D('',#5507,#5508);
#5507 = CARTESIAN_POINT('',(0.,0.));
#5508 = DIRECTION('',(1.,0.));
#5509 = ( GEOMETRIC_REPRESENTATION_CONTEXT(2) 
PARAMETRIC_REPRESENTATION_CONTEXT() REPRESENTATION_CONTEXT('2D SPACE',''
  ) );
#5510 = PCURVE('',#5263,#5511);
#5511 = DEFINITIONAL_REPRESENTATION('',(#5512),#5516);
#5512 = LINE('',#5513,#5514);
#5513 = CARTESIAN_POINT('',(0.,0.6));
#5514 = VECTOR('',#5515,1.);
#5515 = DIRECTION('',(1.,0.));
#5516 = ( GEOMETRIC_REPRESENTATION_CONTEXT(2) 
PARAMETRIC_REPRESENTATION_CONTEXT() REPRESENTATION_CONTEXT('2D SPACE',''
  ) );
#5517 = ADVANCED_FACE('',(#5518,#5521),#4738,.F.);
#5518 = FACE_BOUND('',#5519,.F.);
#5519 = EDGE_LOOP('',(#5520));
#5520 = ORIENTED_EDGE('',*,*,#4723,.T.);
#5521 = FACE_BOUND('',#5522,.F.);
#5522 = EDGE_LOOP('',(#5523));
#5523 = ORIENTED_EDGE('',*,*,#5524,.F.);
#5524 = EDGE_CURVE('',#5525,#5525,#5527,.T.);
#5525 = VERTEX_POINT('',#5526);
#5526 = CARTESIAN_POINT('',(68.,53.1,558.7));
#5527 = SURFACE_CURVE('',#5528,(#5533,#5540),.PCURVE_S1.);
#5528 = CIRCLE('',#5529,4.);
#5529 = AXIS2_PLACEMENT_3D('',#5530,#5531,#5532);
#5530 = CARTESIAN_POINT('',(68.,53.1,554.7));
#5531 = DIRECTION('',(0.,1.,0.));
#5532 = DIRECTION('',(0.,-0.,1.));
#5533 = PCURVE('',#4738,#5534);
#5534 = DEFINITIONAL_REPRESENTATION('',(#5535),#5539);
#5535 = CIRCLE('',#5536,4.);
#5536 = AXIS2_PLACEMENT_2D('',#5537,#5538);
#5537 = CARTESIAN_POINT('',(0.,0.));
#5538 = DIRECTION('',(1.,0.));
#5539 = ( GEOMETRIC_REPRESENTATION_CONTEXT(2) 
PARAMETRIC_REPRESENTATION_CONTEXT() REPRESENTATION_CONTEXT('2D SPACE',''
  ) );
#5540 = PCURVE('',#5305,#5541);
#5541 = DEFINITIONAL_REPRESENTATION('',(#5542),#5546);
#5542 = LINE('',#5543,#5544);
#5543 = CARTESIAN_POINT('',(0.,0.6));
#5544 = VECTOR('',#5545,1.);
#5545 = DIRECTION('',(1.,0.));
#5546 = ( GEOMETRIC_REPRESENTATION_CONTEXT(2) 
PARAMETRIC_REPRESENTATION_CONTEXT() REPRESENTATION_CONTEXT('2D SPACE',''
  ) );
#5547 = ADVANCED_FACE('',(#5548,#5551),#239,.F.);
#5548 = FACE_BOUND('',#5549,.F.);
#5549 = EDGE_LOOP('',(#5550));
#5550 = ORIENTED_EDGE('',*,*,#222,.T.);
#5551 = FACE_BOUND('',#5552,.F.);
#5552 = EDGE_LOOP('',(#5553));
#5553 = ORIENTED_EDGE('',*,*,#4791,.F.);
#5554 = ADVANCED_FACE('',(#5555),#4837,.F.);
#5555 = FACE_BOUND('',#5556,.F.);
#5556 = EDGE_LOOP('',(#5557,#5558,#5579,#5580));
#5557 = ORIENTED_EDGE('',*,*,#4820,.T.);
#5558 = ORIENTED_EDGE('',*,*,#5559,.T.);
#5559 = EDGE_CURVE('',#4821,#5008,#5560,.T.);
#5560 = SEAM_CURVE('',#5561,(#5565,#5572),.PCURVE_S1.);
#5561 = LINE('',#5562,#5563);
#5562 = CARTESIAN_POINT('',(-68.,52.5,452.7));
#5563 = VECTOR('',#5564,1.);
#5564 = DIRECTION('',(0.,1.,0.));
#5565 = PCURVE('',#4837,#5566);
#5566 = DEFINITIONAL_REPRESENTATION('',(#5567),#5571);
#5567 = LINE('',#5568,#5569);
#5568 = CARTESIAN_POINT('',(0.,-0.));
#5569 = VECTOR('',#5570,1.);
#5570 = DIRECTION('',(0.,1.));
#5571 = ( GEOMETRIC_REPRESENTATION_CONTEXT(2) 
PARAMETRIC_REPRESENTATION_CONTEXT() REPRESENTATION_CONTEXT('2D SPACE',''
  ) );
#5572 = PCURVE('',#4837,#5573);
#5573 = DEFINITIONAL_REPRESENTATION('',(#5574),#5578);
#5574 = LINE('',#5575,#5576);
#5575 = CARTESIAN_POINT('',(6.28318530718,-0.));
#5576 = VECTOR('',#5577,1.);
#5577 = DIRECTION('',(0.,1.));
#5578 = ( GEOMETRIC_REPRESENTATION_CONTEXT(2) 
PARAMETRIC_REPRESENTATION_CONTEXT() REPRESENTATION_CONTEXT('2D SPACE',''
  ) );
#5579 = ORIENTED_EDGE('',*,*,#5007,.F.);
#5580 = ORIENTED_EDGE('',*,*,#5559,.F.);
#5581 = ADVANCED_FACE('',(#5582,#5585),#270,.F.);
#5582 = FACE_BOUND('',#5583,.F.);
#5583 = EDGE_LOOP('',(#5584));
#5584 = ORIENTED_EDGE('',*,*,#253,.T.);
#5585 = FACE_BOUND('',#5586,.F.);
#5586 = EDGE_LOOP('',(#5587));
#5587 = ORIENTED_EDGE('',*,*,#4876,.F.);
#5588 = ADVANCED_FACE('',(#5589),#4922,.F.);
#5589 = FACE_BOUND('',#5590,.F.);
#5590 = EDGE_LOOP('',(#5591,#5592,#5613,#5614));
#5591 = ORIENTED_EDGE('',*,*,#4905,.T.);
#5592 = ORIENTED_EDGE('',*,*,#5593,.T.);
#5593 = EDGE_CURVE('',#4906,#5045,#5594,.T.);
#5594 = SEAM_CURVE('',#5595,(#5599,#5606),.PCURVE_S1.);
#5595 = LINE('',#5596,#5597);
#5596 = CARTESIAN_POINT('',(-68.,52.5,478.7));
#5597 = VECTOR('',#5598,1.);
#5598 = DIRECTION('',(0.,1.,0.));
#5599 = PCURVE('',#4922,#5600);
#5600 = DEFINITIONAL_REPRESENTATION('',(#5601),#5605);
#5601 = LINE('',#5602,#5603);
#5602 = CARTESIAN_POINT('',(0.,-0.));
#5603 = VECTOR('',#5604,1.);
#5604 = DIRECTION('',(0.,1.));
#5605 = ( GEOMETRIC_REPRESENTATION_CONTEXT(2) 
PARAMETRIC_REPRESENTATION_CONTEXT() REPRESENTATION_CONTEXT('2D SPACE',''
  ) );
#5606 = PCURVE('',#4922,#5607);
#5607 = DEFINITIONAL_REPRESENTATION('',(#5608),#5612);
#5608 = LINE('',#5609,#5610);
#5609 = CARTESIAN_POINT('',(6.28318530718,-0.));
#5610 = VECTOR('',#5611,1.);
#5611 = DIRECTION('',(0.,1.));
#5612 = ( GEOMETRIC_REPRESENTATION_CONTEXT(2) 
PARAMETRIC_REPRESENTATION_CONTEXT() REPRESENTATION_CONTEXT('2D SPACE',''
  ) );
#5613 = ORIENTED_EDGE('',*,*,#5044,.F.);
#5614 = ORIENTED_EDGE('',*,*,#5593,.F.);
#5615 = ADVANCED_FACE('',(#5616),#4957,.F.);
#5616 = FACE_BOUND('',#5617,.F.);
#5617 = EDGE_LOOP('',(#5618,#5619,#5640,#5641));
#5618 = ORIENTED_EDGE('',*,*,#4940,.T.);
#5619 = ORIENTED_EDGE('',*,*,#5620,.T.);
#5620 = EDGE_CURVE('',#4941,#5082,#5621,.T.);
#5621 = SEAM_CURVE('',#5622,(#5626,#5633),.PCURVE_S1.);
#5622 = LINE('',#5623,#5624);
#5623 = CARTESIAN_POINT('',(-68.,52.5,532.7));
#5624 = VECTOR('',#5625,1.);
#5625 = DIRECTION('',(0.,1.,0.));
#5626 = PCURVE('',#4957,#5627);
#5627 = DEFINITIONAL_REPRESENTATION('',(#5628),#5632);
#5628 = LINE('',#5629,#5630);
#5629 = CARTESIAN_POINT('',(0.,-0.));
#5630 = VECTOR('',#5631,1.);
#5631 = DIRECTION('',(0.,1.));
#5632 = ( GEOMETRIC_REPRESENTATION_CONTEXT(2) 
PARAMETRIC_REPRESENTATION_CONTEXT() REPRESENTATION_CONTEXT('2D SPACE',''
  ) );
#5633 = PCURVE('',#4957,#5634);
#5634 = DEFINITIONAL_REPRESENTATION('',(#5635),#5639);
#5635 = LINE('',#5636,#5637);
#5636 = CARTESIAN_POINT('',(6.28318530718,-0.));
#5637 = VECTOR('',#5638,1.);
#5638 = DIRECTION('',(0.,1.));
#5639 = ( GEOMETRIC_REPRESENTATION_CONTEXT(2) 
PARAMETRIC_REPRESENTATION_CONTEXT() REPRESENTATION_CONTEXT('2D SPACE',''
  ) );
#5640 = ORIENTED_EDGE('',*,*,#5081,.F.);
#5641 = ORIENTED_EDGE('',*,*,#5620,.F.);
#5642 = ADVANCED_FACE('',(#5643),#4992,.F.);
#5643 = FACE_BOUND('',#5644,.F.);
#5644 = EDGE_LOOP('',(#5645,#5646,#5667,#5668));
#5645 = ORIENTED_EDGE('',*,*,#4975,.T.);
#5646 = ORIENTED_EDGE('',*,*,#5647,.T.);
#5647 = EDGE_CURVE('',#4976,#5119,#5648,.T.);
#5648 = SEAM_CURVE('',#5649,(#5653,#5660),.PCURVE_S1.);
#5649 = LINE('',#5650,#5651);
#5650 = CARTESIAN_POINT('',(-68.,52.5,558.7));
#5651 = VECTOR('',#5652,1.);
#5652 = DIRECTION('',(0.,1.,0.));
#5653 = PCURVE('',#4992,#5654);
#5654 = DEFINITIONAL_REPRESENTATION('',(#5655),#5659);
#5655 = LINE('',#5656,#5657);
#5656 = CARTESIAN_POINT('',(0.,-0.));
#5657 = VECTOR('',#5658,1.);
#5658 = DIRECTION('',(0.,1.));
#5659 = ( GEOMETRIC_REPRESENTATION_CONTEXT(2) 
PARAMETRIC_REPRESENTATION_CONTEXT() REPRESENTATION_CONTEXT('2D SPACE',''
  ) );
#5660 = PCURVE('',#4992,#5661);
#5661 = DEFINITIONAL_REPRESENTATION('',(#5662),#5666);
#5662 = LINE('',#5663,#5664);
#5663 = CARTESIAN_POINT('',(6.28318530718,-0.));
#5664 = VECTOR('',#5665,1.);
#5665 = DIRECTION('',(0.,1.));
#5666 = ( GEOMETRIC_REPRESENTATION_CONTEXT(2) 
PARAMETRIC_REPRESENTATION_CONTEXT() REPRESENTATION_CONTEXT('2D SPACE',''
  ) );
#5667 = ORIENTED_EDGE('',*,*,#5118,.F.);
#5668 = ORIENTED_EDGE('',*,*,#5647,.F.);
#5669 = ADVANCED_FACE('',(#5670),#5179,.F.);
#5670 = FACE_BOUND('',#5671,.F.);
#5671 = EDGE_LOOP('',(#5672,#5673,#5694,#5695));
#5672 = ORIENTED_EDGE('',*,*,#5384,.T.);
#5673 = ORIENTED_EDGE('',*,*,#5674,.T.);
#5674 = EDGE_CURVE('',#5385,#5163,#5675,.T.);
#5675 = SEAM_CURVE('',#5676,(#5680,#5687),.PCURVE_S1.);
#5676 = LINE('',#5677,#5678);
#5677 = CARTESIAN_POINT('',(68.,52.5,452.7));
#5678 = VECTOR('',#5679,1.);
#5679 = DIRECTION('',(0.,1.,0.));
#5680 = PCURVE('',#5179,#5681);
#5681 = DEFINITIONAL_REPRESENTATION('',(#5682),#5686);
#5682 = LINE('',#5683,#5684);
#5683 = CARTESIAN_POINT('',(0.,-0.));
#5684 = VECTOR('',#5685,1.);
#5685 = DIRECTION('',(0.,1.));
#5686 = ( GEOMETRIC_REPRESENTATION_CONTEXT(2) 
PARAMETRIC_REPRESENTATION_CONTEXT() REPRESENTATION_CONTEXT('2D SPACE',''
  ) );
#5687 = PCURVE('',#5179,#5688);
#5688 = DEFINITIONAL_REPRESENTATION('',(#5689),#5693);
#5689 = LINE('',#5690,#5691);
#5690 = CARTESIAN_POINT('',(6.28318530718,-0.));
#5691 = VECTOR('',#5692,1.);
#5692 = DIRECTION('',(0.,1.));
#5693 = ( GEOMETRIC_REPRESENTATION_CONTEXT(2) 
PARAMETRIC_REPRESENTATION_CONTEXT() REPRESENTATION_CONTEXT('2D SPACE',''
  ) );
#5694 = ORIENTED_EDGE('',*,*,#5162,.F.);
#5695 = ORIENTED_EDGE('',*,*,#5674,.F.);
#5696 = ADVANCED_FACE('',(#5697),#5221,.F.);
#5697 = FACE_BOUND('',#5698,.F.);
#5698 = EDGE_LOOP('',(#5699,#5700,#5721,#5722));
#5699 = ORIENTED_EDGE('',*,*,#5464,.T.);
#5700 = ORIENTED_EDGE('',*,*,#5701,.T.);
#5701 = EDGE_CURVE('',#5465,#5205,#5702,.T.);
#5702 = SEAM_CURVE('',#5703,(#5707,#5714),.PCURVE_S1.);
#5703 = LINE('',#5704,#5705);
#5704 = CARTESIAN_POINT('',(68.,52.5,478.7));
#5705 = VECTOR('',#5706,1.);
#5706 = DIRECTION('',(0.,1.,0.));
#5707 = PCURVE('',#5221,#5708);
#5708 = DEFINITIONAL_REPRESENTATION('',(#5709),#5713);
#5709 = LINE('',#5710,#5711);
#5710 = CARTESIAN_POINT('',(0.,-0.));
#5711 = VECTOR('',#5712,1.);
#5712 = DIRECTION('',(0.,1.));
#5713 = ( GEOMETRIC_REPRESENTATION_CONTEXT(2) 
PARAMETRIC_REPRESENTATION_CONTEXT() REPRESENTATION_CONTEXT('2D SPACE',''
  ) );
#5714 = PCURVE('',#5221,#5715);
#5715 = DEFINITIONAL_REPRESENTATION('',(#5716),#5720);
#5716 = LINE('',#5717,#5718);
#5717 = CARTESIAN_POINT('',(6.28318530718,-0.));
#5718 = VECTOR('',#5719,1.);
#5719 = DIRECTION('',(0.,1.));
#5720 = ( GEOMETRIC_REPRESENTATION_CONTEXT(2) 
PARAMETRIC_REPRESENTATION_CONTEXT() REPRESENTATION_CONTEXT('2D SPACE',''
  ) );
#5721 = ORIENTED_EDGE('',*,*,#5204,.F.);
#5722 = ORIENTED_EDGE('',*,*,#5701,.F.);
#5723 = ADVANCED_FACE('',(#5724),#5263,.F.);
#5724 = FACE_BOUND('',#5725,.F.);
#5725 = EDGE_LOOP('',(#5726,#5727,#5748,#5749));
#5726 = ORIENTED_EDGE('',*,*,#5494,.T.);
#5727 = ORIENTED_EDGE('',*,*,#5728,.T.);
#5728 = EDGE_CURVE('',#5495,#5247,#5729,.T.);
#5729 = SEAM_CURVE('',#5730,(#5734,#5741),.PCURVE_S1.);
#5730 = LINE('',#5731,#5732);
#5731 = CARTESIAN_POINT('',(68.,52.5,532.7));
#5732 = VECTOR('',#5733,1.);
#5733 = DIRECTION('',(0.,1.,0.));
#5734 = PCURVE('',#5263,#5735);
#5735 = DEFINITIONAL_REPRESENTATION('',(#5736),#5740);
#5736 = LINE('',#5737,#5738);
#5737 = CARTESIAN_POINT('',(0.,-0.));
#5738 = VECTOR('',#5739,1.);
#5739 = DIRECTION('',(0.,1.));
#5740 = ( GEOMETRIC_REPRESENTATION_CONTEXT(2) 
PARAMETRIC_REPRESENTATION_CONTEXT() REPRESENTATION_CONTEXT('2D SPACE',''
  ) );
#5741 = PCURVE('',#5263,#5742);
#5742 = DEFINITIONAL_REPRESENTATION('',(#5743),#5747);
#5743 = LINE('',#5744,#5745);
#5744 = CARTESIAN_POINT('',(6.28318530718,-0.));
#5745 = VECTOR('',#5746,1.);
#5746 = DIRECTION('',(0.,1.));
#5747 = ( GEOMETRIC_REPRESENTATION_CONTEXT(2) 
PARAMETRIC_REPRESENTATION_CONTEXT() REPRESENTATION_CONTEXT('2D SPACE',''
  ) );
#5748 = ORIENTED_EDGE('',*,*,#5246,.F.);
#5749 = ORIENTED_EDGE('',*,*,#5728,.F.);
#5750 = ADVANCED_FACE('',(#5751),#5305,.F.);
#5751 = FACE_BOUND('',#5752,.F.);
#5752 = EDGE_LOOP('',(#5753,#5754,#5775,#5776));
#5753 = ORIENTED_EDGE('',*,*,#5524,.T.);
#5754 = ORIENTED_EDGE('',*,*,#5755,.T.);
#5755 = EDGE_CURVE('',#5525,#5289,#5756,.T.);
#5756 = SEAM_CURVE('',#5757,(#5761,#5768),.PCURVE_S1.);
#5757 = LINE('',#5758,#5759);
#5758 = CARTESIAN_POINT('',(68.,52.5,558.7));
#5759 = VECTOR('',#5760,1.);
#5760 = DIRECTION('',(0.,1.,0.));
#5761 = PCURVE('',#5305,#5762);
#5762 = DEFINITIONAL_REPRESENTATION('',(#5763),#5767);
#5763 = LINE('',#5764,#5765);
#5764 = CARTESIAN_POINT('',(0.,-0.));
#5765 = VECTOR('',#5766,1.);
#5766 = DIRECTION('',(0.,1.));
#5767 = ( GEOMETRIC_REPRESENTATION_CONTEXT(2) 
PARAMETRIC_REPRESENTATION_CONTEXT() REPRESENTATION_CONTEXT('2D SPACE',''
  ) );
#5768 = PCURVE('',#5305,#5769);
#5769 = DEFINITIONAL_REPRESENTATION('',(#5770),#5774);
#5770 = LINE('',#5771,#5772);
#5771 = CARTESIAN_POINT('',(6.28318530718,-0.));
#5772 = VECTOR('',#5773,1.);
#5773 = DIRECTION('',(0.,1.));
#5774 = ( GEOMETRIC_REPRESENTATION_CONTEXT(2) 
PARAMETRIC_REPRESENTATION_CONTEXT() REPRESENTATION_CONTEXT('2D SPACE',''
  ) );
#5775 = ORIENTED_EDGE('',*,*,#5288,.F.);
#5776 = ORIENTED_EDGE('',*,*,#5755,.F.);
#5777 = ADVANCED_FACE('',(#5778,#5781),#1729,.T.);
#5778 = FACE_BOUND('',#5779,.T.);
#5779 = EDGE_LOOP('',(#5780));
#5780 = ORIENTED_EDGE('',*,*,#1712,.T.);
#5781 = FACE_BOUND('',#5782,.T.);
#5782 = EDGE_LOOP('',(#5783));
#5783 = ORIENTED_EDGE('',*,*,#5323,.F.);
#5784 = ADVANCED_FACE('',(#5785,#5788),#1760,.T.);
#5785 = FACE_BOUND('',#5786,.T.);
#5786 = EDGE_LOOP('',(#5787));
#5787 = ORIENTED_EDGE('',*,*,#1743,.T.);
#5788 = FACE_BOUND('',#5789,.T.);
#5789 = EDGE_LOOP('',(#5790));
#5790 = ORIENTED_EDGE('',*,*,#5411,.F.);
#5791 = ( GEOMETRIC_REPRESENTATION_CONTEXT(3) 
GLOBAL_UNCERTAINTY_ASSIGNED_CONTEXT((#5795)) 
GLOBAL_UNIT_ASSIGNED_CONTEXT((#5792,#5793,#5794)) REPRESENTATION_CONTEXT
('Context #1','3D Context with UNIT and UNCERTAINTY') );
#5792 = ( LENGTH_UNIT() NAMED_UNIT(*) SI_UNIT(.MILLI.,.METRE.) );
#5793 = ( NAMED_UNIT(*) PLANE_ANGLE_UNIT() SI_UNIT($,.RADIAN.) );
#5794 = ( NAMED_UNIT(*) SI_UNIT($,.STERADIAN.) SOLID_ANGLE_UNIT() );
#5795 = UNCERTAINTY_MEASURE_WITH_UNIT(LENGTH_MEASURE(1.E-07),#5792,
  'distance_accuracy_value','confusion accuracy');
#5796 = CONTEXT_DEPENDENT_SHAPE_REPRESENTATION(#5797,#5799);
#5797 = ( REPRESENTATION_RELATIONSHIP('','',#96,#10) 
REPRESENTATION_RELATIONSHIP_WITH_TRANSFORMATION(#5798) 
SHAPE_REPRESENTATION_RELATIONSHIP() );
#5798 = ITEM_DEFINED_TRANSFORMATION('','',#11,#15);
#5799 = PRODUCT_DEFINITION_SHAPE('Placement','Placement of an item',
  #5800);
#5800 = NEXT_ASSEMBLY_USAGE_OCCURRENCE('6','','',#5,#91,$);
#5801 = PRODUCT_RELATED_PRODUCT_CATEGORY('part',$,(#93));
#5802 = SHAPE_DEFINITION_REPRESENTATION(#5803,#5809);
#5803 = PRODUCT_DEFINITION_SHAPE('','',#5804);
#5804 = PRODUCT_DEFINITION('design','',#5805,#5808);
#5805 = PRODUCT_DEFINITION_FORMATION('','',#5806);
#5806 = PRODUCT('Open CASCADE STEP translator 7.9 16.2',
  'Open CASCADE STEP translator 7.9 16.2','',(#5807));
#5807 = PRODUCT_CONTEXT('',#2,'mechanical');
#5808 = PRODUCT_DEFINITION_CONTEXT('part definition',#2,'design');
#5809 = ADVANCED_BREP_SHAPE_REPRESENTATION('',(#11,#5810),#5998);
#5810 = MANIFOLD_SOLID_BREP('',#5811);
#5811 = CLOSED_SHELL('',(#5812,#5900,#5935,#5939,#5994));
#5812 = ADVANCED_FACE('',(#5813),#5826,.F.);
#5813 = FACE_BOUND('',#5814,.F.);
#5814 = EDGE_LOOP('',(#5815,#5849,#5872,#5899));
#5815 = ORIENTED_EDGE('',*,*,#5816,.F.);
#5816 = EDGE_CURVE('',#5817,#5817,#5819,.T.);
#5817 = VERTEX_POINT('',#5818);
#5818 = CARTESIAN_POINT('',(68.,57.5,530.95));
#5819 = SURFACE_CURVE('',#5820,(#5825,#5837),.PCURVE_S1.);
#5820 = CIRCLE('',#5821,2.25);
#5821 = AXIS2_PLACEMENT_3D('',#5822,#5823,#5824);
#5822 = CARTESIAN_POINT('',(68.,57.5,528.7));
#5823 = DIRECTION('',(0.,1.,0.));
#5824 = DIRECTION('',(0.,-0.,1.));
#5825 = PCURVE('',#5826,#5831);
#5826 = CYLINDRICAL_SURFACE('',#5827,2.25);
#5827 = AXIS2_PLACEMENT_3D('',#5828,#5829,#5830);
#5828 = CARTESIAN_POINT('',(68.,52.5,528.7));
#5829 = DIRECTION('',(0.,1.,0.));
#5830 = DIRECTION('',(0.,-0.,1.));
#5831 = DEFINITIONAL_REPRESENTATION('',(#5832),#5836);
#5832 = LINE('',#5833,#5834);
#5833 = CARTESIAN_POINT('',(0.,5.));
#5834 = VECTOR('',#5835,1.);
#5835 = DIRECTION('',(1.,0.));
#5836 = ( GEOMETRIC_REPRESENTATION_CONTEXT(2) 
PARAMETRIC_REPRESENTATION_CONTEXT() REPRESENTATION_CONTEXT('2D SPACE',''
  ) );
#5837 = PCURVE('',#5838,#5843);
#5838 = PLANE('',#5839);
#5839 = AXIS2_PLACEMENT_3D('',#5840,#5841,#5842);
#5840 = CARTESIAN_POINT('',(68.,57.5,528.7));
#5841 = DIRECTION('',(0.,1.,0.));
#5842 = DIRECTION('',(0.,-0.,1.));
#5843 = DEFINITIONAL_REPRESENTATION('',(#5844),#5848);
#5844 = CIRCLE('',#5845,2.25);
#5845 = AXIS2_PLACEMENT_2D('',#5846,#5847);
#5846 = CARTESIAN_POINT('',(0.,0.));
#5847 = DIRECTION('',(1.,0.));
#5848 = ( GEOMETRIC_REPRESENTATION_CONTEXT(2) 
PARAMETRIC_REPRESENTATION_CONTEXT() REPRESENTATION_CONTEXT('2D SPACE',''
  ) );
#5849 = ORIENTED_EDGE('',*,*,#5850,.F.);
#5850 = EDGE_CURVE('',#5851,#5817,#5853,.T.);
#5851 = VERTEX_POINT('',#5852);
#5852 = CARTESIAN_POINT('',(68.,52.5,530.95));
#5853 = SEAM_CURVE('',#5854,(#5858,#5865),.PCURVE_S1.);
#5854 = LINE('',#5855,#5856);
#5855 = CARTESIAN_POINT('',(68.,52.5,530.95));
#5856 = VECTOR('',#5857,1.);
#5857 = DIRECTION('',(0.,1.,0.));
#5858 = PCURVE('',#5826,#5859);
#5859 = DEFINITIONAL_REPRESENTATION('',(#5860),#5864);
#5860 = LINE('',#5861,#5862);
#5861 = CARTESIAN_POINT('',(6.28318530718,-0.));
#5862 = VECTOR('',#5863,1.);
#5863 = DIRECTION('',(0.,1.));
#5864 = ( GEOMETRIC_REPRESENTATION_CONTEXT(2) 
PARAMETRIC_REPRESENTATION_CONTEXT() REPRESENTATION_CONTEXT('2D SPACE',''
  ) );
#5865 = PCURVE('',#5826,#5866);
#5866 = DEFINITIONAL_REPRESENTATION('',(#5867),#5871);
#5867 = LINE('',#5868,#5869);
#5868 = CARTESIAN_POINT('',(0.,-0.));
#5869 = VECTOR('',#5870,1.);
#5870 = DIRECTION('',(0.,1.));
#5871 = ( GEOMETRIC_REPRESENTATION_CONTEXT(2) 
PARAMETRIC_REPRESENTATION_CONTEXT() REPRESENTATION_CONTEXT('2D SPACE',''
  ) );
#5872 = ORIENTED_EDGE('',*,*,#5873,.T.);
#5873 = EDGE_CURVE('',#5851,#5851,#5874,.T.);
#5874 = SURFACE_CURVE('',#5875,(#5880,#5887),.PCURVE_S1.);
#5875 = CIRCLE('',#5876,2.25);
#5876 = AXIS2_PLACEMENT_3D('',#5877,#5878,#5879);
#5877 = CARTESIAN_POINT('',(68.,52.5,528.7));
#5878 = DIRECTION('',(0.,1.,0.));
#5879 = DIRECTION('',(0.,-0.,1.));
#5880 = PCURVE('',#5826,#5881);
#5881 = DEFINITIONAL_REPRESENTATION('',(#5882),#5886);
#5882 = LINE('',#5883,#5884);
#5883 = CARTESIAN_POINT('',(0.,0.));
#5884 = VECTOR('',#5885,1.);
#5885 = DIRECTION('',(1.,0.));
#5886 = ( GEOMETRIC_REPRESENTATION_CONTEXT(2) 
PARAMETRIC_REPRESENTATION_CONTEXT() REPRESENTATION_CONTEXT('2D SPACE',''
  ) );
#5887 = PCURVE('',#5888,#5893);
#5888 = PLANE('',#5889);
#5889 = AXIS2_PLACEMENT_3D('',#5890,#5891,#5892);
#5890 = CARTESIAN_POINT('',(68.,52.5,528.7));
#5891 = DIRECTION('',(0.,1.,0.));
#5892 = DIRECTION('',(0.,-0.,1.));
#5893 = DEFINITIONAL_REPRESENTATION('',(#5894),#5898);
#5894 = CIRCLE('',#5895,2.25);
#5895 = AXIS2_PLACEMENT_2D('',#5896,#5897);
#5896 = CARTESIAN_POINT('',(0.,0.));
#5897 = DIRECTION('',(1.,0.));
#5898 = ( GEOMETRIC_REPRESENTATION_CONTEXT(2) 
PARAMETRIC_REPRESENTATION_CONTEXT() REPRESENTATION_CONTEXT('2D SPACE',''
  ) );
#5899 = ORIENTED_EDGE('',*,*,#5850,.T.);
#5900 = ADVANCED_FACE('',(#5901,#5932),#5838,.T.);
#5901 = FACE_BOUND('',#5902,.T.);
#5902 = EDGE_LOOP('',(#5903));
#5903 = ORIENTED_EDGE('',*,*,#5904,.T.);
#5904 = EDGE_CURVE('',#5905,#5905,#5907,.T.);
#5905 = VERTEX_POINT('',#5906);
#5906 = CARTESIAN_POINT('',(68.,57.5,532.7));
#5907 = SURFACE_CURVE('',#5908,(#5913,#5920),.PCURVE_S1.);
#5908 = CIRCLE('',#5909,4.);
#5909 = AXIS2_PLACEMENT_3D('',#5910,#5911,#5912);
#5910 = CARTESIAN_POINT('',(68.,57.5,528.7));
#5911 = DIRECTION('',(0.,1.,0.));
#5912 = DIRECTION('',(0.,-0.,1.));
#5913 = PCURVE('',#5838,#5914);
#5914 = DEFINITIONAL_REPRESENTATION('',(#5915),#5919);
#5915 = CIRCLE('',#5916,4.);
#5916 = AXIS2_PLACEMENT_2D('',#5917,#5918);
#5917 = CARTESIAN_POINT('',(0.,0.));
#5918 = DIRECTION('',(1.,0.));
#5919 = ( GEOMETRIC_REPRESENTATION_CONTEXT(2) 
PARAMETRIC_REPRESENTATION_CONTEXT() REPRESENTATION_CONTEXT('2D SPACE',''
  ) );
#5920 = PCURVE('',#5921,#5926);
#5921 = CYLINDRICAL_SURFACE('',#5922,4.);
#5922 = AXIS2_PLACEMENT_3D('',#5923,#5924,#5925);
#5923 = CARTESIAN_POINT('',(68.,52.5,528.7));
#5924 = DIRECTION('',(0.,1.,0.));
#5925 = DIRECTION('',(0.,-0.,1.));
#5926 = DEFINITIONAL_REPRESENTATION('',(#5927),#5931);
#5927 = LINE('',#5928,#5929);
#5928 = CARTESIAN_POINT('',(0.,5.));
#5929 = VECTOR('',#5930,1.);
#5930 = DIRECTION('',(1.,0.));
#5931 = ( GEOMETRIC_REPRESENTATION_CONTEXT(2) 
PARAMETRIC_REPRESENTATION_CONTEXT() REPRESENTATION_CONTEXT('2D SPACE',''
  ) );
#5932 = FACE_BOUND('',#5933,.T.);
#5933 = EDGE_LOOP('',(#5934));
#5934 = ORIENTED_EDGE('',*,*,#5816,.F.);
#5935 = ADVANCED_FACE('',(#5936),#5888,.T.);
#5936 = FACE_BOUND('',#5937,.F.);
#5937 = EDGE_LOOP('',(#5938));
#5938 = ORIENTED_EDGE('',*,*,#5873,.F.);
#5939 = ADVANCED_FACE('',(#5940),#5921,.T.);
#5940 = FACE_BOUND('',#5941,.T.);
#5941 = EDGE_LOOP('',(#5942,#5971,#5992,#5993));
#5942 = ORIENTED_EDGE('',*,*,#5943,.T.);
#5943 = EDGE_CURVE('',#5944,#5944,#5946,.T.);
#5944 = VERTEX_POINT('',#5945);
#5945 = CARTESIAN_POINT('',(68.,53.1,532.7));
#5946 = SURFACE_CURVE('',#5947,(#5952,#5959),.PCURVE_S1.);
#5947 = CIRCLE('',#5948,4.);
#5948 = AXIS2_PLACEMENT_3D('',#5949,#5950,#5951);
#5949 = CARTESIAN_POINT('',(68.,53.1,528.7));
#5950 = DIRECTION('',(0.,1.,0.));
#5951 = DIRECTION('',(0.,-0.,1.));
#5952 = PCURVE('',#5921,#5953);
#5953 = DEFINITIONAL_REPRESENTATION('',(#5954),#5958);
#5954 = LINE('',#5955,#5956);
#5955 = CARTESIAN_POINT('',(0.,0.6));
#5956 = VECTOR('',#5957,1.);
#5957 = DIRECTION('',(1.,0.));
#5958 = ( GEOMETRIC_REPRESENTATION_CONTEXT(2) 
PARAMETRIC_REPRESENTATION_CONTEXT() REPRESENTATION_CONTEXT('2D SPACE',''
  ) );
#5959 = PCURVE('',#5960,#5965);
#5960 = PLANE('',#5961);
#5961 = AXIS2_PLACEMENT_3D('',#5962,#5963,#5964);
#5962 = CARTESIAN_POINT('',(68.,53.1,528.7));
#5963 = DIRECTION('',(0.,1.,0.));
#5964 = DIRECTION('',(0.,-0.,1.));
#5965 = DEFINITIONAL_REPRESENTATION('',(#5966),#5970);
#5966 = CIRCLE('',#5967,4.);
#5967 = AXIS2_PLACEMENT_2D('',#5968,#5969);
#5968 = CARTESIAN_POINT('',(0.,0.));
#5969 = DIRECTION('',(1.,0.));
#5970 = ( GEOMETRIC_REPRESENTATION_CONTEXT(2) 
PARAMETRIC_REPRESENTATION_CONTEXT() REPRESENTATION_CONTEXT('2D SPACE',''
  ) );
#5971 = ORIENTED_EDGE('',*,*,#5972,.T.);
#5972 = EDGE_CURVE('',#5944,#5905,#5973,.T.);
#5973 = SEAM_CURVE('',#5974,(#5978,#5985),.PCURVE_S1.);
#5974 = LINE('',#5975,#5976);
#5975 = CARTESIAN_POINT('',(68.,52.5,532.7));
#5976 = VECTOR('',#5977,1.);
#5977 = DIRECTION('',(0.,1.,0.));
#5978 = PCURVE('',#5921,#5979);
#5979 = DEFINITIONAL_REPRESENTATION('',(#5980),#5984);
#5980 = LINE('',#5981,#5982);
#5981 = CARTESIAN_POINT('',(0.,-0.));
#5982 = VECTOR('',#5983,1.);
#5983 = DIRECTION('',(0.,1.));
#5984 = ( GEOMETRIC_REPRESENTATION_CONTEXT(2) 
PARAMETRIC_REPRESENTATION_CONTEXT() REPRESENTATION_CONTEXT('2D SPACE',''
  ) );
#5985 = PCURVE('',#5921,#5986);
#5986 = DEFINITIONAL_REPRESENTATION('',(#5987),#5991);
#5987 = LINE('',#5988,#5989);
#5988 = CARTESIAN_POINT('',(6.28318530718,-0.));
#5989 = VECTOR('',#5990,1.);
#5990 = DIRECTION('',(0.,1.));
#5991 = ( GEOMETRIC_REPRESENTATION_CONTEXT(2) 
PARAMETRIC_REPRESENTATION_CONTEXT() REPRESENTATION_CONTEXT('2D SPACE',''
  ) );
#5992 = ORIENTED_EDGE('',*,*,#5904,.F.);
#5993 = ORIENTED_EDGE('',*,*,#5972,.F.);
#5994 = ADVANCED_FACE('',(#5995),#5960,.F.);
#5995 = FACE_BOUND('',#5996,.F.);
#5996 = EDGE_LOOP('',(#5997));
#5997 = ORIENTED_EDGE('',*,*,#5943,.T.);
#5998 = ( GEOMETRIC_REPRESENTATION_CONTEXT(3) 
GLOBAL_UNCERTAINTY_ASSIGNED_CONTEXT((#6002)) 
GLOBAL_UNIT_ASSIGNED_CONTEXT((#5999,#6000,#6001)) REPRESENTATION_CONTEXT
('Context #1','3D Context with UNIT and UNCERTAINTY') );
#5999 = ( LENGTH_UNIT() NAMED_UNIT(*) SI_UNIT(.MILLI.,.METRE.) );
#6000 = ( NAMED_UNIT(*) PLANE_ANGLE_UNIT() SI_UNIT($,.RADIAN.) );
#6001 = ( NAMED_UNIT(*) SI_UNIT($,.STERADIAN.) SOLID_ANGLE_UNIT() );
#6002 = UNCERTAINTY_MEASURE_WITH_UNIT(LENGTH_MEASURE(1.E-07),#5999,
  'distance_accuracy_value','confusion accuracy');
#6003 = CONTEXT_DEPENDENT_SHAPE_REPRESENTATION(#6004,#6006);
#6004 = ( REPRESENTATION_RELATIONSHIP('','',#5809,#10) 
REPRESENTATION_RELATIONSHIP_WITH_TRANSFORMATION(#6005) 
SHAPE_REPRESENTATION_RELATIONSHIP() );
#6005 = ITEM_DEFINED_TRANSFORMATION('','',#11,#19);
#6006 = PRODUCT_DEFINITION_SHAPE('Placement','Placement of an item',
  #6007);
#6007 = NEXT_ASSEMBLY_USAGE_OCCURRENCE('7','','',#5,#5804,$);
#6008 = PRODUCT_RELATED_PRODUCT_CATEGORY('part',$,(#5806));
#6009 = SHAPE_DEFINITION_REPRESENTATION(#6010,#6016);
#6010 = PRODUCT_DEFINITION_SHAPE('','',#6011);
#6011 = PRODUCT_DEFINITION('design','',#6012,#6015);
#6012 = PRODUCT_DEFINITION_FORMATION('','',#6013);
#6013 = PRODUCT('Open CASCADE STEP translator 7.9 16.3',
  'Open CASCADE STEP translator 7.9 16.3','',(#6014));
#6014 = PRODUCT_CONTEXT('',#2,'mechanical');
#6015 = PRODUCT_DEFINITION_CONTEXT('part definition',#2,'design');
#6016 = ADVANCED_BREP_SHAPE_REPRESENTATION('',(#11,#6017),#6205);
#6017 = MANIFOLD_SOLID_BREP('',#6018);
#6018 = CLOSED_SHELL('',(#6019,#6107,#6142,#6146,#6201));
#6019 = ADVANCED_FACE('',(#6020),#6033,.F.);
#6020 = FACE_BOUND('',#6021,.F.);
#6021 = EDGE_LOOP('',(#6022,#6056,#6079,#6106));
#6022 = ORIENTED_EDGE('',*,*,#6023,.F.);
#6023 = EDGE_CURVE('',#6024,#6024,#6026,.T.);
#6024 = VERTEX_POINT('',#6025);
#6025 = CARTESIAN_POINT('',(68.,57.5,556.95));
#6026 = SURFACE_CURVE('',#6027,(#6032,#6044),.PCURVE_S1.);
#6027 = CIRCLE('',#6028,2.25);
#6028 = AXIS2_PLACEMENT_3D('',#6029,#6030,#6031);
#6029 = CARTESIAN_POINT('',(68.,57.5,554.7));
#6030 = DIRECTION('',(0.,1.,0.));
#6031 = DIRECTION('',(0.,-0.,1.));
#6032 = PCURVE('',#6033,#6038);
#6033 = CYLINDRICAL_SURFACE('',#6034,2.25);
#6034 = AXIS2_PLACEMENT_3D('',#6035,#6036,#6037);
#6035 = CARTESIAN_POINT('',(68.,52.5,554.7));
#6036 = DIRECTION('',(0.,1.,0.));
#6037 = DIRECTION('',(0.,-0.,1.));
#6038 = DEFINITIONAL_REPRESENTATION('',(#6039),#6043);
#6039 = LINE('',#6040,#6041);
#6040 = CARTESIAN_POINT('',(0.,5.));
#6041 = VECTOR('',#6042,1.);
#6042 = DIRECTION('',(1.,0.));
#6043 = ( GEOMETRIC_REPRESENTATION_CONTEXT(2) 
PARAMETRIC_REPRESENTATION_CONTEXT() REPRESENTATION_CONTEXT('2D SPACE',''
  ) );
#6044 = PCURVE('',#6045,#6050);
#6045 = PLANE('',#6046);
#6046 = AXIS2_PLACEMENT_3D('',#6047,#6048,#6049);
#6047 = CARTESIAN_POINT('',(68.,57.5,554.7));
#6048 = DIRECTION('',(0.,1.,0.));
#6049 = DIRECTION('',(0.,-0.,1.));
#6050 = DEFINITIONAL_REPRESENTATION('',(#6051),#6055);
#6051 = CIRCLE('',#6052,2.25);
#6052 = AXIS2_PLACEMENT_2D('',#6053,#6054);
#6053 = CARTESIAN_POINT('',(0.,0.));
#6054 = DIRECTION('',(1.,0.));
#6055 = ( GEOMETRIC_REPRESENTATION_CONTEXT(2) 
PARAMETRIC_REPRESENTATION_CONTEXT() REPRESENTATION_CONTEXT('2D SPACE',''
  ) );
#6056 = ORIENTED_EDGE('',*,*,#6057,.F.);
#6057 = EDGE_CURVE('',#6058,#6024,#6060,.T.);
#6058 = VERTEX_POINT('',#6059);
#6059 = CARTESIAN_POINT('',(68.,52.5,556.95));
#6060 = SEAM_CURVE('',#6061,(#6065,#6072),.PCURVE_S1.);
#6061 = LINE('',#6062,#6063);
#6062 = CARTESIAN_POINT('',(68.,52.5,556.95));
#6063 = VECTOR('',#6064,1.);
#6064 = DIRECTION('',(0.,1.,0.));
#6065 = PCURVE('',#6033,#6066);
#6066 = DEFINITIONAL_REPRESENTATION('',(#6067),#6071);
#6067 = LINE('',#6068,#6069);
#6068 = CARTESIAN_POINT('',(6.28318530718,-0.));
#6069 = VECTOR('',#6070,1.);
#6070 = DIRECTION('',(0.,1.));
#6071 = ( GEOMETRIC_REPRESENTATION_CONTEXT(2) 
PARAMETRIC_REPRESENTATION_CONTEXT() REPRESENTATION_CONTEXT('2D SPACE',''
  ) );
#6072 = PCURVE('',#6033,#6073);
#6073 = DEFINITIONAL_REPRESENTATION('',(#6074),#6078);
#6074 = LINE('',#6075,#6076);
#6075 = CARTESIAN_POINT('',(0.,-0.));
#6076 = VECTOR('',#6077,1.);
#6077 = DIRECTION('',(0.,1.));
#6078 = ( GEOMETRIC_REPRESENTATION_CONTEXT(2) 
PARAMETRIC_REPRESENTATION_CONTEXT() REPRESENTATION_CONTEXT('2D SPACE',''
  ) );
#6079 = ORIENTED_EDGE('',*,*,#6080,.T.);
#6080 = EDGE_CURVE('',#6058,#6058,#6081,.T.);
#6081 = SURFACE_CURVE('',#6082,(#6087,#6094),.PCURVE_S1.);
#6082 = CIRCLE('',#6083,2.25);
#6083 = AXIS2_PLACEMENT_3D('',#6084,#6085,#6086);
#6084 = CARTESIAN_POINT('',(68.,52.5,554.7));
#6085 = DIRECTION('',(0.,1.,0.));
#6086 = DIRECTION('',(0.,-0.,1.));
#6087 = PCURVE('',#6033,#6088);
#6088 = DEFINITIONAL_REPRESENTATION('',(#6089),#6093);
#6089 = LINE('',#6090,#6091);
#6090 = CARTESIAN_POINT('',(0.,0.));
#6091 = VECTOR('',#6092,1.);
#6092 = DIRECTION('',(1.,0.));
#6093 = ( GEOMETRIC_REPRESENTATION_CONTEXT(2) 
PARAMETRIC_REPRESENTATION_CONTEXT() REPRESENTATION_CONTEXT('2D SPACE',''
  ) );
#6094 = PCURVE('',#6095,#6100);
#6095 = PLANE('',#6096);
#6096 = AXIS2_PLACEMENT_3D('',#6097,#6098,#6099);
#6097 = CARTESIAN_POINT('',(68.,52.5,554.7));
#6098 = DIRECTION('',(0.,1.,0.));
#6099 = DIRECTION('',(0.,-0.,1.));
#6100 = DEFINITIONAL_REPRESENTATION('',(#6101),#6105);
#6101 = CIRCLE('',#6102,2.25);
#6102 = AXIS2_PLACEMENT_2D('',#6103,#6104);
#6103 = CARTESIAN_POINT('',(0.,0.));
#6104 = DIRECTION('',(1.,0.));
#6105 = ( GEOMETRIC_REPRESENTATION_CONTEXT(2) 
PARAMETRIC_REPRESENTATION_CONTEXT() REPRESENTATION_CONTEXT('2D SPACE',''
  ) );
#6106 = ORIENTED_EDGE('',*,*,#6057,.T.);
#6107 = ADVANCED_FACE('',(#6108,#6139),#6045,.T.);
#6108 = FACE_BOUND('',#6109,.T.);
#6109 = EDGE_LOOP('',(#6110));
#6110 = ORIENTED_EDGE('',*,*,#6111,.T.);
#6111 = EDGE_CURVE('',#6112,#6112,#6114,.T.);
#6112 = VERTEX_POINT('',#6113);
#6113 = CARTESIAN_POINT('',(68.,57.5,558.7));
#6114 = SURFACE_CURVE('',#6115,(#6120,#6127),.PCURVE_S1.);
#6115 = CIRCLE('',#6116,4.);
#6116 = AXIS2_PLACEMENT_3D('',#6117,#6118,#6119);
#6117 = CARTESIAN_POINT('',(68.,57.5,554.7));
#6118 = DIRECTION('',(0.,1.,0.));
#6119 = DIRECTION('',(0.,-0.,1.));
#6120 = PCURVE('',#6045,#6121);
#6121 = DEFINITIONAL_REPRESENTATION('',(#6122),#6126);
#6122 = CIRCLE('',#6123,4.);
#6123 = AXIS2_PLACEMENT_2D('',#6124,#6125);
#6124 = CARTESIAN_POINT('',(0.,0.));
#6125 = DIRECTION('',(1.,0.));
#6126 = ( GEOMETRIC_REPRESENTATION_CONTEXT(2) 
PARAMETRIC_REPRESENTATION_CONTEXT() REPRESENTATION_CONTEXT('2D SPACE',''
  ) );
#6127 = PCURVE('',#6128,#6133);
#6128 = CYLINDRICAL_SURFACE('',#6129,4.);
#6129 = AXIS2_PLACEMENT_3D('',#6130,#6131,#6132);
#6130 = CARTESIAN_POINT('',(68.,52.5,554.7));
#6131 = DIRECTION('',(0.,1.,0.));
#6132 = DIRECTION('',(0.,-0.,1.));
#6133 = DEFINITIONAL_REPRESENTATION('',(#6134),#6138);
#6134 = LINE('',#6135,#6136);
#6135 = CARTESIAN_POINT('',(0.,5.));
#6136 = VECTOR('',#6137,1.);
#6137 = DIRECTION('',(1.,0.));
#6138 = ( GEOMETRIC_REPRESENTATION_CONTEXT(2) 
PARAMETRIC_REPRESENTATION_CONTEXT() REPRESENTATION_CONTEXT('2D SPACE',''
  ) );
#6139 = FACE_BOUND('',#6140,.T.);
#6140 = EDGE_LOOP('',(#6141));
#6141 = ORIENTED_EDGE('',*,*,#6023,.F.);
#6142 = ADVANCED_FACE('',(#6143),#6095,.T.);
#6143 = FACE_BOUND('',#6144,.F.);
#6144 = EDGE_LOOP('',(#6145));
#6145 = ORIENTED_EDGE('',*,*,#6080,.F.);
#6146 = ADVANCED_FACE('',(#6147),#6128,.T.);
#6147 = FACE_BOUND('',#6148,.T.);
#6148 = EDGE_LOOP('',(#6149,#6178,#6199,#6200));
#6149 = ORIENTED_EDGE('',*,*,#6150,.T.);
#6150 = EDGE_CURVE('',#6151,#6151,#6153,.T.);
#6151 = VERTEX_POINT('',#6152);
#6152 = CARTESIAN_POINT('',(68.,53.1,558.7));
#6153 = SURFACE_CURVE('',#6154,(#6159,#6166),.PCURVE_S1.);
#6154 = CIRCLE('',#6155,4.);
#6155 = AXIS2_PLACEMENT_3D('',#6156,#6157,#6158);
#6156 = CARTESIAN_POINT('',(68.,53.1,554.7));
#6157 = DIRECTION('',(0.,1.,0.));
#6158 = DIRECTION('',(0.,-0.,1.));
#6159 = PCURVE('',#6128,#6160);
#6160 = DEFINITIONAL_REPRESENTATION('',(#6161),#6165);
#6161 = LINE('',#6162,#6163);
#6162 = CARTESIAN_POINT('',(0.,0.6));
#6163 = VECTOR('',#6164,1.);
#6164 = DIRECTION('',(1.,0.));
#6165 = ( GEOMETRIC_REPRESENTATION_CONTEXT(2) 
PARAMETRIC_REPRESENTATION_CONTEXT() REPRESENTATION_CONTEXT('2D SPACE',''
  ) );
#6166 = PCURVE('',#6167,#6172);
#6167 = PLANE('',#6168);
#6168 = AXIS2_PLACEMENT_3D('',#6169,#6170,#6171);
#6169 = CARTESIAN_POINT('',(68.,53.1,554.7));
#6170 = DIRECTION('',(0.,1.,0.));
#6171 = DIRECTION('',(0.,-0.,1.));
#6172 = DEFINITIONAL_REPRESENTATION('',(#6173),#6177);
#6173 = CIRCLE('',#6174,4.);
#6174 = AXIS2_PLACEMENT_2D('',#6175,#6176);
#6175 = CARTESIAN_POINT('',(0.,0.));
#6176 = DIRECTION('',(1.,0.));
#6177 = ( GEOMETRIC_REPRESENTATION_CONTEXT(2) 
PARAMETRIC_REPRESENTATION_CONTEXT() REPRESENTATION_CONTEXT('2D SPACE',''
  ) );
#6178 = ORIENTED_EDGE('',*,*,#6179,.T.);
#6179 = EDGE_CURVE('',#6151,#6112,#6180,.T.);
#6180 = SEAM_CURVE('',#6181,(#6185,#6192),.PCURVE_S1.);
#6181 = LINE('',#6182,#6183);
#6182 = CARTESIAN_POINT('',(68.,52.5,558.7));
#6183 = VECTOR('',#6184,1.);
#6184 = DIRECTION('',(0.,1.,0.));
#6185 = PCURVE('',#6128,#6186);
#6186 = DEFINITIONAL_REPRESENTATION('',(#6187),#6191);
#6187 = LINE('',#6188,#6189);
#6188 = CARTESIAN_POINT('',(0.,-0.));
#6189 = VECTOR('',#6190,1.);
#6190 = DIRECTION('',(0.,1.));
#6191 = ( GEOMETRIC_REPRESENTATION_CONTEXT(2) 
PARAMETRIC_REPRESENTATION_CONTEXT() REPRESENTATION_CONTEXT('2D SPACE',''
  ) );
#6192 = PCURVE('',#6128,#6193);
#6193 = DEFINITIONAL_REPRESENTATION('',(#6194),#6198);
#6194 = LINE('',#6195,#6196);
#6195 = CARTESIAN_POINT('',(6.28318530718,-0.));
#6196 = VECTOR('',#6197,1.);
#6197 = DIRECTION('',(0.,1.));
#6198 = ( GEOMETRIC_REPRESENTATION_CONTEXT(2) 
PARAMETRIC_REPRESENTATION_CONTEXT() REPRESENTATION_CONTEXT('2D SPACE',''
  ) );
#6199 = ORIENTED_EDGE('',*,*,#6111,.F.);
#6200 = ORIENTED_EDGE('',*,*,#6179,.F.);
#6201 = ADVANCED_FACE('',(#6202),#6167,.F.);
#6202 = FACE_BOUND('',#6203,.F.);
#6203 = EDGE_LOOP('',(#6204));
#6204 = ORIENTED_EDGE('',*,*,#6150,.T.);
#6205 = ( GEOMETRIC_REPRESENTATION_CONTEXT(3) 
GLOBAL_UNCERTAINTY_ASSIGNED_CONTEXT((#6209)) 
GLOBAL_UNIT_ASSIGNED_CONTEXT((#6206,#6207,#6208)) REPRESENTATION_CONTEXT
('Context #1','3D Context with UNIT and UNCERTAINTY') );
#6206 = ( LENGTH_UNIT() NAMED_UNIT(*) SI_UNIT(.MILLI.,.METRE.) );
#6207 = ( NAMED_UNIT(*) PLANE_ANGLE_UNIT() SI_UNIT($,.RADIAN.) );
#6208 = ( NAMED_UNIT(*) SI_UNIT($,.STERADIAN.) SOLID_ANGLE_UNIT() );
#6209 = UNCERTAINTY_MEASURE_WITH_UNIT(LENGTH_MEASURE(1.E-07),#6206,
  'distance_accuracy_value','confusion accuracy');
#6210 = CONTEXT_DEPENDENT_SHAPE_REPRESENTATION(#6211,#6213);
#6211 = ( REPRESENTATION_RELATIONSHIP('','',#6016,#10) 
REPRESENTATION_RELATIONSHIP_WITH_TRANSFORMATION(#6212) 
SHAPE_REPRESENTATION_RELATIONSHIP() );
#6212 = ITEM_DEFINED_TRANSFORMATION('','',#11,#23);
#6213 = PRODUCT_DEFINITION_SHAPE('Placement','Placement of an item',
  #6214);
#6214 = NEXT_ASSEMBLY_USAGE_OCCURRENCE('8','','',#5,#6011,$);
#6215 = PRODUCT_RELATED_PRODUCT_CATEGORY('part',$,(#6013));
#6216 = SHAPE_DEFINITION_REPRESENTATION(#6217,#6223);
#6217 = PRODUCT_DEFINITION_SHAPE('','',#6218);
#6218 = PRODUCT_DEFINITION('design','',#6219,#6222);
#6219 = PRODUCT_DEFINITION_FORMATION('','',#6220);
#6220 = PRODUCT('Open CASCADE STEP translator 7.9 16.4',
  'Open CASCADE STEP translator 7.9 16.4','',(#6221));
#6221 = PRODUCT_CONTEXT('',#2,'mechanical');
#6222 = PRODUCT_DEFINITION_CONTEXT('part definition',#2,'design');
#6223 = ADVANCED_BREP_SHAPE_REPRESENTATION('',(#11,#6224),#6845);
#6224 = MANIFOLD_SOLID_BREP('',#6225);
#6225 = CLOSED_SHELL('',(#6226,#6343,#6482,#6585,#6640,#6743,#6749,#6786
    ,#6790,#6825,#6829,#6836));
#6226 = ADVANCED_FACE('',(#6227),#6241,.F.);
#6227 = FACE_BOUND('',#6228,.F.);
#6228 = EDGE_LOOP('',(#6229,#6264,#6293,#6316));
#6229 = ORIENTED_EDGE('',*,*,#6230,.F.);
#6230 = EDGE_CURVE('',#6231,#6233,#6235,.T.);
#6231 = VERTEX_POINT('',#6232);
#6232 = CARTESIAN_POINT('',(65.,53.,525.34589803375));
#6233 = VERTEX_POINT('',#6234);
#6234 = CARTESIAN_POINT('',(65.,53.,526.05424868894));
#6235 = SURFACE_CURVE('',#6236,(#6240,#6252),.PCURVE_S1.);
#6236 = LINE('',#6237,#6238);
#6237 = CARTESIAN_POINT('',(65.,53.,426.));
#6238 = VECTOR('',#6239,1.);
#6239 = DIRECTION('',(0.,0.,1.));
#6240 = PCURVE('',#6241,#6246);
#6241 = PLANE('',#6242);
#6242 = AXIS2_PLACEMENT_3D('',#6243,#6244,#6245);
#6243 = CARTESIAN_POINT('',(-75.,53.,426.));
#6244 = DIRECTION('',(0.,1.,0.));
#6245 = DIRECTION('',(0.,0.,1.));
#6246 = DEFINITIONAL_REPRESENTATION('',(#6247),#6251);
#6247 = LINE('',#6248,#6249);
#6248 = CARTESIAN_POINT('',(0.,140.));
#6249 = VECTOR('',#6250,1.);
#6250 = DIRECTION('',(1.,0.));
#6251 = ( GEOMETRIC_REPRESENTATION_CONTEXT(2) 
PARAMETRIC_REPRESENTATION_CONTEXT() REPRESENTATION_CONTEXT('2D SPACE',''
  ) );
#6252 = PCURVE('',#6253,#6258);
#6253 = PLANE('',#6254);
#6254 = AXIS2_PLACEMENT_3D('',#6255,#6256,#6257);
#6255 = CARTESIAN_POINT('',(65.,18.,426.));
#6256 = DIRECTION('',(1.,0.,0.));
#6257 = DIRECTION('',(0.,0.,1.));
#6258 = DEFINITIONAL_REPRESENTATION('',(#6259),#6263);
#6259 = LINE('',#6260,#6261);
#6260 = CARTESIAN_POINT('',(0.,-35.));
#6261 = VECTOR('',#6262,1.);
#6262 = DIRECTION('',(1.,0.));
#6263 = ( GEOMETRIC_REPRESENTATION_CONTEXT(2) 
PARAMETRIC_REPRESENTATION_CONTEXT() REPRESENTATION_CONTEXT('2D SPACE',''
  ) );
#6264 = ORIENTED_EDGE('',*,*,#6265,.T.);
#6265 = EDGE_CURVE('',#6231,#6266,#6268,.T.);
#6266 = VERTEX_POINT('',#6267);
#6267 = CARTESIAN_POINT('',(65.,53.,532.05410196624));
#6268 = SURFACE_CURVE('',#6269,(#6274,#6281),.PCURVE_S1.);
#6269 = CIRCLE('',#6270,4.5);
#6270 = AXIS2_PLACEMENT_3D('',#6271,#6272,#6273);
#6271 = CARTESIAN_POINT('',(68.,53.,528.7));
#6272 = DIRECTION('',(0.,1.,0.));
#6273 = DIRECTION('',(0.,-0.,1.));
#6274 = PCURVE('',#6241,#6275);
#6275 = DEFINITIONAL_REPRESENTATION('',(#6276),#6280);
#6276 = CIRCLE('',#6277,4.5);
#6277 = AXIS2_PLACEMENT_2D('',#6278,#6279);
#6278 = CARTESIAN_POINT('',(102.7,143.));
#6279 = DIRECTION('',(1.,0.));
#6280 = ( GEOMETRIC_REPRESENTATION_CONTEXT(2) 
PARAMETRIC_REPRESENTATION_CONTEXT() REPRESENTATION_CONTEXT('2D SPACE',''
  ) );
#6281 = PCURVE('',#6282,#6287);
#6282 = CYLINDRICAL_SURFACE('',#6283,4.5);
#6283 = AXIS2_PLACEMENT_3D('',#6284,#6285,#6286);
#6284 = CARTESIAN_POINT('',(68.,17.,528.7));
#6285 = DIRECTION('',(0.,1.,0.));
#6286 = DIRECTION('',(0.,-0.,1.));
#6287 = DEFINITIONAL_REPRESENTATION('',(#6288),#6292);
#6288 = LINE('',#6289,#6290);
#6289 = CARTESIAN_POINT('',(0.,36.));
#6290 = VECTOR('',#6291,1.);
#6291 = DIRECTION('',(1.,0.));
#6292 = ( GEOMETRIC_REPRESENTATION_CONTEXT(2) 
PARAMETRIC_REPRESENTATION_CONTEXT() REPRESENTATION_CONTEXT('2D SPACE',''
  ) );
#6293 = ORIENTED_EDGE('',*,*,#6294,.F.);
#6294 = EDGE_CURVE('',#6295,#6266,#6297,.T.);
#6295 = VERTEX_POINT('',#6296);
#6296 = CARTESIAN_POINT('',(65.,53.,531.34575131106));
#6297 = SURFACE_CURVE('',#6298,(#6302,#6309),.PCURVE_S1.);
#6298 = LINE('',#6299,#6300);
#6299 = CARTESIAN_POINT('',(65.,53.,426.));
#6300 = VECTOR('',#6301,1.);
#6301 = DIRECTION('',(0.,0.,1.));
#6302 = PCURVE('',#6241,#6303);
#6303 = DEFINITIONAL_REPRESENTATION('',(#6304),#6308);
#6304 = LINE('',#6305,#6306);
#6305 = CARTESIAN_POINT('',(0.,140.));
#6306 = VECTOR('',#6307,1.);
#6307 = DIRECTION('',(1.,0.));
#6308 = ( GEOMETRIC_REPRESENTATION_CONTEXT(2) 
PARAMETRIC_REPRESENTATION_CONTEXT() REPRESENTATION_CONTEXT('2D SPACE',''
  ) );
#6309 = PCURVE('',#6253,#6310);
#6310 = DEFINITIONAL_REPRESENTATION('',(#6311),#6315);
#6311 = LINE('',#6312,#6313);
#6312 = CARTESIAN_POINT('',(0.,-35.));
#6313 = VECTOR('',#6314,1.);
#6314 = DIRECTION('',(1.,0.));
#6315 = ( GEOMETRIC_REPRESENTATION_CONTEXT(2) 
PARAMETRIC_REPRESENTATION_CONTEXT() REPRESENTATION_CONTEXT('2D SPACE',''
  ) );
#6316 = ORIENTED_EDGE('',*,*,#6317,.F.);
#6317 = EDGE_CURVE('',#6233,#6295,#6318,.T.);
#6318 = SURFACE_CURVE('',#6319,(#6324,#6331),.PCURVE_S1.);
#6319 = CIRCLE('',#6320,4.);
#6320 = AXIS2_PLACEMENT_3D('',#6321,#6322,#6323);
#6321 = CARTESIAN_POINT('',(68.,53.,528.7));
#6322 = DIRECTION('',(0.,1.,0.));
#6323 = DIRECTION('',(0.,-0.,1.));
#6324 = PCURVE('',#6241,#6325);
#6325 = DEFINITIONAL_REPRESENTATION('',(#6326),#6330);
#6326 = CIRCLE('',#6327,4.);
#6327 = AXIS2_PLACEMENT_2D('',#6328,#6329);
#6328 = CARTESIAN_POINT('',(102.7,143.));
#6329 = DIRECTION('',(1.,0.));
#6330 = ( GEOMETRIC_REPRESENTATION_CONTEXT(2) 
PARAMETRIC_REPRESENTATION_CONTEXT() REPRESENTATION_CONTEXT('2D SPACE',''
  ) );
#6331 = PCURVE('',#6332,#6337);
#6332 = CYLINDRICAL_SURFACE('',#6333,4.);
#6333 = AXIS2_PLACEMENT_3D('',#6334,#6335,#6336);
#6334 = CARTESIAN_POINT('',(68.,52.5,528.7));
#6335 = DIRECTION('',(0.,1.,0.));
#6336 = DIRECTION('',(0.,-0.,1.));
#6337 = DEFINITIONAL_REPRESENTATION('',(#6338),#6342);
#6338 = LINE('',#6339,#6340);
#6339 = CARTESIAN_POINT('',(0.,0.5));
#6340 = VECTOR('',#6341,1.);
#6341 = DIRECTION('',(1.,0.));
#6342 = ( GEOMETRIC_REPRESENTATION_CONTEXT(2) 
PARAMETRIC_REPRESENTATION_CONTEXT() REPRESENTATION_CONTEXT('2D SPACE',''
  ) );
#6343 = ADVANCED_FACE('',(#6344),#6253,.F.);
#6344 = FACE_BOUND('',#6345,.F.);
#6345 = EDGE_LOOP('',(#6346,#6376,#6395,#6396,#6417,#6443,#6462,#6463));
#6346 = ORIENTED_EDGE('',*,*,#6347,.F.);
#6347 = EDGE_CURVE('',#6348,#6350,#6352,.T.);
#6348 = VERTEX_POINT('',#6349);
#6349 = CARTESIAN_POINT('',(65.,18.,525.34589803375));
#6350 = VERTEX_POINT('',#6351);
#6351 = CARTESIAN_POINT('',(65.,18.,532.05410196624));
#6352 = SURFACE_CURVE('',#6353,(#6357,#6364),.PCURVE_S1.);
#6353 = LINE('',#6354,#6355);
#6354 = CARTESIAN_POINT('',(65.,18.,426.));
#6355 = VECTOR('',#6356,1.);
#6356 = DIRECTION('',(0.,0.,1.));
#6357 = PCURVE('',#6253,#6358);
#6358 = DEFINITIONAL_REPRESENTATION('',(#6359),#6363);
#6359 = LINE('',#6360,#6361);
#6360 = CARTESIAN_POINT('',(0.,0.));
#6361 = VECTOR('',#6362,1.);
#6362 = DIRECTION('',(1.,0.));
#6363 = ( GEOMETRIC_REPRESENTATION_CONTEXT(2) 
PARAMETRIC_REPRESENTATION_CONTEXT() REPRESENTATION_CONTEXT('2D SPACE',''
  ) );
#6364 = PCURVE('',#6365,#6370);
#6365 = PLANE('',#6366);
#6366 = AXIS2_PLACEMENT_3D('',#6367,#6368,#6369);
#6367 = CARTESIAN_POINT('',(65.,18.,426.));
#6368 = DIRECTION('',(0.,1.,0.));
#6369 = DIRECTION('',(0.,0.,1.));
#6370 = DEFINITIONAL_REPRESENTATION('',(#6371),#6375);
#6371 = LINE('',#6372,#6373);
#6372 = CARTESIAN_POINT('',(0.,0.));
#6373 = VECTOR('',#6374,1.);
#6374 = DIRECTION('',(1.,0.));
#6375 = ( GEOMETRIC_REPRESENTATION_CONTEXT(2) 
PARAMETRIC_REPRESENTATION_CONTEXT() REPRESENTATION_CONTEXT('2D SPACE',''
  ) );
#6376 = ORIENTED_EDGE('',*,*,#6377,.T.);
#6377 = EDGE_CURVE('',#6348,#6231,#6378,.T.);
#6378 = SURFACE_CURVE('',#6379,(#6383,#6389),.PCURVE_S1.);
#6379 = LINE('',#6380,#6381);
#6380 = CARTESIAN_POINT('',(65.,17.,525.34589803375));
#6381 = VECTOR('',#6382,1.);
#6382 = DIRECTION('',(0.,1.,0.));
#6383 = PCURVE('',#6253,#6384);
#6384 = DEFINITIONAL_REPRESENTATION('',(#6385),#6388);
#6385 = B_SPLINE_CURVE_WITH_KNOTS('',1,(#6386,#6387),.UNSPECIFIED.,.F.,
  .F.,(2,2),(-5.999999999062E-07,36.1000006),.PIECEWISE_BEZIER_KNOTS.);
#6386 = CARTESIAN_POINT('',(99.34589803375,1.0000006));
#6387 = CARTESIAN_POINT('',(99.34589803375,-35.1000006));
#6388 = ( GEOMETRIC_REPRESENTATION_CONTEXT(2) 
PARAMETRIC_REPRESENTATION_CONTEXT() REPRESENTATION_CONTEXT('2D SPACE',''
  ) );
#6389 = PCURVE('',#6282,#6390);
#6390 = DEFINITIONAL_REPRESENTATION('',(#6391),#6394);
#6391 = B_SPLINE_CURVE_WITH_KNOTS('',1,(#6392,#6393),.UNSPECIFIED.,.F.,
  .F.,(2,2),(-5.999999999062E-07,36.1000006),.PIECEWISE_BEZIER_KNOTS.);
#6392 = CARTESIAN_POINT('',(3.871320309817,-5.999999999062E-07));
#6393 = CARTESIAN_POINT('',(3.871320309817,36.1000006));
#6394 = ( GEOMETRIC_REPRESENTATION_CONTEXT(2) 
PARAMETRIC_REPRESENTATION_CONTEXT() REPRESENTATION_CONTEXT('2D SPACE',''
  ) );
#6395 = ORIENTED_EDGE('',*,*,#6230,.T.);
#6396 = ORIENTED_EDGE('',*,*,#6397,.F.);
#6397 = EDGE_CURVE('',#6398,#6233,#6400,.T.);
#6398 = VERTEX_POINT('',#6399);
#6399 = CARTESIAN_POINT('',(65.,52.5,526.05424868893));
#6400 = SURFACE_CURVE('',#6401,(#6405,#6411),.PCURVE_S1.);
#6401 = LINE('',#6402,#6403);
#6402 = CARTESIAN_POINT('',(65.,52.5,526.05424868893));
#6403 = VECTOR('',#6404,1.);
#6404 = DIRECTION('',(0.,1.,0.));
#6405 = PCURVE('',#6253,#6406);
#6406 = DEFINITIONAL_REPRESENTATION('',(#6407),#6410);
#6407 = B_SPLINE_CURVE_WITH_KNOTS('',1,(#6408,#6409),.UNSPECIFIED.,.F.,
  .F.,(2,2),(-5.999999999062E-07,4.),.PIECEWISE_BEZIER_KNOTS.);
#6408 = CARTESIAN_POINT('',(100.05424868893,-34.4999994));
#6409 = CARTESIAN_POINT('',(100.05424868893,-38.5));
#6410 = ( GEOMETRIC_REPRESENTATION_CONTEXT(2) 
PARAMETRIC_REPRESENTATION_CONTEXT() REPRESENTATION_CONTEXT('2D SPACE',''
  ) );
#6411 = PCURVE('',#6332,#6412);
#6412 = DEFINITIONAL_REPRESENTATION('',(#6413),#6416);
#6413 = B_SPLINE_CURVE_WITH_KNOTS('',1,(#6414,#6415),.UNSPECIFIED.,.F.,
  .F.,(2,2),(-5.999999999062E-07,4.),.PIECEWISE_BEZIER_KNOTS.);
#6414 = CARTESIAN_POINT('',(3.989654732571,-5.999999999062E-07));
#6415 = CARTESIAN_POINT('',(3.989654732571,4.));
#6416 = ( GEOMETRIC_REPRESENTATION_CONTEXT(2) 
PARAMETRIC_REPRESENTATION_CONTEXT() REPRESENTATION_CONTEXT('2D SPACE',''
  ) );
#6417 = ORIENTED_EDGE('',*,*,#6418,.T.);
#6418 = EDGE_CURVE('',#6398,#6419,#6421,.T.);
#6419 = VERTEX_POINT('',#6420);
#6420 = CARTESIAN_POINT('',(65.,52.5,531.34575131106));
#6421 = SURFACE_CURVE('',#6422,(#6426,#6432),.PCURVE_S1.);
#6422 = LINE('',#6423,#6424);
#6423 = CARTESIAN_POINT('',(65.,52.5,477.35));
#6424 = VECTOR('',#6425,1.);
#6425 = DIRECTION('',(0.,0.,1.));
#6426 = PCURVE('',#6253,#6427);
#6427 = DEFINITIONAL_REPRESENTATION('',(#6428),#6431);
#6428 = B_SPLINE_CURVE_WITH_KNOTS('',1,(#6429,#6430),.UNSPECIFIED.,.F.,
  .F.,(2,2),(47.35,55.35),.PIECEWISE_BEZIER_KNOTS.);
#6429 = CARTESIAN_POINT('',(98.7,-34.5));
#6430 = CARTESIAN_POINT('',(106.7,-34.5));
#6431 = ( GEOMETRIC_REPRESENTATION_CONTEXT(2) 
PARAMETRIC_REPRESENTATION_CONTEXT() REPRESENTATION_CONTEXT('2D SPACE',''
  ) );
#6432 = PCURVE('',#6433,#6438);
#6433 = PLANE('',#6434);
#6434 = AXIS2_PLACEMENT_3D('',#6435,#6436,#6437);
#6435 = CARTESIAN_POINT('',(68.,52.5,528.7));
#6436 = DIRECTION('',(0.,1.,0.));
#6437 = DIRECTION('',(0.,-0.,1.));
#6438 = DEFINITIONAL_REPRESENTATION('',(#6439),#6442);
#6439 = B_SPLINE_CURVE_WITH_KNOTS('',1,(#6440,#6441),.UNSPECIFIED.,.F.,
  .F.,(2,2),(47.35,55.35),.PIECEWISE_BEZIER_KNOTS.);
#6440 = CARTESIAN_POINT('',(-4.,-3.));
#6441 = CARTESIAN_POINT('',(4.,-3.));
#6442 = ( GEOMETRIC_REPRESENTATION_CONTEXT(2) 
PARAMETRIC_REPRESENTATION_CONTEXT() REPRESENTATION_CONTEXT('2D SPACE',''
  ) );
#6443 = ORIENTED_EDGE('',*,*,#6444,.T.);
#6444 = EDGE_CURVE('',#6419,#6295,#6445,.T.);
#6445 = SURFACE_CURVE('',#6446,(#6450,#6456),.PCURVE_S1.);
#6446 = LINE('',#6447,#6448);
#6447 = CARTESIAN_POINT('',(65.,52.5,531.34575131106));
#6448 = VECTOR('',#6449,1.);
#6449 = DIRECTION('',(0.,1.,0.));
#6450 = PCURVE('',#6253,#6451);
#6451 = DEFINITIONAL_REPRESENTATION('',(#6452),#6455);
#6452 = B_SPLINE_CURVE_WITH_KNOTS('',1,(#6453,#6454),.UNSPECIFIED.,.F.,
  .F.,(2,2),(-5.999999999062E-07,4.),.PIECEWISE_BEZIER_KNOTS.);
#6453 = CARTESIAN_POINT('',(105.34575131106,-34.4999994));
#6454 = CARTESIAN_POINT('',(105.34575131106,-38.5));
#6455 = ( GEOMETRIC_REPRESENTATION_CONTEXT(2) 
PARAMETRIC_REPRESENTATION_CONTEXT() REPRESENTATION_CONTEXT('2D SPACE',''
  ) );
#6456 = PCURVE('',#6332,#6457);
#6457 = DEFINITIONAL_REPRESENTATION('',(#6458),#6461);
#6458 = B_SPLINE_CURVE_WITH_KNOTS('',1,(#6459,#6460),.UNSPECIFIED.,.F.,
  .F.,(2,2),(-5.999999999062E-07,4.),.PIECEWISE_BEZIER_KNOTS.);
#6459 = CARTESIAN_POINT('',(5.435123228198,-5.999999999062E-07));
#6460 = CARTESIAN_POINT('',(5.435123228198,4.));
#6461 = ( GEOMETRIC_REPRESENTATION_CONTEXT(2) 
PARAMETRIC_REPRESENTATION_CONTEXT() REPRESENTATION_CONTEXT('2D SPACE',''
  ) );
#6462 = ORIENTED_EDGE('',*,*,#6294,.T.);
#6463 = ORIENTED_EDGE('',*,*,#6464,.F.);
#6464 = EDGE_CURVE('',#6350,#6266,#6465,.T.);
#6465 = SURFACE_CURVE('',#6466,(#6470,#6476),.PCURVE_S1.);
#6466 = LINE('',#6467,#6468);
#6467 = CARTESIAN_POINT('',(65.,17.,532.05410196625));
#6468 = VECTOR('',#6469,1.);
#6469 = DIRECTION('',(0.,1.,0.));
#6470 = PCURVE('',#6253,#6471);
#6471 = DEFINITIONAL_REPRESENTATION('',(#6472),#6475);
#6472 = B_SPLINE_CURVE_WITH_KNOTS('',1,(#6473,#6474),.UNSPECIFIED.,.F.,
  .F.,(2,2),(-5.999999999062E-07,36.1000006),.PIECEWISE_BEZIER_KNOTS.);
#6473 = CARTESIAN_POINT('',(106.05410196625,1.0000006));
#6474 = CARTESIAN_POINT('',(106.05410196625,-35.1000006));
#6475 = ( GEOMETRIC_REPRESENTATION_CONTEXT(2) 
PARAMETRIC_REPRESENTATION_CONTEXT() REPRESENTATION_CONTEXT('2D SPACE',''
  ) );
#6476 = PCURVE('',#6282,#6477);
#6477 = DEFINITIONAL_REPRESENTATION('',(#6478),#6481);
#6478 = B_SPLINE_CURVE_WITH_KNOTS('',1,(#6479,#6480),.UNSPECIFIED.,.F.,
  .F.,(2,2),(-5.999999999062E-07,36.1000006),.PIECEWISE_BEZIER_KNOTS.);
#6479 = CARTESIAN_POINT('',(5.553457650953,-5.999999999062E-07));
#6480 = CARTESIAN_POINT('',(5.553457650953,36.1000006));
#6481 = ( GEOMETRIC_REPRESENTATION_CONTEXT(2) 
PARAMETRIC_REPRESENTATION_CONTEXT() REPRESENTATION_CONTEXT('2D SPACE',''
  ) );
#6482 = ADVANCED_FACE('',(#6483),#6332,.F.);
#6483 = FACE_BOUND('',#6484,.F.);
#6484 = EDGE_LOOP('',(#6485,#6509,#6532,#6559,#6560,#6582,#6583,#6584));
#6485 = ORIENTED_EDGE('',*,*,#6486,.T.);
#6486 = EDGE_CURVE('',#6419,#6487,#6489,.T.);
#6487 = VERTEX_POINT('',#6488);
#6488 = CARTESIAN_POINT('',(68.,52.5,532.7));
#6489 = SURFACE_CURVE('',#6490,(#6495,#6502),.PCURVE_S1.);
#6490 = CIRCLE('',#6491,4.);
#6491 = AXIS2_PLACEMENT_3D('',#6492,#6493,#6494);
#6492 = CARTESIAN_POINT('',(68.,52.5,528.7));
#6493 = DIRECTION('',(0.,1.,0.));
#6494 = DIRECTION('',(0.,-0.,1.));
#6495 = PCURVE('',#6332,#6496);
#6496 = DEFINITIONAL_REPRESENTATION('',(#6497),#6501);
#6497 = LINE('',#6498,#6499);
#6498 = CARTESIAN_POINT('',(0.,0.));
#6499 = VECTOR('',#6500,1.);
#6500 = DIRECTION('',(1.,0.));
#6501 = ( GEOMETRIC_REPRESENTATION_CONTEXT(2) 
PARAMETRIC_REPRESENTATION_CONTEXT() REPRESENTATION_CONTEXT('2D SPACE',''
  ) );
#6502 = PCURVE('',#6433,#6503);
#6503 = DEFINITIONAL_REPRESENTATION('',(#6504),#6508);
#6504 = CIRCLE('',#6505,4.);
#6505 = AXIS2_PLACEMENT_2D('',#6506,#6507);
#6506 = CARTESIAN_POINT('',(0.,0.));
#6507 = DIRECTION('',(1.,0.));
#6508 = ( GEOMETRIC_REPRESENTATION_CONTEXT(2) 
PARAMETRIC_REPRESENTATION_CONTEXT() REPRESENTATION_CONTEXT('2D SPACE',''
  ) );
#6509 = ORIENTED_EDGE('',*,*,#6510,.T.);
#6510 = EDGE_CURVE('',#6487,#6511,#6513,.T.);
#6511 = VERTEX_POINT('',#6512);
#6512 = CARTESIAN_POINT('',(68.,53.1,532.7));
#6513 = SEAM_CURVE('',#6514,(#6518,#6525),.PCURVE_S1.);
#6514 = LINE('',#6515,#6516);
#6515 = CARTESIAN_POINT('',(68.,52.5,532.7));
#6516 = VECTOR('',#6517,1.);
#6517 = DIRECTION('',(0.,1.,0.));
#6518 = PCURVE('',#6332,#6519);
#6519 = DEFINITIONAL_REPRESENTATION('',(#6520),#6524);
#6520 = LINE('',#6521,#6522);
#6521 = CARTESIAN_POINT('',(0.,-0.));
#6522 = VECTOR('',#6523,1.);
#6523 = DIRECTION('',(0.,1.));
#6524 = ( GEOMETRIC_REPRESENTATION_CONTEXT(2) 
PARAMETRIC_REPRESENTATION_CONTEXT() REPRESENTATION_CONTEXT('2D SPACE',''
  ) );
#6525 = PCURVE('',#6332,#6526);
#6526 = DEFINITIONAL_REPRESENTATION('',(#6527),#6531);
#6527 = LINE('',#6528,#6529);
#6528 = CARTESIAN_POINT('',(6.28318530718,-0.));
#6529 = VECTOR('',#6530,1.);
#6530 = DIRECTION('',(0.,1.));
#6531 = ( GEOMETRIC_REPRESENTATION_CONTEXT(2) 
PARAMETRIC_REPRESENTATION_CONTEXT() REPRESENTATION_CONTEXT('2D SPACE',''
  ) );
#6532 = ORIENTED_EDGE('',*,*,#6533,.F.);
#6533 = EDGE_CURVE('',#6511,#6511,#6534,.T.);
#6534 = SURFACE_CURVE('',#6535,(#6540,#6547),.PCURVE_S1.);
#6535 = CIRCLE('',#6536,4.);
#6536 = AXIS2_PLACEMENT_3D('',#6537,#6538,#6539);
#6537 = CARTESIAN_POINT('',(68.,53.1,528.7));
#6538 = DIRECTION('',(0.,1.,0.));
#6539 = DIRECTION('',(0.,-0.,1.));
#6540 = PCURVE('',#6332,#6541);
#6541 = DEFINITIONAL_REPRESENTATION('',(#6542),#6546);
#6542 = LINE('',#6543,#6544);
#6543 = CARTESIAN_POINT('',(0.,0.6));
#6544 = VECTOR('',#6545,1.);
#6545 = DIRECTION('',(1.,0.));
#6546 = ( GEOMETRIC_REPRESENTATION_CONTEXT(2) 
PARAMETRIC_REPRESENTATION_CONTEXT() REPRESENTATION_CONTEXT('2D SPACE',''
  ) );
#6547 = PCURVE('',#6548,#6553);
#6548 = CYLINDRICAL_SURFACE('',#6549,4.);
#6549 = AXIS2_PLACEMENT_3D('',#6550,#6551,#6552);
#6550 = CARTESIAN_POINT('',(68.,52.5,528.7));
#6551 = DIRECTION('',(0.,1.,0.));
#6552 = DIRECTION('',(0.,-0.,1.));
#6553 = DEFINITIONAL_REPRESENTATION('',(#6554),#6558);
#6554 = LINE('',#6555,#6556);
#6555 = CARTESIAN_POINT('',(0.,0.6));
#6556 = VECTOR('',#6557,1.);
#6557 = DIRECTION('',(1.,0.));
#6558 = ( GEOMETRIC_REPRESENTATION_CONTEXT(2) 
PARAMETRIC_REPRESENTATION_CONTEXT() REPRESENTATION_CONTEXT('2D SPACE',''
  ) );
#6559 = ORIENTED_EDGE('',*,*,#6510,.F.);
#6560 = ORIENTED_EDGE('',*,*,#6561,.T.);
#6561 = EDGE_CURVE('',#6487,#6398,#6562,.T.);
#6562 = SURFACE_CURVE('',#6563,(#6568,#6575),.PCURVE_S1.);
#6563 = CIRCLE('',#6564,4.);
#6564 = AXIS2_PLACEMENT_3D('',#6565,#6566,#6567);
#6565 = CARTESIAN_POINT('',(68.,52.5,528.7));
#6566 = DIRECTION('',(0.,1.,0.));
#6567 = DIRECTION('',(0.,-0.,1.));
#6568 = PCURVE('',#6332,#6569);
#6569 = DEFINITIONAL_REPRESENTATION('',(#6570),#6574);
#6570 = LINE('',#6571,#6572);
#6571 = CARTESIAN_POINT('',(0.,0.));
#6572 = VECTOR('',#6573,1.);
#6573 = DIRECTION('',(1.,0.));
#6574 = ( GEOMETRIC_REPRESENTATION_CONTEXT(2) 
PARAMETRIC_REPRESENTATION_CONTEXT() REPRESENTATION_CONTEXT('2D SPACE',''
  ) );
#6575 = PCURVE('',#6433,#6576);
#6576 = DEFINITIONAL_REPRESENTATION('',(#6577),#6581);
#6577 = CIRCLE('',#6578,4.);
#6578 = AXIS2_PLACEMENT_2D('',#6579,#6580);
#6579 = CARTESIAN_POINT('',(0.,0.));
#6580 = DIRECTION('',(1.,0.));
#6581 = ( GEOMETRIC_REPRESENTATION_CONTEXT(2) 
PARAMETRIC_REPRESENTATION_CONTEXT() REPRESENTATION_CONTEXT('2D SPACE',''
  ) );
#6582 = ORIENTED_EDGE('',*,*,#6397,.T.);
#6583 = ORIENTED_EDGE('',*,*,#6317,.T.);
#6584 = ORIENTED_EDGE('',*,*,#6444,.F.);
#6585 = ADVANCED_FACE('',(#6586),#6548,.F.);
#6586 = FACE_BOUND('',#6587,.F.);
#6587 = EDGE_LOOP('',(#6588,#6589,#6612,#6639));
#6588 = ORIENTED_EDGE('',*,*,#6533,.T.);
#6589 = ORIENTED_EDGE('',*,*,#6590,.T.);
#6590 = EDGE_CURVE('',#6511,#6591,#6593,.T.);
#6591 = VERTEX_POINT('',#6592);
#6592 = CARTESIAN_POINT('',(68.,57.5,532.7));
#6593 = SEAM_CURVE('',#6594,(#6598,#6605),.PCURVE_S1.);
#6594 = LINE('',#6595,#6596);
#6595 = CARTESIAN_POINT('',(68.,52.5,532.7));
#6596 = VECTOR('',#6597,1.);
#6597 = DIRECTION('',(0.,1.,0.));
#6598 = PCURVE('',#6548,#6599);
#6599 = DEFINITIONAL_REPRESENTATION('',(#6600),#6604);
#6600 = LINE('',#6601,#6602);
#6601 = CARTESIAN_POINT('',(0.,-0.));
#6602 = VECTOR('',#6603,1.);
#6603 = DIRECTION('',(0.,1.));
#6604 = ( GEOMETRIC_REPRESENTATION_CONTEXT(2) 
PARAMETRIC_REPRESENTATION_CONTEXT() REPRESENTATION_CONTEXT('2D SPACE',''
  ) );
#6605 = PCURVE('',#6548,#6606);
#6606 = DEFINITIONAL_REPRESENTATION('',(#6607),#6611);
#6607 = LINE('',#6608,#6609);
#6608 = CARTESIAN_POINT('',(6.28318530718,-0.));
#6609 = VECTOR('',#6610,1.);
#6610 = DIRECTION('',(0.,1.));
#6611 = ( GEOMETRIC_REPRESENTATION_CONTEXT(2) 
PARAMETRIC_REPRESENTATION_CONTEXT() REPRESENTATION_CONTEXT('2D SPACE',''
  ) );
#6612 = ORIENTED_EDGE('',*,*,#6613,.F.);
#6613 = EDGE_CURVE('',#6591,#6591,#6614,.T.);
#6614 = SURFACE_CURVE('',#6615,(#6620,#6627),.PCURVE_S1.);
#6615 = CIRCLE('',#6616,4.);
#6616 = AXIS2_PLACEMENT_3D('',#6617,#6618,#6619);
#6617 = CARTESIAN_POINT('',(68.,57.5,528.7));
#6618 = DIRECTION('',(0.,1.,0.));
#6619 = DIRECTION('',(0.,-0.,1.));
#6620 = PCURVE('',#6548,#6621);
#6621 = DEFINITIONAL_REPRESENTATION('',(#6622),#6626);
#6622 = LINE('',#6623,#6624);
#6623 = CARTESIAN_POINT('',(0.,5.));
#6624 = VECTOR('',#6625,1.);
#6625 = DIRECTION('',(1.,0.));
#6626 = ( GEOMETRIC_REPRESENTATION_CONTEXT(2) 
PARAMETRIC_REPRESENTATION_CONTEXT() REPRESENTATION_CONTEXT('2D SPACE',''
  ) );
#6627 = PCURVE('',#6628,#6633);
#6628 = PLANE('',#6629);
#6629 = AXIS2_PLACEMENT_3D('',#6630,#6631,#6632);
#6630 = CARTESIAN_POINT('',(68.,57.5,528.7));
#6631 = DIRECTION('',(0.,1.,0.));
#6632 = DIRECTION('',(0.,-0.,1.));
#6633 = DEFINITIONAL_REPRESENTATION('',(#6634),#6638);
#6634 = CIRCLE('',#6635,4.);
#6635 = AXIS2_PLACEMENT_2D('',#6636,#6637);
#6636 = CARTESIAN_POINT('',(0.,0.));
#6637 = DIRECTION('',(1.,0.));
#6638 = ( GEOMETRIC_REPRESENTATION_CONTEXT(2) 
PARAMETRIC_REPRESENTATION_CONTEXT() REPRESENTATION_CONTEXT('2D SPACE',''
  ) );
#6639 = ORIENTED_EDGE('',*,*,#6590,.F.);
#6640 = ADVANCED_FACE('',(#6641),#6282,.T.);
#6641 = FACE_BOUND('',#6642,.T.);
#6642 = EDGE_LOOP('',(#6643,#6668,#6695,#6696,#6718,#6719,#6720,#6721));
#6643 = ORIENTED_EDGE('',*,*,#6644,.T.);
#6644 = EDGE_CURVE('',#6645,#6647,#6649,.T.);
#6645 = VERTEX_POINT('',#6646);
#6646 = CARTESIAN_POINT('',(68.,18.,533.2));
#6647 = VERTEX_POINT('',#6648);
#6648 = CARTESIAN_POINT('',(68.,53.1,533.2));
#6649 = SEAM_CURVE('',#6650,(#6654,#6661),.PCURVE_S1.);
#6650 = LINE('',#6651,#6652);
#6651 = CARTESIAN_POINT('',(68.,17.,533.2));
#6652 = VECTOR('',#6653,1.);
#6653 = DIRECTION('',(0.,1.,0.));
#6654 = PCURVE('',#6282,#6655);
#6655 = DEFINITIONAL_REPRESENTATION('',(#6656),#6660);
#6656 = LINE('',#6657,#6658);
#6657 = CARTESIAN_POINT('',(6.28318530718,-0.));
#6658 = VECTOR('',#6659,1.);
#6659 = DIRECTION('',(0.,1.));
#6660 = ( GEOMETRIC_REPRESENTATION_CONTEXT(2) 
PARAMETRIC_REPRESENTATION_CONTEXT() REPRESENTATION_CONTEXT('2D SPACE',''
  ) );
#6661 = PCURVE('',#6282,#6662);
#6662 = DEFINITIONAL_REPRESENTATION('',(#6663),#6667);
#6663 = LINE('',#6664,#6665);
#6664 = CARTESIAN_POINT('',(0.,-0.));
#6665 = VECTOR('',#6666,1.);
#6666 = DIRECTION('',(0.,1.));
#6667 = ( GEOMETRIC_REPRESENTATION_CONTEXT(2) 
PARAMETRIC_REPRESENTATION_CONTEXT() REPRESENTATION_CONTEXT('2D SPACE',''
  ) );
#6668 = ORIENTED_EDGE('',*,*,#6669,.F.);
#6669 = EDGE_CURVE('',#6647,#6647,#6670,.T.);
#6670 = SURFACE_CURVE('',#6671,(#6676,#6683),.PCURVE_S1.);
#6671 = CIRCLE('',#6672,4.5);
#6672 = AXIS2_PLACEMENT_3D('',#6673,#6674,#6675);
#6673 = CARTESIAN_POINT('',(68.,53.1,528.7));
#6674 = DIRECTION('',(0.,1.,0.));
#6675 = DIRECTION('',(0.,-0.,1.));
#6676 = PCURVE('',#6282,#6677);
#6677 = DEFINITIONAL_REPRESENTATION('',(#6678),#6682);
#6678 = LINE('',#6679,#6680);
#6679 = CARTESIAN_POINT('',(0.,36.1));
#6680 = VECTOR('',#6681,1.);
#6681 = DIRECTION('',(1.,0.));
#6682 = ( GEOMETRIC_REPRESENTATION_CONTEXT(2) 
PARAMETRIC_REPRESENTATION_CONTEXT() REPRESENTATION_CONTEXT('2D SPACE',''
  ) );
#6683 = PCURVE('',#6684,#6689);
#6684 = PLANE('',#6685);
#6685 = AXIS2_PLACEMENT_3D('',#6686,#6687,#6688);
#6686 = CARTESIAN_POINT('',(68.,53.1,528.7));
#6687 = DIRECTION('',(0.,1.,0.));
#6688 = DIRECTION('',(0.,-0.,1.));
#6689 = DEFINITIONAL_REPRESENTATION('',(#6690),#6694);
#6690 = CIRCLE('',#6691,4.5);
#6691 = AXIS2_PLACEMENT_2D('',#6692,#6693);
#6692 = CARTESIAN_POINT('',(0.,0.));
#6693 = DIRECTION('',(1.,0.));
#6694 = ( GEOMETRIC_REPRESENTATION_CONTEXT(2) 
PARAMETRIC_REPRESENTATION_CONTEXT() REPRESENTATION_CONTEXT('2D SPACE',''
  ) );
#6695 = ORIENTED_EDGE('',*,*,#6644,.F.);
#6696 = ORIENTED_EDGE('',*,*,#6697,.T.);
#6697 = EDGE_CURVE('',#6645,#6348,#6698,.T.);
#6698 = SURFACE_CURVE('',#6699,(#6704,#6711),.PCURVE_S1.);
#6699 = CIRCLE('',#6700,4.5);
#6700 = AXIS2_PLACEMENT_3D('',#6701,#6702,#6703);
#6701 = CARTESIAN_POINT('',(68.,18.,528.7));
#6702 = DIRECTION('',(0.,1.,0.));
#6703 = DIRECTION('',(0.,-0.,1.));
#6704 = PCURVE('',#6282,#6705);
#6705 = DEFINITIONAL_REPRESENTATION('',(#6706),#6710);
#6706 = LINE('',#6707,#6708);
#6707 = CARTESIAN_POINT('',(0.,1.));
#6708 = VECTOR('',#6709,1.);
#6709 = DIRECTION('',(1.,0.));
#6710 = ( GEOMETRIC_REPRESENTATION_CONTEXT(2) 
PARAMETRIC_REPRESENTATION_CONTEXT() REPRESENTATION_CONTEXT('2D SPACE',''
  ) );
#6711 = PCURVE('',#6365,#6712);
#6712 = DEFINITIONAL_REPRESENTATION('',(#6713),#6717);
#6713 = CIRCLE('',#6714,4.5);
#6714 = AXIS2_PLACEMENT_2D('',#6715,#6716);
#6715 = CARTESIAN_POINT('',(102.7,3.));
#6716 = DIRECTION('',(1.,0.));
#6717 = ( GEOMETRIC_REPRESENTATION_CONTEXT(2) 
PARAMETRIC_REPRESENTATION_CONTEXT() REPRESENTATION_CONTEXT('2D SPACE',''
  ) );
#6718 = ORIENTED_EDGE('',*,*,#6377,.T.);
#6719 = ORIENTED_EDGE('',*,*,#6265,.T.);
#6720 = ORIENTED_EDGE('',*,*,#6464,.F.);
#6721 = ORIENTED_EDGE('',*,*,#6722,.T.);
#6722 = EDGE_CURVE('',#6350,#6645,#6723,.T.);
#6723 = SURFACE_CURVE('',#6724,(#6729,#6736),.PCURVE_S1.);
#6724 = CIRCLE('',#6725,4.5);
#6725 = AXIS2_PLACEMENT_3D('',#6726,#6727,#6728);
#6726 = CARTESIAN_POINT('',(68.,18.,528.7));
#6727 = DIRECTION('',(0.,1.,0.));
#6728 = DIRECTION('',(0.,-0.,1.));
#6729 = PCURVE('',#6282,#6730);
#6730 = DEFINITIONAL_REPRESENTATION('',(#6731),#6735);
#6731 = LINE('',#6732,#6733);
#6732 = CARTESIAN_POINT('',(0.,1.));
#6733 = VECTOR('',#6734,1.);
#6734 = DIRECTION('',(1.,0.));
#6735 = ( GEOMETRIC_REPRESENTATION_CONTEXT(2) 
PARAMETRIC_REPRESENTATION_CONTEXT() REPRESENTATION_CONTEXT('2D SPACE',''
  ) );
#6736 = PCURVE('',#6365,#6737);
#6737 = DEFINITIONAL_REPRESENTATION('',(#6738),#6742);
#6738 = CIRCLE('',#6739,4.5);
#6739 = AXIS2_PLACEMENT_2D('',#6740,#6741);
#6740 = CARTESIAN_POINT('',(102.7,3.));
#6741 = DIRECTION('',(1.,0.));
#6742 = ( GEOMETRIC_REPRESENTATION_CONTEXT(2) 
PARAMETRIC_REPRESENTATION_CONTEXT() REPRESENTATION_CONTEXT('2D SPACE',''
  ) );
#6743 = ADVANCED_FACE('',(#6744),#6365,.F.);
#6744 = FACE_BOUND('',#6745,.F.);
#6745 = EDGE_LOOP('',(#6746,#6747,#6748));
#6746 = ORIENTED_EDGE('',*,*,#6347,.T.);
#6747 = ORIENTED_EDGE('',*,*,#6722,.T.);
#6748 = ORIENTED_EDGE('',*,*,#6697,.T.);
#6749 = ADVANCED_FACE('',(#6750,#6755),#6433,.T.);
#6750 = FACE_BOUND('',#6751,.T.);
#6751 = EDGE_LOOP('',(#6752,#6753,#6754));
#6752 = ORIENTED_EDGE('',*,*,#6486,.T.);
#6753 = ORIENTED_EDGE('',*,*,#6561,.T.);
#6754 = ORIENTED_EDGE('',*,*,#6418,.T.);
#6755 = FACE_BOUND('',#6756,.T.);
#6756 = EDGE_LOOP('',(#6757));
#6757 = ORIENTED_EDGE('',*,*,#6758,.F.);
#6758 = EDGE_CURVE('',#6759,#6759,#6761,.T.);
#6759 = VERTEX_POINT('',#6760);
#6760 = CARTESIAN_POINT('',(68.,52.5,530.95));
#6761 = SURFACE_CURVE('',#6762,(#6767,#6774),.PCURVE_S1.);
#6762 = CIRCLE('',#6763,2.25);
#6763 = AXIS2_PLACEMENT_3D('',#6764,#6765,#6766);
#6764 = CARTESIAN_POINT('',(68.,52.5,528.7));
#6765 = DIRECTION('',(0.,1.,0.));
#6766 = DIRECTION('',(0.,-0.,1.));
#6767 = PCURVE('',#6433,#6768);
#6768 = DEFINITIONAL_REPRESENTATION('',(#6769),#6773);
#6769 = CIRCLE('',#6770,2.25);
#6770 = AXIS2_PLACEMENT_2D('',#6771,#6772);
#6771 = CARTESIAN_POINT('',(0.,0.));
#6772 = DIRECTION('',(1.,0.));
#6773 = ( GEOMETRIC_REPRESENTATION_CONTEXT(2) 
PARAMETRIC_REPRESENTATION_CONTEXT() REPRESENTATION_CONTEXT('2D SPACE',''
  ) );
#6774 = PCURVE('',#6775,#6780);
#6775 = PLANE('',#6776);
#6776 = AXIS2_PLACEMENT_3D('',#6777,#6778,#6779);
#6777 = CARTESIAN_POINT('',(68.,52.5,528.7));
#6778 = DIRECTION('',(0.,1.,0.));
#6779 = DIRECTION('',(0.,-0.,1.));
#6780 = DEFINITIONAL_REPRESENTATION('',(#6781),#6785);
#6781 = CIRCLE('',#6782,2.25);
#6782 = AXIS2_PLACEMENT_2D('',#6783,#6784);
#6783 = CARTESIAN_POINT('',(0.,0.));
#6784 = DIRECTION('',(1.,0.));
#6785 = ( GEOMETRIC_REPRESENTATION_CONTEXT(2) 
PARAMETRIC_REPRESENTATION_CONTEXT() REPRESENTATION_CONTEXT('2D SPACE',''
  ) );
#6786 = ADVANCED_FACE('',(#6787),#6775,.T.);
#6787 = FACE_BOUND('',#6788,.F.);
#6788 = EDGE_LOOP('',(#6789));
#6789 = ORIENTED_EDGE('',*,*,#6758,.F.);
#6790 = ADVANCED_FACE('',(#6791,#6794),#6628,.F.);
#6791 = FACE_BOUND('',#6792,.F.);
#6792 = EDGE_LOOP('',(#6793));
#6793 = ORIENTED_EDGE('',*,*,#6613,.T.);
#6794 = FACE_BOUND('',#6795,.F.);
#6795 = EDGE_LOOP('',(#6796));
#6796 = ORIENTED_EDGE('',*,*,#6797,.F.);
#6797 = EDGE_CURVE('',#6798,#6798,#6800,.T.);
#6798 = VERTEX_POINT('',#6799);
#6799 = CARTESIAN_POINT('',(68.,57.5,530.95));
#6800 = SURFACE_CURVE('',#6801,(#6806,#6813),.PCURVE_S1.);
#6801 = CIRCLE('',#6802,2.25);
#6802 = AXIS2_PLACEMENT_3D('',#6803,#6804,#6805);
#6803 = CARTESIAN_POINT('',(68.,57.5,528.7));
#6804 = DIRECTION('',(0.,1.,0.));
#6805 = DIRECTION('',(0.,-0.,1.));
#6806 = PCURVE('',#6628,#6807);
#6807 = DEFINITIONAL_REPRESENTATION('',(#6808),#6812);
#6808 = CIRCLE('',#6809,2.25);
#6809 = AXIS2_PLACEMENT_2D('',#6810,#6811);
#6810 = CARTESIAN_POINT('',(0.,0.));
#6811 = DIRECTION('',(1.,0.));
#6812 = ( GEOMETRIC_REPRESENTATION_CONTEXT(2) 
PARAMETRIC_REPRESENTATION_CONTEXT() REPRESENTATION_CONTEXT('2D SPACE',''
  ) );
#6813 = PCURVE('',#6814,#6819);
#6814 = PLANE('',#6815);
#6815 = AXIS2_PLACEMENT_3D('',#6816,#6817,#6818);
#6816 = CARTESIAN_POINT('',(68.,57.5,528.7));
#6817 = DIRECTION('',(0.,1.,0.));
#6818 = DIRECTION('',(0.,-0.,1.));
#6819 = DEFINITIONAL_REPRESENTATION('',(#6820),#6824);
#6820 = CIRCLE('',#6821,2.25);
#6821 = AXIS2_PLACEMENT_2D('',#6822,#6823);
#6822 = CARTESIAN_POINT('',(0.,0.));
#6823 = DIRECTION('',(1.,0.));
#6824 = ( GEOMETRIC_REPRESENTATION_CONTEXT(2) 
PARAMETRIC_REPRESENTATION_CONTEXT() REPRESENTATION_CONTEXT('2D SPACE',''
  ) );
#6825 = ADVANCED_FACE('',(#6826),#6814,.F.);
#6826 = FACE_BOUND('',#6827,.F.);
#6827 = EDGE_LOOP('',(#6828));
#6828 = ORIENTED_EDGE('',*,*,#6797,.T.);
#6829 = ADVANCED_FACE('',(#6830,#6833),#6684,.T.);
#6830 = FACE_BOUND('',#6831,.T.);
#6831 = EDGE_LOOP('',(#6832));
#6832 = ORIENTED_EDGE('',*,*,#6669,.T.);
#6833 = FACE_BOUND('',#6834,.T.);
#6834 = EDGE_LOOP('',(#6835));
#6835 = ORIENTED_EDGE('',*,*,#6533,.F.);
#6836 = ADVANCED_FACE('',(#6837),#6840,.T.);
#6837 = FACE_BOUND('',#6838,.T.);
#6838 = EDGE_LOOP('',(#6839));
#6839 = ORIENTED_EDGE('',*,*,#6533,.T.);
#6840 = PLANE('',#6841);
#6841 = AXIS2_PLACEMENT_3D('',#6842,#6843,#6844);
#6842 = CARTESIAN_POINT('',(68.,53.1,528.7));
#6843 = DIRECTION('',(0.,1.,0.));
#6844 = DIRECTION('',(0.,-0.,1.));
#6845 = ( GEOMETRIC_REPRESENTATION_CONTEXT(3) 
GLOBAL_UNCERTAINTY_ASSIGNED_CONTEXT((#6849)) 
GLOBAL_UNIT_ASSIGNED_CONTEXT((#6846,#6847,#6848)) REPRESENTATION_CONTEXT
('Context #1','3D Context with UNIT and UNCERTAINTY') );
#6846 = ( LENGTH_UNIT() NAMED_UNIT(*) SI_UNIT(.MILLI.,.METRE.) );
#6847 = ( NAMED_UNIT(*) PLANE_ANGLE_UNIT() SI_UNIT($,.RADIAN.) );
#6848 = ( NAMED_UNIT(*) SI_UNIT($,.STERADIAN.) SOLID_ANGLE_UNIT() );
#6849 = UNCERTAINTY_MEASURE_WITH_UNIT(LENGTH_MEASURE(1.E-07),#6846,
  'distance_accuracy_value','confusion accuracy');
#6850 = CONTEXT_DEPENDENT_SHAPE_REPRESENTATION(#6851,#6853);
#6851 = ( REPRESENTATION_RELATIONSHIP('','',#6223,#10) 
REPRESENTATION_RELATIONSHIP_WITH_TRANSFORMATION(#6852) 
SHAPE_REPRESENTATION_RELATIONSHIP() );
#6852 = ITEM_DEFINED_TRANSFORMATION('','',#11,#27);
#6853 = PRODUCT_DEFINITION_SHAPE('Placement','Placement of an item',
  #6854);
#6854 = NEXT_ASSEMBLY_USAGE_OCCURRENCE('9','','',#5,#6218,$);
#6855 = PRODUCT_RELATED_PRODUCT_CATEGORY('part',$,(#6220));
#6856 = SHAPE_DEFINITION_REPRESENTATION(#6857,#6863);
#6857 = PRODUCT_DEFINITION_SHAPE('','',#6858);
#6858 = PRODUCT_DEFINITION('design','',#6859,#6862);
#6859 = PRODUCT_DEFINITION_FORMATION('','',#6860);
#6860 = PRODUCT('Open CASCADE STEP translator 7.9 16.5',
  'Open CASCADE STEP translator 7.9 16.5','',(#6861));
#6861 = PRODUCT_CONTEXT('',#2,'mechanical');
#6862 = PRODUCT_DEFINITION_CONTEXT('part definition',#2,'design');
#6863 = ADVANCED_BREP_SHAPE_REPRESENTATION('',(#11,#6864),#7485);
#6864 = MANIFOLD_SOLID_BREP('',#6865);
#6865 = CLOSED_SHELL('',(#6866,#6983,#7122,#7225,#7280,#7383,#7389,#7426
    ,#7430,#7465,#7469,#7476));
#6866 = ADVANCED_FACE('',(#6867),#6881,.F.);
#6867 = FACE_BOUND('',#6868,.F.);
#6868 = EDGE_LOOP('',(#6869,#6904,#6933,#6956));
#6869 = ORIENTED_EDGE('',*,*,#6870,.F.);
#6870 = EDGE_CURVE('',#6871,#6873,#6875,.T.);
#6871 = VERTEX_POINT('',#6872);
#6872 = CARTESIAN_POINT('',(65.,53.,551.34589803374));
#6873 = VERTEX_POINT('',#6874);
#6874 = CARTESIAN_POINT('',(65.,53.,552.05424868893));
#6875 = SURFACE_CURVE('',#6876,(#6880,#6892),.PCURVE_S1.);
#6876 = LINE('',#6877,#6878);
#6877 = CARTESIAN_POINT('',(65.,53.,426.));
#6878 = VECTOR('',#6879,1.);
#6879 = DIRECTION('',(0.,0.,1.));
#6880 = PCURVE('',#6881,#6886);
#6881 = PLANE('',#6882);
#6882 = AXIS2_PLACEMENT_3D('',#6883,#6884,#6885);
#6883 = CARTESIAN_POINT('',(-75.,53.,426.));
#6884 = DIRECTION('',(0.,1.,0.));
#6885 = DIRECTION('',(0.,0.,1.));
#6886 = DEFINITIONAL_REPRESENTATION('',(#6887),#6891);
#6887 = LINE('',#6888,#6889);
#6888 = CARTESIAN_POINT('',(0.,140.));
#6889 = VECTOR('',#6890,1.);
#6890 = DIRECTION('',(1.,0.));
#6891 = ( GEOMETRIC_REPRESENTATION_CONTEXT(2) 
PARAMETRIC_REPRESENTATION_CONTEXT() REPRESENTATION_CONTEXT('2D SPACE',''
  ) );
#6892 = PCURVE('',#6893,#6898);
#6893 = PLANE('',#6894);
#6894 = AXIS2_PLACEMENT_3D('',#6895,#6896,#6897);
#6895 = CARTESIAN_POINT('',(65.,18.,426.));
#6896 = DIRECTION('',(1.,0.,0.));
#6897 = DIRECTION('',(0.,0.,1.));
#6898 = DEFINITIONAL_REPRESENTATION('',(#6899),#6903);
#6899 = LINE('',#6900,#6901);
#6900 = CARTESIAN_POINT('',(0.,-35.));
#6901 = VECTOR('',#6902,1.);
#6902 = DIRECTION('',(1.,0.));
#6903 = ( GEOMETRIC_REPRESENTATION_CONTEXT(2) 
PARAMETRIC_REPRESENTATION_CONTEXT() REPRESENTATION_CONTEXT('2D SPACE',''
  ) );
#6904 = ORIENTED_EDGE('',*,*,#6905,.T.);
#6905 = EDGE_CURVE('',#6871,#6906,#6908,.T.);
#6906 = VERTEX_POINT('',#6907);
#6907 = CARTESIAN_POINT('',(65.,53.,558.05410196625));
#6908 = SURFACE_CURVE('',#6909,(#6914,#6921),.PCURVE_S1.);
#6909 = CIRCLE('',#6910,4.5);
#6910 = AXIS2_PLACEMENT_3D('',#6911,#6912,#6913);
#6911 = CARTESIAN_POINT('',(68.,53.,554.7));
#6912 = DIRECTION('',(0.,1.,0.));
#6913 = DIRECTION('',(0.,-0.,1.));
#6914 = PCURVE('',#6881,#6915);
#6915 = DEFINITIONAL_REPRESENTATION('',(#6916),#6920);
#6916 = CIRCLE('',#6917,4.5);
#6917 = AXIS2_PLACEMENT_2D('',#6918,#6919);
#6918 = CARTESIAN_POINT('',(128.7,143.));
#6919 = DIRECTION('',(1.,0.));
#6920 = ( GEOMETRIC_REPRESENTATION_CONTEXT(2) 
PARAMETRIC_REPRESENTATION_CONTEXT() REPRESENTATION_CONTEXT('2D SPACE',''
  ) );
#6921 = PCURVE('',#6922,#6927);
#6922 = CYLINDRICAL_SURFACE('',#6923,4.5);
#6923 = AXIS2_PLACEMENT_3D('',#6924,#6925,#6926);
#6924 = CARTESIAN_POINT('',(68.,17.,554.7));
#6925 = DIRECTION('',(0.,1.,0.));
#6926 = DIRECTION('',(0.,-0.,1.));
#6927 = DEFINITIONAL_REPRESENTATION('',(#6928),#6932);
#6928 = LINE('',#6929,#6930);
#6929 = CARTESIAN_POINT('',(0.,36.));
#6930 = VECTOR('',#6931,1.);
#6931 = DIRECTION('',(1.,0.));
#6932 = ( GEOMETRIC_REPRESENTATION_CONTEXT(2) 
PARAMETRIC_REPRESENTATION_CONTEXT() REPRESENTATION_CONTEXT('2D SPACE',''
  ) );
#6933 = ORIENTED_EDGE('',*,*,#6934,.F.);
#6934 = EDGE_CURVE('',#6935,#6906,#6937,.T.);
#6935 = VERTEX_POINT('',#6936);
#6936 = CARTESIAN_POINT('',(65.,53.,557.34575131106));
#6937 = SURFACE_CURVE('',#6938,(#6942,#6949),.PCURVE_S1.);
#6938 = LINE('',#6939,#6940);
#6939 = CARTESIAN_POINT('',(65.,53.,426.));
#6940 = VECTOR('',#6941,1.);
#6941 = DIRECTION('',(0.,0.,1.));
#6942 = PCURVE('',#6881,#6943);
#6943 = DEFINITIONAL_REPRESENTATION('',(#6944),#6948);
#6944 = LINE('',#6945,#6946);
#6945 = CARTESIAN_POINT('',(0.,140.));
#6946 = VECTOR('',#6947,1.);
#6947 = DIRECTION('',(1.,0.));
#6948 = ( GEOMETRIC_REPRESENTATION_CONTEXT(2) 
PARAMETRIC_REPRESENTATION_CONTEXT() REPRESENTATION_CONTEXT('2D SPACE',''
  ) );
#6949 = PCURVE('',#6893,#6950);
#6950 = DEFINITIONAL_REPRESENTATION('',(#6951),#6955);
#6951 = LINE('',#6952,#6953);
#6952 = CARTESIAN_POINT('',(0.,-35.));
#6953 = VECTOR('',#6954,1.);
#6954 = DIRECTION('',(1.,0.));
#6955 = ( GEOMETRIC_REPRESENTATION_CONTEXT(2) 
PARAMETRIC_REPRESENTATION_CONTEXT() REPRESENTATION_CONTEXT('2D SPACE',''
  ) );
#6956 = ORIENTED_EDGE('',*,*,#6957,.F.);
#6957 = EDGE_CURVE('',#6873,#6935,#6958,.T.);
#6958 = SURFACE_CURVE('',#6959,(#6964,#6971),.PCURVE_S1.);
#6959 = CIRCLE('',#6960,4.);
#6960 = AXIS2_PLACEMENT_3D('',#6961,#6962,#6963);
#6961 = CARTESIAN_POINT('',(68.,53.,554.7));
#6962 = DIRECTION('',(0.,1.,0.));
#6963 = DIRECTION('',(0.,-0.,1.));
#6964 = PCURVE('',#6881,#6965);
#6965 = DEFINITIONAL_REPRESENTATION('',(#6966),#6970);
#6966 = CIRCLE('',#6967,4.);
#6967 = AXIS2_PLACEMENT_2D('',#6968,#6969);
#6968 = CARTESIAN_POINT('',(128.7,143.));
#6969 = DIRECTION('',(1.,0.));
#6970 = ( GEOMETRIC_REPRESENTATION_CONTEXT(2) 
PARAMETRIC_REPRESENTATION_CONTEXT() REPRESENTATION_CONTEXT('2D SPACE',''
  ) );
#6971 = PCURVE('',#6972,#6977);
#6972 = CYLINDRICAL_SURFACE('',#6973,4.);
#6973 = AXIS2_PLACEMENT_3D('',#6974,#6975,#6976);
#6974 = CARTESIAN_POINT('',(68.,52.5,554.7));
#6975 = DIRECTION('',(0.,1.,0.));
#6976 = DIRECTION('',(0.,-0.,1.));
#6977 = DEFINITIONAL_REPRESENTATION('',(#6978),#6982);
#6978 = LINE('',#6979,#6980);
#6979 = CARTESIAN_POINT('',(0.,0.5));
#6980 = VECTOR('',#6981,1.);
#6981 = DIRECTION('',(1.,0.));
#6982 = ( GEOMETRIC_REPRESENTATION_CONTEXT(2) 
PARAMETRIC_REPRESENTATION_CONTEXT() REPRESENTATION_CONTEXT('2D SPACE',''
  ) );
#6983 = ADVANCED_FACE('',(#6984),#6893,.F.);
#6984 = FACE_BOUND('',#6985,.F.);
#6985 = EDGE_LOOP('',(#6986,#7016,#7035,#7036,#7057,#7083,#7102,#7103));
#6986 = ORIENTED_EDGE('',*,*,#6987,.F.);
#6987 = EDGE_CURVE('',#6988,#6990,#6992,.T.);
#6988 = VERTEX_POINT('',#6989);
#6989 = CARTESIAN_POINT('',(65.,18.,551.34589803374));
#6990 = VERTEX_POINT('',#6991);
#6991 = CARTESIAN_POINT('',(65.,18.,558.05410196625));
#6992 = SURFACE_CURVE('',#6993,(#6997,#7004),.PCURVE_S1.);
#6993 = LINE('',#6994,#6995);
#6994 = CARTESIAN_POINT('',(65.,18.,426.));
#6995 = VECTOR('',#6996,1.);
#6996 = DIRECTION('',(0.,0.,1.));
#6997 = PCURVE('',#6893,#6998);
#6998 = DEFINITIONAL_REPRESENTATION('',(#6999),#7003);
#6999 = LINE('',#7000,#7001);
#7000 = CARTESIAN_POINT('',(0.,0.));
#7001 = VECTOR('',#7002,1.);
#7002 = DIRECTION('',(1.,0.));
#7003 = ( GEOMETRIC_REPRESENTATION_CONTEXT(2) 
PARAMETRIC_REPRESENTATION_CONTEXT() REPRESENTATION_CONTEXT('2D SPACE',''
  ) );
#7004 = PCURVE('',#7005,#7010);
#7005 = PLANE('',#7006);
#7006 = AXIS2_PLACEMENT_3D('',#7007,#7008,#7009);
#7007 = CARTESIAN_POINT('',(65.,18.,426.));
#7008 = DIRECTION('',(0.,1.,0.));
#7009 = DIRECTION('',(0.,0.,1.));
#7010 = DEFINITIONAL_REPRESENTATION('',(#7011),#7015);
#7011 = LINE('',#7012,#7013);
#7012 = CARTESIAN_POINT('',(0.,0.));
#7013 = VECTOR('',#7014,1.);
#7014 = DIRECTION('',(1.,0.));
#7015 = ( GEOMETRIC_REPRESENTATION_CONTEXT(2) 
PARAMETRIC_REPRESENTATION_CONTEXT() REPRESENTATION_CONTEXT('2D SPACE',''
  ) );
#7016 = ORIENTED_EDGE('',*,*,#7017,.T.);
#7017 = EDGE_CURVE('',#6988,#6871,#7018,.T.);
#7018 = SURFACE_CURVE('',#7019,(#7023,#7029),.PCURVE_S1.);
#7019 = LINE('',#7020,#7021);
#7020 = CARTESIAN_POINT('',(65.,17.,551.34589803375));
#7021 = VECTOR('',#7022,1.);
#7022 = DIRECTION('',(0.,1.,0.));
#7023 = PCURVE('',#6893,#7024);
#7024 = DEFINITIONAL_REPRESENTATION('',(#7025),#7028);
#7025 = B_SPLINE_CURVE_WITH_KNOTS('',1,(#7026,#7027),.UNSPECIFIED.,.F.,
  .F.,(2,2),(-5.999999999062E-07,36.1000006),.PIECEWISE_BEZIER_KNOTS.);
#7026 = CARTESIAN_POINT('',(125.34589803375,1.0000006));
#7027 = CARTESIAN_POINT('',(125.34589803375,-35.1000006));
#7028 = ( GEOMETRIC_REPRESENTATION_CONTEXT(2) 
PARAMETRIC_REPRESENTATION_CONTEXT() REPRESENTATION_CONTEXT('2D SPACE',''
  ) );
#7029 = PCURVE('',#6922,#7030);
#7030 = DEFINITIONAL_REPRESENTATION('',(#7031),#7034);
#7031 = B_SPLINE_CURVE_WITH_KNOTS('',1,(#7032,#7033),.UNSPECIFIED.,.F.,
  .F.,(2,2),(-5.999999999062E-07,36.1000006),.PIECEWISE_BEZIER_KNOTS.);
#7032 = CARTESIAN_POINT('',(3.871320309817,-5.999999999062E-07));
#7033 = CARTESIAN_POINT('',(3.871320309817,36.1000006));
#7034 = ( GEOMETRIC_REPRESENTATION_CONTEXT(2) 
PARAMETRIC_REPRESENTATION_CONTEXT() REPRESENTATION_CONTEXT('2D SPACE',''
  ) );
#7035 = ORIENTED_EDGE('',*,*,#6870,.T.);
#7036 = ORIENTED_EDGE('',*,*,#7037,.F.);
#7037 = EDGE_CURVE('',#7038,#6873,#7040,.T.);
#7038 = VERTEX_POINT('',#7039);
#7039 = CARTESIAN_POINT('',(65.,52.5,552.05424868893));
#7040 = SURFACE_CURVE('',#7041,(#7045,#7051),.PCURVE_S1.);
#7041 = LINE('',#7042,#7043);
#7042 = CARTESIAN_POINT('',(65.,52.5,552.05424868893));
#7043 = VECTOR('',#7044,1.);
#7044 = DIRECTION('',(0.,1.,0.));
#7045 = PCURVE('',#6893,#7046);
#7046 = DEFINITIONAL_REPRESENTATION('',(#7047),#7050);
#7047 = B_SPLINE_CURVE_WITH_KNOTS('',1,(#7048,#7049),.UNSPECIFIED.,.F.,
  .F.,(2,2),(-5.999999999062E-07,4.),.PIECEWISE_BEZIER_KNOTS.);
#7048 = CARTESIAN_POINT('',(126.05424868893,-34.4999994));
#7049 = CARTESIAN_POINT('',(126.05424868893,-38.5));
#7050 = ( GEOMETRIC_REPRESENTATION_CONTEXT(2) 
PARAMETRIC_REPRESENTATION_CONTEXT() REPRESENTATION_CONTEXT('2D SPACE',''
  ) );
#7051 = PCURVE('',#6972,#7052);
#7052 = DEFINITIONAL_REPRESENTATION('',(#7053),#7056);
#7053 = B_SPLINE_CURVE_WITH_KNOTS('',1,(#7054,#7055),.UNSPECIFIED.,.F.,
  .F.,(2,2),(-5.999999999062E-07,4.),.PIECEWISE_BEZIER_KNOTS.);
#7054 = CARTESIAN_POINT('',(3.989654732571,-5.999999999062E-07));
#7055 = CARTESIAN_POINT('',(3.989654732571,4.));
#7056 = ( GEOMETRIC_REPRESENTATION_CONTEXT(2) 
PARAMETRIC_REPRESENTATION_CONTEXT() REPRESENTATION_CONTEXT('2D SPACE',''
  ) );
#7057 = ORIENTED_EDGE('',*,*,#7058,.T.);
#7058 = EDGE_CURVE('',#7038,#7059,#7061,.T.);
#7059 = VERTEX_POINT('',#7060);
#7060 = CARTESIAN_POINT('',(65.,52.5,557.34575131106));
#7061 = SURFACE_CURVE('',#7062,(#7066,#7072),.PCURVE_S1.);
#7062 = LINE('',#7063,#7064);
#7063 = CARTESIAN_POINT('',(65.,52.5,490.35));
#7064 = VECTOR('',#7065,1.);
#7065 = DIRECTION('',(0.,0.,1.));
#7066 = PCURVE('',#6893,#7067);
#7067 = DEFINITIONAL_REPRESENTATION('',(#7068),#7071);
#7068 = B_SPLINE_CURVE_WITH_KNOTS('',1,(#7069,#7070),.UNSPECIFIED.,.F.,
  .F.,(2,2),(60.35,68.35),.PIECEWISE_BEZIER_KNOTS.);
#7069 = CARTESIAN_POINT('',(124.7,-34.5));
#7070 = CARTESIAN_POINT('',(132.7,-34.5));
#7071 = ( GEOMETRIC_REPRESENTATION_CONTEXT(2) 
PARAMETRIC_REPRESENTATION_CONTEXT() REPRESENTATION_CONTEXT('2D SPACE',''
  ) );
#7072 = PCURVE('',#7073,#7078);
#7073 = PLANE('',#7074);
#7074 = AXIS2_PLACEMENT_3D('',#7075,#7076,#7077);
#7075 = CARTESIAN_POINT('',(68.,52.5,554.7));
#7076 = DIRECTION('',(0.,1.,0.));
#7077 = DIRECTION('',(0.,-0.,1.));
#7078 = DEFINITIONAL_REPRESENTATION('',(#7079),#7082);
#7079 = B_SPLINE_CURVE_WITH_KNOTS('',1,(#7080,#7081),.UNSPECIFIED.,.F.,
  .F.,(2,2),(60.35,68.35),.PIECEWISE_BEZIER_KNOTS.);
#7080 = CARTESIAN_POINT('',(-4.,-3.));
#7081 = CARTESIAN_POINT('',(4.,-3.));
#7082 = ( GEOMETRIC_REPRESENTATION_CONTEXT(2) 
PARAMETRIC_REPRESENTATION_CONTEXT() REPRESENTATION_CONTEXT('2D SPACE',''
  ) );
#7083 = ORIENTED_EDGE('',*,*,#7084,.T.);
#7084 = EDGE_CURVE('',#7059,#6935,#7085,.T.);
#7085 = SURFACE_CURVE('',#7086,(#7090,#7096),.PCURVE_S1.);
#7086 = LINE('',#7087,#7088);
#7087 = CARTESIAN_POINT('',(65.,52.5,557.34575131106));
#7088 = VECTOR('',#7089,1.);
#7089 = DIRECTION('',(0.,1.,0.));
#7090 = PCURVE('',#6893,#7091);
#7091 = DEFINITIONAL_REPRESENTATION('',(#7092),#7095);
#7092 = B_SPLINE_CURVE_WITH_KNOTS('',1,(#7093,#7094),.UNSPECIFIED.,.F.,
  .F.,(2,2),(-5.999999999062E-07,4.),.PIECEWISE_BEZIER_KNOTS.);
#7093 = CARTESIAN_POINT('',(131.34575131106,-34.4999994));
#7094 = CARTESIAN_POINT('',(131.34575131106,-38.5));
#7095 = ( GEOMETRIC_REPRESENTATION_CONTEXT(2) 
PARAMETRIC_REPRESENTATION_CONTEXT() REPRESENTATION_CONTEXT('2D SPACE',''
  ) );
#7096 = PCURVE('',#6972,#7097);
#7097 = DEFINITIONAL_REPRESENTATION('',(#7098),#7101);
#7098 = B_SPLINE_CURVE_WITH_KNOTS('',1,(#7099,#7100),.UNSPECIFIED.,.F.,
  .F.,(2,2),(-5.999999999062E-07,4.),.PIECEWISE_BEZIER_KNOTS.);
#7099 = CARTESIAN_POINT('',(5.435123228198,-5.999999999062E-07));
#7100 = CARTESIAN_POINT('',(5.435123228198,4.));
#7101 = ( GEOMETRIC_REPRESENTATION_CONTEXT(2) 
PARAMETRIC_REPRESENTATION_CONTEXT() REPRESENTATION_CONTEXT('2D SPACE',''
  ) );
#7102 = ORIENTED_EDGE('',*,*,#6934,.T.);
#7103 = ORIENTED_EDGE('',*,*,#7104,.F.);
#7104 = EDGE_CURVE('',#6990,#6906,#7105,.T.);
#7105 = SURFACE_CURVE('',#7106,(#7110,#7116),.PCURVE_S1.);
#7106 = LINE('',#7107,#7108);
#7107 = CARTESIAN_POINT('',(65.,17.,558.05410196625));
#7108 = VECTOR('',#7109,1.);
#7109 = DIRECTION('',(0.,1.,0.));
#7110 = PCURVE('',#6893,#7111);
#7111 = DEFINITIONAL_REPRESENTATION('',(#7112),#7115);
#7112 = B_SPLINE_CURVE_WITH_KNOTS('',1,(#7113,#7114),.UNSPECIFIED.,.F.,
  .F.,(2,2),(-5.999999999062E-07,36.1000006),.PIECEWISE_BEZIER_KNOTS.);
#7113 = CARTESIAN_POINT('',(132.05410196625,1.0000006));
#7114 = CARTESIAN_POINT('',(132.05410196625,-35.1000006));
#7115 = ( GEOMETRIC_REPRESENTATION_CONTEXT(2) 
PARAMETRIC_REPRESENTATION_CONTEXT() REPRESENTATION_CONTEXT('2D SPACE',''
  ) );
#7116 = PCURVE('',#6922,#7117);
#7117 = DEFINITIONAL_REPRESENTATION('',(#7118),#7121);
#7118 = B_SPLINE_CURVE_WITH_KNOTS('',1,(#7119,#7120),.UNSPECIFIED.,.F.,
  .F.,(2,2),(-5.999999999062E-07,36.1000006),.PIECEWISE_BEZIER_KNOTS.);
#7119 = CARTESIAN_POINT('',(5.553457650953,-5.999999999062E-07));
#7120 = CARTESIAN_POINT('',(5.553457650953,36.1000006));
#7121 = ( GEOMETRIC_REPRESENTATION_CONTEXT(2) 
PARAMETRIC_REPRESENTATION_CONTEXT() REPRESENTATION_CONTEXT('2D SPACE',''
  ) );
#7122 = ADVANCED_FACE('',(#7123),#6972,.F.);
#7123 = FACE_BOUND('',#7124,.F.);
#7124 = EDGE_LOOP('',(#7125,#7149,#7172,#7199,#7200,#7222,#7223,#7224));
#7125 = ORIENTED_EDGE('',*,*,#7126,.T.);
#7126 = EDGE_CURVE('',#7059,#7127,#7129,.T.);
#7127 = VERTEX_POINT('',#7128);
#7128 = CARTESIAN_POINT('',(68.,52.5,558.7));
#7129 = SURFACE_CURVE('',#7130,(#7135,#7142),.PCURVE_S1.);
#7130 = CIRCLE('',#7131,4.);
#7131 = AXIS2_PLACEMENT_3D('',#7132,#7133,#7134);
#7132 = CARTESIAN_POINT('',(68.,52.5,554.7));
#7133 = DIRECTION('',(0.,1.,0.));
#7134 = DIRECTION('',(0.,-0.,1.));
#7135 = PCURVE('',#6972,#7136);
#7136 = DEFINITIONAL_REPRESENTATION('',(#7137),#7141);
#7137 = LINE('',#7138,#7139);
#7138 = CARTESIAN_POINT('',(0.,0.));
#7139 = VECTOR('',#7140,1.);
#7140 = DIRECTION('',(1.,0.));
#7141 = ( GEOMETRIC_REPRESENTATION_CONTEXT(2) 
PARAMETRIC_REPRESENTATION_CONTEXT() REPRESENTATION_CONTEXT('2D SPACE',''
  ) );
#7142 = PCURVE('',#7073,#7143);
#7143 = DEFINITIONAL_REPRESENTATION('',(#7144),#7148);
#7144 = CIRCLE('',#7145,4.);
#7145 = AXIS2_PLACEMENT_2D('',#7146,#7147);
#7146 = CARTESIAN_POINT('',(0.,0.));
#7147 = DIRECTION('',(1.,0.));
#7148 = ( GEOMETRIC_REPRESENTATION_CONTEXT(2) 
PARAMETRIC_REPRESENTATION_CONTEXT() REPRESENTATION_CONTEXT('2D SPACE',''
  ) );
#7149 = ORIENTED_EDGE('',*,*,#7150,.T.);
#7150 = EDGE_CURVE('',#7127,#7151,#7153,.T.);
#7151 = VERTEX_POINT('',#7152);
#7152 = CARTESIAN_POINT('',(68.,53.1,558.7));
#7153 = SEAM_CURVE('',#7154,(#7158,#7165),.PCURVE_S1.);
#7154 = LINE('',#7155,#7156);
#7155 = CARTESIAN_POINT('',(68.,52.5,558.7));
#7156 = VECTOR('',#7157,1.);
#7157 = DIRECTION('',(0.,1.,0.));
#7158 = PCURVE('',#6972,#7159);
#7159 = DEFINITIONAL_REPRESENTATION('',(#7160),#7164);
#7160 = LINE('',#7161,#7162);
#7161 = CARTESIAN_POINT('',(0.,-0.));
#7162 = VECTOR('',#7163,1.);
#7163 = DIRECTION('',(0.,1.));
#7164 = ( GEOMETRIC_REPRESENTATION_CONTEXT(2) 
PARAMETRIC_REPRESENTATION_CONTEXT() REPRESENTATION_CONTEXT('2D SPACE',''
  ) );
#7165 = PCURVE('',#6972,#7166);
#7166 = DEFINITIONAL_REPRESENTATION('',(#7167),#7171);
#7167 = LINE('',#7168,#7169);
#7168 = CARTESIAN_POINT('',(6.28318530718,-0.));
#7169 = VECTOR('',#7170,1.);
#7170 = DIRECTION('',(0.,1.));
#7171 = ( GEOMETRIC_REPRESENTATION_CONTEXT(2) 
PARAMETRIC_REPRESENTATION_CONTEXT() REPRESENTATION_CONTEXT('2D SPACE',''
  ) );
#7172 = ORIENTED_EDGE('',*,*,#7173,.F.);
#7173 = EDGE_CURVE('',#7151,#7151,#7174,.T.);
#7174 = SURFACE_CURVE('',#7175,(#7180,#7187),.PCURVE_S1.);
#7175 = CIRCLE('',#7176,4.);
#7176 = AXIS2_PLACEMENT_3D('',#7177,#7178,#7179);
#7177 = CARTESIAN_POINT('',(68.,53.1,554.7));
#7178 = DIRECTION('',(0.,1.,0.));
#7179 = DIRECTION('',(0.,-0.,1.));
#7180 = PCURVE('',#6972,#7181);
#7181 = DEFINITIONAL_REPRESENTATION('',(#7182),#7186);
#7182 = LINE('',#7183,#7184);
#7183 = CARTESIAN_POINT('',(0.,0.6));
#7184 = VECTOR('',#7185,1.);
#7185 = DIRECTION('',(1.,0.));
#7186 = ( GEOMETRIC_REPRESENTATION_CONTEXT(2) 
PARAMETRIC_REPRESENTATION_CONTEXT() REPRESENTATION_CONTEXT('2D SPACE',''
  ) );
#7187 = PCURVE('',#7188,#7193);
#7188 = CYLINDRICAL_SURFACE('',#7189,4.);
#7189 = AXIS2_PLACEMENT_3D('',#7190,#7191,#7192);
#7190 = CARTESIAN_POINT('',(68.,52.5,554.7));
#7191 = DIRECTION('',(0.,1.,0.));
#7192 = DIRECTION('',(0.,-0.,1.));
#7193 = DEFINITIONAL_REPRESENTATION('',(#7194),#7198);
#7194 = LINE('',#7195,#7196);
#7195 = CARTESIAN_POINT('',(0.,0.6));
#7196 = VECTOR('',#7197,1.);
#7197 = DIRECTION('',(1.,0.));
#7198 = ( GEOMETRIC_REPRESENTATION_CONTEXT(2) 
PARAMETRIC_REPRESENTATION_CONTEXT() REPRESENTATION_CONTEXT('2D SPACE',''
  ) );
#7199 = ORIENTED_EDGE('',*,*,#7150,.F.);
#7200 = ORIENTED_EDGE('',*,*,#7201,.T.);
#7201 = EDGE_CURVE('',#7127,#7038,#7202,.T.);
#7202 = SURFACE_CURVE('',#7203,(#7208,#7215),.PCURVE_S1.);
#7203 = CIRCLE('',#7204,4.);
#7204 = AXIS2_PLACEMENT_3D('',#7205,#7206,#7207);
#7205 = CARTESIAN_POINT('',(68.,52.5,554.7));
#7206 = DIRECTION('',(0.,1.,0.));
#7207 = DIRECTION('',(0.,-0.,1.));
#7208 = PCURVE('',#6972,#7209);
#7209 = DEFINITIONAL_REPRESENTATION('',(#7210),#7214);
#7210 = LINE('',#7211,#7212);
#7211 = CARTESIAN_POINT('',(0.,0.));
#7212 = VECTOR('',#7213,1.);
#7213 = DIRECTION('',(1.,0.));
#7214 = ( GEOMETRIC_REPRESENTATION_CONTEXT(2) 
PARAMETRIC_REPRESENTATION_CONTEXT() REPRESENTATION_CONTEXT('2D SPACE',''
  ) );
#7215 = PCURVE('',#7073,#7216);
#7216 = DEFINITIONAL_REPRESENTATION('',(#7217),#7221);
#7217 = CIRCLE('',#7218,4.);
#7218 = AXIS2_PLACEMENT_2D('',#7219,#7220);
#7219 = CARTESIAN_POINT('',(0.,0.));
#7220 = DIRECTION('',(1.,0.));
#7221 = ( GEOMETRIC_REPRESENTATION_CONTEXT(2) 
PARAMETRIC_REPRESENTATION_CONTEXT() REPRESENTATION_CONTEXT('2D SPACE',''
  ) );
#7222 = ORIENTED_EDGE('',*,*,#7037,.T.);
#7223 = ORIENTED_EDGE('',*,*,#6957,.T.);
#7224 = ORIENTED_EDGE('',*,*,#7084,.F.);
#7225 = ADVANCED_FACE('',(#7226),#7188,.F.);
#7226 = FACE_BOUND('',#7227,.F.);
#7227 = EDGE_LOOP('',(#7228,#7229,#7252,#7279));
#7228 = ORIENTED_EDGE('',*,*,#7173,.T.);
#7229 = ORIENTED_EDGE('',*,*,#7230,.T.);
#7230 = EDGE_CURVE('',#7151,#7231,#7233,.T.);
#7231 = VERTEX_POINT('',#7232);
#7232 = CARTESIAN_POINT('',(68.,57.5,558.7));
#7233 = SEAM_CURVE('',#7234,(#7238,#7245),.PCURVE_S1.);
#7234 = LINE('',#7235,#7236);
#7235 = CARTESIAN_POINT('',(68.,52.5,558.7));
#7236 = VECTOR('',#7237,1.);
#7237 = DIRECTION('',(0.,1.,0.));
#7238 = PCURVE('',#7188,#7239);
#7239 = DEFINITIONAL_REPRESENTATION('',(#7240),#7244);
#7240 = LINE('',#7241,#7242);
#7241 = CARTESIAN_POINT('',(0.,-0.));
#7242 = VECTOR('',#7243,1.);
#7243 = DIRECTION('',(0.,1.));
#7244 = ( GEOMETRIC_REPRESENTATION_CONTEXT(2) 
PARAMETRIC_REPRESENTATION_CONTEXT() REPRESENTATION_CONTEXT('2D SPACE',''
  ) );
#7245 = PCURVE('',#7188,#7246);
#7246 = DEFINITIONAL_REPRESENTATION('',(#7247),#7251);
#7247 = LINE('',#7248,#7249);
#7248 = CARTESIAN_POINT('',(6.28318530718,-0.));
#7249 = VECTOR('',#7250,1.);
#7250 = DIRECTION('',(0.,1.));
#7251 = ( GEOMETRIC_REPRESENTATION_CONTEXT(2) 
PARAMETRIC_REPRESENTATION_CONTEXT() REPRESENTATION_CONTEXT('2D SPACE',''
  ) );
#7252 = ORIENTED_EDGE('',*,*,#7253,.F.);
#7253 = EDGE_CURVE('',#7231,#7231,#7254,.T.);
#7254 = SURFACE_CURVE('',#7255,(#7260,#7267),.PCURVE_S1.);
#7255 = CIRCLE('',#7256,4.);
#7256 = AXIS2_PLACEMENT_3D('',#7257,#7258,#7259);
#7257 = CARTESIAN_POINT('',(68.,57.5,554.7));
#7258 = DIRECTION('',(0.,1.,0.));
#7259 = DIRECTION('',(0.,-0.,1.));
#7260 = PCURVE('',#7188,#7261);
#7261 = DEFINITIONAL_REPRESENTATION('',(#7262),#7266);
#7262 = LINE('',#7263,#7264);
#7263 = CARTESIAN_POINT('',(0.,5.));
#7264 = VECTOR('',#7265,1.);
#7265 = DIRECTION('',(1.,0.));
#7266 = ( GEOMETRIC_REPRESENTATION_CONTEXT(2) 
PARAMETRIC_REPRESENTATION_CONTEXT() REPRESENTATION_CONTEXT('2D SPACE',''
  ) );
#7267 = PCURVE('',#7268,#7273);
#7268 = PLANE('',#7269);
#7269 = AXIS2_PLACEMENT_3D('',#7270,#7271,#7272);
#7270 = CARTESIAN_POINT('',(68.,57.5,554.7));
#7271 = DIRECTION('',(0.,1.,0.));
#7272 = DIRECTION('',(0.,-0.,1.));
#7273 = DEFINITIONAL_REPRESENTATION('',(#7274),#7278);
#7274 = CIRCLE('',#7275,4.);
#7275 = AXIS2_PLACEMENT_2D('',#7276,#7277);
#7276 = CARTESIAN_POINT('',(0.,0.));
#7277 = DIRECTION('',(1.,0.));
#7278 = ( GEOMETRIC_REPRESENTATION_CONTEXT(2) 
PARAMETRIC_REPRESENTATION_CONTEXT() REPRESENTATION_CONTEXT('2D SPACE',''
  ) );
#7279 = ORIENTED_EDGE('',*,*,#7230,.F.);
#7280 = ADVANCED_FACE('',(#7281),#6922,.T.);
#7281 = FACE_BOUND('',#7282,.T.);
#7282 = EDGE_LOOP('',(#7283,#7308,#7335,#7336,#7358,#7359,#7360,#7361));
#7283 = ORIENTED_EDGE('',*,*,#7284,.T.);
#7284 = EDGE_CURVE('',#7285,#7287,#7289,.T.);
#7285 = VERTEX_POINT('',#7286);
#7286 = CARTESIAN_POINT('',(68.,18.,559.2));
#7287 = VERTEX_POINT('',#7288);
#7288 = CARTESIAN_POINT('',(68.,53.1,559.2));
#7289 = SEAM_CURVE('',#7290,(#7294,#7301),.PCURVE_S1.);
#7290 = LINE('',#7291,#7292);
#7291 = CARTESIAN_POINT('',(68.,17.,559.2));
#7292 = VECTOR('',#7293,1.);
#7293 = DIRECTION('',(0.,1.,0.));
#7294 = PCURVE('',#6922,#7295);
#7295 = DEFINITIONAL_REPRESENTATION('',(#7296),#7300);
#7296 = LINE('',#7297,#7298);
#7297 = CARTESIAN_POINT('',(6.28318530718,-0.));
#7298 = VECTOR('',#7299,1.);
#7299 = DIRECTION('',(0.,1.));
#7300 = ( GEOMETRIC_REPRESENTATION_CONTEXT(2) 
PARAMETRIC_REPRESENTATION_CONTEXT() REPRESENTATION_CONTEXT('2D SPACE',''
  ) );
#7301 = PCURVE('',#6922,#7302);
#7302 = DEFINITIONAL_REPRESENTATION('',(#7303),#7307);
#7303 = LINE('',#7304,#7305);
#7304 = CARTESIAN_POINT('',(0.,-0.));
#7305 = VECTOR('',#7306,1.);
#7306 = DIRECTION('',(0.,1.));
#7307 = ( GEOMETRIC_REPRESENTATION_CONTEXT(2) 
PARAMETRIC_REPRESENTATION_CONTEXT() REPRESENTATION_CONTEXT('2D SPACE',''
  ) );
#7308 = ORIENTED_EDGE('',*,*,#7309,.F.);
#7309 = EDGE_CURVE('',#7287,#7287,#7310,.T.);
#7310 = SURFACE_CURVE('',#7311,(#7316,#7323),.PCURVE_S1.);
#7311 = CIRCLE('',#7312,4.5);
#7312 = AXIS2_PLACEMENT_3D('',#7313,#7314,#7315);
#7313 = CARTESIAN_POINT('',(68.,53.1,554.7));
#7314 = DIRECTION('',(0.,1.,0.));
#7315 = DIRECTION('',(0.,-0.,1.));
#7316 = PCURVE('',#6922,#7317);
#7317 = DEFINITIONAL_REPRESENTATION('',(#7318),#7322);
#7318 = LINE('',#7319,#7320);
#7319 = CARTESIAN_POINT('',(0.,36.1));
#7320 = VECTOR('',#7321,1.);
#7321 = DIRECTION('',(1.,0.));
#7322 = ( GEOMETRIC_REPRESENTATION_CONTEXT(2) 
PARAMETRIC_REPRESENTATION_CONTEXT() REPRESENTATION_CONTEXT('2D SPACE',''
  ) );
#7323 = PCURVE('',#7324,#7329);
#7324 = PLANE('',#7325);
#7325 = AXIS2_PLACEMENT_3D('',#7326,#7327,#7328);
#7326 = CARTESIAN_POINT('',(68.,53.1,554.7));
#7327 = DIRECTION('',(0.,1.,0.));
#7328 = DIRECTION('',(0.,-0.,1.));
#7329 = DEFINITIONAL_REPRESENTATION('',(#7330),#7334);
#7330 = CIRCLE('',#7331,4.5);
#7331 = AXIS2_PLACEMENT_2D('',#7332,#7333);
#7332 = CARTESIAN_POINT('',(0.,0.));
#7333 = DIRECTION('',(1.,0.));
#7334 = ( GEOMETRIC_REPRESENTATION_CONTEXT(2) 
PARAMETRIC_REPRESENTATION_CONTEXT() REPRESENTATION_CONTEXT('2D SPACE',''
  ) );
#7335 = ORIENTED_EDGE('',*,*,#7284,.F.);
#7336 = ORIENTED_EDGE('',*,*,#7337,.T.);
#7337 = EDGE_CURVE('',#7285,#6988,#7338,.T.);
#7338 = SURFACE_CURVE('',#7339,(#7344,#7351),.PCURVE_S1.);
#7339 = CIRCLE('',#7340,4.5);
#7340 = AXIS2_PLACEMENT_3D('',#7341,#7342,#7343);
#7341 = CARTESIAN_POINT('',(68.,18.,554.7));
#7342 = DIRECTION('',(0.,1.,0.));
#7343 = DIRECTION('',(0.,-0.,1.));
#7344 = PCURVE('',#6922,#7345);
#7345 = DEFINITIONAL_REPRESENTATION('',(#7346),#7350);
#7346 = LINE('',#7347,#7348);
#7347 = CARTESIAN_POINT('',(0.,1.));
#7348 = VECTOR('',#7349,1.);
#7349 = DIRECTION('',(1.,0.));
#7350 = ( GEOMETRIC_REPRESENTATION_CONTEXT(2) 
PARAMETRIC_REPRESENTATION_CONTEXT() REPRESENTATION_CONTEXT('2D SPACE',''
  ) );
#7351 = PCURVE('',#7005,#7352);
#7352 = DEFINITIONAL_REPRESENTATION('',(#7353),#7357);
#7353 = CIRCLE('',#7354,4.5);
#7354 = AXIS2_PLACEMENT_2D('',#7355,#7356);
#7355 = CARTESIAN_POINT('',(128.7,3.));
#7356 = DIRECTION('',(1.,0.));
#7357 = ( GEOMETRIC_REPRESENTATION_CONTEXT(2) 
PARAMETRIC_REPRESENTATION_CONTEXT() REPRESENTATION_CONTEXT('2D SPACE',''
  ) );
#7358 = ORIENTED_EDGE('',*,*,#7017,.T.);
#7359 = ORIENTED_EDGE('',*,*,#6905,.T.);
#7360 = ORIENTED_EDGE('',*,*,#7104,.F.);
#7361 = ORIENTED_EDGE('',*,*,#7362,.T.);
#7362 = EDGE_CURVE('',#6990,#7285,#7363,.T.);
#7363 = SURFACE_CURVE('',#7364,(#7369,#7376),.PCURVE_S1.);
#7364 = CIRCLE('',#7365,4.5);
#7365 = AXIS2_PLACEMENT_3D('',#7366,#7367,#7368);
#7366 = CARTESIAN_POINT('',(68.,18.,554.7));
#7367 = DIRECTION('',(0.,1.,0.));
#7368 = DIRECTION('',(0.,-0.,1.));
#7369 = PCURVE('',#6922,#7370);
#7370 = DEFINITIONAL_REPRESENTATION('',(#7371),#7375);
#7371 = LINE('',#7372,#7373);
#7372 = CARTESIAN_POINT('',(0.,1.));
#7373 = VECTOR('',#7374,1.);
#7374 = DIRECTION('',(1.,0.));
#7375 = ( GEOMETRIC_REPRESENTATION_CONTEXT(2) 
PARAMETRIC_REPRESENTATION_CONTEXT() REPRESENTATION_CONTEXT('2D SPACE',''
  ) );
#7376 = PCURVE('',#7005,#7377);
#7377 = DEFINITIONAL_REPRESENTATION('',(#7378),#7382);
#7378 = CIRCLE('',#7379,4.5);
#7379 = AXIS2_PLACEMENT_2D('',#7380,#7381);
#7380 = CARTESIAN_POINT('',(128.7,3.));
#7381 = DIRECTION('',(1.,0.));
#7382 = ( GEOMETRIC_REPRESENTATION_CONTEXT(2) 
PARAMETRIC_REPRESENTATION_CONTEXT() REPRESENTATION_CONTEXT('2D SPACE',''
  ) );
#7383 = ADVANCED_FACE('',(#7384),#7005,.F.);
#7384 = FACE_BOUND('',#7385,.F.);
#7385 = EDGE_LOOP('',(#7386,#7387,#7388));
#7386 = ORIENTED_EDGE('',*,*,#6987,.T.);
#7387 = ORIENTED_EDGE('',*,*,#7362,.T.);
#7388 = ORIENTED_EDGE('',*,*,#7337,.T.);
#7389 = ADVANCED_FACE('',(#7390,#7395),#7073,.T.);
#7390 = FACE_BOUND('',#7391,.T.);
#7391 = EDGE_LOOP('',(#7392,#7393,#7394));
#7392 = ORIENTED_EDGE('',*,*,#7126,.T.);
#7393 = ORIENTED_EDGE('',*,*,#7201,.T.);
#7394 = ORIENTED_EDGE('',*,*,#7058,.T.);
#7395 = FACE_BOUND('',#7396,.T.);
#7396 = EDGE_LOOP('',(#7397));
#7397 = ORIENTED_EDGE('',*,*,#7398,.F.);
#7398 = EDGE_CURVE('',#7399,#7399,#7401,.T.);
#7399 = VERTEX_POINT('',#7400);
#7400 = CARTESIAN_POINT('',(68.,52.5,556.95));
#7401 = SURFACE_CURVE('',#7402,(#7407,#7414),.PCURVE_S1.);
#7402 = CIRCLE('',#7403,2.25);
#7403 = AXIS2_PLACEMENT_3D('',#7404,#7405,#7406);
#7404 = CARTESIAN_POINT('',(68.,52.5,554.7));
#7405 = DIRECTION('',(0.,1.,0.));
#7406 = DIRECTION('',(0.,-0.,1.));
#7407 = PCURVE('',#7073,#7408);
#7408 = DEFINITIONAL_REPRESENTATION('',(#7409),#7413);
#7409 = CIRCLE('',#7410,2.25);
#7410 = AXIS2_PLACEMENT_2D('',#7411,#7412);
#7411 = CARTESIAN_POINT('',(0.,0.));
#7412 = DIRECTION('',(1.,0.));
#7413 = ( GEOMETRIC_REPRESENTATION_CONTEXT(2) 
PARAMETRIC_REPRESENTATION_CONTEXT() REPRESENTATION_CONTEXT('2D SPACE',''
  ) );
#7414 = PCURVE('',#7415,#7420);
#7415 = PLANE('',#7416);
#7416 = AXIS2_PLACEMENT_3D('',#7417,#7418,#7419);
#7417 = CARTESIAN_POINT('',(68.,52.5,554.7));
#7418 = DIRECTION('',(0.,1.,0.));
#7419 = DIRECTION('',(0.,-0.,1.));
#7420 = DEFINITIONAL_REPRESENTATION('',(#7421),#7425);
#7421 = CIRCLE('',#7422,2.25);
#7422 = AXIS2_PLACEMENT_2D('',#7423,#7424);
#7423 = CARTESIAN_POINT('',(0.,0.));
#7424 = DIRECTION('',(1.,0.));
#7425 = ( GEOMETRIC_REPRESENTATION_CONTEXT(2) 
PARAMETRIC_REPRESENTATION_CONTEXT() REPRESENTATION_CONTEXT('2D SPACE',''
  ) );
#7426 = ADVANCED_FACE('',(#7427),#7415,.T.);
#7427 = FACE_BOUND('',#7428,.F.);
#7428 = EDGE_LOOP('',(#7429));
#7429 = ORIENTED_EDGE('',*,*,#7398,.F.);
#7430 = ADVANCED_FACE('',(#7431,#7434),#7268,.F.);
#7431 = FACE_BOUND('',#7432,.F.);
#7432 = EDGE_LOOP('',(#7433));
#7433 = ORIENTED_EDGE('',*,*,#7253,.T.);
#7434 = FACE_BOUND('',#7435,.F.);
#7435 = EDGE_LOOP('',(#7436));
#7436 = ORIENTED_EDGE('',*,*,#7437,.F.);
#7437 = EDGE_CURVE('',#7438,#7438,#7440,.T.);
#7438 = VERTEX_POINT('',#7439);
#7439 = CARTESIAN_POINT('',(68.,57.5,556.95));
#7440 = SURFACE_CURVE('',#7441,(#7446,#7453),.PCURVE_S1.);
#7441 = CIRCLE('',#7442,2.25);
#7442 = AXIS2_PLACEMENT_3D('',#7443,#7444,#7445);
#7443 = CARTESIAN_POINT('',(68.,57.5,554.7));
#7444 = DIRECTION('',(0.,1.,0.));
#7445 = DIRECTION('',(0.,-0.,1.));
#7446 = PCURVE('',#7268,#7447);
#7447 = DEFINITIONAL_REPRESENTATION('',(#7448),#7452);
#7448 = CIRCLE('',#7449,2.25);
#7449 = AXIS2_PLACEMENT_2D('',#7450,#7451);
#7450 = CARTESIAN_POINT('',(0.,0.));
#7451 = DIRECTION('',(1.,0.));
#7452 = ( GEOMETRIC_REPRESENTATION_CONTEXT(2) 
PARAMETRIC_REPRESENTATION_CONTEXT() REPRESENTATION_CONTEXT('2D SPACE',''
  ) );
#7453 = PCURVE('',#7454,#7459);
#7454 = PLANE('',#7455);
#7455 = AXIS2_PLACEMENT_3D('',#7456,#7457,#7458);
#7456 = CARTESIAN_POINT('',(68.,57.5,554.7));
#7457 = DIRECTION('',(0.,1.,0.));
#7458 = DIRECTION('',(0.,-0.,1.));
#7459 = DEFINITIONAL_REPRESENTATION('',(#7460),#7464);
#7460 = CIRCLE('',#7461,2.25);
#7461 = AXIS2_PLACEMENT_2D('',#7462,#7463);
#7462 = CARTESIAN_POINT('',(0.,0.));
#7463 = DIRECTION('',(1.,0.));
#7464 = ( GEOMETRIC_REPRESENTATION_CONTEXT(2) 
PARAMETRIC_REPRESENTATION_CONTEXT() REPRESENTATION_CONTEXT('2D SPACE',''
  ) );
#7465 = ADVANCED_FACE('',(#7466),#7454,.F.);
#7466 = FACE_BOUND('',#7467,.F.);
#7467 = EDGE_LOOP('',(#7468));
#7468 = ORIENTED_EDGE('',*,*,#7437,.T.);
#7469 = ADVANCED_FACE('',(#7470,#7473),#7324,.T.);
#7470 = FACE_BOUND('',#7471,.T.);
#7471 = EDGE_LOOP('',(#7472));
#7472 = ORIENTED_EDGE('',*,*,#7309,.T.);
#7473 = FACE_BOUND('',#7474,.T.);
#7474 = EDGE_LOOP('',(#7475));
#7475 = ORIENTED_EDGE('',*,*,#7173,.F.);
#7476 = ADVANCED_FACE('',(#7477),#7480,.T.);
#7477 = FACE_BOUND('',#7478,.T.);
#7478 = EDGE_LOOP('',(#7479));
#7479 = ORIENTED_EDGE('',*,*,#7173,.T.);
#7480 = PLANE('',#7481);
#7481 = AXIS2_PLACEMENT_3D('',#7482,#7483,#7484);
#7482 = CARTESIAN_POINT('',(68.,53.1,554.7));
#7483 = DIRECTION('',(0.,1.,0.));
#7484 = DIRECTION('',(0.,-0.,1.));
#7485 = ( GEOMETRIC_REPRESENTATION_CONTEXT(3) 
GLOBAL_UNCERTAINTY_ASSIGNED_CONTEXT((#7489)) 
GLOBAL_UNIT_ASSIGNED_CONTEXT((#7486,#7487,#7488)) REPRESENTATION_CONTEXT
('Context #1','3D Context with UNIT and UNCERTAINTY') );
#7486 = ( LENGTH_UNIT() NAMED_UNIT(*) SI_UNIT(.MILLI.,.METRE.) );
#7487 = ( NAMED_UNIT(*) PLANE_ANGLE_UNIT() SI_UNIT($,.RADIAN.) );
#7488 = ( NAMED_UNIT(*) SI_UNIT($,.STERADIAN.) SOLID_ANGLE_UNIT() );
#7489 = UNCERTAINTY_MEASURE_WITH_UNIT(LENGTH_MEASURE(1.E-07),#7486,
  'distance_accuracy_value','confusion accuracy');
#7490 = CONTEXT_DEPENDENT_SHAPE_REPRESENTATION(#7491,#7493);
#7491 = ( REPRESENTATION_RELATIONSHIP('','',#6863,#10) 
REPRESENTATION_RELATIONSHIP_WITH_TRANSFORMATION(#7492) 
SHAPE_REPRESENTATION_RELATIONSHIP() );
#7492 = ITEM_DEFINED_TRANSFORMATION('','',#11,#31);
#7493 = PRODUCT_DEFINITION_SHAPE('Placement','Placement of an item',
  #7494);
#7494 = NEXT_ASSEMBLY_USAGE_OCCURRENCE('10','','',#5,#6858,$);
#7495 = PRODUCT_RELATED_PRODUCT_CATEGORY('part',$,(#6860));
#7496 = SHAPE_DEFINITION_REPRESENTATION(#7497,#7503);
#7497 = PRODUCT_DEFINITION_SHAPE('','',#7498);
#7498 = PRODUCT_DEFINITION('design','',#7499,#7502);
#7499 = PRODUCT_DEFINITION_FORMATION('','',#7500);
#7500 = PRODUCT('Open CASCADE STEP translator 7.9 16.6',
  'Open CASCADE STEP translator 7.9 16.6','',(#7501));
#7501 = PRODUCT_CONTEXT('',#2,'mechanical');
#7502 = PRODUCT_DEFINITION_CONTEXT('part definition',#2,'design');
#7503 = ADVANCED_BREP_SHAPE_REPRESENTATION('',(#11,#7504),#7692);
#7504 = MANIFOLD_SOLID_BREP('',#7505);
#7505 = CLOSED_SHELL('',(#7506,#7594,#7629,#7633,#7688));
#7506 = ADVANCED_FACE('',(#7507),#7520,.F.);
#7507 = FACE_BOUND('',#7508,.F.);
#7508 = EDGE_LOOP('',(#7509,#7543,#7566,#7593));
#7509 = ORIENTED_EDGE('',*,*,#7510,.F.);
#7510 = EDGE_CURVE('',#7511,#7511,#7513,.T.);
#7511 = VERTEX_POINT('',#7512);
#7512 = CARTESIAN_POINT('',(68.,57.5,450.95));
#7513 = SURFACE_CURVE('',#7514,(#7519,#7531),.PCURVE_S1.);
#7514 = CIRCLE('',#7515,2.25);
#7515 = AXIS2_PLACEMENT_3D('',#7516,#7517,#7518);
#7516 = CARTESIAN_POINT('',(68.,57.5,448.7));
#7517 = DIRECTION('',(0.,1.,0.));
#7518 = DIRECTION('',(0.,-0.,1.));
#7519 = PCURVE('',#7520,#7525);
#7520 = CYLINDRICAL_SURFACE('',#7521,2.25);
#7521 = AXIS2_PLACEMENT_3D('',#7522,#7523,#7524);
#7522 = CARTESIAN_POINT('',(68.,52.5,448.7));
#7523 = DIRECTION('',(0.,1.,0.));
#7524 = DIRECTION('',(0.,-0.,1.));
#7525 = DEFINITIONAL_REPRESENTATION('',(#7526),#7530);
#7526 = LINE('',#7527,#7528);
#7527 = CARTESIAN_POINT('',(0.,5.));
#7528 = VECTOR('',#7529,1.);
#7529 = DIRECTION('',(1.,0.));
#7530 = ( GEOMETRIC_REPRESENTATION_CONTEXT(2) 
PARAMETRIC_REPRESENTATION_CONTEXT() REPRESENTATION_CONTEXT('2D SPACE',''
  ) );
#7531 = PCURVE('',#7532,#7537);
#7532 = PLANE('',#7533);
#7533 = AXIS2_PLACEMENT_3D('',#7534,#7535,#7536);
#7534 = CARTESIAN_POINT('',(68.,57.5,448.7));
#7535 = DIRECTION('',(0.,1.,0.));
#7536 = DIRECTION('',(0.,-0.,1.));
#7537 = DEFINITIONAL_REPRESENTATION('',(#7538),#7542);
#7538 = CIRCLE('',#7539,2.25);
#7539 = AXIS2_PLACEMENT_2D('',#7540,#7541);
#7540 = CARTESIAN_POINT('',(0.,0.));
#7541 = DIRECTION('',(1.,0.));
#7542 = ( GEOMETRIC_REPRESENTATION_CONTEXT(2) 
PARAMETRIC_REPRESENTATION_CONTEXT() REPRESENTATION_CONTEXT('2D SPACE',''
  ) );
#7543 = ORIENTED_EDGE('',*,*,#7544,.F.);
#7544 = EDGE_CURVE('',#7545,#7511,#7547,.T.);
#7545 = VERTEX_POINT('',#7546);
#7546 = CARTESIAN_POINT('',(68.,52.5,450.95));
#7547 = SEAM_CURVE('',#7548,(#7552,#7559),.PCURVE_S1.);
#7548 = LINE('',#7549,#7550);
#7549 = CARTESIAN_POINT('',(68.,52.5,450.95));
#7550 = VECTOR('',#7551,1.);
#7551 = DIRECTION('',(0.,1.,0.));
#7552 = PCURVE('',#7520,#7553);
#7553 = DEFINITIONAL_REPRESENTATION('',(#7554),#7558);
#7554 = LINE('',#7555,#7556);
#7555 = CARTESIAN_POINT('',(6.28318530718,-0.));
#7556 = VECTOR('',#7557,1.);
#7557 = DIRECTION('',(0.,1.));
#7558 = ( GEOMETRIC_REPRESENTATION_CONTEXT(2) 
PARAMETRIC_REPRESENTATION_CONTEXT() REPRESENTATION_CONTEXT('2D SPACE',''
  ) );
#7559 = PCURVE('',#7520,#7560);
#7560 = DEFINITIONAL_REPRESENTATION('',(#7561),#7565);
#7561 = LINE('',#7562,#7563);
#7562 = CARTESIAN_POINT('',(0.,-0.));
#7563 = VECTOR('',#7564,1.);
#7564 = DIRECTION('',(0.,1.));
#7565 = ( GEOMETRIC_REPRESENTATION_CONTEXT(2) 
PARAMETRIC_REPRESENTATION_CONTEXT() REPRESENTATION_CONTEXT('2D SPACE',''
  ) );
#7566 = ORIENTED_EDGE('',*,*,#7567,.T.);
#7567 = EDGE_CURVE('',#7545,#7545,#7568,.T.);
#7568 = SURFACE_CURVE('',#7569,(#7574,#7581),.PCURVE_S1.);
#7569 = CIRCLE('',#7570,2.25);
#7570 = AXIS2_PLACEMENT_3D('',#7571,#7572,#7573);
#7571 = CARTESIAN_POINT('',(68.,52.5,448.7));
#7572 = DIRECTION('',(0.,1.,0.));
#7573 = DIRECTION('',(0.,-0.,1.));
#7574 = PCURVE('',#7520,#7575);
#7575 = DEFINITIONAL_REPRESENTATION('',(#7576),#7580);
#7576 = LINE('',#7577,#7578);
#7577 = CARTESIAN_POINT('',(0.,0.));
#7578 = VECTOR('',#7579,1.);
#7579 = DIRECTION('',(1.,0.));
#7580 = ( GEOMETRIC_REPRESENTATION_CONTEXT(2) 
PARAMETRIC_REPRESENTATION_CONTEXT() REPRESENTATION_CONTEXT('2D SPACE',''
  ) );
#7581 = PCURVE('',#7582,#7587);
#7582 = PLANE('',#7583);
#7583 = AXIS2_PLACEMENT_3D('',#7584,#7585,#7586);
#7584 = CARTESIAN_POINT('',(68.,52.5,448.7));
#7585 = DIRECTION('',(0.,1.,0.));
#7586 = DIRECTION('',(0.,-0.,1.));
#7587 = DEFINITIONAL_REPRESENTATION('',(#7588),#7592);
#7588 = CIRCLE('',#7589,2.25);
#7589 = AXIS2_PLACEMENT_2D('',#7590,#7591);
#7590 = CARTESIAN_POINT('',(0.,0.));
#7591 = DIRECTION('',(1.,0.));
#7592 = ( GEOMETRIC_REPRESENTATION_CONTEXT(2) 
PARAMETRIC_REPRESENTATION_CONTEXT() REPRESENTATION_CONTEXT('2D SPACE',''
  ) );
#7593 = ORIENTED_EDGE('',*,*,#7544,.T.);
#7594 = ADVANCED_FACE('',(#7595,#7626),#7532,.T.);
#7595 = FACE_BOUND('',#7596,.T.);
#7596 = EDGE_LOOP('',(#7597));
#7597 = ORIENTED_EDGE('',*,*,#7598,.T.);
#7598 = EDGE_CURVE('',#7599,#7599,#7601,.T.);
#7599 = VERTEX_POINT('',#7600);
#7600 = CARTESIAN_POINT('',(68.,57.5,452.7));
#7601 = SURFACE_CURVE('',#7602,(#7607,#7614),.PCURVE_S1.);
#7602 = CIRCLE('',#7603,4.);
#7603 = AXIS2_PLACEMENT_3D('',#7604,#7605,#7606);
#7604 = CARTESIAN_POINT('',(68.,57.5,448.7));
#7605 = DIRECTION('',(0.,1.,0.));
#7606 = DIRECTION('',(0.,-0.,1.));
#7607 = PCURVE('',#7532,#7608);
#7608 = DEFINITIONAL_REPRESENTATION('',(#7609),#7613);
#7609 = CIRCLE('',#7610,4.);
#7610 = AXIS2_PLACEMENT_2D('',#7611,#7612);
#7611 = CARTESIAN_POINT('',(0.,0.));
#7612 = DIRECTION('',(1.,0.));
#7613 = ( GEOMETRIC_REPRESENTATION_CONTEXT(2) 
PARAMETRIC_REPRESENTATION_CONTEXT() REPRESENTATION_CONTEXT('2D SPACE',''
  ) );
#7614 = PCURVE('',#7615,#7620);
#7615 = CYLINDRICAL_SURFACE('',#7616,4.);
#7616 = AXIS2_PLACEMENT_3D('',#7617,#7618,#7619);
#7617 = CARTESIAN_POINT('',(68.,52.5,448.7));
#7618 = DIRECTION('',(0.,1.,0.));
#7619 = DIRECTION('',(0.,-0.,1.));
#7620 = DEFINITIONAL_REPRESENTATION('',(#7621),#7625);
#7621 = LINE('',#7622,#7623);
#7622 = CARTESIAN_POINT('',(0.,5.));
#7623 = VECTOR('',#7624,1.);
#7624 = DIRECTION('',(1.,0.));
#7625 = ( GEOMETRIC_REPRESENTATION_CONTEXT(2) 
PARAMETRIC_REPRESENTATION_CONTEXT() REPRESENTATION_CONTEXT('2D SPACE',''
  ) );
#7626 = FACE_BOUND('',#7627,.T.);
#7627 = EDGE_LOOP('',(#7628));
#7628 = ORIENTED_EDGE('',*,*,#7510,.F.);
#7629 = ADVANCED_FACE('',(#7630),#7582,.T.);
#7630 = FACE_BOUND('',#7631,.F.);
#7631 = EDGE_LOOP('',(#7632));
#7632 = ORIENTED_EDGE('',*,*,#7567,.F.);
#7633 = ADVANCED_FACE('',(#7634),#7615,.T.);
#7634 = FACE_BOUND('',#7635,.T.);
#7635 = EDGE_LOOP('',(#7636,#7665,#7686,#7687));
#7636 = ORIENTED_EDGE('',*,*,#7637,.T.);
#7637 = EDGE_CURVE('',#7638,#7638,#7640,.T.);
#7638 = VERTEX_POINT('',#7639);
#7639 = CARTESIAN_POINT('',(68.,53.1,452.7));
#7640 = SURFACE_CURVE('',#7641,(#7646,#7653),.PCURVE_S1.);
#7641 = CIRCLE('',#7642,4.);
#7642 = AXIS2_PLACEMENT_3D('',#7643,#7644,#7645);
#7643 = CARTESIAN_POINT('',(68.,53.1,448.7));
#7644 = DIRECTION('',(0.,1.,0.));
#7645 = DIRECTION('',(0.,-0.,1.));
#7646 = PCURVE('',#7615,#7647);
#7647 = DEFINITIONAL_REPRESENTATION('',(#7648),#7652);
#7648 = LINE('',#7649,#7650);
#7649 = CARTESIAN_POINT('',(0.,0.6));
#7650 = VECTOR('',#7651,1.);
#7651 = DIRECTION('',(1.,0.));
#7652 = ( GEOMETRIC_REPRESENTATION_CONTEXT(2) 
PARAMETRIC_REPRESENTATION_CONTEXT() REPRESENTATION_CONTEXT('2D SPACE',''
  ) );
#7653 = PCURVE('',#7654,#7659);
#7654 = PLANE('',#7655);
#7655 = AXIS2_PLACEMENT_3D('',#7656,#7657,#7658);
#7656 = CARTESIAN_POINT('',(68.,53.1,448.7));
#7657 = DIRECTION('',(0.,1.,0.));
#7658 = DIRECTION('',(0.,-0.,1.));
#7659 = DEFINITIONAL_REPRESENTATION('',(#7660),#7664);
#7660 = CIRCLE('',#7661,4.);
#7661 = AXIS2_PLACEMENT_2D('',#7662,#7663);
#7662 = CARTESIAN_POINT('',(0.,0.));
#7663 = DIRECTION('',(1.,0.));
#7664 = ( GEOMETRIC_REPRESENTATION_CONTEXT(2) 
PARAMETRIC_REPRESENTATION_CONTEXT() REPRESENTATION_CONTEXT('2D SPACE',''
  ) );
#7665 = ORIENTED_EDGE('',*,*,#7666,.T.);
#7666 = EDGE_CURVE('',#7638,#7599,#7667,.T.);
#7667 = SEAM_CURVE('',#7668,(#7672,#7679),.PCURVE_S1.);
#7668 = LINE('',#7669,#7670);
#7669 = CARTESIAN_POINT('',(68.,52.5,452.7));
#7670 = VECTOR('',#7671,1.);
#7671 = DIRECTION('',(0.,1.,0.));
#7672 = PCURVE('',#7615,#7673);
#7673 = DEFINITIONAL_REPRESENTATION('',(#7674),#7678);
#7674 = LINE('',#7675,#7676);
#7675 = CARTESIAN_POINT('',(0.,-0.));
#7676 = VECTOR('',#7677,1.);
#7677 = DIRECTION('',(0.,1.));
#7678 = ( GEOMETRIC_REPRESENTATION_CONTEXT(2) 
PARAMETRIC_REPRESENTATION_CONTEXT() REPRESENTATION_CONTEXT('2D SPACE',''
  ) );
#7679 = PCURVE('',#7615,#7680);
#7680 = DEFINITIONAL_REPRESENTATION('',(#7681),#7685);
#7681 = LINE('',#7682,#7683);
#7682 = CARTESIAN_POINT('',(6.28318530718,-0.));
#7683 = VECTOR('',#7684,1.);
#7684 = DIRECTION('',(0.,1.));
#7685 = ( GEOMETRIC_REPRESENTATION_CONTEXT(2) 
PARAMETRIC_REPRESENTATION_CONTEXT() REPRESENTATION_CONTEXT('2D SPACE',''
  ) );
#7686 = ORIENTED_EDGE('',*,*,#7598,.F.);
#7687 = ORIENTED_EDGE('',*,*,#7666,.F.);
#7688 = ADVANCED_FACE('',(#7689),#7654,.F.);
#7689 = FACE_BOUND('',#7690,.F.);
#7690 = EDGE_LOOP('',(#7691));
#7691 = ORIENTED_EDGE('',*,*,#7637,.T.);
#7692 = ( GEOMETRIC_REPRESENTATION_CONTEXT(3) 
GLOBAL_UNCERTAINTY_ASSIGNED_CONTEXT((#7696)) 
GLOBAL_UNIT_ASSIGNED_CONTEXT((#7693,#7694,#7695)) REPRESENTATION_CONTEXT
('Context #1','3D Context with UNIT and UNCERTAINTY') );
#7693 = ( LENGTH_UNIT() NAMED_UNIT(*) SI_UNIT(.MILLI.,.METRE.) );
#7694 = ( NAMED_UNIT(*) PLANE_ANGLE_UNIT() SI_UNIT($,.RADIAN.) );
#7695 = ( NAMED_UNIT(*) SI_UNIT($,.STERADIAN.) SOLID_ANGLE_UNIT() );
#7696 = UNCERTAINTY_MEASURE_WITH_UNIT(LENGTH_MEASURE(1.E-07),#7693,
  'distance_accuracy_value','confusion accuracy');
#7697 = CONTEXT_DEPENDENT_SHAPE_REPRESENTATION(#7698,#7700);
#7698 = ( REPRESENTATION_RELATIONSHIP('','',#7503,#10) 
REPRESENTATION_RELATIONSHIP_WITH_TRANSFORMATION(#7699) 
SHAPE_REPRESENTATION_RELATIONSHIP() );
#7699 = ITEM_DEFINED_TRANSFORMATION('','',#11,#35);
#7700 = PRODUCT_DEFINITION_SHAPE('Placement','Placement of an item',
  #7701);
#7701 = NEXT_ASSEMBLY_USAGE_OCCURRENCE('11','','',#5,#7498,$);
#7702 = PRODUCT_RELATED_PRODUCT_CATEGORY('part',$,(#7500));
#7703 = SHAPE_DEFINITION_REPRESENTATION(#7704,#7710);
#7704 = PRODUCT_DEFINITION_SHAPE('','',#7705);
#7705 = PRODUCT_DEFINITION('design','',#7706,#7709);
#7706 = PRODUCT_DEFINITION_FORMATION('','',#7707);
#7707 = PRODUCT('Open CASCADE STEP translator 7.9 16.7',
  'Open CASCADE STEP translator 7.9 16.7','',(#7708));
#7708 = PRODUCT_CONTEXT('',#2,'mechanical');
#7709 = PRODUCT_DEFINITION_CONTEXT('part definition',#2,'design');
#7710 = ADVANCED_BREP_SHAPE_REPRESENTATION('',(#11,#7711),#7899);
#7711 = MANIFOLD_SOLID_BREP('',#7712);
#7712 = CLOSED_SHELL('',(#7713,#7801,#7836,#7840,#7895));
#7713 = ADVANCED_FACE('',(#7714),#7727,.F.);
#7714 = FACE_BOUND('',#7715,.F.);
#7715 = EDGE_LOOP('',(#7716,#7750,#7773,#7800));
#7716 = ORIENTED_EDGE('',*,*,#7717,.F.);
#7717 = EDGE_CURVE('',#7718,#7718,#7720,.T.);
#7718 = VERTEX_POINT('',#7719);
#7719 = CARTESIAN_POINT('',(68.,57.5,476.95));
#7720 = SURFACE_CURVE('',#7721,(#7726,#7738),.PCURVE_S1.);
#7721 = CIRCLE('',#7722,2.25);
#7722 = AXIS2_PLACEMENT_3D('',#7723,#7724,#7725);
#7723 = CARTESIAN_POINT('',(68.,57.5,474.7));
#7724 = DIRECTION('',(0.,1.,0.));
#7725 = DIRECTION('',(0.,-0.,1.));
#7726 = PCURVE('',#7727,#7732);
#7727 = CYLINDRICAL_SURFACE('',#7728,2.25);
#7728 = AXIS2_PLACEMENT_3D('',#7729,#7730,#7731);
#7729 = CARTESIAN_POINT('',(68.,52.5,474.7));
#7730 = DIRECTION('',(0.,1.,0.));
#7731 = DIRECTION('',(0.,-0.,1.));
#7732 = DEFINITIONAL_REPRESENTATION('',(#7733),#7737);
#7733 = LINE('',#7734,#7735);
#7734 = CARTESIAN_POINT('',(0.,5.));
#7735 = VECTOR('',#7736,1.);
#7736 = DIRECTION('',(1.,0.));
#7737 = ( GEOMETRIC_REPRESENTATION_CONTEXT(2) 
PARAMETRIC_REPRESENTATION_CONTEXT() REPRESENTATION_CONTEXT('2D SPACE',''
  ) );
#7738 = PCURVE('',#7739,#7744);
#7739 = PLANE('',#7740);
#7740 = AXIS2_PLACEMENT_3D('',#7741,#7742,#7743);
#7741 = CARTESIAN_POINT('',(68.,57.5,474.7));
#7742 = DIRECTION('',(0.,1.,0.));
#7743 = DIRECTION('',(0.,-0.,1.));
#7744 = DEFINITIONAL_REPRESENTATION('',(#7745),#7749);
#7745 = CIRCLE('',#7746,2.25);
#7746 = AXIS2_PLACEMENT_2D('',#7747,#7748);
#7747 = CARTESIAN_POINT('',(0.,0.));
#7748 = DIRECTION('',(1.,0.));
#7749 = ( GEOMETRIC_REPRESENTATION_CONTEXT(2) 
PARAMETRIC_REPRESENTATION_CONTEXT() REPRESENTATION_CONTEXT('2D SPACE',''
  ) );
#7750 = ORIENTED_EDGE('',*,*,#7751,.F.);
#7751 = EDGE_CURVE('',#7752,#7718,#7754,.T.);
#7752 = VERTEX_POINT('',#7753);
#7753 = CARTESIAN_POINT('',(68.,52.5,476.95));
#7754 = SEAM_CURVE('',#7755,(#7759,#7766),.PCURVE_S1.);
#7755 = LINE('',#7756,#7757);
#7756 = CARTESIAN_POINT('',(68.,52.5,476.95));
#7757 = VECTOR('',#7758,1.);
#7758 = DIRECTION('',(0.,1.,0.));
#7759 = PCURVE('',#7727,#7760);
#7760 = DEFINITIONAL_REPRESENTATION('',(#7761),#7765);
#7761 = LINE('',#7762,#7763);
#7762 = CARTESIAN_POINT('',(6.28318530718,-0.));
#7763 = VECTOR('',#7764,1.);
#7764 = DIRECTION('',(0.,1.));
#7765 = ( GEOMETRIC_REPRESENTATION_CONTEXT(2) 
PARAMETRIC_REPRESENTATION_CONTEXT() REPRESENTATION_CONTEXT('2D SPACE',''
  ) );
#7766 = PCURVE('',#7727,#7767);
#7767 = DEFINITIONAL_REPRESENTATION('',(#7768),#7772);
#7768 = LINE('',#7769,#7770);
#7769 = CARTESIAN_POINT('',(0.,-0.));
#7770 = VECTOR('',#7771,1.);
#7771 = DIRECTION('',(0.,1.));
#7772 = ( GEOMETRIC_REPRESENTATION_CONTEXT(2) 
PARAMETRIC_REPRESENTATION_CONTEXT() REPRESENTATION_CONTEXT('2D SPACE',''
  ) );
#7773 = ORIENTED_EDGE('',*,*,#7774,.T.);
#7774 = EDGE_CURVE('',#7752,#7752,#7775,.T.);
#7775 = SURFACE_CURVE('',#7776,(#7781,#7788),.PCURVE_S1.);
#7776 = CIRCLE('',#7777,2.25);
#7777 = AXIS2_PLACEMENT_3D('',#7778,#7779,#7780);
#7778 = CARTESIAN_POINT('',(68.,52.5,474.7));
#7779 = DIRECTION('',(0.,1.,0.));
#7780 = DIRECTION('',(0.,-0.,1.));
#7781 = PCURVE('',#7727,#7782);
#7782 = DEFINITIONAL_REPRESENTATION('',(#7783),#7787);
#7783 = LINE('',#7784,#7785);
#7784 = CARTESIAN_POINT('',(0.,0.));
#7785 = VECTOR('',#7786,1.);
#7786 = DIRECTION('',(1.,0.));
#7787 = ( GEOMETRIC_REPRESENTATION_CONTEXT(2) 
PARAMETRIC_REPRESENTATION_CONTEXT() REPRESENTATION_CONTEXT('2D SPACE',''
  ) );
#7788 = PCURVE('',#7789,#7794);
#7789 = PLANE('',#7790);
#7790 = AXIS2_PLACEMENT_3D('',#7791,#7792,#7793);
#7791 = CARTESIAN_POINT('',(68.,52.5,474.7));
#7792 = DIRECTION('',(0.,1.,0.));
#7793 = DIRECTION('',(0.,-0.,1.));
#7794 = DEFINITIONAL_REPRESENTATION('',(#7795),#7799);
#7795 = CIRCLE('',#7796,2.25);
#7796 = AXIS2_PLACEMENT_2D('',#7797,#7798);
#7797 = CARTESIAN_POINT('',(0.,0.));
#7798 = DIRECTION('',(1.,0.));
#7799 = ( GEOMETRIC_REPRESENTATION_CONTEXT(2) 
PARAMETRIC_REPRESENTATION_CONTEXT() REPRESENTATION_CONTEXT('2D SPACE',''
  ) );
#7800 = ORIENTED_EDGE('',*,*,#7751,.T.);
#7801 = ADVANCED_FACE('',(#7802,#7833),#7739,.T.);
#7802 = FACE_BOUND('',#7803,.T.);
#7803 = EDGE_LOOP('',(#7804));
#7804 = ORIENTED_EDGE('',*,*,#7805,.T.);
#7805 = EDGE_CURVE('',#7806,#7806,#7808,.T.);
#7806 = VERTEX_POINT('',#7807);
#7807 = CARTESIAN_POINT('',(68.,57.5,478.7));
#7808 = SURFACE_CURVE('',#7809,(#7814,#7821),.PCURVE_S1.);
#7809 = CIRCLE('',#7810,4.);
#7810 = AXIS2_PLACEMENT_3D('',#7811,#7812,#7813);
#7811 = CARTESIAN_POINT('',(68.,57.5,474.7));
#7812 = DIRECTION('',(0.,1.,0.));
#7813 = DIRECTION('',(0.,-0.,1.));
#7814 = PCURVE('',#7739,#7815);
#7815 = DEFINITIONAL_REPRESENTATION('',(#7816),#7820);
#7816 = CIRCLE('',#7817,4.);
#7817 = AXIS2_PLACEMENT_2D('',#7818,#7819);
#7818 = CARTESIAN_POINT('',(0.,0.));
#7819 = DIRECTION('',(1.,0.));
#7820 = ( GEOMETRIC_REPRESENTATION_CONTEXT(2) 
PARAMETRIC_REPRESENTATION_CONTEXT() REPRESENTATION_CONTEXT('2D SPACE',''
  ) );
#7821 = PCURVE('',#7822,#7827);
#7822 = CYLINDRICAL_SURFACE('',#7823,4.);
#7823 = AXIS2_PLACEMENT_3D('',#7824,#7825,#7826);
#7824 = CARTESIAN_POINT('',(68.,52.5,474.7));
#7825 = DIRECTION('',(0.,1.,0.));
#7826 = DIRECTION('',(0.,-0.,1.));
#7827 = DEFINITIONAL_REPRESENTATION('',(#7828),#7832);
#7828 = LINE('',#7829,#7830);
#7829 = CARTESIAN_POINT('',(0.,5.));
#7830 = VECTOR('',#7831,1.);
#7831 = DIRECTION('',(1.,0.));
#7832 = ( GEOMETRIC_REPRESENTATION_CONTEXT(2) 
PARAMETRIC_REPRESENTATION_CONTEXT() REPRESENTATION_CONTEXT('2D SPACE',''
  ) );
#7833 = FACE_BOUND('',#7834,.T.);
#7834 = EDGE_LOOP('',(#7835));
#7835 = ORIENTED_EDGE('',*,*,#7717,.F.);
#7836 = ADVANCED_FACE('',(#7837),#7789,.T.);
#7837 = FACE_BOUND('',#7838,.F.);
#7838 = EDGE_LOOP('',(#7839));
#7839 = ORIENTED_EDGE('',*,*,#7774,.F.);
#7840 = ADVANCED_FACE('',(#7841),#7822,.T.);
#7841 = FACE_BOUND('',#7842,.T.);
#7842 = EDGE_LOOP('',(#7843,#7872,#7893,#7894));
#7843 = ORIENTED_EDGE('',*,*,#7844,.T.);
#7844 = EDGE_CURVE('',#7845,#7845,#7847,.T.);
#7845 = VERTEX_POINT('',#7846);
#7846 = CARTESIAN_POINT('',(68.,53.1,478.7));
#7847 = SURFACE_CURVE('',#7848,(#7853,#7860),.PCURVE_S1.);
#7848 = CIRCLE('',#7849,4.);
#7849 = AXIS2_PLACEMENT_3D('',#7850,#7851,#7852);
#7850 = CARTESIAN_POINT('',(68.,53.1,474.7));
#7851 = DIRECTION('',(0.,1.,0.));
#7852 = DIRECTION('',(0.,-0.,1.));
#7853 = PCURVE('',#7822,#7854);
#7854 = DEFINITIONAL_REPRESENTATION('',(#7855),#7859);
#7855 = LINE('',#7856,#7857);
#7856 = CARTESIAN_POINT('',(0.,0.6));
#7857 = VECTOR('',#7858,1.);
#7858 = DIRECTION('',(1.,0.));
#7859 = ( GEOMETRIC_REPRESENTATION_CONTEXT(2) 
PARAMETRIC_REPRESENTATION_CONTEXT() REPRESENTATION_CONTEXT('2D SPACE',''
  ) );
#7860 = PCURVE('',#7861,#7866);
#7861 = PLANE('',#7862);
#7862 = AXIS2_PLACEMENT_3D('',#7863,#7864,#7865);
#7863 = CARTESIAN_POINT('',(68.,53.1,474.7));
#7864 = DIRECTION('',(0.,1.,0.));
#7865 = DIRECTION('',(0.,-0.,1.));
#7866 = DEFINITIONAL_REPRESENTATION('',(#7867),#7871);
#7867 = CIRCLE('',#7868,4.);
#7868 = AXIS2_PLACEMENT_2D('',#7869,#7870);
#7869 = CARTESIAN_POINT('',(0.,0.));
#7870 = DIRECTION('',(1.,0.));
#7871 = ( GEOMETRIC_REPRESENTATION_CONTEXT(2) 
PARAMETRIC_REPRESENTATION_CONTEXT() REPRESENTATION_CONTEXT('2D SPACE',''
  ) );
#7872 = ORIENTED_EDGE('',*,*,#7873,.T.);
#7873 = EDGE_CURVE('',#7845,#7806,#7874,.T.);
#7874 = SEAM_CURVE('',#7875,(#7879,#7886),.PCURVE_S1.);
#7875 = LINE('',#7876,#7877);
#7876 = CARTESIAN_POINT('',(68.,52.5,478.7));
#7877 = VECTOR('',#7878,1.);
#7878 = DIRECTION('',(0.,1.,0.));
#7879 = PCURVE('',#7822,#7880);
#7880 = DEFINITIONAL_REPRESENTATION('',(#7881),#7885);
#7881 = LINE('',#7882,#7883);
#7882 = CARTESIAN_POINT('',(0.,-0.));
#7883 = VECTOR('',#7884,1.);
#7884 = DIRECTION('',(0.,1.));
#7885 = ( GEOMETRIC_REPRESENTATION_CONTEXT(2) 
PARAMETRIC_REPRESENTATION_CONTEXT() REPRESENTATION_CONTEXT('2D SPACE',''
  ) );
#7886 = PCURVE('',#7822,#7887);
#7887 = DEFINITIONAL_REPRESENTATION('',(#7888),#7892);
#7888 = LINE('',#7889,#7890);
#7889 = CARTESIAN_POINT('',(6.28318530718,-0.));
#7890 = VECTOR('',#7891,1.);
#7891 = DIRECTION('',(0.,1.));
#7892 = ( GEOMETRIC_REPRESENTATION_CONTEXT(2) 
PARAMETRIC_REPRESENTATION_CONTEXT() REPRESENTATION_CONTEXT('2D SPACE',''
  ) );
#7893 = ORIENTED_EDGE('',*,*,#7805,.F.);
#7894 = ORIENTED_EDGE('',*,*,#7873,.F.);
#7895 = ADVANCED_FACE('',(#7896),#7861,.F.);
#7896 = FACE_BOUND('',#7897,.F.);
#7897 = EDGE_LOOP('',(#7898));
#7898 = ORIENTED_EDGE('',*,*,#7844,.T.);
#7899 = ( GEOMETRIC_REPRESENTATION_CONTEXT(3) 
GLOBAL_UNCERTAINTY_ASSIGNED_CONTEXT((#7903)) 
GLOBAL_UNIT_ASSIGNED_CONTEXT((#7900,#7901,#7902)) REPRESENTATION_CONTEXT
('Context #1','3D Context with UNIT and UNCERTAINTY') );
#7900 = ( LENGTH_UNIT() NAMED_UNIT(*) SI_UNIT(.MILLI.,.METRE.) );
#7901 = ( NAMED_UNIT(*) PLANE_ANGLE_UNIT() SI_UNIT($,.RADIAN.) );
#7902 = ( NAMED_UNIT(*) SI_UNIT($,.STERADIAN.) SOLID_ANGLE_UNIT() );
#7903 = UNCERTAINTY_MEASURE_WITH_UNIT(LENGTH_MEASURE(1.E-07),#7900,
  'distance_accuracy_value','confusion accuracy');
#7904 = CONTEXT_DEPENDENT_SHAPE_REPRESENTATION(#7905,#7907);
#7905 = ( REPRESENTATION_RELATIONSHIP('','',#7710,#10) 
REPRESENTATION_RELATIONSHIP_WITH_TRANSFORMATION(#7906) 
SHAPE_REPRESENTATION_RELATIONSHIP() );
#7906 = ITEM_DEFINED_TRANSFORMATION('','',#11,#39);
#7907 = PRODUCT_DEFINITION_SHAPE('Placement','Placement of an item',
  #7908);
#7908 = NEXT_ASSEMBLY_USAGE_OCCURRENCE('12','','',#5,#7705,$);
#7909 = PRODUCT_RELATED_PRODUCT_CATEGORY('part',$,(#7707));
#7910 = SHAPE_DEFINITION_REPRESENTATION(#7911,#7917);
#7911 = PRODUCT_DEFINITION_SHAPE('','',#7912);
#7912 = PRODUCT_DEFINITION('design','',#7913,#7916);
#7913 = PRODUCT_DEFINITION_FORMATION('','',#7914);
#7914 = PRODUCT('Open CASCADE STEP translator 7.9 16.8',
  'Open CASCADE STEP translator 7.9 16.8','',(#7915));
#7915 = PRODUCT_CONTEXT('',#2,'mechanical');
#7916 = PRODUCT_DEFINITION_CONTEXT('part definition',#2,'design');
#7917 = ADVANCED_BREP_SHAPE_REPRESENTATION('',(#11,#7918),#8539);
#7918 = MANIFOLD_SOLID_BREP('',#7919);
#7919 = CLOSED_SHELL('',(#7920,#8037,#8176,#8279,#8334,#8437,#8443,#8480
    ,#8484,#8519,#8523,#8530));
#7920 = ADVANCED_FACE('',(#7921),#7935,.F.);
#7921 = FACE_BOUND('',#7922,.F.);
#7922 = EDGE_LOOP('',(#7923,#7958,#7987,#8010));
#7923 = ORIENTED_EDGE('',*,*,#7924,.F.);
#7924 = EDGE_CURVE('',#7925,#7927,#7929,.T.);
#7925 = VERTEX_POINT('',#7926);
#7926 = CARTESIAN_POINT('',(65.,53.,445.34589803375));
#7927 = VERTEX_POINT('',#7928);
#7928 = CARTESIAN_POINT('',(65.,53.,446.05424868894));
#7929 = SURFACE_CURVE('',#7930,(#7934,#7946),.PCURVE_S1.);
#7930 = LINE('',#7931,#7932);
#7931 = CARTESIAN_POINT('',(65.,53.,426.));
#7932 = VECTOR('',#7933,1.);
#7933 = DIRECTION('',(0.,0.,1.));
#7934 = PCURVE('',#7935,#7940);
#7935 = PLANE('',#7936);
#7936 = AXIS2_PLACEMENT_3D('',#7937,#7938,#7939);
#7937 = CARTESIAN_POINT('',(-75.,53.,426.));
#7938 = DIRECTION('',(0.,1.,0.));
#7939 = DIRECTION('',(0.,0.,1.));
#7940 = DEFINITIONAL_REPRESENTATION('',(#7941),#7945);
#7941 = LINE('',#7942,#7943);
#7942 = CARTESIAN_POINT('',(0.,140.));
#7943 = VECTOR('',#7944,1.);
#7944 = DIRECTION('',(1.,0.));
#7945 = ( GEOMETRIC_REPRESENTATION_CONTEXT(2) 
PARAMETRIC_REPRESENTATION_CONTEXT() REPRESENTATION_CONTEXT('2D SPACE',''
  ) );
#7946 = PCURVE('',#7947,#7952);
#7947 = PLANE('',#7948);
#7948 = AXIS2_PLACEMENT_3D('',#7949,#7950,#7951);
#7949 = CARTESIAN_POINT('',(65.,18.,426.));
#7950 = DIRECTION('',(1.,0.,0.));
#7951 = DIRECTION('',(0.,0.,1.));
#7952 = DEFINITIONAL_REPRESENTATION('',(#7953),#7957);
#7953 = LINE('',#7954,#7955);
#7954 = CARTESIAN_POINT('',(0.,-35.));
#7955 = VECTOR('',#7956,1.);
#7956 = DIRECTION('',(1.,0.));
#7957 = ( GEOMETRIC_REPRESENTATION_CONTEXT(2) 
PARAMETRIC_REPRESENTATION_CONTEXT() REPRESENTATION_CONTEXT('2D SPACE',''
  ) );
#7958 = ORIENTED_EDGE('',*,*,#7959,.T.);
#7959 = EDGE_CURVE('',#7925,#7960,#7962,.T.);
#7960 = VERTEX_POINT('',#7961);
#7961 = CARTESIAN_POINT('',(65.,53.,452.05410196624));
#7962 = SURFACE_CURVE('',#7963,(#7968,#7975),.PCURVE_S1.);
#7963 = CIRCLE('',#7964,4.5);
#7964 = AXIS2_PLACEMENT_3D('',#7965,#7966,#7967);
#7965 = CARTESIAN_POINT('',(68.,53.,448.7));
#7966 = DIRECTION('',(0.,1.,0.));
#7967 = DIRECTION('',(0.,-0.,1.));
#7968 = PCURVE('',#7935,#7969);
#7969 = DEFINITIONAL_REPRESENTATION('',(#7970),#7974);
#7970 = CIRCLE('',#7971,4.5);
#7971 = AXIS2_PLACEMENT_2D('',#7972,#7973);
#7972 = CARTESIAN_POINT('',(22.7,143.));
#7973 = DIRECTION('',(1.,0.));
#7974 = ( GEOMETRIC_REPRESENTATION_CONTEXT(2) 
PARAMETRIC_REPRESENTATION_CONTEXT() REPRESENTATION_CONTEXT('2D SPACE',''
  ) );
#7975 = PCURVE('',#7976,#7981);
#7976 = CYLINDRICAL_SURFACE('',#7977,4.5);
#7977 = AXIS2_PLACEMENT_3D('',#7978,#7979,#7980);
#7978 = CARTESIAN_POINT('',(68.,17.,448.7));
#7979 = DIRECTION('',(0.,1.,0.));
#7980 = DIRECTION('',(0.,-0.,1.));
#7981 = DEFINITIONAL_REPRESENTATION('',(#7982),#7986);
#7982 = LINE('',#7983,#7984);
#7983 = CARTESIAN_POINT('',(0.,36.));
#7984 = VECTOR('',#7985,1.);
#7985 = DIRECTION('',(1.,0.));
#7986 = ( GEOMETRIC_REPRESENTATION_CONTEXT(2) 
PARAMETRIC_REPRESENTATION_CONTEXT() REPRESENTATION_CONTEXT('2D SPACE',''
  ) );
#7987 = ORIENTED_EDGE('',*,*,#7988,.F.);
#7988 = EDGE_CURVE('',#7989,#7960,#7991,.T.);
#7989 = VERTEX_POINT('',#7990);
#7990 = CARTESIAN_POINT('',(65.,53.,451.34575131105));
#7991 = SURFACE_CURVE('',#7992,(#7996,#8003),.PCURVE_S1.);
#7992 = LINE('',#7993,#7994);
#7993 = CARTESIAN_POINT('',(65.,53.,426.));
#7994 = VECTOR('',#7995,1.);
#7995 = DIRECTION('',(0.,0.,1.));
#7996 = PCURVE('',#7935,#7997);
#7997 = DEFINITIONAL_REPRESENTATION('',(#7998),#8002);
#7998 = LINE('',#7999,#8000);
#7999 = CARTESIAN_POINT('',(0.,140.));
#8000 = VECTOR('',#8001,1.);
#8001 = DIRECTION('',(1.,0.));
#8002 = ( GEOMETRIC_REPRESENTATION_CONTEXT(2) 
PARAMETRIC_REPRESENTATION_CONTEXT() REPRESENTATION_CONTEXT('2D SPACE',''
  ) );
#8003 = PCURVE('',#7947,#8004);
#8004 = DEFINITIONAL_REPRESENTATION('',(#8005),#8009);
#8005 = LINE('',#8006,#8007);
#8006 = CARTESIAN_POINT('',(0.,-35.));
#8007 = VECTOR('',#8008,1.);
#8008 = DIRECTION('',(1.,0.));
#8009 = ( GEOMETRIC_REPRESENTATION_CONTEXT(2) 
PARAMETRIC_REPRESENTATION_CONTEXT() REPRESENTATION_CONTEXT('2D SPACE',''
  ) );
#8010 = ORIENTED_EDGE('',*,*,#8011,.F.);
#8011 = EDGE_CURVE('',#7927,#7989,#8012,.T.);
#8012 = SURFACE_CURVE('',#8013,(#8018,#8025),.PCURVE_S1.);
#8013 = CIRCLE('',#8014,4.);
#8014 = AXIS2_PLACEMENT_3D('',#8015,#8016,#8017);
#8015 = CARTESIAN_POINT('',(68.,53.,448.7));
#8016 = DIRECTION('',(0.,1.,0.));
#8017 = DIRECTION('',(0.,-0.,1.));
#8018 = PCURVE('',#7935,#8019);
#8019 = DEFINITIONAL_REPRESENTATION('',(#8020),#8024);
#8020 = CIRCLE('',#8021,4.);
#8021 = AXIS2_PLACEMENT_2D('',#8022,#8023);
#8022 = CARTESIAN_POINT('',(22.7,143.));
#8023 = DIRECTION('',(1.,0.));
#8024 = ( GEOMETRIC_REPRESENTATION_CONTEXT(2) 
PARAMETRIC_REPRESENTATION_CONTEXT() REPRESENTATION_CONTEXT('2D SPACE',''
  ) );
#8025 = PCURVE('',#8026,#8031);
#8026 = CYLINDRICAL_SURFACE('',#8027,4.);
#8027 = AXIS2_PLACEMENT_3D('',#8028,#8029,#8030);
#8028 = CARTESIAN_POINT('',(68.,52.5,448.7));
#8029 = DIRECTION('',(0.,1.,0.));
#8030 = DIRECTION('',(0.,-0.,1.));
#8031 = DEFINITIONAL_REPRESENTATION('',(#8032),#8036);
#8032 = LINE('',#8033,#8034);
#8033 = CARTESIAN_POINT('',(0.,0.5));
#8034 = VECTOR('',#8035,1.);
#8035 = DIRECTION('',(1.,0.));
#8036 = ( GEOMETRIC_REPRESENTATION_CONTEXT(2) 
PARAMETRIC_REPRESENTATION_CONTEXT() REPRESENTATION_CONTEXT('2D SPACE',''
  ) );
#8037 = ADVANCED_FACE('',(#8038),#7947,.F.);
#8038 = FACE_BOUND('',#8039,.F.);
#8039 = EDGE_LOOP('',(#8040,#8070,#8089,#8090,#8111,#8137,#8156,#8157));
#8040 = ORIENTED_EDGE('',*,*,#8041,.F.);
#8041 = EDGE_CURVE('',#8042,#8044,#8046,.T.);
#8042 = VERTEX_POINT('',#8043);
#8043 = CARTESIAN_POINT('',(65.,18.,445.34589803375));
#8044 = VERTEX_POINT('',#8045);
#8045 = CARTESIAN_POINT('',(65.,18.,452.05410196624));
#8046 = SURFACE_CURVE('',#8047,(#8051,#8058),.PCURVE_S1.);
#8047 = LINE('',#8048,#8049);
#8048 = CARTESIAN_POINT('',(65.,18.,426.));
#8049 = VECTOR('',#8050,1.);
#8050 = DIRECTION('',(0.,0.,1.));
#8051 = PCURVE('',#7947,#8052);
#8052 = DEFINITIONAL_REPRESENTATION('',(#8053),#8057);
#8053 = LINE('',#8054,#8055);
#8054 = CARTESIAN_POINT('',(0.,0.));
#8055 = VECTOR('',#8056,1.);
#8056 = DIRECTION('',(1.,0.));
#8057 = ( GEOMETRIC_REPRESENTATION_CONTEXT(2) 
PARAMETRIC_REPRESENTATION_CONTEXT() REPRESENTATION_CONTEXT('2D SPACE',''
  ) );
#8058 = PCURVE('',#8059,#8064);
#8059 = PLANE('',#8060);
#8060 = AXIS2_PLACEMENT_3D('',#8061,#8062,#8063);
#8061 = CARTESIAN_POINT('',(65.,18.,426.));
#8062 = DIRECTION('',(0.,1.,0.));
#8063 = DIRECTION('',(0.,0.,1.));
#8064 = DEFINITIONAL_REPRESENTATION('',(#8065),#8069);
#8065 = LINE('',#8066,#8067);
#8066 = CARTESIAN_POINT('',(0.,0.));
#8067 = VECTOR('',#8068,1.);
#8068 = DIRECTION('',(1.,0.));
#8069 = ( GEOMETRIC_REPRESENTATION_CONTEXT(2) 
PARAMETRIC_REPRESENTATION_CONTEXT() REPRESENTATION_CONTEXT('2D SPACE',''
  ) );
#8070 = ORIENTED_EDGE('',*,*,#8071,.T.);
#8071 = EDGE_CURVE('',#8042,#7925,#8072,.T.);
#8072 = SURFACE_CURVE('',#8073,(#8077,#8083),.PCURVE_S1.);
#8073 = LINE('',#8074,#8075);
#8074 = CARTESIAN_POINT('',(65.,17.,445.34589803375));
#8075 = VECTOR('',#8076,1.);
#8076 = DIRECTION('',(0.,1.,0.));
#8077 = PCURVE('',#7947,#8078);
#8078 = DEFINITIONAL_REPRESENTATION('',(#8079),#8082);
#8079 = B_SPLINE_CURVE_WITH_KNOTS('',1,(#8080,#8081),.UNSPECIFIED.,.F.,
  .F.,(2,2),(-5.999999999062E-07,36.1000006),.PIECEWISE_BEZIER_KNOTS.);
#8080 = CARTESIAN_POINT('',(19.34589803375,1.0000006));
#8081 = CARTESIAN_POINT('',(19.34589803375,-35.1000006));
#8082 = ( GEOMETRIC_REPRESENTATION_CONTEXT(2) 
PARAMETRIC_REPRESENTATION_CONTEXT() REPRESENTATION_CONTEXT('2D SPACE',''
  ) );
#8083 = PCURVE('',#7976,#8084);
#8084 = DEFINITIONAL_REPRESENTATION('',(#8085),#8088);
#8085 = B_SPLINE_CURVE_WITH_KNOTS('',1,(#8086,#8087),.UNSPECIFIED.,.F.,
  .F.,(2,2),(-5.999999999062E-07,36.1000006),.PIECEWISE_BEZIER_KNOTS.);
#8086 = CARTESIAN_POINT('',(3.871320309817,-5.999999999062E-07));
#8087 = CARTESIAN_POINT('',(3.871320309817,36.1000006));
#8088 = ( GEOMETRIC_REPRESENTATION_CONTEXT(2) 
PARAMETRIC_REPRESENTATION_CONTEXT() REPRESENTATION_CONTEXT('2D SPACE',''
  ) );
#8089 = ORIENTED_EDGE('',*,*,#7924,.T.);
#8090 = ORIENTED_EDGE('',*,*,#8091,.F.);
#8091 = EDGE_CURVE('',#8092,#7927,#8094,.T.);
#8092 = VERTEX_POINT('',#8093);
#8093 = CARTESIAN_POINT('',(65.,52.5,446.05424868893));
#8094 = SURFACE_CURVE('',#8095,(#8099,#8105),.PCURVE_S1.);
#8095 = LINE('',#8096,#8097);
#8096 = CARTESIAN_POINT('',(65.,52.5,446.05424868893));
#8097 = VECTOR('',#8098,1.);
#8098 = DIRECTION('',(0.,1.,0.));
#8099 = PCURVE('',#7947,#8100);
#8100 = DEFINITIONAL_REPRESENTATION('',(#8101),#8104);
#8101 = B_SPLINE_CURVE_WITH_KNOTS('',1,(#8102,#8103),.UNSPECIFIED.,.F.,
  .F.,(2,2),(-5.999999999062E-07,4.),.PIECEWISE_BEZIER_KNOTS.);
#8102 = CARTESIAN_POINT('',(20.054248688935,-34.4999994));
#8103 = CARTESIAN_POINT('',(20.054248688935,-38.5));
#8104 = ( GEOMETRIC_REPRESENTATION_CONTEXT(2) 
PARAMETRIC_REPRESENTATION_CONTEXT() REPRESENTATION_CONTEXT('2D SPACE',''
  ) );
#8105 = PCURVE('',#8026,#8106);
#8106 = DEFINITIONAL_REPRESENTATION('',(#8107),#8110);
#8107 = B_SPLINE_CURVE_WITH_KNOTS('',1,(#8108,#8109),.UNSPECIFIED.,.F.,
  .F.,(2,2),(-5.999999999062E-07,4.),.PIECEWISE_BEZIER_KNOTS.);
#8108 = CARTESIAN_POINT('',(3.989654732571,-5.999999999062E-07));
#8109 = CARTESIAN_POINT('',(3.989654732571,4.));
#8110 = ( GEOMETRIC_REPRESENTATION_CONTEXT(2) 
PARAMETRIC_REPRESENTATION_CONTEXT() REPRESENTATION_CONTEXT('2D SPACE',''
  ) );
#8111 = ORIENTED_EDGE('',*,*,#8112,.T.);
#8112 = EDGE_CURVE('',#8092,#8113,#8115,.T.);
#8113 = VERTEX_POINT('',#8114);
#8114 = CARTESIAN_POINT('',(65.,52.5,451.34575131106));
#8115 = SURFACE_CURVE('',#8116,(#8120,#8126),.PCURVE_S1.);
#8116 = LINE('',#8117,#8118);
#8117 = CARTESIAN_POINT('',(65.,52.5,437.35));
#8118 = VECTOR('',#8119,1.);
#8119 = DIRECTION('',(0.,0.,1.));
#8120 = PCURVE('',#7947,#8121);
#8121 = DEFINITIONAL_REPRESENTATION('',(#8122),#8125);
#8122 = B_SPLINE_CURVE_WITH_KNOTS('',1,(#8123,#8124),.UNSPECIFIED.,.F.,
  .F.,(2,2),(7.35,15.35),.PIECEWISE_BEZIER_KNOTS.);
#8123 = CARTESIAN_POINT('',(18.7,-34.5));
#8124 = CARTESIAN_POINT('',(26.7,-34.5));
#8125 = ( GEOMETRIC_REPRESENTATION_CONTEXT(2) 
PARAMETRIC_REPRESENTATION_CONTEXT() REPRESENTATION_CONTEXT('2D SPACE',''
  ) );
#8126 = PCURVE('',#8127,#8132);
#8127 = PLANE('',#8128);
#8128 = AXIS2_PLACEMENT_3D('',#8129,#8130,#8131);
#8129 = CARTESIAN_POINT('',(68.,52.5,448.7));
#8130 = DIRECTION('',(0.,1.,0.));
#8131 = DIRECTION('',(0.,-0.,1.));
#8132 = DEFINITIONAL_REPRESENTATION('',(#8133),#8136);
#8133 = B_SPLINE_CURVE_WITH_KNOTS('',1,(#8134,#8135),.UNSPECIFIED.,.F.,
  .F.,(2,2),(7.35,15.35),.PIECEWISE_BEZIER_KNOTS.);
#8134 = CARTESIAN_POINT('',(-4.,-3.));
#8135 = CARTESIAN_POINT('',(4.,-3.));
#8136 = ( GEOMETRIC_REPRESENTATION_CONTEXT(2) 
PARAMETRIC_REPRESENTATION_CONTEXT() REPRESENTATION_CONTEXT('2D SPACE',''
  ) );
#8137 = ORIENTED_EDGE('',*,*,#8138,.T.);
#8138 = EDGE_CURVE('',#8113,#7989,#8139,.T.);
#8139 = SURFACE_CURVE('',#8140,(#8144,#8150),.PCURVE_S1.);
#8140 = LINE('',#8141,#8142);
#8141 = CARTESIAN_POINT('',(65.,52.5,451.34575131106));
#8142 = VECTOR('',#8143,1.);
#8143 = DIRECTION('',(0.,1.,0.));
#8144 = PCURVE('',#7947,#8145);
#8145 = DEFINITIONAL_REPRESENTATION('',(#8146),#8149);
#8146 = B_SPLINE_CURVE_WITH_KNOTS('',1,(#8147,#8148),.UNSPECIFIED.,.F.,
  .F.,(2,2),(-5.999999999062E-07,4.),.PIECEWISE_BEZIER_KNOTS.);
#8147 = CARTESIAN_POINT('',(25.345751311065,-34.4999994));
#8148 = CARTESIAN_POINT('',(25.345751311065,-38.5));
#8149 = ( GEOMETRIC_REPRESENTATION_CONTEXT(2) 
PARAMETRIC_REPRESENTATION_CONTEXT() REPRESENTATION_CONTEXT('2D SPACE',''
  ) );
#8150 = PCURVE('',#8026,#8151);
#8151 = DEFINITIONAL_REPRESENTATION('',(#8152),#8155);
#8152 = B_SPLINE_CURVE_WITH_KNOTS('',1,(#8153,#8154),.UNSPECIFIED.,.F.,
  .F.,(2,2),(-5.999999999062E-07,4.),.PIECEWISE_BEZIER_KNOTS.);
#8153 = CARTESIAN_POINT('',(5.435123228198,-5.999999999062E-07));
#8154 = CARTESIAN_POINT('',(5.435123228198,4.));
#8155 = ( GEOMETRIC_REPRESENTATION_CONTEXT(2) 
PARAMETRIC_REPRESENTATION_CONTEXT() REPRESENTATION_CONTEXT('2D SPACE',''
  ) );
#8156 = ORIENTED_EDGE('',*,*,#7988,.T.);
#8157 = ORIENTED_EDGE('',*,*,#8158,.F.);
#8158 = EDGE_CURVE('',#8044,#7960,#8159,.T.);
#8159 = SURFACE_CURVE('',#8160,(#8164,#8170),.PCURVE_S1.);
#8160 = LINE('',#8161,#8162);
#8161 = CARTESIAN_POINT('',(65.,17.,452.05410196625));
#8162 = VECTOR('',#8163,1.);
#8163 = DIRECTION('',(0.,1.,0.));
#8164 = PCURVE('',#7947,#8165);
#8165 = DEFINITIONAL_REPRESENTATION('',(#8166),#8169);
#8166 = B_SPLINE_CURVE_WITH_KNOTS('',1,(#8167,#8168),.UNSPECIFIED.,.F.,
  .F.,(2,2),(-5.999999999062E-07,36.1000006),.PIECEWISE_BEZIER_KNOTS.);
#8167 = CARTESIAN_POINT('',(26.05410196625,1.0000006));
#8168 = CARTESIAN_POINT('',(26.05410196625,-35.1000006));
#8169 = ( GEOMETRIC_REPRESENTATION_CONTEXT(2) 
PARAMETRIC_REPRESENTATION_CONTEXT() REPRESENTATION_CONTEXT('2D SPACE',''
  ) );
#8170 = PCURVE('',#7976,#8171);
#8171 = DEFINITIONAL_REPRESENTATION('',(#8172),#8175);
#8172 = B_SPLINE_CURVE_WITH_KNOTS('',1,(#8173,#8174),.UNSPECIFIED.,.F.,
  .F.,(2,2),(-5.999999999062E-07,36.1000006),.PIECEWISE_BEZIER_KNOTS.);
#8173 = CARTESIAN_POINT('',(5.553457650953,-5.999999999062E-07));
#8174 = CARTESIAN_POINT('',(5.553457650953,36.1000006));
#8175 = ( GEOMETRIC_REPRESENTATION_CONTEXT(2) 
PARAMETRIC_REPRESENTATION_CONTEXT() REPRESENTATION_CONTEXT('2D SPACE',''
  ) );
#8176 = ADVANCED_FACE('',(#8177),#8026,.F.);
#8177 = FACE_BOUND('',#8178,.F.);
#8178 = EDGE_LOOP('',(#8179,#8203,#8226,#8253,#8254,#8276,#8277,#8278));
#8179 = ORIENTED_EDGE('',*,*,#8180,.T.);
#8180 = EDGE_CURVE('',#8113,#8181,#8183,.T.);
#8181 = VERTEX_POINT('',#8182);
#8182 = CARTESIAN_POINT('',(68.,52.5,452.7));
#8183 = SURFACE_CURVE('',#8184,(#8189,#8196),.PCURVE_S1.);
#8184 = CIRCLE('',#8185,4.);
#8185 = AXIS2_PLACEMENT_3D('',#8186,#8187,#8188);
#8186 = CARTESIAN_POINT('',(68.,52.5,448.7));
#8187 = DIRECTION('',(0.,1.,0.));
#8188 = DIRECTION('',(0.,-0.,1.));
#8189 = PCURVE('',#8026,#8190);
#8190 = DEFINITIONAL_REPRESENTATION('',(#8191),#8195);
#8191 = LINE('',#8192,#8193);
#8192 = CARTESIAN_POINT('',(0.,0.));
#8193 = VECTOR('',#8194,1.);
#8194 = DIRECTION('',(1.,0.));
#8195 = ( GEOMETRIC_REPRESENTATION_CONTEXT(2) 
PARAMETRIC_REPRESENTATION_CONTEXT() REPRESENTATION_CONTEXT('2D SPACE',''
  ) );
#8196 = PCURVE('',#8127,#8197);
#8197 = DEFINITIONAL_REPRESENTATION('',(#8198),#8202);
#8198 = CIRCLE('',#8199,4.);
#8199 = AXIS2_PLACEMENT_2D('',#8200,#8201);
#8200 = CARTESIAN_POINT('',(0.,0.));
#8201 = DIRECTION('',(1.,0.));
#8202 = ( GEOMETRIC_REPRESENTATION_CONTEXT(2) 
PARAMETRIC_REPRESENTATION_CONTEXT() REPRESENTATION_CONTEXT('2D SPACE',''
  ) );
#8203 = ORIENTED_EDGE('',*,*,#8204,.T.);
#8204 = EDGE_CURVE('',#8181,#8205,#8207,.T.);
#8205 = VERTEX_POINT('',#8206);
#8206 = CARTESIAN_POINT('',(68.,53.1,452.7));
#8207 = SEAM_CURVE('',#8208,(#8212,#8219),.PCURVE_S1.);
#8208 = LINE('',#8209,#8210);
#8209 = CARTESIAN_POINT('',(68.,52.5,452.7));
#8210 = VECTOR('',#8211,1.);
#8211 = DIRECTION('',(0.,1.,0.));
#8212 = PCURVE('',#8026,#8213);
#8213 = DEFINITIONAL_REPRESENTATION('',(#8214),#8218);
#8214 = LINE('',#8215,#8216);
#8215 = CARTESIAN_POINT('',(0.,-0.));
#8216 = VECTOR('',#8217,1.);
#8217 = DIRECTION('',(0.,1.));
#8218 = ( GEOMETRIC_REPRESENTATION_CONTEXT(2) 
PARAMETRIC_REPRESENTATION_CONTEXT() REPRESENTATION_CONTEXT('2D SPACE',''
  ) );
#8219 = PCURVE('',#8026,#8220);
#8220 = DEFINITIONAL_REPRESENTATION('',(#8221),#8225);
#8221 = LINE('',#8222,#8223);
#8222 = CARTESIAN_POINT('',(6.28318530718,-0.));
#8223 = VECTOR('',#8224,1.);
#8224 = DIRECTION('',(0.,1.));
#8225 = ( GEOMETRIC_REPRESENTATION_CONTEXT(2) 
PARAMETRIC_REPRESENTATION_CONTEXT() REPRESENTATION_CONTEXT('2D SPACE',''
  ) );
#8226 = ORIENTED_EDGE('',*,*,#8227,.F.);
#8227 = EDGE_CURVE('',#8205,#8205,#8228,.T.);
#8228 = SURFACE_CURVE('',#8229,(#8234,#8241),.PCURVE_S1.);
#8229 = CIRCLE('',#8230,4.);
#8230 = AXIS2_PLACEMENT_3D('',#8231,#8232,#8233);
#8231 = CARTESIAN_POINT('',(68.,53.1,448.7));
#8232 = DIRECTION('',(0.,1.,0.));
#8233 = DIRECTION('',(0.,-0.,1.));
#8234 = PCURVE('',#8026,#8235);
#8235 = DEFINITIONAL_REPRESENTATION('',(#8236),#8240);
#8236 = LINE('',#8237,#8238);
#8237 = CARTESIAN_POINT('',(0.,0.6));
#8238 = VECTOR('',#8239,1.);
#8239 = DIRECTION('',(1.,0.));
#8240 = ( GEOMETRIC_REPRESENTATION_CONTEXT(2) 
PARAMETRIC_REPRESENTATION_CONTEXT() REPRESENTATION_CONTEXT('2D SPACE',''
  ) );
#8241 = PCURVE('',#8242,#8247);
#8242 = CYLINDRICAL_SURFACE('',#8243,4.);
#8243 = AXIS2_PLACEMENT_3D('',#8244,#8245,#8246);
#8244 = CARTESIAN_POINT('',(68.,52.5,448.7));
#8245 = DIRECTION('',(0.,1.,0.));
#8246 = DIRECTION('',(0.,-0.,1.));
#8247 = DEFINITIONAL_REPRESENTATION('',(#8248),#8252);
#8248 = LINE('',#8249,#8250);
#8249 = CARTESIAN_POINT('',(0.,0.6));
#8250 = VECTOR('',#8251,1.);
#8251 = DIRECTION('',(1.,0.));
#8252 = ( GEOMETRIC_REPRESENTATION_CONTEXT(2) 
PARAMETRIC_REPRESENTATION_CONTEXT() REPRESENTATION_CONTEXT('2D SPACE',''
  ) );
#8253 = ORIENTED_EDGE('',*,*,#8204,.F.);
#8254 = ORIENTED_EDGE('',*,*,#8255,.T.);
#8255 = EDGE_CURVE('',#8181,#8092,#8256,.T.);
#8256 = SURFACE_CURVE('',#8257,(#8262,#8269),.PCURVE_S1.);
#8257 = CIRCLE('',#8258,4.);
#8258 = AXIS2_PLACEMENT_3D('',#8259,#8260,#8261);
#8259 = CARTESIAN_POINT('',(68.,52.5,448.7));
#8260 = DIRECTION('',(0.,1.,0.));
#8261 = DIRECTION('',(0.,-0.,1.));
#8262 = PCURVE('',#8026,#8263);
#8263 = DEFINITIONAL_REPRESENTATION('',(#8264),#8268);
#8264 = LINE('',#8265,#8266);
#8265 = CARTESIAN_POINT('',(0.,0.));
#8266 = VECTOR('',#8267,1.);
#8267 = DIRECTION('',(1.,0.));
#8268 = ( GEOMETRIC_REPRESENTATION_CONTEXT(2) 
PARAMETRIC_REPRESENTATION_CONTEXT() REPRESENTATION_CONTEXT('2D SPACE',''
  ) );
#8269 = PCURVE('',#8127,#8270);
#8270 = DEFINITIONAL_REPRESENTATION('',(#8271),#8275);
#8271 = CIRCLE('',#8272,4.);
#8272 = AXIS2_PLACEMENT_2D('',#8273,#8274);
#8273 = CARTESIAN_POINT('',(0.,0.));
#8274 = DIRECTION('',(1.,0.));
#8275 = ( GEOMETRIC_REPRESENTATION_CONTEXT(2) 
PARAMETRIC_REPRESENTATION_CONTEXT() REPRESENTATION_CONTEXT('2D SPACE',''
  ) );
#8276 = ORIENTED_EDGE('',*,*,#8091,.T.);
#8277 = ORIENTED_EDGE('',*,*,#8011,.T.);
#8278 = ORIENTED_EDGE('',*,*,#8138,.F.);
#8279 = ADVANCED_FACE('',(#8280),#8242,.F.);
#8280 = FACE_BOUND('',#8281,.F.);
#8281 = EDGE_LOOP('',(#8282,#8283,#8306,#8333));
#8282 = ORIENTED_EDGE('',*,*,#8227,.T.);
#8283 = ORIENTED_EDGE('',*,*,#8284,.T.);
#8284 = EDGE_CURVE('',#8205,#8285,#8287,.T.);
#8285 = VERTEX_POINT('',#8286);
#8286 = CARTESIAN_POINT('',(68.,57.5,452.7));
#8287 = SEAM_CURVE('',#8288,(#8292,#8299),.PCURVE_S1.);
#8288 = LINE('',#8289,#8290);
#8289 = CARTESIAN_POINT('',(68.,52.5,452.7));
#8290 = VECTOR('',#8291,1.);
#8291 = DIRECTION('',(0.,1.,0.));
#8292 = PCURVE('',#8242,#8293);
#8293 = DEFINITIONAL_REPRESENTATION('',(#8294),#8298);
#8294 = LINE('',#8295,#8296);
#8295 = CARTESIAN_POINT('',(0.,-0.));
#8296 = VECTOR('',#8297,1.);
#8297 = DIRECTION('',(0.,1.));
#8298 = ( GEOMETRIC_REPRESENTATION_CONTEXT(2) 
PARAMETRIC_REPRESENTATION_CONTEXT() REPRESENTATION_CONTEXT('2D SPACE',''
  ) );
#8299 = PCURVE('',#8242,#8300);
#8300 = DEFINITIONAL_REPRESENTATION('',(#8301),#8305);
#8301 = LINE('',#8302,#8303);
#8302 = CARTESIAN_POINT('',(6.28318530718,-0.));
#8303 = VECTOR('',#8304,1.);
#8304 = DIRECTION('',(0.,1.));
#8305 = ( GEOMETRIC_REPRESENTATION_CONTEXT(2) 
PARAMETRIC_REPRESENTATION_CONTEXT() REPRESENTATION_CONTEXT('2D SPACE',''
  ) );
#8306 = ORIENTED_EDGE('',*,*,#8307,.F.);
#8307 = EDGE_CURVE('',#8285,#8285,#8308,.T.);
#8308 = SURFACE_CURVE('',#8309,(#8314,#8321),.PCURVE_S1.);
#8309 = CIRCLE('',#8310,4.);
#8310 = AXIS2_PLACEMENT_3D('',#8311,#8312,#8313);
#8311 = CARTESIAN_POINT('',(68.,57.5,448.7));
#8312 = DIRECTION('',(0.,1.,0.));
#8313 = DIRECTION('',(0.,-0.,1.));
#8314 = PCURVE('',#8242,#8315);
#8315 = DEFINITIONAL_REPRESENTATION('',(#8316),#8320);
#8316 = LINE('',#8317,#8318);
#8317 = CARTESIAN_POINT('',(0.,5.));
#8318 = VECTOR('',#8319,1.);
#8319 = DIRECTION('',(1.,0.));
#8320 = ( GEOMETRIC_REPRESENTATION_CONTEXT(2) 
PARAMETRIC_REPRESENTATION_CONTEXT() REPRESENTATION_CONTEXT('2D SPACE',''
  ) );
#8321 = PCURVE('',#8322,#8327);
#8322 = PLANE('',#8323);
#8323 = AXIS2_PLACEMENT_3D('',#8324,#8325,#8326);
#8324 = CARTESIAN_POINT('',(68.,57.5,448.7));
#8325 = DIRECTION('',(0.,1.,0.));
#8326 = DIRECTION('',(0.,-0.,1.));
#8327 = DEFINITIONAL_REPRESENTATION('',(#8328),#8332);
#8328 = CIRCLE('',#8329,4.);
#8329 = AXIS2_PLACEMENT_2D('',#8330,#8331);
#8330 = CARTESIAN_POINT('',(0.,0.));
#8331 = DIRECTION('',(1.,0.));
#8332 = ( GEOMETRIC_REPRESENTATION_CONTEXT(2) 
PARAMETRIC_REPRESENTATION_CONTEXT() REPRESENTATION_CONTEXT('2D SPACE',''
  ) );
#8333 = ORIENTED_EDGE('',*,*,#8284,.F.);
#8334 = ADVANCED_FACE('',(#8335),#7976,.T.);
#8335 = FACE_BOUND('',#8336,.T.);
#8336 = EDGE_LOOP('',(#8337,#8362,#8389,#8390,#8412,#8413,#8414,#8415));
#8337 = ORIENTED_EDGE('',*,*,#8338,.T.);
#8338 = EDGE_CURVE('',#8339,#8341,#8343,.T.);
#8339 = VERTEX_POINT('',#8340);
#8340 = CARTESIAN_POINT('',(68.,18.,453.2));
#8341 = VERTEX_POINT('',#8342);
#8342 = CARTESIAN_POINT('',(68.,53.1,453.2));
#8343 = SEAM_CURVE('',#8344,(#8348,#8355),.PCURVE_S1.);
#8344 = LINE('',#8345,#8346);
#8345 = CARTESIAN_POINT('',(68.,17.,453.2));
#8346 = VECTOR('',#8347,1.);
#8347 = DIRECTION('',(0.,1.,0.));
#8348 = PCURVE('',#7976,#8349);
#8349 = DEFINITIONAL_REPRESENTATION('',(#8350),#8354);
#8350 = LINE('',#8351,#8352);
#8351 = CARTESIAN_POINT('',(6.28318530718,-0.));
#8352 = VECTOR('',#8353,1.);
#8353 = DIRECTION('',(0.,1.));
#8354 = ( GEOMETRIC_REPRESENTATION_CONTEXT(2) 
PARAMETRIC_REPRESENTATION_CONTEXT() REPRESENTATION_CONTEXT('2D SPACE',''
  ) );
#8355 = PCURVE('',#7976,#8356);
#8356 = DEFINITIONAL_REPRESENTATION('',(#8357),#8361);
#8357 = LINE('',#8358,#8359);
#8358 = CARTESIAN_POINT('',(0.,-0.));
#8359 = VECTOR('',#8360,1.);
#8360 = DIRECTION('',(0.,1.));
#8361 = ( GEOMETRIC_REPRESENTATION_CONTEXT(2) 
PARAMETRIC_REPRESENTATION_CONTEXT() REPRESENTATION_CONTEXT('2D SPACE',''
  ) );
#8362 = ORIENTED_EDGE('',*,*,#8363,.F.);
#8363 = EDGE_CURVE('',#8341,#8341,#8364,.T.);
#8364 = SURFACE_CURVE('',#8365,(#8370,#8377),.PCURVE_S1.);
#8365 = CIRCLE('',#8366,4.5);
#8366 = AXIS2_PLACEMENT_3D('',#8367,#8368,#8369);
#8367 = CARTESIAN_POINT('',(68.,53.1,448.7));
#8368 = DIRECTION('',(0.,1.,0.));
#8369 = DIRECTION('',(0.,-0.,1.));
#8370 = PCURVE('',#7976,#8371);
#8371 = DEFINITIONAL_REPRESENTATION('',(#8372),#8376);
#8372 = LINE('',#8373,#8374);
#8373 = CARTESIAN_POINT('',(0.,36.1));
#8374 = VECTOR('',#8375,1.);
#8375 = DIRECTION('',(1.,0.));
#8376 = ( GEOMETRIC_REPRESENTATION_CONTEXT(2) 
PARAMETRIC_REPRESENTATION_CONTEXT() REPRESENTATION_CONTEXT('2D SPACE',''
  ) );
#8377 = PCURVE('',#8378,#8383);
#8378 = PLANE('',#8379);
#8379 = AXIS2_PLACEMENT_3D('',#8380,#8381,#8382);
#8380 = CARTESIAN_POINT('',(68.,53.1,448.7));
#8381 = DIRECTION('',(0.,1.,0.));
#8382 = DIRECTION('',(0.,-0.,1.));
#8383 = DEFINITIONAL_REPRESENTATION('',(#8384),#8388);
#8384 = CIRCLE('',#8385,4.5);
#8385 = AXIS2_PLACEMENT_2D('',#8386,#8387);
#8386 = CARTESIAN_POINT('',(0.,0.));
#8387 = DIRECTION('',(1.,0.));
#8388 = ( GEOMETRIC_REPRESENTATION_CONTEXT(2) 
PARAMETRIC_REPRESENTATION_CONTEXT() REPRESENTATION_CONTEXT('2D SPACE',''
  ) );
#8389 = ORIENTED_EDGE('',*,*,#8338,.F.);
#8390 = ORIENTED_EDGE('',*,*,#8391,.T.);
#8391 = EDGE_CURVE('',#8339,#8042,#8392,.T.);
#8392 = SURFACE_CURVE('',#8393,(#8398,#8405),.PCURVE_S1.);
#8393 = CIRCLE('',#8394,4.5);
#8394 = AXIS2_PLACEMENT_3D('',#8395,#8396,#8397);
#8395 = CARTESIAN_POINT('',(68.,18.,448.7));
#8396 = DIRECTION('',(0.,1.,0.));
#8397 = DIRECTION('',(0.,-0.,1.));
#8398 = PCURVE('',#7976,#8399);
#8399 = DEFINITIONAL_REPRESENTATION('',(#8400),#8404);
#8400 = LINE('',#8401,#8402);
#8401 = CARTESIAN_POINT('',(0.,1.));
#8402 = VECTOR('',#8403,1.);
#8403 = DIRECTION('',(1.,0.));
#8404 = ( GEOMETRIC_REPRESENTATION_CONTEXT(2) 
PARAMETRIC_REPRESENTATION_CONTEXT() REPRESENTATION_CONTEXT('2D SPACE',''
  ) );
#8405 = PCURVE('',#8059,#8406);
#8406 = DEFINITIONAL_REPRESENTATION('',(#8407),#8411);
#8407 = CIRCLE('',#8408,4.5);
#8408 = AXIS2_PLACEMENT_2D('',#8409,#8410);
#8409 = CARTESIAN_POINT('',(22.7,3.));
#8410 = DIRECTION('',(1.,0.));
#8411 = ( GEOMETRIC_REPRESENTATION_CONTEXT(2) 
PARAMETRIC_REPRESENTATION_CONTEXT() REPRESENTATION_CONTEXT('2D SPACE',''
  ) );
#8412 = ORIENTED_EDGE('',*,*,#8071,.T.);
#8413 = ORIENTED_EDGE('',*,*,#7959,.T.);
#8414 = ORIENTED_EDGE('',*,*,#8158,.F.);
#8415 = ORIENTED_EDGE('',*,*,#8416,.T.);
#8416 = EDGE_CURVE('',#8044,#8339,#8417,.T.);
#8417 = SURFACE_CURVE('',#8418,(#8423,#8430),.PCURVE_S1.);
#8418 = CIRCLE('',#8419,4.5);
#8419 = AXIS2_PLACEMENT_3D('',#8420,#8421,#8422);
#8420 = CARTESIAN_POINT('',(68.,18.,448.7));
#8421 = DIRECTION('',(0.,1.,0.));
#8422 = DIRECTION('',(0.,-0.,1.));
#8423 = PCURVE('',#7976,#8424);
#8424 = DEFINITIONAL_REPRESENTATION('',(#8425),#8429);
#8425 = LINE('',#8426,#8427);
#8426 = CARTESIAN_POINT('',(0.,1.));
#8427 = VECTOR('',#8428,1.);
#8428 = DIRECTION('',(1.,0.));
#8429 = ( GEOMETRIC_REPRESENTATION_CONTEXT(2) 
PARAMETRIC_REPRESENTATION_CONTEXT() REPRESENTATION_CONTEXT('2D SPACE',''
  ) );
#8430 = PCURVE('',#8059,#8431);
#8431 = DEFINITIONAL_REPRESENTATION('',(#8432),#8436);
#8432 = CIRCLE('',#8433,4.5);
#8433 = AXIS2_PLACEMENT_2D('',#8434,#8435);
#8434 = CARTESIAN_POINT('',(22.7,3.));
#8435 = DIRECTION('',(1.,0.));
#8436 = ( GEOMETRIC_REPRESENTATION_CONTEXT(2) 
PARAMETRIC_REPRESENTATION_CONTEXT() REPRESENTATION_CONTEXT('2D SPACE',''
  ) );
#8437 = ADVANCED_FACE('',(#8438),#8059,.F.);
#8438 = FACE_BOUND('',#8439,.F.);
#8439 = EDGE_LOOP('',(#8440,#8441,#8442));
#8440 = ORIENTED_EDGE('',*,*,#8391,.T.);
#8441 = ORIENTED_EDGE('',*,*,#8041,.T.);
#8442 = ORIENTED_EDGE('',*,*,#8416,.T.);
#8443 = ADVANCED_FACE('',(#8444,#8449),#8127,.T.);
#8444 = FACE_BOUND('',#8445,.T.);
#8445 = EDGE_LOOP('',(#8446,#8447,#8448));
#8446 = ORIENTED_EDGE('',*,*,#8180,.T.);
#8447 = ORIENTED_EDGE('',*,*,#8255,.T.);
#8448 = ORIENTED_EDGE('',*,*,#8112,.T.);
#8449 = FACE_BOUND('',#8450,.T.);
#8450 = EDGE_LOOP('',(#8451));
#8451 = ORIENTED_EDGE('',*,*,#8452,.F.);
#8452 = EDGE_CURVE('',#8453,#8453,#8455,.T.);
#8453 = VERTEX_POINT('',#8454);
#8454 = CARTESIAN_POINT('',(68.,52.5,450.95));
#8455 = SURFACE_CURVE('',#8456,(#8461,#8468),.PCURVE_S1.);
#8456 = CIRCLE('',#8457,2.25);
#8457 = AXIS2_PLACEMENT_3D('',#8458,#8459,#8460);
#8458 = CARTESIAN_POINT('',(68.,52.5,448.7));
#8459 = DIRECTION('',(0.,1.,0.));
#8460 = DIRECTION('',(0.,-0.,1.));
#8461 = PCURVE('',#8127,#8462);
#8462 = DEFINITIONAL_REPRESENTATION('',(#8463),#8467);
#8463 = CIRCLE('',#8464,2.25);
#8464 = AXIS2_PLACEMENT_2D('',#8465,#8466);
#8465 = CARTESIAN_POINT('',(0.,0.));
#8466 = DIRECTION('',(1.,0.));
#8467 = ( GEOMETRIC_REPRESENTATION_CONTEXT(2) 
PARAMETRIC_REPRESENTATION_CONTEXT() REPRESENTATION_CONTEXT('2D SPACE',''
  ) );
#8468 = PCURVE('',#8469,#8474);
#8469 = PLANE('',#8470);
#8470 = AXIS2_PLACEMENT_3D('',#8471,#8472,#8473);
#8471 = CARTESIAN_POINT('',(68.,52.5,448.7));
#8472 = DIRECTION('',(0.,1.,0.));
#8473 = DIRECTION('',(0.,-0.,1.));
#8474 = DEFINITIONAL_REPRESENTATION('',(#8475),#8479);
#8475 = CIRCLE('',#8476,2.25);
#8476 = AXIS2_PLACEMENT_2D('',#8477,#8478);
#8477 = CARTESIAN_POINT('',(0.,0.));
#8478 = DIRECTION('',(1.,0.));
#8479 = ( GEOMETRIC_REPRESENTATION_CONTEXT(2) 
PARAMETRIC_REPRESENTATION_CONTEXT() REPRESENTATION_CONTEXT('2D SPACE',''
  ) );
#8480 = ADVANCED_FACE('',(#8481),#8469,.T.);
#8481 = FACE_BOUND('',#8482,.F.);
#8482 = EDGE_LOOP('',(#8483));
#8483 = ORIENTED_EDGE('',*,*,#8452,.F.);
#8484 = ADVANCED_FACE('',(#8485,#8488),#8322,.F.);
#8485 = FACE_BOUND('',#8486,.F.);
#8486 = EDGE_LOOP('',(#8487));
#8487 = ORIENTED_EDGE('',*,*,#8307,.T.);
#8488 = FACE_BOUND('',#8489,.F.);
#8489 = EDGE_LOOP('',(#8490));
#8490 = ORIENTED_EDGE('',*,*,#8491,.F.);
#8491 = EDGE_CURVE('',#8492,#8492,#8494,.T.);
#8492 = VERTEX_POINT('',#8493);
#8493 = CARTESIAN_POINT('',(68.,57.5,450.95));
#8494 = SURFACE_CURVE('',#8495,(#8500,#8507),.PCURVE_S1.);
#8495 = CIRCLE('',#8496,2.25);
#8496 = AXIS2_PLACEMENT_3D('',#8497,#8498,#8499);
#8497 = CARTESIAN_POINT('',(68.,57.5,448.7));
#8498 = DIRECTION('',(0.,1.,0.));
#8499 = DIRECTION('',(0.,-0.,1.));
#8500 = PCURVE('',#8322,#8501);
#8501 = DEFINITIONAL_REPRESENTATION('',(#8502),#8506);
#8502 = CIRCLE('',#8503,2.25);
#8503 = AXIS2_PLACEMENT_2D('',#8504,#8505);
#8504 = CARTESIAN_POINT('',(0.,0.));
#8505 = DIRECTION('',(1.,0.));
#8506 = ( GEOMETRIC_REPRESENTATION_CONTEXT(2) 
PARAMETRIC_REPRESENTATION_CONTEXT() REPRESENTATION_CONTEXT('2D SPACE',''
  ) );
#8507 = PCURVE('',#8508,#8513);
#8508 = PLANE('',#8509);
#8509 = AXIS2_PLACEMENT_3D('',#8510,#8511,#8512);
#8510 = CARTESIAN_POINT('',(68.,57.5,448.7));
#8511 = DIRECTION('',(0.,1.,0.));
#8512 = DIRECTION('',(0.,-0.,1.));
#8513 = DEFINITIONAL_REPRESENTATION('',(#8514),#8518);
#8514 = CIRCLE('',#8515,2.25);
#8515 = AXIS2_PLACEMENT_2D('',#8516,#8517);
#8516 = CARTESIAN_POINT('',(0.,0.));
#8517 = DIRECTION('',(1.,0.));
#8518 = ( GEOMETRIC_REPRESENTATION_CONTEXT(2) 
PARAMETRIC_REPRESENTATION_CONTEXT() REPRESENTATION_CONTEXT('2D SPACE',''
  ) );
#8519 = ADVANCED_FACE('',(#8520),#8508,.F.);
#8520 = FACE_BOUND('',#8521,.F.);
#8521 = EDGE_LOOP('',(#8522));
#8522 = ORIENTED_EDGE('',*,*,#8491,.T.);
#8523 = ADVANCED_FACE('',(#8524,#8527),#8378,.T.);
#8524 = FACE_BOUND('',#8525,.T.);
#8525 = EDGE_LOOP('',(#8526));
#8526 = ORIENTED_EDGE('',*,*,#8363,.T.);
#8527 = FACE_BOUND('',#8528,.T.);
#8528 = EDGE_LOOP('',(#8529));
#8529 = ORIENTED_EDGE('',*,*,#8227,.F.);
#8530 = ADVANCED_FACE('',(#8531),#8534,.T.);
#8531 = FACE_BOUND('',#8532,.T.);
#8532 = EDGE_LOOP('',(#8533));
#8533 = ORIENTED_EDGE('',*,*,#8227,.T.);
#8534 = PLANE('',#8535);
#8535 = AXIS2_PLACEMENT_3D('',#8536,#8537,#8538);
#8536 = CARTESIAN_POINT('',(68.,53.1,448.7));
#8537 = DIRECTION('',(0.,1.,0.));
#8538 = DIRECTION('',(0.,-0.,1.));
#8539 = ( GEOMETRIC_REPRESENTATION_CONTEXT(3) 
GLOBAL_UNCERTAINTY_ASSIGNED_CONTEXT((#8543)) 
GLOBAL_UNIT_ASSIGNED_CONTEXT((#8540,#8541,#8542)) REPRESENTATION_CONTEXT
('Context #1','3D Context with UNIT and UNCERTAINTY') );
#8540 = ( LENGTH_UNIT() NAMED_UNIT(*) SI_UNIT(.MILLI.,.METRE.) );
#8541 = ( NAMED_UNIT(*) PLANE_ANGLE_UNIT() SI_UNIT($,.RADIAN.) );
#8542 = ( NAMED_UNIT(*) SI_UNIT($,.STERADIAN.) SOLID_ANGLE_UNIT() );
#8543 = UNCERTAINTY_MEASURE_WITH_UNIT(LENGTH_MEASURE(1.E-07),#8540,
  'distance_accuracy_value','confusion accuracy');
#8544 = CONTEXT_DEPENDENT_SHAPE_REPRESENTATION(#8545,#8547);
#8545 = ( REPRESENTATION_RELATIONSHIP('','',#7917,#10) 
REPRESENTATION_RELATIONSHIP_WITH_TRANSFORMATION(#8546) 
SHAPE_REPRESENTATION_RELATIONSHIP() );
#8546 = ITEM_DEFINED_TRANSFORMATION('','',#11,#43);
#8547 = PRODUCT_DEFINITION_SHAPE('Placement','Placement of an item',
  #8548);
#8548 = NEXT_ASSEMBLY_USAGE_OCCURRENCE('13','','',#5,#7912,$);
#8549 = PRODUCT_RELATED_PRODUCT_CATEGORY('part',$,(#7914));
#8550 = SHAPE_DEFINITION_REPRESENTATION(#8551,#8557);
#8551 = PRODUCT_DEFINITION_SHAPE('','',#8552);
#8552 = PRODUCT_DEFINITION('design','',#8553,#8556);
#8553 = PRODUCT_DEFINITION_FORMATION('','',#8554);
#8554 = PRODUCT('Open CASCADE STEP translator 7.9 16.9',
  'Open CASCADE STEP translator 7.9 16.9','',(#8555));
#8555 = PRODUCT_CONTEXT('',#2,'mechanical');
#8556 = PRODUCT_DEFINITION_CONTEXT('part definition',#2,'design');
#8557 = ADVANCED_BREP_SHAPE_REPRESENTATION('',(#11,#8558),#9179);
#8558 = MANIFOLD_SOLID_BREP('',#8559);
#8559 = CLOSED_SHELL('',(#8560,#8677,#8816,#8919,#8974,#9077,#9083,#9120
    ,#9124,#9159,#9163,#9170));
#8560 = ADVANCED_FACE('',(#8561),#8575,.F.);
#8561 = FACE_BOUND('',#8562,.F.);
#8562 = EDGE_LOOP('',(#8563,#8598,#8627,#8650));
#8563 = ORIENTED_EDGE('',*,*,#8564,.F.);
#8564 = EDGE_CURVE('',#8565,#8567,#8569,.T.);
#8565 = VERTEX_POINT('',#8566);
#8566 = CARTESIAN_POINT('',(65.,53.,471.34589803375));
#8567 = VERTEX_POINT('',#8568);
#8568 = CARTESIAN_POINT('',(65.,53.,472.05424868894));
#8569 = SURFACE_CURVE('',#8570,(#8574,#8586),.PCURVE_S1.);
#8570 = LINE('',#8571,#8572);
#8571 = CARTESIAN_POINT('',(65.,53.,426.));
#8572 = VECTOR('',#8573,1.);
#8573 = DIRECTION('',(0.,0.,1.));
#8574 = PCURVE('',#8575,#8580);
#8575 = PLANE('',#8576);
#8576 = AXIS2_PLACEMENT_3D('',#8577,#8578,#8579);
#8577 = CARTESIAN_POINT('',(-75.,53.,426.));
#8578 = DIRECTION('',(0.,1.,0.));
#8579 = DIRECTION('',(0.,0.,1.));
#8580 = DEFINITIONAL_REPRESENTATION('',(#8581),#8585);
#8581 = LINE('',#8582,#8583);
#8582 = CARTESIAN_POINT('',(0.,140.));
#8583 = VECTOR('',#8584,1.);
#8584 = DIRECTION('',(1.,0.));
#8585 = ( GEOMETRIC_REPRESENTATION_CONTEXT(2) 
PARAMETRIC_REPRESENTATION_CONTEXT() REPRESENTATION_CONTEXT('2D SPACE',''
  ) );
#8586 = PCURVE('',#8587,#8592);
#8587 = PLANE('',#8588);
#8588 = AXIS2_PLACEMENT_3D('',#8589,#8590,#8591);
#8589 = CARTESIAN_POINT('',(65.,18.,426.));
#8590 = DIRECTION('',(1.,0.,0.));
#8591 = DIRECTION('',(0.,0.,1.));
#8592 = DEFINITIONAL_REPRESENTATION('',(#8593),#8597);
#8593 = LINE('',#8594,#8595);
#8594 = CARTESIAN_POINT('',(0.,-35.));
#8595 = VECTOR('',#8596,1.);
#8596 = DIRECTION('',(1.,0.));
#8597 = ( GEOMETRIC_REPRESENTATION_CONTEXT(2) 
PARAMETRIC_REPRESENTATION_CONTEXT() REPRESENTATION_CONTEXT('2D SPACE',''
  ) );
#8598 = ORIENTED_EDGE('',*,*,#8599,.T.);
#8599 = EDGE_CURVE('',#8565,#8600,#8602,.T.);
#8600 = VERTEX_POINT('',#8601);
#8601 = CARTESIAN_POINT('',(65.,53.,478.05410196624));
#8602 = SURFACE_CURVE('',#8603,(#8608,#8615),.PCURVE_S1.);
#8603 = CIRCLE('',#8604,4.5);
#8604 = AXIS2_PLACEMENT_3D('',#8605,#8606,#8607);
#8605 = CARTESIAN_POINT('',(68.,53.,474.7));
#8606 = DIRECTION('',(0.,1.,0.));
#8607 = DIRECTION('',(0.,-0.,1.));
#8608 = PCURVE('',#8575,#8609);
#8609 = DEFINITIONAL_REPRESENTATION('',(#8610),#8614);
#8610 = CIRCLE('',#8611,4.5);
#8611 = AXIS2_PLACEMENT_2D('',#8612,#8613);
#8612 = CARTESIAN_POINT('',(48.7,143.));
#8613 = DIRECTION('',(1.,0.));
#8614 = ( GEOMETRIC_REPRESENTATION_CONTEXT(2) 
PARAMETRIC_REPRESENTATION_CONTEXT() REPRESENTATION_CONTEXT('2D SPACE',''
  ) );
#8615 = PCURVE('',#8616,#8621);
#8616 = CYLINDRICAL_SURFACE('',#8617,4.5);
#8617 = AXIS2_PLACEMENT_3D('',#8618,#8619,#8620);
#8618 = CARTESIAN_POINT('',(68.,17.,474.7));
#8619 = DIRECTION('',(0.,1.,0.));
#8620 = DIRECTION('',(0.,-0.,1.));
#8621 = DEFINITIONAL_REPRESENTATION('',(#8622),#8626);
#8622 = LINE('',#8623,#8624);
#8623 = CARTESIAN_POINT('',(0.,36.));
#8624 = VECTOR('',#8625,1.);
#8625 = DIRECTION('',(1.,0.));
#8626 = ( GEOMETRIC_REPRESENTATION_CONTEXT(2) 
PARAMETRIC_REPRESENTATION_CONTEXT() REPRESENTATION_CONTEXT('2D SPACE',''
  ) );
#8627 = ORIENTED_EDGE('',*,*,#8628,.F.);
#8628 = EDGE_CURVE('',#8629,#8600,#8631,.T.);
#8629 = VERTEX_POINT('',#8630);
#8630 = CARTESIAN_POINT('',(65.,53.,477.34575131105));
#8631 = SURFACE_CURVE('',#8632,(#8636,#8643),.PCURVE_S1.);
#8632 = LINE('',#8633,#8634);
#8633 = CARTESIAN_POINT('',(65.,53.,426.));
#8634 = VECTOR('',#8635,1.);
#8635 = DIRECTION('',(0.,0.,1.));
#8636 = PCURVE('',#8575,#8637);
#8637 = DEFINITIONAL_REPRESENTATION('',(#8638),#8642);
#8638 = LINE('',#8639,#8640);
#8639 = CARTESIAN_POINT('',(0.,140.));
#8640 = VECTOR('',#8641,1.);
#8641 = DIRECTION('',(1.,0.));
#8642 = ( GEOMETRIC_REPRESENTATION_CONTEXT(2) 
PARAMETRIC_REPRESENTATION_CONTEXT() REPRESENTATION_CONTEXT('2D SPACE',''
  ) );
#8643 = PCURVE('',#8587,#8644);
#8644 = DEFINITIONAL_REPRESENTATION('',(#8645),#8649);
#8645 = LINE('',#8646,#8647);
#8646 = CARTESIAN_POINT('',(0.,-35.));
#8647 = VECTOR('',#8648,1.);
#8648 = DIRECTION('',(1.,0.));
#8649 = ( GEOMETRIC_REPRESENTATION_CONTEXT(2) 
PARAMETRIC_REPRESENTATION_CONTEXT() REPRESENTATION_CONTEXT('2D SPACE',''
  ) );
#8650 = ORIENTED_EDGE('',*,*,#8651,.F.);
#8651 = EDGE_CURVE('',#8567,#8629,#8652,.T.);
#8652 = SURFACE_CURVE('',#8653,(#8658,#8665),.PCURVE_S1.);
#8653 = CIRCLE('',#8654,4.);
#8654 = AXIS2_PLACEMENT_3D('',#8655,#8656,#8657);
#8655 = CARTESIAN_POINT('',(68.,53.,474.7));
#8656 = DIRECTION('',(0.,1.,0.));
#8657 = DIRECTION('',(0.,-0.,1.));
#8658 = PCURVE('',#8575,#8659);
#8659 = DEFINITIONAL_REPRESENTATION('',(#8660),#8664);
#8660 = CIRCLE('',#8661,4.);
#8661 = AXIS2_PLACEMENT_2D('',#8662,#8663);
#8662 = CARTESIAN_POINT('',(48.7,143.));
#8663 = DIRECTION('',(1.,0.));
#8664 = ( GEOMETRIC_REPRESENTATION_CONTEXT(2) 
PARAMETRIC_REPRESENTATION_CONTEXT() REPRESENTATION_CONTEXT('2D SPACE',''
  ) );
#8665 = PCURVE('',#8666,#8671);
#8666 = CYLINDRICAL_SURFACE('',#8667,4.);
#8667 = AXIS2_PLACEMENT_3D('',#8668,#8669,#8670);
#8668 = CARTESIAN_POINT('',(68.,52.5,474.7));
#8669 = DIRECTION('',(0.,1.,0.));
#8670 = DIRECTION('',(0.,-0.,1.));
#8671 = DEFINITIONAL_REPRESENTATION('',(#8672),#8676);
#8672 = LINE('',#8673,#8674);
#8673 = CARTESIAN_POINT('',(0.,0.5));
#8674 = VECTOR('',#8675,1.);
#8675 = DIRECTION('',(1.,0.));
#8676 = ( GEOMETRIC_REPRESENTATION_CONTEXT(2) 
PARAMETRIC_REPRESENTATION_CONTEXT() REPRESENTATION_CONTEXT('2D SPACE',''
  ) );
#8677 = ADVANCED_FACE('',(#8678),#8587,.F.);
#8678 = FACE_BOUND('',#8679,.F.);
#8679 = EDGE_LOOP('',(#8680,#8710,#8729,#8730,#8751,#8777,#8796,#8797));
#8680 = ORIENTED_EDGE('',*,*,#8681,.F.);
#8681 = EDGE_CURVE('',#8682,#8684,#8686,.T.);
#8682 = VERTEX_POINT('',#8683);
#8683 = CARTESIAN_POINT('',(65.,18.,471.34589803375));
#8684 = VERTEX_POINT('',#8685);
#8685 = CARTESIAN_POINT('',(65.,18.,478.05410196624));
#8686 = SURFACE_CURVE('',#8687,(#8691,#8698),.PCURVE_S1.);
#8687 = LINE('',#8688,#8689);
#8688 = CARTESIAN_POINT('',(65.,18.,426.));
#8689 = VECTOR('',#8690,1.);
#8690 = DIRECTION('',(0.,0.,1.));
#8691 = PCURVE('',#8587,#8692);
#8692 = DEFINITIONAL_REPRESENTATION('',(#8693),#8697);
#8693 = LINE('',#8694,#8695);
#8694 = CARTESIAN_POINT('',(0.,0.));
#8695 = VECTOR('',#8696,1.);
#8696 = DIRECTION('',(1.,0.));
#8697 = ( GEOMETRIC_REPRESENTATION_CONTEXT(2) 
PARAMETRIC_REPRESENTATION_CONTEXT() REPRESENTATION_CONTEXT('2D SPACE',''
  ) );
#8698 = PCURVE('',#8699,#8704);
#8699 = PLANE('',#8700);
#8700 = AXIS2_PLACEMENT_3D('',#8701,#8702,#8703);
#8701 = CARTESIAN_POINT('',(65.,18.,426.));
#8702 = DIRECTION('',(0.,1.,0.));
#8703 = DIRECTION('',(0.,0.,1.));
#8704 = DEFINITIONAL_REPRESENTATION('',(#8705),#8709);
#8705 = LINE('',#8706,#8707);
#8706 = CARTESIAN_POINT('',(0.,0.));
#8707 = VECTOR('',#8708,1.);
#8708 = DIRECTION('',(1.,0.));
#8709 = ( GEOMETRIC_REPRESENTATION_CONTEXT(2) 
PARAMETRIC_REPRESENTATION_CONTEXT() REPRESENTATION_CONTEXT('2D SPACE',''
  ) );
#8710 = ORIENTED_EDGE('',*,*,#8711,.T.);
#8711 = EDGE_CURVE('',#8682,#8565,#8712,.T.);
#8712 = SURFACE_CURVE('',#8713,(#8717,#8723),.PCURVE_S1.);
#8713 = LINE('',#8714,#8715);
#8714 = CARTESIAN_POINT('',(65.,17.,471.34589803375));
#8715 = VECTOR('',#8716,1.);
#8716 = DIRECTION('',(0.,1.,0.));
#8717 = PCURVE('',#8587,#8718);
#8718 = DEFINITIONAL_REPRESENTATION('',(#8719),#8722);
#8719 = B_SPLINE_CURVE_WITH_KNOTS('',1,(#8720,#8721),.UNSPECIFIED.,.F.,
  .F.,(2,2),(-5.999999999062E-07,36.1000006),.PIECEWISE_BEZIER_KNOTS.);
#8720 = CARTESIAN_POINT('',(45.34589803375,1.0000006));
#8721 = CARTESIAN_POINT('',(45.34589803375,-35.1000006));
#8722 = ( GEOMETRIC_REPRESENTATION_CONTEXT(2) 
PARAMETRIC_REPRESENTATION_CONTEXT() REPRESENTATION_CONTEXT('2D SPACE',''
  ) );
#8723 = PCURVE('',#8616,#8724);
#8724 = DEFINITIONAL_REPRESENTATION('',(#8725),#8728);
#8725 = B_SPLINE_CURVE_WITH_KNOTS('',1,(#8726,#8727),.UNSPECIFIED.,.F.,
  .F.,(2,2),(-5.999999999062E-07,36.1000006),.PIECEWISE_BEZIER_KNOTS.);
#8726 = CARTESIAN_POINT('',(3.871320309817,-5.999999999062E-07));
#8727 = CARTESIAN_POINT('',(3.871320309817,36.1000006));
#8728 = ( GEOMETRIC_REPRESENTATION_CONTEXT(2) 
PARAMETRIC_REPRESENTATION_CONTEXT() REPRESENTATION_CONTEXT('2D SPACE',''
  ) );
#8729 = ORIENTED_EDGE('',*,*,#8564,.T.);
#8730 = ORIENTED_EDGE('',*,*,#8731,.F.);
#8731 = EDGE_CURVE('',#8732,#8567,#8734,.T.);
#8732 = VERTEX_POINT('',#8733);
#8733 = CARTESIAN_POINT('',(65.,52.5,472.05424868893));
#8734 = SURFACE_CURVE('',#8735,(#8739,#8745),.PCURVE_S1.);
#8735 = LINE('',#8736,#8737);
#8736 = CARTESIAN_POINT('',(65.,52.5,472.05424868893));
#8737 = VECTOR('',#8738,1.);
#8738 = DIRECTION('',(0.,1.,0.));
#8739 = PCURVE('',#8587,#8740);
#8740 = DEFINITIONAL_REPRESENTATION('',(#8741),#8744);
#8741 = B_SPLINE_CURVE_WITH_KNOTS('',1,(#8742,#8743),.UNSPECIFIED.,.F.,
  .F.,(2,2),(-5.999999999062E-07,4.),.PIECEWISE_BEZIER_KNOTS.);
#8742 = CARTESIAN_POINT('',(46.054248688935,-34.4999994));
#8743 = CARTESIAN_POINT('',(46.054248688935,-38.5));
#8744 = ( GEOMETRIC_REPRESENTATION_CONTEXT(2) 
PARAMETRIC_REPRESENTATION_CONTEXT() REPRESENTATION_CONTEXT('2D SPACE',''
  ) );
#8745 = PCURVE('',#8666,#8746);
#8746 = DEFINITIONAL_REPRESENTATION('',(#8747),#8750);
#8747 = B_SPLINE_CURVE_WITH_KNOTS('',1,(#8748,#8749),.UNSPECIFIED.,.F.,
  .F.,(2,2),(-5.999999999062E-07,4.),.PIECEWISE_BEZIER_KNOTS.);
#8748 = CARTESIAN_POINT('',(3.989654732571,-5.999999999062E-07));
#8749 = CARTESIAN_POINT('',(3.989654732571,4.));
#8750 = ( GEOMETRIC_REPRESENTATION_CONTEXT(2) 
PARAMETRIC_REPRESENTATION_CONTEXT() REPRESENTATION_CONTEXT('2D SPACE',''
  ) );
#8751 = ORIENTED_EDGE('',*,*,#8752,.T.);
#8752 = EDGE_CURVE('',#8732,#8753,#8755,.T.);
#8753 = VERTEX_POINT('',#8754);
#8754 = CARTESIAN_POINT('',(65.,52.5,477.34575131106));
#8755 = SURFACE_CURVE('',#8756,(#8760,#8766),.PCURVE_S1.);
#8756 = LINE('',#8757,#8758);
#8757 = CARTESIAN_POINT('',(65.,52.5,450.35));
#8758 = VECTOR('',#8759,1.);
#8759 = DIRECTION('',(0.,0.,1.));
#8760 = PCURVE('',#8587,#8761);
#8761 = DEFINITIONAL_REPRESENTATION('',(#8762),#8765);
#8762 = B_SPLINE_CURVE_WITH_KNOTS('',1,(#8763,#8764),.UNSPECIFIED.,.F.,
  .F.,(2,2),(20.35,28.35),.PIECEWISE_BEZIER_KNOTS.);
#8763 = CARTESIAN_POINT('',(44.7,-34.5));
#8764 = CARTESIAN_POINT('',(52.7,-34.5));
#8765 = ( GEOMETRIC_REPRESENTATION_CONTEXT(2) 
PARAMETRIC_REPRESENTATION_CONTEXT() REPRESENTATION_CONTEXT('2D SPACE',''
  ) );
#8766 = PCURVE('',#8767,#8772);
#8767 = PLANE('',#8768);
#8768 = AXIS2_PLACEMENT_3D('',#8769,#8770,#8771);
#8769 = CARTESIAN_POINT('',(68.,52.5,474.7));
#8770 = DIRECTION('',(0.,1.,0.));
#8771 = DIRECTION('',(0.,-0.,1.));
#8772 = DEFINITIONAL_REPRESENTATION('',(#8773),#8776);
#8773 = B_SPLINE_CURVE_WITH_KNOTS('',1,(#8774,#8775),.UNSPECIFIED.,.F.,
  .F.,(2,2),(20.35,28.35),.PIECEWISE_BEZIER_KNOTS.);
#8774 = CARTESIAN_POINT('',(-4.,-3.));
#8775 = CARTESIAN_POINT('',(4.,-3.));
#8776 = ( GEOMETRIC_REPRESENTATION_CONTEXT(2) 
PARAMETRIC_REPRESENTATION_CONTEXT() REPRESENTATION_CONTEXT('2D SPACE',''
  ) );
#8777 = ORIENTED_EDGE('',*,*,#8778,.T.);
#8778 = EDGE_CURVE('',#8753,#8629,#8779,.T.);
#8779 = SURFACE_CURVE('',#8780,(#8784,#8790),.PCURVE_S1.);
#8780 = LINE('',#8781,#8782);
#8781 = CARTESIAN_POINT('',(65.,52.5,477.34575131106));
#8782 = VECTOR('',#8783,1.);
#8783 = DIRECTION('',(0.,1.,0.));
#8784 = PCURVE('',#8587,#8785);
#8785 = DEFINITIONAL_REPRESENTATION('',(#8786),#8789);
#8786 = B_SPLINE_CURVE_WITH_KNOTS('',1,(#8787,#8788),.UNSPECIFIED.,.F.,
  .F.,(2,2),(-5.999999999062E-07,4.),.PIECEWISE_BEZIER_KNOTS.);
#8787 = CARTESIAN_POINT('',(51.345751311065,-34.4999994));
#8788 = CARTESIAN_POINT('',(51.345751311065,-38.5));
#8789 = ( GEOMETRIC_REPRESENTATION_CONTEXT(2) 
PARAMETRIC_REPRESENTATION_CONTEXT() REPRESENTATION_CONTEXT('2D SPACE',''
  ) );
#8790 = PCURVE('',#8666,#8791);
#8791 = DEFINITIONAL_REPRESENTATION('',(#8792),#8795);
#8792 = B_SPLINE_CURVE_WITH_KNOTS('',1,(#8793,#8794),.UNSPECIFIED.,.F.,
  .F.,(2,2),(-5.999999999062E-07,4.),.PIECEWISE_BEZIER_KNOTS.);
#8793 = CARTESIAN_POINT('',(5.435123228198,-5.999999999062E-07));
#8794 = CARTESIAN_POINT('',(5.435123228198,4.));
#8795 = ( GEOMETRIC_REPRESENTATION_CONTEXT(2) 
PARAMETRIC_REPRESENTATION_CONTEXT() REPRESENTATION_CONTEXT('2D SPACE',''
  ) );
#8796 = ORIENTED_EDGE('',*,*,#8628,.T.);
#8797 = ORIENTED_EDGE('',*,*,#8798,.F.);
#8798 = EDGE_CURVE('',#8684,#8600,#8799,.T.);
#8799 = SURFACE_CURVE('',#8800,(#8804,#8810),.PCURVE_S1.);
#8800 = LINE('',#8801,#8802);
#8801 = CARTESIAN_POINT('',(65.,17.,478.05410196625));
#8802 = VECTOR('',#8803,1.);
#8803 = DIRECTION('',(0.,1.,0.));
#8804 = PCURVE('',#8587,#8805);
#8805 = DEFINITIONAL_REPRESENTATION('',(#8806),#8809);
#8806 = B_SPLINE_CURVE_WITH_KNOTS('',1,(#8807,#8808),.UNSPECIFIED.,.F.,
  .F.,(2,2),(-5.999999999062E-07,36.1000006),.PIECEWISE_BEZIER_KNOTS.);
#8807 = CARTESIAN_POINT('',(52.05410196625,1.0000006));
#8808 = CARTESIAN_POINT('',(52.05410196625,-35.1000006));
#8809 = ( GEOMETRIC_REPRESENTATION_CONTEXT(2) 
PARAMETRIC_REPRESENTATION_CONTEXT() REPRESENTATION_CONTEXT('2D SPACE',''
  ) );
#8810 = PCURVE('',#8616,#8811);
#8811 = DEFINITIONAL_REPRESENTATION('',(#8812),#8815);
#8812 = B_SPLINE_CURVE_WITH_KNOTS('',1,(#8813,#8814),.UNSPECIFIED.,.F.,
  .F.,(2,2),(-5.999999999062E-07,36.1000006),.PIECEWISE_BEZIER_KNOTS.);
#8813 = CARTESIAN_POINT('',(5.553457650953,-5.999999999062E-07));
#8814 = CARTESIAN_POINT('',(5.553457650953,36.1000006));
#8815 = ( GEOMETRIC_REPRESENTATION_CONTEXT(2) 
PARAMETRIC_REPRESENTATION_CONTEXT() REPRESENTATION_CONTEXT('2D SPACE',''
  ) );
#8816 = ADVANCED_FACE('',(#8817),#8666,.F.);
#8817 = FACE_BOUND('',#8818,.F.);
#8818 = EDGE_LOOP('',(#8819,#8843,#8866,#8893,#8894,#8916,#8917,#8918));
#8819 = ORIENTED_EDGE('',*,*,#8820,.T.);
#8820 = EDGE_CURVE('',#8753,#8821,#8823,.T.);
#8821 = VERTEX_POINT('',#8822);
#8822 = CARTESIAN_POINT('',(68.,52.5,478.7));
#8823 = SURFACE_CURVE('',#8824,(#8829,#8836),.PCURVE_S1.);
#8824 = CIRCLE('',#8825,4.);
#8825 = AXIS2_PLACEMENT_3D('',#8826,#8827,#8828);
#8826 = CARTESIAN_POINT('',(68.,52.5,474.7));
#8827 = DIRECTION('',(0.,1.,0.));
#8828 = DIRECTION('',(0.,-0.,1.));
#8829 = PCURVE('',#8666,#8830);
#8830 = DEFINITIONAL_REPRESENTATION('',(#8831),#8835);
#8831 = LINE('',#8832,#8833);
#8832 = CARTESIAN_POINT('',(0.,0.));
#8833 = VECTOR('',#8834,1.);
#8834 = DIRECTION('',(1.,0.));
#8835 = ( GEOMETRIC_REPRESENTATION_CONTEXT(2) 
PARAMETRIC_REPRESENTATION_CONTEXT() REPRESENTATION_CONTEXT('2D SPACE',''
  ) );
#8836 = PCURVE('',#8767,#8837);
#8837 = DEFINITIONAL_REPRESENTATION('',(#8838),#8842);
#8838 = CIRCLE('',#8839,4.);
#8839 = AXIS2_PLACEMENT_2D('',#8840,#8841);
#8840 = CARTESIAN_POINT('',(0.,0.));
#8841 = DIRECTION('',(1.,0.));
#8842 = ( GEOMETRIC_REPRESENTATION_CONTEXT(2) 
PARAMETRIC_REPRESENTATION_CONTEXT() REPRESENTATION_CONTEXT('2D SPACE',''
  ) );
#8843 = ORIENTED_EDGE('',*,*,#8844,.T.);
#8844 = EDGE_CURVE('',#8821,#8845,#8847,.T.);
#8845 = VERTEX_POINT('',#8846);
#8846 = CARTESIAN_POINT('',(68.,53.1,478.7));
#8847 = SEAM_CURVE('',#8848,(#8852,#8859),.PCURVE_S1.);
#8848 = LINE('',#8849,#8850);
#8849 = CARTESIAN_POINT('',(68.,52.5,478.7));
#8850 = VECTOR('',#8851,1.);
#8851 = DIRECTION('',(0.,1.,0.));
#8852 = PCURVE('',#8666,#8853);
#8853 = DEFINITIONAL_REPRESENTATION('',(#8854),#8858);
#8854 = LINE('',#8855,#8856);
#8855 = CARTESIAN_POINT('',(0.,-0.));
#8856 = VECTOR('',#8857,1.);
#8857 = DIRECTION('',(0.,1.));
#8858 = ( GEOMETRIC_REPRESENTATION_CONTEXT(2) 
PARAMETRIC_REPRESENTATION_CONTEXT() REPRESENTATION_CONTEXT('2D SPACE',''
  ) );
#8859 = PCURVE('',#8666,#8860);
#8860 = DEFINITIONAL_REPRESENTATION('',(#8861),#8865);
#8861 = LINE('',#8862,#8863);
#8862 = CARTESIAN_POINT('',(6.28318530718,-0.));
#8863 = VECTOR('',#8864,1.);
#8864 = DIRECTION('',(0.,1.));
#8865 = ( GEOMETRIC_REPRESENTATION_CONTEXT(2) 
PARAMETRIC_REPRESENTATION_CONTEXT() REPRESENTATION_CONTEXT('2D SPACE',''
  ) );
#8866 = ORIENTED_EDGE('',*,*,#8867,.F.);
#8867 = EDGE_CURVE('',#8845,#8845,#8868,.T.);
#8868 = SURFACE_CURVE('',#8869,(#8874,#8881),.PCURVE_S1.);
#8869 = CIRCLE('',#8870,4.);
#8870 = AXIS2_PLACEMENT_3D('',#8871,#8872,#8873);
#8871 = CARTESIAN_POINT('',(68.,53.1,474.7));
#8872 = DIRECTION('',(0.,1.,0.));
#8873 = DIRECTION('',(0.,-0.,1.));
#8874 = PCURVE('',#8666,#8875);
#8875 = DEFINITIONAL_REPRESENTATION('',(#8876),#8880);
#8876 = LINE('',#8877,#8878);
#8877 = CARTESIAN_POINT('',(0.,0.6));
#8878 = VECTOR('',#8879,1.);
#8879 = DIRECTION('',(1.,0.));
#8880 = ( GEOMETRIC_REPRESENTATION_CONTEXT(2) 
PARAMETRIC_REPRESENTATION_CONTEXT() REPRESENTATION_CONTEXT('2D SPACE',''
  ) );
#8881 = PCURVE('',#8882,#8887);
#8882 = CYLINDRICAL_SURFACE('',#8883,4.);
#8883 = AXIS2_PLACEMENT_3D('',#8884,#8885,#8886);
#8884 = CARTESIAN_POINT('',(68.,52.5,474.7));
#8885 = DIRECTION('',(0.,1.,0.));
#8886 = DIRECTION('',(0.,-0.,1.));
#8887 = DEFINITIONAL_REPRESENTATION('',(#8888),#8892);
#8888 = LINE('',#8889,#8890);
#8889 = CARTESIAN_POINT('',(0.,0.6));
#8890 = VECTOR('',#8891,1.);
#8891 = DIRECTION('',(1.,0.));
#8892 = ( GEOMETRIC_REPRESENTATION_CONTEXT(2) 
PARAMETRIC_REPRESENTATION_CONTEXT() REPRESENTATION_CONTEXT('2D SPACE',''
  ) );
#8893 = ORIENTED_EDGE('',*,*,#8844,.F.);
#8894 = ORIENTED_EDGE('',*,*,#8895,.T.);
#8895 = EDGE_CURVE('',#8821,#8732,#8896,.T.);
#8896 = SURFACE_CURVE('',#8897,(#8902,#8909),.PCURVE_S1.);
#8897 = CIRCLE('',#8898,4.);
#8898 = AXIS2_PLACEMENT_3D('',#8899,#8900,#8901);
#8899 = CARTESIAN_POINT('',(68.,52.5,474.7));
#8900 = DIRECTION('',(0.,1.,0.));
#8901 = DIRECTION('',(0.,-0.,1.));
#8902 = PCURVE('',#8666,#8903);
#8903 = DEFINITIONAL_REPRESENTATION('',(#8904),#8908);
#8904 = LINE('',#8905,#8906);
#8905 = CARTESIAN_POINT('',(0.,0.));
#8906 = VECTOR('',#8907,1.);
#8907 = DIRECTION('',(1.,0.));
#8908 = ( GEOMETRIC_REPRESENTATION_CONTEXT(2) 
PARAMETRIC_REPRESENTATION_CONTEXT() REPRESENTATION_CONTEXT('2D SPACE',''
  ) );
#8909 = PCURVE('',#8767,#8910);
#8910 = DEFINITIONAL_REPRESENTATION('',(#8911),#8915);
#8911 = CIRCLE('',#8912,4.);
#8912 = AXIS2_PLACEMENT_2D('',#8913,#8914);
#8913 = CARTESIAN_POINT('',(0.,0.));
#8914 = DIRECTION('',(1.,0.));
#8915 = ( GEOMETRIC_REPRESENTATION_CONTEXT(2) 
PARAMETRIC_REPRESENTATION_CONTEXT() REPRESENTATION_CONTEXT('2D SPACE',''
  ) );
#8916 = ORIENTED_EDGE('',*,*,#8731,.T.);
#8917 = ORIENTED_EDGE('',*,*,#8651,.T.);
#8918 = ORIENTED_EDGE('',*,*,#8778,.F.);
#8919 = ADVANCED_FACE('',(#8920),#8882,.F.);
#8920 = FACE_BOUND('',#8921,.F.);
#8921 = EDGE_LOOP('',(#8922,#8923,#8946,#8973));
#8922 = ORIENTED_EDGE('',*,*,#8867,.T.);
#8923 = ORIENTED_EDGE('',*,*,#8924,.T.);
#8924 = EDGE_CURVE('',#8845,#8925,#8927,.T.);
#8925 = VERTEX_POINT('',#8926);
#8926 = CARTESIAN_POINT('',(68.,57.5,478.7));
#8927 = SEAM_CURVE('',#8928,(#8932,#8939),.PCURVE_S1.);
#8928 = LINE('',#8929,#8930);
#8929 = CARTESIAN_POINT('',(68.,52.5,478.7));
#8930 = VECTOR('',#8931,1.);
#8931 = DIRECTION('',(0.,1.,0.));
#8932 = PCURVE('',#8882,#8933);
#8933 = DEFINITIONAL_REPRESENTATION('',(#8934),#8938);
#8934 = LINE('',#8935,#8936);
#8935 = CARTESIAN_POINT('',(0.,-0.));
#8936 = VECTOR('',#8937,1.);
#8937 = DIRECTION('',(0.,1.));
#8938 = ( GEOMETRIC_REPRESENTATION_CONTEXT(2) 
PARAMETRIC_REPRESENTATION_CONTEXT() REPRESENTATION_CONTEXT('2D SPACE',''
  ) );
#8939 = PCURVE('',#8882,#8940);
#8940 = DEFINITIONAL_REPRESENTATION('',(#8941),#8945);
#8941 = LINE('',#8942,#8943);
#8942 = CARTESIAN_POINT('',(6.28318530718,-0.));
#8943 = VECTOR('',#8944,1.);
#8944 = DIRECTION('',(0.,1.));
#8945 = ( GEOMETRIC_REPRESENTATION_CONTEXT(2) 
PARAMETRIC_REPRESENTATION_CONTEXT() REPRESENTATION_CONTEXT('2D SPACE',''
  ) );
#8946 = ORIENTED_EDGE('',*,*,#8947,.F.);
#8947 = EDGE_CURVE('',#8925,#8925,#8948,.T.);
#8948 = SURFACE_CURVE('',#8949,(#8954,#8961),.PCURVE_S1.);
#8949 = CIRCLE('',#8950,4.);
#8950 = AXIS2_PLACEMENT_3D('',#8951,#8952,#8953);
#8951 = CARTESIAN_POINT('',(68.,57.5,474.7));
#8952 = DIRECTION('',(0.,1.,0.));
#8953 = DIRECTION('',(0.,-0.,1.));
#8954 = PCURVE('',#8882,#8955);
#8955 = DEFINITIONAL_REPRESENTATION('',(#8956),#8960);
#8956 = LINE('',#8957,#8958);
#8957 = CARTESIAN_POINT('',(0.,5.));
#8958 = VECTOR('',#8959,1.);
#8959 = DIRECTION('',(1.,0.));
#8960 = ( GEOMETRIC_REPRESENTATION_CONTEXT(2) 
PARAMETRIC_REPRESENTATION_CONTEXT() REPRESENTATION_CONTEXT('2D SPACE',''
  ) );
#8961 = PCURVE('',#8962,#8967);
#8962 = PLANE('',#8963);
#8963 = AXIS2_PLACEMENT_3D('',#8964,#8965,#8966);
#8964 = CARTESIAN_POINT('',(68.,57.5,474.7));
#8965 = DIRECTION('',(0.,1.,0.));
#8966 = DIRECTION('',(0.,-0.,1.));
#8967 = DEFINITIONAL_REPRESENTATION('',(#8968),#8972);
#8968 = CIRCLE('',#8969,4.);
#8969 = AXIS2_PLACEMENT_2D('',#8970,#8971);
#8970 = CARTESIAN_POINT('',(0.,0.));
#8971 = DIRECTION('',(1.,0.));
#8972 = ( GEOMETRIC_REPRESENTATION_CONTEXT(2) 
PARAMETRIC_REPRESENTATION_CONTEXT() REPRESENTATION_CONTEXT('2D SPACE',''
  ) );
#8973 = ORIENTED_EDGE('',*,*,#8924,.F.);
#8974 = ADVANCED_FACE('',(#8975),#8616,.T.);
#8975 = FACE_BOUND('',#8976,.T.);
#8976 = EDGE_LOOP('',(#8977,#9002,#9029,#9030,#9052,#9053,#9054,#9055));
#8977 = ORIENTED_EDGE('',*,*,#8978,.T.);
#8978 = EDGE_CURVE('',#8979,#8981,#8983,.T.);
#8979 = VERTEX_POINT('',#8980);
#8980 = CARTESIAN_POINT('',(68.,18.,479.2));
#8981 = VERTEX_POINT('',#8982);
#8982 = CARTESIAN_POINT('',(68.,53.1,479.2));
#8983 = SEAM_CURVE('',#8984,(#8988,#8995),.PCURVE_S1.);
#8984 = LINE('',#8985,#8986);
#8985 = CARTESIAN_POINT('',(68.,17.,479.2));
#8986 = VECTOR('',#8987,1.);
#8987 = DIRECTION('',(0.,1.,0.));
#8988 = PCURVE('',#8616,#8989);
#8989 = DEFINITIONAL_REPRESENTATION('',(#8990),#8994);
#8990 = LINE('',#8991,#8992);
#8991 = CARTESIAN_POINT('',(6.28318530718,-0.));
#8992 = VECTOR('',#8993,1.);
#8993 = DIRECTION('',(0.,1.));
#8994 = ( GEOMETRIC_REPRESENTATION_CONTEXT(2) 
PARAMETRIC_REPRESENTATION_CONTEXT() REPRESENTATION_CONTEXT('2D SPACE',''
  ) );
#8995 = PCURVE('',#8616,#8996);
#8996 = DEFINITIONAL_REPRESENTATION('',(#8997),#9001);
#8997 = LINE('',#8998,#8999);
#8998 = CARTESIAN_POINT('',(0.,-0.));
#8999 = VECTOR('',#9000,1.);
#9000 = DIRECTION('',(0.,1.));
#9001 = ( GEOMETRIC_REPRESENTATION_CONTEXT(2) 
PARAMETRIC_REPRESENTATION_CONTEXT() REPRESENTATION_CONTEXT('2D SPACE',''
  ) );
#9002 = ORIENTED_EDGE('',*,*,#9003,.F.);
#9003 = EDGE_CURVE('',#8981,#8981,#9004,.T.);
#9004 = SURFACE_CURVE('',#9005,(#9010,#9017),.PCURVE_S1.);
#9005 = CIRCLE('',#9006,4.5);
#9006 = AXIS2_PLACEMENT_3D('',#9007,#9008,#9009);
#9007 = CARTESIAN_POINT('',(68.,53.1,474.7));
#9008 = DIRECTION('',(0.,1.,0.));
#9009 = DIRECTION('',(0.,-0.,1.));
#9010 = PCURVE('',#8616,#9011);
#9011 = DEFINITIONAL_REPRESENTATION('',(#9012),#9016);
#9012 = LINE('',#9013,#9014);
#9013 = CARTESIAN_POINT('',(0.,36.1));
#9014 = VECTOR('',#9015,1.);
#9015 = DIRECTION('',(1.,0.));
#9016 = ( GEOMETRIC_REPRESENTATION_CONTEXT(2) 
PARAMETRIC_REPRESENTATION_CONTEXT() REPRESENTATION_CONTEXT('2D SPACE',''
  ) );
#9017 = PCURVE('',#9018,#9023);
#9018 = PLANE('',#9019);
#9019 = AXIS2_PLACEMENT_3D('',#9020,#9021,#9022);
#9020 = CARTESIAN_POINT('',(68.,53.1,474.7));
#9021 = DIRECTION('',(0.,1.,0.));
#9022 = DIRECTION('',(0.,-0.,1.));
#9023 = DEFINITIONAL_REPRESENTATION('',(#9024),#9028);
#9024 = CIRCLE('',#9025,4.5);
#9025 = AXIS2_PLACEMENT_2D('',#9026,#9027);
#9026 = CARTESIAN_POINT('',(0.,0.));
#9027 = DIRECTION('',(1.,0.));
#9028 = ( GEOMETRIC_REPRESENTATION_CONTEXT(2) 
PARAMETRIC_REPRESENTATION_CONTEXT() REPRESENTATION_CONTEXT('2D SPACE',''
  ) );
#9029 = ORIENTED_EDGE('',*,*,#8978,.F.);
#9030 = ORIENTED_EDGE('',*,*,#9031,.T.);
#9031 = EDGE_CURVE('',#8979,#8682,#9032,.T.);
#9032 = SURFACE_CURVE('',#9033,(#9038,#9045),.PCURVE_S1.);
#9033 = CIRCLE('',#9034,4.5);
#9034 = AXIS2_PLACEMENT_3D('',#9035,#9036,#9037);
#9035 = CARTESIAN_POINT('',(68.,18.,474.7));
#9036 = DIRECTION('',(0.,1.,0.));
#9037 = DIRECTION('',(0.,-0.,1.));
#9038 = PCURVE('',#8616,#9039);
#9039 = DEFINITIONAL_REPRESENTATION('',(#9040),#9044);
#9040 = LINE('',#9041,#9042);
#9041 = CARTESIAN_POINT('',(0.,1.));
#9042 = VECTOR('',#9043,1.);
#9043 = DIRECTION('',(1.,0.));
#9044 = ( GEOMETRIC_REPRESENTATION_CONTEXT(2) 
PARAMETRIC_REPRESENTATION_CONTEXT() REPRESENTATION_CONTEXT('2D SPACE',''
  ) );
#9045 = PCURVE('',#8699,#9046);
#9046 = DEFINITIONAL_REPRESENTATION('',(#9047),#9051);
#9047 = CIRCLE('',#9048,4.5);
#9048 = AXIS2_PLACEMENT_2D('',#9049,#9050);
#9049 = CARTESIAN_POINT('',(48.7,3.));
#9050 = DIRECTION('',(1.,0.));
#9051 = ( GEOMETRIC_REPRESENTATION_CONTEXT(2) 
PARAMETRIC_REPRESENTATION_CONTEXT() REPRESENTATION_CONTEXT('2D SPACE',''
  ) );
#9052 = ORIENTED_EDGE('',*,*,#8711,.T.);
#9053 = ORIENTED_EDGE('',*,*,#8599,.T.);
#9054 = ORIENTED_EDGE('',*,*,#8798,.F.);
#9055 = ORIENTED_EDGE('',*,*,#9056,.T.);
#9056 = EDGE_CURVE('',#8684,#8979,#9057,.T.);
#9057 = SURFACE_CURVE('',#9058,(#9063,#9070),.PCURVE_S1.);
#9058 = CIRCLE('',#9059,4.5);
#9059 = AXIS2_PLACEMENT_3D('',#9060,#9061,#9062);
#9060 = CARTESIAN_POINT('',(68.,18.,474.7));
#9061 = DIRECTION('',(0.,1.,0.));
#9062 = DIRECTION('',(0.,-0.,1.));
#9063 = PCURVE('',#8616,#9064);
#9064 = DEFINITIONAL_REPRESENTATION('',(#9065),#9069);
#9065 = LINE('',#9066,#9067);
#9066 = CARTESIAN_POINT('',(0.,1.));
#9067 = VECTOR('',#9068,1.);
#9068 = DIRECTION('',(1.,0.));
#9069 = ( GEOMETRIC_REPRESENTATION_CONTEXT(2) 
PARAMETRIC_REPRESENTATION_CONTEXT() REPRESENTATION_CONTEXT('2D SPACE',''
  ) );
#9070 = PCURVE('',#8699,#9071);
#9071 = DEFINITIONAL_REPRESENTATION('',(#9072),#9076);
#9072 = CIRCLE('',#9073,4.5);
#9073 = AXIS2_PLACEMENT_2D('',#9074,#9075);
#9074 = CARTESIAN_POINT('',(48.7,3.));
#9075 = DIRECTION('',(1.,0.));
#9076 = ( GEOMETRIC_REPRESENTATION_CONTEXT(2) 
PARAMETRIC_REPRESENTATION_CONTEXT() REPRESENTATION_CONTEXT('2D SPACE',''
  ) );
#9077 = ADVANCED_FACE('',(#9078),#8699,.F.);
#9078 = FACE_BOUND('',#9079,.F.);
#9079 = EDGE_LOOP('',(#9080,#9081,#9082));
#9080 = ORIENTED_EDGE('',*,*,#8681,.T.);
#9081 = ORIENTED_EDGE('',*,*,#9056,.T.);
#9082 = ORIENTED_EDGE('',*,*,#9031,.T.);
#9083 = ADVANCED_FACE('',(#9084,#9089),#8767,.T.);
#9084 = FACE_BOUND('',#9085,.T.);
#9085 = EDGE_LOOP('',(#9086,#9087,#9088));
#9086 = ORIENTED_EDGE('',*,*,#8820,.T.);
#9087 = ORIENTED_EDGE('',*,*,#8895,.T.);
#9088 = ORIENTED_EDGE('',*,*,#8752,.T.);
#9089 = FACE_BOUND('',#9090,.T.);
#9090 = EDGE_LOOP('',(#9091));
#9091 = ORIENTED_EDGE('',*,*,#9092,.F.);
#9092 = EDGE_CURVE('',#9093,#9093,#9095,.T.);
#9093 = VERTEX_POINT('',#9094);
#9094 = CARTESIAN_POINT('',(68.,52.5,476.95));
#9095 = SURFACE_CURVE('',#9096,(#9101,#9108),.PCURVE_S1.);
#9096 = CIRCLE('',#9097,2.25);
#9097 = AXIS2_PLACEMENT_3D('',#9098,#9099,#9100);
#9098 = CARTESIAN_POINT('',(68.,52.5,474.7));
#9099 = DIRECTION('',(0.,1.,0.));
#9100 = DIRECTION('',(0.,-0.,1.));
#9101 = PCURVE('',#8767,#9102);
#9102 = DEFINITIONAL_REPRESENTATION('',(#9103),#9107);
#9103 = CIRCLE('',#9104,2.25);
#9104 = AXIS2_PLACEMENT_2D('',#9105,#9106);
#9105 = CARTESIAN_POINT('',(0.,0.));
#9106 = DIRECTION('',(1.,0.));
#9107 = ( GEOMETRIC_REPRESENTATION_CONTEXT(2) 
PARAMETRIC_REPRESENTATION_CONTEXT() REPRESENTATION_CONTEXT('2D SPACE',''
  ) );
#9108 = PCURVE('',#9109,#9114);
#9109 = PLANE('',#9110);
#9110 = AXIS2_PLACEMENT_3D('',#9111,#9112,#9113);
#9111 = CARTESIAN_POINT('',(68.,52.5,474.7));
#9112 = DIRECTION('',(0.,1.,0.));
#9113 = DIRECTION('',(0.,-0.,1.));
#9114 = DEFINITIONAL_REPRESENTATION('',(#9115),#9119);
#9115 = CIRCLE('',#9116,2.25);
#9116 = AXIS2_PLACEMENT_2D('',#9117,#9118);
#9117 = CARTESIAN_POINT('',(0.,0.));
#9118 = DIRECTION('',(1.,0.));
#9119 = ( GEOMETRIC_REPRESENTATION_CONTEXT(2) 
PARAMETRIC_REPRESENTATION_CONTEXT() REPRESENTATION_CONTEXT('2D SPACE',''
  ) );
#9120 = ADVANCED_FACE('',(#9121),#9109,.T.);
#9121 = FACE_BOUND('',#9122,.F.);
#9122 = EDGE_LOOP('',(#9123));
#9123 = ORIENTED_EDGE('',*,*,#9092,.F.);
#9124 = ADVANCED_FACE('',(#9125,#9128),#8962,.F.);
#9125 = FACE_BOUND('',#9126,.F.);
#9126 = EDGE_LOOP('',(#9127));
#9127 = ORIENTED_EDGE('',*,*,#8947,.T.);
#9128 = FACE_BOUND('',#9129,.F.);
#9129 = EDGE_LOOP('',(#9130));
#9130 = ORIENTED_EDGE('',*,*,#9131,.F.);
#9131 = EDGE_CURVE('',#9132,#9132,#9134,.T.);
#9132 = VERTEX_POINT('',#9133);
#9133 = CARTESIAN_POINT('',(68.,57.5,476.95));
#9134 = SURFACE_CURVE('',#9135,(#9140,#9147),.PCURVE_S1.);
#9135 = CIRCLE('',#9136,2.25);
#9136 = AXIS2_PLACEMENT_3D('',#9137,#9138,#9139);
#9137 = CARTESIAN_POINT('',(68.,57.5,474.7));
#9138 = DIRECTION('',(0.,1.,0.));
#9139 = DIRECTION('',(0.,-0.,1.));
#9140 = PCURVE('',#8962,#9141);
#9141 = DEFINITIONAL_REPRESENTATION('',(#9142),#9146);
#9142 = CIRCLE('',#9143,2.25);
#9143 = AXIS2_PLACEMENT_2D('',#9144,#9145);
#9144 = CARTESIAN_POINT('',(0.,0.));
#9145 = DIRECTION('',(1.,0.));
#9146 = ( GEOMETRIC_REPRESENTATION_CONTEXT(2) 
PARAMETRIC_REPRESENTATION_CONTEXT() REPRESENTATION_CONTEXT('2D SPACE',''
  ) );
#9147 = PCURVE('',#9148,#9153);
#9148 = PLANE('',#9149);
#9149 = AXIS2_PLACEMENT_3D('',#9150,#9151,#9152);
#9150 = CARTESIAN_POINT('',(68.,57.5,474.7));
#9151 = DIRECTION('',(0.,1.,0.));
#9152 = DIRECTION('',(0.,-0.,1.));
#9153 = DEFINITIONAL_REPRESENTATION('',(#9154),#9158);
#9154 = CIRCLE('',#9155,2.25);
#9155 = AXIS2_PLACEMENT_2D('',#9156,#9157);
#9156 = CARTESIAN_POINT('',(0.,0.));
#9157 = DIRECTION('',(1.,0.));
#9158 = ( GEOMETRIC_REPRESENTATION_CONTEXT(2) 
PARAMETRIC_REPRESENTATION_CONTEXT() REPRESENTATION_CONTEXT('2D SPACE',''
  ) );
#9159 = ADVANCED_FACE('',(#9160),#9148,.F.);
#9160 = FACE_BOUND('',#9161,.F.);
#9161 = EDGE_LOOP('',(#9162));
#9162 = ORIENTED_EDGE('',*,*,#9131,.T.);
#9163 = ADVANCED_FACE('',(#9164,#9167),#9018,.T.);
#9164 = FACE_BOUND('',#9165,.T.);
#9165 = EDGE_LOOP('',(#9166));
#9166 = ORIENTED_EDGE('',*,*,#9003,.T.);
#9167 = FACE_BOUND('',#9168,.T.);
#9168 = EDGE_LOOP('',(#9169));
#9169 = ORIENTED_EDGE('',*,*,#8867,.F.);
#9170 = ADVANCED_FACE('',(#9171),#9174,.T.);
#9171 = FACE_BOUND('',#9172,.T.);
#9172 = EDGE_LOOP('',(#9173));
#9173 = ORIENTED_EDGE('',*,*,#8867,.T.);
#9174 = PLANE('',#9175);
#9175 = AXIS2_PLACEMENT_3D('',#9176,#9177,#9178);
#9176 = CARTESIAN_POINT('',(68.,53.1,474.7));
#9177 = DIRECTION('',(0.,1.,0.));
#9178 = DIRECTION('',(0.,-0.,1.));
#9179 = ( GEOMETRIC_REPRESENTATION_CONTEXT(3) 
GLOBAL_UNCERTAINTY_ASSIGNED_CONTEXT((#9183)) 
GLOBAL_UNIT_ASSIGNED_CONTEXT((#9180,#9181,#9182)) REPRESENTATION_CONTEXT
('Context #1','3D Context with UNIT and UNCERTAINTY') );
#9180 = ( LENGTH_UNIT() NAMED_UNIT(*) SI_UNIT(.MILLI.,.METRE.) );
#9181 = ( NAMED_UNIT(*) PLANE_ANGLE_UNIT() SI_UNIT($,.RADIAN.) );
#9182 = ( NAMED_UNIT(*) SI_UNIT($,.STERADIAN.) SOLID_ANGLE_UNIT() );
#9183 = UNCERTAINTY_MEASURE_WITH_UNIT(LENGTH_MEASURE(1.E-07),#9180,
  'distance_accuracy_value','confusion accuracy');
#9184 = CONTEXT_DEPENDENT_SHAPE_REPRESENTATION(#9185,#9187);
#9185 = ( REPRESENTATION_RELATIONSHIP('','',#8557,#10) 
REPRESENTATION_RELATIONSHIP_WITH_TRANSFORMATION(#9186) 
SHAPE_REPRESENTATION_RELATIONSHIP() );
#9186 = ITEM_DEFINED_TRANSFORMATION('','',#11,#47);
#9187 = PRODUCT_DEFINITION_SHAPE('Placement','Placement of an item',
  #9188);
#9188 = NEXT_ASSEMBLY_USAGE_OCCURRENCE('14','','',#5,#8552,$);
#9189 = PRODUCT_RELATED_PRODUCT_CATEGORY('part',$,(#8554));
#9190 = SHAPE_DEFINITION_REPRESENTATION(#9191,#9197);
#9191 = PRODUCT_DEFINITION_SHAPE('','',#9192);
#9192 = PRODUCT_DEFINITION('design','',#9193,#9196);
#9193 = PRODUCT_DEFINITION_FORMATION('','',#9194);
#9194 = PRODUCT('Open CASCADE STEP translator 7.9 16.10',
  'Open CASCADE STEP translator 7.9 16.10','',(#9195));
#9195 = PRODUCT_CONTEXT('',#2,'mechanical');
#9196 = PRODUCT_DEFINITION_CONTEXT('part definition',#2,'design');
#9197 = ADVANCED_BREP_SHAPE_REPRESENTATION('',(#11,#9198),#9386);
#9198 = MANIFOLD_SOLID_BREP('',#9199);
#9199 = CLOSED_SHELL('',(#9200,#9288,#9323,#9327,#9382));
#9200 = ADVANCED_FACE('',(#9201),#9214,.F.);
#9201 = FACE_BOUND('',#9202,.F.);
#9202 = EDGE_LOOP('',(#9203,#9237,#9260,#9287));
#9203 = ORIENTED_EDGE('',*,*,#9204,.F.);
#9204 = EDGE_CURVE('',#9205,#9205,#9207,.T.);
#9205 = VERTEX_POINT('',#9206);
#9206 = CARTESIAN_POINT('',(-68.,57.5,530.95));
#9207 = SURFACE_CURVE('',#9208,(#9213,#9225),.PCURVE_S1.);
#9208 = CIRCLE('',#9209,2.25);
#9209 = AXIS2_PLACEMENT_3D('',#9210,#9211,#9212);
#9210 = CARTESIAN_POINT('',(-68.,57.5,528.7));
#9211 = DIRECTION('',(0.,1.,0.));
#9212 = DIRECTION('',(0.,-0.,1.));
#9213 = PCURVE('',#9214,#9219);
#9214 = CYLINDRICAL_SURFACE('',#9215,2.25);
#9215 = AXIS2_PLACEMENT_3D('',#9216,#9217,#9218);
#9216 = CARTESIAN_POINT('',(-68.,52.5,528.7));
#9217 = DIRECTION('',(0.,1.,0.));
#9218 = DIRECTION('',(0.,-0.,1.));
#9219 = DEFINITIONAL_REPRESENTATION('',(#9220),#9224);
#9220 = LINE('',#9221,#9222);
#9221 = CARTESIAN_POINT('',(0.,5.));
#9222 = VECTOR('',#9223,1.);
#9223 = DIRECTION('',(1.,0.));
#9224 = ( GEOMETRIC_REPRESENTATION_CONTEXT(2) 
PARAMETRIC_REPRESENTATION_CONTEXT() REPRESENTATION_CONTEXT('2D SPACE',''
  ) );
#9225 = PCURVE('',#9226,#9231);
#9226 = PLANE('',#9227);
#9227 = AXIS2_PLACEMENT_3D('',#9228,#9229,#9230);
#9228 = CARTESIAN_POINT('',(-68.,57.5,528.7));
#9229 = DIRECTION('',(0.,1.,0.));
#9230 = DIRECTION('',(0.,-0.,1.));
#9231 = DEFINITIONAL_REPRESENTATION('',(#9232),#9236);
#9232 = CIRCLE('',#9233,2.25);
#9233 = AXIS2_PLACEMENT_2D('',#9234,#9235);
#9234 = CARTESIAN_POINT('',(0.,0.));
#9235 = DIRECTION('',(1.,0.));
#9236 = ( GEOMETRIC_REPRESENTATION_CONTEXT(2) 
PARAMETRIC_REPRESENTATION_CONTEXT() REPRESENTATION_CONTEXT('2D SPACE',''
  ) );
#9237 = ORIENTED_EDGE('',*,*,#9238,.F.);
#9238 = EDGE_CURVE('',#9239,#9205,#9241,.T.);
#9239 = VERTEX_POINT('',#9240);
#9240 = CARTESIAN_POINT('',(-68.,52.5,530.95));
#9241 = SEAM_CURVE('',#9242,(#9246,#9253),.PCURVE_S1.);
#9242 = LINE('',#9243,#9244);
#9243 = CARTESIAN_POINT('',(-68.,52.5,530.95));
#9244 = VECTOR('',#9245,1.);
#9245 = DIRECTION('',(0.,1.,0.));
#9246 = PCURVE('',#9214,#9247);
#9247 = DEFINITIONAL_REPRESENTATION('',(#9248),#9252);
#9248 = LINE('',#9249,#9250);
#9249 = CARTESIAN_POINT('',(6.28318530718,-0.));
#9250 = VECTOR('',#9251,1.);
#9251 = DIRECTION('',(0.,1.));
#9252 = ( GEOMETRIC_REPRESENTATION_CONTEXT(2) 
PARAMETRIC_REPRESENTATION_CONTEXT() REPRESENTATION_CONTEXT('2D SPACE',''
  ) );
#9253 = PCURVE('',#9214,#9254);
#9254 = DEFINITIONAL_REPRESENTATION('',(#9255),#9259);
#9255 = LINE('',#9256,#9257);
#9256 = CARTESIAN_POINT('',(0.,-0.));
#9257 = VECTOR('',#9258,1.);
#9258 = DIRECTION('',(0.,1.));
#9259 = ( GEOMETRIC_REPRESENTATION_CONTEXT(2) 
PARAMETRIC_REPRESENTATION_CONTEXT() REPRESENTATION_CONTEXT('2D SPACE',''
  ) );
#9260 = ORIENTED_EDGE('',*,*,#9261,.T.);
#9261 = EDGE_CURVE('',#9239,#9239,#9262,.T.);
#9262 = SURFACE_CURVE('',#9263,(#9268,#9275),.PCURVE_S1.);
#9263 = CIRCLE('',#9264,2.25);
#9264 = AXIS2_PLACEMENT_3D('',#9265,#9266,#9267);
#9265 = CARTESIAN_POINT('',(-68.,52.5,528.7));
#9266 = DIRECTION('',(0.,1.,0.));
#9267 = DIRECTION('',(0.,-0.,1.));
#9268 = PCURVE('',#9214,#9269);
#9269 = DEFINITIONAL_REPRESENTATION('',(#9270),#9274);
#9270 = LINE('',#9271,#9272);
#9271 = CARTESIAN_POINT('',(0.,0.));
#9272 = VECTOR('',#9273,1.);
#9273 = DIRECTION('',(1.,0.));
#9274 = ( GEOMETRIC_REPRESENTATION_CONTEXT(2) 
PARAMETRIC_REPRESENTATION_CONTEXT() REPRESENTATION_CONTEXT('2D SPACE',''
  ) );
#9275 = PCURVE('',#9276,#9281);
#9276 = PLANE('',#9277);
#9277 = AXIS2_PLACEMENT_3D('',#9278,#9279,#9280);
#9278 = CARTESIAN_POINT('',(-68.,52.5,528.7));
#9279 = DIRECTION('',(0.,1.,0.));
#9280 = DIRECTION('',(0.,-0.,1.));
#9281 = DEFINITIONAL_REPRESENTATION('',(#9282),#9286);
#9282 = CIRCLE('',#9283,2.25);
#9283 = AXIS2_PLACEMENT_2D('',#9284,#9285);
#9284 = CARTESIAN_POINT('',(0.,0.));
#9285 = DIRECTION('',(1.,0.));
#9286 = ( GEOMETRIC_REPRESENTATION_CONTEXT(2) 
PARAMETRIC_REPRESENTATION_CONTEXT() REPRESENTATION_CONTEXT('2D SPACE',''
  ) );
#9287 = ORIENTED_EDGE('',*,*,#9238,.T.);
#9288 = ADVANCED_FACE('',(#9289,#9320),#9226,.T.);
#9289 = FACE_BOUND('',#9290,.T.);
#9290 = EDGE_LOOP('',(#9291));
#9291 = ORIENTED_EDGE('',*,*,#9292,.T.);
#9292 = EDGE_CURVE('',#9293,#9293,#9295,.T.);
#9293 = VERTEX_POINT('',#9294);
#9294 = CARTESIAN_POINT('',(-68.,57.5,532.7));
#9295 = SURFACE_CURVE('',#9296,(#9301,#9308),.PCURVE_S1.);
#9296 = CIRCLE('',#9297,4.);
#9297 = AXIS2_PLACEMENT_3D('',#9298,#9299,#9300);
#9298 = CARTESIAN_POINT('',(-68.,57.5,528.7));
#9299 = DIRECTION('',(0.,1.,0.));
#9300 = DIRECTION('',(0.,-0.,1.));
#9301 = PCURVE('',#9226,#9302);
#9302 = DEFINITIONAL_REPRESENTATION('',(#9303),#9307);
#9303 = CIRCLE('',#9304,4.);
#9304 = AXIS2_PLACEMENT_2D('',#9305,#9306);
#9305 = CARTESIAN_POINT('',(0.,0.));
#9306 = DIRECTION('',(1.,0.));
#9307 = ( GEOMETRIC_REPRESENTATION_CONTEXT(2) 
PARAMETRIC_REPRESENTATION_CONTEXT() REPRESENTATION_CONTEXT('2D SPACE',''
  ) );
#9308 = PCURVE('',#9309,#9314);
#9309 = CYLINDRICAL_SURFACE('',#9310,4.);
#9310 = AXIS2_PLACEMENT_3D('',#9311,#9312,#9313);
#9311 = CARTESIAN_POINT('',(-68.,52.5,528.7));
#9312 = DIRECTION('',(0.,1.,0.));
#9313 = DIRECTION('',(0.,-0.,1.));
#9314 = DEFINITIONAL_REPRESENTATION('',(#9315),#9319);
#9315 = LINE('',#9316,#9317);
#9316 = CARTESIAN_POINT('',(0.,5.));
#9317 = VECTOR('',#9318,1.);
#9318 = DIRECTION('',(1.,0.));
#9319 = ( GEOMETRIC_REPRESENTATION_CONTEXT(2) 
PARAMETRIC_REPRESENTATION_CONTEXT() REPRESENTATION_CONTEXT('2D SPACE',''
  ) );
#9320 = FACE_BOUND('',#9321,.T.);
#9321 = EDGE_LOOP('',(#9322));
#9322 = ORIENTED_EDGE('',*,*,#9204,.F.);
#9323 = ADVANCED_FACE('',(#9324),#9276,.T.);
#9324 = FACE_BOUND('',#9325,.F.);
#9325 = EDGE_LOOP('',(#9326));
#9326 = ORIENTED_EDGE('',*,*,#9261,.F.);
#9327 = ADVANCED_FACE('',(#9328),#9309,.T.);
#9328 = FACE_BOUND('',#9329,.T.);
#9329 = EDGE_LOOP('',(#9330,#9359,#9380,#9381));
#9330 = ORIENTED_EDGE('',*,*,#9331,.T.);
#9331 = EDGE_CURVE('',#9332,#9332,#9334,.T.);
#9332 = VERTEX_POINT('',#9333);
#9333 = CARTESIAN_POINT('',(-68.,53.1,532.7));
#9334 = SURFACE_CURVE('',#9335,(#9340,#9347),.PCURVE_S1.);
#9335 = CIRCLE('',#9336,4.);
#9336 = AXIS2_PLACEMENT_3D('',#9337,#9338,#9339);
#9337 = CARTESIAN_POINT('',(-68.,53.1,528.7));
#9338 = DIRECTION('',(0.,1.,0.));
#9339 = DIRECTION('',(0.,-0.,1.));
#9340 = PCURVE('',#9309,#9341);
#9341 = DEFINITIONAL_REPRESENTATION('',(#9342),#9346);
#9342 = LINE('',#9343,#9344);
#9343 = CARTESIAN_POINT('',(0.,0.6));
#9344 = VECTOR('',#9345,1.);
#9345 = DIRECTION('',(1.,0.));
#9346 = ( GEOMETRIC_REPRESENTATION_CONTEXT(2) 
PARAMETRIC_REPRESENTATION_CONTEXT() REPRESENTATION_CONTEXT('2D SPACE',''
  ) );
#9347 = PCURVE('',#9348,#9353);
#9348 = PLANE('',#9349);
#9349 = AXIS2_PLACEMENT_3D('',#9350,#9351,#9352);
#9350 = CARTESIAN_POINT('',(-68.,53.1,528.7));
#9351 = DIRECTION('',(0.,1.,0.));
#9352 = DIRECTION('',(0.,-0.,1.));
#9353 = DEFINITIONAL_REPRESENTATION('',(#9354),#9358);
#9354 = CIRCLE('',#9355,4.);
#9355 = AXIS2_PLACEMENT_2D('',#9356,#9357);
#9356 = CARTESIAN_POINT('',(0.,0.));
#9357 = DIRECTION('',(1.,0.));
#9358 = ( GEOMETRIC_REPRESENTATION_CONTEXT(2) 
PARAMETRIC_REPRESENTATION_CONTEXT() REPRESENTATION_CONTEXT('2D SPACE',''
  ) );
#9359 = ORIENTED_EDGE('',*,*,#9360,.T.);
#9360 = EDGE_CURVE('',#9332,#9293,#9361,.T.);
#9361 = SEAM_CURVE('',#9362,(#9366,#9373),.PCURVE_S1.);
#9362 = LINE('',#9363,#9364);
#9363 = CARTESIAN_POINT('',(-68.,52.5,532.7));
#9364 = VECTOR('',#9365,1.);
#9365 = DIRECTION('',(0.,1.,0.));
#9366 = PCURVE('',#9309,#9367);
#9367 = DEFINITIONAL_REPRESENTATION('',(#9368),#9372);
#9368 = LINE('',#9369,#9370);
#9369 = CARTESIAN_POINT('',(0.,-0.));
#9370 = VECTOR('',#9371,1.);
#9371 = DIRECTION('',(0.,1.));
#9372 = ( GEOMETRIC_REPRESENTATION_CONTEXT(2) 
PARAMETRIC_REPRESENTATION_CONTEXT() REPRESENTATION_CONTEXT('2D SPACE',''
  ) );
#9373 = PCURVE('',#9309,#9374);
#9374 = DEFINITIONAL_REPRESENTATION('',(#9375),#9379);
#9375 = LINE('',#9376,#9377);
#9376 = CARTESIAN_POINT('',(6.28318530718,-0.));
#9377 = VECTOR('',#9378,1.);
#9378 = DIRECTION('',(0.,1.));
#9379 = ( GEOMETRIC_REPRESENTATION_CONTEXT(2) 
PARAMETRIC_REPRESENTATION_CONTEXT() REPRESENTATION_CONTEXT('2D SPACE',''
  ) );
#9380 = ORIENTED_EDGE('',*,*,#9292,.F.);
#9381 = ORIENTED_EDGE('',*,*,#9360,.F.);
#9382 = ADVANCED_FACE('',(#9383),#9348,.F.);
#9383 = FACE_BOUND('',#9384,.F.);
#9384 = EDGE_LOOP('',(#9385));
#9385 = ORIENTED_EDGE('',*,*,#9331,.T.);
#9386 = ( GEOMETRIC_REPRESENTATION_CONTEXT(3) 
GLOBAL_UNCERTAINTY_ASSIGNED_CONTEXT((#9390)) 
GLOBAL_UNIT_ASSIGNED_CONTEXT((#9387,#9388,#9389)) REPRESENTATION_CONTEXT
('Context #1','3D Context with UNIT and UNCERTAINTY') );
#9387 = ( LENGTH_UNIT() NAMED_UNIT(*) SI_UNIT(.MILLI.,.METRE.) );
#9388 = ( NAMED_UNIT(*) PLANE_ANGLE_UNIT() SI_UNIT($,.RADIAN.) );
#9389 = ( NAMED_UNIT(*) SI_UNIT($,.STERADIAN.) SOLID_ANGLE_UNIT() );
#9390 = UNCERTAINTY_MEASURE_WITH_UNIT(LENGTH_MEASURE(1.E-07),#9387,
  'distance_accuracy_value','confusion accuracy');
#9391 = CONTEXT_DEPENDENT_SHAPE_REPRESENTATION(#9392,#9394);
#9392 = ( REPRESENTATION_RELATIONSHIP('','',#9197,#10) 
REPRESENTATION_RELATIONSHIP_WITH_TRANSFORMATION(#9393) 
SHAPE_REPRESENTATION_RELATIONSHIP() );
#9393 = ITEM_DEFINED_TRANSFORMATION('','',#11,#51);
#9394 = PRODUCT_DEFINITION_SHAPE('Placement','Placement of an item',
  #9395);
#9395 = NEXT_ASSEMBLY_USAGE_OCCURRENCE('15','','',#5,#9192,$);
#9396 = PRODUCT_RELATED_PRODUCT_CATEGORY('part',$,(#9194));
#9397 = SHAPE_DEFINITION_REPRESENTATION(#9398,#9404);
#9398 = PRODUCT_DEFINITION_SHAPE('','',#9399);
#9399 = PRODUCT_DEFINITION('design','',#9400,#9403);
#9400 = PRODUCT_DEFINITION_FORMATION('','',#9401);
#9401 = PRODUCT('Open CASCADE STEP translator 7.9 16.11',
  'Open CASCADE STEP translator 7.9 16.11','',(#9402));
#9402 = PRODUCT_CONTEXT('',#2,'mechanical');
#9403 = PRODUCT_DEFINITION_CONTEXT('part definition',#2,'design');
#9404 = ADVANCED_BREP_SHAPE_REPRESENTATION('',(#11,#9405),#9593);
#9405 = MANIFOLD_SOLID_BREP('',#9406);
#9406 = CLOSED_SHELL('',(#9407,#9495,#9530,#9534,#9589));
#9407 = ADVANCED_FACE('',(#9408),#9421,.F.);
#9408 = FACE_BOUND('',#9409,.F.);
#9409 = EDGE_LOOP('',(#9410,#9444,#9467,#9494));
#9410 = ORIENTED_EDGE('',*,*,#9411,.F.);
#9411 = EDGE_CURVE('',#9412,#9412,#9414,.T.);
#9412 = VERTEX_POINT('',#9413);
#9413 = CARTESIAN_POINT('',(-68.,57.5,556.95));
#9414 = SURFACE_CURVE('',#9415,(#9420,#9432),.PCURVE_S1.);
#9415 = CIRCLE('',#9416,2.25);
#9416 = AXIS2_PLACEMENT_3D('',#9417,#9418,#9419);
#9417 = CARTESIAN_POINT('',(-68.,57.5,554.7));
#9418 = DIRECTION('',(0.,1.,0.));
#9419 = DIRECTION('',(0.,-0.,1.));
#9420 = PCURVE('',#9421,#9426);
#9421 = CYLINDRICAL_SURFACE('',#9422,2.25);
#9422 = AXIS2_PLACEMENT_3D('',#9423,#9424,#9425);
#9423 = CARTESIAN_POINT('',(-68.,52.5,554.7));
#9424 = DIRECTION('',(0.,1.,0.));
#9425 = DIRECTION('',(0.,-0.,1.));
#9426 = DEFINITIONAL_REPRESENTATION('',(#9427),#9431);
#9427 = LINE('',#9428,#9429);
#9428 = CARTESIAN_POINT('',(0.,5.));
#9429 = VECTOR('',#9430,1.);
#9430 = DIRECTION('',(1.,0.));
#9431 = ( GEOMETRIC_REPRESENTATION_CONTEXT(2) 
PARAMETRIC_REPRESENTATION_CONTEXT() REPRESENTATION_CONTEXT('2D SPACE',''
  ) );
#9432 = PCURVE('',#9433,#9438);
#9433 = PLANE('',#9434);
#9434 = AXIS2_PLACEMENT_3D('',#9435,#9436,#9437);
#9435 = CARTESIAN_POINT('',(-68.,57.5,554.7));
#9436 = DIRECTION('',(0.,1.,0.));
#9437 = DIRECTION('',(0.,-0.,1.));
#9438 = DEFINITIONAL_REPRESENTATION('',(#9439),#9443);
#9439 = CIRCLE('',#9440,2.25);
#9440 = AXIS2_PLACEMENT_2D('',#9441,#9442);
#9441 = CARTESIAN_POINT('',(0.,0.));
#9442 = DIRECTION('',(1.,0.));
#9443 = ( GEOMETRIC_REPRESENTATION_CONTEXT(2) 
PARAMETRIC_REPRESENTATION_CONTEXT() REPRESENTATION_CONTEXT('2D SPACE',''
  ) );
#9444 = ORIENTED_EDGE('',*,*,#9445,.F.);
#9445 = EDGE_CURVE('',#9446,#9412,#9448,.T.);
#9446 = VERTEX_POINT('',#9447);
#9447 = CARTESIAN_POINT('',(-68.,52.5,556.95));
#9448 = SEAM_CURVE('',#9449,(#9453,#9460),.PCURVE_S1.);
#9449 = LINE('',#9450,#9451);
#9450 = CARTESIAN_POINT('',(-68.,52.5,556.95));
#9451 = VECTOR('',#9452,1.);
#9452 = DIRECTION('',(0.,1.,0.));
#9453 = PCURVE('',#9421,#9454);
#9454 = DEFINITIONAL_REPRESENTATION('',(#9455),#9459);
#9455 = LINE('',#9456,#9457);
#9456 = CARTESIAN_POINT('',(6.28318530718,-0.));
#9457 = VECTOR('',#9458,1.);
#9458 = DIRECTION('',(0.,1.));
#9459 = ( GEOMETRIC_REPRESENTATION_CONTEXT(2) 
PARAMETRIC_REPRESENTATION_CONTEXT() REPRESENTATION_CONTEXT('2D SPACE',''
  ) );
#9460 = PCURVE('',#9421,#9461);
#9461 = DEFINITIONAL_REPRESENTATION('',(#9462),#9466);
#9462 = LINE('',#9463,#9464);
#9463 = CARTESIAN_POINT('',(0.,-0.));
#9464 = VECTOR('',#9465,1.);
#9465 = DIRECTION('',(0.,1.));
#9466 = ( GEOMETRIC_REPRESENTATION_CONTEXT(2) 
PARAMETRIC_REPRESENTATION_CONTEXT() REPRESENTATION_CONTEXT('2D SPACE',''
  ) );
#9467 = ORIENTED_EDGE('',*,*,#9468,.T.);
#9468 = EDGE_CURVE('',#9446,#9446,#9469,.T.);
#9469 = SURFACE_CURVE('',#9470,(#9475,#9482),.PCURVE_S1.);
#9470 = CIRCLE('',#9471,2.25);
#9471 = AXIS2_PLACEMENT_3D('',#9472,#9473,#9474);
#9472 = CARTESIAN_POINT('',(-68.,52.5,554.7));
#9473 = DIRECTION('',(0.,1.,0.));
#9474 = DIRECTION('',(0.,-0.,1.));
#9475 = PCURVE('',#9421,#9476);
#9476 = DEFINITIONAL_REPRESENTATION('',(#9477),#9481);
#9477 = LINE('',#9478,#9479);
#9478 = CARTESIAN_POINT('',(0.,0.));
#9479 = VECTOR('',#9480,1.);
#9480 = DIRECTION('',(1.,0.));
#9481 = ( GEOMETRIC_REPRESENTATION_CONTEXT(2) 
PARAMETRIC_REPRESENTATION_CONTEXT() REPRESENTATION_CONTEXT('2D SPACE',''
  ) );
#9482 = PCURVE('',#9483,#9488);
#9483 = PLANE('',#9484);
#9484 = AXIS2_PLACEMENT_3D('',#9485,#9486,#9487);
#9485 = CARTESIAN_POINT('',(-68.,52.5,554.7));
#9486 = DIRECTION('',(0.,1.,0.));
#9487 = DIRECTION('',(0.,-0.,1.));
#9488 = DEFINITIONAL_REPRESENTATION('',(#9489),#9493);
#9489 = CIRCLE('',#9490,2.25);
#9490 = AXIS2_PLACEMENT_2D('',#9491,#9492);
#9491 = CARTESIAN_POINT('',(0.,0.));
#9492 = DIRECTION('',(1.,0.));
#9493 = ( GEOMETRIC_REPRESENTATION_CONTEXT(2) 
PARAMETRIC_REPRESENTATION_CONTEXT() REPRESENTATION_CONTEXT('2D SPACE',''
  ) );
#9494 = ORIENTED_EDGE('',*,*,#9445,.T.);
#9495 = ADVANCED_FACE('',(#9496,#9527),#9433,.T.);
#9496 = FACE_BOUND('',#9497,.T.);
#9497 = EDGE_LOOP('',(#9498));
#9498 = ORIENTED_EDGE('',*,*,#9499,.T.);
#9499 = EDGE_CURVE('',#9500,#9500,#9502,.T.);
#9500 = VERTEX_POINT('',#9501);
#9501 = CARTESIAN_POINT('',(-68.,57.5,558.7));
#9502 = SURFACE_CURVE('',#9503,(#9508,#9515),.PCURVE_S1.);
#9503 = CIRCLE('',#9504,4.);
#9504 = AXIS2_PLACEMENT_3D('',#9505,#9506,#9507);
#9505 = CARTESIAN_POINT('',(-68.,57.5,554.7));
#9506 = DIRECTION('',(0.,1.,0.));
#9507 = DIRECTION('',(0.,-0.,1.));
#9508 = PCURVE('',#9433,#9509);
#9509 = DEFINITIONAL_REPRESENTATION('',(#9510),#9514);
#9510 = CIRCLE('',#9511,4.);
#9511 = AXIS2_PLACEMENT_2D('',#9512,#9513);
#9512 = CARTESIAN_POINT('',(0.,0.));
#9513 = DIRECTION('',(1.,0.));
#9514 = ( GEOMETRIC_REPRESENTATION_CONTEXT(2) 
PARAMETRIC_REPRESENTATION_CONTEXT() REPRESENTATION_CONTEXT('2D SPACE',''
  ) );
#9515 = PCURVE('',#9516,#9521);
#9516 = CYLINDRICAL_SURFACE('',#9517,4.);
#9517 = AXIS2_PLACEMENT_3D('',#9518,#9519,#9520);
#9518 = CARTESIAN_POINT('',(-68.,52.5,554.7));
#9519 = DIRECTION('',(0.,1.,0.));
#9520 = DIRECTION('',(0.,-0.,1.));
#9521 = DEFINITIONAL_REPRESENTATION('',(#9522),#9526);
#9522 = LINE('',#9523,#9524);
#9523 = CARTESIAN_POINT('',(0.,5.));
#9524 = VECTOR('',#9525,1.);
#9525 = DIRECTION('',(1.,0.));
#9526 = ( GEOMETRIC_REPRESENTATION_CONTEXT(2) 
PARAMETRIC_REPRESENTATION_CONTEXT() REPRESENTATION_CONTEXT('2D SPACE',''
  ) );
#9527 = FACE_BOUND('',#9528,.T.);
#9528 = EDGE_LOOP('',(#9529));
#9529 = ORIENTED_EDGE('',*,*,#9411,.F.);
#9530 = ADVANCED_FACE('',(#9531),#9483,.T.);
#9531 = FACE_BOUND('',#9532,.F.);
#9532 = EDGE_LOOP('',(#9533));
#9533 = ORIENTED_EDGE('',*,*,#9468,.F.);
#9534 = ADVANCED_FACE('',(#9535),#9516,.T.);
#9535 = FACE_BOUND('',#9536,.T.);
#9536 = EDGE_LOOP('',(#9537,#9566,#9587,#9588));
#9537 = ORIENTED_EDGE('',*,*,#9538,.T.);
#9538 = EDGE_CURVE('',#9539,#9539,#9541,.T.);
#9539 = VERTEX_POINT('',#9540);
#9540 = CARTESIAN_POINT('',(-68.,53.1,558.7));
#9541 = SURFACE_CURVE('',#9542,(#9547,#9554),.PCURVE_S1.);
#9542 = CIRCLE('',#9543,4.);
#9543 = AXIS2_PLACEMENT_3D('',#9544,#9545,#9546);
#9544 = CARTESIAN_POINT('',(-68.,53.1,554.7));
#9545 = DIRECTION('',(0.,1.,0.));
#9546 = DIRECTION('',(0.,-0.,1.));
#9547 = PCURVE('',#9516,#9548);
#9548 = DEFINITIONAL_REPRESENTATION('',(#9549),#9553);
#9549 = LINE('',#9550,#9551);
#9550 = CARTESIAN_POINT('',(0.,0.6));
#9551 = VECTOR('',#9552,1.);
#9552 = DIRECTION('',(1.,0.));
#9553 = ( GEOMETRIC_REPRESENTATION_CONTEXT(2) 
PARAMETRIC_REPRESENTATION_CONTEXT() REPRESENTATION_CONTEXT('2D SPACE',''
  ) );
#9554 = PCURVE('',#9555,#9560);
#9555 = PLANE('',#9556);
#9556 = AXIS2_PLACEMENT_3D('',#9557,#9558,#9559);
#9557 = CARTESIAN_POINT('',(-68.,53.1,554.7));
#9558 = DIRECTION('',(0.,1.,0.));
#9559 = DIRECTION('',(0.,-0.,1.));
#9560 = DEFINITIONAL_REPRESENTATION('',(#9561),#9565);
#9561 = CIRCLE('',#9562,4.);
#9562 = AXIS2_PLACEMENT_2D('',#9563,#9564);
#9563 = CARTESIAN_POINT('',(0.,0.));
#9564 = DIRECTION('',(1.,0.));
#9565 = ( GEOMETRIC_REPRESENTATION_CONTEXT(2) 
PARAMETRIC_REPRESENTATION_CONTEXT() REPRESENTATION_CONTEXT('2D SPACE',''
  ) );
#9566 = ORIENTED_EDGE('',*,*,#9567,.T.);
#9567 = EDGE_CURVE('',#9539,#9500,#9568,.T.);
#9568 = SEAM_CURVE('',#9569,(#9573,#9580),.PCURVE_S1.);
#9569 = LINE('',#9570,#9571);
#9570 = CARTESIAN_POINT('',(-68.,52.5,558.7));
#9571 = VECTOR('',#9572,1.);
#9572 = DIRECTION('',(0.,1.,0.));
#9573 = PCURVE('',#9516,#9574);
#9574 = DEFINITIONAL_REPRESENTATION('',(#9575),#9579);
#9575 = LINE('',#9576,#9577);
#9576 = CARTESIAN_POINT('',(0.,-0.));
#9577 = VECTOR('',#9578,1.);
#9578 = DIRECTION('',(0.,1.));
#9579 = ( GEOMETRIC_REPRESENTATION_CONTEXT(2) 
PARAMETRIC_REPRESENTATION_CONTEXT() REPRESENTATION_CONTEXT('2D SPACE',''
  ) );
#9580 = PCURVE('',#9516,#9581);
#9581 = DEFINITIONAL_REPRESENTATION('',(#9582),#9586);
#9582 = LINE('',#9583,#9584);
#9583 = CARTESIAN_POINT('',(6.28318530718,-0.));
#9584 = VECTOR('',#9585,1.);
#9585 = DIRECTION('',(0.,1.));
#9586 = ( GEOMETRIC_REPRESENTATION_CONTEXT(2) 
PARAMETRIC_REPRESENTATION_CONTEXT() REPRESENTATION_CONTEXT('2D SPACE',''
  ) );
#9587 = ORIENTED_EDGE('',*,*,#9499,.F.);
#9588 = ORIENTED_EDGE('',*,*,#9567,.F.);
#9589 = ADVANCED_FACE('',(#9590),#9555,.F.);
#9590 = FACE_BOUND('',#9591,.F.);
#9591 = EDGE_LOOP('',(#9592));
#9592 = ORIENTED_EDGE('',*,*,#9538,.T.);
#9593 = ( GEOMETRIC_REPRESENTATION_CONTEXT(3) 
GLOBAL_UNCERTAINTY_ASSIGNED_CONTEXT((#9597)) 
GLOBAL_UNIT_ASSIGNED_CONTEXT((#9594,#9595,#9596)) REPRESENTATION_CONTEXT
('Context #1','3D Context with UNIT and UNCERTAINTY') );
#9594 = ( LENGTH_UNIT() NAMED_UNIT(*) SI_UNIT(.MILLI.,.METRE.) );
#9595 = ( NAMED_UNIT(*) PLANE_ANGLE_UNIT() SI_UNIT($,.RADIAN.) );
#9596 = ( NAMED_UNIT(*) SI_UNIT($,.STERADIAN.) SOLID_ANGLE_UNIT() );
#9597 = UNCERTAINTY_MEASURE_WITH_UNIT(LENGTH_MEASURE(1.E-07),#9594,
  'distance_accuracy_value','confusion accuracy');
#9598 = CONTEXT_DEPENDENT_SHAPE_REPRESENTATION(#9599,#9601);
#9599 = ( REPRESENTATION_RELATIONSHIP('','',#9404,#10) 
REPRESENTATION_RELATIONSHIP_WITH_TRANSFORMATION(#9600) 
SHAPE_REPRESENTATION_RELATIONSHIP() );
#9600 = ITEM_DEFINED_TRANSFORMATION('','',#11,#55);
#9601 = PRODUCT_DEFINITION_SHAPE('Placement','Placement of an item',
  #9602);
#9602 = NEXT_ASSEMBLY_USAGE_OCCURRENCE('16','','',#5,#9399,$);
#9603 = PRODUCT_RELATED_PRODUCT_CATEGORY('part',$,(#9401));
#9604 = SHAPE_DEFINITION_REPRESENTATION(#9605,#9611);
#9605 = PRODUCT_DEFINITION_SHAPE('','',#9606);
#9606 = PRODUCT_DEFINITION('design','',#9607,#9610);
#9607 = PRODUCT_DEFINITION_FORMATION('','',#9608);
#9608 = PRODUCT('Open CASCADE STEP translator 7.9 16.12',
  'Open CASCADE STEP translator 7.9 16.12','',(#9609));
#9609 = PRODUCT_CONTEXT('',#2,'mechanical');
#9610 = PRODUCT_DEFINITION_CONTEXT('part definition',#2,'design');
#9611 = ADVANCED_BREP_SHAPE_REPRESENTATION('',(#11,#9612),#10233);
#9612 = MANIFOLD_SOLID_BREP('',#9613);
#9613 = CLOSED_SHELL('',(#9614,#9703,#9828,#9951,#9979,#10014,#10018,
    #10093,#10153,#10190,#10194,#10229));
#9614 = ADVANCED_FACE('',(#9615),#9630,.F.);
#9615 = FACE_BOUND('',#9616,.F.);
#9616 = EDGE_LOOP('',(#9617,#9653,#9681));
#9617 = ORIENTED_EDGE('',*,*,#9618,.T.);
#9618 = EDGE_CURVE('',#9619,#9621,#9623,.T.);
#9619 = VERTEX_POINT('',#9620);
#9620 = CARTESIAN_POINT('',(-68.,18.,533.2));
#9621 = VERTEX_POINT('',#9622);
#9622 = CARTESIAN_POINT('',(-65.,18.,532.05410196624));
#9623 = SURFACE_CURVE('',#9624,(#9629,#9641),.PCURVE_S1.);
#9624 = CIRCLE('',#9625,4.5);
#9625 = AXIS2_PLACEMENT_3D('',#9626,#9627,#9628);
#9626 = CARTESIAN_POINT('',(-68.,18.,528.7));
#9627 = DIRECTION('',(0.,1.,0.));
#9628 = DIRECTION('',(0.,-0.,1.));
#9629 = PCURVE('',#9630,#9635);
#9630 = PLANE('',#9631);
#9631 = AXIS2_PLACEMENT_3D('',#9632,#9633,#9634);
#9632 = CARTESIAN_POINT('',(-75.,18.,426.));
#9633 = DIRECTION('',(0.,1.,0.));
#9634 = DIRECTION('',(0.,0.,1.));
#9635 = DEFINITIONAL_REPRESENTATION('',(#9636),#9640);
#9636 = CIRCLE('',#9637,4.5);
#9637 = AXIS2_PLACEMENT_2D('',#9638,#9639);
#9638 = CARTESIAN_POINT('',(102.7,7.));
#9639 = DIRECTION('',(1.,0.));
#9640 = ( GEOMETRIC_REPRESENTATION_CONTEXT(2) 
PARAMETRIC_REPRESENTATION_CONTEXT() REPRESENTATION_CONTEXT('2D SPACE',''
  ) );
#9641 = PCURVE('',#9642,#9647);
#9642 = CYLINDRICAL_SURFACE('',#9643,4.5);
#9643 = AXIS2_PLACEMENT_3D('',#9644,#9645,#9646);
#9644 = CARTESIAN_POINT('',(-68.,17.,528.7));
#9645 = DIRECTION('',(0.,1.,0.));
#9646 = DIRECTION('',(0.,-0.,1.));
#9647 = DEFINITIONAL_REPRESENTATION('',(#9648),#9652);
#9648 = LINE('',#9649,#9650);
#9649 = CARTESIAN_POINT('',(0.,1.));
#9650 = VECTOR('',#9651,1.);
#9651 = DIRECTION('',(1.,0.));
#9652 = ( GEOMETRIC_REPRESENTATION_CONTEXT(2) 
PARAMETRIC_REPRESENTATION_CONTEXT() REPRESENTATION_CONTEXT('2D SPACE',''
  ) );
#9653 = ORIENTED_EDGE('',*,*,#9654,.F.);
#9654 = EDGE_CURVE('',#9655,#9621,#9657,.T.);
#9655 = VERTEX_POINT('',#9656);
#9656 = CARTESIAN_POINT('',(-65.,18.,525.34589803375));
#9657 = SURFACE_CURVE('',#9658,(#9662,#9669),.PCURVE_S1.);
#9658 = LINE('',#9659,#9660);
#9659 = CARTESIAN_POINT('',(-65.,18.,426.));
#9660 = VECTOR('',#9661,1.);
#9661 = DIRECTION('',(0.,0.,1.));
#9662 = PCURVE('',#9630,#9663);
#9663 = DEFINITIONAL_REPRESENTATION('',(#9664),#9668);
#9664 = LINE('',#9665,#9666);
#9665 = CARTESIAN_POINT('',(0.,10.));
#9666 = VECTOR('',#9667,1.);
#9667 = DIRECTION('',(1.,0.));
#9668 = ( GEOMETRIC_REPRESENTATION_CONTEXT(2) 
PARAMETRIC_REPRESENTATION_CONTEXT() REPRESENTATION_CONTEXT('2D SPACE',''
  ) );
#9669 = PCURVE('',#9670,#9675);
#9670 = PLANE('',#9671);
#9671 = AXIS2_PLACEMENT_3D('',#9672,#9673,#9674);
#9672 = CARTESIAN_POINT('',(-65.,18.,426.));
#9673 = DIRECTION('',(1.,0.,0.));
#9674 = DIRECTION('',(0.,0.,1.));
#9675 = DEFINITIONAL_REPRESENTATION('',(#9676),#9680);
#9676 = LINE('',#9677,#9678);
#9677 = CARTESIAN_POINT('',(0.,0.));
#9678 = VECTOR('',#9679,1.);
#9679 = DIRECTION('',(1.,0.));
#9680 = ( GEOMETRIC_REPRESENTATION_CONTEXT(2) 
PARAMETRIC_REPRESENTATION_CONTEXT() REPRESENTATION_CONTEXT('2D SPACE',''
  ) );
#9681 = ORIENTED_EDGE('',*,*,#9682,.T.);
#9682 = EDGE_CURVE('',#9655,#9619,#9683,.T.);
#9683 = SURFACE_CURVE('',#9684,(#9689,#9696),.PCURVE_S1.);
#9684 = CIRCLE('',#9685,4.5);
#9685 = AXIS2_PLACEMENT_3D('',#9686,#9687,#9688);
#9686 = CARTESIAN_POINT('',(-68.,18.,528.7));
#9687 = DIRECTION('',(0.,1.,0.));
#9688 = DIRECTION('',(0.,-0.,1.));
#9689 = PCURVE('',#9630,#9690);
#9690 = DEFINITIONAL_REPRESENTATION('',(#9691),#9695);
#9691 = CIRCLE('',#9692,4.5);
#9692 = AXIS2_PLACEMENT_2D('',#9693,#9694);
#9693 = CARTESIAN_POINT('',(102.7,7.));
#9694 = DIRECTION('',(1.,0.));
#9695 = ( GEOMETRIC_REPRESENTATION_CONTEXT(2) 
PARAMETRIC_REPRESENTATION_CONTEXT() REPRESENTATION_CONTEXT('2D SPACE',''
  ) );
#9696 = PCURVE('',#9642,#9697);
#9697 = DEFINITIONAL_REPRESENTATION('',(#9698),#9702);
#9698 = LINE('',#9699,#9700);
#9699 = CARTESIAN_POINT('',(0.,1.));
#9700 = VECTOR('',#9701,1.);
#9701 = DIRECTION('',(1.,0.));
#9702 = ( GEOMETRIC_REPRESENTATION_CONTEXT(2) 
PARAMETRIC_REPRESENTATION_CONTEXT() REPRESENTATION_CONTEXT('2D SPACE',''
  ) );
#9703 = ADVANCED_FACE('',(#9704),#9642,.T.);
#9704 = FACE_BOUND('',#9705,.T.);
#9705 = EDGE_LOOP('',(#9706,#9729,#9756,#9757,#9758,#9779,#9808,#9827));
#9706 = ORIENTED_EDGE('',*,*,#9707,.T.);
#9707 = EDGE_CURVE('',#9619,#9708,#9710,.T.);
#9708 = VERTEX_POINT('',#9709);
#9709 = CARTESIAN_POINT('',(-68.,53.1,533.2));
#9710 = SEAM_CURVE('',#9711,(#9715,#9722),.PCURVE_S1.);
#9711 = LINE('',#9712,#9713);
#9712 = CARTESIAN_POINT('',(-68.,17.,533.2));
#9713 = VECTOR('',#9714,1.);
#9714 = DIRECTION('',(0.,1.,0.));
#9715 = PCURVE('',#9642,#9716);
#9716 = DEFINITIONAL_REPRESENTATION('',(#9717),#9721);
#9717 = LINE('',#9718,#9719);
#9718 = CARTESIAN_POINT('',(6.28318530718,-0.));
#9719 = VECTOR('',#9720,1.);
#9720 = DIRECTION('',(0.,1.));
#9721 = ( GEOMETRIC_REPRESENTATION_CONTEXT(2) 
PARAMETRIC_REPRESENTATION_CONTEXT() REPRESENTATION_CONTEXT('2D SPACE',''
  ) );
#9722 = PCURVE('',#9642,#9723);
#9723 = DEFINITIONAL_REPRESENTATION('',(#9724),#9728);
#9724 = LINE('',#9725,#9726);
#9725 = CARTESIAN_POINT('',(0.,-0.));
#9726 = VECTOR('',#9727,1.);
#9727 = DIRECTION('',(0.,1.));
#9728 = ( GEOMETRIC_REPRESENTATION_CONTEXT(2) 
PARAMETRIC_REPRESENTATION_CONTEXT() REPRESENTATION_CONTEXT('2D SPACE',''
  ) );
#9729 = ORIENTED_EDGE('',*,*,#9730,.F.);
#9730 = EDGE_CURVE('',#9708,#9708,#9731,.T.);
#9731 = SURFACE_CURVE('',#9732,(#9737,#9744),.PCURVE_S1.);
#9732 = CIRCLE('',#9733,4.5);
#9733 = AXIS2_PLACEMENT_3D('',#9734,#9735,#9736);
#9734 = CARTESIAN_POINT('',(-68.,53.1,528.7));
#9735 = DIRECTION('',(0.,1.,0.));
#9736 = DIRECTION('',(0.,-0.,1.));
#9737 = PCURVE('',#9642,#9738);
#9738 = DEFINITIONAL_REPRESENTATION('',(#9739),#9743);
#9739 = LINE('',#9740,#9741);
#9740 = CARTESIAN_POINT('',(0.,36.1));
#9741 = VECTOR('',#9742,1.);
#9742 = DIRECTION('',(1.,0.));
#9743 = ( GEOMETRIC_REPRESENTATION_CONTEXT(2) 
PARAMETRIC_REPRESENTATION_CONTEXT() REPRESENTATION_CONTEXT('2D SPACE',''
  ) );
#9744 = PCURVE('',#9745,#9750);
#9745 = PLANE('',#9746);
#9746 = AXIS2_PLACEMENT_3D('',#9747,#9748,#9749);
#9747 = CARTESIAN_POINT('',(-68.,53.1,528.7));
#9748 = DIRECTION('',(0.,1.,0.));
#9749 = DIRECTION('',(0.,-0.,1.));
#9750 = DEFINITIONAL_REPRESENTATION('',(#9751),#9755);
#9751 = CIRCLE('',#9752,4.5);
#9752 = AXIS2_PLACEMENT_2D('',#9753,#9754);
#9753 = CARTESIAN_POINT('',(0.,0.));
#9754 = DIRECTION('',(1.,0.));
#9755 = ( GEOMETRIC_REPRESENTATION_CONTEXT(2) 
PARAMETRIC_REPRESENTATION_CONTEXT() REPRESENTATION_CONTEXT('2D SPACE',''
  ) );
#9756 = ORIENTED_EDGE('',*,*,#9707,.F.);
#9757 = ORIENTED_EDGE('',*,*,#9618,.T.);
#9758 = ORIENTED_EDGE('',*,*,#9759,.T.);
#9759 = EDGE_CURVE('',#9621,#9760,#9762,.T.);
#9760 = VERTEX_POINT('',#9761);
#9761 = CARTESIAN_POINT('',(-65.,53.,532.05410196624));
#9762 = SURFACE_CURVE('',#9763,(#9767,#9773),.PCURVE_S1.);
#9763 = LINE('',#9764,#9765);
#9764 = CARTESIAN_POINT('',(-65.,17.,532.05410196625));
#9765 = VECTOR('',#9766,1.);
#9766 = DIRECTION('',(0.,1.,0.));
#9767 = PCURVE('',#9642,#9768);
#9768 = DEFINITIONAL_REPRESENTATION('',(#9769),#9772);
#9769 = B_SPLINE_CURVE_WITH_KNOTS('',1,(#9770,#9771),.UNSPECIFIED.,.F.,
  .F.,(2,2),(-5.999999999062E-07,36.1000006),.PIECEWISE_BEZIER_KNOTS.);
#9770 = CARTESIAN_POINT('',(0.729727656227,-5.999999999062E-07));
#9771 = CARTESIAN_POINT('',(0.729727656227,36.1000006));
#9772 = ( GEOMETRIC_REPRESENTATION_CONTEXT(2) 
PARAMETRIC_REPRESENTATION_CONTEXT() REPRESENTATION_CONTEXT('2D SPACE',''
  ) );
#9773 = PCURVE('',#9670,#9774);
#9774 = DEFINITIONAL_REPRESENTATION('',(#9775),#9778);
#9775 = B_SPLINE_CURVE_WITH_KNOTS('',1,(#9776,#9777),.UNSPECIFIED.,.F.,
  .F.,(2,2),(-5.999999999062E-07,36.1000006),.PIECEWISE_BEZIER_KNOTS.);
#9776 = CARTESIAN_POINT('',(106.05410196625,1.0000006));
#9777 = CARTESIAN_POINT('',(106.05410196625,-35.1000006));
#9778 = ( GEOMETRIC_REPRESENTATION_CONTEXT(2) 
PARAMETRIC_REPRESENTATION_CONTEXT() REPRESENTATION_CONTEXT('2D SPACE',''
  ) );
#9779 = ORIENTED_EDGE('',*,*,#9780,.T.);
#9780 = EDGE_CURVE('',#9760,#9781,#9783,.T.);
#9781 = VERTEX_POINT('',#9782);
#9782 = CARTESIAN_POINT('',(-65.,53.,525.34589803375));
#9783 = SURFACE_CURVE('',#9784,(#9789,#9796),.PCURVE_S1.);
#9784 = CIRCLE('',#9785,4.5);
#9785 = AXIS2_PLACEMENT_3D('',#9786,#9787,#9788);
#9786 = CARTESIAN_POINT('',(-68.,53.,528.7));
#9787 = DIRECTION('',(0.,1.,0.));
#9788 = DIRECTION('',(0.,-0.,1.));
#9789 = PCURVE('',#9642,#9790);
#9790 = DEFINITIONAL_REPRESENTATION('',(#9791),#9795);
#9791 = LINE('',#9792,#9793);
#9792 = CARTESIAN_POINT('',(0.,36.));
#9793 = VECTOR('',#9794,1.);
#9794 = DIRECTION('',(1.,0.));
#9795 = ( GEOMETRIC_REPRESENTATION_CONTEXT(2) 
PARAMETRIC_REPRESENTATION_CONTEXT() REPRESENTATION_CONTEXT('2D SPACE',''
  ) );
#9796 = PCURVE('',#9797,#9802);
#9797 = PLANE('',#9798);
#9798 = AXIS2_PLACEMENT_3D('',#9799,#9800,#9801);
#9799 = CARTESIAN_POINT('',(-75.,53.,426.));
#9800 = DIRECTION('',(0.,1.,0.));
#9801 = DIRECTION('',(0.,0.,1.));
#9802 = DEFINITIONAL_REPRESENTATION('',(#9803),#9807);
#9803 = CIRCLE('',#9804,4.5);
#9804 = AXIS2_PLACEMENT_2D('',#9805,#9806);
#9805 = CARTESIAN_POINT('',(102.7,7.));
#9806 = DIRECTION('',(1.,0.));
#9807 = ( GEOMETRIC_REPRESENTATION_CONTEXT(2) 
PARAMETRIC_REPRESENTATION_CONTEXT() REPRESENTATION_CONTEXT('2D SPACE',''
  ) );
#9808 = ORIENTED_EDGE('',*,*,#9809,.F.);
#9809 = EDGE_CURVE('',#9655,#9781,#9810,.T.);
#9810 = SURFACE_CURVE('',#9811,(#9815,#9821),.PCURVE_S1.);
#9811 = LINE('',#9812,#9813);
#9812 = CARTESIAN_POINT('',(-65.,17.,525.34589803375));
#9813 = VECTOR('',#9814,1.);
#9814 = DIRECTION('',(0.,1.,0.));
#9815 = PCURVE('',#9642,#9816);
#9816 = DEFINITIONAL_REPRESENTATION('',(#9817),#9820);
#9817 = B_SPLINE_CURVE_WITH_KNOTS('',1,(#9818,#9819),.UNSPECIFIED.,.F.,
  .F.,(2,2),(-5.999999999062E-07,36.1000006),.PIECEWISE_BEZIER_KNOTS.);
#9818 = CARTESIAN_POINT('',(2.411864997363,-5.999999999062E-07));
#9819 = CARTESIAN_POINT('',(2.411864997363,36.1000006));
#9820 = ( GEOMETRIC_REPRESENTATION_CONTEXT(2) 
PARAMETRIC_REPRESENTATION_CONTEXT() REPRESENTATION_CONTEXT('2D SPACE',''
  ) );
#9821 = PCURVE('',#9670,#9822);
#9822 = DEFINITIONAL_REPRESENTATION('',(#9823),#9826);
#9823 = B_SPLINE_CURVE_WITH_KNOTS('',1,(#9824,#9825),.UNSPECIFIED.,.F.,
  .F.,(2,2),(-5.999999999062E-07,36.1000006),.PIECEWISE_BEZIER_KNOTS.);
#9824 = CARTESIAN_POINT('',(99.34589803375,1.0000006));
#9825 = CARTESIAN_POINT('',(99.34589803375,-35.1000006));
#9826 = ( GEOMETRIC_REPRESENTATION_CONTEXT(2) 
PARAMETRIC_REPRESENTATION_CONTEXT() REPRESENTATION_CONTEXT('2D SPACE',''
  ) );
#9827 = ORIENTED_EDGE('',*,*,#9682,.T.);
#9828 = ADVANCED_FACE('',(#9829),#9670,.T.);
#9829 = FACE_BOUND('',#9830,.T.);
#9830 = EDGE_LOOP('',(#9831,#9832,#9833,#9856,#9882,#9908,#9929,#9950));
#9831 = ORIENTED_EDGE('',*,*,#9654,.F.);
#9832 = ORIENTED_EDGE('',*,*,#9809,.T.);
#9833 = ORIENTED_EDGE('',*,*,#9834,.T.);
#9834 = EDGE_CURVE('',#9781,#9835,#9837,.T.);
#9835 = VERTEX_POINT('',#9836);
#9836 = CARTESIAN_POINT('',(-65.,53.,526.05424868894));
#9837 = SURFACE_CURVE('',#9838,(#9842,#9849),.PCURVE_S1.);
#9838 = LINE('',#9839,#9840);
#9839 = CARTESIAN_POINT('',(-65.,53.,426.));
#9840 = VECTOR('',#9841,1.);
#9841 = DIRECTION('',(0.,0.,1.));
#9842 = PCURVE('',#9670,#9843);
#9843 = DEFINITIONAL_REPRESENTATION('',(#9844),#9848);
#9844 = LINE('',#9845,#9846);
#9845 = CARTESIAN_POINT('',(0.,-35.));
#9846 = VECTOR('',#9847,1.);
#9847 = DIRECTION('',(1.,0.));
#9848 = ( GEOMETRIC_REPRESENTATION_CONTEXT(2) 
PARAMETRIC_REPRESENTATION_CONTEXT() REPRESENTATION_CONTEXT('2D SPACE',''
  ) );
#9849 = PCURVE('',#9797,#9850);
#9850 = DEFINITIONAL_REPRESENTATION('',(#9851),#9855);
#9851 = LINE('',#9852,#9853);
#9852 = CARTESIAN_POINT('',(0.,10.));
#9853 = VECTOR('',#9854,1.);
#9854 = DIRECTION('',(1.,0.));
#9855 = ( GEOMETRIC_REPRESENTATION_CONTEXT(2) 
PARAMETRIC_REPRESENTATION_CONTEXT() REPRESENTATION_CONTEXT('2D SPACE',''
  ) );
#9856 = ORIENTED_EDGE('',*,*,#9857,.F.);
#9857 = EDGE_CURVE('',#9858,#9835,#9860,.T.);
#9858 = VERTEX_POINT('',#9859);
#9859 = CARTESIAN_POINT('',(-65.,52.5,526.05424868893));
#9860 = SURFACE_CURVE('',#9861,(#9865,#9871),.PCURVE_S1.);
#9861 = LINE('',#9862,#9863);
#9862 = CARTESIAN_POINT('',(-65.,52.5,526.05424868893));
#9863 = VECTOR('',#9864,1.);
#9864 = DIRECTION('',(0.,1.,0.));
#9865 = PCURVE('',#9670,#9866);
#9866 = DEFINITIONAL_REPRESENTATION('',(#9867),#9870);
#9867 = B_SPLINE_CURVE_WITH_KNOTS('',1,(#9868,#9869),.UNSPECIFIED.,.F.,
  .F.,(2,2),(-5.999999999062E-07,4.),.PIECEWISE_BEZIER_KNOTS.);
#9868 = CARTESIAN_POINT('',(100.05424868893,-34.4999994));
#9869 = CARTESIAN_POINT('',(100.05424868893,-38.5));
#9870 = ( GEOMETRIC_REPRESENTATION_CONTEXT(2) 
PARAMETRIC_REPRESENTATION_CONTEXT() REPRESENTATION_CONTEXT('2D SPACE',''
  ) );
#9871 = PCURVE('',#9872,#9877);
#9872 = CYLINDRICAL_SURFACE('',#9873,4.);
#9873 = AXIS2_PLACEMENT_3D('',#9874,#9875,#9876);
#9874 = CARTESIAN_POINT('',(-68.,52.5,528.7));
#9875 = DIRECTION('',(0.,1.,0.));
#9876 = DIRECTION('',(0.,-0.,1.));
#9877 = DEFINITIONAL_REPRESENTATION('',(#9878),#9881);
#9878 = B_SPLINE_CURVE_WITH_KNOTS('',1,(#9879,#9880),.UNSPECIFIED.,.F.,
  .F.,(2,2),(-5.999999999062E-07,4.),.PIECEWISE_BEZIER_KNOTS.);
#9879 = CARTESIAN_POINT('',(2.293530574608,-5.999999999062E-07));
#9880 = CARTESIAN_POINT('',(2.293530574608,4.));
#9881 = ( GEOMETRIC_REPRESENTATION_CONTEXT(2) 
PARAMETRIC_REPRESENTATION_CONTEXT() REPRESENTATION_CONTEXT('2D SPACE',''
  ) );
#9882 = ORIENTED_EDGE('',*,*,#9883,.T.);
#9883 = EDGE_CURVE('',#9858,#9884,#9886,.T.);
#9884 = VERTEX_POINT('',#9885);
#9885 = CARTESIAN_POINT('',(-65.,52.5,531.34575131106));
#9886 = SURFACE_CURVE('',#9887,(#9891,#9897),.PCURVE_S1.);
#9887 = LINE('',#9888,#9889);
#9888 = CARTESIAN_POINT('',(-65.,52.5,477.35));
#9889 = VECTOR('',#9890,1.);
#9890 = DIRECTION('',(0.,0.,1.));
#9891 = PCURVE('',#9670,#9892);
#9892 = DEFINITIONAL_REPRESENTATION('',(#9893),#9896);
#9893 = B_SPLINE_CURVE_WITH_KNOTS('',1,(#9894,#9895),.UNSPECIFIED.,.F.,
  .F.,(2,2),(47.35,55.35),.PIECEWISE_BEZIER_KNOTS.);
#9894 = CARTESIAN_POINT('',(98.7,-34.5));
#9895 = CARTESIAN_POINT('',(106.7,-34.5));
#9896 = ( GEOMETRIC_REPRESENTATION_CONTEXT(2) 
PARAMETRIC_REPRESENTATION_CONTEXT() REPRESENTATION_CONTEXT('2D SPACE',''
  ) );
#9897 = PCURVE('',#9898,#9903);
#9898 = PLANE('',#9899);
#9899 = AXIS2_PLACEMENT_3D('',#9900,#9901,#9902);
#9900 = CARTESIAN_POINT('',(-68.,52.5,528.7));
#9901 = DIRECTION('',(0.,1.,0.));
#9902 = DIRECTION('',(0.,-0.,1.));
#9903 = DEFINITIONAL_REPRESENTATION('',(#9904),#9907);
#9904 = B_SPLINE_CURVE_WITH_KNOTS('',1,(#9905,#9906),.UNSPECIFIED.,.F.,
  .F.,(2,2),(47.35,55.35),.PIECEWISE_BEZIER_KNOTS.);
#9905 = CARTESIAN_POINT('',(-4.,3.));
#9906 = CARTESIAN_POINT('',(4.,3.));
#9907 = ( GEOMETRIC_REPRESENTATION_CONTEXT(2) 
PARAMETRIC_REPRESENTATION_CONTEXT() REPRESENTATION_CONTEXT('2D SPACE',''
  ) );
#9908 = ORIENTED_EDGE('',*,*,#9909,.T.);
#9909 = EDGE_CURVE('',#9884,#9910,#9912,.T.);
#9910 = VERTEX_POINT('',#9911);
#9911 = CARTESIAN_POINT('',(-65.,53.,531.34575131106));
#9912 = SURFACE_CURVE('',#9913,(#9917,#9923),.PCURVE_S1.);
#9913 = LINE('',#9914,#9915);
#9914 = CARTESIAN_POINT('',(-65.,52.5,531.34575131106));
#9915 = VECTOR('',#9916,1.);
#9916 = DIRECTION('',(0.,1.,0.));
#9917 = PCURVE('',#9670,#9918);
#9918 = DEFINITIONAL_REPRESENTATION('',(#9919),#9922);
#9919 = B_SPLINE_CURVE_WITH_KNOTS('',1,(#9920,#9921),.UNSPECIFIED.,.F.,
  .F.,(2,2),(-5.999999999062E-07,4.),.PIECEWISE_BEZIER_KNOTS.);
#9920 = CARTESIAN_POINT('',(105.34575131106,-34.4999994));
#9921 = CARTESIAN_POINT('',(105.34575131106,-38.5));
#9922 = ( GEOMETRIC_REPRESENTATION_CONTEXT(2) 
PARAMETRIC_REPRESENTATION_CONTEXT() REPRESENTATION_CONTEXT('2D SPACE',''
  ) );
#9923 = PCURVE('',#9872,#9924);
#9924 = DEFINITIONAL_REPRESENTATION('',(#9925),#9928);
#9925 = B_SPLINE_CURVE_WITH_KNOTS('',1,(#9926,#9927),.UNSPECIFIED.,.F.,
  .F.,(2,2),(-5.999999999062E-07,4.),.PIECEWISE_BEZIER_KNOTS.);
#9926 = CARTESIAN_POINT('',(0.848062078981,-5.999999999062E-07));
#9927 = CARTESIAN_POINT('',(0.848062078981,4.));
#9928 = ( GEOMETRIC_REPRESENTATION_CONTEXT(2) 
PARAMETRIC_REPRESENTATION_CONTEXT() REPRESENTATION_CONTEXT('2D SPACE',''
  ) );
#9929 = ORIENTED_EDGE('',*,*,#9930,.T.);
#9930 = EDGE_CURVE('',#9910,#9760,#9931,.T.);
#9931 = SURFACE_CURVE('',#9932,(#9936,#9943),.PCURVE_S1.);
#9932 = LINE('',#9933,#9934);
#9933 = CARTESIAN_POINT('',(-65.,53.,426.));
#9934 = VECTOR('',#9935,1.);
#9935 = DIRECTION('',(0.,0.,1.));
#9936 = PCURVE('',#9670,#9937);
#9937 = DEFINITIONAL_REPRESENTATION('',(#9938),#9942);
#9938 = LINE('',#9939,#9940);
#9939 = CARTESIAN_POINT('',(0.,-35.));
#9940 = VECTOR('',#9941,1.);
#9941 = DIRECTION('',(1.,0.));
#9942 = ( GEOMETRIC_REPRESENTATION_CONTEXT(2) 
PARAMETRIC_REPRESENTATION_CONTEXT() REPRESENTATION_CONTEXT('2D SPACE',''
  ) );
#9943 = PCURVE('',#9797,#9944);
#9944 = DEFINITIONAL_REPRESENTATION('',(#9945),#9949);
#9945 = LINE('',#9946,#9947);
#9946 = CARTESIAN_POINT('',(0.,10.));
#9947 = VECTOR('',#9948,1.);
#9948 = DIRECTION('',(1.,0.));
#9949 = ( GEOMETRIC_REPRESENTATION_CONTEXT(2) 
PARAMETRIC_REPRESENTATION_CONTEXT() REPRESENTATION_CONTEXT('2D SPACE',''
  ) );
#9950 = ORIENTED_EDGE('',*,*,#9759,.F.);
#9951 = ADVANCED_FACE('',(#9952),#9797,.F.);
#9952 = FACE_BOUND('',#9953,.F.);
#9953 = EDGE_LOOP('',(#9954,#9955,#9956,#9978));
#9954 = ORIENTED_EDGE('',*,*,#9780,.T.);
#9955 = ORIENTED_EDGE('',*,*,#9834,.T.);
#9956 = ORIENTED_EDGE('',*,*,#9957,.F.);
#9957 = EDGE_CURVE('',#9910,#9835,#9958,.T.);
#9958 = SURFACE_CURVE('',#9959,(#9964,#9971),.PCURVE_S1.);
#9959 = CIRCLE('',#9960,4.);
#9960 = AXIS2_PLACEMENT_3D('',#9961,#9962,#9963);
#9961 = CARTESIAN_POINT('',(-68.,53.,528.7));
#9962 = DIRECTION('',(0.,1.,0.));
#9963 = DIRECTION('',(0.,-0.,1.));
#9964 = PCURVE('',#9797,#9965);
#9965 = DEFINITIONAL_REPRESENTATION('',(#9966),#9970);
#9966 = CIRCLE('',#9967,4.);
#9967 = AXIS2_PLACEMENT_2D('',#9968,#9969);
#9968 = CARTESIAN_POINT('',(102.7,7.));
#9969 = DIRECTION('',(1.,0.));
#9970 = ( GEOMETRIC_REPRESENTATION_CONTEXT(2) 
PARAMETRIC_REPRESENTATION_CONTEXT() REPRESENTATION_CONTEXT('2D SPACE',''
  ) );
#9971 = PCURVE('',#9872,#9972);
#9972 = DEFINITIONAL_REPRESENTATION('',(#9973),#9977);
#9973 = LINE('',#9974,#9975);
#9974 = CARTESIAN_POINT('',(0.,0.5));
#9975 = VECTOR('',#9976,1.);
#9976 = DIRECTION('',(1.,0.));
#9977 = ( GEOMETRIC_REPRESENTATION_CONTEXT(2) 
PARAMETRIC_REPRESENTATION_CONTEXT() REPRESENTATION_CONTEXT('2D SPACE',''
  ) );
#9978 = ORIENTED_EDGE('',*,*,#9930,.T.);
#9979 = ADVANCED_FACE('',(#9980,#9983),#9745,.T.);
#9980 = FACE_BOUND('',#9981,.T.);
#9981 = EDGE_LOOP('',(#9982));
#9982 = ORIENTED_EDGE('',*,*,#9730,.T.);
#9983 = FACE_BOUND('',#9984,.T.);
#9984 = EDGE_LOOP('',(#9985));
#9985 = ORIENTED_EDGE('',*,*,#9986,.F.);
#9986 = EDGE_CURVE('',#9987,#9987,#9989,.T.);
#9987 = VERTEX_POINT('',#9988);
#9988 = CARTESIAN_POINT('',(-68.,53.1,532.7));
#9989 = SURFACE_CURVE('',#9990,(#9995,#10002),.PCURVE_S1.);
#9990 = CIRCLE('',#9991,4.);
#9991 = AXIS2_PLACEMENT_3D('',#9992,#9993,#9994);
#9992 = CARTESIAN_POINT('',(-68.,53.1,528.7));
#9993 = DIRECTION('',(0.,1.,0.));
#9994 = DIRECTION('',(0.,-0.,1.));
#9995 = PCURVE('',#9745,#9996);
#9996 = DEFINITIONAL_REPRESENTATION('',(#9997),#10001);
#9997 = CIRCLE('',#9998,4.);
#9998 = AXIS2_PLACEMENT_2D('',#9999,#10000);
#9999 = CARTESIAN_POINT('',(0.,0.));
#10000 = DIRECTION('',(1.,0.));
#10001 = ( GEOMETRIC_REPRESENTATION_CONTEXT(2) 
PARAMETRIC_REPRESENTATION_CONTEXT() REPRESENTATION_CONTEXT('2D SPACE',''
  ) );
#10002 = PCURVE('',#10003,#10008);
#10003 = PLANE('',#10004);
#10004 = AXIS2_PLACEMENT_3D('',#10005,#10006,#10007);
#10005 = CARTESIAN_POINT('',(-68.,53.1,528.7));
#10006 = DIRECTION('',(0.,1.,0.));
#10007 = DIRECTION('',(0.,-0.,1.));
#10008 = DEFINITIONAL_REPRESENTATION('',(#10009),#10013);
#10009 = CIRCLE('',#10010,4.);
#10010 = AXIS2_PLACEMENT_2D('',#10011,#10012);
#10011 = CARTESIAN_POINT('',(0.,0.));
#10012 = DIRECTION('',(1.,0.));
#10013 = ( GEOMETRIC_REPRESENTATION_CONTEXT(2) 
PARAMETRIC_REPRESENTATION_CONTEXT() REPRESENTATION_CONTEXT('2D SPACE',''
  ) );
#10014 = ADVANCED_FACE('',(#10015),#10003,.T.);
#10015 = FACE_BOUND('',#10016,.T.);
#10016 = EDGE_LOOP('',(#10017));
#10017 = ORIENTED_EDGE('',*,*,#9986,.T.);
#10018 = ADVANCED_FACE('',(#10019),#9872,.F.);
#10019 = FACE_BOUND('',#10020,.F.);
#10020 = EDGE_LOOP('',(#10021,#10045,#10066,#10067,#10068,#10090,#10091,
    #10092));
#10021 = ORIENTED_EDGE('',*,*,#10022,.T.);
#10022 = EDGE_CURVE('',#9858,#10023,#10025,.T.);
#10023 = VERTEX_POINT('',#10024);
#10024 = CARTESIAN_POINT('',(-68.,52.5,532.7));
#10025 = SURFACE_CURVE('',#10026,(#10031,#10038),.PCURVE_S1.);
#10026 = CIRCLE('',#10027,4.);
#10027 = AXIS2_PLACEMENT_3D('',#10028,#10029,#10030);
#10028 = CARTESIAN_POINT('',(-68.,52.5,528.7));
#10029 = DIRECTION('',(0.,1.,0.));
#10030 = DIRECTION('',(0.,-0.,1.));
#10031 = PCURVE('',#9872,#10032);
#10032 = DEFINITIONAL_REPRESENTATION('',(#10033),#10037);
#10033 = LINE('',#10034,#10035);
#10034 = CARTESIAN_POINT('',(0.,0.));
#10035 = VECTOR('',#10036,1.);
#10036 = DIRECTION('',(1.,0.));
#10037 = ( GEOMETRIC_REPRESENTATION_CONTEXT(2) 
PARAMETRIC_REPRESENTATION_CONTEXT() REPRESENTATION_CONTEXT('2D SPACE',''
  ) );
#10038 = PCURVE('',#9898,#10039);
#10039 = DEFINITIONAL_REPRESENTATION('',(#10040),#10044);
#10040 = CIRCLE('',#10041,4.);
#10041 = AXIS2_PLACEMENT_2D('',#10042,#10043);
#10042 = CARTESIAN_POINT('',(0.,0.));
#10043 = DIRECTION('',(1.,0.));
#10044 = ( GEOMETRIC_REPRESENTATION_CONTEXT(2) 
PARAMETRIC_REPRESENTATION_CONTEXT() REPRESENTATION_CONTEXT('2D SPACE',''
  ) );
#10045 = ORIENTED_EDGE('',*,*,#10046,.T.);
#10046 = EDGE_CURVE('',#10023,#9987,#10047,.T.);
#10047 = SEAM_CURVE('',#10048,(#10052,#10059),.PCURVE_S1.);
#10048 = LINE('',#10049,#10050);
#10049 = CARTESIAN_POINT('',(-68.,52.5,532.7));
#10050 = VECTOR('',#10051,1.);
#10051 = DIRECTION('',(0.,1.,0.));
#10052 = PCURVE('',#9872,#10053);
#10053 = DEFINITIONAL_REPRESENTATION('',(#10054),#10058);
#10054 = LINE('',#10055,#10056);
#10055 = CARTESIAN_POINT('',(0.,-0.));
#10056 = VECTOR('',#10057,1.);
#10057 = DIRECTION('',(0.,1.));
#10058 = ( GEOMETRIC_REPRESENTATION_CONTEXT(2) 
PARAMETRIC_REPRESENTATION_CONTEXT() REPRESENTATION_CONTEXT('2D SPACE',''
  ) );
#10059 = PCURVE('',#9872,#10060);
#10060 = DEFINITIONAL_REPRESENTATION('',(#10061),#10065);
#10061 = LINE('',#10062,#10063);
#10062 = CARTESIAN_POINT('',(6.28318530718,-0.));
#10063 = VECTOR('',#10064,1.);
#10064 = DIRECTION('',(0.,1.));
#10065 = ( GEOMETRIC_REPRESENTATION_CONTEXT(2) 
PARAMETRIC_REPRESENTATION_CONTEXT() REPRESENTATION_CONTEXT('2D SPACE',''
  ) );
#10066 = ORIENTED_EDGE('',*,*,#9986,.F.);
#10067 = ORIENTED_EDGE('',*,*,#10046,.F.);
#10068 = ORIENTED_EDGE('',*,*,#10069,.T.);
#10069 = EDGE_CURVE('',#10023,#9884,#10070,.T.);
#10070 = SURFACE_CURVE('',#10071,(#10076,#10083),.PCURVE_S1.);
#10071 = CIRCLE('',#10072,4.);
#10072 = AXIS2_PLACEMENT_3D('',#10073,#10074,#10075);
#10073 = CARTESIAN_POINT('',(-68.,52.5,528.7));
#10074 = DIRECTION('',(0.,1.,0.));
#10075 = DIRECTION('',(0.,-0.,1.));
#10076 = PCURVE('',#9872,#10077);
#10077 = DEFINITIONAL_REPRESENTATION('',(#10078),#10082);
#10078 = LINE('',#10079,#10080);
#10079 = CARTESIAN_POINT('',(0.,0.));
#10080 = VECTOR('',#10081,1.);
#10081 = DIRECTION('',(1.,0.));
#10082 = ( GEOMETRIC_REPRESENTATION_CONTEXT(2) 
PARAMETRIC_REPRESENTATION_CONTEXT() REPRESENTATION_CONTEXT('2D SPACE',''
  ) );
#10083 = PCURVE('',#9898,#10084);
#10084 = DEFINITIONAL_REPRESENTATION('',(#10085),#10089);
#10085 = CIRCLE('',#10086,4.);
#10086 = AXIS2_PLACEMENT_2D('',#10087,#10088);
#10087 = CARTESIAN_POINT('',(0.,0.));
#10088 = DIRECTION('',(1.,0.));
#10089 = ( GEOMETRIC_REPRESENTATION_CONTEXT(2) 
PARAMETRIC_REPRESENTATION_CONTEXT() REPRESENTATION_CONTEXT('2D SPACE',''
  ) );
#10090 = ORIENTED_EDGE('',*,*,#9909,.T.);
#10091 = ORIENTED_EDGE('',*,*,#9957,.T.);
#10092 = ORIENTED_EDGE('',*,*,#9857,.F.);
#10093 = ADVANCED_FACE('',(#10094),#10107,.F.);
#10094 = FACE_BOUND('',#10095,.F.);
#10095 = EDGE_LOOP('',(#10096,#10097,#10125,#10152));
#10096 = ORIENTED_EDGE('',*,*,#9986,.T.);
#10097 = ORIENTED_EDGE('',*,*,#10098,.T.);
#10098 = EDGE_CURVE('',#9987,#10099,#10101,.T.);
#10099 = VERTEX_POINT('',#10100);
#10100 = CARTESIAN_POINT('',(-68.,57.5,532.7));
#10101 = SEAM_CURVE('',#10102,(#10106,#10118),.PCURVE_S1.);
#10102 = LINE('',#10103,#10104);
#10103 = CARTESIAN_POINT('',(-68.,52.5,532.7));
#10104 = VECTOR('',#10105,1.);
#10105 = DIRECTION('',(0.,1.,0.));
#10106 = PCURVE('',#10107,#10112);
#10107 = CYLINDRICAL_SURFACE('',#10108,4.);
#10108 = AXIS2_PLACEMENT_3D('',#10109,#10110,#10111);
#10109 = CARTESIAN_POINT('',(-68.,52.5,528.7));
#10110 = DIRECTION('',(0.,1.,0.));
#10111 = DIRECTION('',(0.,-0.,1.));
#10112 = DEFINITIONAL_REPRESENTATION('',(#10113),#10117);
#10113 = LINE('',#10114,#10115);
#10114 = CARTESIAN_POINT('',(0.,-0.));
#10115 = VECTOR('',#10116,1.);
#10116 = DIRECTION('',(0.,1.));
#10117 = ( GEOMETRIC_REPRESENTATION_CONTEXT(2) 
PARAMETRIC_REPRESENTATION_CONTEXT() REPRESENTATION_CONTEXT('2D SPACE',''
  ) );
#10118 = PCURVE('',#10107,#10119);
#10119 = DEFINITIONAL_REPRESENTATION('',(#10120),#10124);
#10120 = LINE('',#10121,#10122);
#10121 = CARTESIAN_POINT('',(6.28318530718,-0.));
#10122 = VECTOR('',#10123,1.);
#10123 = DIRECTION('',(0.,1.));
#10124 = ( GEOMETRIC_REPRESENTATION_CONTEXT(2) 
PARAMETRIC_REPRESENTATION_CONTEXT() REPRESENTATION_CONTEXT('2D SPACE',''
  ) );
#10125 = ORIENTED_EDGE('',*,*,#10126,.F.);
#10126 = EDGE_CURVE('',#10099,#10099,#10127,.T.);
#10127 = SURFACE_CURVE('',#10128,(#10133,#10140),.PCURVE_S1.);
#10128 = CIRCLE('',#10129,4.);
#10129 = AXIS2_PLACEMENT_3D('',#10130,#10131,#10132);
#10130 = CARTESIAN_POINT('',(-68.,57.5,528.7));
#10131 = DIRECTION('',(0.,1.,0.));
#10132 = DIRECTION('',(0.,-0.,1.));
#10133 = PCURVE('',#10107,#10134);
#10134 = DEFINITIONAL_REPRESENTATION('',(#10135),#10139);
#10135 = LINE('',#10136,#10137);
#10136 = CARTESIAN_POINT('',(0.,5.));
#10137 = VECTOR('',#10138,1.);
#10138 = DIRECTION('',(1.,0.));
#10139 = ( GEOMETRIC_REPRESENTATION_CONTEXT(2) 
PARAMETRIC_REPRESENTATION_CONTEXT() REPRESENTATION_CONTEXT('2D SPACE',''
  ) );
#10140 = PCURVE('',#10141,#10146);
#10141 = PLANE('',#10142);
#10142 = AXIS2_PLACEMENT_3D('',#10143,#10144,#10145);
#10143 = CARTESIAN_POINT('',(-68.,57.5,528.7));
#10144 = DIRECTION('',(0.,1.,0.));
#10145 = DIRECTION('',(0.,-0.,1.));
#10146 = DEFINITIONAL_REPRESENTATION('',(#10147),#10151);
#10147 = CIRCLE('',#10148,4.);
#10148 = AXIS2_PLACEMENT_2D('',#10149,#10150);
#10149 = CARTESIAN_POINT('',(0.,0.));
#10150 = DIRECTION('',(1.,0.));
#10151 = ( GEOMETRIC_REPRESENTATION_CONTEXT(2) 
PARAMETRIC_REPRESENTATION_CONTEXT() REPRESENTATION_CONTEXT('2D SPACE',''
  ) );
#10152 = ORIENTED_EDGE('',*,*,#10098,.F.);
#10153 = ADVANCED_FACE('',(#10154,#10159),#9898,.T.);
#10154 = FACE_BOUND('',#10155,.T.);
#10155 = EDGE_LOOP('',(#10156,#10157,#10158));
#10156 = ORIENTED_EDGE('',*,*,#10022,.T.);
#10157 = ORIENTED_EDGE('',*,*,#10069,.T.);
#10158 = ORIENTED_EDGE('',*,*,#9883,.F.);
#10159 = FACE_BOUND('',#10160,.T.);
#10160 = EDGE_LOOP('',(#10161));
#10161 = ORIENTED_EDGE('',*,*,#10162,.F.);
#10162 = EDGE_CURVE('',#10163,#10163,#10165,.T.);
#10163 = VERTEX_POINT('',#10164);
#10164 = CARTESIAN_POINT('',(-68.,52.5,530.95));
#10165 = SURFACE_CURVE('',#10166,(#10171,#10178),.PCURVE_S1.);
#10166 = CIRCLE('',#10167,2.25);
#10167 = AXIS2_PLACEMENT_3D('',#10168,#10169,#10170);
#10168 = CARTESIAN_POINT('',(-68.,52.5,528.7));
#10169 = DIRECTION('',(0.,1.,0.));
#10170 = DIRECTION('',(0.,-0.,1.));
#10171 = PCURVE('',#9898,#10172);
#10172 = DEFINITIONAL_REPRESENTATION('',(#10173),#10177);
#10173 = CIRCLE('',#10174,2.25);
#10174 = AXIS2_PLACEMENT_2D('',#10175,#10176);
#10175 = CARTESIAN_POINT('',(0.,0.));
#10176 = DIRECTION('',(1.,0.));
#10177 = ( GEOMETRIC_REPRESENTATION_CONTEXT(2) 
PARAMETRIC_REPRESENTATION_CONTEXT() REPRESENTATION_CONTEXT('2D SPACE',''
  ) );
#10178 = PCURVE('',#10179,#10184);
#10179 = PLANE('',#10180);
#10180 = AXIS2_PLACEMENT_3D('',#10181,#10182,#10183);
#10181 = CARTESIAN_POINT('',(-68.,52.5,528.7));
#10182 = DIRECTION('',(0.,1.,0.));
#10183 = DIRECTION('',(0.,-0.,1.));
#10184 = DEFINITIONAL_REPRESENTATION('',(#10185),#10189);
#10185 = CIRCLE('',#10186,2.25);
#10186 = AXIS2_PLACEMENT_2D('',#10187,#10188);
#10187 = CARTESIAN_POINT('',(0.,0.));
#10188 = DIRECTION('',(1.,0.));
#10189 = ( GEOMETRIC_REPRESENTATION_CONTEXT(2) 
PARAMETRIC_REPRESENTATION_CONTEXT() REPRESENTATION_CONTEXT('2D SPACE',''
  ) );
#10190 = ADVANCED_FACE('',(#10191),#10179,.T.);
#10191 = FACE_BOUND('',#10192,.F.);
#10192 = EDGE_LOOP('',(#10193));
#10193 = ORIENTED_EDGE('',*,*,#10162,.F.);
#10194 = ADVANCED_FACE('',(#10195,#10198),#10141,.F.);
#10195 = FACE_BOUND('',#10196,.F.);
#10196 = EDGE_LOOP('',(#10197));
#10197 = ORIENTED_EDGE('',*,*,#10126,.T.);
#10198 = FACE_BOUND('',#10199,.F.);
#10199 = EDGE_LOOP('',(#10200));
#10200 = ORIENTED_EDGE('',*,*,#10201,.F.);
#10201 = EDGE_CURVE('',#10202,#10202,#10204,.T.);
#10202 = VERTEX_POINT('',#10203);
#10203 = CARTESIAN_POINT('',(-68.,57.5,530.95));
#10204 = SURFACE_CURVE('',#10205,(#10210,#10217),.PCURVE_S1.);
#10205 = CIRCLE('',#10206,2.25);
#10206 = AXIS2_PLACEMENT_3D('',#10207,#10208,#10209);
#10207 = CARTESIAN_POINT('',(-68.,57.5,528.7));
#10208 = DIRECTION('',(0.,1.,0.));
#10209 = DIRECTION('',(0.,-0.,1.));
#10210 = PCURVE('',#10141,#10211);
#10211 = DEFINITIONAL_REPRESENTATION('',(#10212),#10216);
#10212 = CIRCLE('',#10213,2.25);
#10213 = AXIS2_PLACEMENT_2D('',#10214,#10215);
#10214 = CARTESIAN_POINT('',(0.,0.));
#10215 = DIRECTION('',(1.,0.));
#10216 = ( GEOMETRIC_REPRESENTATION_CONTEXT(2) 
PARAMETRIC_REPRESENTATION_CONTEXT() REPRESENTATION_CONTEXT('2D SPACE',''
  ) );
#10217 = PCURVE('',#10218,#10223);
#10218 = PLANE('',#10219);
#10219 = AXIS2_PLACEMENT_3D('',#10220,#10221,#10222);
#10220 = CARTESIAN_POINT('',(-68.,57.5,528.7));
#10221 = DIRECTION('',(0.,1.,0.));
#10222 = DIRECTION('',(0.,-0.,1.));
#10223 = DEFINITIONAL_REPRESENTATION('',(#10224),#10228);
#10224 = CIRCLE('',#10225,2.25);
#10225 = AXIS2_PLACEMENT_2D('',#10226,#10227);
#10226 = CARTESIAN_POINT('',(0.,0.));
#10227 = DIRECTION('',(1.,0.));
#10228 = ( GEOMETRIC_REPRESENTATION_CONTEXT(2) 
PARAMETRIC_REPRESENTATION_CONTEXT() REPRESENTATION_CONTEXT('2D SPACE',''
  ) );
#10229 = ADVANCED_FACE('',(#10230),#10218,.F.);
#10230 = FACE_BOUND('',#10231,.F.);
#10231 = EDGE_LOOP('',(#10232));
#10232 = ORIENTED_EDGE('',*,*,#10201,.T.);
#10233 = ( GEOMETRIC_REPRESENTATION_CONTEXT(3) 
GLOBAL_UNCERTAINTY_ASSIGNED_CONTEXT((#10237)) 
GLOBAL_UNIT_ASSIGNED_CONTEXT((#10234,#10235,#10236)) 
REPRESENTATION_CONTEXT('Context #1',
  '3D Context with UNIT and UNCERTAINTY') );
#10234 = ( LENGTH_UNIT() NAMED_UNIT(*) SI_UNIT(.MILLI.,.METRE.) );
#10235 = ( NAMED_UNIT(*) PLANE_ANGLE_UNIT() SI_UNIT($,.RADIAN.) );
#10236 = ( NAMED_UNIT(*) SI_UNIT($,.STERADIAN.) SOLID_ANGLE_UNIT() );
#10237 = UNCERTAINTY_MEASURE_WITH_UNIT(LENGTH_MEASURE(1.E-07),#10234,
  'distance_accuracy_value','confusion accuracy');
#10238 = CONTEXT_DEPENDENT_SHAPE_REPRESENTATION(#10239,#10241);
#10239 = ( REPRESENTATION_RELATIONSHIP('','',#9611,#10) 
REPRESENTATION_RELATIONSHIP_WITH_TRANSFORMATION(#10240) 
SHAPE_REPRESENTATION_RELATIONSHIP() );
#10240 = ITEM_DEFINED_TRANSFORMATION('','',#11,#59);
#10241 = PRODUCT_DEFINITION_SHAPE('Placement','Placement of an item',
  #10242);
#10242 = NEXT_ASSEMBLY_USAGE_OCCURRENCE('17','','',#5,#9606,$);
#10243 = PRODUCT_RELATED_PRODUCT_CATEGORY('part',$,(#9608));
#10244 = SHAPE_DEFINITION_REPRESENTATION(#10245,#10251);
#10245 = PRODUCT_DEFINITION_SHAPE('','',#10246);
#10246 = PRODUCT_DEFINITION('design','',#10247,#10250);
#10247 = PRODUCT_DEFINITION_FORMATION('','',#10248);
#10248 = PRODUCT('Open CASCADE STEP translator 7.9 16.13',
  'Open CASCADE STEP translator 7.9 16.13','',(#10249));
#10249 = PRODUCT_CONTEXT('',#2,'mechanical');
#10250 = PRODUCT_DEFINITION_CONTEXT('part definition',#2,'design');
#10251 = ADVANCED_BREP_SHAPE_REPRESENTATION('',(#11,#10252),#10873);
#10252 = MANIFOLD_SOLID_BREP('',#10253);
#10253 = CLOSED_SHELL('',(#10254,#10343,#10468,#10591,#10619,#10654,
    #10658,#10733,#10793,#10830,#10834,#10869));
#10254 = ADVANCED_FACE('',(#10255),#10270,.F.);
#10255 = FACE_BOUND('',#10256,.F.);
#10256 = EDGE_LOOP('',(#10257,#10293,#10321));
#10257 = ORIENTED_EDGE('',*,*,#10258,.T.);
#10258 = EDGE_CURVE('',#10259,#10261,#10263,.T.);
#10259 = VERTEX_POINT('',#10260);
#10260 = CARTESIAN_POINT('',(-68.,18.,559.2));
#10261 = VERTEX_POINT('',#10262);
#10262 = CARTESIAN_POINT('',(-65.,18.,558.05410196625));
#10263 = SURFACE_CURVE('',#10264,(#10269,#10281),.PCURVE_S1.);
#10264 = CIRCLE('',#10265,4.5);
#10265 = AXIS2_PLACEMENT_3D('',#10266,#10267,#10268);
#10266 = CARTESIAN_POINT('',(-68.,18.,554.7));
#10267 = DIRECTION('',(0.,1.,0.));
#10268 = DIRECTION('',(0.,-0.,1.));
#10269 = PCURVE('',#10270,#10275);
#10270 = PLANE('',#10271);
#10271 = AXIS2_PLACEMENT_3D('',#10272,#10273,#10274);
#10272 = CARTESIAN_POINT('',(-75.,18.,426.));
#10273 = DIRECTION('',(0.,1.,0.));
#10274 = DIRECTION('',(0.,0.,1.));
#10275 = DEFINITIONAL_REPRESENTATION('',(#10276),#10280);
#10276 = CIRCLE('',#10277,4.5);
#10277 = AXIS2_PLACEMENT_2D('',#10278,#10279);
#10278 = CARTESIAN_POINT('',(128.7,7.));
#10279 = DIRECTION('',(1.,0.));
#10280 = ( GEOMETRIC_REPRESENTATION_CONTEXT(2) 
PARAMETRIC_REPRESENTATION_CONTEXT() REPRESENTATION_CONTEXT('2D SPACE',''
  ) );
#10281 = PCURVE('',#10282,#10287);
#10282 = CYLINDRICAL_SURFACE('',#10283,4.5);
#10283 = AXIS2_PLACEMENT_3D('',#10284,#10285,#10286);
#10284 = CARTESIAN_POINT('',(-68.,17.,554.7));
#10285 = DIRECTION('',(0.,1.,0.));
#10286 = DIRECTION('',(0.,-0.,1.));
#10287 = DEFINITIONAL_REPRESENTATION('',(#10288),#10292);
#10288 = LINE('',#10289,#10290);
#10289 = CARTESIAN_POINT('',(0.,1.));
#10290 = VECTOR('',#10291,1.);
#10291 = DIRECTION('',(1.,0.));
#10292 = ( GEOMETRIC_REPRESENTATION_CONTEXT(2) 
PARAMETRIC_REPRESENTATION_CONTEXT() REPRESENTATION_CONTEXT('2D SPACE',''
  ) );
#10293 = ORIENTED_EDGE('',*,*,#10294,.F.);
#10294 = EDGE_CURVE('',#10295,#10261,#10297,.T.);
#10295 = VERTEX_POINT('',#10296);
#10296 = CARTESIAN_POINT('',(-65.,18.,551.34589803374));
#10297 = SURFACE_CURVE('',#10298,(#10302,#10309),.PCURVE_S1.);
#10298 = LINE('',#10299,#10300);
#10299 = CARTESIAN_POINT('',(-65.,18.,426.));
#10300 = VECTOR('',#10301,1.);
#10301 = DIRECTION('',(0.,0.,1.));
#10302 = PCURVE('',#10270,#10303);
#10303 = DEFINITIONAL_REPRESENTATION('',(#10304),#10308);
#10304 = LINE('',#10305,#10306);
#10305 = CARTESIAN_POINT('',(0.,10.));
#10306 = VECTOR('',#10307,1.);
#10307 = DIRECTION('',(1.,0.));
#10308 = ( GEOMETRIC_REPRESENTATION_CONTEXT(2) 
PARAMETRIC_REPRESENTATION_CONTEXT() REPRESENTATION_CONTEXT('2D SPACE',''
  ) );
#10309 = PCURVE('',#10310,#10315);
#10310 = PLANE('',#10311);
#10311 = AXIS2_PLACEMENT_3D('',#10312,#10313,#10314);
#10312 = CARTESIAN_POINT('',(-65.,18.,426.));
#10313 = DIRECTION('',(1.,0.,0.));
#10314 = DIRECTION('',(0.,0.,1.));
#10315 = DEFINITIONAL_REPRESENTATION('',(#10316),#10320);
#10316 = LINE('',#10317,#10318);
#10317 = CARTESIAN_POINT('',(0.,0.));
#10318 = VECTOR('',#10319,1.);
#10319 = DIRECTION('',(1.,0.));
#10320 = ( GEOMETRIC_REPRESENTATION_CONTEXT(2) 
PARAMETRIC_REPRESENTATION_CONTEXT() REPRESENTATION_CONTEXT('2D SPACE',''
  ) );
#10321 = ORIENTED_EDGE('',*,*,#10322,.T.);
#10322 = EDGE_CURVE('',#10295,#10259,#10323,.T.);
#10323 = SURFACE_CURVE('',#10324,(#10329,#10336),.PCURVE_S1.);
#10324 = CIRCLE('',#10325,4.5);
#10325 = AXIS2_PLACEMENT_3D('',#10326,#10327,#10328);
#10326 = CARTESIAN_POINT('',(-68.,18.,554.7));
#10327 = DIRECTION('',(0.,1.,0.));
#10328 = DIRECTION('',(0.,-0.,1.));
#10329 = PCURVE('',#10270,#10330);
#10330 = DEFINITIONAL_REPRESENTATION('',(#10331),#10335);
#10331 = CIRCLE('',#10332,4.5);
#10332 = AXIS2_PLACEMENT_2D('',#10333,#10334);
#10333 = CARTESIAN_POINT('',(128.7,7.));
#10334 = DIRECTION('',(1.,0.));
#10335 = ( GEOMETRIC_REPRESENTATION_CONTEXT(2) 
PARAMETRIC_REPRESENTATION_CONTEXT() REPRESENTATION_CONTEXT('2D SPACE',''
  ) );
#10336 = PCURVE('',#10282,#10337);
#10337 = DEFINITIONAL_REPRESENTATION('',(#10338),#10342);
#10338 = LINE('',#10339,#10340);
#10339 = CARTESIAN_POINT('',(0.,1.));
#10340 = VECTOR('',#10341,1.);
#10341 = DIRECTION('',(1.,0.));
#10342 = ( GEOMETRIC_REPRESENTATION_CONTEXT(2) 
PARAMETRIC_REPRESENTATION_CONTEXT() REPRESENTATION_CONTEXT('2D SPACE',''
  ) );
#10343 = ADVANCED_FACE('',(#10344),#10282,.T.);
#10344 = FACE_BOUND('',#10345,.T.);
#10345 = EDGE_LOOP('',(#10346,#10369,#10396,#10397,#10398,#10419,#10448,
    #10467));
#10346 = ORIENTED_EDGE('',*,*,#10347,.T.);
#10347 = EDGE_CURVE('',#10259,#10348,#10350,.T.);
#10348 = VERTEX_POINT('',#10349);
#10349 = CARTESIAN_POINT('',(-68.,53.1,559.2));
#10350 = SEAM_CURVE('',#10351,(#10355,#10362),.PCURVE_S1.);
#10351 = LINE('',#10352,#10353);
#10352 = CARTESIAN_POINT('',(-68.,17.,559.2));
#10353 = VECTOR('',#10354,1.);
#10354 = DIRECTION('',(0.,1.,0.));
#10355 = PCURVE('',#10282,#10356);
#10356 = DEFINITIONAL_REPRESENTATION('',(#10357),#10361);
#10357 = LINE('',#10358,#10359);
#10358 = CARTESIAN_POINT('',(6.28318530718,-0.));
#10359 = VECTOR('',#10360,1.);
#10360 = DIRECTION('',(0.,1.));
#10361 = ( GEOMETRIC_REPRESENTATION_CONTEXT(2) 
PARAMETRIC_REPRESENTATION_CONTEXT() REPRESENTATION_CONTEXT('2D SPACE',''
  ) );
#10362 = PCURVE('',#10282,#10363);
#10363 = DEFINITIONAL_REPRESENTATION('',(#10364),#10368);
#10364 = LINE('',#10365,#10366);
#10365 = CARTESIAN_POINT('',(0.,-0.));
#10366 = VECTOR('',#10367,1.);
#10367 = DIRECTION('',(0.,1.));
#10368 = ( GEOMETRIC_REPRESENTATION_CONTEXT(2) 
PARAMETRIC_REPRESENTATION_CONTEXT() REPRESENTATION_CONTEXT('2D SPACE',''
  ) );
#10369 = ORIENTED_EDGE('',*,*,#10370,.F.);
#10370 = EDGE_CURVE('',#10348,#10348,#10371,.T.);
#10371 = SURFACE_CURVE('',#10372,(#10377,#10384),.PCURVE_S1.);
#10372 = CIRCLE('',#10373,4.5);
#10373 = AXIS2_PLACEMENT_3D('',#10374,#10375,#10376);
#10374 = CARTESIAN_POINT('',(-68.,53.1,554.7));
#10375 = DIRECTION('',(0.,1.,0.));
#10376 = DIRECTION('',(0.,-0.,1.));
#10377 = PCURVE('',#10282,#10378);
#10378 = DEFINITIONAL_REPRESENTATION('',(#10379),#10383);
#10379 = LINE('',#10380,#10381);
#10380 = CARTESIAN_POINT('',(0.,36.1));
#10381 = VECTOR('',#10382,1.);
#10382 = DIRECTION('',(1.,0.));
#10383 = ( GEOMETRIC_REPRESENTATION_CONTEXT(2) 
PARAMETRIC_REPRESENTATION_CONTEXT() REPRESENTATION_CONTEXT('2D SPACE',''
  ) );
#10384 = PCURVE('',#10385,#10390);
#10385 = PLANE('',#10386);
#10386 = AXIS2_PLACEMENT_3D('',#10387,#10388,#10389);
#10387 = CARTESIAN_POINT('',(-68.,53.1,554.7));
#10388 = DIRECTION('',(0.,1.,0.));
#10389 = DIRECTION('',(0.,-0.,1.));
#10390 = DEFINITIONAL_REPRESENTATION('',(#10391),#10395);
#10391 = CIRCLE('',#10392,4.5);
#10392 = AXIS2_PLACEMENT_2D('',#10393,#10394);
#10393 = CARTESIAN_POINT('',(0.,0.));
#10394 = DIRECTION('',(1.,0.));
#10395 = ( GEOMETRIC_REPRESENTATION_CONTEXT(2) 
PARAMETRIC_REPRESENTATION_CONTEXT() REPRESENTATION_CONTEXT('2D SPACE',''
  ) );
#10396 = ORIENTED_EDGE('',*,*,#10347,.F.);
#10397 = ORIENTED_EDGE('',*,*,#10258,.T.);
#10398 = ORIENTED_EDGE('',*,*,#10399,.T.);
#10399 = EDGE_CURVE('',#10261,#10400,#10402,.T.);
#10400 = VERTEX_POINT('',#10401);
#10401 = CARTESIAN_POINT('',(-65.,53.,558.05410196625));
#10402 = SURFACE_CURVE('',#10403,(#10407,#10413),.PCURVE_S1.);
#10403 = LINE('',#10404,#10405);
#10404 = CARTESIAN_POINT('',(-65.,17.,558.05410196625));
#10405 = VECTOR('',#10406,1.);
#10406 = DIRECTION('',(0.,1.,0.));
#10407 = PCURVE('',#10282,#10408);
#10408 = DEFINITIONAL_REPRESENTATION('',(#10409),#10412);
#10409 = B_SPLINE_CURVE_WITH_KNOTS('',1,(#10410,#10411),.UNSPECIFIED.,
  .F.,.F.,(2,2),(-5.999999999062E-07,36.1000006),
  .PIECEWISE_BEZIER_KNOTS.);
#10410 = CARTESIAN_POINT('',(0.729727656227,-5.999999999062E-07));
#10411 = CARTESIAN_POINT('',(0.729727656227,36.1000006));
#10412 = ( GEOMETRIC_REPRESENTATION_CONTEXT(2) 
PARAMETRIC_REPRESENTATION_CONTEXT() REPRESENTATION_CONTEXT('2D SPACE',''
  ) );
#10413 = PCURVE('',#10310,#10414);
#10414 = DEFINITIONAL_REPRESENTATION('',(#10415),#10418);
#10415 = B_SPLINE_CURVE_WITH_KNOTS('',1,(#10416,#10417),.UNSPECIFIED.,
  .F.,.F.,(2,2),(-5.999999999062E-07,36.1000006),
  .PIECEWISE_BEZIER_KNOTS.);
#10416 = CARTESIAN_POINT('',(132.05410196625,1.0000006));
#10417 = CARTESIAN_POINT('',(132.05410196625,-35.1000006));
#10418 = ( GEOMETRIC_REPRESENTATION_CONTEXT(2) 
PARAMETRIC_REPRESENTATION_CONTEXT() REPRESENTATION_CONTEXT('2D SPACE',''
  ) );
#10419 = ORIENTED_EDGE('',*,*,#10420,.T.);
#10420 = EDGE_CURVE('',#10400,#10421,#10423,.T.);
#10421 = VERTEX_POINT('',#10422);
#10422 = CARTESIAN_POINT('',(-65.,53.,551.34589803374));
#10423 = SURFACE_CURVE('',#10424,(#10429,#10436),.PCURVE_S1.);
#10424 = CIRCLE('',#10425,4.5);
#10425 = AXIS2_PLACEMENT_3D('',#10426,#10427,#10428);
#10426 = CARTESIAN_POINT('',(-68.,53.,554.7));
#10427 = DIRECTION('',(0.,1.,0.));
#10428 = DIRECTION('',(0.,-0.,1.));
#10429 = PCURVE('',#10282,#10430);
#10430 = DEFINITIONAL_REPRESENTATION('',(#10431),#10435);
#10431 = LINE('',#10432,#10433);
#10432 = CARTESIAN_POINT('',(0.,36.));
#10433 = VECTOR('',#10434,1.);
#10434 = DIRECTION('',(1.,0.));
#10435 = ( GEOMETRIC_REPRESENTATION_CONTEXT(2) 
PARAMETRIC_REPRESENTATION_CONTEXT() REPRESENTATION_CONTEXT('2D SPACE',''
  ) );
#10436 = PCURVE('',#10437,#10442);
#10437 = PLANE('',#10438);
#10438 = AXIS2_PLACEMENT_3D('',#10439,#10440,#10441);
#10439 = CARTESIAN_POINT('',(-75.,53.,426.));
#10440 = DIRECTION('',(0.,1.,0.));
#10441 = DIRECTION('',(0.,0.,1.));
#10442 = DEFINITIONAL_REPRESENTATION('',(#10443),#10447);
#10443 = CIRCLE('',#10444,4.5);
#10444 = AXIS2_PLACEMENT_2D('',#10445,#10446);
#10445 = CARTESIAN_POINT('',(128.7,7.));
#10446 = DIRECTION('',(1.,0.));
#10447 = ( GEOMETRIC_REPRESENTATION_CONTEXT(2) 
PARAMETRIC_REPRESENTATION_CONTEXT() REPRESENTATION_CONTEXT('2D SPACE',''
  ) );
#10448 = ORIENTED_EDGE('',*,*,#10449,.F.);
#10449 = EDGE_CURVE('',#10295,#10421,#10450,.T.);
#10450 = SURFACE_CURVE('',#10451,(#10455,#10461),.PCURVE_S1.);
#10451 = LINE('',#10452,#10453);
#10452 = CARTESIAN_POINT('',(-65.,17.,551.34589803375));
#10453 = VECTOR('',#10454,1.);
#10454 = DIRECTION('',(0.,1.,0.));
#10455 = PCURVE('',#10282,#10456);
#10456 = DEFINITIONAL_REPRESENTATION('',(#10457),#10460);
#10457 = B_SPLINE_CURVE_WITH_KNOTS('',1,(#10458,#10459),.UNSPECIFIED.,
  .F.,.F.,(2,2),(-5.999999999062E-07,36.1000006),
  .PIECEWISE_BEZIER_KNOTS.);
#10458 = CARTESIAN_POINT('',(2.411864997363,-5.999999999062E-07));
#10459 = CARTESIAN_POINT('',(2.411864997363,36.1000006));
#10460 = ( GEOMETRIC_REPRESENTATION_CONTEXT(2) 
PARAMETRIC_REPRESENTATION_CONTEXT() REPRESENTATION_CONTEXT('2D SPACE',''
  ) );
#10461 = PCURVE('',#10310,#10462);
#10462 = DEFINITIONAL_REPRESENTATION('',(#10463),#10466);
#10463 = B_SPLINE_CURVE_WITH_KNOTS('',1,(#10464,#10465),.UNSPECIFIED.,
  .F.,.F.,(2,2),(-5.999999999062E-07,36.1000006),
  .PIECEWISE_BEZIER_KNOTS.);
#10464 = CARTESIAN_POINT('',(125.34589803375,1.0000006));
#10465 = CARTESIAN_POINT('',(125.34589803375,-35.1000006));
#10466 = ( GEOMETRIC_REPRESENTATION_CONTEXT(2) 
PARAMETRIC_REPRESENTATION_CONTEXT() REPRESENTATION_CONTEXT('2D SPACE',''
  ) );
#10467 = ORIENTED_EDGE('',*,*,#10322,.T.);
#10468 = ADVANCED_FACE('',(#10469),#10310,.T.);
#10469 = FACE_BOUND('',#10470,.T.);
#10470 = EDGE_LOOP('',(#10471,#10472,#10473,#10496,#10522,#10548,#10569,
    #10590));
#10471 = ORIENTED_EDGE('',*,*,#10294,.F.);
#10472 = ORIENTED_EDGE('',*,*,#10449,.T.);
#10473 = ORIENTED_EDGE('',*,*,#10474,.T.);
#10474 = EDGE_CURVE('',#10421,#10475,#10477,.T.);
#10475 = VERTEX_POINT('',#10476);
#10476 = CARTESIAN_POINT('',(-65.,53.,552.05424868893));
#10477 = SURFACE_CURVE('',#10478,(#10482,#10489),.PCURVE_S1.);
#10478 = LINE('',#10479,#10480);
#10479 = CARTESIAN_POINT('',(-65.,53.,426.));
#10480 = VECTOR('',#10481,1.);
#10481 = DIRECTION('',(0.,0.,1.));
#10482 = PCURVE('',#10310,#10483);
#10483 = DEFINITIONAL_REPRESENTATION('',(#10484),#10488);
#10484 = LINE('',#10485,#10486);
#10485 = CARTESIAN_POINT('',(0.,-35.));
#10486 = VECTOR('',#10487,1.);
#10487 = DIRECTION('',(1.,0.));
#10488 = ( GEOMETRIC_REPRESENTATION_CONTEXT(2) 
PARAMETRIC_REPRESENTATION_CONTEXT() REPRESENTATION_CONTEXT('2D SPACE',''
  ) );
#10489 = PCURVE('',#10437,#10490);
#10490 = DEFINITIONAL_REPRESENTATION('',(#10491),#10495);
#10491 = LINE('',#10492,#10493);
#10492 = CARTESIAN_POINT('',(0.,10.));
#10493 = VECTOR('',#10494,1.);
#10494 = DIRECTION('',(1.,0.));
#10495 = ( GEOMETRIC_REPRESENTATION_CONTEXT(2) 
PARAMETRIC_REPRESENTATION_CONTEXT() REPRESENTATION_CONTEXT('2D SPACE',''
  ) );
#10496 = ORIENTED_EDGE('',*,*,#10497,.F.);
#10497 = EDGE_CURVE('',#10498,#10475,#10500,.T.);
#10498 = VERTEX_POINT('',#10499);
#10499 = CARTESIAN_POINT('',(-65.,52.5,552.05424868893));
#10500 = SURFACE_CURVE('',#10501,(#10505,#10511),.PCURVE_S1.);
#10501 = LINE('',#10502,#10503);
#10502 = CARTESIAN_POINT('',(-65.,52.5,552.05424868893));
#10503 = VECTOR('',#10504,1.);
#10504 = DIRECTION('',(0.,1.,0.));
#10505 = PCURVE('',#10310,#10506);
#10506 = DEFINITIONAL_REPRESENTATION('',(#10507),#10510);
#10507 = B_SPLINE_CURVE_WITH_KNOTS('',1,(#10508,#10509),.UNSPECIFIED.,
  .F.,.F.,(2,2),(-5.999999999062E-07,4.),.PIECEWISE_BEZIER_KNOTS.);
#10508 = CARTESIAN_POINT('',(126.05424868893,-34.4999994));
#10509 = CARTESIAN_POINT('',(126.05424868893,-38.5));
#10510 = ( GEOMETRIC_REPRESENTATION_CONTEXT(2) 
PARAMETRIC_REPRESENTATION_CONTEXT() REPRESENTATION_CONTEXT('2D SPACE',''
  ) );
#10511 = PCURVE('',#10512,#10517);
#10512 = CYLINDRICAL_SURFACE('',#10513,4.);
#10513 = AXIS2_PLACEMENT_3D('',#10514,#10515,#10516);
#10514 = CARTESIAN_POINT('',(-68.,52.5,554.7));
#10515 = DIRECTION('',(0.,1.,0.));
#10516 = DIRECTION('',(0.,-0.,1.));
#10517 = DEFINITIONAL_REPRESENTATION('',(#10518),#10521);
#10518 = B_SPLINE_CURVE_WITH_KNOTS('',1,(#10519,#10520),.UNSPECIFIED.,
  .F.,.F.,(2,2),(-5.999999999062E-07,4.),.PIECEWISE_BEZIER_KNOTS.);
#10519 = CARTESIAN_POINT('',(2.293530574608,-5.999999999062E-07));
#10520 = CARTESIAN_POINT('',(2.293530574608,4.));
#10521 = ( GEOMETRIC_REPRESENTATION_CONTEXT(2) 
PARAMETRIC_REPRESENTATION_CONTEXT() REPRESENTATION_CONTEXT('2D SPACE',''
  ) );
#10522 = ORIENTED_EDGE('',*,*,#10523,.T.);
#10523 = EDGE_CURVE('',#10498,#10524,#10526,.T.);
#10524 = VERTEX_POINT('',#10525);
#10525 = CARTESIAN_POINT('',(-65.,52.5,557.34575131106));
#10526 = SURFACE_CURVE('',#10527,(#10531,#10537),.PCURVE_S1.);
#10527 = LINE('',#10528,#10529);
#10528 = CARTESIAN_POINT('',(-65.,52.5,490.35));
#10529 = VECTOR('',#10530,1.);
#10530 = DIRECTION('',(0.,0.,1.));
#10531 = PCURVE('',#10310,#10532);
#10532 = DEFINITIONAL_REPRESENTATION('',(#10533),#10536);
#10533 = B_SPLINE_CURVE_WITH_KNOTS('',1,(#10534,#10535),.UNSPECIFIED.,
  .F.,.F.,(2,2),(60.35,68.35),.PIECEWISE_BEZIER_KNOTS.);
#10534 = CARTESIAN_POINT('',(124.7,-34.5));
#10535 = CARTESIAN_POINT('',(132.7,-34.5));
#10536 = ( GEOMETRIC_REPRESENTATION_CONTEXT(2) 
PARAMETRIC_REPRESENTATION_CONTEXT() REPRESENTATION_CONTEXT('2D SPACE',''
  ) );
#10537 = PCURVE('',#10538,#10543);
#10538 = PLANE('',#10539);
#10539 = AXIS2_PLACEMENT_3D('',#10540,#10541,#10542);
#10540 = CARTESIAN_POINT('',(-68.,52.5,554.7));
#10541 = DIRECTION('',(0.,1.,0.));
#10542 = DIRECTION('',(0.,-0.,1.));
#10543 = DEFINITIONAL_REPRESENTATION('',(#10544),#10547);
#10544 = B_SPLINE_CURVE_WITH_KNOTS('',1,(#10545,#10546),.UNSPECIFIED.,
  .F.,.F.,(2,2),(60.35,68.35),.PIECEWISE_BEZIER_KNOTS.);
#10545 = CARTESIAN_POINT('',(-4.,3.));
#10546 = CARTESIAN_POINT('',(4.,3.));
#10547 = ( GEOMETRIC_REPRESENTATION_CONTEXT(2) 
PARAMETRIC_REPRESENTATION_CONTEXT() REPRESENTATION_CONTEXT('2D SPACE',''
  ) );
#10548 = ORIENTED_EDGE('',*,*,#10549,.T.);
#10549 = EDGE_CURVE('',#10524,#10550,#10552,.T.);
#10550 = VERTEX_POINT('',#10551);
#10551 = CARTESIAN_POINT('',(-65.,53.,557.34575131106));
#10552 = SURFACE_CURVE('',#10553,(#10557,#10563),.PCURVE_S1.);
#10553 = LINE('',#10554,#10555);
#10554 = CARTESIAN_POINT('',(-65.,52.5,557.34575131106));
#10555 = VECTOR('',#10556,1.);
#10556 = DIRECTION('',(0.,1.,0.));
#10557 = PCURVE('',#10310,#10558);
#10558 = DEFINITIONAL_REPRESENTATION('',(#10559),#10562);
#10559 = B_SPLINE_CURVE_WITH_KNOTS('',1,(#10560,#10561),.UNSPECIFIED.,
  .F.,.F.,(2,2),(-5.999999999062E-07,4.),.PIECEWISE_BEZIER_KNOTS.);
#10560 = CARTESIAN_POINT('',(131.34575131106,-34.4999994));
#10561 = CARTESIAN_POINT('',(131.34575131106,-38.5));
#10562 = ( GEOMETRIC_REPRESENTATION_CONTEXT(2) 
PARAMETRIC_REPRESENTATION_CONTEXT() REPRESENTATION_CONTEXT('2D SPACE',''
  ) );
#10563 = PCURVE('',#10512,#10564);
#10564 = DEFINITIONAL_REPRESENTATION('',(#10565),#10568);
#10565 = B_SPLINE_CURVE_WITH_KNOTS('',1,(#10566,#10567),.UNSPECIFIED.,
  .F.,.F.,(2,2),(-5.999999999062E-07,4.),.PIECEWISE_BEZIER_KNOTS.);
#10566 = CARTESIAN_POINT('',(0.848062078981,-5.999999999062E-07));
#10567 = CARTESIAN_POINT('',(0.848062078981,4.));
#10568 = ( GEOMETRIC_REPRESENTATION_CONTEXT(2) 
PARAMETRIC_REPRESENTATION_CONTEXT() REPRESENTATION_CONTEXT('2D SPACE',''
  ) );
#10569 = ORIENTED_EDGE('',*,*,#10570,.T.);
#10570 = EDGE_CURVE('',#10550,#10400,#10571,.T.);
#10571 = SURFACE_CURVE('',#10572,(#10576,#10583),.PCURVE_S1.);
#10572 = LINE('',#10573,#10574);
#10573 = CARTESIAN_POINT('',(-65.,53.,426.));
#10574 = VECTOR('',#10575,1.);
#10575 = DIRECTION('',(0.,0.,1.));
#10576 = PCURVE('',#10310,#10577);
#10577 = DEFINITIONAL_REPRESENTATION('',(#10578),#10582);
#10578 = LINE('',#10579,#10580);
#10579 = CARTESIAN_POINT('',(0.,-35.));
#10580 = VECTOR('',#10581,1.);
#10581 = DIRECTION('',(1.,0.));
#10582 = ( GEOMETRIC_REPRESENTATION_CONTEXT(2) 
PARAMETRIC_REPRESENTATION_CONTEXT() REPRESENTATION_CONTEXT('2D SPACE',''
  ) );
#10583 = PCURVE('',#10437,#10584);
#10584 = DEFINITIONAL_REPRESENTATION('',(#10585),#10589);
#10585 = LINE('',#10586,#10587);
#10586 = CARTESIAN_POINT('',(0.,10.));
#10587 = VECTOR('',#10588,1.);
#10588 = DIRECTION('',(1.,0.));
#10589 = ( GEOMETRIC_REPRESENTATION_CONTEXT(2) 
PARAMETRIC_REPRESENTATION_CONTEXT() REPRESENTATION_CONTEXT('2D SPACE',''
  ) );
#10590 = ORIENTED_EDGE('',*,*,#10399,.F.);
#10591 = ADVANCED_FACE('',(#10592),#10437,.F.);
#10592 = FACE_BOUND('',#10593,.F.);
#10593 = EDGE_LOOP('',(#10594,#10595,#10596,#10597));
#10594 = ORIENTED_EDGE('',*,*,#10570,.T.);
#10595 = ORIENTED_EDGE('',*,*,#10420,.T.);
#10596 = ORIENTED_EDGE('',*,*,#10474,.T.);
#10597 = ORIENTED_EDGE('',*,*,#10598,.F.);
#10598 = EDGE_CURVE('',#10550,#10475,#10599,.T.);
#10599 = SURFACE_CURVE('',#10600,(#10605,#10612),.PCURVE_S1.);
#10600 = CIRCLE('',#10601,4.);
#10601 = AXIS2_PLACEMENT_3D('',#10602,#10603,#10604);
#10602 = CARTESIAN_POINT('',(-68.,53.,554.7));
#10603 = DIRECTION('',(0.,1.,0.));
#10604 = DIRECTION('',(0.,-0.,1.));
#10605 = PCURVE('',#10437,#10606);
#10606 = DEFINITIONAL_REPRESENTATION('',(#10607),#10611);
#10607 = CIRCLE('',#10608,4.);
#10608 = AXIS2_PLACEMENT_2D('',#10609,#10610);
#10609 = CARTESIAN_POINT('',(128.7,7.));
#10610 = DIRECTION('',(1.,0.));
#10611 = ( GEOMETRIC_REPRESENTATION_CONTEXT(2) 
PARAMETRIC_REPRESENTATION_CONTEXT() REPRESENTATION_CONTEXT('2D SPACE',''
  ) );
#10612 = PCURVE('',#10512,#10613);
#10613 = DEFINITIONAL_REPRESENTATION('',(#10614),#10618);
#10614 = LINE('',#10615,#10616);
#10615 = CARTESIAN_POINT('',(0.,0.5));
#10616 = VECTOR('',#10617,1.);
#10617 = DIRECTION('',(1.,0.));
#10618 = ( GEOMETRIC_REPRESENTATION_CONTEXT(2) 
PARAMETRIC_REPRESENTATION_CONTEXT() REPRESENTATION_CONTEXT('2D SPACE',''
  ) );
#10619 = ADVANCED_FACE('',(#10620,#10623),#10385,.T.);
#10620 = FACE_BOUND('',#10621,.T.);
#10621 = EDGE_LOOP('',(#10622));
#10622 = ORIENTED_EDGE('',*,*,#10370,.T.);
#10623 = FACE_BOUND('',#10624,.T.);
#10624 = EDGE_LOOP('',(#10625));
#10625 = ORIENTED_EDGE('',*,*,#10626,.F.);
#10626 = EDGE_CURVE('',#10627,#10627,#10629,.T.);
#10627 = VERTEX_POINT('',#10628);
#10628 = CARTESIAN_POINT('',(-68.,53.1,558.7));
#10629 = SURFACE_CURVE('',#10630,(#10635,#10642),.PCURVE_S1.);
#10630 = CIRCLE('',#10631,4.);
#10631 = AXIS2_PLACEMENT_3D('',#10632,#10633,#10634);
#10632 = CARTESIAN_POINT('',(-68.,53.1,554.7));
#10633 = DIRECTION('',(0.,1.,0.));
#10634 = DIRECTION('',(0.,-0.,1.));
#10635 = PCURVE('',#10385,#10636);
#10636 = DEFINITIONAL_REPRESENTATION('',(#10637),#10641);
#10637 = CIRCLE('',#10638,4.);
#10638 = AXIS2_PLACEMENT_2D('',#10639,#10640);
#10639 = CARTESIAN_POINT('',(0.,0.));
#10640 = DIRECTION('',(1.,0.));
#10641 = ( GEOMETRIC_REPRESENTATION_CONTEXT(2) 
PARAMETRIC_REPRESENTATION_CONTEXT() REPRESENTATION_CONTEXT('2D SPACE',''
  ) );
#10642 = PCURVE('',#10643,#10648);
#10643 = PLANE('',#10644);
#10644 = AXIS2_PLACEMENT_3D('',#10645,#10646,#10647);
#10645 = CARTESIAN_POINT('',(-68.,53.1,554.7));
#10646 = DIRECTION('',(0.,1.,0.));
#10647 = DIRECTION('',(0.,-0.,1.));
#10648 = DEFINITIONAL_REPRESENTATION('',(#10649),#10653);
#10649 = CIRCLE('',#10650,4.);
#10650 = AXIS2_PLACEMENT_2D('',#10651,#10652);
#10651 = CARTESIAN_POINT('',(0.,0.));
#10652 = DIRECTION('',(1.,0.));
#10653 = ( GEOMETRIC_REPRESENTATION_CONTEXT(2) 
PARAMETRIC_REPRESENTATION_CONTEXT() REPRESENTATION_CONTEXT('2D SPACE',''
  ) );
#10654 = ADVANCED_FACE('',(#10655),#10643,.T.);
#10655 = FACE_BOUND('',#10656,.T.);
#10656 = EDGE_LOOP('',(#10657));
#10657 = ORIENTED_EDGE('',*,*,#10626,.T.);
#10658 = ADVANCED_FACE('',(#10659),#10512,.F.);
#10659 = FACE_BOUND('',#10660,.F.);
#10660 = EDGE_LOOP('',(#10661,#10685,#10706,#10707,#10708,#10730,#10731,
    #10732));
#10661 = ORIENTED_EDGE('',*,*,#10662,.T.);
#10662 = EDGE_CURVE('',#10498,#10663,#10665,.T.);
#10663 = VERTEX_POINT('',#10664);
#10664 = CARTESIAN_POINT('',(-68.,52.5,558.7));
#10665 = SURFACE_CURVE('',#10666,(#10671,#10678),.PCURVE_S1.);
#10666 = CIRCLE('',#10667,4.);
#10667 = AXIS2_PLACEMENT_3D('',#10668,#10669,#10670);
#10668 = CARTESIAN_POINT('',(-68.,52.5,554.7));
#10669 = DIRECTION('',(0.,1.,0.));
#10670 = DIRECTION('',(0.,-0.,1.));
#10671 = PCURVE('',#10512,#10672);
#10672 = DEFINITIONAL_REPRESENTATION('',(#10673),#10677);
#10673 = LINE('',#10674,#10675);
#10674 = CARTESIAN_POINT('',(0.,0.));
#10675 = VECTOR('',#10676,1.);
#10676 = DIRECTION('',(1.,0.));
#10677 = ( GEOMETRIC_REPRESENTATION_CONTEXT(2) 
PARAMETRIC_REPRESENTATION_CONTEXT() REPRESENTATION_CONTEXT('2D SPACE',''
  ) );
#10678 = PCURVE('',#10538,#10679);
#10679 = DEFINITIONAL_REPRESENTATION('',(#10680),#10684);
#10680 = CIRCLE('',#10681,4.);
#10681 = AXIS2_PLACEMENT_2D('',#10682,#10683);
#10682 = CARTESIAN_POINT('',(0.,0.));
#10683 = DIRECTION('',(1.,0.));
#10684 = ( GEOMETRIC_REPRESENTATION_CONTEXT(2) 
PARAMETRIC_REPRESENTATION_CONTEXT() REPRESENTATION_CONTEXT('2D SPACE',''
  ) );
#10685 = ORIENTED_EDGE('',*,*,#10686,.T.);
#10686 = EDGE_CURVE('',#10663,#10627,#10687,.T.);
#10687 = SEAM_CURVE('',#10688,(#10692,#10699),.PCURVE_S1.);
#10688 = LINE('',#10689,#10690);
#10689 = CARTESIAN_POINT('',(-68.,52.5,558.7));
#10690 = VECTOR('',#10691,1.);
#10691 = DIRECTION('',(0.,1.,0.));
#10692 = PCURVE('',#10512,#10693);
#10693 = DEFINITIONAL_REPRESENTATION('',(#10694),#10698);
#10694 = LINE('',#10695,#10696);
#10695 = CARTESIAN_POINT('',(0.,-0.));
#10696 = VECTOR('',#10697,1.);
#10697 = DIRECTION('',(0.,1.));
#10698 = ( GEOMETRIC_REPRESENTATION_CONTEXT(2) 
PARAMETRIC_REPRESENTATION_CONTEXT() REPRESENTATION_CONTEXT('2D SPACE',''
  ) );
#10699 = PCURVE('',#10512,#10700);
#10700 = DEFINITIONAL_REPRESENTATION('',(#10701),#10705);
#10701 = LINE('',#10702,#10703);
#10702 = CARTESIAN_POINT('',(6.28318530718,-0.));
#10703 = VECTOR('',#10704,1.);
#10704 = DIRECTION('',(0.,1.));
#10705 = ( GEOMETRIC_REPRESENTATION_CONTEXT(2) 
PARAMETRIC_REPRESENTATION_CONTEXT() REPRESENTATION_CONTEXT('2D SPACE',''
  ) );
#10706 = ORIENTED_EDGE('',*,*,#10626,.F.);
#10707 = ORIENTED_EDGE('',*,*,#10686,.F.);
#10708 = ORIENTED_EDGE('',*,*,#10709,.T.);
#10709 = EDGE_CURVE('',#10663,#10524,#10710,.T.);
#10710 = SURFACE_CURVE('',#10711,(#10716,#10723),.PCURVE_S1.);
#10711 = CIRCLE('',#10712,4.);
#10712 = AXIS2_PLACEMENT_3D('',#10713,#10714,#10715);
#10713 = CARTESIAN_POINT('',(-68.,52.5,554.7));
#10714 = DIRECTION('',(0.,1.,0.));
#10715 = DIRECTION('',(0.,-0.,1.));
#10716 = PCURVE('',#10512,#10717);
#10717 = DEFINITIONAL_REPRESENTATION('',(#10718),#10722);
#10718 = LINE('',#10719,#10720);
#10719 = CARTESIAN_POINT('',(0.,0.));
#10720 = VECTOR('',#10721,1.);
#10721 = DIRECTION('',(1.,0.));
#10722 = ( GEOMETRIC_REPRESENTATION_CONTEXT(2) 
PARAMETRIC_REPRESENTATION_CONTEXT() REPRESENTATION_CONTEXT('2D SPACE',''
  ) );
#10723 = PCURVE('',#10538,#10724);
#10724 = DEFINITIONAL_REPRESENTATION('',(#10725),#10729);
#10725 = CIRCLE('',#10726,4.);
#10726 = AXIS2_PLACEMENT_2D('',#10727,#10728);
#10727 = CARTESIAN_POINT('',(0.,0.));
#10728 = DIRECTION('',(1.,0.));
#10729 = ( GEOMETRIC_REPRESENTATION_CONTEXT(2) 
PARAMETRIC_REPRESENTATION_CONTEXT() REPRESENTATION_CONTEXT('2D SPACE',''
  ) );
#10730 = ORIENTED_EDGE('',*,*,#10549,.T.);
#10731 = ORIENTED_EDGE('',*,*,#10598,.T.);
#10732 = ORIENTED_EDGE('',*,*,#10497,.F.);
#10733 = ADVANCED_FACE('',(#10734),#10747,.F.);
#10734 = FACE_BOUND('',#10735,.F.);
#10735 = EDGE_LOOP('',(#10736,#10737,#10765,#10792));
#10736 = ORIENTED_EDGE('',*,*,#10626,.T.);
#10737 = ORIENTED_EDGE('',*,*,#10738,.T.);
#10738 = EDGE_CURVE('',#10627,#10739,#10741,.T.);
#10739 = VERTEX_POINT('',#10740);
#10740 = CARTESIAN_POINT('',(-68.,57.5,558.7));
#10741 = SEAM_CURVE('',#10742,(#10746,#10758),.PCURVE_S1.);
#10742 = LINE('',#10743,#10744);
#10743 = CARTESIAN_POINT('',(-68.,52.5,558.7));
#10744 = VECTOR('',#10745,1.);
#10745 = DIRECTION('',(0.,1.,0.));
#10746 = PCURVE('',#10747,#10752);
#10747 = CYLINDRICAL_SURFACE('',#10748,4.);
#10748 = AXIS2_PLACEMENT_3D('',#10749,#10750,#10751);
#10749 = CARTESIAN_POINT('',(-68.,52.5,554.7));
#10750 = DIRECTION('',(0.,1.,0.));
#10751 = DIRECTION('',(0.,-0.,1.));
#10752 = DEFINITIONAL_REPRESENTATION('',(#10753),#10757);
#10753 = LINE('',#10754,#10755);
#10754 = CARTESIAN_POINT('',(0.,-0.));
#10755 = VECTOR('',#10756,1.);
#10756 = DIRECTION('',(0.,1.));
#10757 = ( GEOMETRIC_REPRESENTATION_CONTEXT(2) 
PARAMETRIC_REPRESENTATION_CONTEXT() REPRESENTATION_CONTEXT('2D SPACE',''
  ) );
#10758 = PCURVE('',#10747,#10759);
#10759 = DEFINITIONAL_REPRESENTATION('',(#10760),#10764);
#10760 = LINE('',#10761,#10762);
#10761 = CARTESIAN_POINT('',(6.28318530718,-0.));
#10762 = VECTOR('',#10763,1.);
#10763 = DIRECTION('',(0.,1.));
#10764 = ( GEOMETRIC_REPRESENTATION_CONTEXT(2) 
PARAMETRIC_REPRESENTATION_CONTEXT() REPRESENTATION_CONTEXT('2D SPACE',''
  ) );
#10765 = ORIENTED_EDGE('',*,*,#10766,.F.);
#10766 = EDGE_CURVE('',#10739,#10739,#10767,.T.);
#10767 = SURFACE_CURVE('',#10768,(#10773,#10780),.PCURVE_S1.);
#10768 = CIRCLE('',#10769,4.);
#10769 = AXIS2_PLACEMENT_3D('',#10770,#10771,#10772);
#10770 = CARTESIAN_POINT('',(-68.,57.5,554.7));
#10771 = DIRECTION('',(0.,1.,0.));
#10772 = DIRECTION('',(0.,-0.,1.));
#10773 = PCURVE('',#10747,#10774);
#10774 = DEFINITIONAL_REPRESENTATION('',(#10775),#10779);
#10775 = LINE('',#10776,#10777);
#10776 = CARTESIAN_POINT('',(0.,5.));
#10777 = VECTOR('',#10778,1.);
#10778 = DIRECTION('',(1.,0.));
#10779 = ( GEOMETRIC_REPRESENTATION_CONTEXT(2) 
PARAMETRIC_REPRESENTATION_CONTEXT() REPRESENTATION_CONTEXT('2D SPACE',''
  ) );
#10780 = PCURVE('',#10781,#10786);
#10781 = PLANE('',#10782);
#10782 = AXIS2_PLACEMENT_3D('',#10783,#10784,#10785);
#10783 = CARTESIAN_POINT('',(-68.,57.5,554.7));
#10784 = DIRECTION('',(0.,1.,0.));
#10785 = DIRECTION('',(0.,-0.,1.));
#10786 = DEFINITIONAL_REPRESENTATION('',(#10787),#10791);
#10787 = CIRCLE('',#10788,4.);
#10788 = AXIS2_PLACEMENT_2D('',#10789,#10790);
#10789 = CARTESIAN_POINT('',(0.,0.));
#10790 = DIRECTION('',(1.,0.));
#10791 = ( GEOMETRIC_REPRESENTATION_CONTEXT(2) 
PARAMETRIC_REPRESENTATION_CONTEXT() REPRESENTATION_CONTEXT('2D SPACE',''
  ) );
#10792 = ORIENTED_EDGE('',*,*,#10738,.F.);
#10793 = ADVANCED_FACE('',(#10794,#10799),#10538,.T.);
#10794 = FACE_BOUND('',#10795,.T.);
#10795 = EDGE_LOOP('',(#10796,#10797,#10798));
#10796 = ORIENTED_EDGE('',*,*,#10662,.T.);
#10797 = ORIENTED_EDGE('',*,*,#10709,.T.);
#10798 = ORIENTED_EDGE('',*,*,#10523,.F.);
#10799 = FACE_BOUND('',#10800,.T.);
#10800 = EDGE_LOOP('',(#10801));
#10801 = ORIENTED_EDGE('',*,*,#10802,.F.);
#10802 = EDGE_CURVE('',#10803,#10803,#10805,.T.);
#10803 = VERTEX_POINT('',#10804);
#10804 = CARTESIAN_POINT('',(-68.,52.5,556.95));
#10805 = SURFACE_CURVE('',#10806,(#10811,#10818),.PCURVE_S1.);
#10806 = CIRCLE('',#10807,2.25);
#10807 = AXIS2_PLACEMENT_3D('',#10808,#10809,#10810);
#10808 = CARTESIAN_POINT('',(-68.,52.5,554.7));
#10809 = DIRECTION('',(0.,1.,0.));
#10810 = DIRECTION('',(0.,-0.,1.));
#10811 = PCURVE('',#10538,#10812);
#10812 = DEFINITIONAL_REPRESENTATION('',(#10813),#10817);
#10813 = CIRCLE('',#10814,2.25);
#10814 = AXIS2_PLACEMENT_2D('',#10815,#10816);
#10815 = CARTESIAN_POINT('',(0.,0.));
#10816 = DIRECTION('',(1.,0.));
#10817 = ( GEOMETRIC_REPRESENTATION_CONTEXT(2) 
PARAMETRIC_REPRESENTATION_CONTEXT() REPRESENTATION_CONTEXT('2D SPACE',''
  ) );
#10818 = PCURVE('',#10819,#10824);
#10819 = PLANE('',#10820);
#10820 = AXIS2_PLACEMENT_3D('',#10821,#10822,#10823);
#10821 = CARTESIAN_POINT('',(-68.,52.5,554.7));
#10822 = DIRECTION('',(0.,1.,0.));
#10823 = DIRECTION('',(0.,-0.,1.));
#10824 = DEFINITIONAL_REPRESENTATION('',(#10825),#10829);
#10825 = CIRCLE('',#10826,2.25);
#10826 = AXIS2_PLACEMENT_2D('',#10827,#10828);
#10827 = CARTESIAN_POINT('',(0.,0.));
#10828 = DIRECTION('',(1.,0.));
#10829 = ( GEOMETRIC_REPRESENTATION_CONTEXT(2) 
PARAMETRIC_REPRESENTATION_CONTEXT() REPRESENTATION_CONTEXT('2D SPACE',''
  ) );
#10830 = ADVANCED_FACE('',(#10831),#10819,.T.);
#10831 = FACE_BOUND('',#10832,.F.);
#10832 = EDGE_LOOP('',(#10833));
#10833 = ORIENTED_EDGE('',*,*,#10802,.F.);
#10834 = ADVANCED_FACE('',(#10835,#10838),#10781,.F.);
#10835 = FACE_BOUND('',#10836,.F.);
#10836 = EDGE_LOOP('',(#10837));
#10837 = ORIENTED_EDGE('',*,*,#10766,.T.);
#10838 = FACE_BOUND('',#10839,.F.);
#10839 = EDGE_LOOP('',(#10840));
#10840 = ORIENTED_EDGE('',*,*,#10841,.F.);
#10841 = EDGE_CURVE('',#10842,#10842,#10844,.T.);
#10842 = VERTEX_POINT('',#10843);
#10843 = CARTESIAN_POINT('',(-68.,57.5,556.95));
#10844 = SURFACE_CURVE('',#10845,(#10850,#10857),.PCURVE_S1.);
#10845 = CIRCLE('',#10846,2.25);
#10846 = AXIS2_PLACEMENT_3D('',#10847,#10848,#10849);
#10847 = CARTESIAN_POINT('',(-68.,57.5,554.7));
#10848 = DIRECTION('',(0.,1.,0.));
#10849 = DIRECTION('',(0.,-0.,1.));
#10850 = PCURVE('',#10781,#10851);
#10851 = DEFINITIONAL_REPRESENTATION('',(#10852),#10856);
#10852 = CIRCLE('',#10853,2.25);
#10853 = AXIS2_PLACEMENT_2D('',#10854,#10855);
#10854 = CARTESIAN_POINT('',(0.,0.));
#10855 = DIRECTION('',(1.,0.));
#10856 = ( GEOMETRIC_REPRESENTATION_CONTEXT(2) 
PARAMETRIC_REPRESENTATION_CONTEXT() REPRESENTATION_CONTEXT('2D SPACE',''
  ) );
#10857 = PCURVE('',#10858,#10863);
#10858 = PLANE('',#10859);
#10859 = AXIS2_PLACEMENT_3D('',#10860,#10861,#10862);
#10860 = CARTESIAN_POINT('',(-68.,57.5,554.7));
#10861 = DIRECTION('',(0.,1.,0.));
#10862 = DIRECTION('',(0.,-0.,1.));
#10863 = DEFINITIONAL_REPRESENTATION('',(#10864),#10868);
#10864 = CIRCLE('',#10865,2.25);
#10865 = AXIS2_PLACEMENT_2D('',#10866,#10867);
#10866 = CARTESIAN_POINT('',(0.,0.));
#10867 = DIRECTION('',(1.,0.));
#10868 = ( GEOMETRIC_REPRESENTATION_CONTEXT(2) 
PARAMETRIC_REPRESENTATION_CONTEXT() REPRESENTATION_CONTEXT('2D SPACE',''
  ) );
#10869 = ADVANCED_FACE('',(#10870),#10858,.F.);
#10870 = FACE_BOUND('',#10871,.F.);
#10871 = EDGE_LOOP('',(#10872));
#10872 = ORIENTED_EDGE('',*,*,#10841,.T.);
#10873 = ( GEOMETRIC_REPRESENTATION_CONTEXT(3) 
GLOBAL_UNCERTAINTY_ASSIGNED_CONTEXT((#10877)) 
GLOBAL_UNIT_ASSIGNED_CONTEXT((#10874,#10875,#10876)) 
REPRESENTATION_CONTEXT('Context #1',
  '3D Context with UNIT and UNCERTAINTY') );
#10874 = ( LENGTH_UNIT() NAMED_UNIT(*) SI_UNIT(.MILLI.,.METRE.) );
#10875 = ( NAMED_UNIT(*) PLANE_ANGLE_UNIT() SI_UNIT($,.RADIAN.) );
#10876 = ( NAMED_UNIT(*) SI_UNIT($,.STERADIAN.) SOLID_ANGLE_UNIT() );
#10877 = UNCERTAINTY_MEASURE_WITH_UNIT(LENGTH_MEASURE(1.E-07),#10874,
  'distance_accuracy_value','confusion accuracy');
#10878 = CONTEXT_DEPENDENT_SHAPE_REPRESENTATION(#10879,#10881);
#10879 = ( REPRESENTATION_RELATIONSHIP('','',#10251,#10) 
REPRESENTATION_RELATIONSHIP_WITH_TRANSFORMATION(#10880) 
SHAPE_REPRESENTATION_RELATIONSHIP() );
#10880 = ITEM_DEFINED_TRANSFORMATION('','',#11,#63);
#10881 = PRODUCT_DEFINITION_SHAPE('Placement','Placement of an item',
  #10882);
#10882 = NEXT_ASSEMBLY_USAGE_OCCURRENCE('18','','',#5,#10246,$);
#10883 = PRODUCT_RELATED_PRODUCT_CATEGORY('part',$,(#10248));
#10884 = SHAPE_DEFINITION_REPRESENTATION(#10885,#10891);
#10885 = PRODUCT_DEFINITION_SHAPE('','',#10886);
#10886 = PRODUCT_DEFINITION('design','',#10887,#10890);
#10887 = PRODUCT_DEFINITION_FORMATION('','',#10888);
#10888 = PRODUCT('Open CASCADE STEP translator 7.9 16.14',
  'Open CASCADE STEP translator 7.9 16.14','',(#10889));
#10889 = PRODUCT_CONTEXT('',#2,'mechanical');
#10890 = PRODUCT_DEFINITION_CONTEXT('part definition',#2,'design');
#10891 = ADVANCED_BREP_SHAPE_REPRESENTATION('',(#11,#10892),#11080);
#10892 = MANIFOLD_SOLID_BREP('',#10893);
#10893 = CLOSED_SHELL('',(#10894,#10982,#11017,#11021,#11076));
#10894 = ADVANCED_FACE('',(#10895),#10908,.F.);
#10895 = FACE_BOUND('',#10896,.F.);
#10896 = EDGE_LOOP('',(#10897,#10931,#10954,#10981));
#10897 = ORIENTED_EDGE('',*,*,#10898,.F.);
#10898 = EDGE_CURVE('',#10899,#10899,#10901,.T.);
#10899 = VERTEX_POINT('',#10900);
#10900 = CARTESIAN_POINT('',(-68.,57.5,450.95));
#10901 = SURFACE_CURVE('',#10902,(#10907,#10919),.PCURVE_S1.);
#10902 = CIRCLE('',#10903,2.25);
#10903 = AXIS2_PLACEMENT_3D('',#10904,#10905,#10906);
#10904 = CARTESIAN_POINT('',(-68.,57.5,448.7));
#10905 = DIRECTION('',(0.,1.,0.));
#10906 = DIRECTION('',(0.,-0.,1.));
#10907 = PCURVE('',#10908,#10913);
#10908 = CYLINDRICAL_SURFACE('',#10909,2.25);
#10909 = AXIS2_PLACEMENT_3D('',#10910,#10911,#10912);
#10910 = CARTESIAN_POINT('',(-68.,52.5,448.7));
#10911 = DIRECTION('',(0.,1.,0.));
#10912 = DIRECTION('',(0.,-0.,1.));
#10913 = DEFINITIONAL_REPRESENTATION('',(#10914),#10918);
#10914 = LINE('',#10915,#10916);
#10915 = CARTESIAN_POINT('',(0.,5.));
#10916 = VECTOR('',#10917,1.);
#10917 = DIRECTION('',(1.,0.));
#10918 = ( GEOMETRIC_REPRESENTATION_CONTEXT(2) 
PARAMETRIC_REPRESENTATION_CONTEXT() REPRESENTATION_CONTEXT('2D SPACE',''
  ) );
#10919 = PCURVE('',#10920,#10925);
#10920 = PLANE('',#10921);
#10921 = AXIS2_PLACEMENT_3D('',#10922,#10923,#10924);
#10922 = CARTESIAN_POINT('',(-68.,57.5,448.7));
#10923 = DIRECTION('',(0.,1.,0.));
#10924 = DIRECTION('',(0.,-0.,1.));
#10925 = DEFINITIONAL_REPRESENTATION('',(#10926),#10930);
#10926 = CIRCLE('',#10927,2.25);
#10927 = AXIS2_PLACEMENT_2D('',#10928,#10929);
#10928 = CARTESIAN_POINT('',(0.,0.));
#10929 = DIRECTION('',(1.,0.));
#10930 = ( GEOMETRIC_REPRESENTATION_CONTEXT(2) 
PARAMETRIC_REPRESENTATION_CONTEXT() REPRESENTATION_CONTEXT('2D SPACE',''
  ) );
#10931 = ORIENTED_EDGE('',*,*,#10932,.F.);
#10932 = EDGE_CURVE('',#10933,#10899,#10935,.T.);
#10933 = VERTEX_POINT('',#10934);
#10934 = CARTESIAN_POINT('',(-68.,52.5,450.95));
#10935 = SEAM_CURVE('',#10936,(#10940,#10947),.PCURVE_S1.);
#10936 = LINE('',#10937,#10938);
#10937 = CARTESIAN_POINT('',(-68.,52.5,450.95));
#10938 = VECTOR('',#10939,1.);
#10939 = DIRECTION('',(0.,1.,0.));
#10940 = PCURVE('',#10908,#10941);
#10941 = DEFINITIONAL_REPRESENTATION('',(#10942),#10946);
#10942 = LINE('',#10943,#10944);
#10943 = CARTESIAN_POINT('',(6.28318530718,-0.));
#10944 = VECTOR('',#10945,1.);
#10945 = DIRECTION('',(0.,1.));
#10946 = ( GEOMETRIC_REPRESENTATION_CONTEXT(2) 
PARAMETRIC_REPRESENTATION_CONTEXT() REPRESENTATION_CONTEXT('2D SPACE',''
  ) );
#10947 = PCURVE('',#10908,#10948);
#10948 = DEFINITIONAL_REPRESENTATION('',(#10949),#10953);
#10949 = LINE('',#10950,#10951);
#10950 = CARTESIAN_POINT('',(0.,-0.));
#10951 = VECTOR('',#10952,1.);
#10952 = DIRECTION('',(0.,1.));
#10953 = ( GEOMETRIC_REPRESENTATION_CONTEXT(2) 
PARAMETRIC_REPRESENTATION_CONTEXT() REPRESENTATION_CONTEXT('2D SPACE',''
  ) );
#10954 = ORIENTED_EDGE('',*,*,#10955,.T.);
#10955 = EDGE_CURVE('',#10933,#10933,#10956,.T.);
#10956 = SURFACE_CURVE('',#10957,(#10962,#10969),.PCURVE_S1.);
#10957 = CIRCLE('',#10958,2.25);
#10958 = AXIS2_PLACEMENT_3D('',#10959,#10960,#10961);
#10959 = CARTESIAN_POINT('',(-68.,52.5,448.7));
#10960 = DIRECTION('',(0.,1.,0.));
#10961 = DIRECTION('',(0.,-0.,1.));
#10962 = PCURVE('',#10908,#10963);
#10963 = DEFINITIONAL_REPRESENTATION('',(#10964),#10968);
#10964 = LINE('',#10965,#10966);
#10965 = CARTESIAN_POINT('',(0.,0.));
#10966 = VECTOR('',#10967,1.);
#10967 = DIRECTION('',(1.,0.));
#10968 = ( GEOMETRIC_REPRESENTATION_CONTEXT(2) 
PARAMETRIC_REPRESENTATION_CONTEXT() REPRESENTATION_CONTEXT('2D SPACE',''
  ) );
#10969 = PCURVE('',#10970,#10975);
#10970 = PLANE('',#10971);
#10971 = AXIS2_PLACEMENT_3D('',#10972,#10973,#10974);
#10972 = CARTESIAN_POINT('',(-68.,52.5,448.7));
#10973 = DIRECTION('',(0.,1.,0.));
#10974 = DIRECTION('',(0.,-0.,1.));
#10975 = DEFINITIONAL_REPRESENTATION('',(#10976),#10980);
#10976 = CIRCLE('',#10977,2.25);
#10977 = AXIS2_PLACEMENT_2D('',#10978,#10979);
#10978 = CARTESIAN_POINT('',(0.,0.));
#10979 = DIRECTION('',(1.,0.));
#10980 = ( GEOMETRIC_REPRESENTATION_CONTEXT(2) 
PARAMETRIC_REPRESENTATION_CONTEXT() REPRESENTATION_CONTEXT('2D SPACE',''
  ) );
#10981 = ORIENTED_EDGE('',*,*,#10932,.T.);
#10982 = ADVANCED_FACE('',(#10983,#11014),#10920,.T.);
#10983 = FACE_BOUND('',#10984,.T.);
#10984 = EDGE_LOOP('',(#10985));
#10985 = ORIENTED_EDGE('',*,*,#10986,.T.);
#10986 = EDGE_CURVE('',#10987,#10987,#10989,.T.);
#10987 = VERTEX_POINT('',#10988);
#10988 = CARTESIAN_POINT('',(-68.,57.5,452.7));
#10989 = SURFACE_CURVE('',#10990,(#10995,#11002),.PCURVE_S1.);
#10990 = CIRCLE('',#10991,4.);
#10991 = AXIS2_PLACEMENT_3D('',#10992,#10993,#10994);
#10992 = CARTESIAN_POINT('',(-68.,57.5,448.7));
#10993 = DIRECTION('',(0.,1.,0.));
#10994 = DIRECTION('',(0.,-0.,1.));
#10995 = PCURVE('',#10920,#10996);
#10996 = DEFINITIONAL_REPRESENTATION('',(#10997),#11001);
#10997 = CIRCLE('',#10998,4.);
#10998 = AXIS2_PLACEMENT_2D('',#10999,#11000);
#10999 = CARTESIAN_POINT('',(0.,0.));
#11000 = DIRECTION('',(1.,0.));
#11001 = ( GEOMETRIC_REPRESENTATION_CONTEXT(2) 
PARAMETRIC_REPRESENTATION_CONTEXT() REPRESENTATION_CONTEXT('2D SPACE',''
  ) );
#11002 = PCURVE('',#11003,#11008);
#11003 = CYLINDRICAL_SURFACE('',#11004,4.);
#11004 = AXIS2_PLACEMENT_3D('',#11005,#11006,#11007);
#11005 = CARTESIAN_POINT('',(-68.,52.5,448.7));
#11006 = DIRECTION('',(0.,1.,0.));
#11007 = DIRECTION('',(0.,-0.,1.));
#11008 = DEFINITIONAL_REPRESENTATION('',(#11009),#11013);
#11009 = LINE('',#11010,#11011);
#11010 = CARTESIAN_POINT('',(0.,5.));
#11011 = VECTOR('',#11012,1.);
#11012 = DIRECTION('',(1.,0.));
#11013 = ( GEOMETRIC_REPRESENTATION_CONTEXT(2) 
PARAMETRIC_REPRESENTATION_CONTEXT() REPRESENTATION_CONTEXT('2D SPACE',''
  ) );
#11014 = FACE_BOUND('',#11015,.T.);
#11015 = EDGE_LOOP('',(#11016));
#11016 = ORIENTED_EDGE('',*,*,#10898,.F.);
#11017 = ADVANCED_FACE('',(#11018),#10970,.T.);
#11018 = FACE_BOUND('',#11019,.F.);
#11019 = EDGE_LOOP('',(#11020));
#11020 = ORIENTED_EDGE('',*,*,#10955,.F.);
#11021 = ADVANCED_FACE('',(#11022),#11003,.T.);
#11022 = FACE_BOUND('',#11023,.T.);
#11023 = EDGE_LOOP('',(#11024,#11053,#11074,#11075));
#11024 = ORIENTED_EDGE('',*,*,#11025,.T.);
#11025 = EDGE_CURVE('',#11026,#11026,#11028,.T.);
#11026 = VERTEX_POINT('',#11027);
#11027 = CARTESIAN_POINT('',(-68.,53.1,452.7));
#11028 = SURFACE_CURVE('',#11029,(#11034,#11041),.PCURVE_S1.);
#11029 = CIRCLE('',#11030,4.);
#11030 = AXIS2_PLACEMENT_3D('',#11031,#11032,#11033);
#11031 = CARTESIAN_POINT('',(-68.,53.1,448.7));
#11032 = DIRECTION('',(0.,1.,0.));
#11033 = DIRECTION('',(0.,-0.,1.));
#11034 = PCURVE('',#11003,#11035);
#11035 = DEFINITIONAL_REPRESENTATION('',(#11036),#11040);
#11036 = LINE('',#11037,#11038);
#11037 = CARTESIAN_POINT('',(0.,0.6));
#11038 = VECTOR('',#11039,1.);
#11039 = DIRECTION('',(1.,0.));
#11040 = ( GEOMETRIC_REPRESENTATION_CONTEXT(2) 
PARAMETRIC_REPRESENTATION_CONTEXT() REPRESENTATION_CONTEXT('2D SPACE',''
  ) );
#11041 = PCURVE('',#11042,#11047);
#11042 = PLANE('',#11043);
#11043 = AXIS2_PLACEMENT_3D('',#11044,#11045,#11046);
#11044 = CARTESIAN_POINT('',(-68.,53.1,448.7));
#11045 = DIRECTION('',(0.,1.,0.));
#11046 = DIRECTION('',(0.,-0.,1.));
#11047 = DEFINITIONAL_REPRESENTATION('',(#11048),#11052);
#11048 = CIRCLE('',#11049,4.);
#11049 = AXIS2_PLACEMENT_2D('',#11050,#11051);
#11050 = CARTESIAN_POINT('',(0.,0.));
#11051 = DIRECTION('',(1.,0.));
#11052 = ( GEOMETRIC_REPRESENTATION_CONTEXT(2) 
PARAMETRIC_REPRESENTATION_CONTEXT() REPRESENTATION_CONTEXT('2D SPACE',''
  ) );
#11053 = ORIENTED_EDGE('',*,*,#11054,.T.);
#11054 = EDGE_CURVE('',#11026,#10987,#11055,.T.);
#11055 = SEAM_CURVE('',#11056,(#11060,#11067),.PCURVE_S1.);
#11056 = LINE('',#11057,#11058);
#11057 = CARTESIAN_POINT('',(-68.,52.5,452.7));
#11058 = VECTOR('',#11059,1.);
#11059 = DIRECTION('',(0.,1.,0.));
#11060 = PCURVE('',#11003,#11061);
#11061 = DEFINITIONAL_REPRESENTATION('',(#11062),#11066);
#11062 = LINE('',#11063,#11064);
#11063 = CARTESIAN_POINT('',(0.,-0.));
#11064 = VECTOR('',#11065,1.);
#11065 = DIRECTION('',(0.,1.));
#11066 = ( GEOMETRIC_REPRESENTATION_CONTEXT(2) 
PARAMETRIC_REPRESENTATION_CONTEXT() REPRESENTATION_CONTEXT('2D SPACE',''
  ) );
#11067 = PCURVE('',#11003,#11068);
#11068 = DEFINITIONAL_REPRESENTATION('',(#11069),#11073);
#11069 = LINE('',#11070,#11071);
#11070 = CARTESIAN_POINT('',(6.28318530718,-0.));
#11071 = VECTOR('',#11072,1.);
#11072 = DIRECTION('',(0.,1.));
#11073 = ( GEOMETRIC_REPRESENTATION_CONTEXT(2) 
PARAMETRIC_REPRESENTATION_CONTEXT() REPRESENTATION_CONTEXT('2D SPACE',''
  ) );
#11074 = ORIENTED_EDGE('',*,*,#10986,.F.);
#11075 = ORIENTED_EDGE('',*,*,#11054,.F.);
#11076 = ADVANCED_FACE('',(#11077),#11042,.F.);
#11077 = FACE_BOUND('',#11078,.F.);
#11078 = EDGE_LOOP('',(#11079));
#11079 = ORIENTED_EDGE('',*,*,#11025,.T.);
#11080 = ( GEOMETRIC_REPRESENTATION_CONTEXT(3) 
GLOBAL_UNCERTAINTY_ASSIGNED_CONTEXT((#11084)) 
GLOBAL_UNIT_ASSIGNED_CONTEXT((#11081,#11082,#11083)) 
REPRESENTATION_CONTEXT('Context #1',
  '3D Context with UNIT and UNCERTAINTY') );
#11081 = ( LENGTH_UNIT() NAMED_UNIT(*) SI_UNIT(.MILLI.,.METRE.) );
#11082 = ( NAMED_UNIT(*) PLANE_ANGLE_UNIT() SI_UNIT($,.RADIAN.) );
#11083 = ( NAMED_UNIT(*) SI_UNIT($,.STERADIAN.) SOLID_ANGLE_UNIT() );
#11084 = UNCERTAINTY_MEASURE_WITH_UNIT(LENGTH_MEASURE(1.E-07),#11081,
  'distance_accuracy_value','confusion accuracy');
#11085 = CONTEXT_DEPENDENT_SHAPE_REPRESENTATION(#11086,#11088);
#11086 = ( REPRESENTATION_RELATIONSHIP('','',#10891,#10) 
REPRESENTATION_RELATIONSHIP_WITH_TRANSFORMATION(#11087) 
SHAPE_REPRESENTATION_RELATIONSHIP() );
#11087 = ITEM_DEFINED_TRANSFORMATION('','',#11,#67);
#11088 = PRODUCT_DEFINITION_SHAPE('Placement','Placement of an item',
  #11089);
#11089 = NEXT_ASSEMBLY_USAGE_OCCURRENCE('19','','',#5,#10886,$);
#11090 = PRODUCT_RELATED_PRODUCT_CATEGORY('part',$,(#10888));
#11091 = SHAPE_DEFINITION_REPRESENTATION(#11092,#11098);
#11092 = PRODUCT_DEFINITION_SHAPE('','',#11093);
#11093 = PRODUCT_DEFINITION('design','',#11094,#11097);
#11094 = PRODUCT_DEFINITION_FORMATION('','',#11095);
#11095 = PRODUCT('Open CASCADE STEP translator 7.9 16.15',
  'Open CASCADE STEP translator 7.9 16.15','',(#11096));
#11096 = PRODUCT_CONTEXT('',#2,'mechanical');
#11097 = PRODUCT_DEFINITION_CONTEXT('part definition',#2,'design');
#11098 = ADVANCED_BREP_SHAPE_REPRESENTATION('',(#11,#11099),#11287);
#11099 = MANIFOLD_SOLID_BREP('',#11100);
#11100 = CLOSED_SHELL('',(#11101,#11189,#11224,#11228,#11283));
#11101 = ADVANCED_FACE('',(#11102),#11115,.F.);
#11102 = FACE_BOUND('',#11103,.F.);
#11103 = EDGE_LOOP('',(#11104,#11138,#11161,#11188));
#11104 = ORIENTED_EDGE('',*,*,#11105,.F.);
#11105 = EDGE_CURVE('',#11106,#11106,#11108,.T.);
#11106 = VERTEX_POINT('',#11107);
#11107 = CARTESIAN_POINT('',(-68.,57.5,476.95));
#11108 = SURFACE_CURVE('',#11109,(#11114,#11126),.PCURVE_S1.);
#11109 = CIRCLE('',#11110,2.25);
#11110 = AXIS2_PLACEMENT_3D('',#11111,#11112,#11113);
#11111 = CARTESIAN_POINT('',(-68.,57.5,474.7));
#11112 = DIRECTION('',(0.,1.,0.));
#11113 = DIRECTION('',(0.,-0.,1.));
#11114 = PCURVE('',#11115,#11120);
#11115 = CYLINDRICAL_SURFACE('',#11116,2.25);
#11116 = AXIS2_PLACEMENT_3D('',#11117,#11118,#11119);
#11117 = CARTESIAN_POINT('',(-68.,52.5,474.7));
#11118 = DIRECTION('',(0.,1.,0.));
#11119 = DIRECTION('',(0.,-0.,1.));
#11120 = DEFINITIONAL_REPRESENTATION('',(#11121),#11125);
#11121 = LINE('',#11122,#11123);
#11122 = CARTESIAN_POINT('',(0.,5.));
#11123 = VECTOR('',#11124,1.);
#11124 = DIRECTION('',(1.,0.));
#11125 = ( GEOMETRIC_REPRESENTATION_CONTEXT(2) 
PARAMETRIC_REPRESENTATION_CONTEXT() REPRESENTATION_CONTEXT('2D SPACE',''
  ) );
#11126 = PCURVE('',#11127,#11132);
#11127 = PLANE('',#11128);
#11128 = AXIS2_PLACEMENT_3D('',#11129,#11130,#11131);
#11129 = CARTESIAN_POINT('',(-68.,57.5,474.7));
#11130 = DIRECTION('',(0.,1.,0.));
#11131 = DIRECTION('',(0.,-0.,1.));
#11132 = DEFINITIONAL_REPRESENTATION('',(#11133),#11137);
#11133 = CIRCLE('',#11134,2.25);
#11134 = AXIS2_PLACEMENT_2D('',#11135,#11136);
#11135 = CARTESIAN_POINT('',(0.,0.));
#11136 = DIRECTION('',(1.,0.));
#11137 = ( GEOMETRIC_REPRESENTATION_CONTEXT(2) 
PARAMETRIC_REPRESENTATION_CONTEXT() REPRESENTATION_CONTEXT('2D SPACE',''
  ) );
#11138 = ORIENTED_EDGE('',*,*,#11139,.F.);
#11139 = EDGE_CURVE('',#11140,#11106,#11142,.T.);
#11140 = VERTEX_POINT('',#11141);
#11141 = CARTESIAN_POINT('',(-68.,52.5,476.95));
#11142 = SEAM_CURVE('',#11143,(#11147,#11154),.PCURVE_S1.);
#11143 = LINE('',#11144,#11145);
#11144 = CARTESIAN_POINT('',(-68.,52.5,476.95));
#11145 = VECTOR('',#11146,1.);
#11146 = DIRECTION('',(0.,1.,0.));
#11147 = PCURVE('',#11115,#11148);
#11148 = DEFINITIONAL_REPRESENTATION('',(#11149),#11153);
#11149 = LINE('',#11150,#11151);
#11150 = CARTESIAN_POINT('',(6.28318530718,-0.));
#11151 = VECTOR('',#11152,1.);
#11152 = DIRECTION('',(0.,1.));
#11153 = ( GEOMETRIC_REPRESENTATION_CONTEXT(2) 
PARAMETRIC_REPRESENTATION_CONTEXT() REPRESENTATION_CONTEXT('2D SPACE',''
  ) );
#11154 = PCURVE('',#11115,#11155);
#11155 = DEFINITIONAL_REPRESENTATION('',(#11156),#11160);
#11156 = LINE('',#11157,#11158);
#11157 = CARTESIAN_POINT('',(0.,-0.));
#11158 = VECTOR('',#11159,1.);
#11159 = DIRECTION('',(0.,1.));
#11160 = ( GEOMETRIC_REPRESENTATION_CONTEXT(2) 
PARAMETRIC_REPRESENTATION_CONTEXT() REPRESENTATION_CONTEXT('2D SPACE',''
  ) );
#11161 = ORIENTED_EDGE('',*,*,#11162,.T.);
#11162 = EDGE_CURVE('',#11140,#11140,#11163,.T.);
#11163 = SURFACE_CURVE('',#11164,(#11169,#11176),.PCURVE_S1.);
#11164 = CIRCLE('',#11165,2.25);
#11165 = AXIS2_PLACEMENT_3D('',#11166,#11167,#11168);
#11166 = CARTESIAN_POINT('',(-68.,52.5,474.7));
#11167 = DIRECTION('',(0.,1.,0.));
#11168 = DIRECTION('',(0.,-0.,1.));
#11169 = PCURVE('',#11115,#11170);
#11170 = DEFINITIONAL_REPRESENTATION('',(#11171),#11175);
#11171 = LINE('',#11172,#11173);
#11172 = CARTESIAN_POINT('',(0.,0.));
#11173 = VECTOR('',#11174,1.);
#11174 = DIRECTION('',(1.,0.));
#11175 = ( GEOMETRIC_REPRESENTATION_CONTEXT(2) 
PARAMETRIC_REPRESENTATION_CONTEXT() REPRESENTATION_CONTEXT('2D SPACE',''
  ) );
#11176 = PCURVE('',#11177,#11182);
#11177 = PLANE('',#11178);
#11178 = AXIS2_PLACEMENT_3D('',#11179,#11180,#11181);
#11179 = CARTESIAN_POINT('',(-68.,52.5,474.7));
#11180 = DIRECTION('',(0.,1.,0.));
#11181 = DIRECTION('',(0.,-0.,1.));
#11182 = DEFINITIONAL_REPRESENTATION('',(#11183),#11187);
#11183 = CIRCLE('',#11184,2.25);
#11184 = AXIS2_PLACEMENT_2D('',#11185,#11186);
#11185 = CARTESIAN_POINT('',(0.,0.));
#11186 = DIRECTION('',(1.,0.));
#11187 = ( GEOMETRIC_REPRESENTATION_CONTEXT(2) 
PARAMETRIC_REPRESENTATION_CONTEXT() REPRESENTATION_CONTEXT('2D SPACE',''
  ) );
#11188 = ORIENTED_EDGE('',*,*,#11139,.T.);
#11189 = ADVANCED_FACE('',(#11190,#11221),#11127,.T.);
#11190 = FACE_BOUND('',#11191,.T.);
#11191 = EDGE_LOOP('',(#11192));
#11192 = ORIENTED_EDGE('',*,*,#11193,.T.);
#11193 = EDGE_CURVE('',#11194,#11194,#11196,.T.);
#11194 = VERTEX_POINT('',#11195);
#11195 = CARTESIAN_POINT('',(-68.,57.5,478.7));
#11196 = SURFACE_CURVE('',#11197,(#11202,#11209),.PCURVE_S1.);
#11197 = CIRCLE('',#11198,4.);
#11198 = AXIS2_PLACEMENT_3D('',#11199,#11200,#11201);
#11199 = CARTESIAN_POINT('',(-68.,57.5,474.7));
#11200 = DIRECTION('',(0.,1.,0.));
#11201 = DIRECTION('',(0.,-0.,1.));
#11202 = PCURVE('',#11127,#11203);
#11203 = DEFINITIONAL_REPRESENTATION('',(#11204),#11208);
#11204 = CIRCLE('',#11205,4.);
#11205 = AXIS2_PLACEMENT_2D('',#11206,#11207);
#11206 = CARTESIAN_POINT('',(0.,0.));
#11207 = DIRECTION('',(1.,0.));
#11208 = ( GEOMETRIC_REPRESENTATION_CONTEXT(2) 
PARAMETRIC_REPRESENTATION_CONTEXT() REPRESENTATION_CONTEXT('2D SPACE',''
  ) );
#11209 = PCURVE('',#11210,#11215);
#11210 = CYLINDRICAL_SURFACE('',#11211,4.);
#11211 = AXIS2_PLACEMENT_3D('',#11212,#11213,#11214);
#11212 = CARTESIAN_POINT('',(-68.,52.5,474.7));
#11213 = DIRECTION('',(0.,1.,0.));
#11214 = DIRECTION('',(0.,-0.,1.));
#11215 = DEFINITIONAL_REPRESENTATION('',(#11216),#11220);
#11216 = LINE('',#11217,#11218);
#11217 = CARTESIAN_POINT('',(0.,5.));
#11218 = VECTOR('',#11219,1.);
#11219 = DIRECTION('',(1.,0.));
#11220 = ( GEOMETRIC_REPRESENTATION_CONTEXT(2) 
PARAMETRIC_REPRESENTATION_CONTEXT() REPRESENTATION_CONTEXT('2D SPACE',''
  ) );
#11221 = FACE_BOUND('',#11222,.T.);
#11222 = EDGE_LOOP('',(#11223));
#11223 = ORIENTED_EDGE('',*,*,#11105,.F.);
#11224 = ADVANCED_FACE('',(#11225),#11177,.T.);
#11225 = FACE_BOUND('',#11226,.F.);
#11226 = EDGE_LOOP('',(#11227));
#11227 = ORIENTED_EDGE('',*,*,#11162,.F.);
#11228 = ADVANCED_FACE('',(#11229),#11210,.T.);
#11229 = FACE_BOUND('',#11230,.T.);
#11230 = EDGE_LOOP('',(#11231,#11260,#11281,#11282));
#11231 = ORIENTED_EDGE('',*,*,#11232,.T.);
#11232 = EDGE_CURVE('',#11233,#11233,#11235,.T.);
#11233 = VERTEX_POINT('',#11234);
#11234 = CARTESIAN_POINT('',(-68.,53.1,478.7));
#11235 = SURFACE_CURVE('',#11236,(#11241,#11248),.PCURVE_S1.);
#11236 = CIRCLE('',#11237,4.);
#11237 = AXIS2_PLACEMENT_3D('',#11238,#11239,#11240);
#11238 = CARTESIAN_POINT('',(-68.,53.1,474.7));
#11239 = DIRECTION('',(0.,1.,0.));
#11240 = DIRECTION('',(0.,-0.,1.));
#11241 = PCURVE('',#11210,#11242);
#11242 = DEFINITIONAL_REPRESENTATION('',(#11243),#11247);
#11243 = LINE('',#11244,#11245);
#11244 = CARTESIAN_POINT('',(0.,0.6));
#11245 = VECTOR('',#11246,1.);
#11246 = DIRECTION('',(1.,0.));
#11247 = ( GEOMETRIC_REPRESENTATION_CONTEXT(2) 
PARAMETRIC_REPRESENTATION_CONTEXT() REPRESENTATION_CONTEXT('2D SPACE',''
  ) );
#11248 = PCURVE('',#11249,#11254);
#11249 = PLANE('',#11250);
#11250 = AXIS2_PLACEMENT_3D('',#11251,#11252,#11253);
#11251 = CARTESIAN_POINT('',(-68.,53.1,474.7));
#11252 = DIRECTION('',(0.,1.,0.));
#11253 = DIRECTION('',(0.,-0.,1.));
#11254 = DEFINITIONAL_REPRESENTATION('',(#11255),#11259);
#11255 = CIRCLE('',#11256,4.);
#11256 = AXIS2_PLACEMENT_2D('',#11257,#11258);
#11257 = CARTESIAN_POINT('',(0.,0.));
#11258 = DIRECTION('',(1.,0.));
#11259 = ( GEOMETRIC_REPRESENTATION_CONTEXT(2) 
PARAMETRIC_REPRESENTATION_CONTEXT() REPRESENTATION_CONTEXT('2D SPACE',''
  ) );
#11260 = ORIENTED_EDGE('',*,*,#11261,.T.);
#11261 = EDGE_CURVE('',#11233,#11194,#11262,.T.);
#11262 = SEAM_CURVE('',#11263,(#11267,#11274),.PCURVE_S1.);
#11263 = LINE('',#11264,#11265);
#11264 = CARTESIAN_POINT('',(-68.,52.5,478.7));
#11265 = VECTOR('',#11266,1.);
#11266 = DIRECTION('',(0.,1.,0.));
#11267 = PCURVE('',#11210,#11268);
#11268 = DEFINITIONAL_REPRESENTATION('',(#11269),#11273);
#11269 = LINE('',#11270,#11271);
#11270 = CARTESIAN_POINT('',(0.,-0.));
#11271 = VECTOR('',#11272,1.);
#11272 = DIRECTION('',(0.,1.));
#11273 = ( GEOMETRIC_REPRESENTATION_CONTEXT(2) 
PARAMETRIC_REPRESENTATION_CONTEXT() REPRESENTATION_CONTEXT('2D SPACE',''
  ) );
#11274 = PCURVE('',#11210,#11275);
#11275 = DEFINITIONAL_REPRESENTATION('',(#11276),#11280);
#11276 = LINE('',#11277,#11278);
#11277 = CARTESIAN_POINT('',(6.28318530718,-0.));
#11278 = VECTOR('',#11279,1.);
#11279 = DIRECTION('',(0.,1.));
#11280 = ( GEOMETRIC_REPRESENTATION_CONTEXT(2) 
PARAMETRIC_REPRESENTATION_CONTEXT() REPRESENTATION_CONTEXT('2D SPACE',''
  ) );
#11281 = ORIENTED_EDGE('',*,*,#11193,.F.);
#11282 = ORIENTED_EDGE('',*,*,#11261,.F.);
#11283 = ADVANCED_FACE('',(#11284),#11249,.F.);
#11284 = FACE_BOUND('',#11285,.F.);
#11285 = EDGE_LOOP('',(#11286));
#11286 = ORIENTED_EDGE('',*,*,#11232,.T.);
#11287 = ( GEOMETRIC_REPRESENTATION_CONTEXT(3) 
GLOBAL_UNCERTAINTY_ASSIGNED_CONTEXT((#11291)) 
GLOBAL_UNIT_ASSIGNED_CONTEXT((#11288,#11289,#11290)) 
REPRESENTATION_CONTEXT('Context #1',
  '3D Context with UNIT and UNCERTAINTY') );
#11288 = ( LENGTH_UNIT() NAMED_UNIT(*) SI_UNIT(.MILLI.,.METRE.) );
#11289 = ( NAMED_UNIT(*) PLANE_ANGLE_UNIT() SI_UNIT($,.RADIAN.) );
#11290 = ( NAMED_UNIT(*) SI_UNIT($,.STERADIAN.) SOLID_ANGLE_UNIT() );
#11291 = UNCERTAINTY_MEASURE_WITH_UNIT(LENGTH_MEASURE(1.E-07),#11288,
  'distance_accuracy_value','confusion accuracy');
#11292 = CONTEXT_DEPENDENT_SHAPE_REPRESENTATION(#11293,#11295);
#11293 = ( REPRESENTATION_RELATIONSHIP('','',#11098,#10) 
REPRESENTATION_RELATIONSHIP_WITH_TRANSFORMATION(#11294) 
SHAPE_REPRESENTATION_RELATIONSHIP() );
#11294 = ITEM_DEFINED_TRANSFORMATION('','',#11,#71);
#11295 = PRODUCT_DEFINITION_SHAPE('Placement','Placement of an item',
  #11296);
#11296 = NEXT_ASSEMBLY_USAGE_OCCURRENCE('20','','',#5,#11093,$);
#11297 = PRODUCT_RELATED_PRODUCT_CATEGORY('part',$,(#11095));
#11298 = SHAPE_DEFINITION_REPRESENTATION(#11299,#11305);
#11299 = PRODUCT_DEFINITION_SHAPE('','',#11300);
#11300 = PRODUCT_DEFINITION('design','',#11301,#11304);
#11301 = PRODUCT_DEFINITION_FORMATION('','',#11302);
#11302 = PRODUCT('Open CASCADE STEP translator 7.9 16.16',
  'Open CASCADE STEP translator 7.9 16.16','',(#11303));
#11303 = PRODUCT_CONTEXT('',#2,'mechanical');
#11304 = PRODUCT_DEFINITION_CONTEXT('part definition',#2,'design');
#11305 = ADVANCED_BREP_SHAPE_REPRESENTATION('',(#11,#11306),#11927);
#11306 = MANIFOLD_SOLID_BREP('',#11307);
#11307 = CLOSED_SHELL('',(#11308,#11397,#11565,#11645,#11673,#11776,
    #11831,#11868,#11872,#11879,#11888,#11923));
#11308 = ADVANCED_FACE('',(#11309),#11323,.F.);
#11309 = FACE_BOUND('',#11310,.F.);
#11310 = EDGE_LOOP('',(#11311,#11346,#11375));
#11311 = ORIENTED_EDGE('',*,*,#11312,.F.);
#11312 = EDGE_CURVE('',#11313,#11315,#11317,.T.);
#11313 = VERTEX_POINT('',#11314);
#11314 = CARTESIAN_POINT('',(-65.,18.,445.34589803375));
#11315 = VERTEX_POINT('',#11316);
#11316 = CARTESIAN_POINT('',(-65.,18.,452.05410196624));
#11317 = SURFACE_CURVE('',#11318,(#11322,#11334),.PCURVE_S1.);
#11318 = LINE('',#11319,#11320);
#11319 = CARTESIAN_POINT('',(-65.,18.,426.));
#11320 = VECTOR('',#11321,1.);
#11321 = DIRECTION('',(0.,0.,1.));
#11322 = PCURVE('',#11323,#11328);
#11323 = PLANE('',#11324);
#11324 = AXIS2_PLACEMENT_3D('',#11325,#11326,#11327);
#11325 = CARTESIAN_POINT('',(-75.,18.,426.));
#11326 = DIRECTION('',(0.,1.,0.));
#11327 = DIRECTION('',(0.,0.,1.));
#11328 = DEFINITIONAL_REPRESENTATION('',(#11329),#11333);
#11329 = LINE('',#11330,#11331);
#11330 = CARTESIAN_POINT('',(0.,10.));
#11331 = VECTOR('',#11332,1.);
#11332 = DIRECTION('',(1.,0.));
#11333 = ( GEOMETRIC_REPRESENTATION_CONTEXT(2) 
PARAMETRIC_REPRESENTATION_CONTEXT() REPRESENTATION_CONTEXT('2D SPACE',''
  ) );
#11334 = PCURVE('',#11335,#11340);
#11335 = PLANE('',#11336);
#11336 = AXIS2_PLACEMENT_3D('',#11337,#11338,#11339);
#11337 = CARTESIAN_POINT('',(-65.,18.,426.));
#11338 = DIRECTION('',(1.,0.,0.));
#11339 = DIRECTION('',(0.,0.,1.));
#11340 = DEFINITIONAL_REPRESENTATION('',(#11341),#11345);
#11341 = LINE('',#11342,#11343);
#11342 = CARTESIAN_POINT('',(0.,0.));
#11343 = VECTOR('',#11344,1.);
#11344 = DIRECTION('',(1.,0.));
#11345 = ( GEOMETRIC_REPRESENTATION_CONTEXT(2) 
PARAMETRIC_REPRESENTATION_CONTEXT() REPRESENTATION_CONTEXT('2D SPACE',''
  ) );
#11346 = ORIENTED_EDGE('',*,*,#11347,.T.);
#11347 = EDGE_CURVE('',#11313,#11348,#11350,.T.);
#11348 = VERTEX_POINT('',#11349);
#11349 = CARTESIAN_POINT('',(-68.,18.,453.2));
#11350 = SURFACE_CURVE('',#11351,(#11356,#11363),.PCURVE_S1.);
#11351 = CIRCLE('',#11352,4.5);
#11352 = AXIS2_PLACEMENT_3D('',#11353,#11354,#11355);
#11353 = CARTESIAN_POINT('',(-68.,18.,448.7));
#11354 = DIRECTION('',(0.,1.,0.));
#11355 = DIRECTION('',(0.,-0.,1.));
#11356 = PCURVE('',#11323,#11357);
#11357 = DEFINITIONAL_REPRESENTATION('',(#11358),#11362);
#11358 = CIRCLE('',#11359,4.5);
#11359 = AXIS2_PLACEMENT_2D('',#11360,#11361);
#11360 = CARTESIAN_POINT('',(22.7,7.));
#11361 = DIRECTION('',(1.,0.));
#11362 = ( GEOMETRIC_REPRESENTATION_CONTEXT(2) 
PARAMETRIC_REPRESENTATION_CONTEXT() REPRESENTATION_CONTEXT('2D SPACE',''
  ) );
#11363 = PCURVE('',#11364,#11369);
#11364 = CYLINDRICAL_SURFACE('',#11365,4.5);
#11365 = AXIS2_PLACEMENT_3D('',#11366,#11367,#11368);
#11366 = CARTESIAN_POINT('',(-68.,17.,448.7));
#11367 = DIRECTION('',(0.,1.,0.));
#11368 = DIRECTION('',(0.,-0.,1.));
#11369 = DEFINITIONAL_REPRESENTATION('',(#11370),#11374);
#11370 = LINE('',#11371,#11372);
#11371 = CARTESIAN_POINT('',(0.,1.));
#11372 = VECTOR('',#11373,1.);
#11373 = DIRECTION('',(1.,0.));
#11374 = ( GEOMETRIC_REPRESENTATION_CONTEXT(2) 
PARAMETRIC_REPRESENTATION_CONTEXT() REPRESENTATION_CONTEXT('2D SPACE',''
  ) );
#11375 = ORIENTED_EDGE('',*,*,#11376,.T.);
#11376 = EDGE_CURVE('',#11348,#11315,#11377,.T.);
#11377 = SURFACE_CURVE('',#11378,(#11383,#11390),.PCURVE_S1.);
#11378 = CIRCLE('',#11379,4.5);
#11379 = AXIS2_PLACEMENT_3D('',#11380,#11381,#11382);
#11380 = CARTESIAN_POINT('',(-68.,18.,448.7));
#11381 = DIRECTION('',(0.,1.,0.));
#11382 = DIRECTION('',(0.,-0.,1.));
#11383 = PCURVE('',#11323,#11384);
#11384 = DEFINITIONAL_REPRESENTATION('',(#11385),#11389);
#11385 = CIRCLE('',#11386,4.5);
#11386 = AXIS2_PLACEMENT_2D('',#11387,#11388);
#11387 = CARTESIAN_POINT('',(22.7,7.));
#11388 = DIRECTION('',(1.,0.));
#11389 = ( GEOMETRIC_REPRESENTATION_CONTEXT(2) 
PARAMETRIC_REPRESENTATION_CONTEXT() REPRESENTATION_CONTEXT('2D SPACE',''
  ) );
#11390 = PCURVE('',#11364,#11391);
#11391 = DEFINITIONAL_REPRESENTATION('',(#11392),#11396);
#11392 = LINE('',#11393,#11394);
#11393 = CARTESIAN_POINT('',(0.,1.));
#11394 = VECTOR('',#11395,1.);
#11395 = DIRECTION('',(1.,0.));
#11396 = ( GEOMETRIC_REPRESENTATION_CONTEXT(2) 
PARAMETRIC_REPRESENTATION_CONTEXT() REPRESENTATION_CONTEXT('2D SPACE',''
  ) );
#11397 = ADVANCED_FACE('',(#11398),#11335,.T.);
#11398 = FACE_BOUND('',#11399,.T.);
#11399 = EDGE_LOOP('',(#11400,#11401,#11422,#11450,#11476,#11502,#11523,
    #11546));
#11400 = ORIENTED_EDGE('',*,*,#11312,.F.);
#11401 = ORIENTED_EDGE('',*,*,#11402,.T.);
#11402 = EDGE_CURVE('',#11313,#11403,#11405,.T.);
#11403 = VERTEX_POINT('',#11404);
#11404 = CARTESIAN_POINT('',(-65.,53.,445.34589803375));
#11405 = SURFACE_CURVE('',#11406,(#11410,#11416),.PCURVE_S1.);
#11406 = LINE('',#11407,#11408);
#11407 = CARTESIAN_POINT('',(-65.,17.,445.34589803375));
#11408 = VECTOR('',#11409,1.);
#11409 = DIRECTION('',(0.,1.,0.));
#11410 = PCURVE('',#11335,#11411);
#11411 = DEFINITIONAL_REPRESENTATION('',(#11412),#11415);
#11412 = B_SPLINE_CURVE_WITH_KNOTS('',1,(#11413,#11414),.UNSPECIFIED.,
  .F.,.F.,(2,2),(-5.999999999062E-07,36.1000006),
  .PIECEWISE_BEZIER_KNOTS.);
#11413 = CARTESIAN_POINT('',(19.34589803375,1.0000006));
#11414 = CARTESIAN_POINT('',(19.34589803375,-35.1000006));
#11415 = ( GEOMETRIC_REPRESENTATION_CONTEXT(2) 
PARAMETRIC_REPRESENTATION_CONTEXT() REPRESENTATION_CONTEXT('2D SPACE',''
  ) );
#11416 = PCURVE('',#11364,#11417);
#11417 = DEFINITIONAL_REPRESENTATION('',(#11418),#11421);
#11418 = B_SPLINE_CURVE_WITH_KNOTS('',1,(#11419,#11420),.UNSPECIFIED.,
  .F.,.F.,(2,2),(-5.999999999062E-07,36.1000006),
  .PIECEWISE_BEZIER_KNOTS.);
#11419 = CARTESIAN_POINT('',(2.411864997363,-5.999999999062E-07));
#11420 = CARTESIAN_POINT('',(2.411864997363,36.1000006));
#11421 = ( GEOMETRIC_REPRESENTATION_CONTEXT(2) 
PARAMETRIC_REPRESENTATION_CONTEXT() REPRESENTATION_CONTEXT('2D SPACE',''
  ) );
#11422 = ORIENTED_EDGE('',*,*,#11423,.T.);
#11423 = EDGE_CURVE('',#11403,#11424,#11426,.T.);
#11424 = VERTEX_POINT('',#11425);
#11425 = CARTESIAN_POINT('',(-65.,53.,446.05424868894));
#11426 = SURFACE_CURVE('',#11427,(#11431,#11438),.PCURVE_S1.);
#11427 = LINE('',#11428,#11429);
#11428 = CARTESIAN_POINT('',(-65.,53.,426.));
#11429 = VECTOR('',#11430,1.);
#11430 = DIRECTION('',(0.,0.,1.));
#11431 = PCURVE('',#11335,#11432);
#11432 = DEFINITIONAL_REPRESENTATION('',(#11433),#11437);
#11433 = LINE('',#11434,#11435);
#11434 = CARTESIAN_POINT('',(0.,-35.));
#11435 = VECTOR('',#11436,1.);
#11436 = DIRECTION('',(1.,0.));
#11437 = ( GEOMETRIC_REPRESENTATION_CONTEXT(2) 
PARAMETRIC_REPRESENTATION_CONTEXT() REPRESENTATION_CONTEXT('2D SPACE',''
  ) );
#11438 = PCURVE('',#11439,#11444);
#11439 = PLANE('',#11440);
#11440 = AXIS2_PLACEMENT_3D('',#11441,#11442,#11443);
#11441 = CARTESIAN_POINT('',(-75.,53.,426.));
#11442 = DIRECTION('',(0.,1.,0.));
#11443 = DIRECTION('',(0.,0.,1.));
#11444 = DEFINITIONAL_REPRESENTATION('',(#11445),#11449);
#11445 = LINE('',#11446,#11447);
#11446 = CARTESIAN_POINT('',(0.,10.));
#11447 = VECTOR('',#11448,1.);
#11448 = DIRECTION('',(1.,0.));
#11449 = ( GEOMETRIC_REPRESENTATION_CONTEXT(2) 
PARAMETRIC_REPRESENTATION_CONTEXT() REPRESENTATION_CONTEXT('2D SPACE',''
  ) );
#11450 = ORIENTED_EDGE('',*,*,#11451,.F.);
#11451 = EDGE_CURVE('',#11452,#11424,#11454,.T.);
#11452 = VERTEX_POINT('',#11453);
#11453 = CARTESIAN_POINT('',(-65.,52.5,446.05424868893));
#11454 = SURFACE_CURVE('',#11455,(#11459,#11465),.PCURVE_S1.);
#11455 = LINE('',#11456,#11457);
#11456 = CARTESIAN_POINT('',(-65.,52.5,446.05424868893));
#11457 = VECTOR('',#11458,1.);
#11458 = DIRECTION('',(0.,1.,0.));
#11459 = PCURVE('',#11335,#11460);
#11460 = DEFINITIONAL_REPRESENTATION('',(#11461),#11464);
#11461 = B_SPLINE_CURVE_WITH_KNOTS('',1,(#11462,#11463),.UNSPECIFIED.,
  .F.,.F.,(2,2),(-5.999999999062E-07,4.),.PIECEWISE_BEZIER_KNOTS.);
#11462 = CARTESIAN_POINT('',(20.054248688935,-34.4999994));
#11463 = CARTESIAN_POINT('',(20.054248688935,-38.5));
#11464 = ( GEOMETRIC_REPRESENTATION_CONTEXT(2) 
PARAMETRIC_REPRESENTATION_CONTEXT() REPRESENTATION_CONTEXT('2D SPACE',''
  ) );
#11465 = PCURVE('',#11466,#11471);
#11466 = CYLINDRICAL_SURFACE('',#11467,4.);
#11467 = AXIS2_PLACEMENT_3D('',#11468,#11469,#11470);
#11468 = CARTESIAN_POINT('',(-68.,52.5,448.7));
#11469 = DIRECTION('',(0.,1.,0.));
#11470 = DIRECTION('',(0.,-0.,1.));
#11471 = DEFINITIONAL_REPRESENTATION('',(#11472),#11475);
#11472 = B_SPLINE_CURVE_WITH_KNOTS('',1,(#11473,#11474),.UNSPECIFIED.,
  .F.,.F.,(2,2),(-5.999999999062E-07,4.),.PIECEWISE_BEZIER_KNOTS.);
#11473 = CARTESIAN_POINT('',(2.293530574608,-5.999999999062E-07));
#11474 = CARTESIAN_POINT('',(2.293530574608,4.));
#11475 = ( GEOMETRIC_REPRESENTATION_CONTEXT(2) 
PARAMETRIC_REPRESENTATION_CONTEXT() REPRESENTATION_CONTEXT('2D SPACE',''
  ) );
#11476 = ORIENTED_EDGE('',*,*,#11477,.T.);
#11477 = EDGE_CURVE('',#11452,#11478,#11480,.T.);
#11478 = VERTEX_POINT('',#11479);
#11479 = CARTESIAN_POINT('',(-65.,52.5,451.34575131106));
#11480 = SURFACE_CURVE('',#11481,(#11485,#11491),.PCURVE_S1.);
#11481 = LINE('',#11482,#11483);
#11482 = CARTESIAN_POINT('',(-65.,52.5,437.35));
#11483 = VECTOR('',#11484,1.);
#11484 = DIRECTION('',(0.,0.,1.));
#11485 = PCURVE('',#11335,#11486);
#11486 = DEFINITIONAL_REPRESENTATION('',(#11487),#11490);
#11487 = B_SPLINE_CURVE_WITH_KNOTS('',1,(#11488,#11489),.UNSPECIFIED.,
  .F.,.F.,(2,2),(7.35,15.35),.PIECEWISE_BEZIER_KNOTS.);
#11488 = CARTESIAN_POINT('',(18.7,-34.5));
#11489 = CARTESIAN_POINT('',(26.7,-34.5));
#11490 = ( GEOMETRIC_REPRESENTATION_CONTEXT(2) 
PARAMETRIC_REPRESENTATION_CONTEXT() REPRESENTATION_CONTEXT('2D SPACE',''
  ) );
#11491 = PCURVE('',#11492,#11497);
#11492 = PLANE('',#11493);
#11493 = AXIS2_PLACEMENT_3D('',#11494,#11495,#11496);
#11494 = CARTESIAN_POINT('',(-68.,52.5,448.7));
#11495 = DIRECTION('',(0.,1.,0.));
#11496 = DIRECTION('',(0.,-0.,1.));
#11497 = DEFINITIONAL_REPRESENTATION('',(#11498),#11501);
#11498 = B_SPLINE_CURVE_WITH_KNOTS('',1,(#11499,#11500),.UNSPECIFIED.,
  .F.,.F.,(2,2),(7.35,15.35),.PIECEWISE_BEZIER_KNOTS.);
#11499 = CARTESIAN_POINT('',(-4.,3.));
#11500 = CARTESIAN_POINT('',(4.,3.));
#11501 = ( GEOMETRIC_REPRESENTATION_CONTEXT(2) 
PARAMETRIC_REPRESENTATION_CONTEXT() REPRESENTATION_CONTEXT('2D SPACE',''
  ) );
#11502 = ORIENTED_EDGE('',*,*,#11503,.T.);
#11503 = EDGE_CURVE('',#11478,#11504,#11506,.T.);
#11504 = VERTEX_POINT('',#11505);
#11505 = CARTESIAN_POINT('',(-65.,53.,451.34575131105));
#11506 = SURFACE_CURVE('',#11507,(#11511,#11517),.PCURVE_S1.);
#11507 = LINE('',#11508,#11509);
#11508 = CARTESIAN_POINT('',(-65.,52.5,451.34575131106));
#11509 = VECTOR('',#11510,1.);
#11510 = DIRECTION('',(0.,1.,0.));
#11511 = PCURVE('',#11335,#11512);
#11512 = DEFINITIONAL_REPRESENTATION('',(#11513),#11516);
#11513 = B_SPLINE_CURVE_WITH_KNOTS('',1,(#11514,#11515),.UNSPECIFIED.,
  .F.,.F.,(2,2),(-5.999999999062E-07,4.),.PIECEWISE_BEZIER_KNOTS.);
#11514 = CARTESIAN_POINT('',(25.345751311065,-34.4999994));
#11515 = CARTESIAN_POINT('',(25.345751311065,-38.5));
#11516 = ( GEOMETRIC_REPRESENTATION_CONTEXT(2) 
PARAMETRIC_REPRESENTATION_CONTEXT() REPRESENTATION_CONTEXT('2D SPACE',''
  ) );
#11517 = PCURVE('',#11466,#11518);
#11518 = DEFINITIONAL_REPRESENTATION('',(#11519),#11522);
#11519 = B_SPLINE_CURVE_WITH_KNOTS('',1,(#11520,#11521),.UNSPECIFIED.,
  .F.,.F.,(2,2),(-5.999999999062E-07,4.),.PIECEWISE_BEZIER_KNOTS.);
#11520 = CARTESIAN_POINT('',(0.848062078981,-5.999999999062E-07));
#11521 = CARTESIAN_POINT('',(0.848062078981,4.));
#11522 = ( GEOMETRIC_REPRESENTATION_CONTEXT(2) 
PARAMETRIC_REPRESENTATION_CONTEXT() REPRESENTATION_CONTEXT('2D SPACE',''
  ) );
#11523 = ORIENTED_EDGE('',*,*,#11524,.T.);
#11524 = EDGE_CURVE('',#11504,#11525,#11527,.T.);
#11525 = VERTEX_POINT('',#11526);
#11526 = CARTESIAN_POINT('',(-65.,53.,452.05410196624));
#11527 = SURFACE_CURVE('',#11528,(#11532,#11539),.PCURVE_S1.);
#11528 = LINE('',#11529,#11530);
#11529 = CARTESIAN_POINT('',(-65.,53.,426.));
#11530 = VECTOR('',#11531,1.);
#11531 = DIRECTION('',(0.,0.,1.));
#11532 = PCURVE('',#11335,#11533);
#11533 = DEFINITIONAL_REPRESENTATION('',(#11534),#11538);
#11534 = LINE('',#11535,#11536);
#11535 = CARTESIAN_POINT('',(0.,-35.));
#11536 = VECTOR('',#11537,1.);
#11537 = DIRECTION('',(1.,0.));
#11538 = ( GEOMETRIC_REPRESENTATION_CONTEXT(2) 
PARAMETRIC_REPRESENTATION_CONTEXT() REPRESENTATION_CONTEXT('2D SPACE',''
  ) );
#11539 = PCURVE('',#11439,#11540);
#11540 = DEFINITIONAL_REPRESENTATION('',(#11541),#11545);
#11541 = LINE('',#11542,#11543);
#11542 = CARTESIAN_POINT('',(0.,10.));
#11543 = VECTOR('',#11544,1.);
#11544 = DIRECTION('',(1.,0.));
#11545 = ( GEOMETRIC_REPRESENTATION_CONTEXT(2) 
PARAMETRIC_REPRESENTATION_CONTEXT() REPRESENTATION_CONTEXT('2D SPACE',''
  ) );
#11546 = ORIENTED_EDGE('',*,*,#11547,.F.);
#11547 = EDGE_CURVE('',#11315,#11525,#11548,.T.);
#11548 = SURFACE_CURVE('',#11549,(#11553,#11559),.PCURVE_S1.);
#11549 = LINE('',#11550,#11551);
#11550 = CARTESIAN_POINT('',(-65.,17.,452.05410196625));
#11551 = VECTOR('',#11552,1.);
#11552 = DIRECTION('',(0.,1.,0.));
#11553 = PCURVE('',#11335,#11554);
#11554 = DEFINITIONAL_REPRESENTATION('',(#11555),#11558);
#11555 = B_SPLINE_CURVE_WITH_KNOTS('',1,(#11556,#11557),.UNSPECIFIED.,
  .F.,.F.,(2,2),(-5.999999999062E-07,36.1000006),
  .PIECEWISE_BEZIER_KNOTS.);
#11556 = CARTESIAN_POINT('',(26.05410196625,1.0000006));
#11557 = CARTESIAN_POINT('',(26.05410196625,-35.1000006));
#11558 = ( GEOMETRIC_REPRESENTATION_CONTEXT(2) 
PARAMETRIC_REPRESENTATION_CONTEXT() REPRESENTATION_CONTEXT('2D SPACE',''
  ) );
#11559 = PCURVE('',#11364,#11560);
#11560 = DEFINITIONAL_REPRESENTATION('',(#11561),#11564);
#11561 = B_SPLINE_CURVE_WITH_KNOTS('',1,(#11562,#11563),.UNSPECIFIED.,
  .F.,.F.,(2,2),(-5.999999999062E-07,36.1000006),
  .PIECEWISE_BEZIER_KNOTS.);
#11562 = CARTESIAN_POINT('',(0.729727656227,-5.999999999062E-07));
#11563 = CARTESIAN_POINT('',(0.729727656227,36.1000006));
#11564 = ( GEOMETRIC_REPRESENTATION_CONTEXT(2) 
PARAMETRIC_REPRESENTATION_CONTEXT() REPRESENTATION_CONTEXT('2D SPACE',''
  ) );
#11565 = ADVANCED_FACE('',(#11566),#11364,.T.);
#11566 = FACE_BOUND('',#11567,.T.);
#11567 = EDGE_LOOP('',(#11568,#11591,#11618,#11619,#11620,#11621,#11643,
    #11644));
#11568 = ORIENTED_EDGE('',*,*,#11569,.T.);
#11569 = EDGE_CURVE('',#11348,#11570,#11572,.T.);
#11570 = VERTEX_POINT('',#11571);
#11571 = CARTESIAN_POINT('',(-68.,53.1,453.2));
#11572 = SEAM_CURVE('',#11573,(#11577,#11584),.PCURVE_S1.);
#11573 = LINE('',#11574,#11575);
#11574 = CARTESIAN_POINT('',(-68.,17.,453.2));
#11575 = VECTOR('',#11576,1.);
#11576 = DIRECTION('',(0.,1.,0.));
#11577 = PCURVE('',#11364,#11578);
#11578 = DEFINITIONAL_REPRESENTATION('',(#11579),#11583);
#11579 = LINE('',#11580,#11581);
#11580 = CARTESIAN_POINT('',(6.28318530718,-0.));
#11581 = VECTOR('',#11582,1.);
#11582 = DIRECTION('',(0.,1.));
#11583 = ( GEOMETRIC_REPRESENTATION_CONTEXT(2) 
PARAMETRIC_REPRESENTATION_CONTEXT() REPRESENTATION_CONTEXT('2D SPACE',''
  ) );
#11584 = PCURVE('',#11364,#11585);
#11585 = DEFINITIONAL_REPRESENTATION('',(#11586),#11590);
#11586 = LINE('',#11587,#11588);
#11587 = CARTESIAN_POINT('',(0.,-0.));
#11588 = VECTOR('',#11589,1.);
#11589 = DIRECTION('',(0.,1.));
#11590 = ( GEOMETRIC_REPRESENTATION_CONTEXT(2) 
PARAMETRIC_REPRESENTATION_CONTEXT() REPRESENTATION_CONTEXT('2D SPACE',''
  ) );
#11591 = ORIENTED_EDGE('',*,*,#11592,.F.);
#11592 = EDGE_CURVE('',#11570,#11570,#11593,.T.);
#11593 = SURFACE_CURVE('',#11594,(#11599,#11606),.PCURVE_S1.);
#11594 = CIRCLE('',#11595,4.5);
#11595 = AXIS2_PLACEMENT_3D('',#11596,#11597,#11598);
#11596 = CARTESIAN_POINT('',(-68.,53.1,448.7));
#11597 = DIRECTION('',(0.,1.,0.));
#11598 = DIRECTION('',(0.,-0.,1.));
#11599 = PCURVE('',#11364,#11600);
#11600 = DEFINITIONAL_REPRESENTATION('',(#11601),#11605);
#11601 = LINE('',#11602,#11603);
#11602 = CARTESIAN_POINT('',(0.,36.1));
#11603 = VECTOR('',#11604,1.);
#11604 = DIRECTION('',(1.,0.));
#11605 = ( GEOMETRIC_REPRESENTATION_CONTEXT(2) 
PARAMETRIC_REPRESENTATION_CONTEXT() REPRESENTATION_CONTEXT('2D SPACE',''
  ) );
#11606 = PCURVE('',#11607,#11612);
#11607 = PLANE('',#11608);
#11608 = AXIS2_PLACEMENT_3D('',#11609,#11610,#11611);
#11609 = CARTESIAN_POINT('',(-68.,53.1,448.7));
#11610 = DIRECTION('',(0.,1.,0.));
#11611 = DIRECTION('',(0.,-0.,1.));
#11612 = DEFINITIONAL_REPRESENTATION('',(#11613),#11617);
#11613 = CIRCLE('',#11614,4.5);
#11614 = AXIS2_PLACEMENT_2D('',#11615,#11616);
#11615 = CARTESIAN_POINT('',(0.,0.));
#11616 = DIRECTION('',(1.,0.));
#11617 = ( GEOMETRIC_REPRESENTATION_CONTEXT(2) 
PARAMETRIC_REPRESENTATION_CONTEXT() REPRESENTATION_CONTEXT('2D SPACE',''
  ) );
#11618 = ORIENTED_EDGE('',*,*,#11569,.F.);
#11619 = ORIENTED_EDGE('',*,*,#11376,.T.);
#11620 = ORIENTED_EDGE('',*,*,#11547,.T.);
#11621 = ORIENTED_EDGE('',*,*,#11622,.T.);
#11622 = EDGE_CURVE('',#11525,#11403,#11623,.T.);
#11623 = SURFACE_CURVE('',#11624,(#11629,#11636),.PCURVE_S1.);
#11624 = CIRCLE('',#11625,4.5);
#11625 = AXIS2_PLACEMENT_3D('',#11626,#11627,#11628);
#11626 = CARTESIAN_POINT('',(-68.,53.,448.7));
#11627 = DIRECTION('',(0.,1.,0.));
#11628 = DIRECTION('',(0.,-0.,1.));
#11629 = PCURVE('',#11364,#11630);
#11630 = DEFINITIONAL_REPRESENTATION('',(#11631),#11635);
#11631 = LINE('',#11632,#11633);
#11632 = CARTESIAN_POINT('',(0.,36.));
#11633 = VECTOR('',#11634,1.);
#11634 = DIRECTION('',(1.,0.));
#11635 = ( GEOMETRIC_REPRESENTATION_CONTEXT(2) 
PARAMETRIC_REPRESENTATION_CONTEXT() REPRESENTATION_CONTEXT('2D SPACE',''
  ) );
#11636 = PCURVE('',#11439,#11637);
#11637 = DEFINITIONAL_REPRESENTATION('',(#11638),#11642);
#11638 = CIRCLE('',#11639,4.5);
#11639 = AXIS2_PLACEMENT_2D('',#11640,#11641);
#11640 = CARTESIAN_POINT('',(22.7,7.));
#11641 = DIRECTION('',(1.,0.));
#11642 = ( GEOMETRIC_REPRESENTATION_CONTEXT(2) 
PARAMETRIC_REPRESENTATION_CONTEXT() REPRESENTATION_CONTEXT('2D SPACE',''
  ) );
#11643 = ORIENTED_EDGE('',*,*,#11402,.F.);
#11644 = ORIENTED_EDGE('',*,*,#11347,.T.);
#11645 = ADVANCED_FACE('',(#11646),#11439,.F.);
#11646 = FACE_BOUND('',#11647,.F.);
#11647 = EDGE_LOOP('',(#11648,#11649,#11650,#11672));
#11648 = ORIENTED_EDGE('',*,*,#11622,.T.);
#11649 = ORIENTED_EDGE('',*,*,#11423,.T.);
#11650 = ORIENTED_EDGE('',*,*,#11651,.F.);
#11651 = EDGE_CURVE('',#11504,#11424,#11652,.T.);
#11652 = SURFACE_CURVE('',#11653,(#11658,#11665),.PCURVE_S1.);
#11653 = CIRCLE('',#11654,4.);
#11654 = AXIS2_PLACEMENT_3D('',#11655,#11656,#11657);
#11655 = CARTESIAN_POINT('',(-68.,53.,448.7));
#11656 = DIRECTION('',(0.,1.,0.));
#11657 = DIRECTION('',(0.,-0.,1.));
#11658 = PCURVE('',#11439,#11659);
#11659 = DEFINITIONAL_REPRESENTATION('',(#11660),#11664);
#11660 = CIRCLE('',#11661,4.);
#11661 = AXIS2_PLACEMENT_2D('',#11662,#11663);
#11662 = CARTESIAN_POINT('',(22.7,7.));
#11663 = DIRECTION('',(1.,0.));
#11664 = ( GEOMETRIC_REPRESENTATION_CONTEXT(2) 
PARAMETRIC_REPRESENTATION_CONTEXT() REPRESENTATION_CONTEXT('2D SPACE',''
  ) );
#11665 = PCURVE('',#11466,#11666);
#11666 = DEFINITIONAL_REPRESENTATION('',(#11667),#11671);
#11667 = LINE('',#11668,#11669);
#11668 = CARTESIAN_POINT('',(0.,0.5));
#11669 = VECTOR('',#11670,1.);
#11670 = DIRECTION('',(1.,0.));
#11671 = ( GEOMETRIC_REPRESENTATION_CONTEXT(2) 
PARAMETRIC_REPRESENTATION_CONTEXT() REPRESENTATION_CONTEXT('2D SPACE',''
  ) );
#11672 = ORIENTED_EDGE('',*,*,#11524,.T.);
#11673 = ADVANCED_FACE('',(#11674),#11466,.F.);
#11674 = FACE_BOUND('',#11675,.F.);
#11675 = EDGE_LOOP('',(#11676,#11700,#11723,#11750,#11751,#11773,#11774,
    #11775));
#11676 = ORIENTED_EDGE('',*,*,#11677,.T.);
#11677 = EDGE_CURVE('',#11452,#11678,#11680,.T.);
#11678 = VERTEX_POINT('',#11679);
#11679 = CARTESIAN_POINT('',(-68.,52.5,452.7));
#11680 = SURFACE_CURVE('',#11681,(#11686,#11693),.PCURVE_S1.);
#11681 = CIRCLE('',#11682,4.);
#11682 = AXIS2_PLACEMENT_3D('',#11683,#11684,#11685);
#11683 = CARTESIAN_POINT('',(-68.,52.5,448.7));
#11684 = DIRECTION('',(0.,1.,0.));
#11685 = DIRECTION('',(0.,-0.,1.));
#11686 = PCURVE('',#11466,#11687);
#11687 = DEFINITIONAL_REPRESENTATION('',(#11688),#11692);
#11688 = LINE('',#11689,#11690);
#11689 = CARTESIAN_POINT('',(0.,0.));
#11690 = VECTOR('',#11691,1.);
#11691 = DIRECTION('',(1.,0.));
#11692 = ( GEOMETRIC_REPRESENTATION_CONTEXT(2) 
PARAMETRIC_REPRESENTATION_CONTEXT() REPRESENTATION_CONTEXT('2D SPACE',''
  ) );
#11693 = PCURVE('',#11492,#11694);
#11694 = DEFINITIONAL_REPRESENTATION('',(#11695),#11699);
#11695 = CIRCLE('',#11696,4.);
#11696 = AXIS2_PLACEMENT_2D('',#11697,#11698);
#11697 = CARTESIAN_POINT('',(0.,0.));
#11698 = DIRECTION('',(1.,0.));
#11699 = ( GEOMETRIC_REPRESENTATION_CONTEXT(2) 
PARAMETRIC_REPRESENTATION_CONTEXT() REPRESENTATION_CONTEXT('2D SPACE',''
  ) );
#11700 = ORIENTED_EDGE('',*,*,#11701,.T.);
#11701 = EDGE_CURVE('',#11678,#11702,#11704,.T.);
#11702 = VERTEX_POINT('',#11703);
#11703 = CARTESIAN_POINT('',(-68.,53.1,452.7));
#11704 = SEAM_CURVE('',#11705,(#11709,#11716),.PCURVE_S1.);
#11705 = LINE('',#11706,#11707);
#11706 = CARTESIAN_POINT('',(-68.,52.5,452.7));
#11707 = VECTOR('',#11708,1.);
#11708 = DIRECTION('',(0.,1.,0.));
#11709 = PCURVE('',#11466,#11710);
#11710 = DEFINITIONAL_REPRESENTATION('',(#11711),#11715);
#11711 = LINE('',#11712,#11713);
#11712 = CARTESIAN_POINT('',(0.,-0.));
#11713 = VECTOR('',#11714,1.);
#11714 = DIRECTION('',(0.,1.));
#11715 = ( GEOMETRIC_REPRESENTATION_CONTEXT(2) 
PARAMETRIC_REPRESENTATION_CONTEXT() REPRESENTATION_CONTEXT('2D SPACE',''
  ) );
#11716 = PCURVE('',#11466,#11717);
#11717 = DEFINITIONAL_REPRESENTATION('',(#11718),#11722);
#11718 = LINE('',#11719,#11720);
#11719 = CARTESIAN_POINT('',(6.28318530718,-0.));
#11720 = VECTOR('',#11721,1.);
#11721 = DIRECTION('',(0.,1.));
#11722 = ( GEOMETRIC_REPRESENTATION_CONTEXT(2) 
PARAMETRIC_REPRESENTATION_CONTEXT() REPRESENTATION_CONTEXT('2D SPACE',''
  ) );
#11723 = ORIENTED_EDGE('',*,*,#11724,.F.);
#11724 = EDGE_CURVE('',#11702,#11702,#11725,.T.);
#11725 = SURFACE_CURVE('',#11726,(#11731,#11738),.PCURVE_S1.);
#11726 = CIRCLE('',#11727,4.);
#11727 = AXIS2_PLACEMENT_3D('',#11728,#11729,#11730);
#11728 = CARTESIAN_POINT('',(-68.,53.1,448.7));
#11729 = DIRECTION('',(0.,1.,0.));
#11730 = DIRECTION('',(0.,-0.,1.));
#11731 = PCURVE('',#11466,#11732);
#11732 = DEFINITIONAL_REPRESENTATION('',(#11733),#11737);
#11733 = LINE('',#11734,#11735);
#11734 = CARTESIAN_POINT('',(0.,0.6));
#11735 = VECTOR('',#11736,1.);
#11736 = DIRECTION('',(1.,0.));
#11737 = ( GEOMETRIC_REPRESENTATION_CONTEXT(2) 
PARAMETRIC_REPRESENTATION_CONTEXT() REPRESENTATION_CONTEXT('2D SPACE',''
  ) );
#11738 = PCURVE('',#11739,#11744);
#11739 = CYLINDRICAL_SURFACE('',#11740,4.);
#11740 = AXIS2_PLACEMENT_3D('',#11741,#11742,#11743);
#11741 = CARTESIAN_POINT('',(-68.,52.5,448.7));
#11742 = DIRECTION('',(0.,1.,0.));
#11743 = DIRECTION('',(0.,-0.,1.));
#11744 = DEFINITIONAL_REPRESENTATION('',(#11745),#11749);
#11745 = LINE('',#11746,#11747);
#11746 = CARTESIAN_POINT('',(0.,0.6));
#11747 = VECTOR('',#11748,1.);
#11748 = DIRECTION('',(1.,0.));
#11749 = ( GEOMETRIC_REPRESENTATION_CONTEXT(2) 
PARAMETRIC_REPRESENTATION_CONTEXT() REPRESENTATION_CONTEXT('2D SPACE',''
  ) );
#11750 = ORIENTED_EDGE('',*,*,#11701,.F.);
#11751 = ORIENTED_EDGE('',*,*,#11752,.T.);
#11752 = EDGE_CURVE('',#11678,#11478,#11753,.T.);
#11753 = SURFACE_CURVE('',#11754,(#11759,#11766),.PCURVE_S1.);
#11754 = CIRCLE('',#11755,4.);
#11755 = AXIS2_PLACEMENT_3D('',#11756,#11757,#11758);
#11756 = CARTESIAN_POINT('',(-68.,52.5,448.7));
#11757 = DIRECTION('',(0.,1.,0.));
#11758 = DIRECTION('',(0.,-0.,1.));
#11759 = PCURVE('',#11466,#11760);
#11760 = DEFINITIONAL_REPRESENTATION('',(#11761),#11765);
#11761 = LINE('',#11762,#11763);
#11762 = CARTESIAN_POINT('',(0.,0.));
#11763 = VECTOR('',#11764,1.);
#11764 = DIRECTION('',(1.,0.));
#11765 = ( GEOMETRIC_REPRESENTATION_CONTEXT(2) 
PARAMETRIC_REPRESENTATION_CONTEXT() REPRESENTATION_CONTEXT('2D SPACE',''
  ) );
#11766 = PCURVE('',#11492,#11767);
#11767 = DEFINITIONAL_REPRESENTATION('',(#11768),#11772);
#11768 = CIRCLE('',#11769,4.);
#11769 = AXIS2_PLACEMENT_2D('',#11770,#11771);
#11770 = CARTESIAN_POINT('',(0.,0.));
#11771 = DIRECTION('',(1.,0.));
#11772 = ( GEOMETRIC_REPRESENTATION_CONTEXT(2) 
PARAMETRIC_REPRESENTATION_CONTEXT() REPRESENTATION_CONTEXT('2D SPACE',''
  ) );
#11773 = ORIENTED_EDGE('',*,*,#11503,.T.);
#11774 = ORIENTED_EDGE('',*,*,#11651,.T.);
#11775 = ORIENTED_EDGE('',*,*,#11451,.F.);
#11776 = ADVANCED_FACE('',(#11777),#11739,.F.);
#11777 = FACE_BOUND('',#11778,.F.);
#11778 = EDGE_LOOP('',(#11779,#11780,#11803,#11830));
#11779 = ORIENTED_EDGE('',*,*,#11724,.T.);
#11780 = ORIENTED_EDGE('',*,*,#11781,.T.);
#11781 = EDGE_CURVE('',#11702,#11782,#11784,.T.);
#11782 = VERTEX_POINT('',#11783);
#11783 = CARTESIAN_POINT('',(-68.,57.5,452.7));
#11784 = SEAM_CURVE('',#11785,(#11789,#11796),.PCURVE_S1.);
#11785 = LINE('',#11786,#11787);
#11786 = CARTESIAN_POINT('',(-68.,52.5,452.7));
#11787 = VECTOR('',#11788,1.);
#11788 = DIRECTION('',(0.,1.,0.));
#11789 = PCURVE('',#11739,#11790);
#11790 = DEFINITIONAL_REPRESENTATION('',(#11791),#11795);
#11791 = LINE('',#11792,#11793);
#11792 = CARTESIAN_POINT('',(0.,-0.));
#11793 = VECTOR('',#11794,1.);
#11794 = DIRECTION('',(0.,1.));
#11795 = ( GEOMETRIC_REPRESENTATION_CONTEXT(2) 
PARAMETRIC_REPRESENTATION_CONTEXT() REPRESENTATION_CONTEXT('2D SPACE',''
  ) );
#11796 = PCURVE('',#11739,#11797);
#11797 = DEFINITIONAL_REPRESENTATION('',(#11798),#11802);
#11798 = LINE('',#11799,#11800);
#11799 = CARTESIAN_POINT('',(6.28318530718,-0.));
#11800 = VECTOR('',#11801,1.);
#11801 = DIRECTION('',(0.,1.));
#11802 = ( GEOMETRIC_REPRESENTATION_CONTEXT(2) 
PARAMETRIC_REPRESENTATION_CONTEXT() REPRESENTATION_CONTEXT('2D SPACE',''
  ) );
#11803 = ORIENTED_EDGE('',*,*,#11804,.F.);
#11804 = EDGE_CURVE('',#11782,#11782,#11805,.T.);
#11805 = SURFACE_CURVE('',#11806,(#11811,#11818),.PCURVE_S1.);
#11806 = CIRCLE('',#11807,4.);
#11807 = AXIS2_PLACEMENT_3D('',#11808,#11809,#11810);
#11808 = CARTESIAN_POINT('',(-68.,57.5,448.7));
#11809 = DIRECTION('',(0.,1.,0.));
#11810 = DIRECTION('',(0.,-0.,1.));
#11811 = PCURVE('',#11739,#11812);
#11812 = DEFINITIONAL_REPRESENTATION('',(#11813),#11817);
#11813 = LINE('',#11814,#11815);
#11814 = CARTESIAN_POINT('',(0.,5.));
#11815 = VECTOR('',#11816,1.);
#11816 = DIRECTION('',(1.,0.));
#11817 = ( GEOMETRIC_REPRESENTATION_CONTEXT(2) 
PARAMETRIC_REPRESENTATION_CONTEXT() REPRESENTATION_CONTEXT('2D SPACE',''
  ) );
#11818 = PCURVE('',#11819,#11824);
#11819 = PLANE('',#11820);
#11820 = AXIS2_PLACEMENT_3D('',#11821,#11822,#11823);
#11821 = CARTESIAN_POINT('',(-68.,57.5,448.7));
#11822 = DIRECTION('',(0.,1.,0.));
#11823 = DIRECTION('',(0.,-0.,1.));
#11824 = DEFINITIONAL_REPRESENTATION('',(#11825),#11829);
#11825 = CIRCLE('',#11826,4.);
#11826 = AXIS2_PLACEMENT_2D('',#11827,#11828);
#11827 = CARTESIAN_POINT('',(0.,0.));
#11828 = DIRECTION('',(1.,0.));
#11829 = ( GEOMETRIC_REPRESENTATION_CONTEXT(2) 
PARAMETRIC_REPRESENTATION_CONTEXT() REPRESENTATION_CONTEXT('2D SPACE',''
  ) );
#11830 = ORIENTED_EDGE('',*,*,#11781,.F.);
#11831 = ADVANCED_FACE('',(#11832,#11837),#11492,.T.);
#11832 = FACE_BOUND('',#11833,.T.);
#11833 = EDGE_LOOP('',(#11834,#11835,#11836));
#11834 = ORIENTED_EDGE('',*,*,#11677,.T.);
#11835 = ORIENTED_EDGE('',*,*,#11752,.T.);
#11836 = ORIENTED_EDGE('',*,*,#11477,.F.);
#11837 = FACE_BOUND('',#11838,.T.);
#11838 = EDGE_LOOP('',(#11839));
#11839 = ORIENTED_EDGE('',*,*,#11840,.F.);
#11840 = EDGE_CURVE('',#11841,#11841,#11843,.T.);
#11841 = VERTEX_POINT('',#11842);
#11842 = CARTESIAN_POINT('',(-68.,52.5,450.95));
#11843 = SURFACE_CURVE('',#11844,(#11849,#11856),.PCURVE_S1.);
#11844 = CIRCLE('',#11845,2.25);
#11845 = AXIS2_PLACEMENT_3D('',#11846,#11847,#11848);
#11846 = CARTESIAN_POINT('',(-68.,52.5,448.7));
#11847 = DIRECTION('',(0.,1.,0.));
#11848 = DIRECTION('',(0.,-0.,1.));
#11849 = PCURVE('',#11492,#11850);
#11850 = DEFINITIONAL_REPRESENTATION('',(#11851),#11855);
#11851 = CIRCLE('',#11852,2.25);
#11852 = AXIS2_PLACEMENT_2D('',#11853,#11854);
#11853 = CARTESIAN_POINT('',(0.,0.));
#11854 = DIRECTION('',(1.,0.));
#11855 = ( GEOMETRIC_REPRESENTATION_CONTEXT(2) 
PARAMETRIC_REPRESENTATION_CONTEXT() REPRESENTATION_CONTEXT('2D SPACE',''
  ) );
#11856 = PCURVE('',#11857,#11862);
#11857 = PLANE('',#11858);
#11858 = AXIS2_PLACEMENT_3D('',#11859,#11860,#11861);
#11859 = CARTESIAN_POINT('',(-68.,52.5,448.7));
#11860 = DIRECTION('',(0.,1.,0.));
#11861 = DIRECTION('',(0.,-0.,1.));
#11862 = DEFINITIONAL_REPRESENTATION('',(#11863),#11867);
#11863 = CIRCLE('',#11864,2.25);
#11864 = AXIS2_PLACEMENT_2D('',#11865,#11866);
#11865 = CARTESIAN_POINT('',(0.,0.));
#11866 = DIRECTION('',(1.,0.));
#11867 = ( GEOMETRIC_REPRESENTATION_CONTEXT(2) 
PARAMETRIC_REPRESENTATION_CONTEXT() REPRESENTATION_CONTEXT('2D SPACE',''
  ) );
#11868 = ADVANCED_FACE('',(#11869),#11857,.T.);
#11869 = FACE_BOUND('',#11870,.F.);
#11870 = EDGE_LOOP('',(#11871));
#11871 = ORIENTED_EDGE('',*,*,#11840,.F.);
#11872 = ADVANCED_FACE('',(#11873,#11876),#11607,.T.);
#11873 = FACE_BOUND('',#11874,.T.);
#11874 = EDGE_LOOP('',(#11875));
#11875 = ORIENTED_EDGE('',*,*,#11592,.T.);
#11876 = FACE_BOUND('',#11877,.T.);
#11877 = EDGE_LOOP('',(#11878));
#11878 = ORIENTED_EDGE('',*,*,#11724,.F.);
#11879 = ADVANCED_FACE('',(#11880),#11883,.T.);
#11880 = FACE_BOUND('',#11881,.T.);
#11881 = EDGE_LOOP('',(#11882));
#11882 = ORIENTED_EDGE('',*,*,#11724,.T.);
#11883 = PLANE('',#11884);
#11884 = AXIS2_PLACEMENT_3D('',#11885,#11886,#11887);
#11885 = CARTESIAN_POINT('',(-68.,53.1,448.7));
#11886 = DIRECTION('',(0.,1.,0.));
#11887 = DIRECTION('',(0.,-0.,1.));
#11888 = ADVANCED_FACE('',(#11889,#11892),#11819,.F.);
#11889 = FACE_BOUND('',#11890,.F.);
#11890 = EDGE_LOOP('',(#11891));
#11891 = ORIENTED_EDGE('',*,*,#11804,.T.);
#11892 = FACE_BOUND('',#11893,.F.);
#11893 = EDGE_LOOP('',(#11894));
#11894 = ORIENTED_EDGE('',*,*,#11895,.F.);
#11895 = EDGE_CURVE('',#11896,#11896,#11898,.T.);
#11896 = VERTEX_POINT('',#11897);
#11897 = CARTESIAN_POINT('',(-68.,57.5,450.95));
#11898 = SURFACE_CURVE('',#11899,(#11904,#11911),.PCURVE_S1.);
#11899 = CIRCLE('',#11900,2.25);
#11900 = AXIS2_PLACEMENT_3D('',#11901,#11902,#11903);
#11901 = CARTESIAN_POINT('',(-68.,57.5,448.7));
#11902 = DIRECTION('',(0.,1.,0.));
#11903 = DIRECTION('',(0.,-0.,1.));
#11904 = PCURVE('',#11819,#11905);
#11905 = DEFINITIONAL_REPRESENTATION('',(#11906),#11910);
#11906 = CIRCLE('',#11907,2.25);
#11907 = AXIS2_PLACEMENT_2D('',#11908,#11909);
#11908 = CARTESIAN_POINT('',(0.,0.));
#11909 = DIRECTION('',(1.,0.));
#11910 = ( GEOMETRIC_REPRESENTATION_CONTEXT(2) 
PARAMETRIC_REPRESENTATION_CONTEXT() REPRESENTATION_CONTEXT('2D SPACE',''
  ) );
#11911 = PCURVE('',#11912,#11917);
#11912 = PLANE('',#11913);
#11913 = AXIS2_PLACEMENT_3D('',#11914,#11915,#11916);
#11914 = CARTESIAN_POINT('',(-68.,57.5,448.7));
#11915 = DIRECTION('',(0.,1.,0.));
#11916 = DIRECTION('',(0.,-0.,1.));
#11917 = DEFINITIONAL_REPRESENTATION('',(#11918),#11922);
#11918 = CIRCLE('',#11919,2.25);
#11919 = AXIS2_PLACEMENT_2D('',#11920,#11921);
#11920 = CARTESIAN_POINT('',(0.,0.));
#11921 = DIRECTION('',(1.,0.));
#11922 = ( GEOMETRIC_REPRESENTATION_CONTEXT(2) 
PARAMETRIC_REPRESENTATION_CONTEXT() REPRESENTATION_CONTEXT('2D SPACE',''
  ) );
#11923 = ADVANCED_FACE('',(#11924),#11912,.F.);
#11924 = FACE_BOUND('',#11925,.F.);
#11925 = EDGE_LOOP('',(#11926));
#11926 = ORIENTED_EDGE('',*,*,#11895,.T.);
#11927 = ( GEOMETRIC_REPRESENTATION_CONTEXT(3) 
GLOBAL_UNCERTAINTY_ASSIGNED_CONTEXT((#11931)) 
GLOBAL_UNIT_ASSIGNED_CONTEXT((#11928,#11929,#11930)) 
REPRESENTATION_CONTEXT('Context #1',
  '3D Context with UNIT and UNCERTAINTY') );
#11928 = ( LENGTH_UNIT() NAMED_UNIT(*) SI_UNIT(.MILLI.,.METRE.) );
#11929 = ( NAMED_UNIT(*) PLANE_ANGLE_UNIT() SI_UNIT($,.RADIAN.) );
#11930 = ( NAMED_UNIT(*) SI_UNIT($,.STERADIAN.) SOLID_ANGLE_UNIT() );
#11931 = UNCERTAINTY_MEASURE_WITH_UNIT(LENGTH_MEASURE(1.E-07),#11928,
  'distance_accuracy_value','confusion accuracy');
#11932 = CONTEXT_DEPENDENT_SHAPE_REPRESENTATION(#11933,#11935);
#11933 = ( REPRESENTATION_RELATIONSHIP('','',#11305,#10) 
REPRESENTATION_RELATIONSHIP_WITH_TRANSFORMATION(#11934) 
SHAPE_REPRESENTATION_RELATIONSHIP() );
#11934 = ITEM_DEFINED_TRANSFORMATION('','',#11,#75);
#11935 = PRODUCT_DEFINITION_SHAPE('Placement','Placement of an item',
  #11936);
#11936 = NEXT_ASSEMBLY_USAGE_OCCURRENCE('21','','',#5,#11300,$);
#11937 = PRODUCT_RELATED_PRODUCT_CATEGORY('part',$,(#11302));
#11938 = SHAPE_DEFINITION_REPRESENTATION(#11939,#11945);
#11939 = PRODUCT_DEFINITION_SHAPE('','',#11940);
#11940 = PRODUCT_DEFINITION('design','',#11941,#11944);
#11941 = PRODUCT_DEFINITION_FORMATION('','',#11942);
#11942 = PRODUCT('Open CASCADE STEP translator 7.9 16.17',
  'Open CASCADE STEP translator 7.9 16.17','',(#11943));
#11943 = PRODUCT_CONTEXT('',#2,'mechanical');
#11944 = PRODUCT_DEFINITION_CONTEXT('part definition',#2,'design');
#11945 = ADVANCED_BREP_SHAPE_REPRESENTATION('',(#11,#11946),#12567);
#11946 = MANIFOLD_SOLID_BREP('',#11947);
#11947 = CLOSED_SHELL('',(#11948,#12037,#12205,#12285,#12313,#12416,
    #12471,#12508,#12512,#12519,#12528,#12563));
#11948 = ADVANCED_FACE('',(#11949),#11963,.F.);
#11949 = FACE_BOUND('',#11950,.F.);
#11950 = EDGE_LOOP('',(#11951,#11986,#12015));
#11951 = ORIENTED_EDGE('',*,*,#11952,.F.);
#11952 = EDGE_CURVE('',#11953,#11955,#11957,.T.);
#11953 = VERTEX_POINT('',#11954);
#11954 = CARTESIAN_POINT('',(-65.,18.,471.34589803375));
#11955 = VERTEX_POINT('',#11956);
#11956 = CARTESIAN_POINT('',(-65.,18.,478.05410196624));
#11957 = SURFACE_CURVE('',#11958,(#11962,#11974),.PCURVE_S1.);
#11958 = LINE('',#11959,#11960);
#11959 = CARTESIAN_POINT('',(-65.,18.,426.));
#11960 = VECTOR('',#11961,1.);
#11961 = DIRECTION('',(0.,0.,1.));
#11962 = PCURVE('',#11963,#11968);
#11963 = PLANE('',#11964);
#11964 = AXIS2_PLACEMENT_3D('',#11965,#11966,#11967);
#11965 = CARTESIAN_POINT('',(-75.,18.,426.));
#11966 = DIRECTION('',(0.,1.,0.));
#11967 = DIRECTION('',(0.,0.,1.));
#11968 = DEFINITIONAL_REPRESENTATION('',(#11969),#11973);
#11969 = LINE('',#11970,#11971);
#11970 = CARTESIAN_POINT('',(0.,10.));
#11971 = VECTOR('',#11972,1.);
#11972 = DIRECTION('',(1.,0.));
#11973 = ( GEOMETRIC_REPRESENTATION_CONTEXT(2) 
PARAMETRIC_REPRESENTATION_CONTEXT() REPRESENTATION_CONTEXT('2D SPACE',''
  ) );
#11974 = PCURVE('',#11975,#11980);
#11975 = PLANE('',#11976);
#11976 = AXIS2_PLACEMENT_3D('',#11977,#11978,#11979);
#11977 = CARTESIAN_POINT('',(-65.,18.,426.));
#11978 = DIRECTION('',(1.,0.,0.));
#11979 = DIRECTION('',(0.,0.,1.));
#11980 = DEFINITIONAL_REPRESENTATION('',(#11981),#11985);
#11981 = LINE('',#11982,#11983);
#11982 = CARTESIAN_POINT('',(0.,0.));
#11983 = VECTOR('',#11984,1.);
#11984 = DIRECTION('',(1.,0.));
#11985 = ( GEOMETRIC_REPRESENTATION_CONTEXT(2) 
PARAMETRIC_REPRESENTATION_CONTEXT() REPRESENTATION_CONTEXT('2D SPACE',''
  ) );
#11986 = ORIENTED_EDGE('',*,*,#11987,.T.);
#11987 = EDGE_CURVE('',#11953,#11988,#11990,.T.);
#11988 = VERTEX_POINT('',#11989);
#11989 = CARTESIAN_POINT('',(-68.,18.,479.2));
#11990 = SURFACE_CURVE('',#11991,(#11996,#12003),.PCURVE_S1.);
#11991 = CIRCLE('',#11992,4.5);
#11992 = AXIS2_PLACEMENT_3D('',#11993,#11994,#11995);
#11993 = CARTESIAN_POINT('',(-68.,18.,474.7));
#11994 = DIRECTION('',(0.,1.,0.));
#11995 = DIRECTION('',(0.,-0.,1.));
#11996 = PCURVE('',#11963,#11997);
#11997 = DEFINITIONAL_REPRESENTATION('',(#11998),#12002);
#11998 = CIRCLE('',#11999,4.5);
#11999 = AXIS2_PLACEMENT_2D('',#12000,#12001);
#12000 = CARTESIAN_POINT('',(48.7,7.));
#12001 = DIRECTION('',(1.,0.));
#12002 = ( GEOMETRIC_REPRESENTATION_CONTEXT(2) 
PARAMETRIC_REPRESENTATION_CONTEXT() REPRESENTATION_CONTEXT('2D SPACE',''
  ) );
#12003 = PCURVE('',#12004,#12009);
#12004 = CYLINDRICAL_SURFACE('',#12005,4.5);
#12005 = AXIS2_PLACEMENT_3D('',#12006,#12007,#12008);
#12006 = CARTESIAN_POINT('',(-68.,17.,474.7));
#12007 = DIRECTION('',(0.,1.,0.));
#12008 = DIRECTION('',(0.,-0.,1.));
#12009 = DEFINITIONAL_REPRESENTATION('',(#12010),#12014);
#12010 = LINE('',#12011,#12012);
#12011 = CARTESIAN_POINT('',(0.,1.));
#12012 = VECTOR('',#12013,1.);
#12013 = DIRECTION('',(1.,0.));
#12014 = ( GEOMETRIC_REPRESENTATION_CONTEXT(2) 
PARAMETRIC_REPRESENTATION_CONTEXT() REPRESENTATION_CONTEXT('2D SPACE',''
  ) );
#12015 = ORIENTED_EDGE('',*,*,#12016,.T.);
#12016 = EDGE_CURVE('',#11988,#11955,#12017,.T.);
#12017 = SURFACE_CURVE('',#12018,(#12023,#12030),.PCURVE_S1.);
#12018 = CIRCLE('',#12019,4.5);
#12019 = AXIS2_PLACEMENT_3D('',#12020,#12021,#12022);
#12020 = CARTESIAN_POINT('',(-68.,18.,474.7));
#12021 = DIRECTION('',(0.,1.,0.));
#12022 = DIRECTION('',(0.,-0.,1.));
#12023 = PCURVE('',#11963,#12024);
#12024 = DEFINITIONAL_REPRESENTATION('',(#12025),#12029);
#12025 = CIRCLE('',#12026,4.5);
#12026 = AXIS2_PLACEMENT_2D('',#12027,#12028);
#12027 = CARTESIAN_POINT('',(48.7,7.));
#12028 = DIRECTION('',(1.,0.));
#12029 = ( GEOMETRIC_REPRESENTATION_CONTEXT(2) 
PARAMETRIC_REPRESENTATION_CONTEXT() REPRESENTATION_CONTEXT('2D SPACE',''
  ) );
#12030 = PCURVE('',#12004,#12031);
#12031 = DEFINITIONAL_REPRESENTATION('',(#12032),#12036);
#12032 = LINE('',#12033,#12034);
#12033 = CARTESIAN_POINT('',(0.,1.));
#12034 = VECTOR('',#12035,1.);
#12035 = DIRECTION('',(1.,0.));
#12036 = ( GEOMETRIC_REPRESENTATION_CONTEXT(2) 
PARAMETRIC_REPRESENTATION_CONTEXT() REPRESENTATION_CONTEXT('2D SPACE',''
  ) );
#12037 = ADVANCED_FACE('',(#12038),#11975,.T.);
#12038 = FACE_BOUND('',#12039,.T.);
#12039 = EDGE_LOOP('',(#12040,#12041,#12062,#12090,#12116,#12142,#12163,
    #12186));
#12040 = ORIENTED_EDGE('',*,*,#11952,.F.);
#12041 = ORIENTED_EDGE('',*,*,#12042,.T.);
#12042 = EDGE_CURVE('',#11953,#12043,#12045,.T.);
#12043 = VERTEX_POINT('',#12044);
#12044 = CARTESIAN_POINT('',(-65.,53.,471.34589803375));
#12045 = SURFACE_CURVE('',#12046,(#12050,#12056),.PCURVE_S1.);
#12046 = LINE('',#12047,#12048);
#12047 = CARTESIAN_POINT('',(-65.,17.,471.34589803375));
#12048 = VECTOR('',#12049,1.);
#12049 = DIRECTION('',(0.,1.,0.));
#12050 = PCURVE('',#11975,#12051);
#12051 = DEFINITIONAL_REPRESENTATION('',(#12052),#12055);
#12052 = B_SPLINE_CURVE_WITH_KNOTS('',1,(#12053,#12054),.UNSPECIFIED.,
  .F.,.F.,(2,2),(-5.999999999062E-07,36.1000006),
  .PIECEWISE_BEZIER_KNOTS.);
#12053 = CARTESIAN_POINT('',(45.34589803375,1.0000006));
#12054 = CARTESIAN_POINT('',(45.34589803375,-35.1000006));
#12055 = ( GEOMETRIC_REPRESENTATION_CONTEXT(2) 
PARAMETRIC_REPRESENTATION_CONTEXT() REPRESENTATION_CONTEXT('2D SPACE',''
  ) );
#12056 = PCURVE('',#12004,#12057);
#12057 = DEFINITIONAL_REPRESENTATION('',(#12058),#12061);
#12058 = B_SPLINE_CURVE_WITH_KNOTS('',1,(#12059,#12060),.UNSPECIFIED.,
  .F.,.F.,(2,2),(-5.999999999062E-07,36.1000006),
  .PIECEWISE_BEZIER_KNOTS.);
#12059 = CARTESIAN_POINT('',(2.411864997363,-5.999999999062E-07));
#12060 = CARTESIAN_POINT('',(2.411864997363,36.1000006));
#12061 = ( GEOMETRIC_REPRESENTATION_CONTEXT(2) 
PARAMETRIC_REPRESENTATION_CONTEXT() REPRESENTATION_CONTEXT('2D SPACE',''
  ) );
#12062 = ORIENTED_EDGE('',*,*,#12063,.T.);
#12063 = EDGE_CURVE('',#12043,#12064,#12066,.T.);
#12064 = VERTEX_POINT('',#12065);
#12065 = CARTESIAN_POINT('',(-65.,53.,472.05424868894));
#12066 = SURFACE_CURVE('',#12067,(#12071,#12078),.PCURVE_S1.);
#12067 = LINE('',#12068,#12069);
#12068 = CARTESIAN_POINT('',(-65.,53.,426.));
#12069 = VECTOR('',#12070,1.);
#12070 = DIRECTION('',(0.,0.,1.));
#12071 = PCURVE('',#11975,#12072);
#12072 = DEFINITIONAL_REPRESENTATION('',(#12073),#12077);
#12073 = LINE('',#12074,#12075);
#12074 = CARTESIAN_POINT('',(0.,-35.));
#12075 = VECTOR('',#12076,1.);
#12076 = DIRECTION('',(1.,0.));
#12077 = ( GEOMETRIC_REPRESENTATION_CONTEXT(2) 
PARAMETRIC_REPRESENTATION_CONTEXT() REPRESENTATION_CONTEXT('2D SPACE',''
  ) );
#12078 = PCURVE('',#12079,#12084);
#12079 = PLANE('',#12080);
#12080 = AXIS2_PLACEMENT_3D('',#12081,#12082,#12083);
#12081 = CARTESIAN_POINT('',(-75.,53.,426.));
#12082 = DIRECTION('',(0.,1.,0.));
#12083 = DIRECTION('',(0.,0.,1.));
#12084 = DEFINITIONAL_REPRESENTATION('',(#12085),#12089);
#12085 = LINE('',#12086,#12087);
#12086 = CARTESIAN_POINT('',(0.,10.));
#12087 = VECTOR('',#12088,1.);
#12088 = DIRECTION('',(1.,0.));
#12089 = ( GEOMETRIC_REPRESENTATION_CONTEXT(2) 
PARAMETRIC_REPRESENTATION_CONTEXT() REPRESENTATION_CONTEXT('2D SPACE',''
  ) );
#12090 = ORIENTED_EDGE('',*,*,#12091,.F.);
#12091 = EDGE_CURVE('',#12092,#12064,#12094,.T.);
#12092 = VERTEX_POINT('',#12093);
#12093 = CARTESIAN_POINT('',(-65.,52.5,472.05424868893));
#12094 = SURFACE_CURVE('',#12095,(#12099,#12105),.PCURVE_S1.);
#12095 = LINE('',#12096,#12097);
#12096 = CARTESIAN_POINT('',(-65.,52.5,472.05424868893));
#12097 = VECTOR('',#12098,1.);
#12098 = DIRECTION('',(0.,1.,0.));
#12099 = PCURVE('',#11975,#12100);
#12100 = DEFINITIONAL_REPRESENTATION('',(#12101),#12104);
#12101 = B_SPLINE_CURVE_WITH_KNOTS('',1,(#12102,#12103),.UNSPECIFIED.,
  .F.,.F.,(2,2),(-5.999999999062E-07,4.),.PIECEWISE_BEZIER_KNOTS.);
#12102 = CARTESIAN_POINT('',(46.054248688935,-34.4999994));
#12103 = CARTESIAN_POINT('',(46.054248688935,-38.5));
#12104 = ( GEOMETRIC_REPRESENTATION_CONTEXT(2) 
PARAMETRIC_REPRESENTATION_CONTEXT() REPRESENTATION_CONTEXT('2D SPACE',''
  ) );
#12105 = PCURVE('',#12106,#12111);
#12106 = CYLINDRICAL_SURFACE('',#12107,4.);
#12107 = AXIS2_PLACEMENT_3D('',#12108,#12109,#12110);
#12108 = CARTESIAN_POINT('',(-68.,52.5,474.7));
#12109 = DIRECTION('',(0.,1.,0.));
#12110 = DIRECTION('',(0.,-0.,1.));
#12111 = DEFINITIONAL_REPRESENTATION('',(#12112),#12115);
#12112 = B_SPLINE_CURVE_WITH_KNOTS('',1,(#12113,#12114),.UNSPECIFIED.,
  .F.,.F.,(2,2),(-5.999999999062E-07,4.),.PIECEWISE_BEZIER_KNOTS.);
#12113 = CARTESIAN_POINT('',(2.293530574608,-5.999999999062E-07));
#12114 = CARTESIAN_POINT('',(2.293530574608,4.));
#12115 = ( GEOMETRIC_REPRESENTATION_CONTEXT(2) 
PARAMETRIC_REPRESENTATION_CONTEXT() REPRESENTATION_CONTEXT('2D SPACE',''
  ) );
#12116 = ORIENTED_EDGE('',*,*,#12117,.T.);
#12117 = EDGE_CURVE('',#12092,#12118,#12120,.T.);
#12118 = VERTEX_POINT('',#12119);
#12119 = CARTESIAN_POINT('',(-65.,52.5,477.34575131106));
#12120 = SURFACE_CURVE('',#12121,(#12125,#12131),.PCURVE_S1.);
#12121 = LINE('',#12122,#12123);
#12122 = CARTESIAN_POINT('',(-65.,52.5,450.35));
#12123 = VECTOR('',#12124,1.);
#12124 = DIRECTION('',(0.,0.,1.));
#12125 = PCURVE('',#11975,#12126);
#12126 = DEFINITIONAL_REPRESENTATION('',(#12127),#12130);
#12127 = B_SPLINE_CURVE_WITH_KNOTS('',1,(#12128,#12129),.UNSPECIFIED.,
  .F.,.F.,(2,2),(20.35,28.35),.PIECEWISE_BEZIER_KNOTS.);
#12128 = CARTESIAN_POINT('',(44.7,-34.5));
#12129 = CARTESIAN_POINT('',(52.7,-34.5));
#12130 = ( GEOMETRIC_REPRESENTATION_CONTEXT(2) 
PARAMETRIC_REPRESENTATION_CONTEXT() REPRESENTATION_CONTEXT('2D SPACE',''
  ) );
#12131 = PCURVE('',#12132,#12137);
#12132 = PLANE('',#12133);
#12133 = AXIS2_PLACEMENT_3D('',#12134,#12135,#12136);
#12134 = CARTESIAN_POINT('',(-68.,52.5,474.7));
#12135 = DIRECTION('',(0.,1.,0.));
#12136 = DIRECTION('',(0.,-0.,1.));
#12137 = DEFINITIONAL_REPRESENTATION('',(#12138),#12141);
#12138 = B_SPLINE_CURVE_WITH_KNOTS('',1,(#12139,#12140),.UNSPECIFIED.,
  .F.,.F.,(2,2),(20.35,28.35),.PIECEWISE_BEZIER_KNOTS.);
#12139 = CARTESIAN_POINT('',(-4.,3.));
#12140 = CARTESIAN_POINT('',(4.,3.));
#12141 = ( GEOMETRIC_REPRESENTATION_CONTEXT(2) 
PARAMETRIC_REPRESENTATION_CONTEXT() REPRESENTATION_CONTEXT('2D SPACE',''
  ) );
#12142 = ORIENTED_EDGE('',*,*,#12143,.T.);
#12143 = EDGE_CURVE('',#12118,#12144,#12146,.T.);
#12144 = VERTEX_POINT('',#12145);
#12145 = CARTESIAN_POINT('',(-65.,53.,477.34575131105));
#12146 = SURFACE_CURVE('',#12147,(#12151,#12157),.PCURVE_S1.);
#12147 = LINE('',#12148,#12149);
#12148 = CARTESIAN_POINT('',(-65.,52.5,477.34575131106));
#12149 = VECTOR('',#12150,1.);
#12150 = DIRECTION('',(0.,1.,0.));
#12151 = PCURVE('',#11975,#12152);
#12152 = DEFINITIONAL_REPRESENTATION('',(#12153),#12156);
#12153 = B_SPLINE_CURVE_WITH_KNOTS('',1,(#12154,#12155),.UNSPECIFIED.,
  .F.,.F.,(2,2),(-5.999999999062E-07,4.),.PIECEWISE_BEZIER_KNOTS.);
#12154 = CARTESIAN_POINT('',(51.345751311065,-34.4999994));
#12155 = CARTESIAN_POINT('',(51.345751311065,-38.5));
#12156 = ( GEOMETRIC_REPRESENTATION_CONTEXT(2) 
PARAMETRIC_REPRESENTATION_CONTEXT() REPRESENTATION_CONTEXT('2D SPACE',''
  ) );
#12157 = PCURVE('',#12106,#12158);
#12158 = DEFINITIONAL_REPRESENTATION('',(#12159),#12162);
#12159 = B_SPLINE_CURVE_WITH_KNOTS('',1,(#12160,#12161),.UNSPECIFIED.,
  .F.,.F.,(2,2),(-5.999999999062E-07,4.),.PIECEWISE_BEZIER_KNOTS.);
#12160 = CARTESIAN_POINT('',(0.848062078981,-5.999999999062E-07));
#12161 = CARTESIAN_POINT('',(0.848062078981,4.));
#12162 = ( GEOMETRIC_REPRESENTATION_CONTEXT(2) 
PARAMETRIC_REPRESENTATION_CONTEXT() REPRESENTATION_CONTEXT('2D SPACE',''
  ) );
#12163 = ORIENTED_EDGE('',*,*,#12164,.T.);
#12164 = EDGE_CURVE('',#12144,#12165,#12167,.T.);
#12165 = VERTEX_POINT('',#12166);
#12166 = CARTESIAN_POINT('',(-65.,53.,478.05410196624));
#12167 = SURFACE_CURVE('',#12168,(#12172,#12179),.PCURVE_S1.);
#12168 = LINE('',#12169,#12170);
#12169 = CARTESIAN_POINT('',(-65.,53.,426.));
#12170 = VECTOR('',#12171,1.);
#12171 = DIRECTION('',(0.,0.,1.));
#12172 = PCURVE('',#11975,#12173);
#12173 = DEFINITIONAL_REPRESENTATION('',(#12174),#12178);
#12174 = LINE('',#12175,#12176);
#12175 = CARTESIAN_POINT('',(0.,-35.));
#12176 = VECTOR('',#12177,1.);
#12177 = DIRECTION('',(1.,0.));
#12178 = ( GEOMETRIC_REPRESENTATION_CONTEXT(2) 
PARAMETRIC_REPRESENTATION_CONTEXT() REPRESENTATION_CONTEXT('2D SPACE',''
  ) );
#12179 = PCURVE('',#12079,#12180);
#12180 = DEFINITIONAL_REPRESENTATION('',(#12181),#12185);
#12181 = LINE('',#12182,#12183);
#12182 = CARTESIAN_POINT('',(0.,10.));
#12183 = VECTOR('',#12184,1.);
#12184 = DIRECTION('',(1.,0.));
#12185 = ( GEOMETRIC_REPRESENTATION_CONTEXT(2) 
PARAMETRIC_REPRESENTATION_CONTEXT() REPRESENTATION_CONTEXT('2D SPACE',''
  ) );
#12186 = ORIENTED_EDGE('',*,*,#12187,.F.);
#12187 = EDGE_CURVE('',#11955,#12165,#12188,.T.);
#12188 = SURFACE_CURVE('',#12189,(#12193,#12199),.PCURVE_S1.);
#12189 = LINE('',#12190,#12191);
#12190 = CARTESIAN_POINT('',(-65.,17.,478.05410196625));
#12191 = VECTOR('',#12192,1.);
#12192 = DIRECTION('',(0.,1.,0.));
#12193 = PCURVE('',#11975,#12194);
#12194 = DEFINITIONAL_REPRESENTATION('',(#12195),#12198);
#12195 = B_SPLINE_CURVE_WITH_KNOTS('',1,(#12196,#12197),.UNSPECIFIED.,
  .F.,.F.,(2,2),(-5.999999999062E-07,36.1000006),
  .PIECEWISE_BEZIER_KNOTS.);
#12196 = CARTESIAN_POINT('',(52.05410196625,1.0000006));
#12197 = CARTESIAN_POINT('',(52.05410196625,-35.1000006));
#12198 = ( GEOMETRIC_REPRESENTATION_CONTEXT(2) 
PARAMETRIC_REPRESENTATION_CONTEXT() REPRESENTATION_CONTEXT('2D SPACE',''
  ) );
#12199 = PCURVE('',#12004,#12200);
#12200 = DEFINITIONAL_REPRESENTATION('',(#12201),#12204);
#12201 = B_SPLINE_CURVE_WITH_KNOTS('',1,(#12202,#12203),.UNSPECIFIED.,
  .F.,.F.,(2,2),(-5.999999999062E-07,36.1000006),
  .PIECEWISE_BEZIER_KNOTS.);
#12202 = CARTESIAN_POINT('',(0.729727656227,-5.999999999062E-07));
#12203 = CARTESIAN_POINT('',(0.729727656227,36.1000006));
#12204 = ( GEOMETRIC_REPRESENTATION_CONTEXT(2) 
PARAMETRIC_REPRESENTATION_CONTEXT() REPRESENTATION_CONTEXT('2D SPACE',''
  ) );
#12205 = ADVANCED_FACE('',(#12206),#12004,.T.);
#12206 = FACE_BOUND('',#12207,.T.);
#12207 = EDGE_LOOP('',(#12208,#12231,#12258,#12259,#12260,#12261,#12283,
    #12284));
#12208 = ORIENTED_EDGE('',*,*,#12209,.T.);
#12209 = EDGE_CURVE('',#11988,#12210,#12212,.T.);
#12210 = VERTEX_POINT('',#12211);
#12211 = CARTESIAN_POINT('',(-68.,53.1,479.2));
#12212 = SEAM_CURVE('',#12213,(#12217,#12224),.PCURVE_S1.);
#12213 = LINE('',#12214,#12215);
#12214 = CARTESIAN_POINT('',(-68.,17.,479.2));
#12215 = VECTOR('',#12216,1.);
#12216 = DIRECTION('',(0.,1.,0.));
#12217 = PCURVE('',#12004,#12218);
#12218 = DEFINITIONAL_REPRESENTATION('',(#12219),#12223);
#12219 = LINE('',#12220,#12221);
#12220 = CARTESIAN_POINT('',(6.28318530718,-0.));
#12221 = VECTOR('',#12222,1.);
#12222 = DIRECTION('',(0.,1.));
#12223 = ( GEOMETRIC_REPRESENTATION_CONTEXT(2) 
PARAMETRIC_REPRESENTATION_CONTEXT() REPRESENTATION_CONTEXT('2D SPACE',''
  ) );
#12224 = PCURVE('',#12004,#12225);
#12225 = DEFINITIONAL_REPRESENTATION('',(#12226),#12230);
#12226 = LINE('',#12227,#12228);
#12227 = CARTESIAN_POINT('',(0.,-0.));
#12228 = VECTOR('',#12229,1.);
#12229 = DIRECTION('',(0.,1.));
#12230 = ( GEOMETRIC_REPRESENTATION_CONTEXT(2) 
PARAMETRIC_REPRESENTATION_CONTEXT() REPRESENTATION_CONTEXT('2D SPACE',''
  ) );
#12231 = ORIENTED_EDGE('',*,*,#12232,.F.);
#12232 = EDGE_CURVE('',#12210,#12210,#12233,.T.);
#12233 = SURFACE_CURVE('',#12234,(#12239,#12246),.PCURVE_S1.);
#12234 = CIRCLE('',#12235,4.5);
#12235 = AXIS2_PLACEMENT_3D('',#12236,#12237,#12238);
#12236 = CARTESIAN_POINT('',(-68.,53.1,474.7));
#12237 = DIRECTION('',(0.,1.,0.));
#12238 = DIRECTION('',(0.,-0.,1.));
#12239 = PCURVE('',#12004,#12240);
#12240 = DEFINITIONAL_REPRESENTATION('',(#12241),#12245);
#12241 = LINE('',#12242,#12243);
#12242 = CARTESIAN_POINT('',(0.,36.1));
#12243 = VECTOR('',#12244,1.);
#12244 = DIRECTION('',(1.,0.));
#12245 = ( GEOMETRIC_REPRESENTATION_CONTEXT(2) 
PARAMETRIC_REPRESENTATION_CONTEXT() REPRESENTATION_CONTEXT('2D SPACE',''
  ) );
#12246 = PCURVE('',#12247,#12252);
#12247 = PLANE('',#12248);
#12248 = AXIS2_PLACEMENT_3D('',#12249,#12250,#12251);
#12249 = CARTESIAN_POINT('',(-68.,53.1,474.7));
#12250 = DIRECTION('',(0.,1.,0.));
#12251 = DIRECTION('',(0.,-0.,1.));
#12252 = DEFINITIONAL_REPRESENTATION('',(#12253),#12257);
#12253 = CIRCLE('',#12254,4.5);
#12254 = AXIS2_PLACEMENT_2D('',#12255,#12256);
#12255 = CARTESIAN_POINT('',(0.,0.));
#12256 = DIRECTION('',(1.,0.));
#12257 = ( GEOMETRIC_REPRESENTATION_CONTEXT(2) 
PARAMETRIC_REPRESENTATION_CONTEXT() REPRESENTATION_CONTEXT('2D SPACE',''
  ) );
#12258 = ORIENTED_EDGE('',*,*,#12209,.F.);
#12259 = ORIENTED_EDGE('',*,*,#12016,.T.);
#12260 = ORIENTED_EDGE('',*,*,#12187,.T.);
#12261 = ORIENTED_EDGE('',*,*,#12262,.T.);
#12262 = EDGE_CURVE('',#12165,#12043,#12263,.T.);
#12263 = SURFACE_CURVE('',#12264,(#12269,#12276),.PCURVE_S1.);
#12264 = CIRCLE('',#12265,4.5);
#12265 = AXIS2_PLACEMENT_3D('',#12266,#12267,#12268);
#12266 = CARTESIAN_POINT('',(-68.,53.,474.7));
#12267 = DIRECTION('',(0.,1.,0.));
#12268 = DIRECTION('',(0.,-0.,1.));
#12269 = PCURVE('',#12004,#12270);
#12270 = DEFINITIONAL_REPRESENTATION('',(#12271),#12275);
#12271 = LINE('',#12272,#12273);
#12272 = CARTESIAN_POINT('',(0.,36.));
#12273 = VECTOR('',#12274,1.);
#12274 = DIRECTION('',(1.,0.));
#12275 = ( GEOMETRIC_REPRESENTATION_CONTEXT(2) 
PARAMETRIC_REPRESENTATION_CONTEXT() REPRESENTATION_CONTEXT('2D SPACE',''
  ) );
#12276 = PCURVE('',#12079,#12277);
#12277 = DEFINITIONAL_REPRESENTATION('',(#12278),#12282);
#12278 = CIRCLE('',#12279,4.5);
#12279 = AXIS2_PLACEMENT_2D('',#12280,#12281);
#12280 = CARTESIAN_POINT('',(48.7,7.));
#12281 = DIRECTION('',(1.,0.));
#12282 = ( GEOMETRIC_REPRESENTATION_CONTEXT(2) 
PARAMETRIC_REPRESENTATION_CONTEXT() REPRESENTATION_CONTEXT('2D SPACE',''
  ) );
#12283 = ORIENTED_EDGE('',*,*,#12042,.F.);
#12284 = ORIENTED_EDGE('',*,*,#11987,.T.);
#12285 = ADVANCED_FACE('',(#12286),#12079,.F.);
#12286 = FACE_BOUND('',#12287,.F.);
#12287 = EDGE_LOOP('',(#12288,#12289,#12290,#12312));
#12288 = ORIENTED_EDGE('',*,*,#12262,.T.);
#12289 = ORIENTED_EDGE('',*,*,#12063,.T.);
#12290 = ORIENTED_EDGE('',*,*,#12291,.F.);
#12291 = EDGE_CURVE('',#12144,#12064,#12292,.T.);
#12292 = SURFACE_CURVE('',#12293,(#12298,#12305),.PCURVE_S1.);
#12293 = CIRCLE('',#12294,4.);
#12294 = AXIS2_PLACEMENT_3D('',#12295,#12296,#12297);
#12295 = CARTESIAN_POINT('',(-68.,53.,474.7));
#12296 = DIRECTION('',(0.,1.,0.));
#12297 = DIRECTION('',(0.,-0.,1.));
#12298 = PCURVE('',#12079,#12299);
#12299 = DEFINITIONAL_REPRESENTATION('',(#12300),#12304);
#12300 = CIRCLE('',#12301,4.);
#12301 = AXIS2_PLACEMENT_2D('',#12302,#12303);
#12302 = CARTESIAN_POINT('',(48.7,7.));
#12303 = DIRECTION('',(1.,0.));
#12304 = ( GEOMETRIC_REPRESENTATION_CONTEXT(2) 
PARAMETRIC_REPRESENTATION_CONTEXT() REPRESENTATION_CONTEXT('2D SPACE',''
  ) );
#12305 = PCURVE('',#12106,#12306);
#12306 = DEFINITIONAL_REPRESENTATION('',(#12307),#12311);
#12307 = LINE('',#12308,#12309);
#12308 = CARTESIAN_POINT('',(0.,0.5));
#12309 = VECTOR('',#12310,1.);
#12310 = DIRECTION('',(1.,0.));
#12311 = ( GEOMETRIC_REPRESENTATION_CONTEXT(2) 
PARAMETRIC_REPRESENTATION_CONTEXT() REPRESENTATION_CONTEXT('2D SPACE',''
  ) );
#12312 = ORIENTED_EDGE('',*,*,#12164,.T.);
#12313 = ADVANCED_FACE('',(#12314),#12106,.F.);
#12314 = FACE_BOUND('',#12315,.F.);
#12315 = EDGE_LOOP('',(#12316,#12340,#12363,#12390,#12391,#12413,#12414,
    #12415));
#12316 = ORIENTED_EDGE('',*,*,#12317,.T.);
#12317 = EDGE_CURVE('',#12092,#12318,#12320,.T.);
#12318 = VERTEX_POINT('',#12319);
#12319 = CARTESIAN_POINT('',(-68.,52.5,478.7));
#12320 = SURFACE_CURVE('',#12321,(#12326,#12333),.PCURVE_S1.);
#12321 = CIRCLE('',#12322,4.);
#12322 = AXIS2_PLACEMENT_3D('',#12323,#12324,#12325);
#12323 = CARTESIAN_POINT('',(-68.,52.5,474.7));
#12324 = DIRECTION('',(0.,1.,0.));
#12325 = DIRECTION('',(0.,-0.,1.));
#12326 = PCURVE('',#12106,#12327);
#12327 = DEFINITIONAL_REPRESENTATION('',(#12328),#12332);
#12328 = LINE('',#12329,#12330);
#12329 = CARTESIAN_POINT('',(0.,0.));
#12330 = VECTOR('',#12331,1.);
#12331 = DIRECTION('',(1.,0.));
#12332 = ( GEOMETRIC_REPRESENTATION_CONTEXT(2) 
PARAMETRIC_REPRESENTATION_CONTEXT() REPRESENTATION_CONTEXT('2D SPACE',''
  ) );
#12333 = PCURVE('',#12132,#12334);
#12334 = DEFINITIONAL_REPRESENTATION('',(#12335),#12339);
#12335 = CIRCLE('',#12336,4.);
#12336 = AXIS2_PLACEMENT_2D('',#12337,#12338);
#12337 = CARTESIAN_POINT('',(0.,0.));
#12338 = DIRECTION('',(1.,0.));
#12339 = ( GEOMETRIC_REPRESENTATION_CONTEXT(2) 
PARAMETRIC_REPRESENTATION_CONTEXT() REPRESENTATION_CONTEXT('2D SPACE',''
  ) );
#12340 = ORIENTED_EDGE('',*,*,#12341,.T.);
#12341 = EDGE_CURVE('',#12318,#12342,#12344,.T.);
#12342 = VERTEX_POINT('',#12343);
#12343 = CARTESIAN_POINT('',(-68.,53.1,478.7));
#12344 = SEAM_CURVE('',#12345,(#12349,#12356),.PCURVE_S1.);
#12345 = LINE('',#12346,#12347);
#12346 = CARTESIAN_POINT('',(-68.,52.5,478.7));
#12347 = VECTOR('',#12348,1.);
#12348 = DIRECTION('',(0.,1.,0.));
#12349 = PCURVE('',#12106,#12350);
#12350 = DEFINITIONAL_REPRESENTATION('',(#12351),#12355);
#12351 = LINE('',#12352,#12353);
#12352 = CARTESIAN_POINT('',(0.,-0.));
#12353 = VECTOR('',#12354,1.);
#12354 = DIRECTION('',(0.,1.));
#12355 = ( GEOMETRIC_REPRESENTATION_CONTEXT(2) 
PARAMETRIC_REPRESENTATION_CONTEXT() REPRESENTATION_CONTEXT('2D SPACE',''
  ) );
#12356 = PCURVE('',#12106,#12357);
#12357 = DEFINITIONAL_REPRESENTATION('',(#12358),#12362);
#12358 = LINE('',#12359,#12360);
#12359 = CARTESIAN_POINT('',(6.28318530718,-0.));
#12360 = VECTOR('',#12361,1.);
#12361 = DIRECTION('',(0.,1.));
#12362 = ( GEOMETRIC_REPRESENTATION_CONTEXT(2) 
PARAMETRIC_REPRESENTATION_CONTEXT() REPRESENTATION_CONTEXT('2D SPACE',''
  ) );
#12363 = ORIENTED_EDGE('',*,*,#12364,.F.);
#12364 = EDGE_CURVE('',#12342,#12342,#12365,.T.);
#12365 = SURFACE_CURVE('',#12366,(#12371,#12378),.PCURVE_S1.);
#12366 = CIRCLE('',#12367,4.);
#12367 = AXIS2_PLACEMENT_3D('',#12368,#12369,#12370);
#12368 = CARTESIAN_POINT('',(-68.,53.1,474.7));
#12369 = DIRECTION('',(0.,1.,0.));
#12370 = DIRECTION('',(0.,-0.,1.));
#12371 = PCURVE('',#12106,#12372);
#12372 = DEFINITIONAL_REPRESENTATION('',(#12373),#12377);
#12373 = LINE('',#12374,#12375);
#12374 = CARTESIAN_POINT('',(0.,0.6));
#12375 = VECTOR('',#12376,1.);
#12376 = DIRECTION('',(1.,0.));
#12377 = ( GEOMETRIC_REPRESENTATION_CONTEXT(2) 
PARAMETRIC_REPRESENTATION_CONTEXT() REPRESENTATION_CONTEXT('2D SPACE',''
  ) );
#12378 = PCURVE('',#12379,#12384);
#12379 = CYLINDRICAL_SURFACE('',#12380,4.);
#12380 = AXIS2_PLACEMENT_3D('',#12381,#12382,#12383);
#12381 = CARTESIAN_POINT('',(-68.,52.5,474.7));
#12382 = DIRECTION('',(0.,1.,0.));
#12383 = DIRECTION('',(0.,-0.,1.));
#12384 = DEFINITIONAL_REPRESENTATION('',(#12385),#12389);
#12385 = LINE('',#12386,#12387);
#12386 = CARTESIAN_POINT('',(0.,0.6));
#12387 = VECTOR('',#12388,1.);
#12388 = DIRECTION('',(1.,0.));
#12389 = ( GEOMETRIC_REPRESENTATION_CONTEXT(2) 
PARAMETRIC_REPRESENTATION_CONTEXT() REPRESENTATION_CONTEXT('2D SPACE',''
  ) );
#12390 = ORIENTED_EDGE('',*,*,#12341,.F.);
#12391 = ORIENTED_EDGE('',*,*,#12392,.T.);
#12392 = EDGE_CURVE('',#12318,#12118,#12393,.T.);
#12393 = SURFACE_CURVE('',#12394,(#12399,#12406),.PCURVE_S1.);
#12394 = CIRCLE('',#12395,4.);
#12395 = AXIS2_PLACEMENT_3D('',#12396,#12397,#12398);
#12396 = CARTESIAN_POINT('',(-68.,52.5,474.7));
#12397 = DIRECTION('',(0.,1.,0.));
#12398 = DIRECTION('',(0.,-0.,1.));
#12399 = PCURVE('',#12106,#12400);
#12400 = DEFINITIONAL_REPRESENTATION('',(#12401),#12405);
#12401 = LINE('',#12402,#12403);
#12402 = CARTESIAN_POINT('',(0.,0.));
#12403 = VECTOR('',#12404,1.);
#12404 = DIRECTION('',(1.,0.));
#12405 = ( GEOMETRIC_REPRESENTATION_CONTEXT(2) 
PARAMETRIC_REPRESENTATION_CONTEXT() REPRESENTATION_CONTEXT('2D SPACE',''
  ) );
#12406 = PCURVE('',#12132,#12407);
#12407 = DEFINITIONAL_REPRESENTATION('',(#12408),#12412);
#12408 = CIRCLE('',#12409,4.);
#12409 = AXIS2_PLACEMENT_2D('',#12410,#12411);
#12410 = CARTESIAN_POINT('',(0.,0.));
#12411 = DIRECTION('',(1.,0.));
#12412 = ( GEOMETRIC_REPRESENTATION_CONTEXT(2) 
PARAMETRIC_REPRESENTATION_CONTEXT() REPRESENTATION_CONTEXT('2D SPACE',''
  ) );
#12413 = ORIENTED_EDGE('',*,*,#12143,.T.);
#12414 = ORIENTED_EDGE('',*,*,#12291,.T.);
#12415 = ORIENTED_EDGE('',*,*,#12091,.F.);
#12416 = ADVANCED_FACE('',(#12417),#12379,.F.);
#12417 = FACE_BOUND('',#12418,.F.);
#12418 = EDGE_LOOP('',(#12419,#12420,#12443,#12470));
#12419 = ORIENTED_EDGE('',*,*,#12364,.T.);
#12420 = ORIENTED_EDGE('',*,*,#12421,.T.);
#12421 = EDGE_CURVE('',#12342,#12422,#12424,.T.);
#12422 = VERTEX_POINT('',#12423);
#12423 = CARTESIAN_POINT('',(-68.,57.5,478.7));
#12424 = SEAM_CURVE('',#12425,(#12429,#12436),.PCURVE_S1.);
#12425 = LINE('',#12426,#12427);
#12426 = CARTESIAN_POINT('',(-68.,52.5,478.7));
#12427 = VECTOR('',#12428,1.);
#12428 = DIRECTION('',(0.,1.,0.));
#12429 = PCURVE('',#12379,#12430);
#12430 = DEFINITIONAL_REPRESENTATION('',(#12431),#12435);
#12431 = LINE('',#12432,#12433);
#12432 = CARTESIAN_POINT('',(0.,-0.));
#12433 = VECTOR('',#12434,1.);
#12434 = DIRECTION('',(0.,1.));
#12435 = ( GEOMETRIC_REPRESENTATION_CONTEXT(2) 
PARAMETRIC_REPRESENTATION_CONTEXT() REPRESENTATION_CONTEXT('2D SPACE',''
  ) );
#12436 = PCURVE('',#12379,#12437);
#12437 = DEFINITIONAL_REPRESENTATION('',(#12438),#12442);
#12438 = LINE('',#12439,#12440);
#12439 = CARTESIAN_POINT('',(6.28318530718,-0.));
#12440 = VECTOR('',#12441,1.);
#12441 = DIRECTION('',(0.,1.));
#12442 = ( GEOMETRIC_REPRESENTATION_CONTEXT(2) 
PARAMETRIC_REPRESENTATION_CONTEXT() REPRESENTATION_CONTEXT('2D SPACE',''
  ) );
#12443 = ORIENTED_EDGE('',*,*,#12444,.F.);
#12444 = EDGE_CURVE('',#12422,#12422,#12445,.T.);
#12445 = SURFACE_CURVE('',#12446,(#12451,#12458),.PCURVE_S1.);
#12446 = CIRCLE('',#12447,4.);
#12447 = AXIS2_PLACEMENT_3D('',#12448,#12449,#12450);
#12448 = CARTESIAN_POINT('',(-68.,57.5,474.7));
#12449 = DIRECTION('',(0.,1.,0.));
#12450 = DIRECTION('',(0.,-0.,1.));
#12451 = PCURVE('',#12379,#12452);
#12452 = DEFINITIONAL_REPRESENTATION('',(#12453),#12457);
#12453 = LINE('',#12454,#12455);
#12454 = CARTESIAN_POINT('',(0.,5.));
#12455 = VECTOR('',#12456,1.);
#12456 = DIRECTION('',(1.,0.));
#12457 = ( GEOMETRIC_REPRESENTATION_CONTEXT(2) 
PARAMETRIC_REPRESENTATION_CONTEXT() REPRESENTATION_CONTEXT('2D SPACE',''
  ) );
#12458 = PCURVE('',#12459,#12464);
#12459 = PLANE('',#12460);
#12460 = AXIS2_PLACEMENT_3D('',#12461,#12462,#12463);
#12461 = CARTESIAN_POINT('',(-68.,57.5,474.7));
#12462 = DIRECTION('',(0.,1.,0.));
#12463 = DIRECTION('',(0.,-0.,1.));
#12464 = DEFINITIONAL_REPRESENTATION('',(#12465),#12469);
#12465 = CIRCLE('',#12466,4.);
#12466 = AXIS2_PLACEMENT_2D('',#12467,#12468);
#12467 = CARTESIAN_POINT('',(0.,0.));
#12468 = DIRECTION('',(1.,0.));
#12469 = ( GEOMETRIC_REPRESENTATION_CONTEXT(2) 
PARAMETRIC_REPRESENTATION_CONTEXT() REPRESENTATION_CONTEXT('2D SPACE',''
  ) );
#12470 = ORIENTED_EDGE('',*,*,#12421,.F.);
#12471 = ADVANCED_FACE('',(#12472,#12477),#12132,.T.);
#12472 = FACE_BOUND('',#12473,.T.);
#12473 = EDGE_LOOP('',(#12474,#12475,#12476));
#12474 = ORIENTED_EDGE('',*,*,#12317,.T.);
#12475 = ORIENTED_EDGE('',*,*,#12392,.T.);
#12476 = ORIENTED_EDGE('',*,*,#12117,.F.);
#12477 = FACE_BOUND('',#12478,.T.);
#12478 = EDGE_LOOP('',(#12479));
#12479 = ORIENTED_EDGE('',*,*,#12480,.F.);
#12480 = EDGE_CURVE('',#12481,#12481,#12483,.T.);
#12481 = VERTEX_POINT('',#12482);
#12482 = CARTESIAN_POINT('',(-68.,52.5,476.95));
#12483 = SURFACE_CURVE('',#12484,(#12489,#12496),.PCURVE_S1.);
#12484 = CIRCLE('',#12485,2.25);
#12485 = AXIS2_PLACEMENT_3D('',#12486,#12487,#12488);
#12486 = CARTESIAN_POINT('',(-68.,52.5,474.7));
#12487 = DIRECTION('',(0.,1.,0.));
#12488 = DIRECTION('',(0.,-0.,1.));
#12489 = PCURVE('',#12132,#12490);
#12490 = DEFINITIONAL_REPRESENTATION('',(#12491),#12495);
#12491 = CIRCLE('',#12492,2.25);
#12492 = AXIS2_PLACEMENT_2D('',#12493,#12494);
#12493 = CARTESIAN_POINT('',(0.,0.));
#12494 = DIRECTION('',(1.,0.));
#12495 = ( GEOMETRIC_REPRESENTATION_CONTEXT(2) 
PARAMETRIC_REPRESENTATION_CONTEXT() REPRESENTATION_CONTEXT('2D SPACE',''
  ) );
#12496 = PCURVE('',#12497,#12502);
#12497 = PLANE('',#12498);
#12498 = AXIS2_PLACEMENT_3D('',#12499,#12500,#12501);
#12499 = CARTESIAN_POINT('',(-68.,52.5,474.7));
#12500 = DIRECTION('',(0.,1.,0.));
#12501 = DIRECTION('',(0.,-0.,1.));
#12502 = DEFINITIONAL_REPRESENTATION('',(#12503),#12507);
#12503 = CIRCLE('',#12504,2.25);
#12504 = AXIS2_PLACEMENT_2D('',#12505,#12506);
#12505 = CARTESIAN_POINT('',(0.,0.));
#12506 = DIRECTION('',(1.,0.));
#12507 = ( GEOMETRIC_REPRESENTATION_CONTEXT(2) 
PARAMETRIC_REPRESENTATION_CONTEXT() REPRESENTATION_CONTEXT('2D SPACE',''
  ) );
#12508 = ADVANCED_FACE('',(#12509),#12497,.T.);
#12509 = FACE_BOUND('',#12510,.F.);
#12510 = EDGE_LOOP('',(#12511));
#12511 = ORIENTED_EDGE('',*,*,#12480,.F.);
#12512 = ADVANCED_FACE('',(#12513,#12516),#12247,.T.);
#12513 = FACE_BOUND('',#12514,.T.);
#12514 = EDGE_LOOP('',(#12515));
#12515 = ORIENTED_EDGE('',*,*,#12232,.T.);
#12516 = FACE_BOUND('',#12517,.T.);
#12517 = EDGE_LOOP('',(#12518));
#12518 = ORIENTED_EDGE('',*,*,#12364,.F.);
#12519 = ADVANCED_FACE('',(#12520),#12523,.T.);
#12520 = FACE_BOUND('',#12521,.T.);
#12521 = EDGE_LOOP('',(#12522));
#12522 = ORIENTED_EDGE('',*,*,#12364,.T.);
#12523 = PLANE('',#12524);
#12524 = AXIS2_PLACEMENT_3D('',#12525,#12526,#12527);
#12525 = CARTESIAN_POINT('',(-68.,53.1,474.7));
#12526 = DIRECTION('',(0.,1.,0.));
#12527 = DIRECTION('',(0.,-0.,1.));
#12528 = ADVANCED_FACE('',(#12529,#12532),#12459,.F.);
#12529 = FACE_BOUND('',#12530,.F.);
#12530 = EDGE_LOOP('',(#12531));
#12531 = ORIENTED_EDGE('',*,*,#12444,.T.);
#12532 = FACE_BOUND('',#12533,.F.);
#12533 = EDGE_LOOP('',(#12534));
#12534 = ORIENTED_EDGE('',*,*,#12535,.F.);
#12535 = EDGE_CURVE('',#12536,#12536,#12538,.T.);
#12536 = VERTEX_POINT('',#12537);
#12537 = CARTESIAN_POINT('',(-68.,57.5,476.95));
#12538 = SURFACE_CURVE('',#12539,(#12544,#12551),.PCURVE_S1.);
#12539 = CIRCLE('',#12540,2.25);
#12540 = AXIS2_PLACEMENT_3D('',#12541,#12542,#12543);
#12541 = CARTESIAN_POINT('',(-68.,57.5,474.7));
#12542 = DIRECTION('',(0.,1.,0.));
#12543 = DIRECTION('',(0.,-0.,1.));
#12544 = PCURVE('',#12459,#12545);
#12545 = DEFINITIONAL_REPRESENTATION('',(#12546),#12550);
#12546 = CIRCLE('',#12547,2.25);
#12547 = AXIS2_PLACEMENT_2D('',#12548,#12549);
#12548 = CARTESIAN_POINT('',(0.,0.));
#12549 = DIRECTION('',(1.,0.));
#12550 = ( GEOMETRIC_REPRESENTATION_CONTEXT(2) 
PARAMETRIC_REPRESENTATION_CONTEXT() REPRESENTATION_CONTEXT('2D SPACE',''
  ) );
#12551 = PCURVE('',#12552,#12557);
#12552 = PLANE('',#12553);
#12553 = AXIS2_PLACEMENT_3D('',#12554,#12555,#12556);
#12554 = CARTESIAN_POINT('',(-68.,57.5,474.7));
#12555 = DIRECTION('',(0.,1.,0.));
#12556 = DIRECTION('',(0.,-0.,1.));
#12557 = DEFINITIONAL_REPRESENTATION('',(#12558),#12562);
#12558 = CIRCLE('',#12559,2.25);
#12559 = AXIS2_PLACEMENT_2D('',#12560,#12561);
#12560 = CARTESIAN_POINT('',(0.,0.));
#12561 = DIRECTION('',(1.,0.));
#12562 = ( GEOMETRIC_REPRESENTATION_CONTEXT(2) 
PARAMETRIC_REPRESENTATION_CONTEXT() REPRESENTATION_CONTEXT('2D SPACE',''
  ) );
#12563 = ADVANCED_FACE('',(#12564),#12552,.F.);
#12564 = FACE_BOUND('',#12565,.F.);
#12565 = EDGE_LOOP('',(#12566));
#12566 = ORIENTED_EDGE('',*,*,#12535,.T.);
#12567 = ( GEOMETRIC_REPRESENTATION_CONTEXT(3) 
GLOBAL_UNCERTAINTY_ASSIGNED_CONTEXT((#12571)) 
GLOBAL_UNIT_ASSIGNED_CONTEXT((#12568,#12569,#12570)) 
REPRESENTATION_CONTEXT('Context #1',
  '3D Context with UNIT and UNCERTAINTY') );
#12568 = ( LENGTH_UNIT() NAMED_UNIT(*) SI_UNIT(.MILLI.,.METRE.) );
#12569 = ( NAMED_UNIT(*) PLANE_ANGLE_UNIT() SI_UNIT($,.RADIAN.) );
#12570 = ( NAMED_UNIT(*) SI_UNIT($,.STERADIAN.) SOLID_ANGLE_UNIT() );
#12571 = UNCERTAINTY_MEASURE_WITH_UNIT(LENGTH_MEASURE(1.E-07),#12568,
  'distance_accuracy_value','confusion accuracy');
#12572 = CONTEXT_DEPENDENT_SHAPE_REPRESENTATION(#12573,#12575);
#12573 = ( REPRESENTATION_RELATIONSHIP('','',#11945,#10) 
REPRESENTATION_RELATIONSHIP_WITH_TRANSFORMATION(#12574) 
SHAPE_REPRESENTATION_RELATIONSHIP() );
#12574 = ITEM_DEFINED_TRANSFORMATION('','',#11,#79);
#12575 = PRODUCT_DEFINITION_SHAPE('Placement','Placement of an item',
  #12576);
#12576 = NEXT_ASSEMBLY_USAGE_OCCURRENCE('22','','',#5,#11940,$);
#12577 = PRODUCT_RELATED_PRODUCT_CATEGORY('part',$,(#11942));
ENDSEC;
END-ISO-10303-21;
