ISO-10303-21;
HEADER;
FILE_DESCRIPTION(('Open CASCADE Model'),'2;1');
FILE_NAME('Open CASCADE Shape Model','2026-09-26T17:12:25',('Author'),(
    'Open CASCADE'),'Open CASCADE STEP processor 7.9','Open CASCADE 7.9'
  ,'Unknown');
FILE_SCHEMA(('AUTOMOTIVE_DESIGN { 1 0 10303 214 1 1 1 1 }'));
ENDSEC;
DATA;
#1 = APPLICATION_PROTOCOL_DEFINITION('international standard',
  'automotive_design',2000,#2);
#2 = APPLICATION_CONTEXT(
  'core data for automotive mechanical design processes');
#3 = SHAPE_DEFINITION_REPRESENTATION(#4,#10);
#4 = PRODUCT_DEFINITION_SHAPE('','',#5);
#5 = PRODUCT_DEFINITION('design','',#6,#9);
#6 = PRODUCT_DEFINITION_FORMATION('','',#7);
#7 = PRODUCT('ML-GAN-001','ML-GAN-001','',(#8));
#8 = PRODUCT_CONTEXT('',#2,'mechanical');
#9 = PRODUCT_DEFINITION_CONTEXT('part definition',#2,'design');
#10 = SHAPE_REPRESENTATION('',(#11,#15),#19);
#11 = AXIS2_PLACEMENT_3D('',#12,#13,#14);
#12 = CARTESIAN_POINT('',(0.,0.,0.));
#13 = DIRECTION('',(0.,0.,1.));
#14 = DIRECTION('',(1.,0.,-0.));
#15 = AXIS2_PLACEMENT_3D('',#16,#17,#18);
#16 = CARTESIAN_POINT('',(0.,0.,0.));
#17 = DIRECTION('',(0.,0.,1.));
#18 = DIRECTION('',(1.,0.,-0.));
#19 = ( GEOMETRIC_REPRESENTATION_CONTEXT(3) 
GLOBAL_UNCERTAINTY_ASSIGNED_CONTEXT((#23)) GLOBAL_UNIT_ASSIGNED_CONTEXT(
(#20,#21,#22)) REPRESENTATION_CONTEXT('Context #1',
  '3D Context with UNIT and UNCERTAINTY') );
#20 = ( LENGTH_UNIT() NAMED_UNIT(*) SI_UNIT(.MILLI.,.METRE.) );
#21 = ( NAMED_UNIT(*) PLANE_ANGLE_UNIT() SI_UNIT($,.RADIAN.) );
#22 = ( NAMED_UNIT(*) SI_UNIT($,.STERADIAN.) SOLID_ANGLE_UNIT() );
#23 = UNCERTAINTY_MEASURE_WITH_UNIT(LENGTH_MEASURE(1.E-07),#20,
  'distance_accuracy_value','confusion accuracy');
#24 = PRODUCT_RELATED_PRODUCT_CATEGORY('part',$,(#7));
#25 = SHAPE_DEFINITION_REPRESENTATION(#26,#32);
#26 = PRODUCT_DEFINITION_SHAPE('','',#27);
#27 = PRODUCT_DEFINITION('design','',#28,#31);
#28 = PRODUCT_DEFINITION_FORMATION('','',#29);
#29 = PRODUCT('beam','beam','',(#30));
#30 = PRODUCT_CONTEXT('',#2,'mechanical');
#31 = PRODUCT_DEFINITION_CONTEXT('part definition',#2,'design');
#32 = ADVANCED_BREP_SHAPE_REPRESENTATION('',(#11,#33),#8267);
#33 = MANIFOLD_SOLID_BREP('',#34);
#34 = CLOSED_SHELL('',(#35,#279,#1905,#2078,#2127,#2154,#2209,#2264,
    #2319,#2374,#2505,#2560,#2610,#2660,#2710,#2760,#2810,#2860,#2910,
    #2960,#3010,#3060,#3110,#3160,#3210,#3260,#3310,#3360,#3410,#3460,
    #3510,#3560,#3610,#3660,#3710,#3760,#3810,#3860,#3910,#3960,#4010,
    #4060,#4110,#4160,#4210,#4260,#4310,#4360,#4410,#4460,#4510,#4560,
    #4610,#4660,#4710,#4760,#4810,#4860,#4910,#4960,#5010,#5065,#5120,
    #5170,#5220,#5334,#5443,#5547,#5651,#5706,#5761,#5816,#5871,#6462,
    #6537,#6612,#6679,#6866,#6911,#7226,#7293,#7318,#7387,#7434,#7459,
    #7506,#7531,#7583,#7660,#7712,#7789,#7836,#7851,#8022,#8049,#8114,
    #8121,#8128,#8153,#8178,#8185,#8212,#8219,#8226,#8253,#8260));
#35 = ADVANCED_FACE('',(#36,#155,#186,#217,#248),#50,.F.);
#36 = FACE_BOUND('',#37,.F.);
#37 = EDGE_LOOP('',(#38,#73,#101,#129));
#38 = ORIENTED_EDGE('',*,*,#39,.F.);
#39 = EDGE_CURVE('',#40,#42,#44,.T.);
#40 = VERTEX_POINT('',#41);
#41 = CARTESIAN_POINT('',(-110.,105.,172.));
#42 = VERTEX_POINT('',#43);
#43 = CARTESIAN_POINT('',(-110.,105.,252.));
#44 = SURFACE_CURVE('',#45,(#49,#61),.PCURVE_S1.);
#45 = LINE('',#46,#47);
#46 = CARTESIAN_POINT('',(-110.,105.,172.));
#47 = VECTOR('',#48,1.);
#48 = DIRECTION('',(0.,0.,1.));
#49 = PCURVE('',#50,#55);
#50 = PLANE('',#51);
#51 = AXIS2_PLACEMENT_3D('',#52,#53,#54);
#52 = CARTESIAN_POINT('',(-110.,105.,172.));
#53 = DIRECTION('',(1.,0.,0.));
#54 = DIRECTION('',(0.,0.,1.));
#55 = DEFINITIONAL_REPRESENTATION('',(#56),#60);
#56 = LINE('',#57,#58);
#57 = CARTESIAN_POINT('',(0.,0.));
#58 = VECTOR('',#59,1.);
#59 = DIRECTION('',(1.,0.));
#60 = ( GEOMETRIC_REPRESENTATION_CONTEXT(2) 
PARAMETRIC_REPRESENTATION_CONTEXT() REPRESENTATION_CONTEXT('2D SPACE',''
  ) );
#61 = PCURVE('',#62,#67);
#62 = PLANE('',#63);
#63 = AXIS2_PLACEMENT_3D('',#64,#65,#66);
#64 = CARTESIAN_POINT('',(-110.,105.,172.));
#65 = DIRECTION('',(0.,1.,0.));
#66 = DIRECTION('',(0.,0.,1.));
#67 = DEFINITIONAL_REPRESENTATION('',(#68),#72);
#68 = LINE('',#69,#70);
#69 = CARTESIAN_POINT('',(0.,0.));
#70 = VECTOR('',#71,1.);
#71 = DIRECTION('',(1.,0.));
#72 = ( GEOMETRIC_REPRESENTATION_CONTEXT(2) 
PARAMETRIC_REPRESENTATION_CONTEXT() REPRESENTATION_CONTEXT('2D SPACE',''
  ) );
#73 = ORIENTED_EDGE('',*,*,#74,.T.);
#74 = EDGE_CURVE('',#40,#75,#77,.T.);
#75 = VERTEX_POINT('',#76);
#76 = CARTESIAN_POINT('',(-110.,145.,172.));
#77 = SURFACE_CURVE('',#78,(#82,#89),.PCURVE_S1.);
#78 = LINE('',#79,#80);
#79 = CARTESIAN_POINT('',(-110.,105.,172.));
#80 = VECTOR('',#81,1.);
#81 = DIRECTION('',(0.,1.,0.));
#82 = PCURVE('',#50,#83);
#83 = DEFINITIONAL_REPRESENTATION('',(#84),#88);
#84 = LINE('',#85,#86);
#85 = CARTESIAN_POINT('',(0.,0.));
#86 = VECTOR('',#87,1.);
#87 = DIRECTION('',(0.,-1.));
#88 = ( GEOMETRIC_REPRESENTATION_CONTEXT(2) 
PARAMETRIC_REPRESENTATION_CONTEXT() REPRESENTATION_CONTEXT('2D SPACE',''
  ) );
#89 = PCURVE('',#90,#95);
#90 = PLANE('',#91);
#91 = AXIS2_PLACEMENT_3D('',#92,#93,#94);
#92 = CARTESIAN_POINT('',(-110.,105.,172.));
#93 = DIRECTION('',(0.,0.,1.));
#94 = DIRECTION('',(1.,0.,0.));
#95 = DEFINITIONAL_REPRESENTATION('',(#96),#100);
#96 = LINE('',#97,#98);
#97 = CARTESIAN_POINT('',(0.,0.));
#98 = VECTOR('',#99,1.);
#99 = DIRECTION('',(0.,1.));
#100 = ( GEOMETRIC_REPRESENTATION_CONTEXT(2) 
PARAMETRIC_REPRESENTATION_CONTEXT() REPRESENTATION_CONTEXT('2D SPACE',''
  ) );
#101 = ORIENTED_EDGE('',*,*,#102,.T.);
#102 = EDGE_CURVE('',#75,#103,#105,.T.);
#103 = VERTEX_POINT('',#104);
#104 = CARTESIAN_POINT('',(-110.,145.,252.));
#105 = SURFACE_CURVE('',#106,(#110,#117),.PCURVE_S1.);
#106 = LINE('',#107,#108);
#107 = CARTESIAN_POINT('',(-110.,145.,172.));
#108 = VECTOR('',#109,1.);
#109 = DIRECTION('',(0.,0.,1.));
#110 = PCURVE('',#50,#111);
#111 = DEFINITIONAL_REPRESENTATION('',(#112),#116);
#112 = LINE('',#113,#114);
#113 = CARTESIAN_POINT('',(0.,-40.));
#114 = VECTOR('',#115,1.);
#115 = DIRECTION('',(1.,0.));
#116 = ( GEOMETRIC_REPRESENTATION_CONTEXT(2) 
PARAMETRIC_REPRESENTATION_CONTEXT() REPRESENTATION_CONTEXT('2D SPACE',''
  ) );
#117 = PCURVE('',#118,#123);
#118 = PLANE('',#119);
#119 = AXIS2_PLACEMENT_3D('',#120,#121,#122);
#120 = CARTESIAN_POINT('',(-110.,145.,172.));
#121 = DIRECTION('',(0.,1.,0.));
#122 = DIRECTION('',(0.,0.,1.));
#123 = DEFINITIONAL_REPRESENTATION('',(#124),#128);
#124 = LINE('',#125,#126);
#125 = CARTESIAN_POINT('',(0.,0.));
#126 = VECTOR('',#127,1.);
#127 = DIRECTION('',(1.,0.));
#128 = ( GEOMETRIC_REPRESENTATION_CONTEXT(2) 
PARAMETRIC_REPRESENTATION_CONTEXT() REPRESENTATION_CONTEXT('2D SPACE',''
  ) );
#129 = ORIENTED_EDGE('',*,*,#130,.F.);
#130 = EDGE_CURVE('',#42,#103,#131,.T.);
#131 = SURFACE_CURVE('',#132,(#136,#143),.PCURVE_S1.);
#132 = LINE('',#133,#134);
#133 = CARTESIAN_POINT('',(-110.,105.,252.));
#134 = VECTOR('',#135,1.);
#135 = DIRECTION('',(0.,1.,0.));
#136 = PCURVE('',#50,#137);
#137 = DEFINITIONAL_REPRESENTATION('',(#138),#142);
#138 = LINE('',#139,#140);
#139 = CARTESIAN_POINT('',(80.,0.));
#140 = VECTOR('',#141,1.);
#141 = DIRECTION('',(0.,-1.));
#142 = ( GEOMETRIC_REPRESENTATION_CONTEXT(2) 
PARAMETRIC_REPRESENTATION_CONTEXT() REPRESENTATION_CONTEXT('2D SPACE',''
  ) );
#143 = PCURVE('',#144,#149);
#144 = PLANE('',#145);
#145 = AXIS2_PLACEMENT_3D('',#146,#147,#148);
#146 = CARTESIAN_POINT('',(-110.,105.,252.));
#147 = DIRECTION('',(0.,0.,1.));
#148 = DIRECTION('',(1.,0.,0.));
#149 = DEFINITIONAL_REPRESENTATION('',(#150),#154);
#150 = LINE('',#151,#152);
#151 = CARTESIAN_POINT('',(0.,0.));
#152 = VECTOR('',#153,1.);
#153 = DIRECTION('',(0.,1.));
#154 = ( GEOMETRIC_REPRESENTATION_CONTEXT(2) 
PARAMETRIC_REPRESENTATION_CONTEXT() REPRESENTATION_CONTEXT('2D SPACE',''
  ) );
#155 = FACE_BOUND('',#156,.F.);
#156 = EDGE_LOOP('',(#157));
#157 = ORIENTED_EDGE('',*,*,#158,.F.);
#158 = EDGE_CURVE('',#159,#159,#161,.T.);
#159 = VERTEX_POINT('',#160);
#160 = CARTESIAN_POINT('',(-110.,135.,186.5));
#161 = SURFACE_CURVE('',#162,(#167,#174),.PCURVE_S1.);
#162 = CIRCLE('',#163,2.5);
#163 = AXIS2_PLACEMENT_3D('',#164,#165,#166);
#164 = CARTESIAN_POINT('',(-110.,135.,184.));
#165 = DIRECTION('',(1.,0.,0.));
#166 = DIRECTION('',(-0.,0.,1.));
#167 = PCURVE('',#50,#168);
#168 = DEFINITIONAL_REPRESENTATION('',(#169),#173);
#169 = CIRCLE('',#170,2.5);
#170 = AXIS2_PLACEMENT_2D('',#171,#172);
#171 = CARTESIAN_POINT('',(12.,-30.));
#172 = DIRECTION('',(1.,0.));
#173 = ( GEOMETRIC_REPRESENTATION_CONTEXT(2) 
PARAMETRIC_REPRESENTATION_CONTEXT() REPRESENTATION_CONTEXT('2D SPACE',''
  ) );
#174 = PCURVE('',#175,#180);
#175 = CYLINDRICAL_SURFACE('',#176,2.5);
#176 = AXIS2_PLACEMENT_3D('',#177,#178,#179);
#177 = CARTESIAN_POINT('',(-110.5,135.,184.));
#178 = DIRECTION('',(1.,0.,0.));
#179 = DIRECTION('',(-0.,0.,1.));
#180 = DEFINITIONAL_REPRESENTATION('',(#181),#185);
#181 = LINE('',#182,#183);
#182 = CARTESIAN_POINT('',(0.,0.5));
#183 = VECTOR('',#184,1.);
#184 = DIRECTION('',(1.,0.));
#185 = ( GEOMETRIC_REPRESENTATION_CONTEXT(2) 
PARAMETRIC_REPRESENTATION_CONTEXT() REPRESENTATION_CONTEXT('2D SPACE',''
  ) );
#186 = FACE_BOUND('',#187,.F.);
#187 = EDGE_LOOP('',(#188));
#188 = ORIENTED_EDGE('',*,*,#189,.F.);
#189 = EDGE_CURVE('',#190,#190,#192,.T.);
#190 = VERTEX_POINT('',#191);
#191 = CARTESIAN_POINT('',(-110.,135.,242.5));
#192 = SURFACE_CURVE('',#193,(#198,#205),.PCURVE_S1.);
#193 = CIRCLE('',#194,2.5);
#194 = AXIS2_PLACEMENT_3D('',#195,#196,#197);
#195 = CARTESIAN_POINT('',(-110.,135.,240.));
#196 = DIRECTION('',(1.,0.,0.));
#197 = DIRECTION('',(-0.,0.,1.));
#198 = PCURVE('',#50,#199);
#199 = DEFINITIONAL_REPRESENTATION('',(#200),#204);
#200 = CIRCLE('',#201,2.5);
#201 = AXIS2_PLACEMENT_2D('',#202,#203);
#202 = CARTESIAN_POINT('',(68.,-30.));
#203 = DIRECTION('',(1.,0.));
#204 = ( GEOMETRIC_REPRESENTATION_CONTEXT(2) 
PARAMETRIC_REPRESENTATION_CONTEXT() REPRESENTATION_CONTEXT('2D SPACE',''
  ) );
#205 = PCURVE('',#206,#211);
#206 = CYLINDRICAL_SURFACE('',#207,2.5);
#207 = AXIS2_PLACEMENT_3D('',#208,#209,#210);
#208 = CARTESIAN_POINT('',(-110.5,135.,240.));
#209 = DIRECTION('',(1.,0.,0.));
#210 = DIRECTION('',(-0.,0.,1.));
#211 = DEFINITIONAL_REPRESENTATION('',(#212),#216);
#212 = LINE('',#213,#214);
#213 = CARTESIAN_POINT('',(0.,0.5));
#214 = VECTOR('',#215,1.);
#215 = DIRECTION('',(1.,0.));
#216 = ( GEOMETRIC_REPRESENTATION_CONTEXT(2) 
PARAMETRIC_REPRESENTATION_CONTEXT() REPRESENTATION_CONTEXT('2D SPACE',''
  ) );
#217 = FACE_BOUND('',#218,.F.);
#218 = EDGE_LOOP('',(#219));
#219 = ORIENTED_EDGE('',*,*,#220,.F.);
#220 = EDGE_CURVE('',#221,#221,#223,.T.);
#221 = VERTEX_POINT('',#222);
#222 = CARTESIAN_POINT('',(-110.,115.,186.5));
#223 = SURFACE_CURVE('',#224,(#229,#236),.PCURVE_S1.);
#224 = CIRCLE('',#225,2.5);
#225 = AXIS2_PLACEMENT_3D('',#226,#227,#228);
#226 = CARTESIAN_POINT('',(-110.,115.,184.));
#227 = DIRECTION('',(1.,0.,0.));
#228 = DIRECTION('',(-0.,0.,1.));
#229 = PCURVE('',#50,#230);
#230 = DEFINITIONAL_REPRESENTATION('',(#231),#235);
#231 = CIRCLE('',#232,2.5);
#232 = AXIS2_PLACEMENT_2D('',#233,#234);
#233 = CARTESIAN_POINT('',(12.,-10.));
#234 = DIRECTION('',(1.,0.));
#235 = ( GEOMETRIC_REPRESENTATION_CONTEXT(2) 
PARAMETRIC_REPRESENTATION_CONTEXT() REPRESENTATION_CONTEXT('2D SPACE',''
  ) );
#236 = PCURVE('',#237,#242);
#237 = CYLINDRICAL_SURFACE('',#238,2.5);
#238 = AXIS2_PLACEMENT_3D('',#239,#240,#241);
#239 = CARTESIAN_POINT('',(-110.5,115.,184.));
#240 = DIRECTION('',(1.,0.,0.));
#241 = DIRECTION('',(-0.,0.,1.));
#242 = DEFINITIONAL_REPRESENTATION('',(#243),#247);
#243 = LINE('',#244,#245);
#244 = CARTESIAN_POINT('',(0.,0.5));
#245 = VECTOR('',#246,1.);
#246 = DIRECTION('',(1.,0.));
#247 = ( GEOMETRIC_REPRESENTATION_CONTEXT(2) 
PARAMETRIC_REPRESENTATION_CONTEXT() REPRESENTATION_CONTEXT('2D SPACE',''
  ) );
#248 = FACE_BOUND('',#249,.F.);
#249 = EDGE_LOOP('',(#250));
#250 = ORIENTED_EDGE('',*,*,#251,.F.);
#251 = EDGE_CURVE('',#252,#252,#254,.T.);
#252 = VERTEX_POINT('',#253);
#253 = CARTESIAN_POINT('',(-110.,115.,242.5));
#254 = SURFACE_CURVE('',#255,(#260,#267),.PCURVE_S1.);
#255 = CIRCLE('',#256,2.5);
#256 = AXIS2_PLACEMENT_3D('',#257,#258,#259);
#257 = CARTESIAN_POINT('',(-110.,115.,240.));
#258 = DIRECTION('',(1.,0.,0.));
#259 = DIRECTION('',(-0.,0.,1.));
#260 = PCURVE('',#50,#261);
#261 = DEFINITIONAL_REPRESENTATION('',(#262),#266);
#262 = CIRCLE('',#263,2.5);
#263 = AXIS2_PLACEMENT_2D('',#264,#265);
#264 = CARTESIAN_POINT('',(68.,-10.));
#265 = DIRECTION('',(1.,0.));
#266 = ( GEOMETRIC_REPRESENTATION_CONTEXT(2) 
PARAMETRIC_REPRESENTATION_CONTEXT() REPRESENTATION_CONTEXT('2D SPACE',''
  ) );
#267 = PCURVE('',#268,#273);
#268 = CYLINDRICAL_SURFACE('',#269,2.5);
#269 = AXIS2_PLACEMENT_3D('',#270,#271,#272);
#270 = CARTESIAN_POINT('',(-110.5,115.,240.));
#271 = DIRECTION('',(1.,0.,0.));
#272 = DIRECTION('',(-0.,0.,1.));
#273 = DEFINITIONAL_REPRESENTATION('',(#274),#278);
#274 = LINE('',#275,#276);
#275 = CARTESIAN_POINT('',(0.,0.5));
#276 = VECTOR('',#277,1.);
#277 = DIRECTION('',(1.,0.));
#278 = ( GEOMETRIC_REPRESENTATION_CONTEXT(2) 
PARAMETRIC_REPRESENTATION_CONTEXT() REPRESENTATION_CONTEXT('2D SPACE',''
  ) );
#279 = ADVANCED_FACE('',(#280,#355,#386,#417,#448,#479,#510,#541,#572,
    #603,#634,#665,#696,#727,#758,#789,#820,#851,#882,#913,#944,#975,
    #1006,#1037,#1068,#1099,#1130,#1161,#1192,#1223,#1254,#1285,#1316,
    #1347,#1378,#1409,#1440,#1471,#1502,#1533,#1564,#1595,#1626,#1657,
    #1688,#1719,#1750,#1781,#1812,#1843,#1874),#62,.F.);
#280 = FACE_BOUND('',#281,.F.);
#281 = EDGE_LOOP('',(#282,#305,#306,#329));
#282 = ORIENTED_EDGE('',*,*,#283,.F.);
#283 = EDGE_CURVE('',#40,#284,#286,.T.);
#284 = VERTEX_POINT('',#285);
#285 = CARTESIAN_POINT('',(550.,105.,172.));
#286 = SURFACE_CURVE('',#287,(#291,#298),.PCURVE_S1.);
#287 = LINE('',#288,#289);
#288 = CARTESIAN_POINT('',(-110.,105.,172.));
#289 = VECTOR('',#290,1.);
#290 = DIRECTION('',(1.,0.,0.));
#291 = PCURVE('',#62,#292);
#292 = DEFINITIONAL_REPRESENTATION('',(#293),#297);
#293 = LINE('',#294,#295);
#294 = CARTESIAN_POINT('',(0.,0.));
#295 = VECTOR('',#296,1.);
#296 = DIRECTION('',(0.,1.));
#297 = ( GEOMETRIC_REPRESENTATION_CONTEXT(2) 
PARAMETRIC_REPRESENTATION_CONTEXT() REPRESENTATION_CONTEXT('2D SPACE',''
  ) );
#298 = PCURVE('',#90,#299);
#299 = DEFINITIONAL_REPRESENTATION('',(#300),#304);
#300 = LINE('',#301,#302);
#301 = CARTESIAN_POINT('',(0.,0.));
#302 = VECTOR('',#303,1.);
#303 = DIRECTION('',(1.,0.));
#304 = ( GEOMETRIC_REPRESENTATION_CONTEXT(2) 
PARAMETRIC_REPRESENTATION_CONTEXT() REPRESENTATION_CONTEXT('2D SPACE',''
  ) );
#305 = ORIENTED_EDGE('',*,*,#39,.T.);
#306 = ORIENTED_EDGE('',*,*,#307,.T.);
#307 = EDGE_CURVE('',#42,#308,#310,.T.);
#308 = VERTEX_POINT('',#309);
#309 = CARTESIAN_POINT('',(550.,105.,252.));
#310 = SURFACE_CURVE('',#311,(#315,#322),.PCURVE_S1.);
#311 = LINE('',#312,#313);
#312 = CARTESIAN_POINT('',(-110.,105.,252.));
#313 = VECTOR('',#314,1.);
#314 = DIRECTION('',(1.,0.,0.));
#315 = PCURVE('',#62,#316);
#316 = DEFINITIONAL_REPRESENTATION('',(#317),#321);
#317 = LINE('',#318,#319);
#318 = CARTESIAN_POINT('',(80.,0.));
#319 = VECTOR('',#320,1.);
#320 = DIRECTION('',(0.,1.));
#321 = ( GEOMETRIC_REPRESENTATION_CONTEXT(2) 
PARAMETRIC_REPRESENTATION_CONTEXT() REPRESENTATION_CONTEXT('2D SPACE',''
  ) );
#322 = PCURVE('',#144,#323);
#323 = DEFINITIONAL_REPRESENTATION('',(#324),#328);
#324 = LINE('',#325,#326);
#325 = CARTESIAN_POINT('',(0.,0.));
#326 = VECTOR('',#327,1.);
#327 = DIRECTION('',(1.,0.));
#328 = ( GEOMETRIC_REPRESENTATION_CONTEXT(2) 
PARAMETRIC_REPRESENTATION_CONTEXT() REPRESENTATION_CONTEXT('2D SPACE',''
  ) );
#329 = ORIENTED_EDGE('',*,*,#330,.F.);
#330 = EDGE_CURVE('',#284,#308,#331,.T.);
#331 = SURFACE_CURVE('',#332,(#336,#343),.PCURVE_S1.);
#332 = LINE('',#333,#334);
#333 = CARTESIAN_POINT('',(550.,105.,172.));
#334 = VECTOR('',#335,1.);
#335 = DIRECTION('',(0.,0.,1.));
#336 = PCURVE('',#62,#337);
#337 = DEFINITIONAL_REPRESENTATION('',(#338),#342);
#338 = LINE('',#339,#340);
#339 = CARTESIAN_POINT('',(0.,660.));
#340 = VECTOR('',#341,1.);
#341 = DIRECTION('',(1.,0.));
#342 = ( GEOMETRIC_REPRESENTATION_CONTEXT(2) 
PARAMETRIC_REPRESENTATION_CONTEXT() REPRESENTATION_CONTEXT('2D SPACE',''
  ) );
#343 = PCURVE('',#344,#349);
#344 = PLANE('',#345);
#345 = AXIS2_PLACEMENT_3D('',#346,#347,#348);
#346 = CARTESIAN_POINT('',(550.,105.,172.));
#347 = DIRECTION('',(1.,0.,0.));
#348 = DIRECTION('',(0.,0.,1.));
#349 = DEFINITIONAL_REPRESENTATION('',(#350),#354);
#350 = LINE('',#351,#352);
#351 = CARTESIAN_POINT('',(0.,0.));
#352 = VECTOR('',#353,1.);
#353 = DIRECTION('',(1.,0.));
#354 = ( GEOMETRIC_REPRESENTATION_CONTEXT(2) 
PARAMETRIC_REPRESENTATION_CONTEXT() REPRESENTATION_CONTEXT('2D SPACE',''
  ) );
#355 = FACE_BOUND('',#356,.F.);
#356 = EDGE_LOOP('',(#357));
#357 = ORIENTED_EDGE('',*,*,#358,.F.);
#358 = EDGE_CURVE('',#359,#359,#361,.T.);
#359 = VERTEX_POINT('',#360);
#360 = CARTESIAN_POINT('',(-75.,105.,187.25));
#361 = SURFACE_CURVE('',#362,(#367,#374),.PCURVE_S1.);
#362 = CIRCLE('',#363,1.25);
#363 = AXIS2_PLACEMENT_3D('',#364,#365,#366);
#364 = CARTESIAN_POINT('',(-75.,105.,186.));
#365 = DIRECTION('',(0.,1.,0.));
#366 = DIRECTION('',(0.,-0.,1.));
#367 = PCURVE('',#62,#368);
#368 = DEFINITIONAL_REPRESENTATION('',(#369),#373);
#369 = CIRCLE('',#370,1.25);
#370 = AXIS2_PLACEMENT_2D('',#371,#372);
#371 = CARTESIAN_POINT('',(14.,35.));
#372 = DIRECTION('',(1.,0.));
#373 = ( GEOMETRIC_REPRESENTATION_CONTEXT(2) 
PARAMETRIC_REPRESENTATION_CONTEXT() REPRESENTATION_CONTEXT('2D SPACE',''
  ) );
#374 = PCURVE('',#375,#380);
#375 = CYLINDRICAL_SURFACE('',#376,1.25);
#376 = AXIS2_PLACEMENT_3D('',#377,#378,#379);
#377 = CARTESIAN_POINT('',(-75.,104.5,186.));
#378 = DIRECTION('',(0.,1.,0.));
#379 = DIRECTION('',(0.,-0.,1.));
#380 = DEFINITIONAL_REPRESENTATION('',(#381),#385);
#381 = LINE('',#382,#383);
#382 = CARTESIAN_POINT('',(0.,0.5));
#383 = VECTOR('',#384,1.);
#384 = DIRECTION('',(1.,0.));
#385 = ( GEOMETRIC_REPRESENTATION_CONTEXT(2) 
PARAMETRIC_REPRESENTATION_CONTEXT() REPRESENTATION_CONTEXT('2D SPACE',''
  ) );
#386 = FACE_BOUND('',#387,.F.);
#387 = EDGE_LOOP('',(#388));
#388 = ORIENTED_EDGE('',*,*,#389,.F.);
#389 = EDGE_CURVE('',#390,#390,#392,.T.);
#390 = VERTEX_POINT('',#391);
#391 = CARTESIAN_POINT('',(-50.,105.,187.25));
#392 = SURFACE_CURVE('',#393,(#398,#405),.PCURVE_S1.);
#393 = CIRCLE('',#394,1.25);
#394 = AXIS2_PLACEMENT_3D('',#395,#396,#397);
#395 = CARTESIAN_POINT('',(-50.,105.,186.));
#396 = DIRECTION('',(0.,1.,0.));
#397 = DIRECTION('',(0.,-0.,1.));
#398 = PCURVE('',#62,#399);
#399 = DEFINITIONAL_REPRESENTATION('',(#400),#404);
#400 = CIRCLE('',#401,1.25);
#401 = AXIS2_PLACEMENT_2D('',#402,#403);
#402 = CARTESIAN_POINT('',(14.,60.));
#403 = DIRECTION('',(1.,0.));
#404 = ( GEOMETRIC_REPRESENTATION_CONTEXT(2) 
PARAMETRIC_REPRESENTATION_CONTEXT() REPRESENTATION_CONTEXT('2D SPACE',''
  ) );
#405 = PCURVE('',#406,#411);
#406 = CYLINDRICAL_SURFACE('',#407,1.25);
#407 = AXIS2_PLACEMENT_3D('',#408,#409,#410);
#408 = CARTESIAN_POINT('',(-50.,104.5,186.));
#409 = DIRECTION('',(0.,1.,0.));
#410 = DIRECTION('',(0.,-0.,1.));
#411 = DEFINITIONAL_REPRESENTATION('',(#412),#416);
#412 = LINE('',#413,#414);
#413 = CARTESIAN_POINT('',(0.,0.5));
#414 = VECTOR('',#415,1.);
#415 = DIRECTION('',(1.,0.));
#416 = ( GEOMETRIC_REPRESENTATION_CONTEXT(2) 
PARAMETRIC_REPRESENTATION_CONTEXT() REPRESENTATION_CONTEXT('2D SPACE',''
  ) );
#417 = FACE_BOUND('',#418,.F.);
#418 = EDGE_LOOP('',(#419));
#419 = ORIENTED_EDGE('',*,*,#420,.F.);
#420 = EDGE_CURVE('',#421,#421,#423,.T.);
#421 = VERTEX_POINT('',#422);
#422 = CARTESIAN_POINT('',(-25.,105.,187.25));
#423 = SURFACE_CURVE('',#424,(#429,#436),.PCURVE_S1.);
#424 = CIRCLE('',#425,1.25);
#425 = AXIS2_PLACEMENT_3D('',#426,#427,#428);
#426 = CARTESIAN_POINT('',(-25.,105.,186.));
#427 = DIRECTION('',(0.,1.,0.));
#428 = DIRECTION('',(0.,-0.,1.));
#429 = PCURVE('',#62,#430);
#430 = DEFINITIONAL_REPRESENTATION('',(#431),#435);
#431 = CIRCLE('',#432,1.25);
#432 = AXIS2_PLACEMENT_2D('',#433,#434);
#433 = CARTESIAN_POINT('',(14.,85.));
#434 = DIRECTION('',(1.,0.));
#435 = ( GEOMETRIC_REPRESENTATION_CONTEXT(2) 
PARAMETRIC_REPRESENTATION_CONTEXT() REPRESENTATION_CONTEXT('2D SPACE',''
  ) );
#436 = PCURVE('',#437,#442);
#437 = CYLINDRICAL_SURFACE('',#438,1.25);
#438 = AXIS2_PLACEMENT_3D('',#439,#440,#441);
#439 = CARTESIAN_POINT('',(-25.,104.5,186.));
#440 = DIRECTION('',(0.,1.,0.));
#441 = DIRECTION('',(0.,-0.,1.));
#442 = DEFINITIONAL_REPRESENTATION('',(#443),#447);
#443 = LINE('',#444,#445);
#444 = CARTESIAN_POINT('',(0.,0.5));
#445 = VECTOR('',#446,1.);
#446 = DIRECTION('',(1.,0.));
#447 = ( GEOMETRIC_REPRESENTATION_CONTEXT(2) 
PARAMETRIC_REPRESENTATION_CONTEXT() REPRESENTATION_CONTEXT('2D SPACE',''
  ) );
#448 = FACE_BOUND('',#449,.F.);
#449 = EDGE_LOOP('',(#450));
#450 = ORIENTED_EDGE('',*,*,#451,.F.);
#451 = EDGE_CURVE('',#452,#452,#454,.T.);
#452 = VERTEX_POINT('',#453);
#453 = CARTESIAN_POINT('',(-4.293872584539E-14,105.,187.25));
#454 = SURFACE_CURVE('',#455,(#460,#467),.PCURVE_S1.);
#455 = CIRCLE('',#456,1.25);
#456 = AXIS2_PLACEMENT_3D('',#457,#458,#459);
#457 = CARTESIAN_POINT('',(-4.263256414561E-14,105.,186.));
#458 = DIRECTION('',(0.,1.,0.));
#459 = DIRECTION('',(0.,-0.,1.));
#460 = PCURVE('',#62,#461);
#461 = DEFINITIONAL_REPRESENTATION('',(#462),#466);
#462 = CIRCLE('',#463,1.25);
#463 = AXIS2_PLACEMENT_2D('',#464,#465);
#464 = CARTESIAN_POINT('',(14.,110.));
#465 = DIRECTION('',(1.,0.));
#466 = ( GEOMETRIC_REPRESENTATION_CONTEXT(2) 
PARAMETRIC_REPRESENTATION_CONTEXT() REPRESENTATION_CONTEXT('2D SPACE',''
  ) );
#467 = PCURVE('',#468,#473);
#468 = CYLINDRICAL_SURFACE('',#469,1.25);
#469 = AXIS2_PLACEMENT_3D('',#470,#471,#472);
#470 = CARTESIAN_POINT('',(-4.263256414561E-14,104.5,186.));
#471 = DIRECTION('',(0.,1.,0.));
#472 = DIRECTION('',(0.,-0.,1.));
#473 = DEFINITIONAL_REPRESENTATION('',(#474),#478);
#474 = LINE('',#475,#476);
#475 = CARTESIAN_POINT('',(0.,0.5));
#476 = VECTOR('',#477,1.);
#477 = DIRECTION('',(1.,0.));
#478 = ( GEOMETRIC_REPRESENTATION_CONTEXT(2) 
PARAMETRIC_REPRESENTATION_CONTEXT() REPRESENTATION_CONTEXT('2D SPACE',''
  ) );
#479 = FACE_BOUND('',#480,.F.);
#480 = EDGE_LOOP('',(#481));
#481 = ORIENTED_EDGE('',*,*,#482,.F.);
#482 = EDGE_CURVE('',#483,#483,#485,.T.);
#483 = VERTEX_POINT('',#484);
#484 = CARTESIAN_POINT('',(25.,105.,187.25));
#485 = SURFACE_CURVE('',#486,(#491,#498),.PCURVE_S1.);
#486 = CIRCLE('',#487,1.25);
#487 = AXIS2_PLACEMENT_3D('',#488,#489,#490);
#488 = CARTESIAN_POINT('',(25.,105.,186.));
#489 = DIRECTION('',(0.,1.,0.));
#490 = DIRECTION('',(0.,-0.,1.));
#491 = PCURVE('',#62,#492);
#492 = DEFINITIONAL_REPRESENTATION('',(#493),#497);
#493 = CIRCLE('',#494,1.25);
#494 = AXIS2_PLACEMENT_2D('',#495,#496);
#495 = CARTESIAN_POINT('',(14.,135.));
#496 = DIRECTION('',(1.,0.));
#497 = ( GEOMETRIC_REPRESENTATION_CONTEXT(2) 
PARAMETRIC_REPRESENTATION_CONTEXT() REPRESENTATION_CONTEXT('2D SPACE',''
  ) );
#498 = PCURVE('',#499,#504);
#499 = CYLINDRICAL_SURFACE('',#500,1.25);
#500 = AXIS2_PLACEMENT_3D('',#501,#502,#503);
#501 = CARTESIAN_POINT('',(25.,104.5,186.));
#502 = DIRECTION('',(0.,1.,0.));
#503 = DIRECTION('',(0.,-0.,1.));
#504 = DEFINITIONAL_REPRESENTATION('',(#505),#509);
#505 = LINE('',#506,#507);
#506 = CARTESIAN_POINT('',(0.,0.5));
#507 = VECTOR('',#508,1.);
#508 = DIRECTION('',(1.,0.));
#509 = ( GEOMETRIC_REPRESENTATION_CONTEXT(2) 
PARAMETRIC_REPRESENTATION_CONTEXT() REPRESENTATION_CONTEXT('2D SPACE',''
  ) );
#510 = FACE_BOUND('',#511,.F.);
#511 = EDGE_LOOP('',(#512));
#512 = ORIENTED_EDGE('',*,*,#513,.F.);
#513 = EDGE_CURVE('',#514,#514,#516,.T.);
#514 = VERTEX_POINT('',#515);
#515 = CARTESIAN_POINT('',(50.,105.,187.25));
#516 = SURFACE_CURVE('',#517,(#522,#529),.PCURVE_S1.);
#517 = CIRCLE('',#518,1.25);
#518 = AXIS2_PLACEMENT_3D('',#519,#520,#521);
#519 = CARTESIAN_POINT('',(50.,105.,186.));
#520 = DIRECTION('',(0.,1.,0.));
#521 = DIRECTION('',(0.,-0.,1.));
#522 = PCURVE('',#62,#523);
#523 = DEFINITIONAL_REPRESENTATION('',(#524),#528);
#524 = CIRCLE('',#525,1.25);
#525 = AXIS2_PLACEMENT_2D('',#526,#527);
#526 = CARTESIAN_POINT('',(14.,160.));
#527 = DIRECTION('',(1.,0.));
#528 = ( GEOMETRIC_REPRESENTATION_CONTEXT(2) 
PARAMETRIC_REPRESENTATION_CONTEXT() REPRESENTATION_CONTEXT('2D SPACE',''
  ) );
#529 = PCURVE('',#530,#535);
#530 = CYLINDRICAL_SURFACE('',#531,1.25);
#531 = AXIS2_PLACEMENT_3D('',#532,#533,#534);
#532 = CARTESIAN_POINT('',(50.,104.5,186.));
#533 = DIRECTION('',(0.,1.,0.));
#534 = DIRECTION('',(0.,-0.,1.));
#535 = DEFINITIONAL_REPRESENTATION('',(#536),#540);
#536 = LINE('',#537,#538);
#537 = CARTESIAN_POINT('',(0.,0.5));
#538 = VECTOR('',#539,1.);
#539 = DIRECTION('',(1.,0.));
#540 = ( GEOMETRIC_REPRESENTATION_CONTEXT(2) 
PARAMETRIC_REPRESENTATION_CONTEXT() REPRESENTATION_CONTEXT('2D SPACE',''
  ) );
#541 = FACE_BOUND('',#542,.F.);
#542 = EDGE_LOOP('',(#543));
#543 = ORIENTED_EDGE('',*,*,#544,.F.);
#544 = EDGE_CURVE('',#545,#545,#547,.T.);
#545 = VERTEX_POINT('',#546);
#546 = CARTESIAN_POINT('',(75.,105.,187.25));
#547 = SURFACE_CURVE('',#548,(#553,#560),.PCURVE_S1.);
#548 = CIRCLE('',#549,1.25);
#549 = AXIS2_PLACEMENT_3D('',#550,#551,#552);
#550 = CARTESIAN_POINT('',(75.,105.,186.));
#551 = DIRECTION('',(0.,1.,0.));
#552 = DIRECTION('',(0.,-0.,1.));
#553 = PCURVE('',#62,#554);
#554 = DEFINITIONAL_REPRESENTATION('',(#555),#559);
#555 = CIRCLE('',#556,1.25);
#556 = AXIS2_PLACEMENT_2D('',#557,#558);
#557 = CARTESIAN_POINT('',(14.,185.));
#558 = DIRECTION('',(1.,0.));
#559 = ( GEOMETRIC_REPRESENTATION_CONTEXT(2) 
PARAMETRIC_REPRESENTATION_CONTEXT() REPRESENTATION_CONTEXT('2D SPACE',''
  ) );
#560 = PCURVE('',#561,#566);
#561 = CYLINDRICAL_SURFACE('',#562,1.25);
#562 = AXIS2_PLACEMENT_3D('',#563,#564,#565);
#563 = CARTESIAN_POINT('',(75.,104.5,186.));
#564 = DIRECTION('',(0.,1.,0.));
#565 = DIRECTION('',(0.,-0.,1.));
#566 = DEFINITIONAL_REPRESENTATION('',(#567),#571);
#567 = LINE('',#568,#569);
#568 = CARTESIAN_POINT('',(0.,0.5));
#569 = VECTOR('',#570,1.);
#570 = DIRECTION('',(1.,0.));
#571 = ( GEOMETRIC_REPRESENTATION_CONTEXT(2) 
PARAMETRIC_REPRESENTATION_CONTEXT() REPRESENTATION_CONTEXT('2D SPACE',''
  ) );
#572 = FACE_BOUND('',#573,.F.);
#573 = EDGE_LOOP('',(#574));
#574 = ORIENTED_EDGE('',*,*,#575,.F.);
#575 = EDGE_CURVE('',#576,#576,#578,.T.);
#576 = VERTEX_POINT('',#577);
#577 = CARTESIAN_POINT('',(100.,105.,187.25));
#578 = SURFACE_CURVE('',#579,(#584,#591),.PCURVE_S1.);
#579 = CIRCLE('',#580,1.25);
#580 = AXIS2_PLACEMENT_3D('',#581,#582,#583);
#581 = CARTESIAN_POINT('',(100.,105.,186.));
#582 = DIRECTION('',(0.,1.,0.));
#583 = DIRECTION('',(0.,-0.,1.));
#584 = PCURVE('',#62,#585);
#585 = DEFINITIONAL_REPRESENTATION('',(#586),#590);
#586 = CIRCLE('',#587,1.25);
#587 = AXIS2_PLACEMENT_2D('',#588,#589);
#588 = CARTESIAN_POINT('',(14.,210.));
#589 = DIRECTION('',(1.,0.));
#590 = ( GEOMETRIC_REPRESENTATION_CONTEXT(2) 
PARAMETRIC_REPRESENTATION_CONTEXT() REPRESENTATION_CONTEXT('2D SPACE',''
  ) );
#591 = PCURVE('',#592,#597);
#592 = CYLINDRICAL_SURFACE('',#593,1.25);
#593 = AXIS2_PLACEMENT_3D('',#594,#595,#596);
#594 = CARTESIAN_POINT('',(100.,104.5,186.));
#595 = DIRECTION('',(0.,1.,0.));
#596 = DIRECTION('',(0.,-0.,1.));
#597 = DEFINITIONAL_REPRESENTATION('',(#598),#602);
#598 = LINE('',#599,#600);
#599 = CARTESIAN_POINT('',(0.,0.5));
#600 = VECTOR('',#601,1.);
#601 = DIRECTION('',(1.,0.));
#602 = ( GEOMETRIC_REPRESENTATION_CONTEXT(2) 
PARAMETRIC_REPRESENTATION_CONTEXT() REPRESENTATION_CONTEXT('2D SPACE',''
  ) );
#603 = FACE_BOUND('',#604,.F.);
#604 = EDGE_LOOP('',(#605));
#605 = ORIENTED_EDGE('',*,*,#606,.F.);
#606 = EDGE_CURVE('',#607,#607,#609,.T.);
#607 = VERTEX_POINT('',#608);
#608 = CARTESIAN_POINT('',(125.,105.,187.25));
#609 = SURFACE_CURVE('',#610,(#615,#622),.PCURVE_S1.);
#610 = CIRCLE('',#611,1.25);
#611 = AXIS2_PLACEMENT_3D('',#612,#613,#614);
#612 = CARTESIAN_POINT('',(125.,105.,186.));
#613 = DIRECTION('',(0.,1.,0.));
#614 = DIRECTION('',(0.,-0.,1.));
#615 = PCURVE('',#62,#616);
#616 = DEFINITIONAL_REPRESENTATION('',(#617),#621);
#617 = CIRCLE('',#618,1.25);
#618 = AXIS2_PLACEMENT_2D('',#619,#620);
#619 = CARTESIAN_POINT('',(14.,235.));
#620 = DIRECTION('',(1.,0.));
#621 = ( GEOMETRIC_REPRESENTATION_CONTEXT(2) 
PARAMETRIC_REPRESENTATION_CONTEXT() REPRESENTATION_CONTEXT('2D SPACE',''
  ) );
#622 = PCURVE('',#623,#628);
#623 = CYLINDRICAL_SURFACE('',#624,1.25);
#624 = AXIS2_PLACEMENT_3D('',#625,#626,#627);
#625 = CARTESIAN_POINT('',(125.,104.5,186.));
#626 = DIRECTION('',(0.,1.,0.));
#627 = DIRECTION('',(0.,-0.,1.));
#628 = DEFINITIONAL_REPRESENTATION('',(#629),#633);
#629 = LINE('',#630,#631);
#630 = CARTESIAN_POINT('',(0.,0.5));
#631 = VECTOR('',#632,1.);
#632 = DIRECTION('',(1.,0.));
#633 = ( GEOMETRIC_REPRESENTATION_CONTEXT(2) 
PARAMETRIC_REPRESENTATION_CONTEXT() REPRESENTATION_CONTEXT('2D SPACE',''
  ) );
#634 = FACE_BOUND('',#635,.F.);
#635 = EDGE_LOOP('',(#636));
#636 = ORIENTED_EDGE('',*,*,#637,.F.);
#637 = EDGE_CURVE('',#638,#638,#640,.T.);
#638 = VERTEX_POINT('',#639);
#639 = CARTESIAN_POINT('',(150.,105.,187.25));
#640 = SURFACE_CURVE('',#641,(#646,#653),.PCURVE_S1.);
#641 = CIRCLE('',#642,1.25);
#642 = AXIS2_PLACEMENT_3D('',#643,#644,#645);
#643 = CARTESIAN_POINT('',(150.,105.,186.));
#644 = DIRECTION('',(0.,1.,0.));
#645 = DIRECTION('',(0.,-0.,1.));
#646 = PCURVE('',#62,#647);
#647 = DEFINITIONAL_REPRESENTATION('',(#648),#652);
#648 = CIRCLE('',#649,1.25);
#649 = AXIS2_PLACEMENT_2D('',#650,#651);
#650 = CARTESIAN_POINT('',(14.,260.));
#651 = DIRECTION('',(1.,0.));
#652 = ( GEOMETRIC_REPRESENTATION_CONTEXT(2) 
PARAMETRIC_REPRESENTATION_CONTEXT() REPRESENTATION_CONTEXT('2D SPACE',''
  ) );
#653 = PCURVE('',#654,#659);
#654 = CYLINDRICAL_SURFACE('',#655,1.25);
#655 = AXIS2_PLACEMENT_3D('',#656,#657,#658);
#656 = CARTESIAN_POINT('',(150.,104.5,186.));
#657 = DIRECTION('',(0.,1.,0.));
#658 = DIRECTION('',(0.,-0.,1.));
#659 = DEFINITIONAL_REPRESENTATION('',(#660),#664);
#660 = LINE('',#661,#662);
#661 = CARTESIAN_POINT('',(0.,0.5));
#662 = VECTOR('',#663,1.);
#663 = DIRECTION('',(1.,0.));
#664 = ( GEOMETRIC_REPRESENTATION_CONTEXT(2) 
PARAMETRIC_REPRESENTATION_CONTEXT() REPRESENTATION_CONTEXT('2D SPACE',''
  ) );
#665 = FACE_BOUND('',#666,.F.);
#666 = EDGE_LOOP('',(#667));
#667 = ORIENTED_EDGE('',*,*,#668,.F.);
#668 = EDGE_CURVE('',#669,#669,#671,.T.);
#669 = VERTEX_POINT('',#670);
#670 = CARTESIAN_POINT('',(175.,105.,187.25));
#671 = SURFACE_CURVE('',#672,(#677,#684),.PCURVE_S1.);
#672 = CIRCLE('',#673,1.25);
#673 = AXIS2_PLACEMENT_3D('',#674,#675,#676);
#674 = CARTESIAN_POINT('',(175.,105.,186.));
#675 = DIRECTION('',(0.,1.,0.));
#676 = DIRECTION('',(0.,-0.,1.));
#677 = PCURVE('',#62,#678);
#678 = DEFINITIONAL_REPRESENTATION('',(#679),#683);
#679 = CIRCLE('',#680,1.25);
#680 = AXIS2_PLACEMENT_2D('',#681,#682);
#681 = CARTESIAN_POINT('',(14.,285.));
#682 = DIRECTION('',(1.,0.));
#683 = ( GEOMETRIC_REPRESENTATION_CONTEXT(2) 
PARAMETRIC_REPRESENTATION_CONTEXT() REPRESENTATION_CONTEXT('2D SPACE',''
  ) );
#684 = PCURVE('',#685,#690);
#685 = CYLINDRICAL_SURFACE('',#686,1.25);
#686 = AXIS2_PLACEMENT_3D('',#687,#688,#689);
#687 = CARTESIAN_POINT('',(175.,104.5,186.));
#688 = DIRECTION('',(0.,1.,0.));
#689 = DIRECTION('',(0.,-0.,1.));
#690 = DEFINITIONAL_REPRESENTATION('',(#691),#695);
#691 = LINE('',#692,#693);
#692 = CARTESIAN_POINT('',(0.,0.5));
#693 = VECTOR('',#694,1.);
#694 = DIRECTION('',(1.,0.));
#695 = ( GEOMETRIC_REPRESENTATION_CONTEXT(2) 
PARAMETRIC_REPRESENTATION_CONTEXT() REPRESENTATION_CONTEXT('2D SPACE',''
  ) );
#696 = FACE_BOUND('',#697,.F.);
#697 = EDGE_LOOP('',(#698));
#698 = ORIENTED_EDGE('',*,*,#699,.F.);
#699 = EDGE_CURVE('',#700,#700,#702,.T.);
#700 = VERTEX_POINT('',#701);
#701 = CARTESIAN_POINT('',(200.,105.,187.25));
#702 = SURFACE_CURVE('',#703,(#708,#715),.PCURVE_S1.);
#703 = CIRCLE('',#704,1.25);
#704 = AXIS2_PLACEMENT_3D('',#705,#706,#707);
#705 = CARTESIAN_POINT('',(200.,105.,186.));
#706 = DIRECTION('',(0.,1.,0.));
#707 = DIRECTION('',(0.,-0.,1.));
#708 = PCURVE('',#62,#709);
#709 = DEFINITIONAL_REPRESENTATION('',(#710),#714);
#710 = CIRCLE('',#711,1.25);
#711 = AXIS2_PLACEMENT_2D('',#712,#713);
#712 = CARTESIAN_POINT('',(14.,310.));
#713 = DIRECTION('',(1.,0.));
#714 = ( GEOMETRIC_REPRESENTATION_CONTEXT(2) 
PARAMETRIC_REPRESENTATION_CONTEXT() REPRESENTATION_CONTEXT('2D SPACE',''
  ) );
#715 = PCURVE('',#716,#721);
#716 = CYLINDRICAL_SURFACE('',#717,1.25);
#717 = AXIS2_PLACEMENT_3D('',#718,#719,#720);
#718 = CARTESIAN_POINT('',(200.,104.5,186.));
#719 = DIRECTION('',(0.,1.,0.));
#720 = DIRECTION('',(0.,-0.,1.));
#721 = DEFINITIONAL_REPRESENTATION('',(#722),#726);
#722 = LINE('',#723,#724);
#723 = CARTESIAN_POINT('',(0.,0.5));
#724 = VECTOR('',#725,1.);
#725 = DIRECTION('',(1.,0.));
#726 = ( GEOMETRIC_REPRESENTATION_CONTEXT(2) 
PARAMETRIC_REPRESENTATION_CONTEXT() REPRESENTATION_CONTEXT('2D SPACE',''
  ) );
#727 = FACE_BOUND('',#728,.F.);
#728 = EDGE_LOOP('',(#729));
#729 = ORIENTED_EDGE('',*,*,#730,.F.);
#730 = EDGE_CURVE('',#731,#731,#733,.T.);
#731 = VERTEX_POINT('',#732);
#732 = CARTESIAN_POINT('',(-75.,105.,239.25));
#733 = SURFACE_CURVE('',#734,(#739,#746),.PCURVE_S1.);
#734 = CIRCLE('',#735,1.25);
#735 = AXIS2_PLACEMENT_3D('',#736,#737,#738);
#736 = CARTESIAN_POINT('',(-75.,105.,238.));
#737 = DIRECTION('',(0.,1.,0.));
#738 = DIRECTION('',(0.,-0.,1.));
#739 = PCURVE('',#62,#740);
#740 = DEFINITIONAL_REPRESENTATION('',(#741),#745);
#741 = CIRCLE('',#742,1.25);
#742 = AXIS2_PLACEMENT_2D('',#743,#744);
#743 = CARTESIAN_POINT('',(66.,35.));
#744 = DIRECTION('',(1.,0.));
#745 = ( GEOMETRIC_REPRESENTATION_CONTEXT(2) 
PARAMETRIC_REPRESENTATION_CONTEXT() REPRESENTATION_CONTEXT('2D SPACE',''
  ) );
#746 = PCURVE('',#747,#752);
#747 = CYLINDRICAL_SURFACE('',#748,1.25);
#748 = AXIS2_PLACEMENT_3D('',#749,#750,#751);
#749 = CARTESIAN_POINT('',(-75.,104.5,238.));
#750 = DIRECTION('',(0.,1.,0.));
#751 = DIRECTION('',(0.,-0.,1.));
#752 = DEFINITIONAL_REPRESENTATION('',(#753),#757);
#753 = LINE('',#754,#755);
#754 = CARTESIAN_POINT('',(0.,0.5));
#755 = VECTOR('',#756,1.);
#756 = DIRECTION('',(1.,0.));
#757 = ( GEOMETRIC_REPRESENTATION_CONTEXT(2) 
PARAMETRIC_REPRESENTATION_CONTEXT() REPRESENTATION_CONTEXT('2D SPACE',''
  ) );
#758 = FACE_BOUND('',#759,.F.);
#759 = EDGE_LOOP('',(#760));
#760 = ORIENTED_EDGE('',*,*,#761,.F.);
#761 = EDGE_CURVE('',#762,#762,#764,.T.);
#762 = VERTEX_POINT('',#763);
#763 = CARTESIAN_POINT('',(-50.,105.,239.25));
#764 = SURFACE_CURVE('',#765,(#770,#777),.PCURVE_S1.);
#765 = CIRCLE('',#766,1.25);
#766 = AXIS2_PLACEMENT_3D('',#767,#768,#769);
#767 = CARTESIAN_POINT('',(-50.,105.,238.));
#768 = DIRECTION('',(0.,1.,0.));
#769 = DIRECTION('',(0.,-0.,1.));
#770 = PCURVE('',#62,#771);
#771 = DEFINITIONAL_REPRESENTATION('',(#772),#776);
#772 = CIRCLE('',#773,1.25);
#773 = AXIS2_PLACEMENT_2D('',#774,#775);
#774 = CARTESIAN_POINT('',(66.,60.));
#775 = DIRECTION('',(1.,0.));
#776 = ( GEOMETRIC_REPRESENTATION_CONTEXT(2) 
PARAMETRIC_REPRESENTATION_CONTEXT() REPRESENTATION_CONTEXT('2D SPACE',''
  ) );
#777 = PCURVE('',#778,#783);
#778 = CYLINDRICAL_SURFACE('',#779,1.25);
#779 = AXIS2_PLACEMENT_3D('',#780,#781,#782);
#780 = CARTESIAN_POINT('',(-50.,104.5,238.));
#781 = DIRECTION('',(0.,1.,0.));
#782 = DIRECTION('',(0.,-0.,1.));
#783 = DEFINITIONAL_REPRESENTATION('',(#784),#788);
#784 = LINE('',#785,#786);
#785 = CARTESIAN_POINT('',(0.,0.5));
#786 = VECTOR('',#787,1.);
#787 = DIRECTION('',(1.,0.));
#788 = ( GEOMETRIC_REPRESENTATION_CONTEXT(2) 
PARAMETRIC_REPRESENTATION_CONTEXT() REPRESENTATION_CONTEXT('2D SPACE',''
  ) );
#789 = FACE_BOUND('',#790,.F.);
#790 = EDGE_LOOP('',(#791));
#791 = ORIENTED_EDGE('',*,*,#792,.F.);
#792 = EDGE_CURVE('',#793,#793,#795,.T.);
#793 = VERTEX_POINT('',#794);
#794 = CARTESIAN_POINT('',(-25.,105.,239.25));
#795 = SURFACE_CURVE('',#796,(#801,#808),.PCURVE_S1.);
#796 = CIRCLE('',#797,1.25);
#797 = AXIS2_PLACEMENT_3D('',#798,#799,#800);
#798 = CARTESIAN_POINT('',(-25.,105.,238.));
#799 = DIRECTION('',(0.,1.,0.));
#800 = DIRECTION('',(0.,-0.,1.));
#801 = PCURVE('',#62,#802);
#802 = DEFINITIONAL_REPRESENTATION('',(#803),#807);
#803 = CIRCLE('',#804,1.25);
#804 = AXIS2_PLACEMENT_2D('',#805,#806);
#805 = CARTESIAN_POINT('',(66.,85.));
#806 = DIRECTION('',(1.,0.));
#807 = ( GEOMETRIC_REPRESENTATION_CONTEXT(2) 
PARAMETRIC_REPRESENTATION_CONTEXT() REPRESENTATION_CONTEXT('2D SPACE',''
  ) );
#808 = PCURVE('',#809,#814);
#809 = CYLINDRICAL_SURFACE('',#810,1.25);
#810 = AXIS2_PLACEMENT_3D('',#811,#812,#813);
#811 = CARTESIAN_POINT('',(-25.,104.5,238.));
#812 = DIRECTION('',(0.,1.,0.));
#813 = DIRECTION('',(0.,-0.,1.));
#814 = DEFINITIONAL_REPRESENTATION('',(#815),#819);
#815 = LINE('',#816,#817);
#816 = CARTESIAN_POINT('',(0.,0.5));
#817 = VECTOR('',#818,1.);
#818 = DIRECTION('',(1.,0.));
#819 = ( GEOMETRIC_REPRESENTATION_CONTEXT(2) 
PARAMETRIC_REPRESENTATION_CONTEXT() REPRESENTATION_CONTEXT('2D SPACE',''
  ) );
#820 = FACE_BOUND('',#821,.F.);
#821 = EDGE_LOOP('',(#822));
#822 = ORIENTED_EDGE('',*,*,#823,.F.);
#823 = EDGE_CURVE('',#824,#824,#826,.T.);
#824 = VERTEX_POINT('',#825);
#825 = CARTESIAN_POINT('',(-4.293872584539E-14,105.,239.25));
#826 = SURFACE_CURVE('',#827,(#832,#839),.PCURVE_S1.);
#827 = CIRCLE('',#828,1.25);
#828 = AXIS2_PLACEMENT_3D('',#829,#830,#831);
#829 = CARTESIAN_POINT('',(-4.263256414561E-14,105.,238.));
#830 = DIRECTION('',(0.,1.,0.));
#831 = DIRECTION('',(0.,-0.,1.));
#832 = PCURVE('',#62,#833);
#833 = DEFINITIONAL_REPRESENTATION('',(#834),#838);
#834 = CIRCLE('',#835,1.25);
#835 = AXIS2_PLACEMENT_2D('',#836,#837);
#836 = CARTESIAN_POINT('',(66.,110.));
#837 = DIRECTION('',(1.,0.));
#838 = ( GEOMETRIC_REPRESENTATION_CONTEXT(2) 
PARAMETRIC_REPRESENTATION_CONTEXT() REPRESENTATION_CONTEXT('2D SPACE',''
  ) );
#839 = PCURVE('',#840,#845);
#840 = CYLINDRICAL_SURFACE('',#841,1.25);
#841 = AXIS2_PLACEMENT_3D('',#842,#843,#844);
#842 = CARTESIAN_POINT('',(-4.263256414561E-14,104.5,238.));
#843 = DIRECTION('',(0.,1.,0.));
#844 = DIRECTION('',(0.,-0.,1.));
#845 = DEFINITIONAL_REPRESENTATION('',(#846),#850);
#846 = LINE('',#847,#848);
#847 = CARTESIAN_POINT('',(0.,0.5));
#848 = VECTOR('',#849,1.);
#849 = DIRECTION('',(1.,0.));
#850 = ( GEOMETRIC_REPRESENTATION_CONTEXT(2) 
PARAMETRIC_REPRESENTATION_CONTEXT() REPRESENTATION_CONTEXT('2D SPACE',''
  ) );
#851 = FACE_BOUND('',#852,.F.);
#852 = EDGE_LOOP('',(#853));
#853 = ORIENTED_EDGE('',*,*,#854,.F.);
#854 = EDGE_CURVE('',#855,#855,#857,.T.);
#855 = VERTEX_POINT('',#856);
#856 = CARTESIAN_POINT('',(25.,105.,239.25));
#857 = SURFACE_CURVE('',#858,(#863,#870),.PCURVE_S1.);
#858 = CIRCLE('',#859,1.25);
#859 = AXIS2_PLACEMENT_3D('',#860,#861,#862);
#860 = CARTESIAN_POINT('',(25.,105.,238.));
#861 = DIRECTION('',(0.,1.,0.));
#862 = DIRECTION('',(0.,-0.,1.));
#863 = PCURVE('',#62,#864);
#864 = DEFINITIONAL_REPRESENTATION('',(#865),#869);
#865 = CIRCLE('',#866,1.25);
#866 = AXIS2_PLACEMENT_2D('',#867,#868);
#867 = CARTESIAN_POINT('',(66.,135.));
#868 = DIRECTION('',(1.,0.));
#869 = ( GEOMETRIC_REPRESENTATION_CONTEXT(2) 
PARAMETRIC_REPRESENTATION_CONTEXT() REPRESENTATION_CONTEXT('2D SPACE',''
  ) );
#870 = PCURVE('',#871,#876);
#871 = CYLINDRICAL_SURFACE('',#872,1.25);
#872 = AXIS2_PLACEMENT_3D('',#873,#874,#875);
#873 = CARTESIAN_POINT('',(25.,104.5,238.));
#874 = DIRECTION('',(0.,1.,0.));
#875 = DIRECTION('',(0.,-0.,1.));
#876 = DEFINITIONAL_REPRESENTATION('',(#877),#881);
#877 = LINE('',#878,#879);
#878 = CARTESIAN_POINT('',(0.,0.5));
#879 = VECTOR('',#880,1.);
#880 = DIRECTION('',(1.,0.));
#881 = ( GEOMETRIC_REPRESENTATION_CONTEXT(2) 
PARAMETRIC_REPRESENTATION_CONTEXT() REPRESENTATION_CONTEXT('2D SPACE',''
  ) );
#882 = FACE_BOUND('',#883,.F.);
#883 = EDGE_LOOP('',(#884));
#884 = ORIENTED_EDGE('',*,*,#885,.F.);
#885 = EDGE_CURVE('',#886,#886,#888,.T.);
#886 = VERTEX_POINT('',#887);
#887 = CARTESIAN_POINT('',(50.,105.,239.25));
#888 = SURFACE_CURVE('',#889,(#894,#901),.PCURVE_S1.);
#889 = CIRCLE('',#890,1.25);
#890 = AXIS2_PLACEMENT_3D('',#891,#892,#893);
#891 = CARTESIAN_POINT('',(50.,105.,238.));
#892 = DIRECTION('',(0.,1.,0.));
#893 = DIRECTION('',(0.,-0.,1.));
#894 = PCURVE('',#62,#895);
#895 = DEFINITIONAL_REPRESENTATION('',(#896),#900);
#896 = CIRCLE('',#897,1.25);
#897 = AXIS2_PLACEMENT_2D('',#898,#899);
#898 = CARTESIAN_POINT('',(66.,160.));
#899 = DIRECTION('',(1.,0.));
#900 = ( GEOMETRIC_REPRESENTATION_CONTEXT(2) 
PARAMETRIC_REPRESENTATION_CONTEXT() REPRESENTATION_CONTEXT('2D SPACE',''
  ) );
#901 = PCURVE('',#902,#907);
#902 = CYLINDRICAL_SURFACE('',#903,1.25);
#903 = AXIS2_PLACEMENT_3D('',#904,#905,#906);
#904 = CARTESIAN_POINT('',(50.,104.5,238.));
#905 = DIRECTION('',(0.,1.,0.));
#906 = DIRECTION('',(0.,-0.,1.));
#907 = DEFINITIONAL_REPRESENTATION('',(#908),#912);
#908 = LINE('',#909,#910);
#909 = CARTESIAN_POINT('',(0.,0.5));
#910 = VECTOR('',#911,1.);
#911 = DIRECTION('',(1.,0.));
#912 = ( GEOMETRIC_REPRESENTATION_CONTEXT(2) 
PARAMETRIC_REPRESENTATION_CONTEXT() REPRESENTATION_CONTEXT('2D SPACE',''
  ) );
#913 = FACE_BOUND('',#914,.F.);
#914 = EDGE_LOOP('',(#915));
#915 = ORIENTED_EDGE('',*,*,#916,.F.);
#916 = EDGE_CURVE('',#917,#917,#919,.T.);
#917 = VERTEX_POINT('',#918);
#918 = CARTESIAN_POINT('',(75.,105.,239.25));
#919 = SURFACE_CURVE('',#920,(#925,#932),.PCURVE_S1.);
#920 = CIRCLE('',#921,1.25);
#921 = AXIS2_PLACEMENT_3D('',#922,#923,#924);
#922 = CARTESIAN_POINT('',(75.,105.,238.));
#923 = DIRECTION('',(0.,1.,0.));
#924 = DIRECTION('',(0.,-0.,1.));
#925 = PCURVE('',#62,#926);
#926 = DEFINITIONAL_REPRESENTATION('',(#927),#931);
#927 = CIRCLE('',#928,1.25);
#928 = AXIS2_PLACEMENT_2D('',#929,#930);
#929 = CARTESIAN_POINT('',(66.,185.));
#930 = DIRECTION('',(1.,0.));
#931 = ( GEOMETRIC_REPRESENTATION_CONTEXT(2) 
PARAMETRIC_REPRESENTATION_CONTEXT() REPRESENTATION_CONTEXT('2D SPACE',''
  ) );
#932 = PCURVE('',#933,#938);
#933 = CYLINDRICAL_SURFACE('',#934,1.25);
#934 = AXIS2_PLACEMENT_3D('',#935,#936,#937);
#935 = CARTESIAN_POINT('',(75.,104.5,238.));
#936 = DIRECTION('',(0.,1.,0.));
#937 = DIRECTION('',(0.,-0.,1.));
#938 = DEFINITIONAL_REPRESENTATION('',(#939),#943);
#939 = LINE('',#940,#941);
#940 = CARTESIAN_POINT('',(0.,0.5));
#941 = VECTOR('',#942,1.);
#942 = DIRECTION('',(1.,0.));
#943 = ( GEOMETRIC_REPRESENTATION_CONTEXT(2) 
PARAMETRIC_REPRESENTATION_CONTEXT() REPRESENTATION_CONTEXT('2D SPACE',''
  ) );
#944 = FACE_BOUND('',#945,.F.);
#945 = EDGE_LOOP('',(#946));
#946 = ORIENTED_EDGE('',*,*,#947,.F.);
#947 = EDGE_CURVE('',#948,#948,#950,.T.);
#948 = VERTEX_POINT('',#949);
#949 = CARTESIAN_POINT('',(100.,105.,239.25));
#950 = SURFACE_CURVE('',#951,(#956,#963),.PCURVE_S1.);
#951 = CIRCLE('',#952,1.25);
#952 = AXIS2_PLACEMENT_3D('',#953,#954,#955);
#953 = CARTESIAN_POINT('',(100.,105.,238.));
#954 = DIRECTION('',(0.,1.,0.));
#955 = DIRECTION('',(0.,-0.,1.));
#956 = PCURVE('',#62,#957);
#957 = DEFINITIONAL_REPRESENTATION('',(#958),#962);
#958 = CIRCLE('',#959,1.25);
#959 = AXIS2_PLACEMENT_2D('',#960,#961);
#960 = CARTESIAN_POINT('',(66.,210.));
#961 = DIRECTION('',(1.,0.));
#962 = ( GEOMETRIC_REPRESENTATION_CONTEXT(2) 
PARAMETRIC_REPRESENTATION_CONTEXT() REPRESENTATION_CONTEXT('2D SPACE',''
  ) );
#963 = PCURVE('',#964,#969);
#964 = CYLINDRICAL_SURFACE('',#965,1.25);
#965 = AXIS2_PLACEMENT_3D('',#966,#967,#968);
#966 = CARTESIAN_POINT('',(100.,104.5,238.));
#967 = DIRECTION('',(0.,1.,0.));
#968 = DIRECTION('',(0.,-0.,1.));
#969 = DEFINITIONAL_REPRESENTATION('',(#970),#974);
#970 = LINE('',#971,#972);
#971 = CARTESIAN_POINT('',(0.,0.5));
#972 = VECTOR('',#973,1.);
#973 = DIRECTION('',(1.,0.));
#974 = ( GEOMETRIC_REPRESENTATION_CONTEXT(2) 
PARAMETRIC_REPRESENTATION_CONTEXT() REPRESENTATION_CONTEXT('2D SPACE',''
  ) );
#975 = FACE_BOUND('',#976,.F.);
#976 = EDGE_LOOP('',(#977));
#977 = ORIENTED_EDGE('',*,*,#978,.F.);
#978 = EDGE_CURVE('',#979,#979,#981,.T.);
#979 = VERTEX_POINT('',#980);
#980 = CARTESIAN_POINT('',(125.,105.,239.25));
#981 = SURFACE_CURVE('',#982,(#987,#994),.PCURVE_S1.);
#982 = CIRCLE('',#983,1.25);
#983 = AXIS2_PLACEMENT_3D('',#984,#985,#986);
#984 = CARTESIAN_POINT('',(125.,105.,238.));
#985 = DIRECTION('',(0.,1.,0.));
#986 = DIRECTION('',(0.,-0.,1.));
#987 = PCURVE('',#62,#988);
#988 = DEFINITIONAL_REPRESENTATION('',(#989),#993);
#989 = CIRCLE('',#990,1.25);
#990 = AXIS2_PLACEMENT_2D('',#991,#992);
#991 = CARTESIAN_POINT('',(66.,235.));
#992 = DIRECTION('',(1.,0.));
#993 = ( GEOMETRIC_REPRESENTATION_CONTEXT(2) 
PARAMETRIC_REPRESENTATION_CONTEXT() REPRESENTATION_CONTEXT('2D SPACE',''
  ) );
#994 = PCURVE('',#995,#1000);
#995 = CYLINDRICAL_SURFACE('',#996,1.25);
#996 = AXIS2_PLACEMENT_3D('',#997,#998,#999);
#997 = CARTESIAN_POINT('',(125.,104.5,238.));
#998 = DIRECTION('',(0.,1.,0.));
#999 = DIRECTION('',(0.,-0.,1.));
#1000 = DEFINITIONAL_REPRESENTATION('',(#1001),#1005);
#1001 = LINE('',#1002,#1003);
#1002 = CARTESIAN_POINT('',(0.,0.5));
#1003 = VECTOR('',#1004,1.);
#1004 = DIRECTION('',(1.,0.));
#1005 = ( GEOMETRIC_REPRESENTATION_CONTEXT(2) 
PARAMETRIC_REPRESENTATION_CONTEXT() REPRESENTATION_CONTEXT('2D SPACE',''
  ) );
#1006 = FACE_BOUND('',#1007,.F.);
#1007 = EDGE_LOOP('',(#1008));
#1008 = ORIENTED_EDGE('',*,*,#1009,.F.);
#1009 = EDGE_CURVE('',#1010,#1010,#1012,.T.);
#1010 = VERTEX_POINT('',#1011);
#1011 = CARTESIAN_POINT('',(150.,105.,239.25));
#1012 = SURFACE_CURVE('',#1013,(#1018,#1025),.PCURVE_S1.);
#1013 = CIRCLE('',#1014,1.25);
#1014 = AXIS2_PLACEMENT_3D('',#1015,#1016,#1017);
#1015 = CARTESIAN_POINT('',(150.,105.,238.));
#1016 = DIRECTION('',(0.,1.,0.));
#1017 = DIRECTION('',(0.,-0.,1.));
#1018 = PCURVE('',#62,#1019);
#1019 = DEFINITIONAL_REPRESENTATION('',(#1020),#1024);
#1020 = CIRCLE('',#1021,1.25);
#1021 = AXIS2_PLACEMENT_2D('',#1022,#1023);
#1022 = CARTESIAN_POINT('',(66.,260.));
#1023 = DIRECTION('',(1.,0.));
#1024 = ( GEOMETRIC_REPRESENTATION_CONTEXT(2) 
PARAMETRIC_REPRESENTATION_CONTEXT() REPRESENTATION_CONTEXT('2D SPACE',''
  ) );
#1025 = PCURVE('',#1026,#1031);
#1026 = CYLINDRICAL_SURFACE('',#1027,1.25);
#1027 = AXIS2_PLACEMENT_3D('',#1028,#1029,#1030);
#1028 = CARTESIAN_POINT('',(150.,104.5,238.));
#1029 = DIRECTION('',(0.,1.,0.));
#1030 = DIRECTION('',(0.,-0.,1.));
#1031 = DEFINITIONAL_REPRESENTATION('',(#1032),#1036);
#1032 = LINE('',#1033,#1034);
#1033 = CARTESIAN_POINT('',(0.,0.5));
#1034 = VECTOR('',#1035,1.);
#1035 = DIRECTION('',(1.,0.));
#1036 = ( GEOMETRIC_REPRESENTATION_CONTEXT(2) 
PARAMETRIC_REPRESENTATION_CONTEXT() REPRESENTATION_CONTEXT('2D SPACE',''
  ) );
#1037 = FACE_BOUND('',#1038,.F.);
#1038 = EDGE_LOOP('',(#1039));
#1039 = ORIENTED_EDGE('',*,*,#1040,.F.);
#1040 = EDGE_CURVE('',#1041,#1041,#1043,.T.);
#1041 = VERTEX_POINT('',#1042);
#1042 = CARTESIAN_POINT('',(175.,105.,239.25));
#1043 = SURFACE_CURVE('',#1044,(#1049,#1056),.PCURVE_S1.);
#1044 = CIRCLE('',#1045,1.25);
#1045 = AXIS2_PLACEMENT_3D('',#1046,#1047,#1048);
#1046 = CARTESIAN_POINT('',(175.,105.,238.));
#1047 = DIRECTION('',(0.,1.,0.));
#1048 = DIRECTION('',(0.,-0.,1.));
#1049 = PCURVE('',#62,#1050);
#1050 = DEFINITIONAL_REPRESENTATION('',(#1051),#1055);
#1051 = CIRCLE('',#1052,1.25);
#1052 = AXIS2_PLACEMENT_2D('',#1053,#1054);
#1053 = CARTESIAN_POINT('',(66.,285.));
#1054 = DIRECTION('',(1.,0.));
#1055 = ( GEOMETRIC_REPRESENTATION_CONTEXT(2) 
PARAMETRIC_REPRESENTATION_CONTEXT() REPRESENTATION_CONTEXT('2D SPACE',''
  ) );
#1056 = PCURVE('',#1057,#1062);
#1057 = CYLINDRICAL_SURFACE('',#1058,1.25);
#1058 = AXIS2_PLACEMENT_3D('',#1059,#1060,#1061);
#1059 = CARTESIAN_POINT('',(175.,104.5,238.));
#1060 = DIRECTION('',(0.,1.,0.));
#1061 = DIRECTION('',(0.,-0.,1.));
#1062 = DEFINITIONAL_REPRESENTATION('',(#1063),#1067);
#1063 = LINE('',#1064,#1065);
#1064 = CARTESIAN_POINT('',(0.,0.5));
#1065 = VECTOR('',#1066,1.);
#1066 = DIRECTION('',(1.,0.));
#1067 = ( GEOMETRIC_REPRESENTATION_CONTEXT(2) 
PARAMETRIC_REPRESENTATION_CONTEXT() REPRESENTATION_CONTEXT('2D SPACE',''
  ) );
#1068 = FACE_BOUND('',#1069,.F.);
#1069 = EDGE_LOOP('',(#1070));
#1070 = ORIENTED_EDGE('',*,*,#1071,.F.);
#1071 = EDGE_CURVE('',#1072,#1072,#1074,.T.);
#1072 = VERTEX_POINT('',#1073);
#1073 = CARTESIAN_POINT('',(200.,105.,239.25));
#1074 = SURFACE_CURVE('',#1075,(#1080,#1087),.PCURVE_S1.);
#1075 = CIRCLE('',#1076,1.25);
#1076 = AXIS2_PLACEMENT_3D('',#1077,#1078,#1079);
#1077 = CARTESIAN_POINT('',(200.,105.,238.));
#1078 = DIRECTION('',(0.,1.,0.));
#1079 = DIRECTION('',(0.,-0.,1.));
#1080 = PCURVE('',#62,#1081);
#1081 = DEFINITIONAL_REPRESENTATION('',(#1082),#1086);
#1082 = CIRCLE('',#1083,1.25);
#1083 = AXIS2_PLACEMENT_2D('',#1084,#1085);
#1084 = CARTESIAN_POINT('',(66.,310.));
#1085 = DIRECTION('',(1.,0.));
#1086 = ( GEOMETRIC_REPRESENTATION_CONTEXT(2) 
PARAMETRIC_REPRESENTATION_CONTEXT() REPRESENTATION_CONTEXT('2D SPACE',''
  ) );
#1087 = PCURVE('',#1088,#1093);
#1088 = CYLINDRICAL_SURFACE('',#1089,1.25);
#1089 = AXIS2_PLACEMENT_3D('',#1090,#1091,#1092);
#1090 = CARTESIAN_POINT('',(200.,104.5,238.));
#1091 = DIRECTION('',(0.,1.,0.));
#1092 = DIRECTION('',(0.,-0.,1.));
#1093 = DEFINITIONAL_REPRESENTATION('',(#1094),#1098);
#1094 = LINE('',#1095,#1096);
#1095 = CARTESIAN_POINT('',(0.,0.5));
#1096 = VECTOR('',#1097,1.);
#1097 = DIRECTION('',(1.,0.));
#1098 = ( GEOMETRIC_REPRESENTATION_CONTEXT(2) 
PARAMETRIC_REPRESENTATION_CONTEXT() REPRESENTATION_CONTEXT('2D SPACE',''
  ) );
#1099 = FACE_BOUND('',#1100,.F.);
#1100 = EDGE_LOOP('',(#1101));
#1101 = ORIENTED_EDGE('',*,*,#1102,.F.);
#1102 = EDGE_CURVE('',#1103,#1103,#1105,.T.);
#1103 = VERTEX_POINT('',#1104);
#1104 = CARTESIAN_POINT('',(225.,105.,187.25));
#1105 = SURFACE_CURVE('',#1106,(#1111,#1118),.PCURVE_S1.);
#1106 = CIRCLE('',#1107,1.25);
#1107 = AXIS2_PLACEMENT_3D('',#1108,#1109,#1110);
#1108 = CARTESIAN_POINT('',(225.,105.,186.));
#1109 = DIRECTION('',(0.,1.,0.));
#1110 = DIRECTION('',(0.,-0.,1.));
#1111 = PCURVE('',#62,#1112);
#1112 = DEFINITIONAL_REPRESENTATION('',(#1113),#1117);
#1113 = CIRCLE('',#1114,1.25);
#1114 = AXIS2_PLACEMENT_2D('',#1115,#1116);
#1115 = CARTESIAN_POINT('',(14.,335.));
#1116 = DIRECTION('',(1.,0.));
#1117 = ( GEOMETRIC_REPRESENTATION_CONTEXT(2) 
PARAMETRIC_REPRESENTATION_CONTEXT() REPRESENTATION_CONTEXT('2D SPACE',''
  ) );
#1118 = PCURVE('',#1119,#1124);
#1119 = CYLINDRICAL_SURFACE('',#1120,1.25);
#1120 = AXIS2_PLACEMENT_3D('',#1121,#1122,#1123);
#1121 = CARTESIAN_POINT('',(225.,104.5,186.));
#1122 = DIRECTION('',(0.,1.,0.));
#1123 = DIRECTION('',(0.,-0.,1.));
#1124 = DEFINITIONAL_REPRESENTATION('',(#1125),#1129);
#1125 = LINE('',#1126,#1127);
#1126 = CARTESIAN_POINT('',(0.,0.5));
#1127 = VECTOR('',#1128,1.);
#1128 = DIRECTION('',(1.,0.));
#1129 = ( GEOMETRIC_REPRESENTATION_CONTEXT(2) 
PARAMETRIC_REPRESENTATION_CONTEXT() REPRESENTATION_CONTEXT('2D SPACE',''
  ) );
#1130 = FACE_BOUND('',#1131,.F.);
#1131 = EDGE_LOOP('',(#1132));
#1132 = ORIENTED_EDGE('',*,*,#1133,.F.);
#1133 = EDGE_CURVE('',#1134,#1134,#1136,.T.);
#1134 = VERTEX_POINT('',#1135);
#1135 = CARTESIAN_POINT('',(250.,105.,187.25));
#1136 = SURFACE_CURVE('',#1137,(#1142,#1149),.PCURVE_S1.);
#1137 = CIRCLE('',#1138,1.25);
#1138 = AXIS2_PLACEMENT_3D('',#1139,#1140,#1141);
#1139 = CARTESIAN_POINT('',(250.,105.,186.));
#1140 = DIRECTION('',(0.,1.,0.));
#1141 = DIRECTION('',(0.,-0.,1.));
#1142 = PCURVE('',#62,#1143);
#1143 = DEFINITIONAL_REPRESENTATION('',(#1144),#1148);
#1144 = CIRCLE('',#1145,1.25);
#1145 = AXIS2_PLACEMENT_2D('',#1146,#1147);
#1146 = CARTESIAN_POINT('',(14.,360.));
#1147 = DIRECTION('',(1.,0.));
#1148 = ( GEOMETRIC_REPRESENTATION_CONTEXT(2) 
PARAMETRIC_REPRESENTATION_CONTEXT() REPRESENTATION_CONTEXT('2D SPACE',''
  ) );
#1149 = PCURVE('',#1150,#1155);
#1150 = CYLINDRICAL_SURFACE('',#1151,1.25);
#1151 = AXIS2_PLACEMENT_3D('',#1152,#1153,#1154);
#1152 = CARTESIAN_POINT('',(250.,104.5,186.));
#1153 = DIRECTION('',(0.,1.,0.));
#1154 = DIRECTION('',(0.,-0.,1.));
#1155 = DEFINITIONAL_REPRESENTATION('',(#1156),#1160);
#1156 = LINE('',#1157,#1158);
#1157 = CARTESIAN_POINT('',(0.,0.5));
#1158 = VECTOR('',#1159,1.);
#1159 = DIRECTION('',(1.,0.));
#1160 = ( GEOMETRIC_REPRESENTATION_CONTEXT(2) 
PARAMETRIC_REPRESENTATION_CONTEXT() REPRESENTATION_CONTEXT('2D SPACE',''
  ) );
#1161 = FACE_BOUND('',#1162,.F.);
#1162 = EDGE_LOOP('',(#1163));
#1163 = ORIENTED_EDGE('',*,*,#1164,.F.);
#1164 = EDGE_CURVE('',#1165,#1165,#1167,.T.);
#1165 = VERTEX_POINT('',#1166);
#1166 = CARTESIAN_POINT('',(275.,105.,187.25));
#1167 = SURFACE_CURVE('',#1168,(#1173,#1180),.PCURVE_S1.);
#1168 = CIRCLE('',#1169,1.25);
#1169 = AXIS2_PLACEMENT_3D('',#1170,#1171,#1172);
#1170 = CARTESIAN_POINT('',(275.,105.,186.));
#1171 = DIRECTION('',(0.,1.,0.));
#1172 = DIRECTION('',(0.,-0.,1.));
#1173 = PCURVE('',#62,#1174);
#1174 = DEFINITIONAL_REPRESENTATION('',(#1175),#1179);
#1175 = CIRCLE('',#1176,1.25);
#1176 = AXIS2_PLACEMENT_2D('',#1177,#1178);
#1177 = CARTESIAN_POINT('',(14.,385.));
#1178 = DIRECTION('',(1.,0.));
#1179 = ( GEOMETRIC_REPRESENTATION_CONTEXT(2) 
PARAMETRIC_REPRESENTATION_CONTEXT() REPRESENTATION_CONTEXT('2D SPACE',''
  ) );
#1180 = PCURVE('',#1181,#1186);
#1181 = CYLINDRICAL_SURFACE('',#1182,1.25);
#1182 = AXIS2_PLACEMENT_3D('',#1183,#1184,#1185);
#1183 = CARTESIAN_POINT('',(275.,104.5,186.));
#1184 = DIRECTION('',(0.,1.,0.));
#1185 = DIRECTION('',(0.,-0.,1.));
#1186 = DEFINITIONAL_REPRESENTATION('',(#1187),#1191);
#1187 = LINE('',#1188,#1189);
#1188 = CARTESIAN_POINT('',(0.,0.5));
#1189 = VECTOR('',#1190,1.);
#1190 = DIRECTION('',(1.,0.));
#1191 = ( GEOMETRIC_REPRESENTATION_CONTEXT(2) 
PARAMETRIC_REPRESENTATION_CONTEXT() REPRESENTATION_CONTEXT('2D SPACE',''
  ) );
#1192 = FACE_BOUND('',#1193,.F.);
#1193 = EDGE_LOOP('',(#1194));
#1194 = ORIENTED_EDGE('',*,*,#1195,.F.);
#1195 = EDGE_CURVE('',#1196,#1196,#1198,.T.);
#1196 = VERTEX_POINT('',#1197);
#1197 = CARTESIAN_POINT('',(300.,105.,187.25));
#1198 = SURFACE_CURVE('',#1199,(#1204,#1211),.PCURVE_S1.);
#1199 = CIRCLE('',#1200,1.25);
#1200 = AXIS2_PLACEMENT_3D('',#1201,#1202,#1203);
#1201 = CARTESIAN_POINT('',(300.,105.,186.));
#1202 = DIRECTION('',(0.,1.,0.));
#1203 = DIRECTION('',(0.,-0.,1.));
#1204 = PCURVE('',#62,#1205);
#1205 = DEFINITIONAL_REPRESENTATION('',(#1206),#1210);
#1206 = CIRCLE('',#1207,1.25);
#1207 = AXIS2_PLACEMENT_2D('',#1208,#1209);
#1208 = CARTESIAN_POINT('',(14.,410.));
#1209 = DIRECTION('',(1.,0.));
#1210 = ( GEOMETRIC_REPRESENTATION_CONTEXT(2) 
PARAMETRIC_REPRESENTATION_CONTEXT() REPRESENTATION_CONTEXT('2D SPACE',''
  ) );
#1211 = PCURVE('',#1212,#1217);
#1212 = CYLINDRICAL_SURFACE('',#1213,1.25);
#1213 = AXIS2_PLACEMENT_3D('',#1214,#1215,#1216);
#1214 = CARTESIAN_POINT('',(300.,104.5,186.));
#1215 = DIRECTION('',(0.,1.,0.));
#1216 = DIRECTION('',(0.,-0.,1.));
#1217 = DEFINITIONAL_REPRESENTATION('',(#1218),#1222);
#1218 = LINE('',#1219,#1220);
#1219 = CARTESIAN_POINT('',(0.,0.5));
#1220 = VECTOR('',#1221,1.);
#1221 = DIRECTION('',(1.,0.));
#1222 = ( GEOMETRIC_REPRESENTATION_CONTEXT(2) 
PARAMETRIC_REPRESENTATION_CONTEXT() REPRESENTATION_CONTEXT('2D SPACE',''
  ) );
#1223 = FACE_BOUND('',#1224,.F.);
#1224 = EDGE_LOOP('',(#1225));
#1225 = ORIENTED_EDGE('',*,*,#1226,.F.);
#1226 = EDGE_CURVE('',#1227,#1227,#1229,.T.);
#1227 = VERTEX_POINT('',#1228);
#1228 = CARTESIAN_POINT('',(325.,105.,187.25));
#1229 = SURFACE_CURVE('',#1230,(#1235,#1242),.PCURVE_S1.);
#1230 = CIRCLE('',#1231,1.25);
#1231 = AXIS2_PLACEMENT_3D('',#1232,#1233,#1234);
#1232 = CARTESIAN_POINT('',(325.,105.,186.));
#1233 = DIRECTION('',(0.,1.,0.));
#1234 = DIRECTION('',(0.,-0.,1.));
#1235 = PCURVE('',#62,#1236);
#1236 = DEFINITIONAL_REPRESENTATION('',(#1237),#1241);
#1237 = CIRCLE('',#1238,1.25);
#1238 = AXIS2_PLACEMENT_2D('',#1239,#1240);
#1239 = CARTESIAN_POINT('',(14.,435.));
#1240 = DIRECTION('',(1.,0.));
#1241 = ( GEOMETRIC_REPRESENTATION_CONTEXT(2) 
PARAMETRIC_REPRESENTATION_CONTEXT() REPRESENTATION_CONTEXT('2D SPACE',''
  ) );
#1242 = PCURVE('',#1243,#1248);
#1243 = CYLINDRICAL_SURFACE('',#1244,1.25);
#1244 = AXIS2_PLACEMENT_3D('',#1245,#1246,#1247);
#1245 = CARTESIAN_POINT('',(325.,104.5,186.));
#1246 = DIRECTION('',(0.,1.,0.));
#1247 = DIRECTION('',(0.,-0.,1.));
#1248 = DEFINITIONAL_REPRESENTATION('',(#1249),#1253);
#1249 = LINE('',#1250,#1251);
#1250 = CARTESIAN_POINT('',(0.,0.5));
#1251 = VECTOR('',#1252,1.);
#1252 = DIRECTION('',(1.,0.));
#1253 = ( GEOMETRIC_REPRESENTATION_CONTEXT(2) 
PARAMETRIC_REPRESENTATION_CONTEXT() REPRESENTATION_CONTEXT('2D SPACE',''
  ) );
#1254 = FACE_BOUND('',#1255,.F.);
#1255 = EDGE_LOOP('',(#1256));
#1256 = ORIENTED_EDGE('',*,*,#1257,.F.);
#1257 = EDGE_CURVE('',#1258,#1258,#1260,.T.);
#1258 = VERTEX_POINT('',#1259);
#1259 = CARTESIAN_POINT('',(350.,105.,187.25));
#1260 = SURFACE_CURVE('',#1261,(#1266,#1273),.PCURVE_S1.);
#1261 = CIRCLE('',#1262,1.25);
#1262 = AXIS2_PLACEMENT_3D('',#1263,#1264,#1265);
#1263 = CARTESIAN_POINT('',(350.,105.,186.));
#1264 = DIRECTION('',(0.,1.,0.));
#1265 = DIRECTION('',(0.,-0.,1.));
#1266 = PCURVE('',#62,#1267);
#1267 = DEFINITIONAL_REPRESENTATION('',(#1268),#1272);
#1268 = CIRCLE('',#1269,1.25);
#1269 = AXIS2_PLACEMENT_2D('',#1270,#1271);
#1270 = CARTESIAN_POINT('',(14.,460.));
#1271 = DIRECTION('',(1.,0.));
#1272 = ( GEOMETRIC_REPRESENTATION_CONTEXT(2) 
PARAMETRIC_REPRESENTATION_CONTEXT() REPRESENTATION_CONTEXT('2D SPACE',''
  ) );
#1273 = PCURVE('',#1274,#1279);
#1274 = CYLINDRICAL_SURFACE('',#1275,1.25);
#1275 = AXIS2_PLACEMENT_3D('',#1276,#1277,#1278);
#1276 = CARTESIAN_POINT('',(350.,104.5,186.));
#1277 = DIRECTION('',(0.,1.,0.));
#1278 = DIRECTION('',(0.,-0.,1.));
#1279 = DEFINITIONAL_REPRESENTATION('',(#1280),#1284);
#1280 = LINE('',#1281,#1282);
#1281 = CARTESIAN_POINT('',(0.,0.5));
#1282 = VECTOR('',#1283,1.);
#1283 = DIRECTION('',(1.,0.));
#1284 = ( GEOMETRIC_REPRESENTATION_CONTEXT(2) 
PARAMETRIC_REPRESENTATION_CONTEXT() REPRESENTATION_CONTEXT('2D SPACE',''
  ) );
#1285 = FACE_BOUND('',#1286,.F.);
#1286 = EDGE_LOOP('',(#1287));
#1287 = ORIENTED_EDGE('',*,*,#1288,.F.);
#1288 = EDGE_CURVE('',#1289,#1289,#1291,.T.);
#1289 = VERTEX_POINT('',#1290);
#1290 = CARTESIAN_POINT('',(375.,105.,187.25));
#1291 = SURFACE_CURVE('',#1292,(#1297,#1304),.PCURVE_S1.);
#1292 = CIRCLE('',#1293,1.25);
#1293 = AXIS2_PLACEMENT_3D('',#1294,#1295,#1296);
#1294 = CARTESIAN_POINT('',(375.,105.,186.));
#1295 = DIRECTION('',(0.,1.,0.));
#1296 = DIRECTION('',(0.,-0.,1.));
#1297 = PCURVE('',#62,#1298);
#1298 = DEFINITIONAL_REPRESENTATION('',(#1299),#1303);
#1299 = CIRCLE('',#1300,1.25);
#1300 = AXIS2_PLACEMENT_2D('',#1301,#1302);
#1301 = CARTESIAN_POINT('',(14.,485.));
#1302 = DIRECTION('',(1.,0.));
#1303 = ( GEOMETRIC_REPRESENTATION_CONTEXT(2) 
PARAMETRIC_REPRESENTATION_CONTEXT() REPRESENTATION_CONTEXT('2D SPACE',''
  ) );
#1304 = PCURVE('',#1305,#1310);
#1305 = CYLINDRICAL_SURFACE('',#1306,1.25);
#1306 = AXIS2_PLACEMENT_3D('',#1307,#1308,#1309);
#1307 = CARTESIAN_POINT('',(375.,104.5,186.));
#1308 = DIRECTION('',(0.,1.,0.));
#1309 = DIRECTION('',(0.,-0.,1.));
#1310 = DEFINITIONAL_REPRESENTATION('',(#1311),#1315);
#1311 = LINE('',#1312,#1313);
#1312 = CARTESIAN_POINT('',(0.,0.5));
#1313 = VECTOR('',#1314,1.);
#1314 = DIRECTION('',(1.,0.));
#1315 = ( GEOMETRIC_REPRESENTATION_CONTEXT(2) 
PARAMETRIC_REPRESENTATION_CONTEXT() REPRESENTATION_CONTEXT('2D SPACE',''
  ) );
#1316 = FACE_BOUND('',#1317,.F.);
#1317 = EDGE_LOOP('',(#1318));
#1318 = ORIENTED_EDGE('',*,*,#1319,.F.);
#1319 = EDGE_CURVE('',#1320,#1320,#1322,.T.);
#1320 = VERTEX_POINT('',#1321);
#1321 = CARTESIAN_POINT('',(400.,105.,187.25));
#1322 = SURFACE_CURVE('',#1323,(#1328,#1335),.PCURVE_S1.);
#1323 = CIRCLE('',#1324,1.25);
#1324 = AXIS2_PLACEMENT_3D('',#1325,#1326,#1327);
#1325 = CARTESIAN_POINT('',(400.,105.,186.));
#1326 = DIRECTION('',(0.,1.,0.));
#1327 = DIRECTION('',(0.,-0.,1.));
#1328 = PCURVE('',#62,#1329);
#1329 = DEFINITIONAL_REPRESENTATION('',(#1330),#1334);
#1330 = CIRCLE('',#1331,1.25);
#1331 = AXIS2_PLACEMENT_2D('',#1332,#1333);
#1332 = CARTESIAN_POINT('',(14.,510.));
#1333 = DIRECTION('',(1.,0.));
#1334 = ( GEOMETRIC_REPRESENTATION_CONTEXT(2) 
PARAMETRIC_REPRESENTATION_CONTEXT() REPRESENTATION_CONTEXT('2D SPACE',''
  ) );
#1335 = PCURVE('',#1336,#1341);
#1336 = CYLINDRICAL_SURFACE('',#1337,1.25);
#1337 = AXIS2_PLACEMENT_3D('',#1338,#1339,#1340);
#1338 = CARTESIAN_POINT('',(400.,104.5,186.));
#1339 = DIRECTION('',(0.,1.,0.));
#1340 = DIRECTION('',(0.,-0.,1.));
#1341 = DEFINITIONAL_REPRESENTATION('',(#1342),#1346);
#1342 = LINE('',#1343,#1344);
#1343 = CARTESIAN_POINT('',(0.,0.5));
#1344 = VECTOR('',#1345,1.);
#1345 = DIRECTION('',(1.,0.));
#1346 = ( GEOMETRIC_REPRESENTATION_CONTEXT(2) 
PARAMETRIC_REPRESENTATION_CONTEXT() REPRESENTATION_CONTEXT('2D SPACE',''
  ) );
#1347 = FACE_BOUND('',#1348,.F.);
#1348 = EDGE_LOOP('',(#1349));
#1349 = ORIENTED_EDGE('',*,*,#1350,.F.);
#1350 = EDGE_CURVE('',#1351,#1351,#1353,.T.);
#1351 = VERTEX_POINT('',#1352);
#1352 = CARTESIAN_POINT('',(425.,105.,187.25));
#1353 = SURFACE_CURVE('',#1354,(#1359,#1366),.PCURVE_S1.);
#1354 = CIRCLE('',#1355,1.25);
#1355 = AXIS2_PLACEMENT_3D('',#1356,#1357,#1358);
#1356 = CARTESIAN_POINT('',(425.,105.,186.));
#1357 = DIRECTION('',(0.,1.,0.));
#1358 = DIRECTION('',(0.,-0.,1.));
#1359 = PCURVE('',#62,#1360);
#1360 = DEFINITIONAL_REPRESENTATION('',(#1361),#1365);
#1361 = CIRCLE('',#1362,1.25);
#1362 = AXIS2_PLACEMENT_2D('',#1363,#1364);
#1363 = CARTESIAN_POINT('',(14.,535.));
#1364 = DIRECTION('',(1.,0.));
#1365 = ( GEOMETRIC_REPRESENTATION_CONTEXT(2) 
PARAMETRIC_REPRESENTATION_CONTEXT() REPRESENTATION_CONTEXT('2D SPACE',''
  ) );
#1366 = PCURVE('',#1367,#1372);
#1367 = CYLINDRICAL_SURFACE('',#1368,1.25);
#1368 = AXIS2_PLACEMENT_3D('',#1369,#1370,#1371);
#1369 = CARTESIAN_POINT('',(425.,104.5,186.));
#1370 = DIRECTION('',(0.,1.,0.));
#1371 = DIRECTION('',(0.,-0.,1.));
#1372 = DEFINITIONAL_REPRESENTATION('',(#1373),#1377);
#1373 = LINE('',#1374,#1375);
#1374 = CARTESIAN_POINT('',(0.,0.5));
#1375 = VECTOR('',#1376,1.);
#1376 = DIRECTION('',(1.,0.));
#1377 = ( GEOMETRIC_REPRESENTATION_CONTEXT(2) 
PARAMETRIC_REPRESENTATION_CONTEXT() REPRESENTATION_CONTEXT('2D SPACE',''
  ) );
#1378 = FACE_BOUND('',#1379,.F.);
#1379 = EDGE_LOOP('',(#1380));
#1380 = ORIENTED_EDGE('',*,*,#1381,.F.);
#1381 = EDGE_CURVE('',#1382,#1382,#1384,.T.);
#1382 = VERTEX_POINT('',#1383);
#1383 = CARTESIAN_POINT('',(450.,105.,187.25));
#1384 = SURFACE_CURVE('',#1385,(#1390,#1397),.PCURVE_S1.);
#1385 = CIRCLE('',#1386,1.25);
#1386 = AXIS2_PLACEMENT_3D('',#1387,#1388,#1389);
#1387 = CARTESIAN_POINT('',(450.,105.,186.));
#1388 = DIRECTION('',(0.,1.,0.));
#1389 = DIRECTION('',(0.,-0.,1.));
#1390 = PCURVE('',#62,#1391);
#1391 = DEFINITIONAL_REPRESENTATION('',(#1392),#1396);
#1392 = CIRCLE('',#1393,1.25);
#1393 = AXIS2_PLACEMENT_2D('',#1394,#1395);
#1394 = CARTESIAN_POINT('',(14.,560.));
#1395 = DIRECTION('',(1.,0.));
#1396 = ( GEOMETRIC_REPRESENTATION_CONTEXT(2) 
PARAMETRIC_REPRESENTATION_CONTEXT() REPRESENTATION_CONTEXT('2D SPACE',''
  ) );
#1397 = PCURVE('',#1398,#1403);
#1398 = CYLINDRICAL_SURFACE('',#1399,1.25);
#1399 = AXIS2_PLACEMENT_3D('',#1400,#1401,#1402);
#1400 = CARTESIAN_POINT('',(450.,104.5,186.));
#1401 = DIRECTION('',(0.,1.,0.));
#1402 = DIRECTION('',(0.,-0.,1.));
#1403 = DEFINITIONAL_REPRESENTATION('',(#1404),#1408);
#1404 = LINE('',#1405,#1406);
#1405 = CARTESIAN_POINT('',(0.,0.5));
#1406 = VECTOR('',#1407,1.);
#1407 = DIRECTION('',(1.,0.));
#1408 = ( GEOMETRIC_REPRESENTATION_CONTEXT(2) 
PARAMETRIC_REPRESENTATION_CONTEXT() REPRESENTATION_CONTEXT('2D SPACE',''
  ) );
#1409 = FACE_BOUND('',#1410,.F.);
#1410 = EDGE_LOOP('',(#1411));
#1411 = ORIENTED_EDGE('',*,*,#1412,.F.);
#1412 = EDGE_CURVE('',#1413,#1413,#1415,.T.);
#1413 = VERTEX_POINT('',#1414);
#1414 = CARTESIAN_POINT('',(475.,105.,187.25));
#1415 = SURFACE_CURVE('',#1416,(#1421,#1428),.PCURVE_S1.);
#1416 = CIRCLE('',#1417,1.25);
#1417 = AXIS2_PLACEMENT_3D('',#1418,#1419,#1420);
#1418 = CARTESIAN_POINT('',(475.,105.,186.));
#1419 = DIRECTION('',(0.,1.,0.));
#1420 = DIRECTION('',(0.,-0.,1.));
#1421 = PCURVE('',#62,#1422);
#1422 = DEFINITIONAL_REPRESENTATION('',(#1423),#1427);
#1423 = CIRCLE('',#1424,1.25);
#1424 = AXIS2_PLACEMENT_2D('',#1425,#1426);
#1425 = CARTESIAN_POINT('',(14.,585.));
#1426 = DIRECTION('',(1.,0.));
#1427 = ( GEOMETRIC_REPRESENTATION_CONTEXT(2) 
PARAMETRIC_REPRESENTATION_CONTEXT() REPRESENTATION_CONTEXT('2D SPACE',''
  ) );
#1428 = PCURVE('',#1429,#1434);
#1429 = CYLINDRICAL_SURFACE('',#1430,1.25);
#1430 = AXIS2_PLACEMENT_3D('',#1431,#1432,#1433);
#1431 = CARTESIAN_POINT('',(475.,104.5,186.));
#1432 = DIRECTION('',(0.,1.,0.));
#1433 = DIRECTION('',(0.,-0.,1.));
#1434 = DEFINITIONAL_REPRESENTATION('',(#1435),#1439);
#1435 = LINE('',#1436,#1437);
#1436 = CARTESIAN_POINT('',(0.,0.5));
#1437 = VECTOR('',#1438,1.);
#1438 = DIRECTION('',(1.,0.));
#1439 = ( GEOMETRIC_REPRESENTATION_CONTEXT(2) 
PARAMETRIC_REPRESENTATION_CONTEXT() REPRESENTATION_CONTEXT('2D SPACE',''
  ) );
#1440 = FACE_BOUND('',#1441,.F.);
#1441 = EDGE_LOOP('',(#1442));
#1442 = ORIENTED_EDGE('',*,*,#1443,.F.);
#1443 = EDGE_CURVE('',#1444,#1444,#1446,.T.);
#1444 = VERTEX_POINT('',#1445);
#1445 = CARTESIAN_POINT('',(500.,105.,187.25));
#1446 = SURFACE_CURVE('',#1447,(#1452,#1459),.PCURVE_S1.);
#1447 = CIRCLE('',#1448,1.25);
#1448 = AXIS2_PLACEMENT_3D('',#1449,#1450,#1451);
#1449 = CARTESIAN_POINT('',(500.,105.,186.));
#1450 = DIRECTION('',(0.,1.,0.));
#1451 = DIRECTION('',(0.,-0.,1.));
#1452 = PCURVE('',#62,#1453);
#1453 = DEFINITIONAL_REPRESENTATION('',(#1454),#1458);
#1454 = CIRCLE('',#1455,1.25);
#1455 = AXIS2_PLACEMENT_2D('',#1456,#1457);
#1456 = CARTESIAN_POINT('',(14.,610.));
#1457 = DIRECTION('',(1.,0.));
#1458 = ( GEOMETRIC_REPRESENTATION_CONTEXT(2) 
PARAMETRIC_REPRESENTATION_CONTEXT() REPRESENTATION_CONTEXT('2D SPACE',''
  ) );
#1459 = PCURVE('',#1460,#1465);
#1460 = CYLINDRICAL_SURFACE('',#1461,1.25);
#1461 = AXIS2_PLACEMENT_3D('',#1462,#1463,#1464);
#1462 = CARTESIAN_POINT('',(500.,104.5,186.));
#1463 = DIRECTION('',(0.,1.,0.));
#1464 = DIRECTION('',(0.,-0.,1.));
#1465 = DEFINITIONAL_REPRESENTATION('',(#1466),#1470);
#1466 = LINE('',#1467,#1468);
#1467 = CARTESIAN_POINT('',(0.,0.5));
#1468 = VECTOR('',#1469,1.);
#1469 = DIRECTION('',(1.,0.));
#1470 = ( GEOMETRIC_REPRESENTATION_CONTEXT(2) 
PARAMETRIC_REPRESENTATION_CONTEXT() REPRESENTATION_CONTEXT('2D SPACE',''
  ) );
#1471 = FACE_BOUND('',#1472,.F.);
#1472 = EDGE_LOOP('',(#1473));
#1473 = ORIENTED_EDGE('',*,*,#1474,.F.);
#1474 = EDGE_CURVE('',#1475,#1475,#1477,.T.);
#1475 = VERTEX_POINT('',#1476);
#1476 = CARTESIAN_POINT('',(525.,105.,187.25));
#1477 = SURFACE_CURVE('',#1478,(#1483,#1490),.PCURVE_S1.);
#1478 = CIRCLE('',#1479,1.25);
#1479 = AXIS2_PLACEMENT_3D('',#1480,#1481,#1482);
#1480 = CARTESIAN_POINT('',(525.,105.,186.));
#1481 = DIRECTION('',(0.,1.,0.));
#1482 = DIRECTION('',(0.,-0.,1.));
#1483 = PCURVE('',#62,#1484);
#1484 = DEFINITIONAL_REPRESENTATION('',(#1485),#1489);
#1485 = CIRCLE('',#1486,1.25);
#1486 = AXIS2_PLACEMENT_2D('',#1487,#1488);
#1487 = CARTESIAN_POINT('',(14.,635.));
#1488 = DIRECTION('',(1.,0.));
#1489 = ( GEOMETRIC_REPRESENTATION_CONTEXT(2) 
PARAMETRIC_REPRESENTATION_CONTEXT() REPRESENTATION_CONTEXT('2D SPACE',''
  ) );
#1490 = PCURVE('',#1491,#1496);
#1491 = CYLINDRICAL_SURFACE('',#1492,1.25);
#1492 = AXIS2_PLACEMENT_3D('',#1493,#1494,#1495);
#1493 = CARTESIAN_POINT('',(525.,104.5,186.));
#1494 = DIRECTION('',(0.,1.,0.));
#1495 = DIRECTION('',(0.,-0.,1.));
#1496 = DEFINITIONAL_REPRESENTATION('',(#1497),#1501);
#1497 = LINE('',#1498,#1499);
#1498 = CARTESIAN_POINT('',(0.,0.5));
#1499 = VECTOR('',#1500,1.);
#1500 = DIRECTION('',(1.,0.));
#1501 = ( GEOMETRIC_REPRESENTATION_CONTEXT(2) 
PARAMETRIC_REPRESENTATION_CONTEXT() REPRESENTATION_CONTEXT('2D SPACE',''
  ) );
#1502 = FACE_BOUND('',#1503,.F.);
#1503 = EDGE_LOOP('',(#1504));
#1504 = ORIENTED_EDGE('',*,*,#1505,.F.);
#1505 = EDGE_CURVE('',#1506,#1506,#1508,.T.);
#1506 = VERTEX_POINT('',#1507);
#1507 = CARTESIAN_POINT('',(225.,105.,239.25));
#1508 = SURFACE_CURVE('',#1509,(#1514,#1521),.PCURVE_S1.);
#1509 = CIRCLE('',#1510,1.25);
#1510 = AXIS2_PLACEMENT_3D('',#1511,#1512,#1513);
#1511 = CARTESIAN_POINT('',(225.,105.,238.));
#1512 = DIRECTION('',(0.,1.,0.));
#1513 = DIRECTION('',(0.,-0.,1.));
#1514 = PCURVE('',#62,#1515);
#1515 = DEFINITIONAL_REPRESENTATION('',(#1516),#1520);
#1516 = CIRCLE('',#1517,1.25);
#1517 = AXIS2_PLACEMENT_2D('',#1518,#1519);
#1518 = CARTESIAN_POINT('',(66.,335.));
#1519 = DIRECTION('',(1.,0.));
#1520 = ( GEOMETRIC_REPRESENTATION_CONTEXT(2) 
PARAMETRIC_REPRESENTATION_CONTEXT() REPRESENTATION_CONTEXT('2D SPACE',''
  ) );
#1521 = PCURVE('',#1522,#1527);
#1522 = CYLINDRICAL_SURFACE('',#1523,1.25);
#1523 = AXIS2_PLACEMENT_3D('',#1524,#1525,#1526);
#1524 = CARTESIAN_POINT('',(225.,104.5,238.));
#1525 = DIRECTION('',(0.,1.,0.));
#1526 = DIRECTION('',(0.,-0.,1.));
#1527 = DEFINITIONAL_REPRESENTATION('',(#1528),#1532);
#1528 = LINE('',#1529,#1530);
#1529 = CARTESIAN_POINT('',(0.,0.5));
#1530 = VECTOR('',#1531,1.);
#1531 = DIRECTION('',(1.,0.));
#1532 = ( GEOMETRIC_REPRESENTATION_CONTEXT(2) 
PARAMETRIC_REPRESENTATION_CONTEXT() REPRESENTATION_CONTEXT('2D SPACE',''
  ) );
#1533 = FACE_BOUND('',#1534,.F.);
#1534 = EDGE_LOOP('',(#1535));
#1535 = ORIENTED_EDGE('',*,*,#1536,.F.);
#1536 = EDGE_CURVE('',#1537,#1537,#1539,.T.);
#1537 = VERTEX_POINT('',#1538);
#1538 = CARTESIAN_POINT('',(250.,105.,239.25));
#1539 = SURFACE_CURVE('',#1540,(#1545,#1552),.PCURVE_S1.);
#1540 = CIRCLE('',#1541,1.25);
#1541 = AXIS2_PLACEMENT_3D('',#1542,#1543,#1544);
#1542 = CARTESIAN_POINT('',(250.,105.,238.));
#1543 = DIRECTION('',(0.,1.,0.));
#1544 = DIRECTION('',(0.,-0.,1.));
#1545 = PCURVE('',#62,#1546);
#1546 = DEFINITIONAL_REPRESENTATION('',(#1547),#1551);
#1547 = CIRCLE('',#1548,1.25);
#1548 = AXIS2_PLACEMENT_2D('',#1549,#1550);
#1549 = CARTESIAN_POINT('',(66.,360.));
#1550 = DIRECTION('',(1.,0.));
#1551 = ( GEOMETRIC_REPRESENTATION_CONTEXT(2) 
PARAMETRIC_REPRESENTATION_CONTEXT() REPRESENTATION_CONTEXT('2D SPACE',''
  ) );
#1552 = PCURVE('',#1553,#1558);
#1553 = CYLINDRICAL_SURFACE('',#1554,1.25);
#1554 = AXIS2_PLACEMENT_3D('',#1555,#1556,#1557);
#1555 = CARTESIAN_POINT('',(250.,104.5,238.));
#1556 = DIRECTION('',(0.,1.,0.));
#1557 = DIRECTION('',(0.,-0.,1.));
#1558 = DEFINITIONAL_REPRESENTATION('',(#1559),#1563);
#1559 = LINE('',#1560,#1561);
#1560 = CARTESIAN_POINT('',(0.,0.5));
#1561 = VECTOR('',#1562,1.);
#1562 = DIRECTION('',(1.,0.));
#1563 = ( GEOMETRIC_REPRESENTATION_CONTEXT(2) 
PARAMETRIC_REPRESENTATION_CONTEXT() REPRESENTATION_CONTEXT('2D SPACE',''
  ) );
#1564 = FACE_BOUND('',#1565,.F.);
#1565 = EDGE_LOOP('',(#1566));
#1566 = ORIENTED_EDGE('',*,*,#1567,.F.);
#1567 = EDGE_CURVE('',#1568,#1568,#1570,.T.);
#1568 = VERTEX_POINT('',#1569);
#1569 = CARTESIAN_POINT('',(275.,105.,239.25));
#1570 = SURFACE_CURVE('',#1571,(#1576,#1583),.PCURVE_S1.);
#1571 = CIRCLE('',#1572,1.25);
#1572 = AXIS2_PLACEMENT_3D('',#1573,#1574,#1575);
#1573 = CARTESIAN_POINT('',(275.,105.,238.));
#1574 = DIRECTION('',(0.,1.,0.));
#1575 = DIRECTION('',(0.,-0.,1.));
#1576 = PCURVE('',#62,#1577);
#1577 = DEFINITIONAL_REPRESENTATION('',(#1578),#1582);
#1578 = CIRCLE('',#1579,1.25);
#1579 = AXIS2_PLACEMENT_2D('',#1580,#1581);
#1580 = CARTESIAN_POINT('',(66.,385.));
#1581 = DIRECTION('',(1.,0.));
#1582 = ( GEOMETRIC_REPRESENTATION_CONTEXT(2) 
PARAMETRIC_REPRESENTATION_CONTEXT() REPRESENTATION_CONTEXT('2D SPACE',''
  ) );
#1583 = PCURVE('',#1584,#1589);
#1584 = CYLINDRICAL_SURFACE('',#1585,1.25);
#1585 = AXIS2_PLACEMENT_3D('',#1586,#1587,#1588);
#1586 = CARTESIAN_POINT('',(275.,104.5,238.));
#1587 = DIRECTION('',(0.,1.,0.));
#1588 = DIRECTION('',(0.,-0.,1.));
#1589 = DEFINITIONAL_REPRESENTATION('',(#1590),#1594);
#1590 = LINE('',#1591,#1592);
#1591 = CARTESIAN_POINT('',(0.,0.5));
#1592 = VECTOR('',#1593,1.);
#1593 = DIRECTION('',(1.,0.));
#1594 = ( GEOMETRIC_REPRESENTATION_CONTEXT(2) 
PARAMETRIC_REPRESENTATION_CONTEXT() REPRESENTATION_CONTEXT('2D SPACE',''
  ) );
#1595 = FACE_BOUND('',#1596,.F.);
#1596 = EDGE_LOOP('',(#1597));
#1597 = ORIENTED_EDGE('',*,*,#1598,.F.);
#1598 = EDGE_CURVE('',#1599,#1599,#1601,.T.);
#1599 = VERTEX_POINT('',#1600);
#1600 = CARTESIAN_POINT('',(300.,105.,239.25));
#1601 = SURFACE_CURVE('',#1602,(#1607,#1614),.PCURVE_S1.);
#1602 = CIRCLE('',#1603,1.25);
#1603 = AXIS2_PLACEMENT_3D('',#1604,#1605,#1606);
#1604 = CARTESIAN_POINT('',(300.,105.,238.));
#1605 = DIRECTION('',(0.,1.,0.));
#1606 = DIRECTION('',(0.,-0.,1.));
#1607 = PCURVE('',#62,#1608);
#1608 = DEFINITIONAL_REPRESENTATION('',(#1609),#1613);
#1609 = CIRCLE('',#1610,1.25);
#1610 = AXIS2_PLACEMENT_2D('',#1611,#1612);
#1611 = CARTESIAN_POINT('',(66.,410.));
#1612 = DIRECTION('',(1.,0.));
#1613 = ( GEOMETRIC_REPRESENTATION_CONTEXT(2) 
PARAMETRIC_REPRESENTATION_CONTEXT() REPRESENTATION_CONTEXT('2D SPACE',''
  ) );
#1614 = PCURVE('',#1615,#1620);
#1615 = CYLINDRICAL_SURFACE('',#1616,1.25);
#1616 = AXIS2_PLACEMENT_3D('',#1617,#1618,#1619);
#1617 = CARTESIAN_POINT('',(300.,104.5,238.));
#1618 = DIRECTION('',(0.,1.,0.));
#1619 = DIRECTION('',(0.,-0.,1.));
#1620 = DEFINITIONAL_REPRESENTATION('',(#1621),#1625);
#1621 = LINE('',#1622,#1623);
#1622 = CARTESIAN_POINT('',(0.,0.5));
#1623 = VECTOR('',#1624,1.);
#1624 = DIRECTION('',(1.,0.));
#1625 = ( GEOMETRIC_REPRESENTATION_CONTEXT(2) 
PARAMETRIC_REPRESENTATION_CONTEXT() REPRESENTATION_CONTEXT('2D SPACE',''
  ) );
#1626 = FACE_BOUND('',#1627,.F.);
#1627 = EDGE_LOOP('',(#1628));
#1628 = ORIENTED_EDGE('',*,*,#1629,.F.);
#1629 = EDGE_CURVE('',#1630,#1630,#1632,.T.);
#1630 = VERTEX_POINT('',#1631);
#1631 = CARTESIAN_POINT('',(325.,105.,239.25));
#1632 = SURFACE_CURVE('',#1633,(#1638,#1645),.PCURVE_S1.);
#1633 = CIRCLE('',#1634,1.25);
#1634 = AXIS2_PLACEMENT_3D('',#1635,#1636,#1637);
#1635 = CARTESIAN_POINT('',(325.,105.,238.));
#1636 = DIRECTION('',(0.,1.,0.));
#1637 = DIRECTION('',(0.,-0.,1.));
#1638 = PCURVE('',#62,#1639);
#1639 = DEFINITIONAL_REPRESENTATION('',(#1640),#1644);
#1640 = CIRCLE('',#1641,1.25);
#1641 = AXIS2_PLACEMENT_2D('',#1642,#1643);
#1642 = CARTESIAN_POINT('',(66.,435.));
#1643 = DIRECTION('',(1.,0.));
#1644 = ( GEOMETRIC_REPRESENTATION_CONTEXT(2) 
PARAMETRIC_REPRESENTATION_CONTEXT() REPRESENTATION_CONTEXT('2D SPACE',''
  ) );
#1645 = PCURVE('',#1646,#1651);
#1646 = CYLINDRICAL_SURFACE('',#1647,1.25);
#1647 = AXIS2_PLACEMENT_3D('',#1648,#1649,#1650);
#1648 = CARTESIAN_POINT('',(325.,104.5,238.));
#1649 = DIRECTION('',(0.,1.,0.));
#1650 = DIRECTION('',(0.,-0.,1.));
#1651 = DEFINITIONAL_REPRESENTATION('',(#1652),#1656);
#1652 = LINE('',#1653,#1654);
#1653 = CARTESIAN_POINT('',(0.,0.5));
#1654 = VECTOR('',#1655,1.);
#1655 = DIRECTION('',(1.,0.));
#1656 = ( GEOMETRIC_REPRESENTATION_CONTEXT(2) 
PARAMETRIC_REPRESENTATION_CONTEXT() REPRESENTATION_CONTEXT('2D SPACE',''
  ) );
#1657 = FACE_BOUND('',#1658,.F.);
#1658 = EDGE_LOOP('',(#1659));
#1659 = ORIENTED_EDGE('',*,*,#1660,.F.);
#1660 = EDGE_CURVE('',#1661,#1661,#1663,.T.);
#1661 = VERTEX_POINT('',#1662);
#1662 = CARTESIAN_POINT('',(350.,105.,239.25));
#1663 = SURFACE_CURVE('',#1664,(#1669,#1676),.PCURVE_S1.);
#1664 = CIRCLE('',#1665,1.25);
#1665 = AXIS2_PLACEMENT_3D('',#1666,#1667,#1668);
#1666 = CARTESIAN_POINT('',(350.,105.,238.));
#1667 = DIRECTION('',(0.,1.,0.));
#1668 = DIRECTION('',(0.,-0.,1.));
#1669 = PCURVE('',#62,#1670);
#1670 = DEFINITIONAL_REPRESENTATION('',(#1671),#1675);
#1671 = CIRCLE('',#1672,1.25);
#1672 = AXIS2_PLACEMENT_2D('',#1673,#1674);
#1673 = CARTESIAN_POINT('',(66.,460.));
#1674 = DIRECTION('',(1.,0.));
#1675 = ( GEOMETRIC_REPRESENTATION_CONTEXT(2) 
PARAMETRIC_REPRESENTATION_CONTEXT() REPRESENTATION_CONTEXT('2D SPACE',''
  ) );
#1676 = PCURVE('',#1677,#1682);
#1677 = CYLINDRICAL_SURFACE('',#1678,1.25);
#1678 = AXIS2_PLACEMENT_3D('',#1679,#1680,#1681);
#1679 = CARTESIAN_POINT('',(350.,104.5,238.));
#1680 = DIRECTION('',(0.,1.,0.));
#1681 = DIRECTION('',(0.,-0.,1.));
#1682 = DEFINITIONAL_REPRESENTATION('',(#1683),#1687);
#1683 = LINE('',#1684,#1685);
#1684 = CARTESIAN_POINT('',(0.,0.5));
#1685 = VECTOR('',#1686,1.);
#1686 = DIRECTION('',(1.,0.));
#1687 = ( GEOMETRIC_REPRESENTATION_CONTEXT(2) 
PARAMETRIC_REPRESENTATION_CONTEXT() REPRESENTATION_CONTEXT('2D SPACE',''
  ) );
#1688 = FACE_BOUND('',#1689,.F.);
#1689 = EDGE_LOOP('',(#1690));
#1690 = ORIENTED_EDGE('',*,*,#1691,.F.);
#1691 = EDGE_CURVE('',#1692,#1692,#1694,.T.);
#1692 = VERTEX_POINT('',#1693);
#1693 = CARTESIAN_POINT('',(375.,105.,239.25));
#1694 = SURFACE_CURVE('',#1695,(#1700,#1707),.PCURVE_S1.);
#1695 = CIRCLE('',#1696,1.25);
#1696 = AXIS2_PLACEMENT_3D('',#1697,#1698,#1699);
#1697 = CARTESIAN_POINT('',(375.,105.,238.));
#1698 = DIRECTION('',(0.,1.,0.));
#1699 = DIRECTION('',(0.,-0.,1.));
#1700 = PCURVE('',#62,#1701);
#1701 = DEFINITIONAL_REPRESENTATION('',(#1702),#1706);
#1702 = CIRCLE('',#1703,1.25);
#1703 = AXIS2_PLACEMENT_2D('',#1704,#1705);
#1704 = CARTESIAN_POINT('',(66.,485.));
#1705 = DIRECTION('',(1.,0.));
#1706 = ( GEOMETRIC_REPRESENTATION_CONTEXT(2) 
PARAMETRIC_REPRESENTATION_CONTEXT() REPRESENTATION_CONTEXT('2D SPACE',''
  ) );
#1707 = PCURVE('',#1708,#1713);
#1708 = CYLINDRICAL_SURFACE('',#1709,1.25);
#1709 = AXIS2_PLACEMENT_3D('',#1710,#1711,#1712);
#1710 = CARTESIAN_POINT('',(375.,104.5,238.));
#1711 = DIRECTION('',(0.,1.,0.));
#1712 = DIRECTION('',(0.,-0.,1.));
#1713 = DEFINITIONAL_REPRESENTATION('',(#1714),#1718);
#1714 = LINE('',#1715,#1716);
#1715 = CARTESIAN_POINT('',(0.,0.5));
#1716 = VECTOR('',#1717,1.);
#1717 = DIRECTION('',(1.,0.));
#1718 = ( GEOMETRIC_REPRESENTATION_CONTEXT(2) 
PARAMETRIC_REPRESENTATION_CONTEXT() REPRESENTATION_CONTEXT('2D SPACE',''
  ) );
#1719 = FACE_BOUND('',#1720,.F.);
#1720 = EDGE_LOOP('',(#1721));
#1721 = ORIENTED_EDGE('',*,*,#1722,.F.);
#1722 = EDGE_CURVE('',#1723,#1723,#1725,.T.);
#1723 = VERTEX_POINT('',#1724);
#1724 = CARTESIAN_POINT('',(400.,105.,239.25));
#1725 = SURFACE_CURVE('',#1726,(#1731,#1738),.PCURVE_S1.);
#1726 = CIRCLE('',#1727,1.25);
#1727 = AXIS2_PLACEMENT_3D('',#1728,#1729,#1730);
#1728 = CARTESIAN_POINT('',(400.,105.,238.));
#1729 = DIRECTION('',(0.,1.,0.));
#1730 = DIRECTION('',(0.,-0.,1.));
#1731 = PCURVE('',#62,#1732);
#1732 = DEFINITIONAL_REPRESENTATION('',(#1733),#1737);
#1733 = CIRCLE('',#1734,1.25);
#1734 = AXIS2_PLACEMENT_2D('',#1735,#1736);
#1735 = CARTESIAN_POINT('',(66.,510.));
#1736 = DIRECTION('',(1.,0.));
#1737 = ( GEOMETRIC_REPRESENTATION_CONTEXT(2) 
PARAMETRIC_REPRESENTATION_CONTEXT() REPRESENTATION_CONTEXT('2D SPACE',''
  ) );
#1738 = PCURVE('',#1739,#1744);
#1739 = CYLINDRICAL_SURFACE('',#1740,1.25);
#1740 = AXIS2_PLACEMENT_3D('',#1741,#1742,#1743);
#1741 = CARTESIAN_POINT('',(400.,104.5,238.));
#1742 = DIRECTION('',(0.,1.,0.));
#1743 = DIRECTION('',(0.,-0.,1.));
#1744 = DEFINITIONAL_REPRESENTATION('',(#1745),#1749);
#1745 = LINE('',#1746,#1747);
#1746 = CARTESIAN_POINT('',(0.,0.5));
#1747 = VECTOR('',#1748,1.);
#1748 = DIRECTION('',(1.,0.));
#1749 = ( GEOMETRIC_REPRESENTATION_CONTEXT(2) 
PARAMETRIC_REPRESENTATION_CONTEXT() REPRESENTATION_CONTEXT('2D SPACE',''
  ) );
#1750 = FACE_BOUND('',#1751,.F.);
#1751 = EDGE_LOOP('',(#1752));
#1752 = ORIENTED_EDGE('',*,*,#1753,.F.);
#1753 = EDGE_CURVE('',#1754,#1754,#1756,.T.);
#1754 = VERTEX_POINT('',#1755);
#1755 = CARTESIAN_POINT('',(425.,105.,239.25));
#1756 = SURFACE_CURVE('',#1757,(#1762,#1769),.PCURVE_S1.);
#1757 = CIRCLE('',#1758,1.25);
#1758 = AXIS2_PLACEMENT_3D('',#1759,#1760,#1761);
#1759 = CARTESIAN_POINT('',(425.,105.,238.));
#1760 = DIRECTION('',(0.,1.,0.));
#1761 = DIRECTION('',(0.,-0.,1.));
#1762 = PCURVE('',#62,#1763);
#1763 = DEFINITIONAL_REPRESENTATION('',(#1764),#1768);
#1764 = CIRCLE('',#1765,1.25);
#1765 = AXIS2_PLACEMENT_2D('',#1766,#1767);
#1766 = CARTESIAN_POINT('',(66.,535.));
#1767 = DIRECTION('',(1.,0.));
#1768 = ( GEOMETRIC_REPRESENTATION_CONTEXT(2) 
PARAMETRIC_REPRESENTATION_CONTEXT() REPRESENTATION_CONTEXT('2D SPACE',''
  ) );
#1769 = PCURVE('',#1770,#1775);
#1770 = CYLINDRICAL_SURFACE('',#1771,1.25);
#1771 = AXIS2_PLACEMENT_3D('',#1772,#1773,#1774);
#1772 = CARTESIAN_POINT('',(425.,104.5,238.));
#1773 = DIRECTION('',(0.,1.,0.));
#1774 = DIRECTION('',(0.,-0.,1.));
#1775 = DEFINITIONAL_REPRESENTATION('',(#1776),#1780);
#1776 = LINE('',#1777,#1778);
#1777 = CARTESIAN_POINT('',(0.,0.5));
#1778 = VECTOR('',#1779,1.);
#1779 = DIRECTION('',(1.,0.));
#1780 = ( GEOMETRIC_REPRESENTATION_CONTEXT(2) 
PARAMETRIC_REPRESENTATION_CONTEXT() REPRESENTATION_CONTEXT('2D SPACE',''
  ) );
#1781 = FACE_BOUND('',#1782,.F.);
#1782 = EDGE_LOOP('',(#1783));
#1783 = ORIENTED_EDGE('',*,*,#1784,.F.);
#1784 = EDGE_CURVE('',#1785,#1785,#1787,.T.);
#1785 = VERTEX_POINT('',#1786);
#1786 = CARTESIAN_POINT('',(450.,105.,239.25));
#1787 = SURFACE_CURVE('',#1788,(#1793,#1800),.PCURVE_S1.);
#1788 = CIRCLE('',#1789,1.25);
#1789 = AXIS2_PLACEMENT_3D('',#1790,#1791,#1792);
#1790 = CARTESIAN_POINT('',(450.,105.,238.));
#1791 = DIRECTION('',(0.,1.,0.));
#1792 = DIRECTION('',(0.,-0.,1.));
#1793 = PCURVE('',#62,#1794);
#1794 = DEFINITIONAL_REPRESENTATION('',(#1795),#1799);
#1795 = CIRCLE('',#1796,1.25);
#1796 = AXIS2_PLACEMENT_2D('',#1797,#1798);
#1797 = CARTESIAN_POINT('',(66.,560.));
#1798 = DIRECTION('',(1.,0.));
#1799 = ( GEOMETRIC_REPRESENTATION_CONTEXT(2) 
PARAMETRIC_REPRESENTATION_CONTEXT() REPRESENTATION_CONTEXT('2D SPACE',''
  ) );
#1800 = PCURVE('',#1801,#1806);
#1801 = CYLINDRICAL_SURFACE('',#1802,1.25);
#1802 = AXIS2_PLACEMENT_3D('',#1803,#1804,#1805);
#1803 = CARTESIAN_POINT('',(450.,104.5,238.));
#1804 = DIRECTION('',(0.,1.,0.));
#1805 = DIRECTION('',(0.,-0.,1.));
#1806 = DEFINITIONAL_REPRESENTATION('',(#1807),#1811);
#1807 = LINE('',#1808,#1809);
#1808 = CARTESIAN_POINT('',(0.,0.5));
#1809 = VECTOR('',#1810,1.);
#1810 = DIRECTION('',(1.,0.));
#1811 = ( GEOMETRIC_REPRESENTATION_CONTEXT(2) 
PARAMETRIC_REPRESENTATION_CONTEXT() REPRESENTATION_CONTEXT('2D SPACE',''
  ) );
#1812 = FACE_BOUND('',#1813,.F.);
#1813 = EDGE_LOOP('',(#1814));
#1814 = ORIENTED_EDGE('',*,*,#1815,.F.);
#1815 = EDGE_CURVE('',#1816,#1816,#1818,.T.);
#1816 = VERTEX_POINT('',#1817);
#1817 = CARTESIAN_POINT('',(475.,105.,239.25));
#1818 = SURFACE_CURVE('',#1819,(#1824,#1831),.PCURVE_S1.);
#1819 = CIRCLE('',#1820,1.25);
#1820 = AXIS2_PLACEMENT_3D('',#1821,#1822,#1823);
#1821 = CARTESIAN_POINT('',(475.,105.,238.));
#1822 = DIRECTION('',(0.,1.,0.));
#1823 = DIRECTION('',(0.,-0.,1.));
#1824 = PCURVE('',#62,#1825);
#1825 = DEFINITIONAL_REPRESENTATION('',(#1826),#1830);
#1826 = CIRCLE('',#1827,1.25);
#1827 = AXIS2_PLACEMENT_2D('',#1828,#1829);
#1828 = CARTESIAN_POINT('',(66.,585.));
#1829 = DIRECTION('',(1.,0.));
#1830 = ( GEOMETRIC_REPRESENTATION_CONTEXT(2) 
PARAMETRIC_REPRESENTATION_CONTEXT() REPRESENTATION_CONTEXT('2D SPACE',''
  ) );
#1831 = PCURVE('',#1832,#1837);
#1832 = CYLINDRICAL_SURFACE('',#1833,1.25);
#1833 = AXIS2_PLACEMENT_3D('',#1834,#1835,#1836);
#1834 = CARTESIAN_POINT('',(475.,104.5,238.));
#1835 = DIRECTION('',(0.,1.,0.));
#1836 = DIRECTION('',(0.,-0.,1.));
#1837 = DEFINITIONAL_REPRESENTATION('',(#1838),#1842);
#1838 = LINE('',#1839,#1840);
#1839 = CARTESIAN_POINT('',(0.,0.5));
#1840 = VECTOR('',#1841,1.);
#1841 = DIRECTION('',(1.,0.));
#1842 = ( GEOMETRIC_REPRESENTATION_CONTEXT(2) 
PARAMETRIC_REPRESENTATION_CONTEXT() REPRESENTATION_CONTEXT('2D SPACE',''
  ) );
#1843 = FACE_BOUND('',#1844,.F.);
#1844 = EDGE_LOOP('',(#1845));
#1845 = ORIENTED_EDGE('',*,*,#1846,.F.);
#1846 = EDGE_CURVE('',#1847,#1847,#1849,.T.);
#1847 = VERTEX_POINT('',#1848);
#1848 = CARTESIAN_POINT('',(500.,105.,239.25));
#1849 = SURFACE_CURVE('',#1850,(#1855,#1862),.PCURVE_S1.);
#1850 = CIRCLE('',#1851,1.25);
#1851 = AXIS2_PLACEMENT_3D('',#1852,#1853,#1854);
#1852 = CARTESIAN_POINT('',(500.,105.,238.));
#1853 = DIRECTION('',(0.,1.,0.));
#1854 = DIRECTION('',(0.,-0.,1.));
#1855 = PCURVE('',#62,#1856);
#1856 = DEFINITIONAL_REPRESENTATION('',(#1857),#1861);
#1857 = CIRCLE('',#1858,1.25);
#1858 = AXIS2_PLACEMENT_2D('',#1859,#1860);
#1859 = CARTESIAN_POINT('',(66.,610.));
#1860 = DIRECTION('',(1.,0.));
#1861 = ( GEOMETRIC_REPRESENTATION_CONTEXT(2) 
PARAMETRIC_REPRESENTATION_CONTEXT() REPRESENTATION_CONTEXT('2D SPACE',''
  ) );
#1862 = PCURVE('',#1863,#1868);
#1863 = CYLINDRICAL_SURFACE('',#1864,1.25);
#1864 = AXIS2_PLACEMENT_3D('',#1865,#1866,#1867);
#1865 = CARTESIAN_POINT('',(500.,104.5,238.));
#1866 = DIRECTION('',(0.,1.,0.));
#1867 = DIRECTION('',(0.,-0.,1.));
#1868 = DEFINITIONAL_REPRESENTATION('',(#1869),#1873);
#1869 = LINE('',#1870,#1871);
#1870 = CARTESIAN_POINT('',(0.,0.5));
#1871 = VECTOR('',#1872,1.);
#1872 = DIRECTION('',(1.,0.));
#1873 = ( GEOMETRIC_REPRESENTATION_CONTEXT(2) 
PARAMETRIC_REPRESENTATION_CONTEXT() REPRESENTATION_CONTEXT('2D SPACE',''
  ) );
#1874 = FACE_BOUND('',#1875,.F.);
#1875 = EDGE_LOOP('',(#1876));
#1876 = ORIENTED_EDGE('',*,*,#1877,.F.);
#1877 = EDGE_CURVE('',#1878,#1878,#1880,.T.);
#1878 = VERTEX_POINT('',#1879);
#1879 = CARTESIAN_POINT('',(525.,105.,239.25));
#1880 = SURFACE_CURVE('',#1881,(#1886,#1893),.PCURVE_S1.);
#1881 = CIRCLE('',#1882,1.25);
#1882 = AXIS2_PLACEMENT_3D('',#1883,#1884,#1885);
#1883 = CARTESIAN_POINT('',(525.,105.,238.));
#1884 = DIRECTION('',(0.,1.,0.));
#1885 = DIRECTION('',(0.,-0.,1.));
#1886 = PCURVE('',#62,#1887);
#1887 = DEFINITIONAL_REPRESENTATION('',(#1888),#1892);
#1888 = CIRCLE('',#1889,1.25);
#1889 = AXIS2_PLACEMENT_2D('',#1890,#1891);
#1890 = CARTESIAN_POINT('',(66.,635.));
#1891 = DIRECTION('',(1.,0.));
#1892 = ( GEOMETRIC_REPRESENTATION_CONTEXT(2) 
PARAMETRIC_REPRESENTATION_CONTEXT() REPRESENTATION_CONTEXT('2D SPACE',''
  ) );
#1893 = PCURVE('',#1894,#1899);
#1894 = CYLINDRICAL_SURFACE('',#1895,1.25);
#1895 = AXIS2_PLACEMENT_3D('',#1896,#1897,#1898);
#1896 = CARTESIAN_POINT('',(525.,104.5,238.));
#1897 = DIRECTION('',(0.,1.,0.));
#1898 = DIRECTION('',(0.,-0.,1.));
#1899 = DEFINITIONAL_REPRESENTATION('',(#1900),#1904);
#1900 = LINE('',#1901,#1902);
#1901 = CARTESIAN_POINT('',(0.,0.5));
#1902 = VECTOR('',#1903,1.);
#1903 = DIRECTION('',(1.,0.));
#1904 = ( GEOMETRIC_REPRESENTATION_CONTEXT(2) 
PARAMETRIC_REPRESENTATION_CONTEXT() REPRESENTATION_CONTEXT('2D SPACE',''
  ) );
#1905 = ADVANCED_FACE('',(#1906,#1954,#1985,#2016,#2047),#144,.T.);
#1906 = FACE_BOUND('',#1907,.T.);
#1907 = EDGE_LOOP('',(#1908,#1909,#1910,#1933));
#1908 = ORIENTED_EDGE('',*,*,#130,.F.);
#1909 = ORIENTED_EDGE('',*,*,#307,.T.);
#1910 = ORIENTED_EDGE('',*,*,#1911,.T.);
#1911 = EDGE_CURVE('',#308,#1912,#1914,.T.);
#1912 = VERTEX_POINT('',#1913);
#1913 = CARTESIAN_POINT('',(550.,145.,252.));
#1914 = SURFACE_CURVE('',#1915,(#1919,#1926),.PCURVE_S1.);
#1915 = LINE('',#1916,#1917);
#1916 = CARTESIAN_POINT('',(550.,105.,252.));
#1917 = VECTOR('',#1918,1.);
#1918 = DIRECTION('',(0.,1.,0.));
#1919 = PCURVE('',#144,#1920);
#1920 = DEFINITIONAL_REPRESENTATION('',(#1921),#1925);
#1921 = LINE('',#1922,#1923);
#1922 = CARTESIAN_POINT('',(660.,0.));
#1923 = VECTOR('',#1924,1.);
#1924 = DIRECTION('',(0.,1.));
#1925 = ( GEOMETRIC_REPRESENTATION_CONTEXT(2) 
PARAMETRIC_REPRESENTATION_CONTEXT() REPRESENTATION_CONTEXT('2D SPACE',''
  ) );
#1926 = PCURVE('',#344,#1927);
#1927 = DEFINITIONAL_REPRESENTATION('',(#1928),#1932);
#1928 = LINE('',#1929,#1930);
#1929 = CARTESIAN_POINT('',(80.,0.));
#1930 = VECTOR('',#1931,1.);
#1931 = DIRECTION('',(0.,-1.));
#1932 = ( GEOMETRIC_REPRESENTATION_CONTEXT(2) 
PARAMETRIC_REPRESENTATION_CONTEXT() REPRESENTATION_CONTEXT('2D SPACE',''
  ) );
#1933 = ORIENTED_EDGE('',*,*,#1934,.F.);
#1934 = EDGE_CURVE('',#103,#1912,#1935,.T.);
#1935 = SURFACE_CURVE('',#1936,(#1940,#1947),.PCURVE_S1.);
#1936 = LINE('',#1937,#1938);
#1937 = CARTESIAN_POINT('',(-110.,145.,252.));
#1938 = VECTOR('',#1939,1.);
#1939 = DIRECTION('',(1.,0.,0.));
#1940 = PCURVE('',#144,#1941);
#1941 = DEFINITIONAL_REPRESENTATION('',(#1942),#1946);
#1942 = LINE('',#1943,#1944);
#1943 = CARTESIAN_POINT('',(0.,40.));
#1944 = VECTOR('',#1945,1.);
#1945 = DIRECTION('',(1.,0.));
#1946 = ( GEOMETRIC_REPRESENTATION_CONTEXT(2) 
PARAMETRIC_REPRESENTATION_CONTEXT() REPRESENTATION_CONTEXT('2D SPACE',''
  ) );
#1947 = PCURVE('',#118,#1948);
#1948 = DEFINITIONAL_REPRESENTATION('',(#1949),#1953);
#1949 = LINE('',#1950,#1951);
#1950 = CARTESIAN_POINT('',(80.,0.));
#1951 = VECTOR('',#1952,1.);
#1952 = DIRECTION('',(0.,1.));
#1953 = ( GEOMETRIC_REPRESENTATION_CONTEXT(2) 
PARAMETRIC_REPRESENTATION_CONTEXT() REPRESENTATION_CONTEXT('2D SPACE',''
  ) );
#1954 = FACE_BOUND('',#1955,.T.);
#1955 = EDGE_LOOP('',(#1956));
#1956 = ORIENTED_EDGE('',*,*,#1957,.F.);
#1957 = EDGE_CURVE('',#1958,#1958,#1960,.T.);
#1958 = VERTEX_POINT('',#1959);
#1959 = CARTESIAN_POINT('',(-57.4,115.,252.));
#1960 = SURFACE_CURVE('',#1961,(#1966,#1973),.PCURVE_S1.);
#1961 = CIRCLE('',#1962,2.1);
#1962 = AXIS2_PLACEMENT_3D('',#1963,#1964,#1965);
#1963 = CARTESIAN_POINT('',(-59.5,115.,252.));
#1964 = DIRECTION('',(0.,0.,1.));
#1965 = DIRECTION('',(1.,0.,-0.));
#1966 = PCURVE('',#144,#1967);
#1967 = DEFINITIONAL_REPRESENTATION('',(#1968),#1972);
#1968 = CIRCLE('',#1969,2.1);
#1969 = AXIS2_PLACEMENT_2D('',#1970,#1971);
#1970 = CARTESIAN_POINT('',(50.5,10.));
#1971 = DIRECTION('',(1.,0.));
#1972 = ( GEOMETRIC_REPRESENTATION_CONTEXT(2) 
PARAMETRIC_REPRESENTATION_CONTEXT() REPRESENTATION_CONTEXT('2D SPACE',''
  ) );
#1973 = PCURVE('',#1974,#1979);
#1974 = CYLINDRICAL_SURFACE('',#1975,2.1);
#1975 = AXIS2_PLACEMENT_3D('',#1976,#1977,#1978);
#1976 = CARTESIAN_POINT('',(-59.5,115.,242.));
#1977 = DIRECTION('',(0.,0.,1.));
#1978 = DIRECTION('',(1.,0.,-0.));
#1979 = DEFINITIONAL_REPRESENTATION('',(#1980),#1984);
#1980 = LINE('',#1981,#1982);
#1981 = CARTESIAN_POINT('',(0.,10.));
#1982 = VECTOR('',#1983,1.);
#1983 = DIRECTION('',(1.,0.));
#1984 = ( GEOMETRIC_REPRESENTATION_CONTEXT(2) 
PARAMETRIC_REPRESENTATION_CONTEXT() REPRESENTATION_CONTEXT('2D SPACE',''
  ) );
#1985 = FACE_BOUND('',#1986,.T.);
#1986 = EDGE_LOOP('',(#1987));
#1987 = ORIENTED_EDGE('',*,*,#1988,.F.);
#1988 = EDGE_CURVE('',#1989,#1989,#1991,.T.);
#1989 = VERTEX_POINT('',#1990);
#1990 = CARTESIAN_POINT('',(518.6,115.,252.));
#1991 = SURFACE_CURVE('',#1992,(#1997,#2004),.PCURVE_S1.);
#1992 = CIRCLE('',#1993,2.1);
#1993 = AXIS2_PLACEMENT_3D('',#1994,#1995,#1996);
#1994 = CARTESIAN_POINT('',(516.5,115.,252.));
#1995 = DIRECTION('',(0.,0.,1.));
#1996 = DIRECTION('',(1.,0.,-0.));
#1997 = PCURVE('',#144,#1998);
#1998 = DEFINITIONAL_REPRESENTATION('',(#1999),#2003);
#1999 = CIRCLE('',#2000,2.1);
#2000 = AXIS2_PLACEMENT_2D('',#2001,#2002);
#2001 = CARTESIAN_POINT('',(626.5,10.));
#2002 = DIRECTION('',(1.,0.));
#2003 = ( GEOMETRIC_REPRESENTATION_CONTEXT(2) 
PARAMETRIC_REPRESENTATION_CONTEXT() REPRESENTATION_CONTEXT('2D SPACE',''
  ) );
#2004 = PCURVE('',#2005,#2010);
#2005 = CYLINDRICAL_SURFACE('',#2006,2.1);
#2006 = AXIS2_PLACEMENT_3D('',#2007,#2008,#2009);
#2007 = CARTESIAN_POINT('',(516.5,115.,242.));
#2008 = DIRECTION('',(0.,0.,1.));
#2009 = DIRECTION('',(1.,0.,-0.));
#2010 = DEFINITIONAL_REPRESENTATION('',(#2011),#2015);
#2011 = LINE('',#2012,#2013);
#2012 = CARTESIAN_POINT('',(0.,10.));
#2013 = VECTOR('',#2014,1.);
#2014 = DIRECTION('',(1.,0.));
#2015 = ( GEOMETRIC_REPRESENTATION_CONTEXT(2) 
PARAMETRIC_REPRESENTATION_CONTEXT() REPRESENTATION_CONTEXT('2D SPACE',''
  ) );
#2016 = FACE_BOUND('',#2017,.T.);
#2017 = EDGE_LOOP('',(#2018));
#2018 = ORIENTED_EDGE('',*,*,#2019,.F.);
#2019 = EDGE_CURVE('',#2020,#2020,#2022,.T.);
#2020 = VERTEX_POINT('',#2021);
#2021 = CARTESIAN_POINT('',(-57.4,135.,252.));
#2022 = SURFACE_CURVE('',#2023,(#2028,#2035),.PCURVE_S1.);
#2023 = CIRCLE('',#2024,2.1);
#2024 = AXIS2_PLACEMENT_3D('',#2025,#2026,#2027);
#2025 = CARTESIAN_POINT('',(-59.5,135.,252.));
#2026 = DIRECTION('',(0.,0.,1.));
#2027 = DIRECTION('',(1.,0.,-0.));
#2028 = PCURVE('',#144,#2029);
#2029 = DEFINITIONAL_REPRESENTATION('',(#2030),#2034);
#2030 = CIRCLE('',#2031,2.1);
#2031 = AXIS2_PLACEMENT_2D('',#2032,#2033);
#2032 = CARTESIAN_POINT('',(50.5,30.));
#2033 = DIRECTION('',(1.,0.));
#2034 = ( GEOMETRIC_REPRESENTATION_CONTEXT(2) 
PARAMETRIC_REPRESENTATION_CONTEXT() REPRESENTATION_CONTEXT('2D SPACE',''
  ) );
#2035 = PCURVE('',#2036,#2041);
#2036 = CYLINDRICAL_SURFACE('',#2037,2.1);
#2037 = AXIS2_PLACEMENT_3D('',#2038,#2039,#2040);
#2038 = CARTESIAN_POINT('',(-59.5,135.,242.));
#2039 = DIRECTION('',(0.,0.,1.));
#2040 = DIRECTION('',(1.,0.,-0.));
#2041 = DEFINITIONAL_REPRESENTATION('',(#2042),#2046);
#2042 = LINE('',#2043,#2044);
#2043 = CARTESIAN_POINT('',(0.,10.));
#2044 = VECTOR('',#2045,1.);
#2045 = DIRECTION('',(1.,0.));
#2046 = ( GEOMETRIC_REPRESENTATION_CONTEXT(2) 
PARAMETRIC_REPRESENTATION_CONTEXT() REPRESENTATION_CONTEXT('2D SPACE',''
  ) );
#2047 = FACE_BOUND('',#2048,.T.);
#2048 = EDGE_LOOP('',(#2049));
#2049 = ORIENTED_EDGE('',*,*,#2050,.F.);
#2050 = EDGE_CURVE('',#2051,#2051,#2053,.T.);
#2051 = VERTEX_POINT('',#2052);
#2052 = CARTESIAN_POINT('',(518.6,135.,252.));
#2053 = SURFACE_CURVE('',#2054,(#2059,#2066),.PCURVE_S1.);
#2054 = CIRCLE('',#2055,2.1);
#2055 = AXIS2_PLACEMENT_3D('',#2056,#2057,#2058);
#2056 = CARTESIAN_POINT('',(516.5,135.,252.));
#2057 = DIRECTION('',(0.,0.,1.));
#2058 = DIRECTION('',(1.,0.,-0.));
#2059 = PCURVE('',#144,#2060);
#2060 = DEFINITIONAL_REPRESENTATION('',(#2061),#2065);
#2061 = CIRCLE('',#2062,2.1);
#2062 = AXIS2_PLACEMENT_2D('',#2063,#2064);
#2063 = CARTESIAN_POINT('',(626.5,30.));
#2064 = DIRECTION('',(1.,0.));
#2065 = ( GEOMETRIC_REPRESENTATION_CONTEXT(2) 
PARAMETRIC_REPRESENTATION_CONTEXT() REPRESENTATION_CONTEXT('2D SPACE',''
  ) );
#2066 = PCURVE('',#2067,#2072);
#2067 = CYLINDRICAL_SURFACE('',#2068,2.1);
#2068 = AXIS2_PLACEMENT_3D('',#2069,#2070,#2071);
#2069 = CARTESIAN_POINT('',(516.5,135.,242.));
#2070 = DIRECTION('',(0.,0.,1.));
#2071 = DIRECTION('',(1.,0.,-0.));
#2072 = DEFINITIONAL_REPRESENTATION('',(#2073),#2077);
#2073 = LINE('',#2074,#2075);
#2074 = CARTESIAN_POINT('',(0.,10.));
#2075 = VECTOR('',#2076,1.);
#2076 = DIRECTION('',(1.,0.));
#2077 = ( GEOMETRIC_REPRESENTATION_CONTEXT(2) 
PARAMETRIC_REPRESENTATION_CONTEXT() REPRESENTATION_CONTEXT('2D SPACE',''
  ) );
#2078 = ADVANCED_FACE('',(#2079),#90,.F.);
#2079 = FACE_BOUND('',#2080,.F.);
#2080 = EDGE_LOOP('',(#2081,#2082,#2083,#2106));
#2081 = ORIENTED_EDGE('',*,*,#74,.F.);
#2082 = ORIENTED_EDGE('',*,*,#283,.T.);
#2083 = ORIENTED_EDGE('',*,*,#2084,.T.);
#2084 = EDGE_CURVE('',#284,#2085,#2087,.T.);
#2085 = VERTEX_POINT('',#2086);
#2086 = CARTESIAN_POINT('',(550.,145.,172.));
#2087 = SURFACE_CURVE('',#2088,(#2092,#2099),.PCURVE_S1.);
#2088 = LINE('',#2089,#2090);
#2089 = CARTESIAN_POINT('',(550.,105.,172.));
#2090 = VECTOR('',#2091,1.);
#2091 = DIRECTION('',(0.,1.,0.));
#2092 = PCURVE('',#90,#2093);
#2093 = DEFINITIONAL_REPRESENTATION('',(#2094),#2098);
#2094 = LINE('',#2095,#2096);
#2095 = CARTESIAN_POINT('',(660.,0.));
#2096 = VECTOR('',#2097,1.);
#2097 = DIRECTION('',(0.,1.));
#2098 = ( GEOMETRIC_REPRESENTATION_CONTEXT(2) 
PARAMETRIC_REPRESENTATION_CONTEXT() REPRESENTATION_CONTEXT('2D SPACE',''
  ) );
#2099 = PCURVE('',#344,#2100);
#2100 = DEFINITIONAL_REPRESENTATION('',(#2101),#2105);
#2101 = LINE('',#2102,#2103);
#2102 = CARTESIAN_POINT('',(0.,0.));
#2103 = VECTOR('',#2104,1.);
#2104 = DIRECTION('',(0.,-1.));
#2105 = ( GEOMETRIC_REPRESENTATION_CONTEXT(2) 
PARAMETRIC_REPRESENTATION_CONTEXT() REPRESENTATION_CONTEXT('2D SPACE',''
  ) );
#2106 = ORIENTED_EDGE('',*,*,#2107,.F.);
#2107 = EDGE_CURVE('',#75,#2085,#2108,.T.);
#2108 = SURFACE_CURVE('',#2109,(#2113,#2120),.PCURVE_S1.);
#2109 = LINE('',#2110,#2111);
#2110 = CARTESIAN_POINT('',(-110.,145.,172.));
#2111 = VECTOR('',#2112,1.);
#2112 = DIRECTION('',(1.,0.,0.));
#2113 = PCURVE('',#90,#2114);
#2114 = DEFINITIONAL_REPRESENTATION('',(#2115),#2119);
#2115 = LINE('',#2116,#2117);
#2116 = CARTESIAN_POINT('',(0.,40.));
#2117 = VECTOR('',#2118,1.);
#2118 = DIRECTION('',(1.,0.));
#2119 = ( GEOMETRIC_REPRESENTATION_CONTEXT(2) 
PARAMETRIC_REPRESENTATION_CONTEXT() REPRESENTATION_CONTEXT('2D SPACE',''
  ) );
#2120 = PCURVE('',#118,#2121);
#2121 = DEFINITIONAL_REPRESENTATION('',(#2122),#2126);
#2122 = LINE('',#2123,#2124);
#2123 = CARTESIAN_POINT('',(0.,0.));
#2124 = VECTOR('',#2125,1.);
#2125 = DIRECTION('',(0.,1.));
#2126 = ( GEOMETRIC_REPRESENTATION_CONTEXT(2) 
PARAMETRIC_REPRESENTATION_CONTEXT() REPRESENTATION_CONTEXT('2D SPACE',''
  ) );
#2127 = ADVANCED_FACE('',(#2128),#118,.T.);
#2128 = FACE_BOUND('',#2129,.T.);
#2129 = EDGE_LOOP('',(#2130,#2131,#2132,#2133));
#2130 = ORIENTED_EDGE('',*,*,#2107,.F.);
#2131 = ORIENTED_EDGE('',*,*,#102,.T.);
#2132 = ORIENTED_EDGE('',*,*,#1934,.T.);
#2133 = ORIENTED_EDGE('',*,*,#2134,.F.);
#2134 = EDGE_CURVE('',#2085,#1912,#2135,.T.);
#2135 = SURFACE_CURVE('',#2136,(#2140,#2147),.PCURVE_S1.);
#2136 = LINE('',#2137,#2138);
#2137 = CARTESIAN_POINT('',(550.,145.,172.));
#2138 = VECTOR('',#2139,1.);
#2139 = DIRECTION('',(0.,0.,1.));
#2140 = PCURVE('',#118,#2141);
#2141 = DEFINITIONAL_REPRESENTATION('',(#2142),#2146);
#2142 = LINE('',#2143,#2144);
#2143 = CARTESIAN_POINT('',(0.,660.));
#2144 = VECTOR('',#2145,1.);
#2145 = DIRECTION('',(1.,0.));
#2146 = ( GEOMETRIC_REPRESENTATION_CONTEXT(2) 
PARAMETRIC_REPRESENTATION_CONTEXT() REPRESENTATION_CONTEXT('2D SPACE',''
  ) );
#2147 = PCURVE('',#344,#2148);
#2148 = DEFINITIONAL_REPRESENTATION('',(#2149),#2153);
#2149 = LINE('',#2150,#2151);
#2150 = CARTESIAN_POINT('',(0.,-40.));
#2151 = VECTOR('',#2152,1.);
#2152 = DIRECTION('',(1.,0.));
#2153 = ( GEOMETRIC_REPRESENTATION_CONTEXT(2) 
PARAMETRIC_REPRESENTATION_CONTEXT() REPRESENTATION_CONTEXT('2D SPACE',''
  ) );
#2154 = ADVANCED_FACE('',(#2155),#175,.F.);
#2155 = FACE_BOUND('',#2156,.F.);
#2156 = EDGE_LOOP('',(#2157,#2180,#2207,#2208));
#2157 = ORIENTED_EDGE('',*,*,#2158,.T.);
#2158 = EDGE_CURVE('',#159,#2159,#2161,.T.);
#2159 = VERTEX_POINT('',#2160);
#2160 = CARTESIAN_POINT('',(-98.,135.,186.5));
#2161 = SEAM_CURVE('',#2162,(#2166,#2173),.PCURVE_S1.);
#2162 = LINE('',#2163,#2164);
#2163 = CARTESIAN_POINT('',(-110.5,135.,186.5));
#2164 = VECTOR('',#2165,1.);
#2165 = DIRECTION('',(1.,0.,0.));
#2166 = PCURVE('',#175,#2167);
#2167 = DEFINITIONAL_REPRESENTATION('',(#2168),#2172);
#2168 = LINE('',#2169,#2170);
#2169 = CARTESIAN_POINT('',(6.28318530718,-0.));
#2170 = VECTOR('',#2171,1.);
#2171 = DIRECTION('',(0.,1.));
#2172 = ( GEOMETRIC_REPRESENTATION_CONTEXT(2) 
PARAMETRIC_REPRESENTATION_CONTEXT() REPRESENTATION_CONTEXT('2D SPACE',''
  ) );
#2173 = PCURVE('',#175,#2174);
#2174 = DEFINITIONAL_REPRESENTATION('',(#2175),#2179);
#2175 = LINE('',#2176,#2177);
#2176 = CARTESIAN_POINT('',(0.,-0.));
#2177 = VECTOR('',#2178,1.);
#2178 = DIRECTION('',(0.,1.));
#2179 = ( GEOMETRIC_REPRESENTATION_CONTEXT(2) 
PARAMETRIC_REPRESENTATION_CONTEXT() REPRESENTATION_CONTEXT('2D SPACE',''
  ) );
#2180 = ORIENTED_EDGE('',*,*,#2181,.F.);
#2181 = EDGE_CURVE('',#2159,#2159,#2182,.T.);
#2182 = SURFACE_CURVE('',#2183,(#2188,#2195),.PCURVE_S1.);
#2183 = CIRCLE('',#2184,2.5);
#2184 = AXIS2_PLACEMENT_3D('',#2185,#2186,#2187);
#2185 = CARTESIAN_POINT('',(-98.,135.,184.));
#2186 = DIRECTION('',(1.,0.,0.));
#2187 = DIRECTION('',(-0.,0.,1.));
#2188 = PCURVE('',#175,#2189);
#2189 = DEFINITIONAL_REPRESENTATION('',(#2190),#2194);
#2190 = LINE('',#2191,#2192);
#2191 = CARTESIAN_POINT('',(0.,12.5));
#2192 = VECTOR('',#2193,1.);
#2193 = DIRECTION('',(1.,0.));
#2194 = ( GEOMETRIC_REPRESENTATION_CONTEXT(2) 
PARAMETRIC_REPRESENTATION_CONTEXT() REPRESENTATION_CONTEXT('2D SPACE',''
  ) );
#2195 = PCURVE('',#2196,#2201);
#2196 = PLANE('',#2197);
#2197 = AXIS2_PLACEMENT_3D('',#2198,#2199,#2200);
#2198 = CARTESIAN_POINT('',(-98.,128.,173.99));
#2199 = DIRECTION('',(1.,0.,-0.));
#2200 = DIRECTION('',(0.,0.,1.));
#2201 = DEFINITIONAL_REPRESENTATION('',(#2202),#2206);
#2202 = CIRCLE('',#2203,2.5);
#2203 = AXIS2_PLACEMENT_2D('',#2204,#2205);
#2204 = CARTESIAN_POINT('',(10.01,-7.));
#2205 = DIRECTION('',(1.,0.));
#2206 = ( GEOMETRIC_REPRESENTATION_CONTEXT(2) 
PARAMETRIC_REPRESENTATION_CONTEXT() REPRESENTATION_CONTEXT('2D SPACE',''
  ) );
#2207 = ORIENTED_EDGE('',*,*,#2158,.F.);
#2208 = ORIENTED_EDGE('',*,*,#158,.T.);
#2209 = ADVANCED_FACE('',(#2210),#206,.F.);
#2210 = FACE_BOUND('',#2211,.F.);
#2211 = EDGE_LOOP('',(#2212,#2235,#2262,#2263));
#2212 = ORIENTED_EDGE('',*,*,#2213,.T.);
#2213 = EDGE_CURVE('',#190,#2214,#2216,.T.);
#2214 = VERTEX_POINT('',#2215);
#2215 = CARTESIAN_POINT('',(-98.,135.,242.5));
#2216 = SEAM_CURVE('',#2217,(#2221,#2228),.PCURVE_S1.);
#2217 = LINE('',#2218,#2219);
#2218 = CARTESIAN_POINT('',(-110.5,135.,242.5));
#2219 = VECTOR('',#2220,1.);
#2220 = DIRECTION('',(1.,0.,0.));
#2221 = PCURVE('',#206,#2222);
#2222 = DEFINITIONAL_REPRESENTATION('',(#2223),#2227);
#2223 = LINE('',#2224,#2225);
#2224 = CARTESIAN_POINT('',(6.28318530718,-0.));
#2225 = VECTOR('',#2226,1.);
#2226 = DIRECTION('',(0.,1.));
#2227 = ( GEOMETRIC_REPRESENTATION_CONTEXT(2) 
PARAMETRIC_REPRESENTATION_CONTEXT() REPRESENTATION_CONTEXT('2D SPACE',''
  ) );
#2228 = PCURVE('',#206,#2229);
#2229 = DEFINITIONAL_REPRESENTATION('',(#2230),#2234);
#2230 = LINE('',#2231,#2232);
#2231 = CARTESIAN_POINT('',(0.,-0.));
#2232 = VECTOR('',#2233,1.);
#2233 = DIRECTION('',(0.,1.));
#2234 = ( GEOMETRIC_REPRESENTATION_CONTEXT(2) 
PARAMETRIC_REPRESENTATION_CONTEXT() REPRESENTATION_CONTEXT('2D SPACE',''
  ) );
#2235 = ORIENTED_EDGE('',*,*,#2236,.F.);
#2236 = EDGE_CURVE('',#2214,#2214,#2237,.T.);
#2237 = SURFACE_CURVE('',#2238,(#2243,#2250),.PCURVE_S1.);
#2238 = CIRCLE('',#2239,2.5);
#2239 = AXIS2_PLACEMENT_3D('',#2240,#2241,#2242);
#2240 = CARTESIAN_POINT('',(-98.,135.,240.));
#2241 = DIRECTION('',(1.,0.,0.));
#2242 = DIRECTION('',(-0.,0.,1.));
#2243 = PCURVE('',#206,#2244);
#2244 = DEFINITIONAL_REPRESENTATION('',(#2245),#2249);
#2245 = LINE('',#2246,#2247);
#2246 = CARTESIAN_POINT('',(0.,12.5));
#2247 = VECTOR('',#2248,1.);
#2248 = DIRECTION('',(1.,0.));
#2249 = ( GEOMETRIC_REPRESENTATION_CONTEXT(2) 
PARAMETRIC_REPRESENTATION_CONTEXT() REPRESENTATION_CONTEXT('2D SPACE',''
  ) );
#2250 = PCURVE('',#2251,#2256);
#2251 = PLANE('',#2252);
#2252 = AXIS2_PLACEMENT_3D('',#2253,#2254,#2255);
#2253 = CARTESIAN_POINT('',(-98.,128.,233.));
#2254 = DIRECTION('',(1.,0.,-0.));
#2255 = DIRECTION('',(0.,0.,1.));
#2256 = DEFINITIONAL_REPRESENTATION('',(#2257),#2261);
#2257 = CIRCLE('',#2258,2.5);
#2258 = AXIS2_PLACEMENT_2D('',#2259,#2260);
#2259 = CARTESIAN_POINT('',(7.,-7.));
#2260 = DIRECTION('',(1.,0.));
#2261 = ( GEOMETRIC_REPRESENTATION_CONTEXT(2) 
PARAMETRIC_REPRESENTATION_CONTEXT() REPRESENTATION_CONTEXT('2D SPACE',''
  ) );
#2262 = ORIENTED_EDGE('',*,*,#2213,.F.);
#2263 = ORIENTED_EDGE('',*,*,#189,.T.);
#2264 = ADVANCED_FACE('',(#2265),#237,.F.);
#2265 = FACE_BOUND('',#2266,.F.);
#2266 = EDGE_LOOP('',(#2267,#2290,#2317,#2318));
#2267 = ORIENTED_EDGE('',*,*,#2268,.T.);
#2268 = EDGE_CURVE('',#221,#2269,#2271,.T.);
#2269 = VERTEX_POINT('',#2270);
#2270 = CARTESIAN_POINT('',(-98.,115.,186.5));
#2271 = SEAM_CURVE('',#2272,(#2276,#2283),.PCURVE_S1.);
#2272 = LINE('',#2273,#2274);
#2273 = CARTESIAN_POINT('',(-110.5,115.,186.5));
#2274 = VECTOR('',#2275,1.);
#2275 = DIRECTION('',(1.,0.,0.));
#2276 = PCURVE('',#237,#2277);
#2277 = DEFINITIONAL_REPRESENTATION('',(#2278),#2282);
#2278 = LINE('',#2279,#2280);
#2279 = CARTESIAN_POINT('',(6.28318530718,-0.));
#2280 = VECTOR('',#2281,1.);
#2281 = DIRECTION('',(0.,1.));
#2282 = ( GEOMETRIC_REPRESENTATION_CONTEXT(2) 
PARAMETRIC_REPRESENTATION_CONTEXT() REPRESENTATION_CONTEXT('2D SPACE',''
  ) );
#2283 = PCURVE('',#237,#2284);
#2284 = DEFINITIONAL_REPRESENTATION('',(#2285),#2289);
#2285 = LINE('',#2286,#2287);
#2286 = CARTESIAN_POINT('',(0.,-0.));
#2287 = VECTOR('',#2288,1.);
#2288 = DIRECTION('',(0.,1.));
#2289 = ( GEOMETRIC_REPRESENTATION_CONTEXT(2) 
PARAMETRIC_REPRESENTATION_CONTEXT() REPRESENTATION_CONTEXT('2D SPACE',''
  ) );
#2290 = ORIENTED_EDGE('',*,*,#2291,.F.);
#2291 = EDGE_CURVE('',#2269,#2269,#2292,.T.);
#2292 = SURFACE_CURVE('',#2293,(#2298,#2305),.PCURVE_S1.);
#2293 = CIRCLE('',#2294,2.5);
#2294 = AXIS2_PLACEMENT_3D('',#2295,#2296,#2297);
#2295 = CARTESIAN_POINT('',(-98.,115.,184.));
#2296 = DIRECTION('',(1.,0.,0.));
#2297 = DIRECTION('',(-0.,0.,1.));
#2298 = PCURVE('',#237,#2299);
#2299 = DEFINITIONAL_REPRESENTATION('',(#2300),#2304);
#2300 = LINE('',#2301,#2302);
#2301 = CARTESIAN_POINT('',(0.,12.5));
#2302 = VECTOR('',#2303,1.);
#2303 = DIRECTION('',(1.,0.));
#2304 = ( GEOMETRIC_REPRESENTATION_CONTEXT(2) 
PARAMETRIC_REPRESENTATION_CONTEXT() REPRESENTATION_CONTEXT('2D SPACE',''
  ) );
#2305 = PCURVE('',#2306,#2311);
#2306 = PLANE('',#2307);
#2307 = AXIS2_PLACEMENT_3D('',#2308,#2309,#2310);
#2308 = CARTESIAN_POINT('',(-98.,108.99,173.99));
#2309 = DIRECTION('',(1.,0.,-0.));
#2310 = DIRECTION('',(0.,0.,1.));
#2311 = DEFINITIONAL_REPRESENTATION('',(#2312),#2316);
#2312 = CIRCLE('',#2313,2.5);
#2313 = AXIS2_PLACEMENT_2D('',#2314,#2315);
#2314 = CARTESIAN_POINT('',(10.01,-6.01));
#2315 = DIRECTION('',(1.,0.));
#2316 = ( GEOMETRIC_REPRESENTATION_CONTEXT(2) 
PARAMETRIC_REPRESENTATION_CONTEXT() REPRESENTATION_CONTEXT('2D SPACE',''
  ) );
#2317 = ORIENTED_EDGE('',*,*,#2268,.F.);
#2318 = ORIENTED_EDGE('',*,*,#220,.T.);
#2319 = ADVANCED_FACE('',(#2320),#268,.F.);
#2320 = FACE_BOUND('',#2321,.F.);
#2321 = EDGE_LOOP('',(#2322,#2345,#2372,#2373));
#2322 = ORIENTED_EDGE('',*,*,#2323,.T.);
#2323 = EDGE_CURVE('',#252,#2324,#2326,.T.);
#2324 = VERTEX_POINT('',#2325);
#2325 = CARTESIAN_POINT('',(-98.,115.,242.5));
#2326 = SEAM_CURVE('',#2327,(#2331,#2338),.PCURVE_S1.);
#2327 = LINE('',#2328,#2329);
#2328 = CARTESIAN_POINT('',(-110.5,115.,242.5));
#2329 = VECTOR('',#2330,1.);
#2330 = DIRECTION('',(1.,0.,0.));
#2331 = PCURVE('',#268,#2332);
#2332 = DEFINITIONAL_REPRESENTATION('',(#2333),#2337);
#2333 = LINE('',#2334,#2335);
#2334 = CARTESIAN_POINT('',(6.28318530718,-0.));
#2335 = VECTOR('',#2336,1.);
#2336 = DIRECTION('',(0.,1.));
#2337 = ( GEOMETRIC_REPRESENTATION_CONTEXT(2) 
PARAMETRIC_REPRESENTATION_CONTEXT() REPRESENTATION_CONTEXT('2D SPACE',''
  ) );
#2338 = PCURVE('',#268,#2339);
#2339 = DEFINITIONAL_REPRESENTATION('',(#2340),#2344);
#2340 = LINE('',#2341,#2342);
#2341 = CARTESIAN_POINT('',(0.,-0.));
#2342 = VECTOR('',#2343,1.);
#2343 = DIRECTION('',(0.,1.));
#2344 = ( GEOMETRIC_REPRESENTATION_CONTEXT(2) 
PARAMETRIC_REPRESENTATION_CONTEXT() REPRESENTATION_CONTEXT('2D SPACE',''
  ) );
#2345 = ORIENTED_EDGE('',*,*,#2346,.F.);
#2346 = EDGE_CURVE('',#2324,#2324,#2347,.T.);
#2347 = SURFACE_CURVE('',#2348,(#2353,#2360),.PCURVE_S1.);
#2348 = CIRCLE('',#2349,2.5);
#2349 = AXIS2_PLACEMENT_3D('',#2350,#2351,#2352);
#2350 = CARTESIAN_POINT('',(-98.,115.,240.));
#2351 = DIRECTION('',(1.,0.,0.));
#2352 = DIRECTION('',(-0.,0.,1.));
#2353 = PCURVE('',#268,#2354);
#2354 = DEFINITIONAL_REPRESENTATION('',(#2355),#2359);
#2355 = LINE('',#2356,#2357);
#2356 = CARTESIAN_POINT('',(0.,12.5));
#2357 = VECTOR('',#2358,1.);
#2358 = DIRECTION('',(1.,0.));
#2359 = ( GEOMETRIC_REPRESENTATION_CONTEXT(2) 
PARAMETRIC_REPRESENTATION_CONTEXT() REPRESENTATION_CONTEXT('2D SPACE',''
  ) );
#2360 = PCURVE('',#2361,#2366);
#2361 = PLANE('',#2362);
#2362 = AXIS2_PLACEMENT_3D('',#2363,#2364,#2365);
#2363 = CARTESIAN_POINT('',(-98.,108.99,233.));
#2364 = DIRECTION('',(1.,0.,-0.));
#2365 = DIRECTION('',(0.,0.,1.));
#2366 = DEFINITIONAL_REPRESENTATION('',(#2367),#2371);
#2367 = CIRCLE('',#2368,2.5);
#2368 = AXIS2_PLACEMENT_2D('',#2369,#2370);
#2369 = CARTESIAN_POINT('',(7.,-6.01));
#2370 = DIRECTION('',(1.,0.));
#2371 = ( GEOMETRIC_REPRESENTATION_CONTEXT(2) 
PARAMETRIC_REPRESENTATION_CONTEXT() REPRESENTATION_CONTEXT('2D SPACE',''
  ) );
#2372 = ORIENTED_EDGE('',*,*,#2323,.F.);
#2373 = ORIENTED_EDGE('',*,*,#251,.T.);
#2374 = ADVANCED_FACE('',(#2375,#2381,#2412,#2443,#2474),#344,.T.);
#2375 = FACE_BOUND('',#2376,.T.);
#2376 = EDGE_LOOP('',(#2377,#2378,#2379,#2380));
#2377 = ORIENTED_EDGE('',*,*,#330,.F.);
#2378 = ORIENTED_EDGE('',*,*,#2084,.T.);
#2379 = ORIENTED_EDGE('',*,*,#2134,.T.);
#2380 = ORIENTED_EDGE('',*,*,#1911,.F.);
#2381 = FACE_BOUND('',#2382,.T.);
#2382 = EDGE_LOOP('',(#2383));
#2383 = ORIENTED_EDGE('',*,*,#2384,.F.);
#2384 = EDGE_CURVE('',#2385,#2385,#2387,.T.);
#2385 = VERTEX_POINT('',#2386);
#2386 = CARTESIAN_POINT('',(550.,135.,186.5));
#2387 = SURFACE_CURVE('',#2388,(#2393,#2400),.PCURVE_S1.);
#2388 = CIRCLE('',#2389,2.5);
#2389 = AXIS2_PLACEMENT_3D('',#2390,#2391,#2392);
#2390 = CARTESIAN_POINT('',(550.,135.,184.));
#2391 = DIRECTION('',(1.,0.,0.));
#2392 = DIRECTION('',(-0.,0.,1.));
#2393 = PCURVE('',#344,#2394);
#2394 = DEFINITIONAL_REPRESENTATION('',(#2395),#2399);
#2395 = CIRCLE('',#2396,2.5);
#2396 = AXIS2_PLACEMENT_2D('',#2397,#2398);
#2397 = CARTESIAN_POINT('',(12.,-30.));
#2398 = DIRECTION('',(1.,0.));
#2399 = ( GEOMETRIC_REPRESENTATION_CONTEXT(2) 
PARAMETRIC_REPRESENTATION_CONTEXT() REPRESENTATION_CONTEXT('2D SPACE',''
  ) );
#2400 = PCURVE('',#2401,#2406);
#2401 = CYLINDRICAL_SURFACE('',#2402,2.5);
#2402 = AXIS2_PLACEMENT_3D('',#2403,#2404,#2405);
#2403 = CARTESIAN_POINT('',(538.,135.,184.));
#2404 = DIRECTION('',(1.,0.,0.));
#2405 = DIRECTION('',(-0.,0.,1.));
#2406 = DEFINITIONAL_REPRESENTATION('',(#2407),#2411);
#2407 = LINE('',#2408,#2409);
#2408 = CARTESIAN_POINT('',(0.,12.));
#2409 = VECTOR('',#2410,1.);
#2410 = DIRECTION('',(1.,0.));
#2411 = ( GEOMETRIC_REPRESENTATION_CONTEXT(2) 
PARAMETRIC_REPRESENTATION_CONTEXT() REPRESENTATION_CONTEXT('2D SPACE',''
  ) );
#2412 = FACE_BOUND('',#2413,.T.);
#2413 = EDGE_LOOP('',(#2414));
#2414 = ORIENTED_EDGE('',*,*,#2415,.F.);
#2415 = EDGE_CURVE('',#2416,#2416,#2418,.T.);
#2416 = VERTEX_POINT('',#2417);
#2417 = CARTESIAN_POINT('',(550.,135.,242.5));
#2418 = SURFACE_CURVE('',#2419,(#2424,#2431),.PCURVE_S1.);
#2419 = CIRCLE('',#2420,2.5);
#2420 = AXIS2_PLACEMENT_3D('',#2421,#2422,#2423);
#2421 = CARTESIAN_POINT('',(550.,135.,240.));
#2422 = DIRECTION('',(1.,0.,0.));
#2423 = DIRECTION('',(-0.,0.,1.));
#2424 = PCURVE('',#344,#2425);
#2425 = DEFINITIONAL_REPRESENTATION('',(#2426),#2430);
#2426 = CIRCLE('',#2427,2.5);
#2427 = AXIS2_PLACEMENT_2D('',#2428,#2429);
#2428 = CARTESIAN_POINT('',(68.,-30.));
#2429 = DIRECTION('',(1.,0.));
#2430 = ( GEOMETRIC_REPRESENTATION_CONTEXT(2) 
PARAMETRIC_REPRESENTATION_CONTEXT() REPRESENTATION_CONTEXT('2D SPACE',''
  ) );
#2431 = PCURVE('',#2432,#2437);
#2432 = CYLINDRICAL_SURFACE('',#2433,2.5);
#2433 = AXIS2_PLACEMENT_3D('',#2434,#2435,#2436);
#2434 = CARTESIAN_POINT('',(538.,135.,240.));
#2435 = DIRECTION('',(1.,0.,0.));
#2436 = DIRECTION('',(-0.,0.,1.));
#2437 = DEFINITIONAL_REPRESENTATION('',(#2438),#2442);
#2438 = LINE('',#2439,#2440);
#2439 = CARTESIAN_POINT('',(0.,12.));
#2440 = VECTOR('',#2441,1.);
#2441 = DIRECTION('',(1.,0.));
#2442 = ( GEOMETRIC_REPRESENTATION_CONTEXT(2) 
PARAMETRIC_REPRESENTATION_CONTEXT() REPRESENTATION_CONTEXT('2D SPACE',''
  ) );
#2443 = FACE_BOUND('',#2444,.T.);
#2444 = EDGE_LOOP('',(#2445));
#2445 = ORIENTED_EDGE('',*,*,#2446,.F.);
#2446 = EDGE_CURVE('',#2447,#2447,#2449,.T.);
#2447 = VERTEX_POINT('',#2448);
#2448 = CARTESIAN_POINT('',(550.,115.,186.5));
#2449 = SURFACE_CURVE('',#2450,(#2455,#2462),.PCURVE_S1.);
#2450 = CIRCLE('',#2451,2.5);
#2451 = AXIS2_PLACEMENT_3D('',#2452,#2453,#2454);
#2452 = CARTESIAN_POINT('',(550.,115.,184.));
#2453 = DIRECTION('',(1.,0.,0.));
#2454 = DIRECTION('',(-0.,0.,1.));
#2455 = PCURVE('',#344,#2456);
#2456 = DEFINITIONAL_REPRESENTATION('',(#2457),#2461);
#2457 = CIRCLE('',#2458,2.5);
#2458 = AXIS2_PLACEMENT_2D('',#2459,#2460);
#2459 = CARTESIAN_POINT('',(12.,-10.));
#2460 = DIRECTION('',(1.,0.));
#2461 = ( GEOMETRIC_REPRESENTATION_CONTEXT(2) 
PARAMETRIC_REPRESENTATION_CONTEXT() REPRESENTATION_CONTEXT('2D SPACE',''
  ) );
#2462 = PCURVE('',#2463,#2468);
#2463 = CYLINDRICAL_SURFACE('',#2464,2.5);
#2464 = AXIS2_PLACEMENT_3D('',#2465,#2466,#2467);
#2465 = CARTESIAN_POINT('',(538.,115.,184.));
#2466 = DIRECTION('',(1.,0.,0.));
#2467 = DIRECTION('',(-0.,0.,1.));
#2468 = DEFINITIONAL_REPRESENTATION('',(#2469),#2473);
#2469 = LINE('',#2470,#2471);
#2470 = CARTESIAN_POINT('',(0.,12.));
#2471 = VECTOR('',#2472,1.);
#2472 = DIRECTION('',(1.,0.));
#2473 = ( GEOMETRIC_REPRESENTATION_CONTEXT(2) 
PARAMETRIC_REPRESENTATION_CONTEXT() REPRESENTATION_CONTEXT('2D SPACE',''
  ) );
#2474 = FACE_BOUND('',#2475,.T.);
#2475 = EDGE_LOOP('',(#2476));
#2476 = ORIENTED_EDGE('',*,*,#2477,.F.);
#2477 = EDGE_CURVE('',#2478,#2478,#2480,.T.);
#2478 = VERTEX_POINT('',#2479);
#2479 = CARTESIAN_POINT('',(550.,115.,242.5));
#2480 = SURFACE_CURVE('',#2481,(#2486,#2493),.PCURVE_S1.);
#2481 = CIRCLE('',#2482,2.5);
#2482 = AXIS2_PLACEMENT_3D('',#2483,#2484,#2485);
#2483 = CARTESIAN_POINT('',(550.,115.,240.));
#2484 = DIRECTION('',(1.,0.,0.));
#2485 = DIRECTION('',(-0.,0.,1.));
#2486 = PCURVE('',#344,#2487);
#2487 = DEFINITIONAL_REPRESENTATION('',(#2488),#2492);
#2488 = CIRCLE('',#2489,2.5);
#2489 = AXIS2_PLACEMENT_2D('',#2490,#2491);
#2490 = CARTESIAN_POINT('',(68.,-10.));
#2491 = DIRECTION('',(1.,0.));
#2492 = ( GEOMETRIC_REPRESENTATION_CONTEXT(2) 
PARAMETRIC_REPRESENTATION_CONTEXT() REPRESENTATION_CONTEXT('2D SPACE',''
  ) );
#2493 = PCURVE('',#2494,#2499);
#2494 = CYLINDRICAL_SURFACE('',#2495,2.5);
#2495 = AXIS2_PLACEMENT_3D('',#2496,#2497,#2498);
#2496 = CARTESIAN_POINT('',(538.,115.,240.));
#2497 = DIRECTION('',(1.,0.,0.));
#2498 = DIRECTION('',(-0.,0.,1.));
#2499 = DEFINITIONAL_REPRESENTATION('',(#2500),#2504);
#2500 = LINE('',#2501,#2502);
#2501 = CARTESIAN_POINT('',(0.,12.));
#2502 = VECTOR('',#2503,1.);
#2503 = DIRECTION('',(1.,0.));
#2504 = ( GEOMETRIC_REPRESENTATION_CONTEXT(2) 
PARAMETRIC_REPRESENTATION_CONTEXT() REPRESENTATION_CONTEXT('2D SPACE',''
  ) );
#2505 = ADVANCED_FACE('',(#2506),#375,.F.);
#2506 = FACE_BOUND('',#2507,.F.);
#2507 = EDGE_LOOP('',(#2508,#2537,#2558,#2559));
#2508 = ORIENTED_EDGE('',*,*,#2509,.F.);
#2509 = EDGE_CURVE('',#2510,#2510,#2512,.T.);
#2510 = VERTEX_POINT('',#2511);
#2511 = CARTESIAN_POINT('',(-75.,109.,187.25));
#2512 = SURFACE_CURVE('',#2513,(#2518,#2525),.PCURVE_S1.);
#2513 = CIRCLE('',#2514,1.25);
#2514 = AXIS2_PLACEMENT_3D('',#2515,#2516,#2517);
#2515 = CARTESIAN_POINT('',(-75.,109.,186.));
#2516 = DIRECTION('',(0.,1.,0.));
#2517 = DIRECTION('',(0.,-0.,1.));
#2518 = PCURVE('',#375,#2519);
#2519 = DEFINITIONAL_REPRESENTATION('',(#2520),#2524);
#2520 = LINE('',#2521,#2522);
#2521 = CARTESIAN_POINT('',(0.,4.5));
#2522 = VECTOR('',#2523,1.);
#2523 = DIRECTION('',(1.,0.));
#2524 = ( GEOMETRIC_REPRESENTATION_CONTEXT(2) 
PARAMETRIC_REPRESENTATION_CONTEXT() REPRESENTATION_CONTEXT('2D SPACE',''
  ) );
#2525 = PCURVE('',#2526,#2531);
#2526 = PLANE('',#2527);
#2527 = AXIS2_PLACEMENT_3D('',#2528,#2529,#2530);
#2528 = CARTESIAN_POINT('',(-108.,109.,174.));
#2529 = DIRECTION('',(0.,1.,0.));
#2530 = DIRECTION('',(0.,0.,1.));
#2531 = DEFINITIONAL_REPRESENTATION('',(#2532),#2536);
#2532 = CIRCLE('',#2533,1.25);
#2533 = AXIS2_PLACEMENT_2D('',#2534,#2535);
#2534 = CARTESIAN_POINT('',(12.,33.));
#2535 = DIRECTION('',(1.,0.));
#2536 = ( GEOMETRIC_REPRESENTATION_CONTEXT(2) 
PARAMETRIC_REPRESENTATION_CONTEXT() REPRESENTATION_CONTEXT('2D SPACE',''
  ) );
#2537 = ORIENTED_EDGE('',*,*,#2538,.F.);
#2538 = EDGE_CURVE('',#359,#2510,#2539,.T.);
#2539 = SEAM_CURVE('',#2540,(#2544,#2551),.PCURVE_S1.);
#2540 = LINE('',#2541,#2542);
#2541 = CARTESIAN_POINT('',(-75.,104.5,187.25));
#2542 = VECTOR('',#2543,1.);
#2543 = DIRECTION('',(0.,1.,0.));
#2544 = PCURVE('',#375,#2545);
#2545 = DEFINITIONAL_REPRESENTATION('',(#2546),#2550);
#2546 = LINE('',#2547,#2548);
#2547 = CARTESIAN_POINT('',(6.28318530718,-0.));
#2548 = VECTOR('',#2549,1.);
#2549 = DIRECTION('',(0.,1.));
#2550 = ( GEOMETRIC_REPRESENTATION_CONTEXT(2) 
PARAMETRIC_REPRESENTATION_CONTEXT() REPRESENTATION_CONTEXT('2D SPACE',''
  ) );
#2551 = PCURVE('',#375,#2552);
#2552 = DEFINITIONAL_REPRESENTATION('',(#2553),#2557);
#2553 = LINE('',#2554,#2555);
#2554 = CARTESIAN_POINT('',(0.,-0.));
#2555 = VECTOR('',#2556,1.);
#2556 = DIRECTION('',(0.,1.));
#2557 = ( GEOMETRIC_REPRESENTATION_CONTEXT(2) 
PARAMETRIC_REPRESENTATION_CONTEXT() REPRESENTATION_CONTEXT('2D SPACE',''
  ) );
#2558 = ORIENTED_EDGE('',*,*,#358,.T.);
#2559 = ORIENTED_EDGE('',*,*,#2538,.T.);
#2560 = ADVANCED_FACE('',(#2561),#406,.F.);
#2561 = FACE_BOUND('',#2562,.F.);
#2562 = EDGE_LOOP('',(#2563,#2587,#2608,#2609));
#2563 = ORIENTED_EDGE('',*,*,#2564,.F.);
#2564 = EDGE_CURVE('',#2565,#2565,#2567,.T.);
#2565 = VERTEX_POINT('',#2566);
#2566 = CARTESIAN_POINT('',(-50.,109.,187.25));
#2567 = SURFACE_CURVE('',#2568,(#2573,#2580),.PCURVE_S1.);
#2568 = CIRCLE('',#2569,1.25);
#2569 = AXIS2_PLACEMENT_3D('',#2570,#2571,#2572);
#2570 = CARTESIAN_POINT('',(-50.,109.,186.));
#2571 = DIRECTION('',(0.,1.,0.));
#2572 = DIRECTION('',(0.,-0.,1.));
#2573 = PCURVE('',#406,#2574);
#2574 = DEFINITIONAL_REPRESENTATION('',(#2575),#2579);
#2575 = LINE('',#2576,#2577);
#2576 = CARTESIAN_POINT('',(0.,4.5));
#2577 = VECTOR('',#2578,1.);
#2578 = DIRECTION('',(1.,0.));
#2579 = ( GEOMETRIC_REPRESENTATION_CONTEXT(2) 
PARAMETRIC_REPRESENTATION_CONTEXT() REPRESENTATION_CONTEXT('2D SPACE',''
  ) );
#2580 = PCURVE('',#2526,#2581);
#2581 = DEFINITIONAL_REPRESENTATION('',(#2582),#2586);
#2582 = CIRCLE('',#2583,1.25);
#2583 = AXIS2_PLACEMENT_2D('',#2584,#2585);
#2584 = CARTESIAN_POINT('',(12.,58.));
#2585 = DIRECTION('',(1.,0.));
#2586 = ( GEOMETRIC_REPRESENTATION_CONTEXT(2) 
PARAMETRIC_REPRESENTATION_CONTEXT() REPRESENTATION_CONTEXT('2D SPACE',''
  ) );
#2587 = ORIENTED_EDGE('',*,*,#2588,.F.);
#2588 = EDGE_CURVE('',#390,#2565,#2589,.T.);
#2589 = SEAM_CURVE('',#2590,(#2594,#2601),.PCURVE_S1.);
#2590 = LINE('',#2591,#2592);
#2591 = CARTESIAN_POINT('',(-50.,104.5,187.25));
#2592 = VECTOR('',#2593,1.);
#2593 = DIRECTION('',(0.,1.,0.));
#2594 = PCURVE('',#406,#2595);
#2595 = DEFINITIONAL_REPRESENTATION('',(#2596),#2600);
#2596 = LINE('',#2597,#2598);
#2597 = CARTESIAN_POINT('',(6.28318530718,-0.));
#2598 = VECTOR('',#2599,1.);
#2599 = DIRECTION('',(0.,1.));
#2600 = ( GEOMETRIC_REPRESENTATION_CONTEXT(2) 
PARAMETRIC_REPRESENTATION_CONTEXT() REPRESENTATION_CONTEXT('2D SPACE',''
  ) );
#2601 = PCURVE('',#406,#2602);
#2602 = DEFINITIONAL_REPRESENTATION('',(#2603),#2607);
#2603 = LINE('',#2604,#2605);
#2604 = CARTESIAN_POINT('',(0.,-0.));
#2605 = VECTOR('',#2606,1.);
#2606 = DIRECTION('',(0.,1.));
#2607 = ( GEOMETRIC_REPRESENTATION_CONTEXT(2) 
PARAMETRIC_REPRESENTATION_CONTEXT() REPRESENTATION_CONTEXT('2D SPACE',''
  ) );
#2608 = ORIENTED_EDGE('',*,*,#389,.T.);
#2609 = ORIENTED_EDGE('',*,*,#2588,.T.);
#2610 = ADVANCED_FACE('',(#2611),#437,.F.);
#2611 = FACE_BOUND('',#2612,.F.);
#2612 = EDGE_LOOP('',(#2613,#2637,#2658,#2659));
#2613 = ORIENTED_EDGE('',*,*,#2614,.F.);
#2614 = EDGE_CURVE('',#2615,#2615,#2617,.T.);
#2615 = VERTEX_POINT('',#2616);
#2616 = CARTESIAN_POINT('',(-25.,109.,187.25));
#2617 = SURFACE_CURVE('',#2618,(#2623,#2630),.PCURVE_S1.);
#2618 = CIRCLE('',#2619,1.25);
#2619 = AXIS2_PLACEMENT_3D('',#2620,#2621,#2622);
#2620 = CARTESIAN_POINT('',(-25.,109.,186.));
#2621 = DIRECTION('',(0.,1.,0.));
#2622 = DIRECTION('',(0.,-0.,1.));
#2623 = PCURVE('',#437,#2624);
#2624 = DEFINITIONAL_REPRESENTATION('',(#2625),#2629);
#2625 = LINE('',#2626,#2627);
#2626 = CARTESIAN_POINT('',(0.,4.5));
#2627 = VECTOR('',#2628,1.);
#2628 = DIRECTION('',(1.,0.));
#2629 = ( GEOMETRIC_REPRESENTATION_CONTEXT(2) 
PARAMETRIC_REPRESENTATION_CONTEXT() REPRESENTATION_CONTEXT('2D SPACE',''
  ) );
#2630 = PCURVE('',#2526,#2631);
#2631 = DEFINITIONAL_REPRESENTATION('',(#2632),#2636);
#2632 = CIRCLE('',#2633,1.25);
#2633 = AXIS2_PLACEMENT_2D('',#2634,#2635);
#2634 = CARTESIAN_POINT('',(12.,83.));
#2635 = DIRECTION('',(1.,0.));
#2636 = ( GEOMETRIC_REPRESENTATION_CONTEXT(2) 
PARAMETRIC_REPRESENTATION_CONTEXT() REPRESENTATION_CONTEXT('2D SPACE',''
  ) );
#2637 = ORIENTED_EDGE('',*,*,#2638,.F.);
#2638 = EDGE_CURVE('',#421,#2615,#2639,.T.);
#2639 = SEAM_CURVE('',#2640,(#2644,#2651),.PCURVE_S1.);
#2640 = LINE('',#2641,#2642);
#2641 = CARTESIAN_POINT('',(-25.,104.5,187.25));
#2642 = VECTOR('',#2643,1.);
#2643 = DIRECTION('',(0.,1.,0.));
#2644 = PCURVE('',#437,#2645);
#2645 = DEFINITIONAL_REPRESENTATION('',(#2646),#2650);
#2646 = LINE('',#2647,#2648);
#2647 = CARTESIAN_POINT('',(6.28318530718,-0.));
#2648 = VECTOR('',#2649,1.);
#2649 = DIRECTION('',(0.,1.));
#2650 = ( GEOMETRIC_REPRESENTATION_CONTEXT(2) 
PARAMETRIC_REPRESENTATION_CONTEXT() REPRESENTATION_CONTEXT('2D SPACE',''
  ) );
#2651 = PCURVE('',#437,#2652);
#2652 = DEFINITIONAL_REPRESENTATION('',(#2653),#2657);
#2653 = LINE('',#2654,#2655);
#2654 = CARTESIAN_POINT('',(0.,-0.));
#2655 = VECTOR('',#2656,1.);
#2656 = DIRECTION('',(0.,1.));
#2657 = ( GEOMETRIC_REPRESENTATION_CONTEXT(2) 
PARAMETRIC_REPRESENTATION_CONTEXT() REPRESENTATION_CONTEXT('2D SPACE',''
  ) );
#2658 = ORIENTED_EDGE('',*,*,#420,.T.);
#2659 = ORIENTED_EDGE('',*,*,#2638,.T.);
#2660 = ADVANCED_FACE('',(#2661),#468,.F.);
#2661 = FACE_BOUND('',#2662,.F.);
#2662 = EDGE_LOOP('',(#2663,#2687,#2708,#2709));
#2663 = ORIENTED_EDGE('',*,*,#2664,.F.);
#2664 = EDGE_CURVE('',#2665,#2665,#2667,.T.);
#2665 = VERTEX_POINT('',#2666);
#2666 = CARTESIAN_POINT('',(-4.293872584539E-14,109.,187.25));
#2667 = SURFACE_CURVE('',#2668,(#2673,#2680),.PCURVE_S1.);
#2668 = CIRCLE('',#2669,1.25);
#2669 = AXIS2_PLACEMENT_3D('',#2670,#2671,#2672);
#2670 = CARTESIAN_POINT('',(-4.263256414561E-14,109.,186.));
#2671 = DIRECTION('',(0.,1.,0.));
#2672 = DIRECTION('',(0.,-0.,1.));
#2673 = PCURVE('',#468,#2674);
#2674 = DEFINITIONAL_REPRESENTATION('',(#2675),#2679);
#2675 = LINE('',#2676,#2677);
#2676 = CARTESIAN_POINT('',(0.,4.5));
#2677 = VECTOR('',#2678,1.);
#2678 = DIRECTION('',(1.,0.));
#2679 = ( GEOMETRIC_REPRESENTATION_CONTEXT(2) 
PARAMETRIC_REPRESENTATION_CONTEXT() REPRESENTATION_CONTEXT('2D SPACE',''
  ) );
#2680 = PCURVE('',#2526,#2681);
#2681 = DEFINITIONAL_REPRESENTATION('',(#2682),#2686);
#2682 = CIRCLE('',#2683,1.25);
#2683 = AXIS2_PLACEMENT_2D('',#2684,#2685);
#2684 = CARTESIAN_POINT('',(12.,108.));
#2685 = DIRECTION('',(1.,0.));
#2686 = ( GEOMETRIC_REPRESENTATION_CONTEXT(2) 
PARAMETRIC_REPRESENTATION_CONTEXT() REPRESENTATION_CONTEXT('2D SPACE',''
  ) );
#2687 = ORIENTED_EDGE('',*,*,#2688,.F.);
#2688 = EDGE_CURVE('',#452,#2665,#2689,.T.);
#2689 = SEAM_CURVE('',#2690,(#2694,#2701),.PCURVE_S1.);
#2690 = LINE('',#2691,#2692);
#2691 = CARTESIAN_POINT('',(-4.293872584539E-14,104.5,187.25));
#2692 = VECTOR('',#2693,1.);
#2693 = DIRECTION('',(0.,1.,0.));
#2694 = PCURVE('',#468,#2695);
#2695 = DEFINITIONAL_REPRESENTATION('',(#2696),#2700);
#2696 = LINE('',#2697,#2698);
#2697 = CARTESIAN_POINT('',(6.28318530718,-0.));
#2698 = VECTOR('',#2699,1.);
#2699 = DIRECTION('',(0.,1.));
#2700 = ( GEOMETRIC_REPRESENTATION_CONTEXT(2) 
PARAMETRIC_REPRESENTATION_CONTEXT() REPRESENTATION_CONTEXT('2D SPACE',''
  ) );
#2701 = PCURVE('',#468,#2702);
#2702 = DEFINITIONAL_REPRESENTATION('',(#2703),#2707);
#2703 = LINE('',#2704,#2705);
#2704 = CARTESIAN_POINT('',(0.,-0.));
#2705 = VECTOR('',#2706,1.);
#2706 = DIRECTION('',(0.,1.));
#2707 = ( GEOMETRIC_REPRESENTATION_CONTEXT(2) 
PARAMETRIC_REPRESENTATION_CONTEXT() REPRESENTATION_CONTEXT('2D SPACE',''
  ) );
#2708 = ORIENTED_EDGE('',*,*,#451,.T.);
#2709 = ORIENTED_EDGE('',*,*,#2688,.T.);
#2710 = ADVANCED_FACE('',(#2711),#499,.F.);
#2711 = FACE_BOUND('',#2712,.F.);
#2712 = EDGE_LOOP('',(#2713,#2737,#2758,#2759));
#2713 = ORIENTED_EDGE('',*,*,#2714,.F.);
#2714 = EDGE_CURVE('',#2715,#2715,#2717,.T.);
#2715 = VERTEX_POINT('',#2716);
#2716 = CARTESIAN_POINT('',(25.,109.,187.25));
#2717 = SURFACE_CURVE('',#2718,(#2723,#2730),.PCURVE_S1.);
#2718 = CIRCLE('',#2719,1.25);
#2719 = AXIS2_PLACEMENT_3D('',#2720,#2721,#2722);
#2720 = CARTESIAN_POINT('',(25.,109.,186.));
#2721 = DIRECTION('',(0.,1.,0.));
#2722 = DIRECTION('',(0.,-0.,1.));
#2723 = PCURVE('',#499,#2724);
#2724 = DEFINITIONAL_REPRESENTATION('',(#2725),#2729);
#2725 = LINE('',#2726,#2727);
#2726 = CARTESIAN_POINT('',(0.,4.5));
#2727 = VECTOR('',#2728,1.);
#2728 = DIRECTION('',(1.,0.));
#2729 = ( GEOMETRIC_REPRESENTATION_CONTEXT(2) 
PARAMETRIC_REPRESENTATION_CONTEXT() REPRESENTATION_CONTEXT('2D SPACE',''
  ) );
#2730 = PCURVE('',#2526,#2731);
#2731 = DEFINITIONAL_REPRESENTATION('',(#2732),#2736);
#2732 = CIRCLE('',#2733,1.25);
#2733 = AXIS2_PLACEMENT_2D('',#2734,#2735);
#2734 = CARTESIAN_POINT('',(12.,133.));
#2735 = DIRECTION('',(1.,0.));
#2736 = ( GEOMETRIC_REPRESENTATION_CONTEXT(2) 
PARAMETRIC_REPRESENTATION_CONTEXT() REPRESENTATION_CONTEXT('2D SPACE',''
  ) );
#2737 = ORIENTED_EDGE('',*,*,#2738,.F.);
#2738 = EDGE_CURVE('',#483,#2715,#2739,.T.);
#2739 = SEAM_CURVE('',#2740,(#2744,#2751),.PCURVE_S1.);
#2740 = LINE('',#2741,#2742);
#2741 = CARTESIAN_POINT('',(25.,104.5,187.25));
#2742 = VECTOR('',#2743,1.);
#2743 = DIRECTION('',(0.,1.,0.));
#2744 = PCURVE('',#499,#2745);
#2745 = DEFINITIONAL_REPRESENTATION('',(#2746),#2750);
#2746 = LINE('',#2747,#2748);
#2747 = CARTESIAN_POINT('',(6.28318530718,-0.));
#2748 = VECTOR('',#2749,1.);
#2749 = DIRECTION('',(0.,1.));
#2750 = ( GEOMETRIC_REPRESENTATION_CONTEXT(2) 
PARAMETRIC_REPRESENTATION_CONTEXT() REPRESENTATION_CONTEXT('2D SPACE',''
  ) );
#2751 = PCURVE('',#499,#2752);
#2752 = DEFINITIONAL_REPRESENTATION('',(#2753),#2757);
#2753 = LINE('',#2754,#2755);
#2754 = CARTESIAN_POINT('',(0.,-0.));
#2755 = VECTOR('',#2756,1.);
#2756 = DIRECTION('',(0.,1.));
#2757 = ( GEOMETRIC_REPRESENTATION_CONTEXT(2) 
PARAMETRIC_REPRESENTATION_CONTEXT() REPRESENTATION_CONTEXT('2D SPACE',''
  ) );
#2758 = ORIENTED_EDGE('',*,*,#482,.T.);
#2759 = ORIENTED_EDGE('',*,*,#2738,.T.);
#2760 = ADVANCED_FACE('',(#2761),#530,.F.);
#2761 = FACE_BOUND('',#2762,.F.);
#2762 = EDGE_LOOP('',(#2763,#2787,#2808,#2809));
#2763 = ORIENTED_EDGE('',*,*,#2764,.F.);
#2764 = EDGE_CURVE('',#2765,#2765,#2767,.T.);
#2765 = VERTEX_POINT('',#2766);
#2766 = CARTESIAN_POINT('',(50.,109.,187.25));
#2767 = SURFACE_CURVE('',#2768,(#2773,#2780),.PCURVE_S1.);
#2768 = CIRCLE('',#2769,1.25);
#2769 = AXIS2_PLACEMENT_3D('',#2770,#2771,#2772);
#2770 = CARTESIAN_POINT('',(50.,109.,186.));
#2771 = DIRECTION('',(0.,1.,0.));
#2772 = DIRECTION('',(0.,-0.,1.));
#2773 = PCURVE('',#530,#2774);
#2774 = DEFINITIONAL_REPRESENTATION('',(#2775),#2779);
#2775 = LINE('',#2776,#2777);
#2776 = CARTESIAN_POINT('',(0.,4.5));
#2777 = VECTOR('',#2778,1.);
#2778 = DIRECTION('',(1.,0.));
#2779 = ( GEOMETRIC_REPRESENTATION_CONTEXT(2) 
PARAMETRIC_REPRESENTATION_CONTEXT() REPRESENTATION_CONTEXT('2D SPACE',''
  ) );
#2780 = PCURVE('',#2526,#2781);
#2781 = DEFINITIONAL_REPRESENTATION('',(#2782),#2786);
#2782 = CIRCLE('',#2783,1.25);
#2783 = AXIS2_PLACEMENT_2D('',#2784,#2785);
#2784 = CARTESIAN_POINT('',(12.,158.));
#2785 = DIRECTION('',(1.,0.));
#2786 = ( GEOMETRIC_REPRESENTATION_CONTEXT(2) 
PARAMETRIC_REPRESENTATION_CONTEXT() REPRESENTATION_CONTEXT('2D SPACE',''
  ) );
#2787 = ORIENTED_EDGE('',*,*,#2788,.F.);
#2788 = EDGE_CURVE('',#514,#2765,#2789,.T.);
#2789 = SEAM_CURVE('',#2790,(#2794,#2801),.PCURVE_S1.);
#2790 = LINE('',#2791,#2792);
#2791 = CARTESIAN_POINT('',(50.,104.5,187.25));
#2792 = VECTOR('',#2793,1.);
#2793 = DIRECTION('',(0.,1.,0.));
#2794 = PCURVE('',#530,#2795);
#2795 = DEFINITIONAL_REPRESENTATION('',(#2796),#2800);
#2796 = LINE('',#2797,#2798);
#2797 = CARTESIAN_POINT('',(6.28318530718,-0.));
#2798 = VECTOR('',#2799,1.);
#2799 = DIRECTION('',(0.,1.));
#2800 = ( GEOMETRIC_REPRESENTATION_CONTEXT(2) 
PARAMETRIC_REPRESENTATION_CONTEXT() REPRESENTATION_CONTEXT('2D SPACE',''
  ) );
#2801 = PCURVE('',#530,#2802);
#2802 = DEFINITIONAL_REPRESENTATION('',(#2803),#2807);
#2803 = LINE('',#2804,#2805);
#2804 = CARTESIAN_POINT('',(0.,-0.));
#2805 = VECTOR('',#2806,1.);
#2806 = DIRECTION('',(0.,1.));
#2807 = ( GEOMETRIC_REPRESENTATION_CONTEXT(2) 
PARAMETRIC_REPRESENTATION_CONTEXT() REPRESENTATION_CONTEXT('2D SPACE',''
  ) );
#2808 = ORIENTED_EDGE('',*,*,#513,.T.);
#2809 = ORIENTED_EDGE('',*,*,#2788,.T.);
#2810 = ADVANCED_FACE('',(#2811),#561,.F.);
#2811 = FACE_BOUND('',#2812,.F.);
#2812 = EDGE_LOOP('',(#2813,#2837,#2858,#2859));
#2813 = ORIENTED_EDGE('',*,*,#2814,.F.);
#2814 = EDGE_CURVE('',#2815,#2815,#2817,.T.);
#2815 = VERTEX_POINT('',#2816);
#2816 = CARTESIAN_POINT('',(75.,109.,187.25));
#2817 = SURFACE_CURVE('',#2818,(#2823,#2830),.PCURVE_S1.);
#2818 = CIRCLE('',#2819,1.25);
#2819 = AXIS2_PLACEMENT_3D('',#2820,#2821,#2822);
#2820 = CARTESIAN_POINT('',(75.,109.,186.));
#2821 = DIRECTION('',(0.,1.,0.));
#2822 = DIRECTION('',(0.,-0.,1.));
#2823 = PCURVE('',#561,#2824);
#2824 = DEFINITIONAL_REPRESENTATION('',(#2825),#2829);
#2825 = LINE('',#2826,#2827);
#2826 = CARTESIAN_POINT('',(0.,4.5));
#2827 = VECTOR('',#2828,1.);
#2828 = DIRECTION('',(1.,0.));
#2829 = ( GEOMETRIC_REPRESENTATION_CONTEXT(2) 
PARAMETRIC_REPRESENTATION_CONTEXT() REPRESENTATION_CONTEXT('2D SPACE',''
  ) );
#2830 = PCURVE('',#2526,#2831);
#2831 = DEFINITIONAL_REPRESENTATION('',(#2832),#2836);
#2832 = CIRCLE('',#2833,1.25);
#2833 = AXIS2_PLACEMENT_2D('',#2834,#2835);
#2834 = CARTESIAN_POINT('',(12.,183.));
#2835 = DIRECTION('',(1.,0.));
#2836 = ( GEOMETRIC_REPRESENTATION_CONTEXT(2) 
PARAMETRIC_REPRESENTATION_CONTEXT() REPRESENTATION_CONTEXT('2D SPACE',''
  ) );
#2837 = ORIENTED_EDGE('',*,*,#2838,.F.);
#2838 = EDGE_CURVE('',#545,#2815,#2839,.T.);
#2839 = SEAM_CURVE('',#2840,(#2844,#2851),.PCURVE_S1.);
#2840 = LINE('',#2841,#2842);
#2841 = CARTESIAN_POINT('',(75.,104.5,187.25));
#2842 = VECTOR('',#2843,1.);
#2843 = DIRECTION('',(0.,1.,0.));
#2844 = PCURVE('',#561,#2845);
#2845 = DEFINITIONAL_REPRESENTATION('',(#2846),#2850);
#2846 = LINE('',#2847,#2848);
#2847 = CARTESIAN_POINT('',(6.28318530718,-0.));
#2848 = VECTOR('',#2849,1.);
#2849 = DIRECTION('',(0.,1.));
#2850 = ( GEOMETRIC_REPRESENTATION_CONTEXT(2) 
PARAMETRIC_REPRESENTATION_CONTEXT() REPRESENTATION_CONTEXT('2D SPACE',''
  ) );
#2851 = PCURVE('',#561,#2852);
#2852 = DEFINITIONAL_REPRESENTATION('',(#2853),#2857);
#2853 = LINE('',#2854,#2855);
#2854 = CARTESIAN_POINT('',(0.,-0.));
#2855 = VECTOR('',#2856,1.);
#2856 = DIRECTION('',(0.,1.));
#2857 = ( GEOMETRIC_REPRESENTATION_CONTEXT(2) 
PARAMETRIC_REPRESENTATION_CONTEXT() REPRESENTATION_CONTEXT('2D SPACE',''
  ) );
#2858 = ORIENTED_EDGE('',*,*,#544,.T.);
#2859 = ORIENTED_EDGE('',*,*,#2838,.T.);
#2860 = ADVANCED_FACE('',(#2861),#592,.F.);
#2861 = FACE_BOUND('',#2862,.F.);
#2862 = EDGE_LOOP('',(#2863,#2887,#2908,#2909));
#2863 = ORIENTED_EDGE('',*,*,#2864,.F.);
#2864 = EDGE_CURVE('',#2865,#2865,#2867,.T.);
#2865 = VERTEX_POINT('',#2866);
#2866 = CARTESIAN_POINT('',(100.,109.,187.25));
#2867 = SURFACE_CURVE('',#2868,(#2873,#2880),.PCURVE_S1.);
#2868 = CIRCLE('',#2869,1.25);
#2869 = AXIS2_PLACEMENT_3D('',#2870,#2871,#2872);
#2870 = CARTESIAN_POINT('',(100.,109.,186.));
#2871 = DIRECTION('',(0.,1.,0.));
#2872 = DIRECTION('',(0.,-0.,1.));
#2873 = PCURVE('',#592,#2874);
#2874 = DEFINITIONAL_REPRESENTATION('',(#2875),#2879);
#2875 = LINE('',#2876,#2877);
#2876 = CARTESIAN_POINT('',(0.,4.5));
#2877 = VECTOR('',#2878,1.);
#2878 = DIRECTION('',(1.,0.));
#2879 = ( GEOMETRIC_REPRESENTATION_CONTEXT(2) 
PARAMETRIC_REPRESENTATION_CONTEXT() REPRESENTATION_CONTEXT('2D SPACE',''
  ) );
#2880 = PCURVE('',#2526,#2881);
#2881 = DEFINITIONAL_REPRESENTATION('',(#2882),#2886);
#2882 = CIRCLE('',#2883,1.25);
#2883 = AXIS2_PLACEMENT_2D('',#2884,#2885);
#2884 = CARTESIAN_POINT('',(12.,208.));
#2885 = DIRECTION('',(1.,0.));
#2886 = ( GEOMETRIC_REPRESENTATION_CONTEXT(2) 
PARAMETRIC_REPRESENTATION_CONTEXT() REPRESENTATION_CONTEXT('2D SPACE',''
  ) );
#2887 = ORIENTED_EDGE('',*,*,#2888,.F.);
#2888 = EDGE_CURVE('',#576,#2865,#2889,.T.);
#2889 = SEAM_CURVE('',#2890,(#2894,#2901),.PCURVE_S1.);
#2890 = LINE('',#2891,#2892);
#2891 = CARTESIAN_POINT('',(100.,104.5,187.25));
#2892 = VECTOR('',#2893,1.);
#2893 = DIRECTION('',(0.,1.,0.));
#2894 = PCURVE('',#592,#2895);
#2895 = DEFINITIONAL_REPRESENTATION('',(#2896),#2900);
#2896 = LINE('',#2897,#2898);
#2897 = CARTESIAN_POINT('',(6.28318530718,-0.));
#2898 = VECTOR('',#2899,1.);
#2899 = DIRECTION('',(0.,1.));
#2900 = ( GEOMETRIC_REPRESENTATION_CONTEXT(2) 
PARAMETRIC_REPRESENTATION_CONTEXT() REPRESENTATION_CONTEXT('2D SPACE',''
  ) );
#2901 = PCURVE('',#592,#2902);
#2902 = DEFINITIONAL_REPRESENTATION('',(#2903),#2907);
#2903 = LINE('',#2904,#2905);
#2904 = CARTESIAN_POINT('',(0.,-0.));
#2905 = VECTOR('',#2906,1.);
#2906 = DIRECTION('',(0.,1.));
#2907 = ( GEOMETRIC_REPRESENTATION_CONTEXT(2) 
PARAMETRIC_REPRESENTATION_CONTEXT() REPRESENTATION_CONTEXT('2D SPACE',''
  ) );
#2908 = ORIENTED_EDGE('',*,*,#575,.T.);
#2909 = ORIENTED_EDGE('',*,*,#2888,.T.);
#2910 = ADVANCED_FACE('',(#2911),#623,.F.);
#2911 = FACE_BOUND('',#2912,.F.);
#2912 = EDGE_LOOP('',(#2913,#2937,#2958,#2959));
#2913 = ORIENTED_EDGE('',*,*,#2914,.F.);
#2914 = EDGE_CURVE('',#2915,#2915,#2917,.T.);
#2915 = VERTEX_POINT('',#2916);
#2916 = CARTESIAN_POINT('',(125.,109.,187.25));
#2917 = SURFACE_CURVE('',#2918,(#2923,#2930),.PCURVE_S1.);
#2918 = CIRCLE('',#2919,1.25);
#2919 = AXIS2_PLACEMENT_3D('',#2920,#2921,#2922);
#2920 = CARTESIAN_POINT('',(125.,109.,186.));
#2921 = DIRECTION('',(0.,1.,0.));
#2922 = DIRECTION('',(0.,-0.,1.));
#2923 = PCURVE('',#623,#2924);
#2924 = DEFINITIONAL_REPRESENTATION('',(#2925),#2929);
#2925 = LINE('',#2926,#2927);
#2926 = CARTESIAN_POINT('',(0.,4.5));
#2927 = VECTOR('',#2928,1.);
#2928 = DIRECTION('',(1.,0.));
#2929 = ( GEOMETRIC_REPRESENTATION_CONTEXT(2) 
PARAMETRIC_REPRESENTATION_CONTEXT() REPRESENTATION_CONTEXT('2D SPACE',''
  ) );
#2930 = PCURVE('',#2526,#2931);
#2931 = DEFINITIONAL_REPRESENTATION('',(#2932),#2936);
#2932 = CIRCLE('',#2933,1.25);
#2933 = AXIS2_PLACEMENT_2D('',#2934,#2935);
#2934 = CARTESIAN_POINT('',(12.,233.));
#2935 = DIRECTION('',(1.,0.));
#2936 = ( GEOMETRIC_REPRESENTATION_CONTEXT(2) 
PARAMETRIC_REPRESENTATION_CONTEXT() REPRESENTATION_CONTEXT('2D SPACE',''
  ) );
#2937 = ORIENTED_EDGE('',*,*,#2938,.F.);
#2938 = EDGE_CURVE('',#607,#2915,#2939,.T.);
#2939 = SEAM_CURVE('',#2940,(#2944,#2951),.PCURVE_S1.);
#2940 = LINE('',#2941,#2942);
#2941 = CARTESIAN_POINT('',(125.,104.5,187.25));
#2942 = VECTOR('',#2943,1.);
#2943 = DIRECTION('',(0.,1.,0.));
#2944 = PCURVE('',#623,#2945);
#2945 = DEFINITIONAL_REPRESENTATION('',(#2946),#2950);
#2946 = LINE('',#2947,#2948);
#2947 = CARTESIAN_POINT('',(6.28318530718,-0.));
#2948 = VECTOR('',#2949,1.);
#2949 = DIRECTION('',(0.,1.));
#2950 = ( GEOMETRIC_REPRESENTATION_CONTEXT(2) 
PARAMETRIC_REPRESENTATION_CONTEXT() REPRESENTATION_CONTEXT('2D SPACE',''
  ) );
#2951 = PCURVE('',#623,#2952);
#2952 = DEFINITIONAL_REPRESENTATION('',(#2953),#2957);
#2953 = LINE('',#2954,#2955);
#2954 = CARTESIAN_POINT('',(0.,-0.));
#2955 = VECTOR('',#2956,1.);
#2956 = DIRECTION('',(0.,1.));
#2957 = ( GEOMETRIC_REPRESENTATION_CONTEXT(2) 
PARAMETRIC_REPRESENTATION_CONTEXT() REPRESENTATION_CONTEXT('2D SPACE',''
  ) );
#2958 = ORIENTED_EDGE('',*,*,#606,.T.);
#2959 = ORIENTED_EDGE('',*,*,#2938,.T.);
#2960 = ADVANCED_FACE('',(#2961),#654,.F.);
#2961 = FACE_BOUND('',#2962,.F.);
#2962 = EDGE_LOOP('',(#2963,#2987,#3008,#3009));
#2963 = ORIENTED_EDGE('',*,*,#2964,.F.);
#2964 = EDGE_CURVE('',#2965,#2965,#2967,.T.);
#2965 = VERTEX_POINT('',#2966);
#2966 = CARTESIAN_POINT('',(150.,109.,187.25));
#2967 = SURFACE_CURVE('',#2968,(#2973,#2980),.PCURVE_S1.);
#2968 = CIRCLE('',#2969,1.25);
#2969 = AXIS2_PLACEMENT_3D('',#2970,#2971,#2972);
#2970 = CARTESIAN_POINT('',(150.,109.,186.));
#2971 = DIRECTION('',(0.,1.,0.));
#2972 = DIRECTION('',(0.,-0.,1.));
#2973 = PCURVE('',#654,#2974);
#2974 = DEFINITIONAL_REPRESENTATION('',(#2975),#2979);
#2975 = LINE('',#2976,#2977);
#2976 = CARTESIAN_POINT('',(0.,4.5));
#2977 = VECTOR('',#2978,1.);
#2978 = DIRECTION('',(1.,0.));
#2979 = ( GEOMETRIC_REPRESENTATION_CONTEXT(2) 
PARAMETRIC_REPRESENTATION_CONTEXT() REPRESENTATION_CONTEXT('2D SPACE',''
  ) );
#2980 = PCURVE('',#2526,#2981);
#2981 = DEFINITIONAL_REPRESENTATION('',(#2982),#2986);
#2982 = CIRCLE('',#2983,1.25);
#2983 = AXIS2_PLACEMENT_2D('',#2984,#2985);
#2984 = CARTESIAN_POINT('',(12.,258.));
#2985 = DIRECTION('',(1.,0.));
#2986 = ( GEOMETRIC_REPRESENTATION_CONTEXT(2) 
PARAMETRIC_REPRESENTATION_CONTEXT() REPRESENTATION_CONTEXT('2D SPACE',''
  ) );
#2987 = ORIENTED_EDGE('',*,*,#2988,.F.);
#2988 = EDGE_CURVE('',#638,#2965,#2989,.T.);
#2989 = SEAM_CURVE('',#2990,(#2994,#3001),.PCURVE_S1.);
#2990 = LINE('',#2991,#2992);
#2991 = CARTESIAN_POINT('',(150.,104.5,187.25));
#2992 = VECTOR('',#2993,1.);
#2993 = DIRECTION('',(0.,1.,0.));
#2994 = PCURVE('',#654,#2995);
#2995 = DEFINITIONAL_REPRESENTATION('',(#2996),#3000);
#2996 = LINE('',#2997,#2998);
#2997 = CARTESIAN_POINT('',(6.28318530718,-0.));
#2998 = VECTOR('',#2999,1.);
#2999 = DIRECTION('',(0.,1.));
#3000 = ( GEOMETRIC_REPRESENTATION_CONTEXT(2) 
PARAMETRIC_REPRESENTATION_CONTEXT() REPRESENTATION_CONTEXT('2D SPACE',''
  ) );
#3001 = PCURVE('',#654,#3002);
#3002 = DEFINITIONAL_REPRESENTATION('',(#3003),#3007);
#3003 = LINE('',#3004,#3005);
#3004 = CARTESIAN_POINT('',(0.,-0.));
#3005 = VECTOR('',#3006,1.);
#3006 = DIRECTION('',(0.,1.));
#3007 = ( GEOMETRIC_REPRESENTATION_CONTEXT(2) 
PARAMETRIC_REPRESENTATION_CONTEXT() REPRESENTATION_CONTEXT('2D SPACE',''
  ) );
#3008 = ORIENTED_EDGE('',*,*,#637,.T.);
#3009 = ORIENTED_EDGE('',*,*,#2988,.T.);
#3010 = ADVANCED_FACE('',(#3011),#685,.F.);
#3011 = FACE_BOUND('',#3012,.F.);
#3012 = EDGE_LOOP('',(#3013,#3037,#3058,#3059));
#3013 = ORIENTED_EDGE('',*,*,#3014,.F.);
#3014 = EDGE_CURVE('',#3015,#3015,#3017,.T.);
#3015 = VERTEX_POINT('',#3016);
#3016 = CARTESIAN_POINT('',(175.,109.,187.25));
#3017 = SURFACE_CURVE('',#3018,(#3023,#3030),.PCURVE_S1.);
#3018 = CIRCLE('',#3019,1.25);
#3019 = AXIS2_PLACEMENT_3D('',#3020,#3021,#3022);
#3020 = CARTESIAN_POINT('',(175.,109.,186.));
#3021 = DIRECTION('',(0.,1.,0.));
#3022 = DIRECTION('',(0.,-0.,1.));
#3023 = PCURVE('',#685,#3024);
#3024 = DEFINITIONAL_REPRESENTATION('',(#3025),#3029);
#3025 = LINE('',#3026,#3027);
#3026 = CARTESIAN_POINT('',(0.,4.5));
#3027 = VECTOR('',#3028,1.);
#3028 = DIRECTION('',(1.,0.));
#3029 = ( GEOMETRIC_REPRESENTATION_CONTEXT(2) 
PARAMETRIC_REPRESENTATION_CONTEXT() REPRESENTATION_CONTEXT('2D SPACE',''
  ) );
#3030 = PCURVE('',#2526,#3031);
#3031 = DEFINITIONAL_REPRESENTATION('',(#3032),#3036);
#3032 = CIRCLE('',#3033,1.25);
#3033 = AXIS2_PLACEMENT_2D('',#3034,#3035);
#3034 = CARTESIAN_POINT('',(12.,283.));
#3035 = DIRECTION('',(1.,0.));
#3036 = ( GEOMETRIC_REPRESENTATION_CONTEXT(2) 
PARAMETRIC_REPRESENTATION_CONTEXT() REPRESENTATION_CONTEXT('2D SPACE',''
  ) );
#3037 = ORIENTED_EDGE('',*,*,#3038,.F.);
#3038 = EDGE_CURVE('',#669,#3015,#3039,.T.);
#3039 = SEAM_CURVE('',#3040,(#3044,#3051),.PCURVE_S1.);
#3040 = LINE('',#3041,#3042);
#3041 = CARTESIAN_POINT('',(175.,104.5,187.25));
#3042 = VECTOR('',#3043,1.);
#3043 = DIRECTION('',(0.,1.,0.));
#3044 = PCURVE('',#685,#3045);
#3045 = DEFINITIONAL_REPRESENTATION('',(#3046),#3050);
#3046 = LINE('',#3047,#3048);
#3047 = CARTESIAN_POINT('',(6.28318530718,-0.));
#3048 = VECTOR('',#3049,1.);
#3049 = DIRECTION('',(0.,1.));
#3050 = ( GEOMETRIC_REPRESENTATION_CONTEXT(2) 
PARAMETRIC_REPRESENTATION_CONTEXT() REPRESENTATION_CONTEXT('2D SPACE',''
  ) );
#3051 = PCURVE('',#685,#3052);
#3052 = DEFINITIONAL_REPRESENTATION('',(#3053),#3057);
#3053 = LINE('',#3054,#3055);
#3054 = CARTESIAN_POINT('',(0.,-0.));
#3055 = VECTOR('',#3056,1.);
#3056 = DIRECTION('',(0.,1.));
#3057 = ( GEOMETRIC_REPRESENTATION_CONTEXT(2) 
PARAMETRIC_REPRESENTATION_CONTEXT() REPRESENTATION_CONTEXT('2D SPACE',''
  ) );
#3058 = ORIENTED_EDGE('',*,*,#668,.T.);
#3059 = ORIENTED_EDGE('',*,*,#3038,.T.);
#3060 = ADVANCED_FACE('',(#3061),#716,.F.);
#3061 = FACE_BOUND('',#3062,.F.);
#3062 = EDGE_LOOP('',(#3063,#3087,#3108,#3109));
#3063 = ORIENTED_EDGE('',*,*,#3064,.F.);
#3064 = EDGE_CURVE('',#3065,#3065,#3067,.T.);
#3065 = VERTEX_POINT('',#3066);
#3066 = CARTESIAN_POINT('',(200.,109.,187.25));
#3067 = SURFACE_CURVE('',#3068,(#3073,#3080),.PCURVE_S1.);
#3068 = CIRCLE('',#3069,1.25);
#3069 = AXIS2_PLACEMENT_3D('',#3070,#3071,#3072);
#3070 = CARTESIAN_POINT('',(200.,109.,186.));
#3071 = DIRECTION('',(0.,1.,0.));
#3072 = DIRECTION('',(0.,-0.,1.));
#3073 = PCURVE('',#716,#3074);
#3074 = DEFINITIONAL_REPRESENTATION('',(#3075),#3079);
#3075 = LINE('',#3076,#3077);
#3076 = CARTESIAN_POINT('',(0.,4.5));
#3077 = VECTOR('',#3078,1.);
#3078 = DIRECTION('',(1.,0.));
#3079 = ( GEOMETRIC_REPRESENTATION_CONTEXT(2) 
PARAMETRIC_REPRESENTATION_CONTEXT() REPRESENTATION_CONTEXT('2D SPACE',''
  ) );
#3080 = PCURVE('',#2526,#3081);
#3081 = DEFINITIONAL_REPRESENTATION('',(#3082),#3086);
#3082 = CIRCLE('',#3083,1.25);
#3083 = AXIS2_PLACEMENT_2D('',#3084,#3085);
#3084 = CARTESIAN_POINT('',(12.,308.));
#3085 = DIRECTION('',(1.,0.));
#3086 = ( GEOMETRIC_REPRESENTATION_CONTEXT(2) 
PARAMETRIC_REPRESENTATION_CONTEXT() REPRESENTATION_CONTEXT('2D SPACE',''
  ) );
#3087 = ORIENTED_EDGE('',*,*,#3088,.F.);
#3088 = EDGE_CURVE('',#700,#3065,#3089,.T.);
#3089 = SEAM_CURVE('',#3090,(#3094,#3101),.PCURVE_S1.);
#3090 = LINE('',#3091,#3092);
#3091 = CARTESIAN_POINT('',(200.,104.5,187.25));
#3092 = VECTOR('',#3093,1.);
#3093 = DIRECTION('',(0.,1.,0.));
#3094 = PCURVE('',#716,#3095);
#3095 = DEFINITIONAL_REPRESENTATION('',(#3096),#3100);
#3096 = LINE('',#3097,#3098);
#3097 = CARTESIAN_POINT('',(6.28318530718,-0.));
#3098 = VECTOR('',#3099,1.);
#3099 = DIRECTION('',(0.,1.));
#3100 = ( GEOMETRIC_REPRESENTATION_CONTEXT(2) 
PARAMETRIC_REPRESENTATION_CONTEXT() REPRESENTATION_CONTEXT('2D SPACE',''
  ) );
#3101 = PCURVE('',#716,#3102);
#3102 = DEFINITIONAL_REPRESENTATION('',(#3103),#3107);
#3103 = LINE('',#3104,#3105);
#3104 = CARTESIAN_POINT('',(0.,-0.));
#3105 = VECTOR('',#3106,1.);
#3106 = DIRECTION('',(0.,1.));
#3107 = ( GEOMETRIC_REPRESENTATION_CONTEXT(2) 
PARAMETRIC_REPRESENTATION_CONTEXT() REPRESENTATION_CONTEXT('2D SPACE',''
  ) );
#3108 = ORIENTED_EDGE('',*,*,#699,.T.);
#3109 = ORIENTED_EDGE('',*,*,#3088,.T.);
#3110 = ADVANCED_FACE('',(#3111),#747,.F.);
#3111 = FACE_BOUND('',#3112,.F.);
#3112 = EDGE_LOOP('',(#3113,#3137,#3158,#3159));
#3113 = ORIENTED_EDGE('',*,*,#3114,.F.);
#3114 = EDGE_CURVE('',#3115,#3115,#3117,.T.);
#3115 = VERTEX_POINT('',#3116);
#3116 = CARTESIAN_POINT('',(-75.,109.,239.25));
#3117 = SURFACE_CURVE('',#3118,(#3123,#3130),.PCURVE_S1.);
#3118 = CIRCLE('',#3119,1.25);
#3119 = AXIS2_PLACEMENT_3D('',#3120,#3121,#3122);
#3120 = CARTESIAN_POINT('',(-75.,109.,238.));
#3121 = DIRECTION('',(0.,1.,0.));
#3122 = DIRECTION('',(0.,-0.,1.));
#3123 = PCURVE('',#747,#3124);
#3124 = DEFINITIONAL_REPRESENTATION('',(#3125),#3129);
#3125 = LINE('',#3126,#3127);
#3126 = CARTESIAN_POINT('',(0.,4.5));
#3127 = VECTOR('',#3128,1.);
#3128 = DIRECTION('',(1.,0.));
#3129 = ( GEOMETRIC_REPRESENTATION_CONTEXT(2) 
PARAMETRIC_REPRESENTATION_CONTEXT() REPRESENTATION_CONTEXT('2D SPACE',''
  ) );
#3130 = PCURVE('',#2526,#3131);
#3131 = DEFINITIONAL_REPRESENTATION('',(#3132),#3136);
#3132 = CIRCLE('',#3133,1.25);
#3133 = AXIS2_PLACEMENT_2D('',#3134,#3135);
#3134 = CARTESIAN_POINT('',(64.,33.));
#3135 = DIRECTION('',(1.,0.));
#3136 = ( GEOMETRIC_REPRESENTATION_CONTEXT(2) 
PARAMETRIC_REPRESENTATION_CONTEXT() REPRESENTATION_CONTEXT('2D SPACE',''
  ) );
#3137 = ORIENTED_EDGE('',*,*,#3138,.F.);
#3138 = EDGE_CURVE('',#731,#3115,#3139,.T.);
#3139 = SEAM_CURVE('',#3140,(#3144,#3151),.PCURVE_S1.);
#3140 = LINE('',#3141,#3142);
#3141 = CARTESIAN_POINT('',(-75.,104.5,239.25));
#3142 = VECTOR('',#3143,1.);
#3143 = DIRECTION('',(0.,1.,0.));
#3144 = PCURVE('',#747,#3145);
#3145 = DEFINITIONAL_REPRESENTATION('',(#3146),#3150);
#3146 = LINE('',#3147,#3148);
#3147 = CARTESIAN_POINT('',(6.28318530718,-0.));
#3148 = VECTOR('',#3149,1.);
#3149 = DIRECTION('',(0.,1.));
#3150 = ( GEOMETRIC_REPRESENTATION_CONTEXT(2) 
PARAMETRIC_REPRESENTATION_CONTEXT() REPRESENTATION_CONTEXT('2D SPACE',''
  ) );
#3151 = PCURVE('',#747,#3152);
#3152 = DEFINITIONAL_REPRESENTATION('',(#3153),#3157);
#3153 = LINE('',#3154,#3155);
#3154 = CARTESIAN_POINT('',(0.,-0.));
#3155 = VECTOR('',#3156,1.);
#3156 = DIRECTION('',(0.,1.));
#3157 = ( GEOMETRIC_REPRESENTATION_CONTEXT(2) 
PARAMETRIC_REPRESENTATION_CONTEXT() REPRESENTATION_CONTEXT('2D SPACE',''
  ) );
#3158 = ORIENTED_EDGE('',*,*,#730,.T.);
#3159 = ORIENTED_EDGE('',*,*,#3138,.T.);
#3160 = ADVANCED_FACE('',(#3161),#778,.F.);
#3161 = FACE_BOUND('',#3162,.F.);
#3162 = EDGE_LOOP('',(#3163,#3187,#3208,#3209));
#3163 = ORIENTED_EDGE('',*,*,#3164,.F.);
#3164 = EDGE_CURVE('',#3165,#3165,#3167,.T.);
#3165 = VERTEX_POINT('',#3166);
#3166 = CARTESIAN_POINT('',(-50.,109.,239.25));
#3167 = SURFACE_CURVE('',#3168,(#3173,#3180),.PCURVE_S1.);
#3168 = CIRCLE('',#3169,1.25);
#3169 = AXIS2_PLACEMENT_3D('',#3170,#3171,#3172);
#3170 = CARTESIAN_POINT('',(-50.,109.,238.));
#3171 = DIRECTION('',(0.,1.,0.));
#3172 = DIRECTION('',(0.,-0.,1.));
#3173 = PCURVE('',#778,#3174);
#3174 = DEFINITIONAL_REPRESENTATION('',(#3175),#3179);
#3175 = LINE('',#3176,#3177);
#3176 = CARTESIAN_POINT('',(0.,4.5));
#3177 = VECTOR('',#3178,1.);
#3178 = DIRECTION('',(1.,0.));
#3179 = ( GEOMETRIC_REPRESENTATION_CONTEXT(2) 
PARAMETRIC_REPRESENTATION_CONTEXT() REPRESENTATION_CONTEXT('2D SPACE',''
  ) );
#3180 = PCURVE('',#2526,#3181);
#3181 = DEFINITIONAL_REPRESENTATION('',(#3182),#3186);
#3182 = CIRCLE('',#3183,1.25);
#3183 = AXIS2_PLACEMENT_2D('',#3184,#3185);
#3184 = CARTESIAN_POINT('',(64.,58.));
#3185 = DIRECTION('',(1.,0.));
#3186 = ( GEOMETRIC_REPRESENTATION_CONTEXT(2) 
PARAMETRIC_REPRESENTATION_CONTEXT() REPRESENTATION_CONTEXT('2D SPACE',''
  ) );
#3187 = ORIENTED_EDGE('',*,*,#3188,.F.);
#3188 = EDGE_CURVE('',#762,#3165,#3189,.T.);
#3189 = SEAM_CURVE('',#3190,(#3194,#3201),.PCURVE_S1.);
#3190 = LINE('',#3191,#3192);
#3191 = CARTESIAN_POINT('',(-50.,104.5,239.25));
#3192 = VECTOR('',#3193,1.);
#3193 = DIRECTION('',(0.,1.,0.));
#3194 = PCURVE('',#778,#3195);
#3195 = DEFINITIONAL_REPRESENTATION('',(#3196),#3200);
#3196 = LINE('',#3197,#3198);
#3197 = CARTESIAN_POINT('',(6.28318530718,-0.));
#3198 = VECTOR('',#3199,1.);
#3199 = DIRECTION('',(0.,1.));
#3200 = ( GEOMETRIC_REPRESENTATION_CONTEXT(2) 
PARAMETRIC_REPRESENTATION_CONTEXT() REPRESENTATION_CONTEXT('2D SPACE',''
  ) );
#3201 = PCURVE('',#778,#3202);
#3202 = DEFINITIONAL_REPRESENTATION('',(#3203),#3207);
#3203 = LINE('',#3204,#3205);
#3204 = CARTESIAN_POINT('',(0.,-0.));
#3205 = VECTOR('',#3206,1.);
#3206 = DIRECTION('',(0.,1.));
#3207 = ( GEOMETRIC_REPRESENTATION_CONTEXT(2) 
PARAMETRIC_REPRESENTATION_CONTEXT() REPRESENTATION_CONTEXT('2D SPACE',''
  ) );
#3208 = ORIENTED_EDGE('',*,*,#761,.T.);
#3209 = ORIENTED_EDGE('',*,*,#3188,.T.);
#3210 = ADVANCED_FACE('',(#3211),#809,.F.);
#3211 = FACE_BOUND('',#3212,.F.);
#3212 = EDGE_LOOP('',(#3213,#3237,#3258,#3259));
#3213 = ORIENTED_EDGE('',*,*,#3214,.F.);
#3214 = EDGE_CURVE('',#3215,#3215,#3217,.T.);
#3215 = VERTEX_POINT('',#3216);
#3216 = CARTESIAN_POINT('',(-25.,109.,239.25));
#3217 = SURFACE_CURVE('',#3218,(#3223,#3230),.PCURVE_S1.);
#3218 = CIRCLE('',#3219,1.25);
#3219 = AXIS2_PLACEMENT_3D('',#3220,#3221,#3222);
#3220 = CARTESIAN_POINT('',(-25.,109.,238.));
#3221 = DIRECTION('',(0.,1.,0.));
#3222 = DIRECTION('',(0.,-0.,1.));
#3223 = PCURVE('',#809,#3224);
#3224 = DEFINITIONAL_REPRESENTATION('',(#3225),#3229);
#3225 = LINE('',#3226,#3227);
#3226 = CARTESIAN_POINT('',(0.,4.5));
#3227 = VECTOR('',#3228,1.);
#3228 = DIRECTION('',(1.,0.));
#3229 = ( GEOMETRIC_REPRESENTATION_CONTEXT(2) 
PARAMETRIC_REPRESENTATION_CONTEXT() REPRESENTATION_CONTEXT('2D SPACE',''
  ) );
#3230 = PCURVE('',#2526,#3231);
#3231 = DEFINITIONAL_REPRESENTATION('',(#3232),#3236);
#3232 = CIRCLE('',#3233,1.25);
#3233 = AXIS2_PLACEMENT_2D('',#3234,#3235);
#3234 = CARTESIAN_POINT('',(64.,83.));
#3235 = DIRECTION('',(1.,0.));
#3236 = ( GEOMETRIC_REPRESENTATION_CONTEXT(2) 
PARAMETRIC_REPRESENTATION_CONTEXT() REPRESENTATION_CONTEXT('2D SPACE',''
  ) );
#3237 = ORIENTED_EDGE('',*,*,#3238,.F.);
#3238 = EDGE_CURVE('',#793,#3215,#3239,.T.);
#3239 = SEAM_CURVE('',#3240,(#3244,#3251),.PCURVE_S1.);
#3240 = LINE('',#3241,#3242);
#3241 = CARTESIAN_POINT('',(-25.,104.5,239.25));
#3242 = VECTOR('',#3243,1.);
#3243 = DIRECTION('',(0.,1.,0.));
#3244 = PCURVE('',#809,#3245);
#3245 = DEFINITIONAL_REPRESENTATION('',(#3246),#3250);
#3246 = LINE('',#3247,#3248);
#3247 = CARTESIAN_POINT('',(6.28318530718,-0.));
#3248 = VECTOR('',#3249,1.);
#3249 = DIRECTION('',(0.,1.));
#3250 = ( GEOMETRIC_REPRESENTATION_CONTEXT(2) 
PARAMETRIC_REPRESENTATION_CONTEXT() REPRESENTATION_CONTEXT('2D SPACE',''
  ) );
#3251 = PCURVE('',#809,#3252);
#3252 = DEFINITIONAL_REPRESENTATION('',(#3253),#3257);
#3253 = LINE('',#3254,#3255);
#3254 = CARTESIAN_POINT('',(0.,-0.));
#3255 = VECTOR('',#3256,1.);
#3256 = DIRECTION('',(0.,1.));
#3257 = ( GEOMETRIC_REPRESENTATION_CONTEXT(2) 
PARAMETRIC_REPRESENTATION_CONTEXT() REPRESENTATION_CONTEXT('2D SPACE',''
  ) );
#3258 = ORIENTED_EDGE('',*,*,#792,.T.);
#3259 = ORIENTED_EDGE('',*,*,#3238,.T.);
#3260 = ADVANCED_FACE('',(#3261),#840,.F.);
#3261 = FACE_BOUND('',#3262,.F.);
#3262 = EDGE_LOOP('',(#3263,#3287,#3308,#3309));
#3263 = ORIENTED_EDGE('',*,*,#3264,.F.);
#3264 = EDGE_CURVE('',#3265,#3265,#3267,.T.);
#3265 = VERTEX_POINT('',#3266);
#3266 = CARTESIAN_POINT('',(-4.293872584539E-14,109.,239.25));
#3267 = SURFACE_CURVE('',#3268,(#3273,#3280),.PCURVE_S1.);
#3268 = CIRCLE('',#3269,1.25);
#3269 = AXIS2_PLACEMENT_3D('',#3270,#3271,#3272);
#3270 = CARTESIAN_POINT('',(-4.263256414561E-14,109.,238.));
#3271 = DIRECTION('',(0.,1.,0.));
#3272 = DIRECTION('',(0.,-0.,1.));
#3273 = PCURVE('',#840,#3274);
#3274 = DEFINITIONAL_REPRESENTATION('',(#3275),#3279);
#3275 = LINE('',#3276,#3277);
#3276 = CARTESIAN_POINT('',(0.,4.5));
#3277 = VECTOR('',#3278,1.);
#3278 = DIRECTION('',(1.,0.));
#3279 = ( GEOMETRIC_REPRESENTATION_CONTEXT(2) 
PARAMETRIC_REPRESENTATION_CONTEXT() REPRESENTATION_CONTEXT('2D SPACE',''
  ) );
#3280 = PCURVE('',#2526,#3281);
#3281 = DEFINITIONAL_REPRESENTATION('',(#3282),#3286);
#3282 = CIRCLE('',#3283,1.25);
#3283 = AXIS2_PLACEMENT_2D('',#3284,#3285);
#3284 = CARTESIAN_POINT('',(64.,108.));
#3285 = DIRECTION('',(1.,0.));
#3286 = ( GEOMETRIC_REPRESENTATION_CONTEXT(2) 
PARAMETRIC_REPRESENTATION_CONTEXT() REPRESENTATION_CONTEXT('2D SPACE',''
  ) );
#3287 = ORIENTED_EDGE('',*,*,#3288,.F.);
#3288 = EDGE_CURVE('',#824,#3265,#3289,.T.);
#3289 = SEAM_CURVE('',#3290,(#3294,#3301),.PCURVE_S1.);
#3290 = LINE('',#3291,#3292);
#3291 = CARTESIAN_POINT('',(-4.293872584539E-14,104.5,239.25));
#3292 = VECTOR('',#3293,1.);
#3293 = DIRECTION('',(0.,1.,0.));
#3294 = PCURVE('',#840,#3295);
#3295 = DEFINITIONAL_REPRESENTATION('',(#3296),#3300);
#3296 = LINE('',#3297,#3298);
#3297 = CARTESIAN_POINT('',(6.28318530718,-0.));
#3298 = VECTOR('',#3299,1.);
#3299 = DIRECTION('',(0.,1.));
#3300 = ( GEOMETRIC_REPRESENTATION_CONTEXT(2) 
PARAMETRIC_REPRESENTATION_CONTEXT() REPRESENTATION_CONTEXT('2D SPACE',''
  ) );
#3301 = PCURVE('',#840,#3302);
#3302 = DEFINITIONAL_REPRESENTATION('',(#3303),#3307);
#3303 = LINE('',#3304,#3305);
#3304 = CARTESIAN_POINT('',(0.,-0.));
#3305 = VECTOR('',#3306,1.);
#3306 = DIRECTION('',(0.,1.));
#3307 = ( GEOMETRIC_REPRESENTATION_CONTEXT(2) 
PARAMETRIC_REPRESENTATION_CONTEXT() REPRESENTATION_CONTEXT('2D SPACE',''
  ) );
#3308 = ORIENTED_EDGE('',*,*,#823,.T.);
#3309 = ORIENTED_EDGE('',*,*,#3288,.T.);
#3310 = ADVANCED_FACE('',(#3311),#871,.F.);
#3311 = FACE_BOUND('',#3312,.F.);
#3312 = EDGE_LOOP('',(#3313,#3337,#3358,#3359));
#3313 = ORIENTED_EDGE('',*,*,#3314,.F.);
#3314 = EDGE_CURVE('',#3315,#3315,#3317,.T.);
#3315 = VERTEX_POINT('',#3316);
#3316 = CARTESIAN_POINT('',(25.,109.,239.25));
#3317 = SURFACE_CURVE('',#3318,(#3323,#3330),.PCURVE_S1.);
#3318 = CIRCLE('',#3319,1.25);
#3319 = AXIS2_PLACEMENT_3D('',#3320,#3321,#3322);
#3320 = CARTESIAN_POINT('',(25.,109.,238.));
#3321 = DIRECTION('',(0.,1.,0.));
#3322 = DIRECTION('',(0.,-0.,1.));
#3323 = PCURVE('',#871,#3324);
#3324 = DEFINITIONAL_REPRESENTATION('',(#3325),#3329);
#3325 = LINE('',#3326,#3327);
#3326 = CARTESIAN_POINT('',(0.,4.5));
#3327 = VECTOR('',#3328,1.);
#3328 = DIRECTION('',(1.,0.));
#3329 = ( GEOMETRIC_REPRESENTATION_CONTEXT(2) 
PARAMETRIC_REPRESENTATION_CONTEXT() REPRESENTATION_CONTEXT('2D SPACE',''
  ) );
#3330 = PCURVE('',#2526,#3331);
#3331 = DEFINITIONAL_REPRESENTATION('',(#3332),#3336);
#3332 = CIRCLE('',#3333,1.25);
#3333 = AXIS2_PLACEMENT_2D('',#3334,#3335);
#3334 = CARTESIAN_POINT('',(64.,133.));
#3335 = DIRECTION('',(1.,0.));
#3336 = ( GEOMETRIC_REPRESENTATION_CONTEXT(2) 
PARAMETRIC_REPRESENTATION_CONTEXT() REPRESENTATION_CONTEXT('2D SPACE',''
  ) );
#3337 = ORIENTED_EDGE('',*,*,#3338,.F.);
#3338 = EDGE_CURVE('',#855,#3315,#3339,.T.);
#3339 = SEAM_CURVE('',#3340,(#3344,#3351),.PCURVE_S1.);
#3340 = LINE('',#3341,#3342);
#3341 = CARTESIAN_POINT('',(25.,104.5,239.25));
#3342 = VECTOR('',#3343,1.);
#3343 = DIRECTION('',(0.,1.,0.));
#3344 = PCURVE('',#871,#3345);
#3345 = DEFINITIONAL_REPRESENTATION('',(#3346),#3350);
#3346 = LINE('',#3347,#3348);
#3347 = CARTESIAN_POINT('',(6.28318530718,-0.));
#3348 = VECTOR('',#3349,1.);
#3349 = DIRECTION('',(0.,1.));
#3350 = ( GEOMETRIC_REPRESENTATION_CONTEXT(2) 
PARAMETRIC_REPRESENTATION_CONTEXT() REPRESENTATION_CONTEXT('2D SPACE',''
  ) );
#3351 = PCURVE('',#871,#3352);
#3352 = DEFINITIONAL_REPRESENTATION('',(#3353),#3357);
#3353 = LINE('',#3354,#3355);
#3354 = CARTESIAN_POINT('',(0.,-0.));
#3355 = VECTOR('',#3356,1.);
#3356 = DIRECTION('',(0.,1.));
#3357 = ( GEOMETRIC_REPRESENTATION_CONTEXT(2) 
PARAMETRIC_REPRESENTATION_CONTEXT() REPRESENTATION_CONTEXT('2D SPACE',''
  ) );
#3358 = ORIENTED_EDGE('',*,*,#854,.T.);
#3359 = ORIENTED_EDGE('',*,*,#3338,.T.);
#3360 = ADVANCED_FACE('',(#3361),#902,.F.);
#3361 = FACE_BOUND('',#3362,.F.);
#3362 = EDGE_LOOP('',(#3363,#3387,#3408,#3409));
#3363 = ORIENTED_EDGE('',*,*,#3364,.F.);
#3364 = EDGE_CURVE('',#3365,#3365,#3367,.T.);
#3365 = VERTEX_POINT('',#3366);
#3366 = CARTESIAN_POINT('',(50.,109.,239.25));
#3367 = SURFACE_CURVE('',#3368,(#3373,#3380),.PCURVE_S1.);
#3368 = CIRCLE('',#3369,1.25);
#3369 = AXIS2_PLACEMENT_3D('',#3370,#3371,#3372);
#3370 = CARTESIAN_POINT('',(50.,109.,238.));
#3371 = DIRECTION('',(0.,1.,0.));
#3372 = DIRECTION('',(0.,-0.,1.));
#3373 = PCURVE('',#902,#3374);
#3374 = DEFINITIONAL_REPRESENTATION('',(#3375),#3379);
#3375 = LINE('',#3376,#3377);
#3376 = CARTESIAN_POINT('',(0.,4.5));
#3377 = VECTOR('',#3378,1.);
#3378 = DIRECTION('',(1.,0.));
#3379 = ( GEOMETRIC_REPRESENTATION_CONTEXT(2) 
PARAMETRIC_REPRESENTATION_CONTEXT() REPRESENTATION_CONTEXT('2D SPACE',''
  ) );
#3380 = PCURVE('',#2526,#3381);
#3381 = DEFINITIONAL_REPRESENTATION('',(#3382),#3386);
#3382 = CIRCLE('',#3383,1.25);
#3383 = AXIS2_PLACEMENT_2D('',#3384,#3385);
#3384 = CARTESIAN_POINT('',(64.,158.));
#3385 = DIRECTION('',(1.,0.));
#3386 = ( GEOMETRIC_REPRESENTATION_CONTEXT(2) 
PARAMETRIC_REPRESENTATION_CONTEXT() REPRESENTATION_CONTEXT('2D SPACE',''
  ) );
#3387 = ORIENTED_EDGE('',*,*,#3388,.F.);
#3388 = EDGE_CURVE('',#886,#3365,#3389,.T.);
#3389 = SEAM_CURVE('',#3390,(#3394,#3401),.PCURVE_S1.);
#3390 = LINE('',#3391,#3392);
#3391 = CARTESIAN_POINT('',(50.,104.5,239.25));
#3392 = VECTOR('',#3393,1.);
#3393 = DIRECTION('',(0.,1.,0.));
#3394 = PCURVE('',#902,#3395);
#3395 = DEFINITIONAL_REPRESENTATION('',(#3396),#3400);
#3396 = LINE('',#3397,#3398);
#3397 = CARTESIAN_POINT('',(6.28318530718,-0.));
#3398 = VECTOR('',#3399,1.);
#3399 = DIRECTION('',(0.,1.));
#3400 = ( GEOMETRIC_REPRESENTATION_CONTEXT(2) 
PARAMETRIC_REPRESENTATION_CONTEXT() REPRESENTATION_CONTEXT('2D SPACE',''
  ) );
#3401 = PCURVE('',#902,#3402);
#3402 = DEFINITIONAL_REPRESENTATION('',(#3403),#3407);
#3403 = LINE('',#3404,#3405);
#3404 = CARTESIAN_POINT('',(0.,-0.));
#3405 = VECTOR('',#3406,1.);
#3406 = DIRECTION('',(0.,1.));
#3407 = ( GEOMETRIC_REPRESENTATION_CONTEXT(2) 
PARAMETRIC_REPRESENTATION_CONTEXT() REPRESENTATION_CONTEXT('2D SPACE',''
  ) );
#3408 = ORIENTED_EDGE('',*,*,#885,.T.);
#3409 = ORIENTED_EDGE('',*,*,#3388,.T.);
#3410 = ADVANCED_FACE('',(#3411),#933,.F.);
#3411 = FACE_BOUND('',#3412,.F.);
#3412 = EDGE_LOOP('',(#3413,#3437,#3458,#3459));
#3413 = ORIENTED_EDGE('',*,*,#3414,.F.);
#3414 = EDGE_CURVE('',#3415,#3415,#3417,.T.);
#3415 = VERTEX_POINT('',#3416);
#3416 = CARTESIAN_POINT('',(75.,109.,239.25));
#3417 = SURFACE_CURVE('',#3418,(#3423,#3430),.PCURVE_S1.);
#3418 = CIRCLE('',#3419,1.25);
#3419 = AXIS2_PLACEMENT_3D('',#3420,#3421,#3422);
#3420 = CARTESIAN_POINT('',(75.,109.,238.));
#3421 = DIRECTION('',(0.,1.,0.));
#3422 = DIRECTION('',(0.,-0.,1.));
#3423 = PCURVE('',#933,#3424);
#3424 = DEFINITIONAL_REPRESENTATION('',(#3425),#3429);
#3425 = LINE('',#3426,#3427);
#3426 = CARTESIAN_POINT('',(0.,4.5));
#3427 = VECTOR('',#3428,1.);
#3428 = DIRECTION('',(1.,0.));
#3429 = ( GEOMETRIC_REPRESENTATION_CONTEXT(2) 
PARAMETRIC_REPRESENTATION_CONTEXT() REPRESENTATION_CONTEXT('2D SPACE',''
  ) );
#3430 = PCURVE('',#2526,#3431);
#3431 = DEFINITIONAL_REPRESENTATION('',(#3432),#3436);
#3432 = CIRCLE('',#3433,1.25);
#3433 = AXIS2_PLACEMENT_2D('',#3434,#3435);
#3434 = CARTESIAN_POINT('',(64.,183.));
#3435 = DIRECTION('',(1.,0.));
#3436 = ( GEOMETRIC_REPRESENTATION_CONTEXT(2) 
PARAMETRIC_REPRESENTATION_CONTEXT() REPRESENTATION_CONTEXT('2D SPACE',''
  ) );
#3437 = ORIENTED_EDGE('',*,*,#3438,.F.);
#3438 = EDGE_CURVE('',#917,#3415,#3439,.T.);
#3439 = SEAM_CURVE('',#3440,(#3444,#3451),.PCURVE_S1.);
#3440 = LINE('',#3441,#3442);
#3441 = CARTESIAN_POINT('',(75.,104.5,239.25));
#3442 = VECTOR('',#3443,1.);
#3443 = DIRECTION('',(0.,1.,0.));
#3444 = PCURVE('',#933,#3445);
#3445 = DEFINITIONAL_REPRESENTATION('',(#3446),#3450);
#3446 = LINE('',#3447,#3448);
#3447 = CARTESIAN_POINT('',(6.28318530718,-0.));
#3448 = VECTOR('',#3449,1.);
#3449 = DIRECTION('',(0.,1.));
#3450 = ( GEOMETRIC_REPRESENTATION_CONTEXT(2) 
PARAMETRIC_REPRESENTATION_CONTEXT() REPRESENTATION_CONTEXT('2D SPACE',''
  ) );
#3451 = PCURVE('',#933,#3452);
#3452 = DEFINITIONAL_REPRESENTATION('',(#3453),#3457);
#3453 = LINE('',#3454,#3455);
#3454 = CARTESIAN_POINT('',(0.,-0.));
#3455 = VECTOR('',#3456,1.);
#3456 = DIRECTION('',(0.,1.));
#3457 = ( GEOMETRIC_REPRESENTATION_CONTEXT(2) 
PARAMETRIC_REPRESENTATION_CONTEXT() REPRESENTATION_CONTEXT('2D SPACE',''
  ) );
#3458 = ORIENTED_EDGE('',*,*,#916,.T.);
#3459 = ORIENTED_EDGE('',*,*,#3438,.T.);
#3460 = ADVANCED_FACE('',(#3461),#964,.F.);
#3461 = FACE_BOUND('',#3462,.F.);
#3462 = EDGE_LOOP('',(#3463,#3487,#3508,#3509));
#3463 = ORIENTED_EDGE('',*,*,#3464,.F.);
#3464 = EDGE_CURVE('',#3465,#3465,#3467,.T.);
#3465 = VERTEX_POINT('',#3466);
#3466 = CARTESIAN_POINT('',(100.,109.,239.25));
#3467 = SURFACE_CURVE('',#3468,(#3473,#3480),.PCURVE_S1.);
#3468 = CIRCLE('',#3469,1.25);
#3469 = AXIS2_PLACEMENT_3D('',#3470,#3471,#3472);
#3470 = CARTESIAN_POINT('',(100.,109.,238.));
#3471 = DIRECTION('',(0.,1.,0.));
#3472 = DIRECTION('',(0.,-0.,1.));
#3473 = PCURVE('',#964,#3474);
#3474 = DEFINITIONAL_REPRESENTATION('',(#3475),#3479);
#3475 = LINE('',#3476,#3477);
#3476 = CARTESIAN_POINT('',(0.,4.5));
#3477 = VECTOR('',#3478,1.);
#3478 = DIRECTION('',(1.,0.));
#3479 = ( GEOMETRIC_REPRESENTATION_CONTEXT(2) 
PARAMETRIC_REPRESENTATION_CONTEXT() REPRESENTATION_CONTEXT('2D SPACE',''
  ) );
#3480 = PCURVE('',#2526,#3481);
#3481 = DEFINITIONAL_REPRESENTATION('',(#3482),#3486);
#3482 = CIRCLE('',#3483,1.25);
#3483 = AXIS2_PLACEMENT_2D('',#3484,#3485);
#3484 = CARTESIAN_POINT('',(64.,208.));
#3485 = DIRECTION('',(1.,0.));
#3486 = ( GEOMETRIC_REPRESENTATION_CONTEXT(2) 
PARAMETRIC_REPRESENTATION_CONTEXT() REPRESENTATION_CONTEXT('2D SPACE',''
  ) );
#3487 = ORIENTED_EDGE('',*,*,#3488,.F.);
#3488 = EDGE_CURVE('',#948,#3465,#3489,.T.);
#3489 = SEAM_CURVE('',#3490,(#3494,#3501),.PCURVE_S1.);
#3490 = LINE('',#3491,#3492);
#3491 = CARTESIAN_POINT('',(100.,104.5,239.25));
#3492 = VECTOR('',#3493,1.);
#3493 = DIRECTION('',(0.,1.,0.));
#3494 = PCURVE('',#964,#3495);
#3495 = DEFINITIONAL_REPRESENTATION('',(#3496),#3500);
#3496 = LINE('',#3497,#3498);
#3497 = CARTESIAN_POINT('',(6.28318530718,-0.));
#3498 = VECTOR('',#3499,1.);
#3499 = DIRECTION('',(0.,1.));
#3500 = ( GEOMETRIC_REPRESENTATION_CONTEXT(2) 
PARAMETRIC_REPRESENTATION_CONTEXT() REPRESENTATION_CONTEXT('2D SPACE',''
  ) );
#3501 = PCURVE('',#964,#3502);
#3502 = DEFINITIONAL_REPRESENTATION('',(#3503),#3507);
#3503 = LINE('',#3504,#3505);
#3504 = CARTESIAN_POINT('',(0.,-0.));
#3505 = VECTOR('',#3506,1.);
#3506 = DIRECTION('',(0.,1.));
#3507 = ( GEOMETRIC_REPRESENTATION_CONTEXT(2) 
PARAMETRIC_REPRESENTATION_CONTEXT() REPRESENTATION_CONTEXT('2D SPACE',''
  ) );
#3508 = ORIENTED_EDGE('',*,*,#947,.T.);
#3509 = ORIENTED_EDGE('',*,*,#3488,.T.);
#3510 = ADVANCED_FACE('',(#3511),#995,.F.);
#3511 = FACE_BOUND('',#3512,.F.);
#3512 = EDGE_LOOP('',(#3513,#3537,#3558,#3559));
#3513 = ORIENTED_EDGE('',*,*,#3514,.F.);
#3514 = EDGE_CURVE('',#3515,#3515,#3517,.T.);
#3515 = VERTEX_POINT('',#3516);
#3516 = CARTESIAN_POINT('',(125.,109.,239.25));
#3517 = SURFACE_CURVE('',#3518,(#3523,#3530),.PCURVE_S1.);
#3518 = CIRCLE('',#3519,1.25);
#3519 = AXIS2_PLACEMENT_3D('',#3520,#3521,#3522);
#3520 = CARTESIAN_POINT('',(125.,109.,238.));
#3521 = DIRECTION('',(0.,1.,0.));
#3522 = DIRECTION('',(0.,-0.,1.));
#3523 = PCURVE('',#995,#3524);
#3524 = DEFINITIONAL_REPRESENTATION('',(#3525),#3529);
#3525 = LINE('',#3526,#3527);
#3526 = CARTESIAN_POINT('',(0.,4.5));
#3527 = VECTOR('',#3528,1.);
#3528 = DIRECTION('',(1.,0.));
#3529 = ( GEOMETRIC_REPRESENTATION_CONTEXT(2) 
PARAMETRIC_REPRESENTATION_CONTEXT() REPRESENTATION_CONTEXT('2D SPACE',''
  ) );
#3530 = PCURVE('',#2526,#3531);
#3531 = DEFINITIONAL_REPRESENTATION('',(#3532),#3536);
#3532 = CIRCLE('',#3533,1.25);
#3533 = AXIS2_PLACEMENT_2D('',#3534,#3535);
#3534 = CARTESIAN_POINT('',(64.,233.));
#3535 = DIRECTION('',(1.,0.));
#3536 = ( GEOMETRIC_REPRESENTATION_CONTEXT(2) 
PARAMETRIC_REPRESENTATION_CONTEXT() REPRESENTATION_CONTEXT('2D SPACE',''
  ) );
#3537 = ORIENTED_EDGE('',*,*,#3538,.F.);
#3538 = EDGE_CURVE('',#979,#3515,#3539,.T.);
#3539 = SEAM_CURVE('',#3540,(#3544,#3551),.PCURVE_S1.);
#3540 = LINE('',#3541,#3542);
#3541 = CARTESIAN_POINT('',(125.,104.5,239.25));
#3542 = VECTOR('',#3543,1.);
#3543 = DIRECTION('',(0.,1.,0.));
#3544 = PCURVE('',#995,#3545);
#3545 = DEFINITIONAL_REPRESENTATION('',(#3546),#3550);
#3546 = LINE('',#3547,#3548);
#3547 = CARTESIAN_POINT('',(6.28318530718,-0.));
#3548 = VECTOR('',#3549,1.);
#3549 = DIRECTION('',(0.,1.));
#3550 = ( GEOMETRIC_REPRESENTATION_CONTEXT(2) 
PARAMETRIC_REPRESENTATION_CONTEXT() REPRESENTATION_CONTEXT('2D SPACE',''
  ) );
#3551 = PCURVE('',#995,#3552);
#3552 = DEFINITIONAL_REPRESENTATION('',(#3553),#3557);
#3553 = LINE('',#3554,#3555);
#3554 = CARTESIAN_POINT('',(0.,-0.));
#3555 = VECTOR('',#3556,1.);
#3556 = DIRECTION('',(0.,1.));
#3557 = ( GEOMETRIC_REPRESENTATION_CONTEXT(2) 
PARAMETRIC_REPRESENTATION_CONTEXT() REPRESENTATION_CONTEXT('2D SPACE',''
  ) );
#3558 = ORIENTED_EDGE('',*,*,#978,.T.);
#3559 = ORIENTED_EDGE('',*,*,#3538,.T.);
#3560 = ADVANCED_FACE('',(#3561),#1026,.F.);
#3561 = FACE_BOUND('',#3562,.F.);
#3562 = EDGE_LOOP('',(#3563,#3587,#3608,#3609));
#3563 = ORIENTED_EDGE('',*,*,#3564,.F.);
#3564 = EDGE_CURVE('',#3565,#3565,#3567,.T.);
#3565 = VERTEX_POINT('',#3566);
#3566 = CARTESIAN_POINT('',(150.,109.,239.25));
#3567 = SURFACE_CURVE('',#3568,(#3573,#3580),.PCURVE_S1.);
#3568 = CIRCLE('',#3569,1.25);
#3569 = AXIS2_PLACEMENT_3D('',#3570,#3571,#3572);
#3570 = CARTESIAN_POINT('',(150.,109.,238.));
#3571 = DIRECTION('',(0.,1.,0.));
#3572 = DIRECTION('',(0.,-0.,1.));
#3573 = PCURVE('',#1026,#3574);
#3574 = DEFINITIONAL_REPRESENTATION('',(#3575),#3579);
#3575 = LINE('',#3576,#3577);
#3576 = CARTESIAN_POINT('',(0.,4.5));
#3577 = VECTOR('',#3578,1.);
#3578 = DIRECTION('',(1.,0.));
#3579 = ( GEOMETRIC_REPRESENTATION_CONTEXT(2) 
PARAMETRIC_REPRESENTATION_CONTEXT() REPRESENTATION_CONTEXT('2D SPACE',''
  ) );
#3580 = PCURVE('',#2526,#3581);
#3581 = DEFINITIONAL_REPRESENTATION('',(#3582),#3586);
#3582 = CIRCLE('',#3583,1.25);
#3583 = AXIS2_PLACEMENT_2D('',#3584,#3585);
#3584 = CARTESIAN_POINT('',(64.,258.));
#3585 = DIRECTION('',(1.,0.));
#3586 = ( GEOMETRIC_REPRESENTATION_CONTEXT(2) 
PARAMETRIC_REPRESENTATION_CONTEXT() REPRESENTATION_CONTEXT('2D SPACE',''
  ) );
#3587 = ORIENTED_EDGE('',*,*,#3588,.F.);
#3588 = EDGE_CURVE('',#1010,#3565,#3589,.T.);
#3589 = SEAM_CURVE('',#3590,(#3594,#3601),.PCURVE_S1.);
#3590 = LINE('',#3591,#3592);
#3591 = CARTESIAN_POINT('',(150.,104.5,239.25));
#3592 = VECTOR('',#3593,1.);
#3593 = DIRECTION('',(0.,1.,0.));
#3594 = PCURVE('',#1026,#3595);
#3595 = DEFINITIONAL_REPRESENTATION('',(#3596),#3600);
#3596 = LINE('',#3597,#3598);
#3597 = CARTESIAN_POINT('',(6.28318530718,-0.));
#3598 = VECTOR('',#3599,1.);
#3599 = DIRECTION('',(0.,1.));
#3600 = ( GEOMETRIC_REPRESENTATION_CONTEXT(2) 
PARAMETRIC_REPRESENTATION_CONTEXT() REPRESENTATION_CONTEXT('2D SPACE',''
  ) );
#3601 = PCURVE('',#1026,#3602);
#3602 = DEFINITIONAL_REPRESENTATION('',(#3603),#3607);
#3603 = LINE('',#3604,#3605);
#3604 = CARTESIAN_POINT('',(0.,-0.));
#3605 = VECTOR('',#3606,1.);
#3606 = DIRECTION('',(0.,1.));
#3607 = ( GEOMETRIC_REPRESENTATION_CONTEXT(2) 
PARAMETRIC_REPRESENTATION_CONTEXT() REPRESENTATION_CONTEXT('2D SPACE',''
  ) );
#3608 = ORIENTED_EDGE('',*,*,#1009,.T.);
#3609 = ORIENTED_EDGE('',*,*,#3588,.T.);
#3610 = ADVANCED_FACE('',(#3611),#1057,.F.);
#3611 = FACE_BOUND('',#3612,.F.);
#3612 = EDGE_LOOP('',(#3613,#3637,#3658,#3659));
#3613 = ORIENTED_EDGE('',*,*,#3614,.F.);
#3614 = EDGE_CURVE('',#3615,#3615,#3617,.T.);
#3615 = VERTEX_POINT('',#3616);
#3616 = CARTESIAN_POINT('',(175.,109.,239.25));
#3617 = SURFACE_CURVE('',#3618,(#3623,#3630),.PCURVE_S1.);
#3618 = CIRCLE('',#3619,1.25);
#3619 = AXIS2_PLACEMENT_3D('',#3620,#3621,#3622);
#3620 = CARTESIAN_POINT('',(175.,109.,238.));
#3621 = DIRECTION('',(0.,1.,0.));
#3622 = DIRECTION('',(0.,-0.,1.));
#3623 = PCURVE('',#1057,#3624);
#3624 = DEFINITIONAL_REPRESENTATION('',(#3625),#3629);
#3625 = LINE('',#3626,#3627);
#3626 = CARTESIAN_POINT('',(0.,4.5));
#3627 = VECTOR('',#3628,1.);
#3628 = DIRECTION('',(1.,0.));
#3629 = ( GEOMETRIC_REPRESENTATION_CONTEXT(2) 
PARAMETRIC_REPRESENTATION_CONTEXT() REPRESENTATION_CONTEXT('2D SPACE',''
  ) );
#3630 = PCURVE('',#2526,#3631);
#3631 = DEFINITIONAL_REPRESENTATION('',(#3632),#3636);
#3632 = CIRCLE('',#3633,1.25);
#3633 = AXIS2_PLACEMENT_2D('',#3634,#3635);
#3634 = CARTESIAN_POINT('',(64.,283.));
#3635 = DIRECTION('',(1.,0.));
#3636 = ( GEOMETRIC_REPRESENTATION_CONTEXT(2) 
PARAMETRIC_REPRESENTATION_CONTEXT() REPRESENTATION_CONTEXT('2D SPACE',''
  ) );
#3637 = ORIENTED_EDGE('',*,*,#3638,.F.);
#3638 = EDGE_CURVE('',#1041,#3615,#3639,.T.);
#3639 = SEAM_CURVE('',#3640,(#3644,#3651),.PCURVE_S1.);
#3640 = LINE('',#3641,#3642);
#3641 = CARTESIAN_POINT('',(175.,104.5,239.25));
#3642 = VECTOR('',#3643,1.);
#3643 = DIRECTION('',(0.,1.,0.));
#3644 = PCURVE('',#1057,#3645);
#3645 = DEFINITIONAL_REPRESENTATION('',(#3646),#3650);
#3646 = LINE('',#3647,#3648);
#3647 = CARTESIAN_POINT('',(6.28318530718,-0.));
#3648 = VECTOR('',#3649,1.);
#3649 = DIRECTION('',(0.,1.));
#3650 = ( GEOMETRIC_REPRESENTATION_CONTEXT(2) 
PARAMETRIC_REPRESENTATION_CONTEXT() REPRESENTATION_CONTEXT('2D SPACE',''
  ) );
#3651 = PCURVE('',#1057,#3652);
#3652 = DEFINITIONAL_REPRESENTATION('',(#3653),#3657);
#3653 = LINE('',#3654,#3655);
#3654 = CARTESIAN_POINT('',(0.,-0.));
#3655 = VECTOR('',#3656,1.);
#3656 = DIRECTION('',(0.,1.));
#3657 = ( GEOMETRIC_REPRESENTATION_CONTEXT(2) 
PARAMETRIC_REPRESENTATION_CONTEXT() REPRESENTATION_CONTEXT('2D SPACE',''
  ) );
#3658 = ORIENTED_EDGE('',*,*,#1040,.T.);
#3659 = ORIENTED_EDGE('',*,*,#3638,.T.);
#3660 = ADVANCED_FACE('',(#3661),#1088,.F.);
#3661 = FACE_BOUND('',#3662,.F.);
#3662 = EDGE_LOOP('',(#3663,#3687,#3708,#3709));
#3663 = ORIENTED_EDGE('',*,*,#3664,.F.);
#3664 = EDGE_CURVE('',#3665,#3665,#3667,.T.);
#3665 = VERTEX_POINT('',#3666);
#3666 = CARTESIAN_POINT('',(200.,109.,239.25));
#3667 = SURFACE_CURVE('',#3668,(#3673,#3680),.PCURVE_S1.);
#3668 = CIRCLE('',#3669,1.25);
#3669 = AXIS2_PLACEMENT_3D('',#3670,#3671,#3672);
#3670 = CARTESIAN_POINT('',(200.,109.,238.));
#3671 = DIRECTION('',(0.,1.,0.));
#3672 = DIRECTION('',(0.,-0.,1.));
#3673 = PCURVE('',#1088,#3674);
#3674 = DEFINITIONAL_REPRESENTATION('',(#3675),#3679);
#3675 = LINE('',#3676,#3677);
#3676 = CARTESIAN_POINT('',(0.,4.5));
#3677 = VECTOR('',#3678,1.);
#3678 = DIRECTION('',(1.,0.));
#3679 = ( GEOMETRIC_REPRESENTATION_CONTEXT(2) 
PARAMETRIC_REPRESENTATION_CONTEXT() REPRESENTATION_CONTEXT('2D SPACE',''
  ) );
#3680 = PCURVE('',#2526,#3681);
#3681 = DEFINITIONAL_REPRESENTATION('',(#3682),#3686);
#3682 = CIRCLE('',#3683,1.25);
#3683 = AXIS2_PLACEMENT_2D('',#3684,#3685);
#3684 = CARTESIAN_POINT('',(64.,308.));
#3685 = DIRECTION('',(1.,0.));
#3686 = ( GEOMETRIC_REPRESENTATION_CONTEXT(2) 
PARAMETRIC_REPRESENTATION_CONTEXT() REPRESENTATION_CONTEXT('2D SPACE',''
  ) );
#3687 = ORIENTED_EDGE('',*,*,#3688,.F.);
#3688 = EDGE_CURVE('',#1072,#3665,#3689,.T.);
#3689 = SEAM_CURVE('',#3690,(#3694,#3701),.PCURVE_S1.);
#3690 = LINE('',#3691,#3692);
#3691 = CARTESIAN_POINT('',(200.,104.5,239.25));
#3692 = VECTOR('',#3693,1.);
#3693 = DIRECTION('',(0.,1.,0.));
#3694 = PCURVE('',#1088,#3695);
#3695 = DEFINITIONAL_REPRESENTATION('',(#3696),#3700);
#3696 = LINE('',#3697,#3698);
#3697 = CARTESIAN_POINT('',(6.28318530718,-0.));
#3698 = VECTOR('',#3699,1.);
#3699 = DIRECTION('',(0.,1.));
#3700 = ( GEOMETRIC_REPRESENTATION_CONTEXT(2) 
PARAMETRIC_REPRESENTATION_CONTEXT() REPRESENTATION_CONTEXT('2D SPACE',''
  ) );
#3701 = PCURVE('',#1088,#3702);
#3702 = DEFINITIONAL_REPRESENTATION('',(#3703),#3707);
#3703 = LINE('',#3704,#3705);
#3704 = CARTESIAN_POINT('',(0.,-0.));
#3705 = VECTOR('',#3706,1.);
#3706 = DIRECTION('',(0.,1.));
#3707 = ( GEOMETRIC_REPRESENTATION_CONTEXT(2) 
PARAMETRIC_REPRESENTATION_CONTEXT() REPRESENTATION_CONTEXT('2D SPACE',''
  ) );
#3708 = ORIENTED_EDGE('',*,*,#1071,.T.);
#3709 = ORIENTED_EDGE('',*,*,#3688,.T.);
#3710 = ADVANCED_FACE('',(#3711),#1119,.F.);
#3711 = FACE_BOUND('',#3712,.F.);
#3712 = EDGE_LOOP('',(#3713,#3737,#3758,#3759));
#3713 = ORIENTED_EDGE('',*,*,#3714,.F.);
#3714 = EDGE_CURVE('',#3715,#3715,#3717,.T.);
#3715 = VERTEX_POINT('',#3716);
#3716 = CARTESIAN_POINT('',(225.,109.,187.25));
#3717 = SURFACE_CURVE('',#3718,(#3723,#3730),.PCURVE_S1.);
#3718 = CIRCLE('',#3719,1.25);
#3719 = AXIS2_PLACEMENT_3D('',#3720,#3721,#3722);
#3720 = CARTESIAN_POINT('',(225.,109.,186.));
#3721 = DIRECTION('',(0.,1.,0.));
#3722 = DIRECTION('',(0.,-0.,1.));
#3723 = PCURVE('',#1119,#3724);
#3724 = DEFINITIONAL_REPRESENTATION('',(#3725),#3729);
#3725 = LINE('',#3726,#3727);
#3726 = CARTESIAN_POINT('',(0.,4.5));
#3727 = VECTOR('',#3728,1.);
#3728 = DIRECTION('',(1.,0.));
#3729 = ( GEOMETRIC_REPRESENTATION_CONTEXT(2) 
PARAMETRIC_REPRESENTATION_CONTEXT() REPRESENTATION_CONTEXT('2D SPACE',''
  ) );
#3730 = PCURVE('',#2526,#3731);
#3731 = DEFINITIONAL_REPRESENTATION('',(#3732),#3736);
#3732 = CIRCLE('',#3733,1.25);
#3733 = AXIS2_PLACEMENT_2D('',#3734,#3735);
#3734 = CARTESIAN_POINT('',(12.,333.));
#3735 = DIRECTION('',(1.,0.));
#3736 = ( GEOMETRIC_REPRESENTATION_CONTEXT(2) 
PARAMETRIC_REPRESENTATION_CONTEXT() REPRESENTATION_CONTEXT('2D SPACE',''
  ) );
#3737 = ORIENTED_EDGE('',*,*,#3738,.F.);
#3738 = EDGE_CURVE('',#1103,#3715,#3739,.T.);
#3739 = SEAM_CURVE('',#3740,(#3744,#3751),.PCURVE_S1.);
#3740 = LINE('',#3741,#3742);
#3741 = CARTESIAN_POINT('',(225.,104.5,187.25));
#3742 = VECTOR('',#3743,1.);
#3743 = DIRECTION('',(0.,1.,0.));
#3744 = PCURVE('',#1119,#3745);
#3745 = DEFINITIONAL_REPRESENTATION('',(#3746),#3750);
#3746 = LINE('',#3747,#3748);
#3747 = CARTESIAN_POINT('',(6.28318530718,-0.));
#3748 = VECTOR('',#3749,1.);
#3749 = DIRECTION('',(0.,1.));
#3750 = ( GEOMETRIC_REPRESENTATION_CONTEXT(2) 
PARAMETRIC_REPRESENTATION_CONTEXT() REPRESENTATION_CONTEXT('2D SPACE',''
  ) );
#3751 = PCURVE('',#1119,#3752);
#3752 = DEFINITIONAL_REPRESENTATION('',(#3753),#3757);
#3753 = LINE('',#3754,#3755);
#3754 = CARTESIAN_POINT('',(0.,-0.));
#3755 = VECTOR('',#3756,1.);
#3756 = DIRECTION('',(0.,1.));
#3757 = ( GEOMETRIC_REPRESENTATION_CONTEXT(2) 
PARAMETRIC_REPRESENTATION_CONTEXT() REPRESENTATION_CONTEXT('2D SPACE',''
  ) );
#3758 = ORIENTED_EDGE('',*,*,#1102,.T.);
#3759 = ORIENTED_EDGE('',*,*,#3738,.T.);
#3760 = ADVANCED_FACE('',(#3761),#1150,.F.);
#3761 = FACE_BOUND('',#3762,.F.);
#3762 = EDGE_LOOP('',(#3763,#3787,#3808,#3809));
#3763 = ORIENTED_EDGE('',*,*,#3764,.F.);
#3764 = EDGE_CURVE('',#3765,#3765,#3767,.T.);
#3765 = VERTEX_POINT('',#3766);
#3766 = CARTESIAN_POINT('',(250.,109.,187.25));
#3767 = SURFACE_CURVE('',#3768,(#3773,#3780),.PCURVE_S1.);
#3768 = CIRCLE('',#3769,1.25);
#3769 = AXIS2_PLACEMENT_3D('',#3770,#3771,#3772);
#3770 = CARTESIAN_POINT('',(250.,109.,186.));
#3771 = DIRECTION('',(0.,1.,0.));
#3772 = DIRECTION('',(0.,-0.,1.));
#3773 = PCURVE('',#1150,#3774);
#3774 = DEFINITIONAL_REPRESENTATION('',(#3775),#3779);
#3775 = LINE('',#3776,#3777);
#3776 = CARTESIAN_POINT('',(0.,4.5));
#3777 = VECTOR('',#3778,1.);
#3778 = DIRECTION('',(1.,0.));
#3779 = ( GEOMETRIC_REPRESENTATION_CONTEXT(2) 
PARAMETRIC_REPRESENTATION_CONTEXT() REPRESENTATION_CONTEXT('2D SPACE',''
  ) );
#3780 = PCURVE('',#2526,#3781);
#3781 = DEFINITIONAL_REPRESENTATION('',(#3782),#3786);
#3782 = CIRCLE('',#3783,1.25);
#3783 = AXIS2_PLACEMENT_2D('',#3784,#3785);
#3784 = CARTESIAN_POINT('',(12.,358.));
#3785 = DIRECTION('',(1.,0.));
#3786 = ( GEOMETRIC_REPRESENTATION_CONTEXT(2) 
PARAMETRIC_REPRESENTATION_CONTEXT() REPRESENTATION_CONTEXT('2D SPACE',''
  ) );
#3787 = ORIENTED_EDGE('',*,*,#3788,.F.);
#3788 = EDGE_CURVE('',#1134,#3765,#3789,.T.);
#3789 = SEAM_CURVE('',#3790,(#3794,#3801),.PCURVE_S1.);
#3790 = LINE('',#3791,#3792);
#3791 = CARTESIAN_POINT('',(250.,104.5,187.25));
#3792 = VECTOR('',#3793,1.);
#3793 = DIRECTION('',(0.,1.,0.));
#3794 = PCURVE('',#1150,#3795);
#3795 = DEFINITIONAL_REPRESENTATION('',(#3796),#3800);
#3796 = LINE('',#3797,#3798);
#3797 = CARTESIAN_POINT('',(6.28318530718,-0.));
#3798 = VECTOR('',#3799,1.);
#3799 = DIRECTION('',(0.,1.));
#3800 = ( GEOMETRIC_REPRESENTATION_CONTEXT(2) 
PARAMETRIC_REPRESENTATION_CONTEXT() REPRESENTATION_CONTEXT('2D SPACE',''
  ) );
#3801 = PCURVE('',#1150,#3802);
#3802 = DEFINITIONAL_REPRESENTATION('',(#3803),#3807);
#3803 = LINE('',#3804,#3805);
#3804 = CARTESIAN_POINT('',(0.,-0.));
#3805 = VECTOR('',#3806,1.);
#3806 = DIRECTION('',(0.,1.));
#3807 = ( GEOMETRIC_REPRESENTATION_CONTEXT(2) 
PARAMETRIC_REPRESENTATION_CONTEXT() REPRESENTATION_CONTEXT('2D SPACE',''
  ) );
#3808 = ORIENTED_EDGE('',*,*,#1133,.T.);
#3809 = ORIENTED_EDGE('',*,*,#3788,.T.);
#3810 = ADVANCED_FACE('',(#3811),#1181,.F.);
#3811 = FACE_BOUND('',#3812,.F.);
#3812 = EDGE_LOOP('',(#3813,#3837,#3858,#3859));
#3813 = ORIENTED_EDGE('',*,*,#3814,.F.);
#3814 = EDGE_CURVE('',#3815,#3815,#3817,.T.);
#3815 = VERTEX_POINT('',#3816);
#3816 = CARTESIAN_POINT('',(275.,109.,187.25));
#3817 = SURFACE_CURVE('',#3818,(#3823,#3830),.PCURVE_S1.);
#3818 = CIRCLE('',#3819,1.25);
#3819 = AXIS2_PLACEMENT_3D('',#3820,#3821,#3822);
#3820 = CARTESIAN_POINT('',(275.,109.,186.));
#3821 = DIRECTION('',(0.,1.,0.));
#3822 = DIRECTION('',(0.,-0.,1.));
#3823 = PCURVE('',#1181,#3824);
#3824 = DEFINITIONAL_REPRESENTATION('',(#3825),#3829);
#3825 = LINE('',#3826,#3827);
#3826 = CARTESIAN_POINT('',(0.,4.5));
#3827 = VECTOR('',#3828,1.);
#3828 = DIRECTION('',(1.,0.));
#3829 = ( GEOMETRIC_REPRESENTATION_CONTEXT(2) 
PARAMETRIC_REPRESENTATION_CONTEXT() REPRESENTATION_CONTEXT('2D SPACE',''
  ) );
#3830 = PCURVE('',#2526,#3831);
#3831 = DEFINITIONAL_REPRESENTATION('',(#3832),#3836);
#3832 = CIRCLE('',#3833,1.25);
#3833 = AXIS2_PLACEMENT_2D('',#3834,#3835);
#3834 = CARTESIAN_POINT('',(12.,383.));
#3835 = DIRECTION('',(1.,0.));
#3836 = ( GEOMETRIC_REPRESENTATION_CONTEXT(2) 
PARAMETRIC_REPRESENTATION_CONTEXT() REPRESENTATION_CONTEXT('2D SPACE',''
  ) );
#3837 = ORIENTED_EDGE('',*,*,#3838,.F.);
#3838 = EDGE_CURVE('',#1165,#3815,#3839,.T.);
#3839 = SEAM_CURVE('',#3840,(#3844,#3851),.PCURVE_S1.);
#3840 = LINE('',#3841,#3842);
#3841 = CARTESIAN_POINT('',(275.,104.5,187.25));
#3842 = VECTOR('',#3843,1.);
#3843 = DIRECTION('',(0.,1.,0.));
#3844 = PCURVE('',#1181,#3845);
#3845 = DEFINITIONAL_REPRESENTATION('',(#3846),#3850);
#3846 = LINE('',#3847,#3848);
#3847 = CARTESIAN_POINT('',(6.28318530718,-0.));
#3848 = VECTOR('',#3849,1.);
#3849 = DIRECTION('',(0.,1.));
#3850 = ( GEOMETRIC_REPRESENTATION_CONTEXT(2) 
PARAMETRIC_REPRESENTATION_CONTEXT() REPRESENTATION_CONTEXT('2D SPACE',''
  ) );
#3851 = PCURVE('',#1181,#3852);
#3852 = DEFINITIONAL_REPRESENTATION('',(#3853),#3857);
#3853 = LINE('',#3854,#3855);
#3854 = CARTESIAN_POINT('',(0.,-0.));
#3855 = VECTOR('',#3856,1.);
#3856 = DIRECTION('',(0.,1.));
#3857 = ( GEOMETRIC_REPRESENTATION_CONTEXT(2) 
PARAMETRIC_REPRESENTATION_CONTEXT() REPRESENTATION_CONTEXT('2D SPACE',''
  ) );
#3858 = ORIENTED_EDGE('',*,*,#1164,.T.);
#3859 = ORIENTED_EDGE('',*,*,#3838,.T.);
#3860 = ADVANCED_FACE('',(#3861),#1212,.F.);
#3861 = FACE_BOUND('',#3862,.F.);
#3862 = EDGE_LOOP('',(#3863,#3887,#3908,#3909));
#3863 = ORIENTED_EDGE('',*,*,#3864,.F.);
#3864 = EDGE_CURVE('',#3865,#3865,#3867,.T.);
#3865 = VERTEX_POINT('',#3866);
#3866 = CARTESIAN_POINT('',(300.,109.,187.25));
#3867 = SURFACE_CURVE('',#3868,(#3873,#3880),.PCURVE_S1.);
#3868 = CIRCLE('',#3869,1.25);
#3869 = AXIS2_PLACEMENT_3D('',#3870,#3871,#3872);
#3870 = CARTESIAN_POINT('',(300.,109.,186.));
#3871 = DIRECTION('',(0.,1.,0.));
#3872 = DIRECTION('',(0.,-0.,1.));
#3873 = PCURVE('',#1212,#3874);
#3874 = DEFINITIONAL_REPRESENTATION('',(#3875),#3879);
#3875 = LINE('',#3876,#3877);
#3876 = CARTESIAN_POINT('',(0.,4.5));
#3877 = VECTOR('',#3878,1.);
#3878 = DIRECTION('',(1.,0.));
#3879 = ( GEOMETRIC_REPRESENTATION_CONTEXT(2) 
PARAMETRIC_REPRESENTATION_CONTEXT() REPRESENTATION_CONTEXT('2D SPACE',''
  ) );
#3880 = PCURVE('',#2526,#3881);
#3881 = DEFINITIONAL_REPRESENTATION('',(#3882),#3886);
#3882 = CIRCLE('',#3883,1.25);
#3883 = AXIS2_PLACEMENT_2D('',#3884,#3885);
#3884 = CARTESIAN_POINT('',(12.,408.));
#3885 = DIRECTION('',(1.,0.));
#3886 = ( GEOMETRIC_REPRESENTATION_CONTEXT(2) 
PARAMETRIC_REPRESENTATION_CONTEXT() REPRESENTATION_CONTEXT('2D SPACE',''
  ) );
#3887 = ORIENTED_EDGE('',*,*,#3888,.F.);
#3888 = EDGE_CURVE('',#1196,#3865,#3889,.T.);
#3889 = SEAM_CURVE('',#3890,(#3894,#3901),.PCURVE_S1.);
#3890 = LINE('',#3891,#3892);
#3891 = CARTESIAN_POINT('',(300.,104.5,187.25));
#3892 = VECTOR('',#3893,1.);
#3893 = DIRECTION('',(0.,1.,0.));
#3894 = PCURVE('',#1212,#3895);
#3895 = DEFINITIONAL_REPRESENTATION('',(#3896),#3900);
#3896 = LINE('',#3897,#3898);
#3897 = CARTESIAN_POINT('',(6.28318530718,-0.));
#3898 = VECTOR('',#3899,1.);
#3899 = DIRECTION('',(0.,1.));
#3900 = ( GEOMETRIC_REPRESENTATION_CONTEXT(2) 
PARAMETRIC_REPRESENTATION_CONTEXT() REPRESENTATION_CONTEXT('2D SPACE',''
  ) );
#3901 = PCURVE('',#1212,#3902);
#3902 = DEFINITIONAL_REPRESENTATION('',(#3903),#3907);
#3903 = LINE('',#3904,#3905);
#3904 = CARTESIAN_POINT('',(0.,-0.));
#3905 = VECTOR('',#3906,1.);
#3906 = DIRECTION('',(0.,1.));
#3907 = ( GEOMETRIC_REPRESENTATION_CONTEXT(2) 
PARAMETRIC_REPRESENTATION_CONTEXT() REPRESENTATION_CONTEXT('2D SPACE',''
  ) );
#3908 = ORIENTED_EDGE('',*,*,#1195,.T.);
#3909 = ORIENTED_EDGE('',*,*,#3888,.T.);
#3910 = ADVANCED_FACE('',(#3911),#1243,.F.);
#3911 = FACE_BOUND('',#3912,.F.);
#3912 = EDGE_LOOP('',(#3913,#3937,#3958,#3959));
#3913 = ORIENTED_EDGE('',*,*,#3914,.F.);
#3914 = EDGE_CURVE('',#3915,#3915,#3917,.T.);
#3915 = VERTEX_POINT('',#3916);
#3916 = CARTESIAN_POINT('',(325.,109.,187.25));
#3917 = SURFACE_CURVE('',#3918,(#3923,#3930),.PCURVE_S1.);
#3918 = CIRCLE('',#3919,1.25);
#3919 = AXIS2_PLACEMENT_3D('',#3920,#3921,#3922);
#3920 = CARTESIAN_POINT('',(325.,109.,186.));
#3921 = DIRECTION('',(0.,1.,0.));
#3922 = DIRECTION('',(0.,-0.,1.));
#3923 = PCURVE('',#1243,#3924);
#3924 = DEFINITIONAL_REPRESENTATION('',(#3925),#3929);
#3925 = LINE('',#3926,#3927);
#3926 = CARTESIAN_POINT('',(0.,4.5));
#3927 = VECTOR('',#3928,1.);
#3928 = DIRECTION('',(1.,0.));
#3929 = ( GEOMETRIC_REPRESENTATION_CONTEXT(2) 
PARAMETRIC_REPRESENTATION_CONTEXT() REPRESENTATION_CONTEXT('2D SPACE',''
  ) );
#3930 = PCURVE('',#2526,#3931);
#3931 = DEFINITIONAL_REPRESENTATION('',(#3932),#3936);
#3932 = CIRCLE('',#3933,1.25);
#3933 = AXIS2_PLACEMENT_2D('',#3934,#3935);
#3934 = CARTESIAN_POINT('',(12.,433.));
#3935 = DIRECTION('',(1.,0.));
#3936 = ( GEOMETRIC_REPRESENTATION_CONTEXT(2) 
PARAMETRIC_REPRESENTATION_CONTEXT() REPRESENTATION_CONTEXT('2D SPACE',''
  ) );
#3937 = ORIENTED_EDGE('',*,*,#3938,.F.);
#3938 = EDGE_CURVE('',#1227,#3915,#3939,.T.);
#3939 = SEAM_CURVE('',#3940,(#3944,#3951),.PCURVE_S1.);
#3940 = LINE('',#3941,#3942);
#3941 = CARTESIAN_POINT('',(325.,104.5,187.25));
#3942 = VECTOR('',#3943,1.);
#3943 = DIRECTION('',(0.,1.,0.));
#3944 = PCURVE('',#1243,#3945);
#3945 = DEFINITIONAL_REPRESENTATION('',(#3946),#3950);
#3946 = LINE('',#3947,#3948);
#3947 = CARTESIAN_POINT('',(6.28318530718,-0.));
#3948 = VECTOR('',#3949,1.);
#3949 = DIRECTION('',(0.,1.));
#3950 = ( GEOMETRIC_REPRESENTATION_CONTEXT(2) 
PARAMETRIC_REPRESENTATION_CONTEXT() REPRESENTATION_CONTEXT('2D SPACE',''
  ) );
#3951 = PCURVE('',#1243,#3952);
#3952 = DEFINITIONAL_REPRESENTATION('',(#3953),#3957);
#3953 = LINE('',#3954,#3955);
#3954 = CARTESIAN_POINT('',(0.,-0.));
#3955 = VECTOR('',#3956,1.);
#3956 = DIRECTION('',(0.,1.));
#3957 = ( GEOMETRIC_REPRESENTATION_CONTEXT(2) 
PARAMETRIC_REPRESENTATION_CONTEXT() REPRESENTATION_CONTEXT('2D SPACE',''
  ) );
#3958 = ORIENTED_EDGE('',*,*,#1226,.T.);
#3959 = ORIENTED_EDGE('',*,*,#3938,.T.);
#3960 = ADVANCED_FACE('',(#3961),#1274,.F.);
#3961 = FACE_BOUND('',#3962,.F.);
#3962 = EDGE_LOOP('',(#3963,#3987,#4008,#4009));
#3963 = ORIENTED_EDGE('',*,*,#3964,.F.);
#3964 = EDGE_CURVE('',#3965,#3965,#3967,.T.);
#3965 = VERTEX_POINT('',#3966);
#3966 = CARTESIAN_POINT('',(350.,109.,187.25));
#3967 = SURFACE_CURVE('',#3968,(#3973,#3980),.PCURVE_S1.);
#3968 = CIRCLE('',#3969,1.25);
#3969 = AXIS2_PLACEMENT_3D('',#3970,#3971,#3972);
#3970 = CARTESIAN_POINT('',(350.,109.,186.));
#3971 = DIRECTION('',(0.,1.,0.));
#3972 = DIRECTION('',(0.,-0.,1.));
#3973 = PCURVE('',#1274,#3974);
#3974 = DEFINITIONAL_REPRESENTATION('',(#3975),#3979);
#3975 = LINE('',#3976,#3977);
#3976 = CARTESIAN_POINT('',(0.,4.5));
#3977 = VECTOR('',#3978,1.);
#3978 = DIRECTION('',(1.,0.));
#3979 = ( GEOMETRIC_REPRESENTATION_CONTEXT(2) 
PARAMETRIC_REPRESENTATION_CONTEXT() REPRESENTATION_CONTEXT('2D SPACE',''
  ) );
#3980 = PCURVE('',#2526,#3981);
#3981 = DEFINITIONAL_REPRESENTATION('',(#3982),#3986);
#3982 = CIRCLE('',#3983,1.25);
#3983 = AXIS2_PLACEMENT_2D('',#3984,#3985);
#3984 = CARTESIAN_POINT('',(12.,458.));
#3985 = DIRECTION('',(1.,0.));
#3986 = ( GEOMETRIC_REPRESENTATION_CONTEXT(2) 
PARAMETRIC_REPRESENTATION_CONTEXT() REPRESENTATION_CONTEXT('2D SPACE',''
  ) );
#3987 = ORIENTED_EDGE('',*,*,#3988,.F.);
#3988 = EDGE_CURVE('',#1258,#3965,#3989,.T.);
#3989 = SEAM_CURVE('',#3990,(#3994,#4001),.PCURVE_S1.);
#3990 = LINE('',#3991,#3992);
#3991 = CARTESIAN_POINT('',(350.,104.5,187.25));
#3992 = VECTOR('',#3993,1.);
#3993 = DIRECTION('',(0.,1.,0.));
#3994 = PCURVE('',#1274,#3995);
#3995 = DEFINITIONAL_REPRESENTATION('',(#3996),#4000);
#3996 = LINE('',#3997,#3998);
#3997 = CARTESIAN_POINT('',(6.28318530718,-0.));
#3998 = VECTOR('',#3999,1.);
#3999 = DIRECTION('',(0.,1.));
#4000 = ( GEOMETRIC_REPRESENTATION_CONTEXT(2) 
PARAMETRIC_REPRESENTATION_CONTEXT() REPRESENTATION_CONTEXT('2D SPACE',''
  ) );
#4001 = PCURVE('',#1274,#4002);
#4002 = DEFINITIONAL_REPRESENTATION('',(#4003),#4007);
#4003 = LINE('',#4004,#4005);
#4004 = CARTESIAN_POINT('',(0.,-0.));
#4005 = VECTOR('',#4006,1.);
#4006 = DIRECTION('',(0.,1.));
#4007 = ( GEOMETRIC_REPRESENTATION_CONTEXT(2) 
PARAMETRIC_REPRESENTATION_CONTEXT() REPRESENTATION_CONTEXT('2D SPACE',''
  ) );
#4008 = ORIENTED_EDGE('',*,*,#1257,.T.);
#4009 = ORIENTED_EDGE('',*,*,#3988,.T.);
#4010 = ADVANCED_FACE('',(#4011),#1305,.F.);
#4011 = FACE_BOUND('',#4012,.F.);
#4012 = EDGE_LOOP('',(#4013,#4037,#4058,#4059));
#4013 = ORIENTED_EDGE('',*,*,#4014,.F.);
#4014 = EDGE_CURVE('',#4015,#4015,#4017,.T.);
#4015 = VERTEX_POINT('',#4016);
#4016 = CARTESIAN_POINT('',(375.,109.,187.25));
#4017 = SURFACE_CURVE('',#4018,(#4023,#4030),.PCURVE_S1.);
#4018 = CIRCLE('',#4019,1.25);
#4019 = AXIS2_PLACEMENT_3D('',#4020,#4021,#4022);
#4020 = CARTESIAN_POINT('',(375.,109.,186.));
#4021 = DIRECTION('',(0.,1.,0.));
#4022 = DIRECTION('',(0.,-0.,1.));
#4023 = PCURVE('',#1305,#4024);
#4024 = DEFINITIONAL_REPRESENTATION('',(#4025),#4029);
#4025 = LINE('',#4026,#4027);
#4026 = CARTESIAN_POINT('',(0.,4.5));
#4027 = VECTOR('',#4028,1.);
#4028 = DIRECTION('',(1.,0.));
#4029 = ( GEOMETRIC_REPRESENTATION_CONTEXT(2) 
PARAMETRIC_REPRESENTATION_CONTEXT() REPRESENTATION_CONTEXT('2D SPACE',''
  ) );
#4030 = PCURVE('',#2526,#4031);
#4031 = DEFINITIONAL_REPRESENTATION('',(#4032),#4036);
#4032 = CIRCLE('',#4033,1.25);
#4033 = AXIS2_PLACEMENT_2D('',#4034,#4035);
#4034 = CARTESIAN_POINT('',(12.,483.));
#4035 = DIRECTION('',(1.,0.));
#4036 = ( GEOMETRIC_REPRESENTATION_CONTEXT(2) 
PARAMETRIC_REPRESENTATION_CONTEXT() REPRESENTATION_CONTEXT('2D SPACE',''
  ) );
#4037 = ORIENTED_EDGE('',*,*,#4038,.F.);
#4038 = EDGE_CURVE('',#1289,#4015,#4039,.T.);
#4039 = SEAM_CURVE('',#4040,(#4044,#4051),.PCURVE_S1.);
#4040 = LINE('',#4041,#4042);
#4041 = CARTESIAN_POINT('',(375.,104.5,187.25));
#4042 = VECTOR('',#4043,1.);
#4043 = DIRECTION('',(0.,1.,0.));
#4044 = PCURVE('',#1305,#4045);
#4045 = DEFINITIONAL_REPRESENTATION('',(#4046),#4050);
#4046 = LINE('',#4047,#4048);
#4047 = CARTESIAN_POINT('',(6.28318530718,-0.));
#4048 = VECTOR('',#4049,1.);
#4049 = DIRECTION('',(0.,1.));
#4050 = ( GEOMETRIC_REPRESENTATION_CONTEXT(2) 
PARAMETRIC_REPRESENTATION_CONTEXT() REPRESENTATION_CONTEXT('2D SPACE',''
  ) );
#4051 = PCURVE('',#1305,#4052);
#4052 = DEFINITIONAL_REPRESENTATION('',(#4053),#4057);
#4053 = LINE('',#4054,#4055);
#4054 = CARTESIAN_POINT('',(0.,-0.));
#4055 = VECTOR('',#4056,1.);
#4056 = DIRECTION('',(0.,1.));
#4057 = ( GEOMETRIC_REPRESENTATION_CONTEXT(2) 
PARAMETRIC_REPRESENTATION_CONTEXT() REPRESENTATION_CONTEXT('2D SPACE',''
  ) );
#4058 = ORIENTED_EDGE('',*,*,#1288,.T.);
#4059 = ORIENTED_EDGE('',*,*,#4038,.T.);
#4060 = ADVANCED_FACE('',(#4061),#1336,.F.);
#4061 = FACE_BOUND('',#4062,.F.);
#4062 = EDGE_LOOP('',(#4063,#4087,#4108,#4109));
#4063 = ORIENTED_EDGE('',*,*,#4064,.F.);
#4064 = EDGE_CURVE('',#4065,#4065,#4067,.T.);
#4065 = VERTEX_POINT('',#4066);
#4066 = CARTESIAN_POINT('',(400.,109.,187.25));
#4067 = SURFACE_CURVE('',#4068,(#4073,#4080),.PCURVE_S1.);
#4068 = CIRCLE('',#4069,1.25);
#4069 = AXIS2_PLACEMENT_3D('',#4070,#4071,#4072);
#4070 = CARTESIAN_POINT('',(400.,109.,186.));
#4071 = DIRECTION('',(0.,1.,0.));
#4072 = DIRECTION('',(0.,-0.,1.));
#4073 = PCURVE('',#1336,#4074);
#4074 = DEFINITIONAL_REPRESENTATION('',(#4075),#4079);
#4075 = LINE('',#4076,#4077);
#4076 = CARTESIAN_POINT('',(0.,4.5));
#4077 = VECTOR('',#4078,1.);
#4078 = DIRECTION('',(1.,0.));
#4079 = ( GEOMETRIC_REPRESENTATION_CONTEXT(2) 
PARAMETRIC_REPRESENTATION_CONTEXT() REPRESENTATION_CONTEXT('2D SPACE',''
  ) );
#4080 = PCURVE('',#2526,#4081);
#4081 = DEFINITIONAL_REPRESENTATION('',(#4082),#4086);
#4082 = CIRCLE('',#4083,1.25);
#4083 = AXIS2_PLACEMENT_2D('',#4084,#4085);
#4084 = CARTESIAN_POINT('',(12.,508.));
#4085 = DIRECTION('',(1.,0.));
#4086 = ( GEOMETRIC_REPRESENTATION_CONTEXT(2) 
PARAMETRIC_REPRESENTATION_CONTEXT() REPRESENTATION_CONTEXT('2D SPACE',''
  ) );
#4087 = ORIENTED_EDGE('',*,*,#4088,.F.);
#4088 = EDGE_CURVE('',#1320,#4065,#4089,.T.);
#4089 = SEAM_CURVE('',#4090,(#4094,#4101),.PCURVE_S1.);
#4090 = LINE('',#4091,#4092);
#4091 = CARTESIAN_POINT('',(400.,104.5,187.25));
#4092 = VECTOR('',#4093,1.);
#4093 = DIRECTION('',(0.,1.,0.));
#4094 = PCURVE('',#1336,#4095);
#4095 = DEFINITIONAL_REPRESENTATION('',(#4096),#4100);
#4096 = LINE('',#4097,#4098);
#4097 = CARTESIAN_POINT('',(6.28318530718,-0.));
#4098 = VECTOR('',#4099,1.);
#4099 = DIRECTION('',(0.,1.));
#4100 = ( GEOMETRIC_REPRESENTATION_CONTEXT(2) 
PARAMETRIC_REPRESENTATION_CONTEXT() REPRESENTATION_CONTEXT('2D SPACE',''
  ) );
#4101 = PCURVE('',#1336,#4102);
#4102 = DEFINITIONAL_REPRESENTATION('',(#4103),#4107);
#4103 = LINE('',#4104,#4105);
#4104 = CARTESIAN_POINT('',(0.,-0.));
#4105 = VECTOR('',#4106,1.);
#4106 = DIRECTION('',(0.,1.));
#4107 = ( GEOMETRIC_REPRESENTATION_CONTEXT(2) 
PARAMETRIC_REPRESENTATION_CONTEXT() REPRESENTATION_CONTEXT('2D SPACE',''
  ) );
#4108 = ORIENTED_EDGE('',*,*,#1319,.T.);
#4109 = ORIENTED_EDGE('',*,*,#4088,.T.);
#4110 = ADVANCED_FACE('',(#4111),#1367,.F.);
#4111 = FACE_BOUND('',#4112,.F.);
#4112 = EDGE_LOOP('',(#4113,#4137,#4158,#4159));
#4113 = ORIENTED_EDGE('',*,*,#4114,.F.);
#4114 = EDGE_CURVE('',#4115,#4115,#4117,.T.);
#4115 = VERTEX_POINT('',#4116);
#4116 = CARTESIAN_POINT('',(425.,109.,187.25));
#4117 = SURFACE_CURVE('',#4118,(#4123,#4130),.PCURVE_S1.);
#4118 = CIRCLE('',#4119,1.25);
#4119 = AXIS2_PLACEMENT_3D('',#4120,#4121,#4122);
#4120 = CARTESIAN_POINT('',(425.,109.,186.));
#4121 = DIRECTION('',(0.,1.,0.));
#4122 = DIRECTION('',(0.,-0.,1.));
#4123 = PCURVE('',#1367,#4124);
#4124 = DEFINITIONAL_REPRESENTATION('',(#4125),#4129);
#4125 = LINE('',#4126,#4127);
#4126 = CARTESIAN_POINT('',(0.,4.5));
#4127 = VECTOR('',#4128,1.);
#4128 = DIRECTION('',(1.,0.));
#4129 = ( GEOMETRIC_REPRESENTATION_CONTEXT(2) 
PARAMETRIC_REPRESENTATION_CONTEXT() REPRESENTATION_CONTEXT('2D SPACE',''
  ) );
#4130 = PCURVE('',#2526,#4131);
#4131 = DEFINITIONAL_REPRESENTATION('',(#4132),#4136);
#4132 = CIRCLE('',#4133,1.25);
#4133 = AXIS2_PLACEMENT_2D('',#4134,#4135);
#4134 = CARTESIAN_POINT('',(12.,533.));
#4135 = DIRECTION('',(1.,0.));
#4136 = ( GEOMETRIC_REPRESENTATION_CONTEXT(2) 
PARAMETRIC_REPRESENTATION_CONTEXT() REPRESENTATION_CONTEXT('2D SPACE',''
  ) );
#4137 = ORIENTED_EDGE('',*,*,#4138,.F.);
#4138 = EDGE_CURVE('',#1351,#4115,#4139,.T.);
#4139 = SEAM_CURVE('',#4140,(#4144,#4151),.PCURVE_S1.);
#4140 = LINE('',#4141,#4142);
#4141 = CARTESIAN_POINT('',(425.,104.5,187.25));
#4142 = VECTOR('',#4143,1.);
#4143 = DIRECTION('',(0.,1.,0.));
#4144 = PCURVE('',#1367,#4145);
#4145 = DEFINITIONAL_REPRESENTATION('',(#4146),#4150);
#4146 = LINE('',#4147,#4148);
#4147 = CARTESIAN_POINT('',(6.28318530718,-0.));
#4148 = VECTOR('',#4149,1.);
#4149 = DIRECTION('',(0.,1.));
#4150 = ( GEOMETRIC_REPRESENTATION_CONTEXT(2) 
PARAMETRIC_REPRESENTATION_CONTEXT() REPRESENTATION_CONTEXT('2D SPACE',''
  ) );
#4151 = PCURVE('',#1367,#4152);
#4152 = DEFINITIONAL_REPRESENTATION('',(#4153),#4157);
#4153 = LINE('',#4154,#4155);
#4154 = CARTESIAN_POINT('',(0.,-0.));
#4155 = VECTOR('',#4156,1.);
#4156 = DIRECTION('',(0.,1.));
#4157 = ( GEOMETRIC_REPRESENTATION_CONTEXT(2) 
PARAMETRIC_REPRESENTATION_CONTEXT() REPRESENTATION_CONTEXT('2D SPACE',''
  ) );
#4158 = ORIENTED_EDGE('',*,*,#1350,.T.);
#4159 = ORIENTED_EDGE('',*,*,#4138,.T.);
#4160 = ADVANCED_FACE('',(#4161),#1398,.F.);
#4161 = FACE_BOUND('',#4162,.F.);
#4162 = EDGE_LOOP('',(#4163,#4187,#4208,#4209));
#4163 = ORIENTED_EDGE('',*,*,#4164,.F.);
#4164 = EDGE_CURVE('',#4165,#4165,#4167,.T.);
#4165 = VERTEX_POINT('',#4166);
#4166 = CARTESIAN_POINT('',(450.,109.,187.25));
#4167 = SURFACE_CURVE('',#4168,(#4173,#4180),.PCURVE_S1.);
#4168 = CIRCLE('',#4169,1.25);
#4169 = AXIS2_PLACEMENT_3D('',#4170,#4171,#4172);
#4170 = CARTESIAN_POINT('',(450.,109.,186.));
#4171 = DIRECTION('',(0.,1.,0.));
#4172 = DIRECTION('',(0.,-0.,1.));
#4173 = PCURVE('',#1398,#4174);
#4174 = DEFINITIONAL_REPRESENTATION('',(#4175),#4179);
#4175 = LINE('',#4176,#4177);
#4176 = CARTESIAN_POINT('',(0.,4.5));
#4177 = VECTOR('',#4178,1.);
#4178 = DIRECTION('',(1.,0.));
#4179 = ( GEOMETRIC_REPRESENTATION_CONTEXT(2) 
PARAMETRIC_REPRESENTATION_CONTEXT() REPRESENTATION_CONTEXT('2D SPACE',''
  ) );
#4180 = PCURVE('',#2526,#4181);
#4181 = DEFINITIONAL_REPRESENTATION('',(#4182),#4186);
#4182 = CIRCLE('',#4183,1.25);
#4183 = AXIS2_PLACEMENT_2D('',#4184,#4185);
#4184 = CARTESIAN_POINT('',(12.,558.));
#4185 = DIRECTION('',(1.,0.));
#4186 = ( GEOMETRIC_REPRESENTATION_CONTEXT(2) 
PARAMETRIC_REPRESENTATION_CONTEXT() REPRESENTATION_CONTEXT('2D SPACE',''
  ) );
#4187 = ORIENTED_EDGE('',*,*,#4188,.F.);
#4188 = EDGE_CURVE('',#1382,#4165,#4189,.T.);
#4189 = SEAM_CURVE('',#4190,(#4194,#4201),.PCURVE_S1.);
#4190 = LINE('',#4191,#4192);
#4191 = CARTESIAN_POINT('',(450.,104.5,187.25));
#4192 = VECTOR('',#4193,1.);
#4193 = DIRECTION('',(0.,1.,0.));
#4194 = PCURVE('',#1398,#4195);
#4195 = DEFINITIONAL_REPRESENTATION('',(#4196),#4200);
#4196 = LINE('',#4197,#4198);
#4197 = CARTESIAN_POINT('',(6.28318530718,-0.));
#4198 = VECTOR('',#4199,1.);
#4199 = DIRECTION('',(0.,1.));
#4200 = ( GEOMETRIC_REPRESENTATION_CONTEXT(2) 
PARAMETRIC_REPRESENTATION_CONTEXT() REPRESENTATION_CONTEXT('2D SPACE',''
  ) );
#4201 = PCURVE('',#1398,#4202);
#4202 = DEFINITIONAL_REPRESENTATION('',(#4203),#4207);
#4203 = LINE('',#4204,#4205);
#4204 = CARTESIAN_POINT('',(0.,-0.));
#4205 = VECTOR('',#4206,1.);
#4206 = DIRECTION('',(0.,1.));
#4207 = ( GEOMETRIC_REPRESENTATION_CONTEXT(2) 
PARAMETRIC_REPRESENTATION_CONTEXT() REPRESENTATION_CONTEXT('2D SPACE',''
  ) );
#4208 = ORIENTED_EDGE('',*,*,#1381,.T.);
#4209 = ORIENTED_EDGE('',*,*,#4188,.T.);
#4210 = ADVANCED_FACE('',(#4211),#1429,.F.);
#4211 = FACE_BOUND('',#4212,.F.);
#4212 = EDGE_LOOP('',(#4213,#4237,#4258,#4259));
#4213 = ORIENTED_EDGE('',*,*,#4214,.F.);
#4214 = EDGE_CURVE('',#4215,#4215,#4217,.T.);
#4215 = VERTEX_POINT('',#4216);
#4216 = CARTESIAN_POINT('',(475.,109.,187.25));
#4217 = SURFACE_CURVE('',#4218,(#4223,#4230),.PCURVE_S1.);
#4218 = CIRCLE('',#4219,1.25);
#4219 = AXIS2_PLACEMENT_3D('',#4220,#4221,#4222);
#4220 = CARTESIAN_POINT('',(475.,109.,186.));
#4221 = DIRECTION('',(0.,1.,0.));
#4222 = DIRECTION('',(0.,-0.,1.));
#4223 = PCURVE('',#1429,#4224);
#4224 = DEFINITIONAL_REPRESENTATION('',(#4225),#4229);
#4225 = LINE('',#4226,#4227);
#4226 = CARTESIAN_POINT('',(0.,4.5));
#4227 = VECTOR('',#4228,1.);
#4228 = DIRECTION('',(1.,0.));
#4229 = ( GEOMETRIC_REPRESENTATION_CONTEXT(2) 
PARAMETRIC_REPRESENTATION_CONTEXT() REPRESENTATION_CONTEXT('2D SPACE',''
  ) );
#4230 = PCURVE('',#2526,#4231);
#4231 = DEFINITIONAL_REPRESENTATION('',(#4232),#4236);
#4232 = CIRCLE('',#4233,1.25);
#4233 = AXIS2_PLACEMENT_2D('',#4234,#4235);
#4234 = CARTESIAN_POINT('',(12.,583.));
#4235 = DIRECTION('',(1.,0.));
#4236 = ( GEOMETRIC_REPRESENTATION_CONTEXT(2) 
PARAMETRIC_REPRESENTATION_CONTEXT() REPRESENTATION_CONTEXT('2D SPACE',''
  ) );
#4237 = ORIENTED_EDGE('',*,*,#4238,.F.);
#4238 = EDGE_CURVE('',#1413,#4215,#4239,.T.);
#4239 = SEAM_CURVE('',#4240,(#4244,#4251),.PCURVE_S1.);
#4240 = LINE('',#4241,#4242);
#4241 = CARTESIAN_POINT('',(475.,104.5,187.25));
#4242 = VECTOR('',#4243,1.);
#4243 = DIRECTION('',(0.,1.,0.));
#4244 = PCURVE('',#1429,#4245);
#4245 = DEFINITIONAL_REPRESENTATION('',(#4246),#4250);
#4246 = LINE('',#4247,#4248);
#4247 = CARTESIAN_POINT('',(6.28318530718,-0.));
#4248 = VECTOR('',#4249,1.);
#4249 = DIRECTION('',(0.,1.));
#4250 = ( GEOMETRIC_REPRESENTATION_CONTEXT(2) 
PARAMETRIC_REPRESENTATION_CONTEXT() REPRESENTATION_CONTEXT('2D SPACE',''
  ) );
#4251 = PCURVE('',#1429,#4252);
#4252 = DEFINITIONAL_REPRESENTATION('',(#4253),#4257);
#4253 = LINE('',#4254,#4255);
#4254 = CARTESIAN_POINT('',(0.,-0.));
#4255 = VECTOR('',#4256,1.);
#4256 = DIRECTION('',(0.,1.));
#4257 = ( GEOMETRIC_REPRESENTATION_CONTEXT(2) 
PARAMETRIC_REPRESENTATION_CONTEXT() REPRESENTATION_CONTEXT('2D SPACE',''
  ) );
#4258 = ORIENTED_EDGE('',*,*,#1412,.T.);
#4259 = ORIENTED_EDGE('',*,*,#4238,.T.);
#4260 = ADVANCED_FACE('',(#4261),#1460,.F.);
#4261 = FACE_BOUND('',#4262,.F.);
#4262 = EDGE_LOOP('',(#4263,#4287,#4308,#4309));
#4263 = ORIENTED_EDGE('',*,*,#4264,.F.);
#4264 = EDGE_CURVE('',#4265,#4265,#4267,.T.);
#4265 = VERTEX_POINT('',#4266);
#4266 = CARTESIAN_POINT('',(500.,109.,187.25));
#4267 = SURFACE_CURVE('',#4268,(#4273,#4280),.PCURVE_S1.);
#4268 = CIRCLE('',#4269,1.25);
#4269 = AXIS2_PLACEMENT_3D('',#4270,#4271,#4272);
#4270 = CARTESIAN_POINT('',(500.,109.,186.));
#4271 = DIRECTION('',(0.,1.,0.));
#4272 = DIRECTION('',(0.,-0.,1.));
#4273 = PCURVE('',#1460,#4274);
#4274 = DEFINITIONAL_REPRESENTATION('',(#4275),#4279);
#4275 = LINE('',#4276,#4277);
#4276 = CARTESIAN_POINT('',(0.,4.5));
#4277 = VECTOR('',#4278,1.);
#4278 = DIRECTION('',(1.,0.));
#4279 = ( GEOMETRIC_REPRESENTATION_CONTEXT(2) 
PARAMETRIC_REPRESENTATION_CONTEXT() REPRESENTATION_CONTEXT('2D SPACE',''
  ) );
#4280 = PCURVE('',#2526,#4281);
#4281 = DEFINITIONAL_REPRESENTATION('',(#4282),#4286);
#4282 = CIRCLE('',#4283,1.25);
#4283 = AXIS2_PLACEMENT_2D('',#4284,#4285);
#4284 = CARTESIAN_POINT('',(12.,608.));
#4285 = DIRECTION('',(1.,0.));
#4286 = ( GEOMETRIC_REPRESENTATION_CONTEXT(2) 
PARAMETRIC_REPRESENTATION_CONTEXT() REPRESENTATION_CONTEXT('2D SPACE',''
  ) );
#4287 = ORIENTED_EDGE('',*,*,#4288,.F.);
#4288 = EDGE_CURVE('',#1444,#4265,#4289,.T.);
#4289 = SEAM_CURVE('',#4290,(#4294,#4301),.PCURVE_S1.);
#4290 = LINE('',#4291,#4292);
#4291 = CARTESIAN_POINT('',(500.,104.5,187.25));
#4292 = VECTOR('',#4293,1.);
#4293 = DIRECTION('',(0.,1.,0.));
#4294 = PCURVE('',#1460,#4295);
#4295 = DEFINITIONAL_REPRESENTATION('',(#4296),#4300);
#4296 = LINE('',#4297,#4298);
#4297 = CARTESIAN_POINT('',(6.28318530718,-0.));
#4298 = VECTOR('',#4299,1.);
#4299 = DIRECTION('',(0.,1.));
#4300 = ( GEOMETRIC_REPRESENTATION_CONTEXT(2) 
PARAMETRIC_REPRESENTATION_CONTEXT() REPRESENTATION_CONTEXT('2D SPACE',''
  ) );
#4301 = PCURVE('',#1460,#4302);
#4302 = DEFINITIONAL_REPRESENTATION('',(#4303),#4307);
#4303 = LINE('',#4304,#4305);
#4304 = CARTESIAN_POINT('',(0.,-0.));
#4305 = VECTOR('',#4306,1.);
#4306 = DIRECTION('',(0.,1.));
#4307 = ( GEOMETRIC_REPRESENTATION_CONTEXT(2) 
PARAMETRIC_REPRESENTATION_CONTEXT() REPRESENTATION_CONTEXT('2D SPACE',''
  ) );
#4308 = ORIENTED_EDGE('',*,*,#1443,.T.);
#4309 = ORIENTED_EDGE('',*,*,#4288,.T.);
#4310 = ADVANCED_FACE('',(#4311),#1491,.F.);
#4311 = FACE_BOUND('',#4312,.F.);
#4312 = EDGE_LOOP('',(#4313,#4337,#4358,#4359));
#4313 = ORIENTED_EDGE('',*,*,#4314,.F.);
#4314 = EDGE_CURVE('',#4315,#4315,#4317,.T.);
#4315 = VERTEX_POINT('',#4316);
#4316 = CARTESIAN_POINT('',(525.,109.,187.25));
#4317 = SURFACE_CURVE('',#4318,(#4323,#4330),.PCURVE_S1.);
#4318 = CIRCLE('',#4319,1.25);
#4319 = AXIS2_PLACEMENT_3D('',#4320,#4321,#4322);
#4320 = CARTESIAN_POINT('',(525.,109.,186.));
#4321 = DIRECTION('',(0.,1.,0.));
#4322 = DIRECTION('',(0.,-0.,1.));
#4323 = PCURVE('',#1491,#4324);
#4324 = DEFINITIONAL_REPRESENTATION('',(#4325),#4329);
#4325 = LINE('',#4326,#4327);
#4326 = CARTESIAN_POINT('',(0.,4.5));
#4327 = VECTOR('',#4328,1.);
#4328 = DIRECTION('',(1.,0.));
#4329 = ( GEOMETRIC_REPRESENTATION_CONTEXT(2) 
PARAMETRIC_REPRESENTATION_CONTEXT() REPRESENTATION_CONTEXT('2D SPACE',''
  ) );
#4330 = PCURVE('',#2526,#4331);
#4331 = DEFINITIONAL_REPRESENTATION('',(#4332),#4336);
#4332 = CIRCLE('',#4333,1.25);
#4333 = AXIS2_PLACEMENT_2D('',#4334,#4335);
#4334 = CARTESIAN_POINT('',(12.,633.));
#4335 = DIRECTION('',(1.,0.));
#4336 = ( GEOMETRIC_REPRESENTATION_CONTEXT(2) 
PARAMETRIC_REPRESENTATION_CONTEXT() REPRESENTATION_CONTEXT('2D SPACE',''
  ) );
#4337 = ORIENTED_EDGE('',*,*,#4338,.F.);
#4338 = EDGE_CURVE('',#1475,#4315,#4339,.T.);
#4339 = SEAM_CURVE('',#4340,(#4344,#4351),.PCURVE_S1.);
#4340 = LINE('',#4341,#4342);
#4341 = CARTESIAN_POINT('',(525.,104.5,187.25));
#4342 = VECTOR('',#4343,1.);
#4343 = DIRECTION('',(0.,1.,0.));
#4344 = PCURVE('',#1491,#4345);
#4345 = DEFINITIONAL_REPRESENTATION('',(#4346),#4350);
#4346 = LINE('',#4347,#4348);
#4347 = CARTESIAN_POINT('',(6.28318530718,-0.));
#4348 = VECTOR('',#4349,1.);
#4349 = DIRECTION('',(0.,1.));
#4350 = ( GEOMETRIC_REPRESENTATION_CONTEXT(2) 
PARAMETRIC_REPRESENTATION_CONTEXT() REPRESENTATION_CONTEXT('2D SPACE',''
  ) );
#4351 = PCURVE('',#1491,#4352);
#4352 = DEFINITIONAL_REPRESENTATION('',(#4353),#4357);
#4353 = LINE('',#4354,#4355);
#4354 = CARTESIAN_POINT('',(0.,-0.));
#4355 = VECTOR('',#4356,1.);
#4356 = DIRECTION('',(0.,1.));
#4357 = ( GEOMETRIC_REPRESENTATION_CONTEXT(2) 
PARAMETRIC_REPRESENTATION_CONTEXT() REPRESENTATION_CONTEXT('2D SPACE',''
  ) );
#4358 = ORIENTED_EDGE('',*,*,#1474,.T.);
#4359 = ORIENTED_EDGE('',*,*,#4338,.T.);
#4360 = ADVANCED_FACE('',(#4361),#1522,.F.);
#4361 = FACE_BOUND('',#4362,.F.);
#4362 = EDGE_LOOP('',(#4363,#4387,#4408,#4409));
#4363 = ORIENTED_EDGE('',*,*,#4364,.F.);
#4364 = EDGE_CURVE('',#4365,#4365,#4367,.T.);
#4365 = VERTEX_POINT('',#4366);
#4366 = CARTESIAN_POINT('',(225.,109.,239.25));
#4367 = SURFACE_CURVE('',#4368,(#4373,#4380),.PCURVE_S1.);
#4368 = CIRCLE('',#4369,1.25);
#4369 = AXIS2_PLACEMENT_3D('',#4370,#4371,#4372);
#4370 = CARTESIAN_POINT('',(225.,109.,238.));
#4371 = DIRECTION('',(0.,1.,0.));
#4372 = DIRECTION('',(0.,-0.,1.));
#4373 = PCURVE('',#1522,#4374);
#4374 = DEFINITIONAL_REPRESENTATION('',(#4375),#4379);
#4375 = LINE('',#4376,#4377);
#4376 = CARTESIAN_POINT('',(0.,4.5));
#4377 = VECTOR('',#4378,1.);
#4378 = DIRECTION('',(1.,0.));
#4379 = ( GEOMETRIC_REPRESENTATION_CONTEXT(2) 
PARAMETRIC_REPRESENTATION_CONTEXT() REPRESENTATION_CONTEXT('2D SPACE',''
  ) );
#4380 = PCURVE('',#2526,#4381);
#4381 = DEFINITIONAL_REPRESENTATION('',(#4382),#4386);
#4382 = CIRCLE('',#4383,1.25);
#4383 = AXIS2_PLACEMENT_2D('',#4384,#4385);
#4384 = CARTESIAN_POINT('',(64.,333.));
#4385 = DIRECTION('',(1.,0.));
#4386 = ( GEOMETRIC_REPRESENTATION_CONTEXT(2) 
PARAMETRIC_REPRESENTATION_CONTEXT() REPRESENTATION_CONTEXT('2D SPACE',''
  ) );
#4387 = ORIENTED_EDGE('',*,*,#4388,.F.);
#4388 = EDGE_CURVE('',#1506,#4365,#4389,.T.);
#4389 = SEAM_CURVE('',#4390,(#4394,#4401),.PCURVE_S1.);
#4390 = LINE('',#4391,#4392);
#4391 = CARTESIAN_POINT('',(225.,104.5,239.25));
#4392 = VECTOR('',#4393,1.);
#4393 = DIRECTION('',(0.,1.,0.));
#4394 = PCURVE('',#1522,#4395);
#4395 = DEFINITIONAL_REPRESENTATION('',(#4396),#4400);
#4396 = LINE('',#4397,#4398);
#4397 = CARTESIAN_POINT('',(6.28318530718,-0.));
#4398 = VECTOR('',#4399,1.);
#4399 = DIRECTION('',(0.,1.));
#4400 = ( GEOMETRIC_REPRESENTATION_CONTEXT(2) 
PARAMETRIC_REPRESENTATION_CONTEXT() REPRESENTATION_CONTEXT('2D SPACE',''
  ) );
#4401 = PCURVE('',#1522,#4402);
#4402 = DEFINITIONAL_REPRESENTATION('',(#4403),#4407);
#4403 = LINE('',#4404,#4405);
#4404 = CARTESIAN_POINT('',(0.,-0.));
#4405 = VECTOR('',#4406,1.);
#4406 = DIRECTION('',(0.,1.));
#4407 = ( GEOMETRIC_REPRESENTATION_CONTEXT(2) 
PARAMETRIC_REPRESENTATION_CONTEXT() REPRESENTATION_CONTEXT('2D SPACE',''
  ) );
#4408 = ORIENTED_EDGE('',*,*,#1505,.T.);
#4409 = ORIENTED_EDGE('',*,*,#4388,.T.);
#4410 = ADVANCED_FACE('',(#4411),#1553,.F.);
#4411 = FACE_BOUND('',#4412,.F.);
#4412 = EDGE_LOOP('',(#4413,#4437,#4458,#4459));
#4413 = ORIENTED_EDGE('',*,*,#4414,.F.);
#4414 = EDGE_CURVE('',#4415,#4415,#4417,.T.);
#4415 = VERTEX_POINT('',#4416);
#4416 = CARTESIAN_POINT('',(250.,109.,239.25));
#4417 = SURFACE_CURVE('',#4418,(#4423,#4430),.PCURVE_S1.);
#4418 = CIRCLE('',#4419,1.25);
#4419 = AXIS2_PLACEMENT_3D('',#4420,#4421,#4422);
#4420 = CARTESIAN_POINT('',(250.,109.,238.));
#4421 = DIRECTION('',(0.,1.,0.));
#4422 = DIRECTION('',(0.,-0.,1.));
#4423 = PCURVE('',#1553,#4424);
#4424 = DEFINITIONAL_REPRESENTATION('',(#4425),#4429);
#4425 = LINE('',#4426,#4427);
#4426 = CARTESIAN_POINT('',(0.,4.5));
#4427 = VECTOR('',#4428,1.);
#4428 = DIRECTION('',(1.,0.));
#4429 = ( GEOMETRIC_REPRESENTATION_CONTEXT(2) 
PARAMETRIC_REPRESENTATION_CONTEXT() REPRESENTATION_CONTEXT('2D SPACE',''
  ) );
#4430 = PCURVE('',#2526,#4431);
#4431 = DEFINITIONAL_REPRESENTATION('',(#4432),#4436);
#4432 = CIRCLE('',#4433,1.25);
#4433 = AXIS2_PLACEMENT_2D('',#4434,#4435);
#4434 = CARTESIAN_POINT('',(64.,358.));
#4435 = DIRECTION('',(1.,0.));
#4436 = ( GEOMETRIC_REPRESENTATION_CONTEXT(2) 
PARAMETRIC_REPRESENTATION_CONTEXT() REPRESENTATION_CONTEXT('2D SPACE',''
  ) );
#4437 = ORIENTED_EDGE('',*,*,#4438,.F.);
#4438 = EDGE_CURVE('',#1537,#4415,#4439,.T.);
#4439 = SEAM_CURVE('',#4440,(#4444,#4451),.PCURVE_S1.);
#4440 = LINE('',#4441,#4442);
#4441 = CARTESIAN_POINT('',(250.,104.5,239.25));
#4442 = VECTOR('',#4443,1.);
#4443 = DIRECTION('',(0.,1.,0.));
#4444 = PCURVE('',#1553,#4445);
#4445 = DEFINITIONAL_REPRESENTATION('',(#4446),#4450);
#4446 = LINE('',#4447,#4448);
#4447 = CARTESIAN_POINT('',(6.28318530718,-0.));
#4448 = VECTOR('',#4449,1.);
#4449 = DIRECTION('',(0.,1.));
#4450 = ( GEOMETRIC_REPRESENTATION_CONTEXT(2) 
PARAMETRIC_REPRESENTATION_CONTEXT() REPRESENTATION_CONTEXT('2D SPACE',''
  ) );
#4451 = PCURVE('',#1553,#4452);
#4452 = DEFINITIONAL_REPRESENTATION('',(#4453),#4457);
#4453 = LINE('',#4454,#4455);
#4454 = CARTESIAN_POINT('',(0.,-0.));
#4455 = VECTOR('',#4456,1.);
#4456 = DIRECTION('',(0.,1.));
#4457 = ( GEOMETRIC_REPRESENTATION_CONTEXT(2) 
PARAMETRIC_REPRESENTATION_CONTEXT() REPRESENTATION_CONTEXT('2D SPACE',''
  ) );
#4458 = ORIENTED_EDGE('',*,*,#1536,.T.);
#4459 = ORIENTED_EDGE('',*,*,#4438,.T.);
#4460 = ADVANCED_FACE('',(#4461),#1584,.F.);
#4461 = FACE_BOUND('',#4462,.F.);
#4462 = EDGE_LOOP('',(#4463,#4487,#4508,#4509));
#4463 = ORIENTED_EDGE('',*,*,#4464,.F.);
#4464 = EDGE_CURVE('',#4465,#4465,#4467,.T.);
#4465 = VERTEX_POINT('',#4466);
#4466 = CARTESIAN_POINT('',(275.,109.,239.25));
#4467 = SURFACE_CURVE('',#4468,(#4473,#4480),.PCURVE_S1.);
#4468 = CIRCLE('',#4469,1.25);
#4469 = AXIS2_PLACEMENT_3D('',#4470,#4471,#4472);
#4470 = CARTESIAN_POINT('',(275.,109.,238.));
#4471 = DIRECTION('',(0.,1.,0.));
#4472 = DIRECTION('',(0.,-0.,1.));
#4473 = PCURVE('',#1584,#4474);
#4474 = DEFINITIONAL_REPRESENTATION('',(#4475),#4479);
#4475 = LINE('',#4476,#4477);
#4476 = CARTESIAN_POINT('',(0.,4.5));
#4477 = VECTOR('',#4478,1.);
#4478 = DIRECTION('',(1.,0.));
#4479 = ( GEOMETRIC_REPRESENTATION_CONTEXT(2) 
PARAMETRIC_REPRESENTATION_CONTEXT() REPRESENTATION_CONTEXT('2D SPACE',''
  ) );
#4480 = PCURVE('',#2526,#4481);
#4481 = DEFINITIONAL_REPRESENTATION('',(#4482),#4486);
#4482 = CIRCLE('',#4483,1.25);
#4483 = AXIS2_PLACEMENT_2D('',#4484,#4485);
#4484 = CARTESIAN_POINT('',(64.,383.));
#4485 = DIRECTION('',(1.,0.));
#4486 = ( GEOMETRIC_REPRESENTATION_CONTEXT(2) 
PARAMETRIC_REPRESENTATION_CONTEXT() REPRESENTATION_CONTEXT('2D SPACE',''
  ) );
#4487 = ORIENTED_EDGE('',*,*,#4488,.F.);
#4488 = EDGE_CURVE('',#1568,#4465,#4489,.T.);
#4489 = SEAM_CURVE('',#4490,(#4494,#4501),.PCURVE_S1.);
#4490 = LINE('',#4491,#4492);
#4491 = CARTESIAN_POINT('',(275.,104.5,239.25));
#4492 = VECTOR('',#4493,1.);
#4493 = DIRECTION('',(0.,1.,0.));
#4494 = PCURVE('',#1584,#4495);
#4495 = DEFINITIONAL_REPRESENTATION('',(#4496),#4500);
#4496 = LINE('',#4497,#4498);
#4497 = CARTESIAN_POINT('',(6.28318530718,-0.));
#4498 = VECTOR('',#4499,1.);
#4499 = DIRECTION('',(0.,1.));
#4500 = ( GEOMETRIC_REPRESENTATION_CONTEXT(2) 
PARAMETRIC_REPRESENTATION_CONTEXT() REPRESENTATION_CONTEXT('2D SPACE',''
  ) );
#4501 = PCURVE('',#1584,#4502);
#4502 = DEFINITIONAL_REPRESENTATION('',(#4503),#4507);
#4503 = LINE('',#4504,#4505);
#4504 = CARTESIAN_POINT('',(0.,-0.));
#4505 = VECTOR('',#4506,1.);
#4506 = DIRECTION('',(0.,1.));
#4507 = ( GEOMETRIC_REPRESENTATION_CONTEXT(2) 
PARAMETRIC_REPRESENTATION_CONTEXT() REPRESENTATION_CONTEXT('2D SPACE',''
  ) );
#4508 = ORIENTED_EDGE('',*,*,#1567,.T.);
#4509 = ORIENTED_EDGE('',*,*,#4488,.T.);
#4510 = ADVANCED_FACE('',(#4511),#1615,.F.);
#4511 = FACE_BOUND('',#4512,.F.);
#4512 = EDGE_LOOP('',(#4513,#4537,#4558,#4559));
#4513 = ORIENTED_EDGE('',*,*,#4514,.F.);
#4514 = EDGE_CURVE('',#4515,#4515,#4517,.T.);
#4515 = VERTEX_POINT('',#4516);
#4516 = CARTESIAN_POINT('',(300.,109.,239.25));
#4517 = SURFACE_CURVE('',#4518,(#4523,#4530),.PCURVE_S1.);
#4518 = CIRCLE('',#4519,1.25);
#4519 = AXIS2_PLACEMENT_3D('',#4520,#4521,#4522);
#4520 = CARTESIAN_POINT('',(300.,109.,238.));
#4521 = DIRECTION('',(0.,1.,0.));
#4522 = DIRECTION('',(0.,-0.,1.));
#4523 = PCURVE('',#1615,#4524);
#4524 = DEFINITIONAL_REPRESENTATION('',(#4525),#4529);
#4525 = LINE('',#4526,#4527);
#4526 = CARTESIAN_POINT('',(0.,4.5));
#4527 = VECTOR('',#4528,1.);
#4528 = DIRECTION('',(1.,0.));
#4529 = ( GEOMETRIC_REPRESENTATION_CONTEXT(2) 
PARAMETRIC_REPRESENTATION_CONTEXT() REPRESENTATION_CONTEXT('2D SPACE',''
  ) );
#4530 = PCURVE('',#2526,#4531);
#4531 = DEFINITIONAL_REPRESENTATION('',(#4532),#4536);
#4532 = CIRCLE('',#4533,1.25);
#4533 = AXIS2_PLACEMENT_2D('',#4534,#4535);
#4534 = CARTESIAN_POINT('',(64.,408.));
#4535 = DIRECTION('',(1.,0.));
#4536 = ( GEOMETRIC_REPRESENTATION_CONTEXT(2) 
PARAMETRIC_REPRESENTATION_CONTEXT() REPRESENTATION_CONTEXT('2D SPACE',''
  ) );
#4537 = ORIENTED_EDGE('',*,*,#4538,.F.);
#4538 = EDGE_CURVE('',#1599,#4515,#4539,.T.);
#4539 = SEAM_CURVE('',#4540,(#4544,#4551),.PCURVE_S1.);
#4540 = LINE('',#4541,#4542);
#4541 = CARTESIAN_POINT('',(300.,104.5,239.25));
#4542 = VECTOR('',#4543,1.);
#4543 = DIRECTION('',(0.,1.,0.));
#4544 = PCURVE('',#1615,#4545);
#4545 = DEFINITIONAL_REPRESENTATION('',(#4546),#4550);
#4546 = LINE('',#4547,#4548);
#4547 = CARTESIAN_POINT('',(6.28318530718,-0.));
#4548 = VECTOR('',#4549,1.);
#4549 = DIRECTION('',(0.,1.));
#4550 = ( GEOMETRIC_REPRESENTATION_CONTEXT(2) 
PARAMETRIC_REPRESENTATION_CONTEXT() REPRESENTATION_CONTEXT('2D SPACE',''
  ) );
#4551 = PCURVE('',#1615,#4552);
#4552 = DEFINITIONAL_REPRESENTATION('',(#4553),#4557);
#4553 = LINE('',#4554,#4555);
#4554 = CARTESIAN_POINT('',(0.,-0.));
#4555 = VECTOR('',#4556,1.);
#4556 = DIRECTION('',(0.,1.));
#4557 = ( GEOMETRIC_REPRESENTATION_CONTEXT(2) 
PARAMETRIC_REPRESENTATION_CONTEXT() REPRESENTATION_CONTEXT('2D SPACE',''
  ) );
#4558 = ORIENTED_EDGE('',*,*,#1598,.T.);
#4559 = ORIENTED_EDGE('',*,*,#4538,.T.);
#4560 = ADVANCED_FACE('',(#4561),#1646,.F.);
#4561 = FACE_BOUND('',#4562,.F.);
#4562 = EDGE_LOOP('',(#4563,#4587,#4608,#4609));
#4563 = ORIENTED_EDGE('',*,*,#4564,.F.);
#4564 = EDGE_CURVE('',#4565,#4565,#4567,.T.);
#4565 = VERTEX_POINT('',#4566);
#4566 = CARTESIAN_POINT('',(325.,109.,239.25));
#4567 = SURFACE_CURVE('',#4568,(#4573,#4580),.PCURVE_S1.);
#4568 = CIRCLE('',#4569,1.25);
#4569 = AXIS2_PLACEMENT_3D('',#4570,#4571,#4572);
#4570 = CARTESIAN_POINT('',(325.,109.,238.));
#4571 = DIRECTION('',(0.,1.,0.));
#4572 = DIRECTION('',(0.,-0.,1.));
#4573 = PCURVE('',#1646,#4574);
#4574 = DEFINITIONAL_REPRESENTATION('',(#4575),#4579);
#4575 = LINE('',#4576,#4577);
#4576 = CARTESIAN_POINT('',(0.,4.5));
#4577 = VECTOR('',#4578,1.);
#4578 = DIRECTION('',(1.,0.));
#4579 = ( GEOMETRIC_REPRESENTATION_CONTEXT(2) 
PARAMETRIC_REPRESENTATION_CONTEXT() REPRESENTATION_CONTEXT('2D SPACE',''
  ) );
#4580 = PCURVE('',#2526,#4581);
#4581 = DEFINITIONAL_REPRESENTATION('',(#4582),#4586);
#4582 = CIRCLE('',#4583,1.25);
#4583 = AXIS2_PLACEMENT_2D('',#4584,#4585);
#4584 = CARTESIAN_POINT('',(64.,433.));
#4585 = DIRECTION('',(1.,0.));
#4586 = ( GEOMETRIC_REPRESENTATION_CONTEXT(2) 
PARAMETRIC_REPRESENTATION_CONTEXT() REPRESENTATION_CONTEXT('2D SPACE',''
  ) );
#4587 = ORIENTED_EDGE('',*,*,#4588,.F.);
#4588 = EDGE_CURVE('',#1630,#4565,#4589,.T.);
#4589 = SEAM_CURVE('',#4590,(#4594,#4601),.PCURVE_S1.);
#4590 = LINE('',#4591,#4592);
#4591 = CARTESIAN_POINT('',(325.,104.5,239.25));
#4592 = VECTOR('',#4593,1.);
#4593 = DIRECTION('',(0.,1.,0.));
#4594 = PCURVE('',#1646,#4595);
#4595 = DEFINITIONAL_REPRESENTATION('',(#4596),#4600);
#4596 = LINE('',#4597,#4598);
#4597 = CARTESIAN_POINT('',(6.28318530718,-0.));
#4598 = VECTOR('',#4599,1.);
#4599 = DIRECTION('',(0.,1.));
#4600 = ( GEOMETRIC_REPRESENTATION_CONTEXT(2) 
PARAMETRIC_REPRESENTATION_CONTEXT() REPRESENTATION_CONTEXT('2D SPACE',''
  ) );
#4601 = PCURVE('',#1646,#4602);
#4602 = DEFINITIONAL_REPRESENTATION('',(#4603),#4607);
#4603 = LINE('',#4604,#4605);
#4604 = CARTESIAN_POINT('',(0.,-0.));
#4605 = VECTOR('',#4606,1.);
#4606 = DIRECTION('',(0.,1.));
#4607 = ( GEOMETRIC_REPRESENTATION_CONTEXT(2) 
PARAMETRIC_REPRESENTATION_CONTEXT() REPRESENTATION_CONTEXT('2D SPACE',''
  ) );
#4608 = ORIENTED_EDGE('',*,*,#1629,.T.);
#4609 = ORIENTED_EDGE('',*,*,#4588,.T.);
#4610 = ADVANCED_FACE('',(#4611),#1677,.F.);
#4611 = FACE_BOUND('',#4612,.F.);
#4612 = EDGE_LOOP('',(#4613,#4637,#4658,#4659));
#4613 = ORIENTED_EDGE('',*,*,#4614,.F.);
#4614 = EDGE_CURVE('',#4615,#4615,#4617,.T.);
#4615 = VERTEX_POINT('',#4616);
#4616 = CARTESIAN_POINT('',(350.,109.,239.25));
#4617 = SURFACE_CURVE('',#4618,(#4623,#4630),.PCURVE_S1.);
#4618 = CIRCLE('',#4619,1.25);
#4619 = AXIS2_PLACEMENT_3D('',#4620,#4621,#4622);
#4620 = CARTESIAN_POINT('',(350.,109.,238.));
#4621 = DIRECTION('',(0.,1.,0.));
#4622 = DIRECTION('',(0.,-0.,1.));
#4623 = PCURVE('',#1677,#4624);
#4624 = DEFINITIONAL_REPRESENTATION('',(#4625),#4629);
#4625 = LINE('',#4626,#4627);
#4626 = CARTESIAN_POINT('',(0.,4.5));
#4627 = VECTOR('',#4628,1.);
#4628 = DIRECTION('',(1.,0.));
#4629 = ( GEOMETRIC_REPRESENTATION_CONTEXT(2) 
PARAMETRIC_REPRESENTATION_CONTEXT() REPRESENTATION_CONTEXT('2D SPACE',''
  ) );
#4630 = PCURVE('',#2526,#4631);
#4631 = DEFINITIONAL_REPRESENTATION('',(#4632),#4636);
#4632 = CIRCLE('',#4633,1.25);
#4633 = AXIS2_PLACEMENT_2D('',#4634,#4635);
#4634 = CARTESIAN_POINT('',(64.,458.));
#4635 = DIRECTION('',(1.,0.));
#4636 = ( GEOMETRIC_REPRESENTATION_CONTEXT(2) 
PARAMETRIC_REPRESENTATION_CONTEXT() REPRESENTATION_CONTEXT('2D SPACE',''
  ) );
#4637 = ORIENTED_EDGE('',*,*,#4638,.F.);
#4638 = EDGE_CURVE('',#1661,#4615,#4639,.T.);
#4639 = SEAM_CURVE('',#4640,(#4644,#4651),.PCURVE_S1.);
#4640 = LINE('',#4641,#4642);
#4641 = CARTESIAN_POINT('',(350.,104.5,239.25));
#4642 = VECTOR('',#4643,1.);
#4643 = DIRECTION('',(0.,1.,0.));
#4644 = PCURVE('',#1677,#4645);
#4645 = DEFINITIONAL_REPRESENTATION('',(#4646),#4650);
#4646 = LINE('',#4647,#4648);
#4647 = CARTESIAN_POINT('',(6.28318530718,-0.));
#4648 = VECTOR('',#4649,1.);
#4649 = DIRECTION('',(0.,1.));
#4650 = ( GEOMETRIC_REPRESENTATION_CONTEXT(2) 
PARAMETRIC_REPRESENTATION_CONTEXT() REPRESENTATION_CONTEXT('2D SPACE',''
  ) );
#4651 = PCURVE('',#1677,#4652);
#4652 = DEFINITIONAL_REPRESENTATION('',(#4653),#4657);
#4653 = LINE('',#4654,#4655);
#4654 = CARTESIAN_POINT('',(0.,-0.));
#4655 = VECTOR('',#4656,1.);
#4656 = DIRECTION('',(0.,1.));
#4657 = ( GEOMETRIC_REPRESENTATION_CONTEXT(2) 
PARAMETRIC_REPRESENTATION_CONTEXT() REPRESENTATION_CONTEXT('2D SPACE',''
  ) );
#4658 = ORIENTED_EDGE('',*,*,#1660,.T.);
#4659 = ORIENTED_EDGE('',*,*,#4638,.T.);
#4660 = ADVANCED_FACE('',(#4661),#1708,.F.);
#4661 = FACE_BOUND('',#4662,.F.);
#4662 = EDGE_LOOP('',(#4663,#4687,#4708,#4709));
#4663 = ORIENTED_EDGE('',*,*,#4664,.F.);
#4664 = EDGE_CURVE('',#4665,#4665,#4667,.T.);
#4665 = VERTEX_POINT('',#4666);
#4666 = CARTESIAN_POINT('',(375.,109.,239.25));
#4667 = SURFACE_CURVE('',#4668,(#4673,#4680),.PCURVE_S1.);
#4668 = CIRCLE('',#4669,1.25);
#4669 = AXIS2_PLACEMENT_3D('',#4670,#4671,#4672);
#4670 = CARTESIAN_POINT('',(375.,109.,238.));
#4671 = DIRECTION('',(0.,1.,0.));
#4672 = DIRECTION('',(0.,-0.,1.));
#4673 = PCURVE('',#1708,#4674);
#4674 = DEFINITIONAL_REPRESENTATION('',(#4675),#4679);
#4675 = LINE('',#4676,#4677);
#4676 = CARTESIAN_POINT('',(0.,4.5));
#4677 = VECTOR('',#4678,1.);
#4678 = DIRECTION('',(1.,0.));
#4679 = ( GEOMETRIC_REPRESENTATION_CONTEXT(2) 
PARAMETRIC_REPRESENTATION_CONTEXT() REPRESENTATION_CONTEXT('2D SPACE',''
  ) );
#4680 = PCURVE('',#2526,#4681);
#4681 = DEFINITIONAL_REPRESENTATION('',(#4682),#4686);
#4682 = CIRCLE('',#4683,1.25);
#4683 = AXIS2_PLACEMENT_2D('',#4684,#4685);
#4684 = CARTESIAN_POINT('',(64.,483.));
#4685 = DIRECTION('',(1.,0.));
#4686 = ( GEOMETRIC_REPRESENTATION_CONTEXT(2) 
PARAMETRIC_REPRESENTATION_CONTEXT() REPRESENTATION_CONTEXT('2D SPACE',''
  ) );
#4687 = ORIENTED_EDGE('',*,*,#4688,.F.);
#4688 = EDGE_CURVE('',#1692,#4665,#4689,.T.);
#4689 = SEAM_CURVE('',#4690,(#4694,#4701),.PCURVE_S1.);
#4690 = LINE('',#4691,#4692);
#4691 = CARTESIAN_POINT('',(375.,104.5,239.25));
#4692 = VECTOR('',#4693,1.);
#4693 = DIRECTION('',(0.,1.,0.));
#4694 = PCURVE('',#1708,#4695);
#4695 = DEFINITIONAL_REPRESENTATION('',(#4696),#4700);
#4696 = LINE('',#4697,#4698);
#4697 = CARTESIAN_POINT('',(6.28318530718,-0.));
#4698 = VECTOR('',#4699,1.);
#4699 = DIRECTION('',(0.,1.));
#4700 = ( GEOMETRIC_REPRESENTATION_CONTEXT(2) 
PARAMETRIC_REPRESENTATION_CONTEXT() REPRESENTATION_CONTEXT('2D SPACE',''
  ) );
#4701 = PCURVE('',#1708,#4702);
#4702 = DEFINITIONAL_REPRESENTATION('',(#4703),#4707);
#4703 = LINE('',#4704,#4705);
#4704 = CARTESIAN_POINT('',(0.,-0.));
#4705 = VECTOR('',#4706,1.);
#4706 = DIRECTION('',(0.,1.));
#4707 = ( GEOMETRIC_REPRESENTATION_CONTEXT(2) 
PARAMETRIC_REPRESENTATION_CONTEXT() REPRESENTATION_CONTEXT('2D SPACE',''
  ) );
#4708 = ORIENTED_EDGE('',*,*,#1691,.T.);
#4709 = ORIENTED_EDGE('',*,*,#4688,.T.);
#4710 = ADVANCED_FACE('',(#4711),#1739,.F.);
#4711 = FACE_BOUND('',#4712,.F.);
#4712 = EDGE_LOOP('',(#4713,#4737,#4758,#4759));
#4713 = ORIENTED_EDGE('',*,*,#4714,.F.);
#4714 = EDGE_CURVE('',#4715,#4715,#4717,.T.);
#4715 = VERTEX_POINT('',#4716);
#4716 = CARTESIAN_POINT('',(400.,109.,239.25));
#4717 = SURFACE_CURVE('',#4718,(#4723,#4730),.PCURVE_S1.);
#4718 = CIRCLE('',#4719,1.25);
#4719 = AXIS2_PLACEMENT_3D('',#4720,#4721,#4722);
#4720 = CARTESIAN_POINT('',(400.,109.,238.));
#4721 = DIRECTION('',(0.,1.,0.));
#4722 = DIRECTION('',(0.,-0.,1.));
#4723 = PCURVE('',#1739,#4724);
#4724 = DEFINITIONAL_REPRESENTATION('',(#4725),#4729);
#4725 = LINE('',#4726,#4727);
#4726 = CARTESIAN_POINT('',(0.,4.5));
#4727 = VECTOR('',#4728,1.);
#4728 = DIRECTION('',(1.,0.));
#4729 = ( GEOMETRIC_REPRESENTATION_CONTEXT(2) 
PARAMETRIC_REPRESENTATION_CONTEXT() REPRESENTATION_CONTEXT('2D SPACE',''
  ) );
#4730 = PCURVE('',#2526,#4731);
#4731 = DEFINITIONAL_REPRESENTATION('',(#4732),#4736);
#4732 = CIRCLE('',#4733,1.25);
#4733 = AXIS2_PLACEMENT_2D('',#4734,#4735);
#4734 = CARTESIAN_POINT('',(64.,508.));
#4735 = DIRECTION('',(1.,0.));
#4736 = ( GEOMETRIC_REPRESENTATION_CONTEXT(2) 
PARAMETRIC_REPRESENTATION_CONTEXT() REPRESENTATION_CONTEXT('2D SPACE',''
  ) );
#4737 = ORIENTED_EDGE('',*,*,#4738,.F.);
#4738 = EDGE_CURVE('',#1723,#4715,#4739,.T.);
#4739 = SEAM_CURVE('',#4740,(#4744,#4751),.PCURVE_S1.);
#4740 = LINE('',#4741,#4742);
#4741 = CARTESIAN_POINT('',(400.,104.5,239.25));
#4742 = VECTOR('',#4743,1.);
#4743 = DIRECTION('',(0.,1.,0.));
#4744 = PCURVE('',#1739,#4745);
#4745 = DEFINITIONAL_REPRESENTATION('',(#4746),#4750);
#4746 = LINE('',#4747,#4748);
#4747 = CARTESIAN_POINT('',(6.28318530718,-0.));
#4748 = VECTOR('',#4749,1.);
#4749 = DIRECTION('',(0.,1.));
#4750 = ( GEOMETRIC_REPRESENTATION_CONTEXT(2) 
PARAMETRIC_REPRESENTATION_CONTEXT() REPRESENTATION_CONTEXT('2D SPACE',''
  ) );
#4751 = PCURVE('',#1739,#4752);
#4752 = DEFINITIONAL_REPRESENTATION('',(#4753),#4757);
#4753 = LINE('',#4754,#4755);
#4754 = CARTESIAN_POINT('',(0.,-0.));
#4755 = VECTOR('',#4756,1.);
#4756 = DIRECTION('',(0.,1.));
#4757 = ( GEOMETRIC_REPRESENTATION_CONTEXT(2) 
PARAMETRIC_REPRESENTATION_CONTEXT() REPRESENTATION_CONTEXT('2D SPACE',''
  ) );
#4758 = ORIENTED_EDGE('',*,*,#1722,.T.);
#4759 = ORIENTED_EDGE('',*,*,#4738,.T.);
#4760 = ADVANCED_FACE('',(#4761),#1770,.F.);
#4761 = FACE_BOUND('',#4762,.F.);
#4762 = EDGE_LOOP('',(#4763,#4787,#4808,#4809));
#4763 = ORIENTED_EDGE('',*,*,#4764,.F.);
#4764 = EDGE_CURVE('',#4765,#4765,#4767,.T.);
#4765 = VERTEX_POINT('',#4766);
#4766 = CARTESIAN_POINT('',(425.,109.,239.25));
#4767 = SURFACE_CURVE('',#4768,(#4773,#4780),.PCURVE_S1.);
#4768 = CIRCLE('',#4769,1.25);
#4769 = AXIS2_PLACEMENT_3D('',#4770,#4771,#4772);
#4770 = CARTESIAN_POINT('',(425.,109.,238.));
#4771 = DIRECTION('',(0.,1.,0.));
#4772 = DIRECTION('',(0.,-0.,1.));
#4773 = PCURVE('',#1770,#4774);
#4774 = DEFINITIONAL_REPRESENTATION('',(#4775),#4779);
#4775 = LINE('',#4776,#4777);
#4776 = CARTESIAN_POINT('',(0.,4.5));
#4777 = VECTOR('',#4778,1.);
#4778 = DIRECTION('',(1.,0.));
#4779 = ( GEOMETRIC_REPRESENTATION_CONTEXT(2) 
PARAMETRIC_REPRESENTATION_CONTEXT() REPRESENTATION_CONTEXT('2D SPACE',''
  ) );
#4780 = PCURVE('',#2526,#4781);
#4781 = DEFINITIONAL_REPRESENTATION('',(#4782),#4786);
#4782 = CIRCLE('',#4783,1.25);
#4783 = AXIS2_PLACEMENT_2D('',#4784,#4785);
#4784 = CARTESIAN_POINT('',(64.,533.));
#4785 = DIRECTION('',(1.,0.));
#4786 = ( GEOMETRIC_REPRESENTATION_CONTEXT(2) 
PARAMETRIC_REPRESENTATION_CONTEXT() REPRESENTATION_CONTEXT('2D SPACE',''
  ) );
#4787 = ORIENTED_EDGE('',*,*,#4788,.F.);
#4788 = EDGE_CURVE('',#1754,#4765,#4789,.T.);
#4789 = SEAM_CURVE('',#4790,(#4794,#4801),.PCURVE_S1.);
#4790 = LINE('',#4791,#4792);
#4791 = CARTESIAN_POINT('',(425.,104.5,239.25));
#4792 = VECTOR('',#4793,1.);
#4793 = DIRECTION('',(0.,1.,0.));
#4794 = PCURVE('',#1770,#4795);
#4795 = DEFINITIONAL_REPRESENTATION('',(#4796),#4800);
#4796 = LINE('',#4797,#4798);
#4797 = CARTESIAN_POINT('',(6.28318530718,-0.));
#4798 = VECTOR('',#4799,1.);
#4799 = DIRECTION('',(0.,1.));
#4800 = ( GEOMETRIC_REPRESENTATION_CONTEXT(2) 
PARAMETRIC_REPRESENTATION_CONTEXT() REPRESENTATION_CONTEXT('2D SPACE',''
  ) );
#4801 = PCURVE('',#1770,#4802);
#4802 = DEFINITIONAL_REPRESENTATION('',(#4803),#4807);
#4803 = LINE('',#4804,#4805);
#4804 = CARTESIAN_POINT('',(0.,-0.));
#4805 = VECTOR('',#4806,1.);
#4806 = DIRECTION('',(0.,1.));
#4807 = ( GEOMETRIC_REPRESENTATION_CONTEXT(2) 
PARAMETRIC_REPRESENTATION_CONTEXT() REPRESENTATION_CONTEXT('2D SPACE',''
  ) );
#4808 = ORIENTED_EDGE('',*,*,#1753,.T.);
#4809 = ORIENTED_EDGE('',*,*,#4788,.T.);
#4810 = ADVANCED_FACE('',(#4811),#1801,.F.);
#4811 = FACE_BOUND('',#4812,.F.);
#4812 = EDGE_LOOP('',(#4813,#4837,#4858,#4859));
#4813 = ORIENTED_EDGE('',*,*,#4814,.F.);
#4814 = EDGE_CURVE('',#4815,#4815,#4817,.T.);
#4815 = VERTEX_POINT('',#4816);
#4816 = CARTESIAN_POINT('',(450.,109.,239.25));
#4817 = SURFACE_CURVE('',#4818,(#4823,#4830),.PCURVE_S1.);
#4818 = CIRCLE('',#4819,1.25);
#4819 = AXIS2_PLACEMENT_3D('',#4820,#4821,#4822);
#4820 = CARTESIAN_POINT('',(450.,109.,238.));
#4821 = DIRECTION('',(0.,1.,0.));
#4822 = DIRECTION('',(0.,-0.,1.));
#4823 = PCURVE('',#1801,#4824);
#4824 = DEFINITIONAL_REPRESENTATION('',(#4825),#4829);
#4825 = LINE('',#4826,#4827);
#4826 = CARTESIAN_POINT('',(0.,4.5));
#4827 = VECTOR('',#4828,1.);
#4828 = DIRECTION('',(1.,0.));
#4829 = ( GEOMETRIC_REPRESENTATION_CONTEXT(2) 
PARAMETRIC_REPRESENTATION_CONTEXT() REPRESENTATION_CONTEXT('2D SPACE',''
  ) );
#4830 = PCURVE('',#2526,#4831);
#4831 = DEFINITIONAL_REPRESENTATION('',(#4832),#4836);
#4832 = CIRCLE('',#4833,1.25);
#4833 = AXIS2_PLACEMENT_2D('',#4834,#4835);
#4834 = CARTESIAN_POINT('',(64.,558.));
#4835 = DIRECTION('',(1.,0.));
#4836 = ( GEOMETRIC_REPRESENTATION_CONTEXT(2) 
PARAMETRIC_REPRESENTATION_CONTEXT() REPRESENTATION_CONTEXT('2D SPACE',''
  ) );
#4837 = ORIENTED_EDGE('',*,*,#4838,.F.);
#4838 = EDGE_CURVE('',#1785,#4815,#4839,.T.);
#4839 = SEAM_CURVE('',#4840,(#4844,#4851),.PCURVE_S1.);
#4840 = LINE('',#4841,#4842);
#4841 = CARTESIAN_POINT('',(450.,104.5,239.25));
#4842 = VECTOR('',#4843,1.);
#4843 = DIRECTION('',(0.,1.,0.));
#4844 = PCURVE('',#1801,#4845);
#4845 = DEFINITIONAL_REPRESENTATION('',(#4846),#4850);
#4846 = LINE('',#4847,#4848);
#4847 = CARTESIAN_POINT('',(6.28318530718,-0.));
#4848 = VECTOR('',#4849,1.);
#4849 = DIRECTION('',(0.,1.));
#4850 = ( GEOMETRIC_REPRESENTATION_CONTEXT(2) 
PARAMETRIC_REPRESENTATION_CONTEXT() REPRESENTATION_CONTEXT('2D SPACE',''
  ) );
#4851 = PCURVE('',#1801,#4852);
#4852 = DEFINITIONAL_REPRESENTATION('',(#4853),#4857);
#4853 = LINE('',#4854,#4855);
#4854 = CARTESIAN_POINT('',(0.,-0.));
#4855 = VECTOR('',#4856,1.);
#4856 = DIRECTION('',(0.,1.));
#4857 = ( GEOMETRIC_REPRESENTATION_CONTEXT(2) 
PARAMETRIC_REPRESENTATION_CONTEXT() REPRESENTATION_CONTEXT('2D SPACE',''
  ) );
#4858 = ORIENTED_EDGE('',*,*,#1784,.T.);
#4859 = ORIENTED_EDGE('',*,*,#4838,.T.);
#4860 = ADVANCED_FACE('',(#4861),#1832,.F.);
#4861 = FACE_BOUND('',#4862,.F.);
#4862 = EDGE_LOOP('',(#4863,#4887,#4908,#4909));
#4863 = ORIENTED_EDGE('',*,*,#4864,.F.);
#4864 = EDGE_CURVE('',#4865,#4865,#4867,.T.);
#4865 = VERTEX_POINT('',#4866);
#4866 = CARTESIAN_POINT('',(475.,109.,239.25));
#4867 = SURFACE_CURVE('',#4868,(#4873,#4880),.PCURVE_S1.);
#4868 = CIRCLE('',#4869,1.25);
#4869 = AXIS2_PLACEMENT_3D('',#4870,#4871,#4872);
#4870 = CARTESIAN_POINT('',(475.,109.,238.));
#4871 = DIRECTION('',(0.,1.,0.));
#4872 = DIRECTION('',(0.,-0.,1.));
#4873 = PCURVE('',#1832,#4874);
#4874 = DEFINITIONAL_REPRESENTATION('',(#4875),#4879);
#4875 = LINE('',#4876,#4877);
#4876 = CARTESIAN_POINT('',(0.,4.5));
#4877 = VECTOR('',#4878,1.);
#4878 = DIRECTION('',(1.,0.));
#4879 = ( GEOMETRIC_REPRESENTATION_CONTEXT(2) 
PARAMETRIC_REPRESENTATION_CONTEXT() REPRESENTATION_CONTEXT('2D SPACE',''
  ) );
#4880 = PCURVE('',#2526,#4881);
#4881 = DEFINITIONAL_REPRESENTATION('',(#4882),#4886);
#4882 = CIRCLE('',#4883,1.25);
#4883 = AXIS2_PLACEMENT_2D('',#4884,#4885);
#4884 = CARTESIAN_POINT('',(64.,583.));
#4885 = DIRECTION('',(1.,0.));
#4886 = ( GEOMETRIC_REPRESENTATION_CONTEXT(2) 
PARAMETRIC_REPRESENTATION_CONTEXT() REPRESENTATION_CONTEXT('2D SPACE',''
  ) );
#4887 = ORIENTED_EDGE('',*,*,#4888,.F.);
#4888 = EDGE_CURVE('',#1816,#4865,#4889,.T.);
#4889 = SEAM_CURVE('',#4890,(#4894,#4901),.PCURVE_S1.);
#4890 = LINE('',#4891,#4892);
#4891 = CARTESIAN_POINT('',(475.,104.5,239.25));
#4892 = VECTOR('',#4893,1.);
#4893 = DIRECTION('',(0.,1.,0.));
#4894 = PCURVE('',#1832,#4895);
#4895 = DEFINITIONAL_REPRESENTATION('',(#4896),#4900);
#4896 = LINE('',#4897,#4898);
#4897 = CARTESIAN_POINT('',(6.28318530718,-0.));
#4898 = VECTOR('',#4899,1.);
#4899 = DIRECTION('',(0.,1.));
#4900 = ( GEOMETRIC_REPRESENTATION_CONTEXT(2) 
PARAMETRIC_REPRESENTATION_CONTEXT() REPRESENTATION_CONTEXT('2D SPACE',''
  ) );
#4901 = PCURVE('',#1832,#4902);
#4902 = DEFINITIONAL_REPRESENTATION('',(#4903),#4907);
#4903 = LINE('',#4904,#4905);
#4904 = CARTESIAN_POINT('',(0.,-0.));
#4905 = VECTOR('',#4906,1.);
#4906 = DIRECTION('',(0.,1.));
#4907 = ( GEOMETRIC_REPRESENTATION_CONTEXT(2) 
PARAMETRIC_REPRESENTATION_CONTEXT() REPRESENTATION_CONTEXT('2D SPACE',''
  ) );
#4908 = ORIENTED_EDGE('',*,*,#1815,.T.);
#4909 = ORIENTED_EDGE('',*,*,#4888,.T.);
#4910 = ADVANCED_FACE('',(#4911),#1863,.F.);
#4911 = FACE_BOUND('',#4912,.F.);
#4912 = EDGE_LOOP('',(#4913,#4937,#4958,#4959));
#4913 = ORIENTED_EDGE('',*,*,#4914,.F.);
#4914 = EDGE_CURVE('',#4915,#4915,#4917,.T.);
#4915 = VERTEX_POINT('',#4916);
#4916 = CARTESIAN_POINT('',(500.,109.,239.25));
#4917 = SURFACE_CURVE('',#4918,(#4923,#4930),.PCURVE_S1.);
#4918 = CIRCLE('',#4919,1.25);
#4919 = AXIS2_PLACEMENT_3D('',#4920,#4921,#4922);
#4920 = CARTESIAN_POINT('',(500.,109.,238.));
#4921 = DIRECTION('',(0.,1.,0.));
#4922 = DIRECTION('',(0.,-0.,1.));
#4923 = PCURVE('',#1863,#4924);
#4924 = DEFINITIONAL_REPRESENTATION('',(#4925),#4929);
#4925 = LINE('',#4926,#4927);
#4926 = CARTESIAN_POINT('',(0.,4.5));
#4927 = VECTOR('',#4928,1.);
#4928 = DIRECTION('',(1.,0.));
#4929 = ( GEOMETRIC_REPRESENTATION_CONTEXT(2) 
PARAMETRIC_REPRESENTATION_CONTEXT() REPRESENTATION_CONTEXT('2D SPACE',''
  ) );
#4930 = PCURVE('',#2526,#4931);
#4931 = DEFINITIONAL_REPRESENTATION('',(#4932),#4936);
#4932 = CIRCLE('',#4933,1.25);
#4933 = AXIS2_PLACEMENT_2D('',#4934,#4935);
#4934 = CARTESIAN_POINT('',(64.,608.));
#4935 = DIRECTION('',(1.,0.));
#4936 = ( GEOMETRIC_REPRESENTATION_CONTEXT(2) 
PARAMETRIC_REPRESENTATION_CONTEXT() REPRESENTATION_CONTEXT('2D SPACE',''
  ) );
#4937 = ORIENTED_EDGE('',*,*,#4938,.F.);
#4938 = EDGE_CURVE('',#1847,#4915,#4939,.T.);
#4939 = SEAM_CURVE('',#4940,(#4944,#4951),.PCURVE_S1.);
#4940 = LINE('',#4941,#4942);
#4941 = CARTESIAN_POINT('',(500.,104.5,239.25));
#4942 = VECTOR('',#4943,1.);
#4943 = DIRECTION('',(0.,1.,0.));
#4944 = PCURVE('',#1863,#4945);
#4945 = DEFINITIONAL_REPRESENTATION('',(#4946),#4950);
#4946 = LINE('',#4947,#4948);
#4947 = CARTESIAN_POINT('',(6.28318530718,-0.));
#4948 = VECTOR('',#4949,1.);
#4949 = DIRECTION('',(0.,1.));
#4950 = ( GEOMETRIC_REPRESENTATION_CONTEXT(2) 
PARAMETRIC_REPRESENTATION_CONTEXT() REPRESENTATION_CONTEXT('2D SPACE',''
  ) );
#4951 = PCURVE('',#1863,#4952);
#4952 = DEFINITIONAL_REPRESENTATION('',(#4953),#4957);
#4953 = LINE('',#4954,#4955);
#4954 = CARTESIAN_POINT('',(0.,-0.));
#4955 = VECTOR('',#4956,1.);
#4956 = DIRECTION('',(0.,1.));
#4957 = ( GEOMETRIC_REPRESENTATION_CONTEXT(2) 
PARAMETRIC_REPRESENTATION_CONTEXT() REPRESENTATION_CONTEXT('2D SPACE',''
  ) );
#4958 = ORIENTED_EDGE('',*,*,#1846,.T.);
#4959 = ORIENTED_EDGE('',*,*,#4938,.T.);
#4960 = ADVANCED_FACE('',(#4961),#1894,.F.);
#4961 = FACE_BOUND('',#4962,.F.);
#4962 = EDGE_LOOP('',(#4963,#4987,#5008,#5009));
#4963 = ORIENTED_EDGE('',*,*,#4964,.F.);
#4964 = EDGE_CURVE('',#4965,#4965,#4967,.T.);
#4965 = VERTEX_POINT('',#4966);
#4966 = CARTESIAN_POINT('',(525.,109.,239.25));
#4967 = SURFACE_CURVE('',#4968,(#4973,#4980),.PCURVE_S1.);
#4968 = CIRCLE('',#4969,1.25);
#4969 = AXIS2_PLACEMENT_3D('',#4970,#4971,#4972);
#4970 = CARTESIAN_POINT('',(525.,109.,238.));
#4971 = DIRECTION('',(0.,1.,0.));
#4972 = DIRECTION('',(0.,-0.,1.));
#4973 = PCURVE('',#1894,#4974);
#4974 = DEFINITIONAL_REPRESENTATION('',(#4975),#4979);
#4975 = LINE('',#4976,#4977);
#4976 = CARTESIAN_POINT('',(0.,4.5));
#4977 = VECTOR('',#4978,1.);
#4978 = DIRECTION('',(1.,0.));
#4979 = ( GEOMETRIC_REPRESENTATION_CONTEXT(2) 
PARAMETRIC_REPRESENTATION_CONTEXT() REPRESENTATION_CONTEXT('2D SPACE',''
  ) );
#4980 = PCURVE('',#2526,#4981);
#4981 = DEFINITIONAL_REPRESENTATION('',(#4982),#4986);
#4982 = CIRCLE('',#4983,1.25);
#4983 = AXIS2_PLACEMENT_2D('',#4984,#4985);
#4984 = CARTESIAN_POINT('',(64.,633.));
#4985 = DIRECTION('',(1.,0.));
#4986 = ( GEOMETRIC_REPRESENTATION_CONTEXT(2) 
PARAMETRIC_REPRESENTATION_CONTEXT() REPRESENTATION_CONTEXT('2D SPACE',''
  ) );
#4987 = ORIENTED_EDGE('',*,*,#4988,.F.);
#4988 = EDGE_CURVE('',#1878,#4965,#4989,.T.);
#4989 = SEAM_CURVE('',#4990,(#4994,#5001),.PCURVE_S1.);
#4990 = LINE('',#4991,#4992);
#4991 = CARTESIAN_POINT('',(525.,104.5,239.25));
#4992 = VECTOR('',#4993,1.);
#4993 = DIRECTION('',(0.,1.,0.));
#4994 = PCURVE('',#1894,#4995);
#4995 = DEFINITIONAL_REPRESENTATION('',(#4996),#5000);
#4996 = LINE('',#4997,#4998);
#4997 = CARTESIAN_POINT('',(6.28318530718,-0.));
#4998 = VECTOR('',#4999,1.);
#4999 = DIRECTION('',(0.,1.));
#5000 = ( GEOMETRIC_REPRESENTATION_CONTEXT(2) 
PARAMETRIC_REPRESENTATION_CONTEXT() REPRESENTATION_CONTEXT('2D SPACE',''
  ) );
#5001 = PCURVE('',#1894,#5002);
#5002 = DEFINITIONAL_REPRESENTATION('',(#5003),#5007);
#5003 = LINE('',#5004,#5005);
#5004 = CARTESIAN_POINT('',(0.,-0.));
#5005 = VECTOR('',#5006,1.);
#5006 = DIRECTION('',(0.,1.));
#5007 = ( GEOMETRIC_REPRESENTATION_CONTEXT(2) 
PARAMETRIC_REPRESENTATION_CONTEXT() REPRESENTATION_CONTEXT('2D SPACE',''
  ) );
#5008 = ORIENTED_EDGE('',*,*,#1877,.T.);
#5009 = ORIENTED_EDGE('',*,*,#4988,.T.);
#5010 = ADVANCED_FACE('',(#5011),#1974,.F.);
#5011 = FACE_BOUND('',#5012,.F.);
#5012 = EDGE_LOOP('',(#5013,#5014,#5037,#5064));
#5013 = ORIENTED_EDGE('',*,*,#1957,.F.);
#5014 = ORIENTED_EDGE('',*,*,#5015,.F.);
#5015 = EDGE_CURVE('',#5016,#1958,#5018,.T.);
#5016 = VERTEX_POINT('',#5017);
#5017 = CARTESIAN_POINT('',(-57.4,115.,242.));
#5018 = SEAM_CURVE('',#5019,(#5023,#5030),.PCURVE_S1.);
#5019 = LINE('',#5020,#5021);
#5020 = CARTESIAN_POINT('',(-57.4,115.,242.));
#5021 = VECTOR('',#5022,1.);
#5022 = DIRECTION('',(0.,0.,1.));
#5023 = PCURVE('',#1974,#5024);
#5024 = DEFINITIONAL_REPRESENTATION('',(#5025),#5029);
#5025 = LINE('',#5026,#5027);
#5026 = CARTESIAN_POINT('',(6.28318530718,-0.));
#5027 = VECTOR('',#5028,1.);
#5028 = DIRECTION('',(0.,1.));
#5029 = ( GEOMETRIC_REPRESENTATION_CONTEXT(2) 
PARAMETRIC_REPRESENTATION_CONTEXT() REPRESENTATION_CONTEXT('2D SPACE',''
  ) );
#5030 = PCURVE('',#1974,#5031);
#5031 = DEFINITIONAL_REPRESENTATION('',(#5032),#5036);
#5032 = LINE('',#5033,#5034);
#5033 = CARTESIAN_POINT('',(0.,-0.));
#5034 = VECTOR('',#5035,1.);
#5035 = DIRECTION('',(0.,1.));
#5036 = ( GEOMETRIC_REPRESENTATION_CONTEXT(2) 
PARAMETRIC_REPRESENTATION_CONTEXT() REPRESENTATION_CONTEXT('2D SPACE',''
  ) );
#5037 = ORIENTED_EDGE('',*,*,#5038,.T.);
#5038 = EDGE_CURVE('',#5016,#5016,#5039,.T.);
#5039 = SURFACE_CURVE('',#5040,(#5045,#5052),.PCURVE_S1.);
#5040 = CIRCLE('',#5041,2.1);
#5041 = AXIS2_PLACEMENT_3D('',#5042,#5043,#5044);
#5042 = CARTESIAN_POINT('',(-59.5,115.,242.));
#5043 = DIRECTION('',(0.,0.,1.));
#5044 = DIRECTION('',(1.,0.,-0.));
#5045 = PCURVE('',#1974,#5046);
#5046 = DEFINITIONAL_REPRESENTATION('',(#5047),#5051);
#5047 = LINE('',#5048,#5049);
#5048 = CARTESIAN_POINT('',(0.,0.));
#5049 = VECTOR('',#5050,1.);
#5050 = DIRECTION('',(1.,0.));
#5051 = ( GEOMETRIC_REPRESENTATION_CONTEXT(2) 
PARAMETRIC_REPRESENTATION_CONTEXT() REPRESENTATION_CONTEXT('2D SPACE',''
  ) );
#5052 = PCURVE('',#5053,#5058);
#5053 = PLANE('',#5054);
#5054 = AXIS2_PLACEMENT_3D('',#5055,#5056,#5057);
#5055 = CARTESIAN_POINT('',(-66.5,108.99,242.));
#5056 = DIRECTION('',(0.,0.,1.));
#5057 = DIRECTION('',(1.,0.,-0.));
#5058 = DEFINITIONAL_REPRESENTATION('',(#5059),#5063);
#5059 = CIRCLE('',#5060,2.1);
#5060 = AXIS2_PLACEMENT_2D('',#5061,#5062);
#5061 = CARTESIAN_POINT('',(7.,6.01));
#5062 = DIRECTION('',(1.,0.));
#5063 = ( GEOMETRIC_REPRESENTATION_CONTEXT(2) 
PARAMETRIC_REPRESENTATION_CONTEXT() REPRESENTATION_CONTEXT('2D SPACE',''
  ) );
#5064 = ORIENTED_EDGE('',*,*,#5015,.T.);
#5065 = ADVANCED_FACE('',(#5066),#2005,.F.);
#5066 = FACE_BOUND('',#5067,.F.);
#5067 = EDGE_LOOP('',(#5068,#5069,#5092,#5119));
#5068 = ORIENTED_EDGE('',*,*,#1988,.F.);
#5069 = ORIENTED_EDGE('',*,*,#5070,.F.);
#5070 = EDGE_CURVE('',#5071,#1989,#5073,.T.);
#5071 = VERTEX_POINT('',#5072);
#5072 = CARTESIAN_POINT('',(518.6,115.,242.));
#5073 = SEAM_CURVE('',#5074,(#5078,#5085),.PCURVE_S1.);
#5074 = LINE('',#5075,#5076);
#5075 = CARTESIAN_POINT('',(518.6,115.,242.));
#5076 = VECTOR('',#5077,1.);
#5077 = DIRECTION('',(0.,0.,1.));
#5078 = PCURVE('',#2005,#5079);
#5079 = DEFINITIONAL_REPRESENTATION('',(#5080),#5084);
#5080 = LINE('',#5081,#5082);
#5081 = CARTESIAN_POINT('',(6.28318530718,-0.));
#5082 = VECTOR('',#5083,1.);
#5083 = DIRECTION('',(0.,1.));
#5084 = ( GEOMETRIC_REPRESENTATION_CONTEXT(2) 
PARAMETRIC_REPRESENTATION_CONTEXT() REPRESENTATION_CONTEXT('2D SPACE',''
  ) );
#5085 = PCURVE('',#2005,#5086);
#5086 = DEFINITIONAL_REPRESENTATION('',(#5087),#5091);
#5087 = LINE('',#5088,#5089);
#5088 = CARTESIAN_POINT('',(0.,-0.));
#5089 = VECTOR('',#5090,1.);
#5090 = DIRECTION('',(0.,1.));
#5091 = ( GEOMETRIC_REPRESENTATION_CONTEXT(2) 
PARAMETRIC_REPRESENTATION_CONTEXT() REPRESENTATION_CONTEXT('2D SPACE',''
  ) );
#5092 = ORIENTED_EDGE('',*,*,#5093,.T.);
#5093 = EDGE_CURVE('',#5071,#5071,#5094,.T.);
#5094 = SURFACE_CURVE('',#5095,(#5100,#5107),.PCURVE_S1.);
#5095 = CIRCLE('',#5096,2.1);
#5096 = AXIS2_PLACEMENT_3D('',#5097,#5098,#5099);
#5097 = CARTESIAN_POINT('',(516.5,115.,242.));
#5098 = DIRECTION('',(0.,0.,1.));
#5099 = DIRECTION('',(1.,0.,-0.));
#5100 = PCURVE('',#2005,#5101);
#5101 = DEFINITIONAL_REPRESENTATION('',(#5102),#5106);
#5102 = LINE('',#5103,#5104);
#5103 = CARTESIAN_POINT('',(0.,0.));
#5104 = VECTOR('',#5105,1.);
#5105 = DIRECTION('',(1.,0.));
#5106 = ( GEOMETRIC_REPRESENTATION_CONTEXT(2) 
PARAMETRIC_REPRESENTATION_CONTEXT() REPRESENTATION_CONTEXT('2D SPACE',''
  ) );
#5107 = PCURVE('',#5108,#5113);
#5108 = PLANE('',#5109);
#5109 = AXIS2_PLACEMENT_3D('',#5110,#5111,#5112);
#5110 = CARTESIAN_POINT('',(484.5,108.99,242.));
#5111 = DIRECTION('',(0.,0.,1.));
#5112 = DIRECTION('',(1.,0.,-0.));
#5113 = DEFINITIONAL_REPRESENTATION('',(#5114),#5118);
#5114 = CIRCLE('',#5115,2.1);
#5115 = AXIS2_PLACEMENT_2D('',#5116,#5117);
#5116 = CARTESIAN_POINT('',(32.,6.01));
#5117 = DIRECTION('',(1.,0.));
#5118 = ( GEOMETRIC_REPRESENTATION_CONTEXT(2) 
PARAMETRIC_REPRESENTATION_CONTEXT() REPRESENTATION_CONTEXT('2D SPACE',''
  ) );
#5119 = ORIENTED_EDGE('',*,*,#5070,.T.);
#5120 = ADVANCED_FACE('',(#5121),#2036,.F.);
#5121 = FACE_BOUND('',#5122,.F.);
#5122 = EDGE_LOOP('',(#5123,#5124,#5147,#5169));
#5123 = ORIENTED_EDGE('',*,*,#2019,.F.);
#5124 = ORIENTED_EDGE('',*,*,#5125,.F.);
#5125 = EDGE_CURVE('',#5126,#2020,#5128,.T.);
#5126 = VERTEX_POINT('',#5127);
#5127 = CARTESIAN_POINT('',(-57.4,135.,242.));
#5128 = SEAM_CURVE('',#5129,(#5133,#5140),.PCURVE_S1.);
#5129 = LINE('',#5130,#5131);
#5130 = CARTESIAN_POINT('',(-57.4,135.,242.));
#5131 = VECTOR('',#5132,1.);
#5132 = DIRECTION('',(0.,0.,1.));
#5133 = PCURVE('',#2036,#5134);
#5134 = DEFINITIONAL_REPRESENTATION('',(#5135),#5139);
#5135 = LINE('',#5136,#5137);
#5136 = CARTESIAN_POINT('',(6.28318530718,-0.));
#5137 = VECTOR('',#5138,1.);
#5138 = DIRECTION('',(0.,1.));
#5139 = ( GEOMETRIC_REPRESENTATION_CONTEXT(2) 
PARAMETRIC_REPRESENTATION_CONTEXT() REPRESENTATION_CONTEXT('2D SPACE',''
  ) );
#5140 = PCURVE('',#2036,#5141);
#5141 = DEFINITIONAL_REPRESENTATION('',(#5142),#5146);
#5142 = LINE('',#5143,#5144);
#5143 = CARTESIAN_POINT('',(0.,-0.));
#5144 = VECTOR('',#5145,1.);
#5145 = DIRECTION('',(0.,1.));
#5146 = ( GEOMETRIC_REPRESENTATION_CONTEXT(2) 
PARAMETRIC_REPRESENTATION_CONTEXT() REPRESENTATION_CONTEXT('2D SPACE',''
  ) );
#5147 = ORIENTED_EDGE('',*,*,#5148,.T.);
#5148 = EDGE_CURVE('',#5126,#5126,#5149,.T.);
#5149 = SURFACE_CURVE('',#5150,(#5155,#5162),.PCURVE_S1.);
#5150 = CIRCLE('',#5151,2.1);
#5151 = AXIS2_PLACEMENT_3D('',#5152,#5153,#5154);
#5152 = CARTESIAN_POINT('',(-59.5,135.,242.));
#5153 = DIRECTION('',(0.,0.,1.));
#5154 = DIRECTION('',(1.,0.,-0.));
#5155 = PCURVE('',#2036,#5156);
#5156 = DEFINITIONAL_REPRESENTATION('',(#5157),#5161);
#5157 = LINE('',#5158,#5159);
#5158 = CARTESIAN_POINT('',(0.,0.));
#5159 = VECTOR('',#5160,1.);
#5160 = DIRECTION('',(1.,0.));
#5161 = ( GEOMETRIC_REPRESENTATION_CONTEXT(2) 
PARAMETRIC_REPRESENTATION_CONTEXT() REPRESENTATION_CONTEXT('2D SPACE',''
  ) );
#5162 = PCURVE('',#5053,#5163);
#5163 = DEFINITIONAL_REPRESENTATION('',(#5164),#5168);
#5164 = CIRCLE('',#5165,2.1);
#5165 = AXIS2_PLACEMENT_2D('',#5166,#5167);
#5166 = CARTESIAN_POINT('',(7.,26.01));
#5167 = DIRECTION('',(1.,0.));
#5168 = ( GEOMETRIC_REPRESENTATION_CONTEXT(2) 
PARAMETRIC_REPRESENTATION_CONTEXT() REPRESENTATION_CONTEXT('2D SPACE',''
  ) );
#5169 = ORIENTED_EDGE('',*,*,#5125,.T.);
#5170 = ADVANCED_FACE('',(#5171),#2067,.F.);
#5171 = FACE_BOUND('',#5172,.F.);
#5172 = EDGE_LOOP('',(#5173,#5174,#5197,#5219));
#5173 = ORIENTED_EDGE('',*,*,#2050,.F.);
#5174 = ORIENTED_EDGE('',*,*,#5175,.F.);
#5175 = EDGE_CURVE('',#5176,#2051,#5178,.T.);
#5176 = VERTEX_POINT('',#5177);
#5177 = CARTESIAN_POINT('',(518.6,135.,242.));
#5178 = SEAM_CURVE('',#5179,(#5183,#5190),.PCURVE_S1.);
#5179 = LINE('',#5180,#5181);
#5180 = CARTESIAN_POINT('',(518.6,135.,242.));
#5181 = VECTOR('',#5182,1.);
#5182 = DIRECTION('',(0.,0.,1.));
#5183 = PCURVE('',#2067,#5184);
#5184 = DEFINITIONAL_REPRESENTATION('',(#5185),#5189);
#5185 = LINE('',#5186,#5187);
#5186 = CARTESIAN_POINT('',(6.28318530718,-0.));
#5187 = VECTOR('',#5188,1.);
#5188 = DIRECTION('',(0.,1.));
#5189 = ( GEOMETRIC_REPRESENTATION_CONTEXT(2) 
PARAMETRIC_REPRESENTATION_CONTEXT() REPRESENTATION_CONTEXT('2D SPACE',''
  ) );
#5190 = PCURVE('',#2067,#5191);
#5191 = DEFINITIONAL_REPRESENTATION('',(#5192),#5196);
#5192 = LINE('',#5193,#5194);
#5193 = CARTESIAN_POINT('',(0.,-0.));
#5194 = VECTOR('',#5195,1.);
#5195 = DIRECTION('',(0.,1.));
#5196 = ( GEOMETRIC_REPRESENTATION_CONTEXT(2) 
PARAMETRIC_REPRESENTATION_CONTEXT() REPRESENTATION_CONTEXT('2D SPACE',''
  ) );
#5197 = ORIENTED_EDGE('',*,*,#5198,.T.);
#5198 = EDGE_CURVE('',#5176,#5176,#5199,.T.);
#5199 = SURFACE_CURVE('',#5200,(#5205,#5212),.PCURVE_S1.);
#5200 = CIRCLE('',#5201,2.1);
#5201 = AXIS2_PLACEMENT_3D('',#5202,#5203,#5204);
#5202 = CARTESIAN_POINT('',(516.5,135.,242.));
#5203 = DIRECTION('',(0.,0.,1.));
#5204 = DIRECTION('',(1.,0.,-0.));
#5205 = PCURVE('',#2067,#5206);
#5206 = DEFINITIONAL_REPRESENTATION('',(#5207),#5211);
#5207 = LINE('',#5208,#5209);
#5208 = CARTESIAN_POINT('',(0.,0.));
#5209 = VECTOR('',#5210,1.);
#5210 = DIRECTION('',(1.,0.));
#5211 = ( GEOMETRIC_REPRESENTATION_CONTEXT(2) 
PARAMETRIC_REPRESENTATION_CONTEXT() REPRESENTATION_CONTEXT('2D SPACE',''
  ) );
#5212 = PCURVE('',#5108,#5213);
#5213 = DEFINITIONAL_REPRESENTATION('',(#5214),#5218);
#5214 = CIRCLE('',#5215,2.1);
#5215 = AXIS2_PLACEMENT_2D('',#5216,#5217);
#5216 = CARTESIAN_POINT('',(32.,26.01));
#5217 = DIRECTION('',(1.,0.));
#5218 = ( GEOMETRIC_REPRESENTATION_CONTEXT(2) 
PARAMETRIC_REPRESENTATION_CONTEXT() REPRESENTATION_CONTEXT('2D SPACE',''
  ) );
#5219 = ORIENTED_EDGE('',*,*,#5175,.T.);
#5220 = ADVANCED_FACE('',(#5221,#5331),#2196,.T.);
#5221 = FACE_BOUND('',#5222,.T.);
#5222 = EDGE_LOOP('',(#5223,#5253,#5279,#5305));
#5223 = ORIENTED_EDGE('',*,*,#5224,.F.);
#5224 = EDGE_CURVE('',#5225,#5227,#5229,.T.);
#5225 = VERTEX_POINT('',#5226);
#5226 = CARTESIAN_POINT('',(-98.,128.,174.));
#5227 = VERTEX_POINT('',#5228);
#5228 = CARTESIAN_POINT('',(-98.,128.,191.));
#5229 = SURFACE_CURVE('',#5230,(#5234,#5241),.PCURVE_S1.);
#5230 = LINE('',#5231,#5232);
#5231 = CARTESIAN_POINT('',(-98.,128.,173.99));
#5232 = VECTOR('',#5233,1.);
#5233 = DIRECTION('',(0.,0.,1.));
#5234 = PCURVE('',#2196,#5235);
#5235 = DEFINITIONAL_REPRESENTATION('',(#5236),#5240);
#5236 = LINE('',#5237,#5238);
#5237 = CARTESIAN_POINT('',(0.,0.));
#5238 = VECTOR('',#5239,1.);
#5239 = DIRECTION('',(1.,0.));
#5240 = ( GEOMETRIC_REPRESENTATION_CONTEXT(2) 
PARAMETRIC_REPRESENTATION_CONTEXT() REPRESENTATION_CONTEXT('2D SPACE',''
  ) );
#5241 = PCURVE('',#5242,#5247);
#5242 = PLANE('',#5243);
#5243 = AXIS2_PLACEMENT_3D('',#5244,#5245,#5246);
#5244 = CARTESIAN_POINT('',(-110.,128.,173.99));
#5245 = DIRECTION('',(-0.,1.,0.));
#5246 = DIRECTION('',(0.,0.,1.));
#5247 = DEFINITIONAL_REPRESENTATION('',(#5248),#5252);
#5248 = LINE('',#5249,#5250);
#5249 = CARTESIAN_POINT('',(0.,12.));
#5250 = VECTOR('',#5251,1.);
#5251 = DIRECTION('',(1.,0.));
#5252 = ( GEOMETRIC_REPRESENTATION_CONTEXT(2) 
PARAMETRIC_REPRESENTATION_CONTEXT() REPRESENTATION_CONTEXT('2D SPACE',''
  ) );
#5253 = ORIENTED_EDGE('',*,*,#5254,.T.);
#5254 = EDGE_CURVE('',#5225,#5255,#5257,.T.);
#5255 = VERTEX_POINT('',#5256);
#5256 = CARTESIAN_POINT('',(-98.,143.,174.));
#5257 = SURFACE_CURVE('',#5258,(#5262,#5268),.PCURVE_S1.);
#5258 = LINE('',#5259,#5260);
#5259 = CARTESIAN_POINT('',(-98.,118.5,174.));
#5260 = VECTOR('',#5261,1.);
#5261 = DIRECTION('',(-0.,1.,0.));
#5262 = PCURVE('',#2196,#5263);
#5263 = DEFINITIONAL_REPRESENTATION('',(#5264),#5267);
#5264 = B_SPLINE_CURVE_WITH_KNOTS('',1,(#5265,#5266),.UNSPECIFIED.,.F.,
  .F.,(2,2),(9.5,24.5),.PIECEWISE_BEZIER_KNOTS.);
#5265 = CARTESIAN_POINT('',(9.999999999991E-03,0.));
#5266 = CARTESIAN_POINT('',(9.999999999991E-03,-15.));
#5267 = ( GEOMETRIC_REPRESENTATION_CONTEXT(2) 
PARAMETRIC_REPRESENTATION_CONTEXT() REPRESENTATION_CONTEXT('2D SPACE',''
  ) );
#5268 = PCURVE('',#5269,#5274);
#5269 = PLANE('',#5270);
#5270 = AXIS2_PLACEMENT_3D('',#5271,#5272,#5273);
#5271 = CARTESIAN_POINT('',(-108.,109.,174.));
#5272 = DIRECTION('',(0.,0.,1.));
#5273 = DIRECTION('',(1.,0.,0.));
#5274 = DEFINITIONAL_REPRESENTATION('',(#5275),#5278);
#5275 = B_SPLINE_CURVE_WITH_KNOTS('',1,(#5276,#5277),.UNSPECIFIED.,.F.,
  .F.,(2,2),(9.5,24.5),.PIECEWISE_BEZIER_KNOTS.);
#5276 = CARTESIAN_POINT('',(10.,19.));
#5277 = CARTESIAN_POINT('',(10.,34.));
#5278 = ( GEOMETRIC_REPRESENTATION_CONTEXT(2) 
PARAMETRIC_REPRESENTATION_CONTEXT() REPRESENTATION_CONTEXT('2D SPACE',''
  ) );
#5279 = ORIENTED_EDGE('',*,*,#5280,.F.);
#5280 = EDGE_CURVE('',#5281,#5255,#5283,.T.);
#5281 = VERTEX_POINT('',#5282);
#5282 = CARTESIAN_POINT('',(-98.,143.,191.));
#5283 = SURFACE_CURVE('',#5284,(#5288,#5294),.PCURVE_S1.);
#5284 = LINE('',#5285,#5286);
#5285 = CARTESIAN_POINT('',(-98.,143.,173.995));
#5286 = VECTOR('',#5287,1.);
#5287 = DIRECTION('',(-0.,0.,-1.));
#5288 = PCURVE('',#2196,#5289);
#5289 = DEFINITIONAL_REPRESENTATION('',(#5290),#5293);
#5290 = B_SPLINE_CURVE_WITH_KNOTS('',1,(#5291,#5292),.UNSPECIFIED.,.F.,
  .F.,(2,2),(-17.005,-4.999999999995E-03),.PIECEWISE_BEZIER_KNOTS.);
#5291 = CARTESIAN_POINT('',(17.01,-15.));
#5292 = CARTESIAN_POINT('',(9.999999999991E-03,-15.));
#5293 = ( GEOMETRIC_REPRESENTATION_CONTEXT(2) 
PARAMETRIC_REPRESENTATION_CONTEXT() REPRESENTATION_CONTEXT('2D SPACE',''
  ) );
#5294 = PCURVE('',#5295,#5300);
#5295 = PLANE('',#5296);
#5296 = AXIS2_PLACEMENT_3D('',#5297,#5298,#5299);
#5297 = CARTESIAN_POINT('',(-108.,143.,174.));
#5298 = DIRECTION('',(0.,1.,0.));
#5299 = DIRECTION('',(0.,0.,1.));
#5300 = DEFINITIONAL_REPRESENTATION('',(#5301),#5304);
#5301 = B_SPLINE_CURVE_WITH_KNOTS('',1,(#5302,#5303),.UNSPECIFIED.,.F.,
  .F.,(2,2),(-17.005,-4.999999999995E-03),.PIECEWISE_BEZIER_KNOTS.);
#5302 = CARTESIAN_POINT('',(17.,10.));
#5303 = CARTESIAN_POINT('',(0.,10.));
#5304 = ( GEOMETRIC_REPRESENTATION_CONTEXT(2) 
PARAMETRIC_REPRESENTATION_CONTEXT() REPRESENTATION_CONTEXT('2D SPACE',''
  ) );
#5305 = ORIENTED_EDGE('',*,*,#5306,.F.);
#5306 = EDGE_CURVE('',#5227,#5281,#5307,.T.);
#5307 = SURFACE_CURVE('',#5308,(#5312,#5319),.PCURVE_S1.);
#5308 = LINE('',#5309,#5310);
#5309 = CARTESIAN_POINT('',(-98.,128.,191.));
#5310 = VECTOR('',#5311,1.);
#5311 = DIRECTION('',(-0.,1.,0.));
#5312 = PCURVE('',#2196,#5313);
#5313 = DEFINITIONAL_REPRESENTATION('',(#5314),#5318);
#5314 = LINE('',#5315,#5316);
#5315 = CARTESIAN_POINT('',(17.01,0.));
#5316 = VECTOR('',#5317,1.);
#5317 = DIRECTION('',(0.,-1.));
#5318 = ( GEOMETRIC_REPRESENTATION_CONTEXT(2) 
PARAMETRIC_REPRESENTATION_CONTEXT() REPRESENTATION_CONTEXT('2D SPACE',''
  ) );
#5319 = PCURVE('',#5320,#5325);
#5320 = PLANE('',#5321);
#5321 = AXIS2_PLACEMENT_3D('',#5322,#5323,#5324);
#5322 = CARTESIAN_POINT('',(-110.,128.,191.));
#5323 = DIRECTION('',(0.,0.,1.));
#5324 = DIRECTION('',(1.,0.,-0.));
#5325 = DEFINITIONAL_REPRESENTATION('',(#5326),#5330);
#5326 = LINE('',#5327,#5328);
#5327 = CARTESIAN_POINT('',(12.,0.));
#5328 = VECTOR('',#5329,1.);
#5329 = DIRECTION('',(0.,1.));
#5330 = ( GEOMETRIC_REPRESENTATION_CONTEXT(2) 
PARAMETRIC_REPRESENTATION_CONTEXT() REPRESENTATION_CONTEXT('2D SPACE',''
  ) );
#5331 = FACE_BOUND('',#5332,.T.);
#5332 = EDGE_LOOP('',(#5333));
#5333 = ORIENTED_EDGE('',*,*,#2181,.F.);
#5334 = ADVANCED_FACE('',(#5335,#5440),#2251,.T.);
#5335 = FACE_BOUND('',#5336,.T.);
#5336 = EDGE_LOOP('',(#5337,#5367,#5395,#5416));
#5337 = ORIENTED_EDGE('',*,*,#5338,.F.);
#5338 = EDGE_CURVE('',#5339,#5341,#5343,.T.);
#5339 = VERTEX_POINT('',#5340);
#5340 = CARTESIAN_POINT('',(-98.,128.,233.));
#5341 = VERTEX_POINT('',#5342);
#5342 = CARTESIAN_POINT('',(-98.,128.,250.));
#5343 = SURFACE_CURVE('',#5344,(#5348,#5355),.PCURVE_S1.);
#5344 = LINE('',#5345,#5346);
#5345 = CARTESIAN_POINT('',(-98.,128.,233.));
#5346 = VECTOR('',#5347,1.);
#5347 = DIRECTION('',(0.,0.,1.));
#5348 = PCURVE('',#2251,#5349);
#5349 = DEFINITIONAL_REPRESENTATION('',(#5350),#5354);
#5350 = LINE('',#5351,#5352);
#5351 = CARTESIAN_POINT('',(0.,0.));
#5352 = VECTOR('',#5353,1.);
#5353 = DIRECTION('',(1.,0.));
#5354 = ( GEOMETRIC_REPRESENTATION_CONTEXT(2) 
PARAMETRIC_REPRESENTATION_CONTEXT() REPRESENTATION_CONTEXT('2D SPACE',''
  ) );
#5355 = PCURVE('',#5356,#5361);
#5356 = PLANE('',#5357);
#5357 = AXIS2_PLACEMENT_3D('',#5358,#5359,#5360);
#5358 = CARTESIAN_POINT('',(-110.,128.,233.));
#5359 = DIRECTION('',(-0.,1.,0.));
#5360 = DIRECTION('',(0.,0.,1.));
#5361 = DEFINITIONAL_REPRESENTATION('',(#5362),#5366);
#5362 = LINE('',#5363,#5364);
#5363 = CARTESIAN_POINT('',(0.,12.));
#5364 = VECTOR('',#5365,1.);
#5365 = DIRECTION('',(1.,0.));
#5366 = ( GEOMETRIC_REPRESENTATION_CONTEXT(2) 
PARAMETRIC_REPRESENTATION_CONTEXT() REPRESENTATION_CONTEXT('2D SPACE',''
  ) );
#5367 = ORIENTED_EDGE('',*,*,#5368,.T.);
#5368 = EDGE_CURVE('',#5339,#5369,#5371,.T.);
#5369 = VERTEX_POINT('',#5370);
#5370 = CARTESIAN_POINT('',(-98.,143.,233.));
#5371 = SURFACE_CURVE('',#5372,(#5376,#5383),.PCURVE_S1.);
#5372 = LINE('',#5373,#5374);
#5373 = CARTESIAN_POINT('',(-98.,128.,233.));
#5374 = VECTOR('',#5375,1.);
#5375 = DIRECTION('',(-0.,1.,0.));
#5376 = PCURVE('',#2251,#5377);
#5377 = DEFINITIONAL_REPRESENTATION('',(#5378),#5382);
#5378 = LINE('',#5379,#5380);
#5379 = CARTESIAN_POINT('',(0.,0.));
#5380 = VECTOR('',#5381,1.);
#5381 = DIRECTION('',(0.,-1.));
#5382 = ( GEOMETRIC_REPRESENTATION_CONTEXT(2) 
PARAMETRIC_REPRESENTATION_CONTEXT() REPRESENTATION_CONTEXT('2D SPACE',''
  ) );
#5383 = PCURVE('',#5384,#5389);
#5384 = PLANE('',#5385);
#5385 = AXIS2_PLACEMENT_3D('',#5386,#5387,#5388);
#5386 = CARTESIAN_POINT('',(-110.,128.,233.));
#5387 = DIRECTION('',(0.,0.,1.));
#5388 = DIRECTION('',(1.,0.,-0.));
#5389 = DEFINITIONAL_REPRESENTATION('',(#5390),#5394);
#5390 = LINE('',#5391,#5392);
#5391 = CARTESIAN_POINT('',(12.,0.));
#5392 = VECTOR('',#5393,1.);
#5393 = DIRECTION('',(0.,1.));
#5394 = ( GEOMETRIC_REPRESENTATION_CONTEXT(2) 
PARAMETRIC_REPRESENTATION_CONTEXT() REPRESENTATION_CONTEXT('2D SPACE',''
  ) );
#5395 = ORIENTED_EDGE('',*,*,#5396,.F.);
#5396 = EDGE_CURVE('',#5397,#5369,#5399,.T.);
#5397 = VERTEX_POINT('',#5398);
#5398 = CARTESIAN_POINT('',(-98.,143.,250.));
#5399 = SURFACE_CURVE('',#5400,(#5404,#5410),.PCURVE_S1.);
#5400 = LINE('',#5401,#5402);
#5401 = CARTESIAN_POINT('',(-98.,143.,203.5));
#5402 = VECTOR('',#5403,1.);
#5403 = DIRECTION('',(-0.,0.,-1.));
#5404 = PCURVE('',#2251,#5405);
#5405 = DEFINITIONAL_REPRESENTATION('',(#5406),#5409);
#5406 = B_SPLINE_CURVE_WITH_KNOTS('',1,(#5407,#5408),.UNSPECIFIED.,.F.,
  .F.,(2,2),(-46.5,-29.5),.PIECEWISE_BEZIER_KNOTS.);
#5407 = CARTESIAN_POINT('',(17.,-15.));
#5408 = CARTESIAN_POINT('',(0.,-15.));
#5409 = ( GEOMETRIC_REPRESENTATION_CONTEXT(2) 
PARAMETRIC_REPRESENTATION_CONTEXT() REPRESENTATION_CONTEXT('2D SPACE',''
  ) );
#5410 = PCURVE('',#5295,#5411);
#5411 = DEFINITIONAL_REPRESENTATION('',(#5412),#5415);
#5412 = B_SPLINE_CURVE_WITH_KNOTS('',1,(#5413,#5414),.UNSPECIFIED.,.F.,
  .F.,(2,2),(-46.5,-29.5),.PIECEWISE_BEZIER_KNOTS.);
#5413 = CARTESIAN_POINT('',(76.,10.));
#5414 = CARTESIAN_POINT('',(59.,10.));
#5415 = ( GEOMETRIC_REPRESENTATION_CONTEXT(2) 
PARAMETRIC_REPRESENTATION_CONTEXT() REPRESENTATION_CONTEXT('2D SPACE',''
  ) );
#5416 = ORIENTED_EDGE('',*,*,#5417,.F.);
#5417 = EDGE_CURVE('',#5341,#5397,#5418,.T.);
#5418 = SURFACE_CURVE('',#5419,(#5423,#5429),.PCURVE_S1.);
#5419 = LINE('',#5420,#5421);
#5420 = CARTESIAN_POINT('',(-98.,118.5,250.));
#5421 = VECTOR('',#5422,1.);
#5422 = DIRECTION('',(-0.,1.,0.));
#5423 = PCURVE('',#2251,#5424);
#5424 = DEFINITIONAL_REPRESENTATION('',(#5425),#5428);
#5425 = B_SPLINE_CURVE_WITH_KNOTS('',1,(#5426,#5427),.UNSPECIFIED.,.F.,
  .F.,(2,2),(9.5,24.5),.PIECEWISE_BEZIER_KNOTS.);
#5426 = CARTESIAN_POINT('',(17.,0.));
#5427 = CARTESIAN_POINT('',(17.,-15.));
#5428 = ( GEOMETRIC_REPRESENTATION_CONTEXT(2) 
PARAMETRIC_REPRESENTATION_CONTEXT() REPRESENTATION_CONTEXT('2D SPACE',''
  ) );
#5429 = PCURVE('',#5430,#5435);
#5430 = PLANE('',#5431);
#5431 = AXIS2_PLACEMENT_3D('',#5432,#5433,#5434);
#5432 = CARTESIAN_POINT('',(-108.,109.,250.));
#5433 = DIRECTION('',(0.,0.,1.));
#5434 = DIRECTION('',(1.,0.,0.));
#5435 = DEFINITIONAL_REPRESENTATION('',(#5436),#5439);
#5436 = B_SPLINE_CURVE_WITH_KNOTS('',1,(#5437,#5438),.UNSPECIFIED.,.F.,
  .F.,(2,2),(9.5,24.5),.PIECEWISE_BEZIER_KNOTS.);
#5437 = CARTESIAN_POINT('',(10.,19.));
#5438 = CARTESIAN_POINT('',(10.,34.));
#5439 = ( GEOMETRIC_REPRESENTATION_CONTEXT(2) 
PARAMETRIC_REPRESENTATION_CONTEXT() REPRESENTATION_CONTEXT('2D SPACE',''
  ) );
#5440 = FACE_BOUND('',#5441,.T.);
#5441 = EDGE_LOOP('',(#5442));
#5442 = ORIENTED_EDGE('',*,*,#2236,.F.);
#5443 = ADVANCED_FACE('',(#5444,#5544),#2306,.T.);
#5444 = FACE_BOUND('',#5445,.T.);
#5445 = EDGE_LOOP('',(#5446,#5476,#5497,#5518));
#5446 = ORIENTED_EDGE('',*,*,#5447,.F.);
#5447 = EDGE_CURVE('',#5448,#5450,#5452,.T.);
#5448 = VERTEX_POINT('',#5449);
#5449 = CARTESIAN_POINT('',(-98.,109.,191.));
#5450 = VERTEX_POINT('',#5451);
#5451 = CARTESIAN_POINT('',(-98.,122.,191.));
#5452 = SURFACE_CURVE('',#5453,(#5457,#5464),.PCURVE_S1.);
#5453 = LINE('',#5454,#5455);
#5454 = CARTESIAN_POINT('',(-98.,108.99,191.));
#5455 = VECTOR('',#5456,1.);
#5456 = DIRECTION('',(-0.,1.,0.));
#5457 = PCURVE('',#2306,#5458);
#5458 = DEFINITIONAL_REPRESENTATION('',(#5459),#5463);
#5459 = LINE('',#5460,#5461);
#5460 = CARTESIAN_POINT('',(17.01,0.));
#5461 = VECTOR('',#5462,1.);
#5462 = DIRECTION('',(0.,-1.));
#5463 = ( GEOMETRIC_REPRESENTATION_CONTEXT(2) 
PARAMETRIC_REPRESENTATION_CONTEXT() REPRESENTATION_CONTEXT('2D SPACE',''
  ) );
#5464 = PCURVE('',#5465,#5470);
#5465 = PLANE('',#5466);
#5466 = AXIS2_PLACEMENT_3D('',#5467,#5468,#5469);
#5467 = CARTESIAN_POINT('',(-110.,108.99,191.));
#5468 = DIRECTION('',(0.,0.,1.));
#5469 = DIRECTION('',(1.,0.,-0.));
#5470 = DEFINITIONAL_REPRESENTATION('',(#5471),#5475);
#5471 = LINE('',#5472,#5473);
#5472 = CARTESIAN_POINT('',(12.,0.));
#5473 = VECTOR('',#5474,1.);
#5474 = DIRECTION('',(0.,1.));
#5475 = ( GEOMETRIC_REPRESENTATION_CONTEXT(2) 
PARAMETRIC_REPRESENTATION_CONTEXT() REPRESENTATION_CONTEXT('2D SPACE',''
  ) );
#5476 = ORIENTED_EDGE('',*,*,#5477,.T.);
#5477 = EDGE_CURVE('',#5448,#5478,#5480,.T.);
#5478 = VERTEX_POINT('',#5479);
#5479 = CARTESIAN_POINT('',(-98.,109.,174.));
#5480 = SURFACE_CURVE('',#5481,(#5485,#5491),.PCURVE_S1.);
#5481 = LINE('',#5482,#5483);
#5482 = CARTESIAN_POINT('',(-98.,109.,173.995));
#5483 = VECTOR('',#5484,1.);
#5484 = DIRECTION('',(-0.,0.,-1.));
#5485 = PCURVE('',#2306,#5486);
#5486 = DEFINITIONAL_REPRESENTATION('',(#5487),#5490);
#5487 = B_SPLINE_CURVE_WITH_KNOTS('',1,(#5488,#5489),.UNSPECIFIED.,.F.,
  .F.,(2,2),(-17.005,-4.999999999995E-03),.PIECEWISE_BEZIER_KNOTS.);
#5488 = CARTESIAN_POINT('',(17.01,-1.000000000001E-02));
#5489 = CARTESIAN_POINT('',(9.999999999991E-03,-1.000000000001E-02));
#5490 = ( GEOMETRIC_REPRESENTATION_CONTEXT(2) 
PARAMETRIC_REPRESENTATION_CONTEXT() REPRESENTATION_CONTEXT('2D SPACE',''
  ) );
#5491 = PCURVE('',#2526,#5492);
#5492 = DEFINITIONAL_REPRESENTATION('',(#5493),#5496);
#5493 = B_SPLINE_CURVE_WITH_KNOTS('',1,(#5494,#5495),.UNSPECIFIED.,.F.,
  .F.,(2,2),(-17.005,-4.999999999995E-03),.PIECEWISE_BEZIER_KNOTS.);
#5494 = CARTESIAN_POINT('',(17.,10.));
#5495 = CARTESIAN_POINT('',(0.,10.));
#5496 = ( GEOMETRIC_REPRESENTATION_CONTEXT(2) 
PARAMETRIC_REPRESENTATION_CONTEXT() REPRESENTATION_CONTEXT('2D SPACE',''
  ) );
#5497 = ORIENTED_EDGE('',*,*,#5498,.T.);
#5498 = EDGE_CURVE('',#5478,#5499,#5501,.T.);
#5499 = VERTEX_POINT('',#5500);
#5500 = CARTESIAN_POINT('',(-98.,122.,174.));
#5501 = SURFACE_CURVE('',#5502,(#5506,#5512),.PCURVE_S1.);
#5502 = LINE('',#5503,#5504);
#5503 = CARTESIAN_POINT('',(-98.,108.995,174.));
#5504 = VECTOR('',#5505,1.);
#5505 = DIRECTION('',(-0.,1.,0.));
#5506 = PCURVE('',#2306,#5507);
#5507 = DEFINITIONAL_REPRESENTATION('',(#5508),#5511);
#5508 = B_SPLINE_CURVE_WITH_KNOTS('',1,(#5509,#5510),.UNSPECIFIED.,.F.,
  .F.,(2,2),(4.999999999995E-03,13.005),.PIECEWISE_BEZIER_KNOTS.);
#5509 = CARTESIAN_POINT('',(9.999999999991E-03,-1.000000000001E-02));
#5510 = CARTESIAN_POINT('',(9.999999999991E-03,-13.01));
#5511 = ( GEOMETRIC_REPRESENTATION_CONTEXT(2) 
PARAMETRIC_REPRESENTATION_CONTEXT() REPRESENTATION_CONTEXT('2D SPACE',''
  ) );
#5512 = PCURVE('',#5269,#5513);
#5513 = DEFINITIONAL_REPRESENTATION('',(#5514),#5517);
#5514 = B_SPLINE_CURVE_WITH_KNOTS('',1,(#5515,#5516),.UNSPECIFIED.,.F.,
  .F.,(2,2),(4.999999999995E-03,13.005),.PIECEWISE_BEZIER_KNOTS.);
#5515 = CARTESIAN_POINT('',(10.,0.));
#5516 = CARTESIAN_POINT('',(10.,13.));
#5517 = ( GEOMETRIC_REPRESENTATION_CONTEXT(2) 
PARAMETRIC_REPRESENTATION_CONTEXT() REPRESENTATION_CONTEXT('2D SPACE',''
  ) );
#5518 = ORIENTED_EDGE('',*,*,#5519,.T.);
#5519 = EDGE_CURVE('',#5499,#5450,#5520,.T.);
#5520 = SURFACE_CURVE('',#5521,(#5525,#5532),.PCURVE_S1.);
#5521 = LINE('',#5522,#5523);
#5522 = CARTESIAN_POINT('',(-98.,122.,173.99));
#5523 = VECTOR('',#5524,1.);
#5524 = DIRECTION('',(0.,0.,1.));
#5525 = PCURVE('',#2306,#5526);
#5526 = DEFINITIONAL_REPRESENTATION('',(#5527),#5531);
#5527 = LINE('',#5528,#5529);
#5528 = CARTESIAN_POINT('',(0.,-13.01));
#5529 = VECTOR('',#5530,1.);
#5530 = DIRECTION('',(1.,0.));
#5531 = ( GEOMETRIC_REPRESENTATION_CONTEXT(2) 
PARAMETRIC_REPRESENTATION_CONTEXT() REPRESENTATION_CONTEXT('2D SPACE',''
  ) );
#5532 = PCURVE('',#5533,#5538);
#5533 = PLANE('',#5534);
#5534 = AXIS2_PLACEMENT_3D('',#5535,#5536,#5537);
#5535 = CARTESIAN_POINT('',(-110.,122.,173.99));
#5536 = DIRECTION('',(-0.,1.,0.));
#5537 = DIRECTION('',(0.,0.,1.));
#5538 = DEFINITIONAL_REPRESENTATION('',(#5539),#5543);
#5539 = LINE('',#5540,#5541);
#5540 = CARTESIAN_POINT('',(0.,12.));
#5541 = VECTOR('',#5542,1.);
#5542 = DIRECTION('',(1.,0.));
#5543 = ( GEOMETRIC_REPRESENTATION_CONTEXT(2) 
PARAMETRIC_REPRESENTATION_CONTEXT() REPRESENTATION_CONTEXT('2D SPACE',''
  ) );
#5544 = FACE_BOUND('',#5545,.T.);
#5545 = EDGE_LOOP('',(#5546));
#5546 = ORIENTED_EDGE('',*,*,#2291,.F.);
#5547 = ADVANCED_FACE('',(#5548,#5648),#2361,.T.);
#5548 = FACE_BOUND('',#5549,.T.);
#5549 = EDGE_LOOP('',(#5550,#5573,#5601,#5629));
#5550 = ORIENTED_EDGE('',*,*,#5551,.T.);
#5551 = EDGE_CURVE('',#5552,#5554,#5556,.T.);
#5552 = VERTEX_POINT('',#5553);
#5553 = CARTESIAN_POINT('',(-98.,109.,250.));
#5554 = VERTEX_POINT('',#5555);
#5555 = CARTESIAN_POINT('',(-98.,109.,233.));
#5556 = SURFACE_CURVE('',#5557,(#5561,#5567),.PCURVE_S1.);
#5557 = LINE('',#5558,#5559);
#5558 = CARTESIAN_POINT('',(-98.,109.,203.5));
#5559 = VECTOR('',#5560,1.);
#5560 = DIRECTION('',(-0.,0.,-1.));
#5561 = PCURVE('',#2361,#5562);
#5562 = DEFINITIONAL_REPRESENTATION('',(#5563),#5566);
#5563 = B_SPLINE_CURVE_WITH_KNOTS('',1,(#5564,#5565),.UNSPECIFIED.,.F.,
  .F.,(2,2),(-46.5,-29.5),.PIECEWISE_BEZIER_KNOTS.);
#5564 = CARTESIAN_POINT('',(17.,-1.000000000001E-02));
#5565 = CARTESIAN_POINT('',(0.,-1.000000000001E-02));
#5566 = ( GEOMETRIC_REPRESENTATION_CONTEXT(2) 
PARAMETRIC_REPRESENTATION_CONTEXT() REPRESENTATION_CONTEXT('2D SPACE',''
  ) );
#5567 = PCURVE('',#2526,#5568);
#5568 = DEFINITIONAL_REPRESENTATION('',(#5569),#5572);
#5569 = B_SPLINE_CURVE_WITH_KNOTS('',1,(#5570,#5571),.UNSPECIFIED.,.F.,
  .F.,(2,2),(-46.5,-29.5),.PIECEWISE_BEZIER_KNOTS.);
#5570 = CARTESIAN_POINT('',(76.,10.));
#5571 = CARTESIAN_POINT('',(59.,10.));
#5572 = ( GEOMETRIC_REPRESENTATION_CONTEXT(2) 
PARAMETRIC_REPRESENTATION_CONTEXT() REPRESENTATION_CONTEXT('2D SPACE',''
  ) );
#5573 = ORIENTED_EDGE('',*,*,#5574,.T.);
#5574 = EDGE_CURVE('',#5554,#5575,#5577,.T.);
#5575 = VERTEX_POINT('',#5576);
#5576 = CARTESIAN_POINT('',(-98.,122.,233.));
#5577 = SURFACE_CURVE('',#5578,(#5582,#5589),.PCURVE_S1.);
#5578 = LINE('',#5579,#5580);
#5579 = CARTESIAN_POINT('',(-98.,108.99,233.));
#5580 = VECTOR('',#5581,1.);
#5581 = DIRECTION('',(-0.,1.,0.));
#5582 = PCURVE('',#2361,#5583);
#5583 = DEFINITIONAL_REPRESENTATION('',(#5584),#5588);
#5584 = LINE('',#5585,#5586);
#5585 = CARTESIAN_POINT('',(0.,0.));
#5586 = VECTOR('',#5587,1.);
#5587 = DIRECTION('',(0.,-1.));
#5588 = ( GEOMETRIC_REPRESENTATION_CONTEXT(2) 
PARAMETRIC_REPRESENTATION_CONTEXT() REPRESENTATION_CONTEXT('2D SPACE',''
  ) );
#5589 = PCURVE('',#5590,#5595);
#5590 = PLANE('',#5591);
#5591 = AXIS2_PLACEMENT_3D('',#5592,#5593,#5594);
#5592 = CARTESIAN_POINT('',(-110.,108.99,233.));
#5593 = DIRECTION('',(0.,0.,1.));
#5594 = DIRECTION('',(1.,0.,-0.));
#5595 = DEFINITIONAL_REPRESENTATION('',(#5596),#5600);
#5596 = LINE('',#5597,#5598);
#5597 = CARTESIAN_POINT('',(12.,0.));
#5598 = VECTOR('',#5599,1.);
#5599 = DIRECTION('',(0.,1.));
#5600 = ( GEOMETRIC_REPRESENTATION_CONTEXT(2) 
PARAMETRIC_REPRESENTATION_CONTEXT() REPRESENTATION_CONTEXT('2D SPACE',''
  ) );
#5601 = ORIENTED_EDGE('',*,*,#5602,.T.);
#5602 = EDGE_CURVE('',#5575,#5603,#5605,.T.);
#5603 = VERTEX_POINT('',#5604);
#5604 = CARTESIAN_POINT('',(-98.,122.,250.));
#5605 = SURFACE_CURVE('',#5606,(#5610,#5617),.PCURVE_S1.);
#5606 = LINE('',#5607,#5608);
#5607 = CARTESIAN_POINT('',(-98.,122.,233.));
#5608 = VECTOR('',#5609,1.);
#5609 = DIRECTION('',(0.,0.,1.));
#5610 = PCURVE('',#2361,#5611);
#5611 = DEFINITIONAL_REPRESENTATION('',(#5612),#5616);
#5612 = LINE('',#5613,#5614);
#5613 = CARTESIAN_POINT('',(0.,-13.01));
#5614 = VECTOR('',#5615,1.);
#5615 = DIRECTION('',(1.,0.));
#5616 = ( GEOMETRIC_REPRESENTATION_CONTEXT(2) 
PARAMETRIC_REPRESENTATION_CONTEXT() REPRESENTATION_CONTEXT('2D SPACE',''
  ) );
#5617 = PCURVE('',#5618,#5623);
#5618 = PLANE('',#5619);
#5619 = AXIS2_PLACEMENT_3D('',#5620,#5621,#5622);
#5620 = CARTESIAN_POINT('',(-110.,122.,233.));
#5621 = DIRECTION('',(-0.,1.,0.));
#5622 = DIRECTION('',(0.,0.,1.));
#5623 = DEFINITIONAL_REPRESENTATION('',(#5624),#5628);
#5624 = LINE('',#5625,#5626);
#5625 = CARTESIAN_POINT('',(0.,12.));
#5626 = VECTOR('',#5627,1.);
#5627 = DIRECTION('',(1.,0.));
#5628 = ( GEOMETRIC_REPRESENTATION_CONTEXT(2) 
PARAMETRIC_REPRESENTATION_CONTEXT() REPRESENTATION_CONTEXT('2D SPACE',''
  ) );
#5629 = ORIENTED_EDGE('',*,*,#5630,.F.);
#5630 = EDGE_CURVE('',#5552,#5603,#5631,.T.);
#5631 = SURFACE_CURVE('',#5632,(#5636,#5642),.PCURVE_S1.);
#5632 = LINE('',#5633,#5634);
#5633 = CARTESIAN_POINT('',(-98.,108.995,250.));
#5634 = VECTOR('',#5635,1.);
#5635 = DIRECTION('',(-0.,1.,0.));
#5636 = PCURVE('',#2361,#5637);
#5637 = DEFINITIONAL_REPRESENTATION('',(#5638),#5641);
#5638 = B_SPLINE_CURVE_WITH_KNOTS('',1,(#5639,#5640),.UNSPECIFIED.,.F.,
  .F.,(2,2),(4.999999999995E-03,13.005),.PIECEWISE_BEZIER_KNOTS.);
#5639 = CARTESIAN_POINT('',(17.,-1.000000000001E-02));
#5640 = CARTESIAN_POINT('',(17.,-13.01));
#5641 = ( GEOMETRIC_REPRESENTATION_CONTEXT(2) 
PARAMETRIC_REPRESENTATION_CONTEXT() REPRESENTATION_CONTEXT('2D SPACE',''
  ) );
#5642 = PCURVE('',#5430,#5643);
#5643 = DEFINITIONAL_REPRESENTATION('',(#5644),#5647);
#5644 = B_SPLINE_CURVE_WITH_KNOTS('',1,(#5645,#5646),.UNSPECIFIED.,.F.,
  .F.,(2,2),(4.999999999995E-03,13.005),.PIECEWISE_BEZIER_KNOTS.);
#5645 = CARTESIAN_POINT('',(10.,0.));
#5646 = CARTESIAN_POINT('',(10.,13.));
#5647 = ( GEOMETRIC_REPRESENTATION_CONTEXT(2) 
PARAMETRIC_REPRESENTATION_CONTEXT() REPRESENTATION_CONTEXT('2D SPACE',''
  ) );
#5648 = FACE_BOUND('',#5649,.T.);
#5649 = EDGE_LOOP('',(#5650));
#5650 = ORIENTED_EDGE('',*,*,#2346,.F.);
#5651 = ADVANCED_FACE('',(#5652),#2401,.F.);
#5652 = FACE_BOUND('',#5653,.F.);
#5653 = EDGE_LOOP('',(#5654,#5655,#5678,#5705));
#5654 = ORIENTED_EDGE('',*,*,#2384,.F.);
#5655 = ORIENTED_EDGE('',*,*,#5656,.F.);
#5656 = EDGE_CURVE('',#5657,#2385,#5659,.T.);
#5657 = VERTEX_POINT('',#5658);
#5658 = CARTESIAN_POINT('',(538.,135.,186.5));
#5659 = SEAM_CURVE('',#5660,(#5664,#5671),.PCURVE_S1.);
#5660 = LINE('',#5661,#5662);
#5661 = CARTESIAN_POINT('',(538.,135.,186.5));
#5662 = VECTOR('',#5663,1.);
#5663 = DIRECTION('',(1.,0.,0.));
#5664 = PCURVE('',#2401,#5665);
#5665 = DEFINITIONAL_REPRESENTATION('',(#5666),#5670);
#5666 = LINE('',#5667,#5668);
#5667 = CARTESIAN_POINT('',(6.28318530718,-0.));
#5668 = VECTOR('',#5669,1.);
#5669 = DIRECTION('',(0.,1.));
#5670 = ( GEOMETRIC_REPRESENTATION_CONTEXT(2) 
PARAMETRIC_REPRESENTATION_CONTEXT() REPRESENTATION_CONTEXT('2D SPACE',''
  ) );
#5671 = PCURVE('',#2401,#5672);
#5672 = DEFINITIONAL_REPRESENTATION('',(#5673),#5677);
#5673 = LINE('',#5674,#5675);
#5674 = CARTESIAN_POINT('',(0.,-0.));
#5675 = VECTOR('',#5676,1.);
#5676 = DIRECTION('',(0.,1.));
#5677 = ( GEOMETRIC_REPRESENTATION_CONTEXT(2) 
PARAMETRIC_REPRESENTATION_CONTEXT() REPRESENTATION_CONTEXT('2D SPACE',''
  ) );
#5678 = ORIENTED_EDGE('',*,*,#5679,.T.);
#5679 = EDGE_CURVE('',#5657,#5657,#5680,.T.);
#5680 = SURFACE_CURVE('',#5681,(#5686,#5693),.PCURVE_S1.);
#5681 = CIRCLE('',#5682,2.5);
#5682 = AXIS2_PLACEMENT_3D('',#5683,#5684,#5685);
#5683 = CARTESIAN_POINT('',(538.,135.,184.));
#5684 = DIRECTION('',(1.,0.,0.));
#5685 = DIRECTION('',(-0.,0.,1.));
#5686 = PCURVE('',#2401,#5687);
#5687 = DEFINITIONAL_REPRESENTATION('',(#5688),#5692);
#5688 = LINE('',#5689,#5690);
#5689 = CARTESIAN_POINT('',(0.,0.));
#5690 = VECTOR('',#5691,1.);
#5691 = DIRECTION('',(1.,0.));
#5692 = ( GEOMETRIC_REPRESENTATION_CONTEXT(2) 
PARAMETRIC_REPRESENTATION_CONTEXT() REPRESENTATION_CONTEXT('2D SPACE',''
  ) );
#5693 = PCURVE('',#5694,#5699);
#5694 = PLANE('',#5695);
#5695 = AXIS2_PLACEMENT_3D('',#5696,#5697,#5698);
#5696 = CARTESIAN_POINT('',(538.,128.,173.99));
#5697 = DIRECTION('',(1.,0.,-0.));
#5698 = DIRECTION('',(0.,0.,1.));
#5699 = DEFINITIONAL_REPRESENTATION('',(#5700),#5704);
#5700 = CIRCLE('',#5701,2.5);
#5701 = AXIS2_PLACEMENT_2D('',#5702,#5703);
#5702 = CARTESIAN_POINT('',(10.01,-7.));
#5703 = DIRECTION('',(1.,0.));
#5704 = ( GEOMETRIC_REPRESENTATION_CONTEXT(2) 
PARAMETRIC_REPRESENTATION_CONTEXT() REPRESENTATION_CONTEXT('2D SPACE',''
  ) );
#5705 = ORIENTED_EDGE('',*,*,#5656,.T.);
#5706 = ADVANCED_FACE('',(#5707),#2432,.F.);
#5707 = FACE_BOUND('',#5708,.F.);
#5708 = EDGE_LOOP('',(#5709,#5710,#5733,#5760));
#5709 = ORIENTED_EDGE('',*,*,#2415,.F.);
#5710 = ORIENTED_EDGE('',*,*,#5711,.F.);
#5711 = EDGE_CURVE('',#5712,#2416,#5714,.T.);
#5712 = VERTEX_POINT('',#5713);
#5713 = CARTESIAN_POINT('',(538.,135.,242.5));
#5714 = SEAM_CURVE('',#5715,(#5719,#5726),.PCURVE_S1.);
#5715 = LINE('',#5716,#5717);
#5716 = CARTESIAN_POINT('',(538.,135.,242.5));
#5717 = VECTOR('',#5718,1.);
#5718 = DIRECTION('',(1.,0.,0.));
#5719 = PCURVE('',#2432,#5720);
#5720 = DEFINITIONAL_REPRESENTATION('',(#5721),#5725);
#5721 = LINE('',#5722,#5723);
#5722 = CARTESIAN_POINT('',(6.28318530718,-0.));
#5723 = VECTOR('',#5724,1.);
#5724 = DIRECTION('',(0.,1.));
#5725 = ( GEOMETRIC_REPRESENTATION_CONTEXT(2) 
PARAMETRIC_REPRESENTATION_CONTEXT() REPRESENTATION_CONTEXT('2D SPACE',''
  ) );
#5726 = PCURVE('',#2432,#5727);
#5727 = DEFINITIONAL_REPRESENTATION('',(#5728),#5732);
#5728 = LINE('',#5729,#5730);
#5729 = CARTESIAN_POINT('',(0.,-0.));
#5730 = VECTOR('',#5731,1.);
#5731 = DIRECTION('',(0.,1.));
#5732 = ( GEOMETRIC_REPRESENTATION_CONTEXT(2) 
PARAMETRIC_REPRESENTATION_CONTEXT() REPRESENTATION_CONTEXT('2D SPACE',''
  ) );
#5733 = ORIENTED_EDGE('',*,*,#5734,.T.);
#5734 = EDGE_CURVE('',#5712,#5712,#5735,.T.);
#5735 = SURFACE_CURVE('',#5736,(#5741,#5748),.PCURVE_S1.);
#5736 = CIRCLE('',#5737,2.5);
#5737 = AXIS2_PLACEMENT_3D('',#5738,#5739,#5740);
#5738 = CARTESIAN_POINT('',(538.,135.,240.));
#5739 = DIRECTION('',(1.,0.,0.));
#5740 = DIRECTION('',(-0.,0.,1.));
#5741 = PCURVE('',#2432,#5742);
#5742 = DEFINITIONAL_REPRESENTATION('',(#5743),#5747);
#5743 = LINE('',#5744,#5745);
#5744 = CARTESIAN_POINT('',(0.,0.));
#5745 = VECTOR('',#5746,1.);
#5746 = DIRECTION('',(1.,0.));
#5747 = ( GEOMETRIC_REPRESENTATION_CONTEXT(2) 
PARAMETRIC_REPRESENTATION_CONTEXT() REPRESENTATION_CONTEXT('2D SPACE',''
  ) );
#5748 = PCURVE('',#5749,#5754);
#5749 = PLANE('',#5750);
#5750 = AXIS2_PLACEMENT_3D('',#5751,#5752,#5753);
#5751 = CARTESIAN_POINT('',(538.,128.,233.));
#5752 = DIRECTION('',(1.,0.,-0.));
#5753 = DIRECTION('',(0.,0.,1.));
#5754 = DEFINITIONAL_REPRESENTATION('',(#5755),#5759);
#5755 = CIRCLE('',#5756,2.5);
#5756 = AXIS2_PLACEMENT_2D('',#5757,#5758);
#5757 = CARTESIAN_POINT('',(7.,-7.));
#5758 = DIRECTION('',(1.,0.));
#5759 = ( GEOMETRIC_REPRESENTATION_CONTEXT(2) 
PARAMETRIC_REPRESENTATION_CONTEXT() REPRESENTATION_CONTEXT('2D SPACE',''
  ) );
#5760 = ORIENTED_EDGE('',*,*,#5711,.T.);
#5761 = ADVANCED_FACE('',(#5762),#2463,.F.);
#5762 = FACE_BOUND('',#5763,.F.);
#5763 = EDGE_LOOP('',(#5764,#5765,#5788,#5815));
#5764 = ORIENTED_EDGE('',*,*,#2446,.F.);
#5765 = ORIENTED_EDGE('',*,*,#5766,.F.);
#5766 = EDGE_CURVE('',#5767,#2447,#5769,.T.);
#5767 = VERTEX_POINT('',#5768);
#5768 = CARTESIAN_POINT('',(538.,115.,186.5));
#5769 = SEAM_CURVE('',#5770,(#5774,#5781),.PCURVE_S1.);
#5770 = LINE('',#5771,#5772);
#5771 = CARTESIAN_POINT('',(538.,115.,186.5));
#5772 = VECTOR('',#5773,1.);
#5773 = DIRECTION('',(1.,0.,0.));
#5774 = PCURVE('',#2463,#5775);
#5775 = DEFINITIONAL_REPRESENTATION('',(#5776),#5780);
#5776 = LINE('',#5777,#5778);
#5777 = CARTESIAN_POINT('',(6.28318530718,-0.));
#5778 = VECTOR('',#5779,1.);
#5779 = DIRECTION('',(0.,1.));
#5780 = ( GEOMETRIC_REPRESENTATION_CONTEXT(2) 
PARAMETRIC_REPRESENTATION_CONTEXT() REPRESENTATION_CONTEXT('2D SPACE',''
  ) );
#5781 = PCURVE('',#2463,#5782);
#5782 = DEFINITIONAL_REPRESENTATION('',(#5783),#5787);
#5783 = LINE('',#5784,#5785);
#5784 = CARTESIAN_POINT('',(0.,-0.));
#5785 = VECTOR('',#5786,1.);
#5786 = DIRECTION('',(0.,1.));
#5787 = ( GEOMETRIC_REPRESENTATION_CONTEXT(2) 
PARAMETRIC_REPRESENTATION_CONTEXT() REPRESENTATION_CONTEXT('2D SPACE',''
  ) );
#5788 = ORIENTED_EDGE('',*,*,#5789,.T.);
#5789 = EDGE_CURVE('',#5767,#5767,#5790,.T.);
#5790 = SURFACE_CURVE('',#5791,(#5796,#5803),.PCURVE_S1.);
#5791 = CIRCLE('',#5792,2.5);
#5792 = AXIS2_PLACEMENT_3D('',#5793,#5794,#5795);
#5793 = CARTESIAN_POINT('',(538.,115.,184.));
#5794 = DIRECTION('',(1.,0.,0.));
#5795 = DIRECTION('',(-0.,0.,1.));
#5796 = PCURVE('',#2463,#5797);
#5797 = DEFINITIONAL_REPRESENTATION('',(#5798),#5802);
#5798 = LINE('',#5799,#5800);
#5799 = CARTESIAN_POINT('',(0.,0.));
#5800 = VECTOR('',#5801,1.);
#5801 = DIRECTION('',(1.,0.));
#5802 = ( GEOMETRIC_REPRESENTATION_CONTEXT(2) 
PARAMETRIC_REPRESENTATION_CONTEXT() REPRESENTATION_CONTEXT('2D SPACE',''
  ) );
#5803 = PCURVE('',#5804,#5809);
#5804 = PLANE('',#5805);
#5805 = AXIS2_PLACEMENT_3D('',#5806,#5807,#5808);
#5806 = CARTESIAN_POINT('',(538.,108.99,173.99));
#5807 = DIRECTION('',(1.,0.,-0.));
#5808 = DIRECTION('',(0.,0.,1.));
#5809 = DEFINITIONAL_REPRESENTATION('',(#5810),#5814);
#5810 = CIRCLE('',#5811,2.5);
#5811 = AXIS2_PLACEMENT_2D('',#5812,#5813);
#5812 = CARTESIAN_POINT('',(10.01,-6.01));
#5813 = DIRECTION('',(1.,0.));
#5814 = ( GEOMETRIC_REPRESENTATION_CONTEXT(2) 
PARAMETRIC_REPRESENTATION_CONTEXT() REPRESENTATION_CONTEXT('2D SPACE',''
  ) );
#5815 = ORIENTED_EDGE('',*,*,#5766,.T.);
#5816 = ADVANCED_FACE('',(#5817),#2494,.F.);
#5817 = FACE_BOUND('',#5818,.F.);
#5818 = EDGE_LOOP('',(#5819,#5820,#5843,#5870));
#5819 = ORIENTED_EDGE('',*,*,#2477,.F.);
#5820 = ORIENTED_EDGE('',*,*,#5821,.F.);
#5821 = EDGE_CURVE('',#5822,#2478,#5824,.T.);
#5822 = VERTEX_POINT('',#5823);
#5823 = CARTESIAN_POINT('',(538.,115.,242.5));
#5824 = SEAM_CURVE('',#5825,(#5829,#5836),.PCURVE_S1.);
#5825 = LINE('',#5826,#5827);
#5826 = CARTESIAN_POINT('',(538.,115.,242.5));
#5827 = VECTOR('',#5828,1.);
#5828 = DIRECTION('',(1.,0.,0.));
#5829 = PCURVE('',#2494,#5830);
#5830 = DEFINITIONAL_REPRESENTATION('',(#5831),#5835);
#5831 = LINE('',#5832,#5833);
#5832 = CARTESIAN_POINT('',(6.28318530718,-0.));
#5833 = VECTOR('',#5834,1.);
#5834 = DIRECTION('',(0.,1.));
#5835 = ( GEOMETRIC_REPRESENTATION_CONTEXT(2) 
PARAMETRIC_REPRESENTATION_CONTEXT() REPRESENTATION_CONTEXT('2D SPACE',''
  ) );
#5836 = PCURVE('',#2494,#5837);
#5837 = DEFINITIONAL_REPRESENTATION('',(#5838),#5842);
#5838 = LINE('',#5839,#5840);
#5839 = CARTESIAN_POINT('',(0.,-0.));
#5840 = VECTOR('',#5841,1.);
#5841 = DIRECTION('',(0.,1.));
#5842 = ( GEOMETRIC_REPRESENTATION_CONTEXT(2) 
PARAMETRIC_REPRESENTATION_CONTEXT() REPRESENTATION_CONTEXT('2D SPACE',''
  ) );
#5843 = ORIENTED_EDGE('',*,*,#5844,.T.);
#5844 = EDGE_CURVE('',#5822,#5822,#5845,.T.);
#5845 = SURFACE_CURVE('',#5846,(#5851,#5858),.PCURVE_S1.);
#5846 = CIRCLE('',#5847,2.5);
#5847 = AXIS2_PLACEMENT_3D('',#5848,#5849,#5850);
#5848 = CARTESIAN_POINT('',(538.,115.,240.));
#5849 = DIRECTION('',(1.,0.,0.));
#5850 = DIRECTION('',(-0.,0.,1.));
#5851 = PCURVE('',#2494,#5852);
#5852 = DEFINITIONAL_REPRESENTATION('',(#5853),#5857);
#5853 = LINE('',#5854,#5855);
#5854 = CARTESIAN_POINT('',(0.,0.));
#5855 = VECTOR('',#5856,1.);
#5856 = DIRECTION('',(1.,0.));
#5857 = ( GEOMETRIC_REPRESENTATION_CONTEXT(2) 
PARAMETRIC_REPRESENTATION_CONTEXT() REPRESENTATION_CONTEXT('2D SPACE',''
  ) );
#5858 = PCURVE('',#5859,#5864);
#5859 = PLANE('',#5860);
#5860 = AXIS2_PLACEMENT_3D('',#5861,#5862,#5863);
#5861 = CARTESIAN_POINT('',(538.,108.99,233.));
#5862 = DIRECTION('',(1.,0.,-0.));
#5863 = DIRECTION('',(0.,0.,1.));
#5864 = DEFINITIONAL_REPRESENTATION('',(#5865),#5869);
#5865 = CIRCLE('',#5866,2.5);
#5866 = AXIS2_PLACEMENT_2D('',#5867,#5868);
#5867 = CARTESIAN_POINT('',(7.,-6.01));
#5868 = DIRECTION('',(1.,0.));
#5869 = ( GEOMETRIC_REPRESENTATION_CONTEXT(2) 
PARAMETRIC_REPRESENTATION_CONTEXT() REPRESENTATION_CONTEXT('2D SPACE',''
  ) );
#5870 = ORIENTED_EDGE('',*,*,#5821,.T.);
#5871 = ADVANCED_FACE('',(#5872,#6312,#6315,#6318,#6321,#6324,#6327,
    #6330,#6333,#6336,#6339,#6342,#6345,#6348,#6351,#6354,#6357,#6360,
    #6363,#6366,#6369,#6372,#6375,#6378,#6381,#6384,#6387,#6390,#6393,
    #6396,#6399,#6402,#6405,#6408,#6411,#6414,#6417,#6420,#6423,#6426,
    #6429,#6432,#6435,#6438,#6441,#6444,#6447,#6450,#6453,#6456,#6459),
  #2526,.T.);
#5872 = FACE_BOUND('',#5873,.T.);
#5873 = EDGE_LOOP('',(#5874,#5897,#5898,#5919,#5947,#5966,#5967,#5990,
    #6016,#6037,#6063,#6091,#6117,#6138,#6164,#6192,#6213,#6239,#6267,
    #6293));
#5874 = ORIENTED_EDGE('',*,*,#5875,.F.);
#5875 = EDGE_CURVE('',#5478,#5876,#5878,.T.);
#5876 = VERTEX_POINT('',#5877);
#5877 = CARTESIAN_POINT('',(538.,109.,174.));
#5878 = SURFACE_CURVE('',#5879,(#5883,#5890),.PCURVE_S1.);
#5879 = LINE('',#5880,#5881);
#5880 = CARTESIAN_POINT('',(-108.,109.,174.));
#5881 = VECTOR('',#5882,1.);
#5882 = DIRECTION('',(1.,0.,0.));
#5883 = PCURVE('',#2526,#5884);
#5884 = DEFINITIONAL_REPRESENTATION('',(#5885),#5889);
#5885 = LINE('',#5886,#5887);
#5886 = CARTESIAN_POINT('',(0.,0.));
#5887 = VECTOR('',#5888,1.);
#5888 = DIRECTION('',(0.,1.));
#5889 = ( GEOMETRIC_REPRESENTATION_CONTEXT(2) 
PARAMETRIC_REPRESENTATION_CONTEXT() REPRESENTATION_CONTEXT('2D SPACE',''
  ) );
#5890 = PCURVE('',#5269,#5891);
#5891 = DEFINITIONAL_REPRESENTATION('',(#5892),#5896);
#5892 = LINE('',#5893,#5894);
#5893 = CARTESIAN_POINT('',(0.,0.));
#5894 = VECTOR('',#5895,1.);
#5895 = DIRECTION('',(1.,0.));
#5896 = ( GEOMETRIC_REPRESENTATION_CONTEXT(2) 
PARAMETRIC_REPRESENTATION_CONTEXT() REPRESENTATION_CONTEXT('2D SPACE',''
  ) );
#5897 = ORIENTED_EDGE('',*,*,#5477,.F.);
#5898 = ORIENTED_EDGE('',*,*,#5899,.F.);
#5899 = EDGE_CURVE('',#5900,#5448,#5902,.T.);
#5900 = VERTEX_POINT('',#5901);
#5901 = CARTESIAN_POINT('',(-108.,109.,191.));
#5902 = SURFACE_CURVE('',#5903,(#5907,#5913),.PCURVE_S1.);
#5903 = LINE('',#5904,#5905);
#5904 = CARTESIAN_POINT('',(-109.,109.,191.));
#5905 = VECTOR('',#5906,1.);
#5906 = DIRECTION('',(1.,0.,0.));
#5907 = PCURVE('',#2526,#5908);
#5908 = DEFINITIONAL_REPRESENTATION('',(#5909),#5912);
#5909 = B_SPLINE_CURVE_WITH_KNOTS('',1,(#5910,#5911),.UNSPECIFIED.,.F.,
  .F.,(2,2),(1.,11.),.PIECEWISE_BEZIER_KNOTS.);
#5910 = CARTESIAN_POINT('',(17.,0.));
#5911 = CARTESIAN_POINT('',(17.,10.));
#5912 = ( GEOMETRIC_REPRESENTATION_CONTEXT(2) 
PARAMETRIC_REPRESENTATION_CONTEXT() REPRESENTATION_CONTEXT('2D SPACE',''
  ) );
#5913 = PCURVE('',#5465,#5914);
#5914 = DEFINITIONAL_REPRESENTATION('',(#5915),#5918);
#5915 = B_SPLINE_CURVE_WITH_KNOTS('',1,(#5916,#5917),.UNSPECIFIED.,.F.,
  .F.,(2,2),(1.,11.),.PIECEWISE_BEZIER_KNOTS.);
#5916 = CARTESIAN_POINT('',(2.,1.000000000001E-02));
#5917 = CARTESIAN_POINT('',(12.,1.000000000001E-02));
#5918 = ( GEOMETRIC_REPRESENTATION_CONTEXT(2) 
PARAMETRIC_REPRESENTATION_CONTEXT() REPRESENTATION_CONTEXT('2D SPACE',''
  ) );
#5919 = ORIENTED_EDGE('',*,*,#5920,.T.);
#5920 = EDGE_CURVE('',#5900,#5921,#5923,.T.);
#5921 = VERTEX_POINT('',#5922);
#5922 = CARTESIAN_POINT('',(-108.,109.,233.));
#5923 = SURFACE_CURVE('',#5924,(#5928,#5935),.PCURVE_S1.);
#5924 = LINE('',#5925,#5926);
#5925 = CARTESIAN_POINT('',(-108.,109.,174.));
#5926 = VECTOR('',#5927,1.);
#5927 = DIRECTION('',(0.,0.,1.));
#5928 = PCURVE('',#2526,#5929);
#5929 = DEFINITIONAL_REPRESENTATION('',(#5930),#5934);
#5930 = LINE('',#5931,#5932);
#5931 = CARTESIAN_POINT('',(0.,0.));
#5932 = VECTOR('',#5933,1.);
#5933 = DIRECTION('',(1.,0.));
#5934 = ( GEOMETRIC_REPRESENTATION_CONTEXT(2) 
PARAMETRIC_REPRESENTATION_CONTEXT() REPRESENTATION_CONTEXT('2D SPACE',''
  ) );
#5935 = PCURVE('',#5936,#5941);
#5936 = PLANE('',#5937);
#5937 = AXIS2_PLACEMENT_3D('',#5938,#5939,#5940);
#5938 = CARTESIAN_POINT('',(-108.,109.,174.));
#5939 = DIRECTION('',(1.,0.,0.));
#5940 = DIRECTION('',(0.,0.,1.));
#5941 = DEFINITIONAL_REPRESENTATION('',(#5942),#5946);
#5942 = LINE('',#5943,#5944);
#5943 = CARTESIAN_POINT('',(0.,0.));
#5944 = VECTOR('',#5945,1.);
#5945 = DIRECTION('',(1.,0.));
#5946 = ( GEOMETRIC_REPRESENTATION_CONTEXT(2) 
PARAMETRIC_REPRESENTATION_CONTEXT() REPRESENTATION_CONTEXT('2D SPACE',''
  ) );
#5947 = ORIENTED_EDGE('',*,*,#5948,.T.);
#5948 = EDGE_CURVE('',#5921,#5554,#5949,.T.);
#5949 = SURFACE_CURVE('',#5950,(#5954,#5960),.PCURVE_S1.);
#5950 = LINE('',#5951,#5952);
#5951 = CARTESIAN_POINT('',(-109.,109.,233.));
#5952 = VECTOR('',#5953,1.);
#5953 = DIRECTION('',(1.,0.,0.));
#5954 = PCURVE('',#2526,#5955);
#5955 = DEFINITIONAL_REPRESENTATION('',(#5956),#5959);
#5956 = B_SPLINE_CURVE_WITH_KNOTS('',1,(#5957,#5958),.UNSPECIFIED.,.F.,
  .F.,(2,2),(1.,11.),.PIECEWISE_BEZIER_KNOTS.);
#5957 = CARTESIAN_POINT('',(59.,0.));
#5958 = CARTESIAN_POINT('',(59.,10.));
#5959 = ( GEOMETRIC_REPRESENTATION_CONTEXT(2) 
PARAMETRIC_REPRESENTATION_CONTEXT() REPRESENTATION_CONTEXT('2D SPACE',''
  ) );
#5960 = PCURVE('',#5590,#5961);
#5961 = DEFINITIONAL_REPRESENTATION('',(#5962),#5965);
#5962 = B_SPLINE_CURVE_WITH_KNOTS('',1,(#5963,#5964),.UNSPECIFIED.,.F.,
  .F.,(2,2),(1.,11.),.PIECEWISE_BEZIER_KNOTS.);
#5963 = CARTESIAN_POINT('',(2.,1.000000000001E-02));
#5964 = CARTESIAN_POINT('',(12.,1.000000000001E-02));
#5965 = ( GEOMETRIC_REPRESENTATION_CONTEXT(2) 
PARAMETRIC_REPRESENTATION_CONTEXT() REPRESENTATION_CONTEXT('2D SPACE',''
  ) );
#5966 = ORIENTED_EDGE('',*,*,#5551,.F.);
#5967 = ORIENTED_EDGE('',*,*,#5968,.T.);
#5968 = EDGE_CURVE('',#5552,#5969,#5971,.T.);
#5969 = VERTEX_POINT('',#5970);
#5970 = CARTESIAN_POINT('',(-66.5,109.,250.));
#5971 = SURFACE_CURVE('',#5972,(#5976,#5983),.PCURVE_S1.);
#5972 = LINE('',#5973,#5974);
#5973 = CARTESIAN_POINT('',(-108.,109.,250.));
#5974 = VECTOR('',#5975,1.);
#5975 = DIRECTION('',(1.,0.,0.));
#5976 = PCURVE('',#2526,#5977);
#5977 = DEFINITIONAL_REPRESENTATION('',(#5978),#5982);
#5978 = LINE('',#5979,#5980);
#5979 = CARTESIAN_POINT('',(76.,0.));
#5980 = VECTOR('',#5981,1.);
#5981 = DIRECTION('',(0.,1.));
#5982 = ( GEOMETRIC_REPRESENTATION_CONTEXT(2) 
PARAMETRIC_REPRESENTATION_CONTEXT() REPRESENTATION_CONTEXT('2D SPACE',''
  ) );
#5983 = PCURVE('',#5430,#5984);
#5984 = DEFINITIONAL_REPRESENTATION('',(#5985),#5989);
#5985 = LINE('',#5986,#5987);
#5986 = CARTESIAN_POINT('',(0.,0.));
#5987 = VECTOR('',#5988,1.);
#5988 = DIRECTION('',(1.,0.));
#5989 = ( GEOMETRIC_REPRESENTATION_CONTEXT(2) 
PARAMETRIC_REPRESENTATION_CONTEXT() REPRESENTATION_CONTEXT('2D SPACE',''
  ) );
#5990 = ORIENTED_EDGE('',*,*,#5991,.T.);
#5991 = EDGE_CURVE('',#5969,#5992,#5994,.T.);
#5992 = VERTEX_POINT('',#5993);
#5993 = CARTESIAN_POINT('',(-66.5,109.,242.));
#5994 = SURFACE_CURVE('',#5995,(#5999,#6005),.PCURVE_S1.);
#5995 = LINE('',#5996,#5997);
#5996 = CARTESIAN_POINT('',(-66.5,109.,208.));
#5997 = VECTOR('',#5998,1.);
#5998 = DIRECTION('',(-0.,0.,-1.));
#5999 = PCURVE('',#2526,#6000);
#6000 = DEFINITIONAL_REPRESENTATION('',(#6001),#6004);
#6001 = B_SPLINE_CURVE_WITH_KNOTS('',1,(#6002,#6003),.UNSPECIFIED.,.F.,
  .F.,(2,2),(-42.,-34.),.PIECEWISE_BEZIER_KNOTS.);
#6002 = CARTESIAN_POINT('',(76.,41.5));
#6003 = CARTESIAN_POINT('',(68.,41.5));
#6004 = ( GEOMETRIC_REPRESENTATION_CONTEXT(2) 
PARAMETRIC_REPRESENTATION_CONTEXT() REPRESENTATION_CONTEXT('2D SPACE',''
  ) );
#6005 = PCURVE('',#6006,#6011);
#6006 = PLANE('',#6007);
#6007 = AXIS2_PLACEMENT_3D('',#6008,#6009,#6010);
#6008 = CARTESIAN_POINT('',(-66.5,108.99,242.));
#6009 = DIRECTION('',(1.,0.,-0.));
#6010 = DIRECTION('',(0.,0.,1.));
#6011 = DEFINITIONAL_REPRESENTATION('',(#6012),#6015);
#6012 = B_SPLINE_CURVE_WITH_KNOTS('',1,(#6013,#6014),.UNSPECIFIED.,.F.,
  .F.,(2,2),(-42.,-34.),.PIECEWISE_BEZIER_KNOTS.);
#6013 = CARTESIAN_POINT('',(8.,-1.000000000001E-02));
#6014 = CARTESIAN_POINT('',(0.,-1.000000000001E-02));
#6015 = ( GEOMETRIC_REPRESENTATION_CONTEXT(2) 
PARAMETRIC_REPRESENTATION_CONTEXT() REPRESENTATION_CONTEXT('2D SPACE',''
  ) );
#6016 = ORIENTED_EDGE('',*,*,#6017,.T.);
#6017 = EDGE_CURVE('',#5992,#6018,#6020,.T.);
#6018 = VERTEX_POINT('',#6019);
#6019 = CARTESIAN_POINT('',(-32.5,109.,242.));
#6020 = SURFACE_CURVE('',#6021,(#6025,#6031),.PCURVE_S1.);
#6021 = LINE('',#6022,#6023);
#6022 = CARTESIAN_POINT('',(-87.25,109.,242.));
#6023 = VECTOR('',#6024,1.);
#6024 = DIRECTION('',(1.,0.,0.));
#6025 = PCURVE('',#2526,#6026);
#6026 = DEFINITIONAL_REPRESENTATION('',(#6027),#6030);
#6027 = B_SPLINE_CURVE_WITH_KNOTS('',1,(#6028,#6029),.UNSPECIFIED.,.F.,
  .F.,(2,2),(20.75,54.75),.PIECEWISE_BEZIER_KNOTS.);
#6028 = CARTESIAN_POINT('',(68.,41.5));
#6029 = CARTESIAN_POINT('',(68.,75.5));
#6030 = ( GEOMETRIC_REPRESENTATION_CONTEXT(2) 
PARAMETRIC_REPRESENTATION_CONTEXT() REPRESENTATION_CONTEXT('2D SPACE',''
  ) );
#6031 = PCURVE('',#5053,#6032);
#6032 = DEFINITIONAL_REPRESENTATION('',(#6033),#6036);
#6033 = B_SPLINE_CURVE_WITH_KNOTS('',1,(#6034,#6035),.UNSPECIFIED.,.F.,
  .F.,(2,2),(20.75,54.75),.PIECEWISE_BEZIER_KNOTS.);
#6034 = CARTESIAN_POINT('',(0.,1.000000000001E-02));
#6035 = CARTESIAN_POINT('',(34.,1.000000000001E-02));
#6036 = ( GEOMETRIC_REPRESENTATION_CONTEXT(2) 
PARAMETRIC_REPRESENTATION_CONTEXT() REPRESENTATION_CONTEXT('2D SPACE',''
  ) );
#6037 = ORIENTED_EDGE('',*,*,#6038,.F.);
#6038 = EDGE_CURVE('',#6039,#6018,#6041,.T.);
#6039 = VERTEX_POINT('',#6040);
#6040 = CARTESIAN_POINT('',(-32.5,109.,250.));
#6041 = SURFACE_CURVE('',#6042,(#6046,#6052),.PCURVE_S1.);
#6042 = LINE('',#6043,#6044);
#6043 = CARTESIAN_POINT('',(-32.5,109.,208.));
#6044 = VECTOR('',#6045,1.);
#6045 = DIRECTION('',(-0.,0.,-1.));
#6046 = PCURVE('',#2526,#6047);
#6047 = DEFINITIONAL_REPRESENTATION('',(#6048),#6051);
#6048 = B_SPLINE_CURVE_WITH_KNOTS('',1,(#6049,#6050),.UNSPECIFIED.,.F.,
  .F.,(2,2),(-42.,-34.),.PIECEWISE_BEZIER_KNOTS.);
#6049 = CARTESIAN_POINT('',(76.,75.5));
#6050 = CARTESIAN_POINT('',(68.,75.5));
#6051 = ( GEOMETRIC_REPRESENTATION_CONTEXT(2) 
PARAMETRIC_REPRESENTATION_CONTEXT() REPRESENTATION_CONTEXT('2D SPACE',''
  ) );
#6052 = PCURVE('',#6053,#6058);
#6053 = PLANE('',#6054);
#6054 = AXIS2_PLACEMENT_3D('',#6055,#6056,#6057);
#6055 = CARTESIAN_POINT('',(-32.5,108.99,242.));
#6056 = DIRECTION('',(1.,0.,-0.));
#6057 = DIRECTION('',(0.,0.,1.));
#6058 = DEFINITIONAL_REPRESENTATION('',(#6059),#6062);
#6059 = B_SPLINE_CURVE_WITH_KNOTS('',1,(#6060,#6061),.UNSPECIFIED.,.F.,
  .F.,(2,2),(-42.,-34.),.PIECEWISE_BEZIER_KNOTS.);
#6060 = CARTESIAN_POINT('',(8.,-1.000000000001E-02));
#6061 = CARTESIAN_POINT('',(0.,-1.000000000001E-02));
#6062 = ( GEOMETRIC_REPRESENTATION_CONTEXT(2) 
PARAMETRIC_REPRESENTATION_CONTEXT() REPRESENTATION_CONTEXT('2D SPACE',''
  ) );
#6063 = ORIENTED_EDGE('',*,*,#6064,.T.);
#6064 = EDGE_CURVE('',#6039,#6065,#6067,.T.);
#6065 = VERTEX_POINT('',#6066);
#6066 = CARTESIAN_POINT('',(484.5,109.,250.));
#6067 = SURFACE_CURVE('',#6068,(#6072,#6079),.PCURVE_S1.);
#6068 = LINE('',#6069,#6070);
#6069 = CARTESIAN_POINT('',(-108.,109.,250.));
#6070 = VECTOR('',#6071,1.);
#6071 = DIRECTION('',(1.,0.,0.));
#6072 = PCURVE('',#2526,#6073);
#6073 = DEFINITIONAL_REPRESENTATION('',(#6074),#6078);
#6074 = LINE('',#6075,#6076);
#6075 = CARTESIAN_POINT('',(76.,0.));
#6076 = VECTOR('',#6077,1.);
#6077 = DIRECTION('',(0.,1.));
#6078 = ( GEOMETRIC_REPRESENTATION_CONTEXT(2) 
PARAMETRIC_REPRESENTATION_CONTEXT() REPRESENTATION_CONTEXT('2D SPACE',''
  ) );
#6079 = PCURVE('',#6080,#6085);
#6080 = PLANE('',#6081);
#6081 = AXIS2_PLACEMENT_3D('',#6082,#6083,#6084);
#6082 = CARTESIAN_POINT('',(-108.,109.,250.));
#6083 = DIRECTION('',(0.,0.,1.));
#6084 = DIRECTION('',(1.,0.,0.));
#6085 = DEFINITIONAL_REPRESENTATION('',(#6086),#6090);
#6086 = LINE('',#6087,#6088);
#6087 = CARTESIAN_POINT('',(0.,0.));
#6088 = VECTOR('',#6089,1.);
#6089 = DIRECTION('',(1.,0.));
#6090 = ( GEOMETRIC_REPRESENTATION_CONTEXT(2) 
PARAMETRIC_REPRESENTATION_CONTEXT() REPRESENTATION_CONTEXT('2D SPACE',''
  ) );
#6091 = ORIENTED_EDGE('',*,*,#6092,.T.);
#6092 = EDGE_CURVE('',#6065,#6093,#6095,.T.);
#6093 = VERTEX_POINT('',#6094);
#6094 = CARTESIAN_POINT('',(484.5,109.,242.));
#6095 = SURFACE_CURVE('',#6096,(#6100,#6106),.PCURVE_S1.);
#6096 = LINE('',#6097,#6098);
#6097 = CARTESIAN_POINT('',(484.5,109.,208.));
#6098 = VECTOR('',#6099,1.);
#6099 = DIRECTION('',(-0.,0.,-1.));
#6100 = PCURVE('',#2526,#6101);
#6101 = DEFINITIONAL_REPRESENTATION('',(#6102),#6105);
#6102 = B_SPLINE_CURVE_WITH_KNOTS('',1,(#6103,#6104),.UNSPECIFIED.,.F.,
  .F.,(2,2),(-42.,-34.),.PIECEWISE_BEZIER_KNOTS.);
#6103 = CARTESIAN_POINT('',(76.,592.5));
#6104 = CARTESIAN_POINT('',(68.,592.5));
#6105 = ( GEOMETRIC_REPRESENTATION_CONTEXT(2) 
PARAMETRIC_REPRESENTATION_CONTEXT() REPRESENTATION_CONTEXT('2D SPACE',''
  ) );
#6106 = PCURVE('',#6107,#6112);
#6107 = PLANE('',#6108);
#6108 = AXIS2_PLACEMENT_3D('',#6109,#6110,#6111);
#6109 = CARTESIAN_POINT('',(484.5,108.99,242.));
#6110 = DIRECTION('',(1.,0.,-0.));
#6111 = DIRECTION('',(0.,0.,1.));
#6112 = DEFINITIONAL_REPRESENTATION('',(#6113),#6116);
#6113 = B_SPLINE_CURVE_WITH_KNOTS('',1,(#6114,#6115),.UNSPECIFIED.,.F.,
  .F.,(2,2),(-42.,-34.),.PIECEWISE_BEZIER_KNOTS.);
#6114 = CARTESIAN_POINT('',(8.,-1.000000000001E-02));
#6115 = CARTESIAN_POINT('',(0.,-1.000000000001E-02));
#6116 = ( GEOMETRIC_REPRESENTATION_CONTEXT(2) 
PARAMETRIC_REPRESENTATION_CONTEXT() REPRESENTATION_CONTEXT('2D SPACE',''
  ) );
#6117 = ORIENTED_EDGE('',*,*,#6118,.T.);
#6118 = EDGE_CURVE('',#6093,#6119,#6121,.T.);
#6119 = VERTEX_POINT('',#6120);
#6120 = CARTESIAN_POINT('',(523.5,109.,242.));
#6121 = SURFACE_CURVE('',#6122,(#6126,#6132),.PCURVE_S1.);
#6122 = LINE('',#6123,#6124);
#6123 = CARTESIAN_POINT('',(188.25,109.,242.));
#6124 = VECTOR('',#6125,1.);
#6125 = DIRECTION('',(1.,0.,0.));
#6126 = PCURVE('',#2526,#6127);
#6127 = DEFINITIONAL_REPRESENTATION('',(#6128),#6131);
#6128 = B_SPLINE_CURVE_WITH_KNOTS('',1,(#6129,#6130),.UNSPECIFIED.,.F.,
  .F.,(2,2),(296.25,335.25),.PIECEWISE_BEZIER_KNOTS.);
#6129 = CARTESIAN_POINT('',(68.,592.5));
#6130 = CARTESIAN_POINT('',(68.,631.5));
#6131 = ( GEOMETRIC_REPRESENTATION_CONTEXT(2) 
PARAMETRIC_REPRESENTATION_CONTEXT() REPRESENTATION_CONTEXT('2D SPACE',''
  ) );
#6132 = PCURVE('',#5108,#6133);
#6133 = DEFINITIONAL_REPRESENTATION('',(#6134),#6137);
#6134 = B_SPLINE_CURVE_WITH_KNOTS('',1,(#6135,#6136),.UNSPECIFIED.,.F.,
  .F.,(2,2),(296.25,335.25),.PIECEWISE_BEZIER_KNOTS.);
#6135 = CARTESIAN_POINT('',(0.,1.000000000001E-02));
#6136 = CARTESIAN_POINT('',(39.,1.000000000001E-02));
#6137 = ( GEOMETRIC_REPRESENTATION_CONTEXT(2) 
PARAMETRIC_REPRESENTATION_CONTEXT() REPRESENTATION_CONTEXT('2D SPACE',''
  ) );
#6138 = ORIENTED_EDGE('',*,*,#6139,.F.);
#6139 = EDGE_CURVE('',#6140,#6119,#6142,.T.);
#6140 = VERTEX_POINT('',#6141);
#6141 = CARTESIAN_POINT('',(523.5,109.,250.));
#6142 = SURFACE_CURVE('',#6143,(#6147,#6153),.PCURVE_S1.);
#6143 = LINE('',#6144,#6145);
#6144 = CARTESIAN_POINT('',(523.5,109.,208.));
#6145 = VECTOR('',#6146,1.);
#6146 = DIRECTION('',(-0.,0.,-1.));
#6147 = PCURVE('',#2526,#6148);
#6148 = DEFINITIONAL_REPRESENTATION('',(#6149),#6152);
#6149 = B_SPLINE_CURVE_WITH_KNOTS('',1,(#6150,#6151),.UNSPECIFIED.,.F.,
  .F.,(2,2),(-42.,-34.),.PIECEWISE_BEZIER_KNOTS.);
#6150 = CARTESIAN_POINT('',(76.,631.5));
#6151 = CARTESIAN_POINT('',(68.,631.5));
#6152 = ( GEOMETRIC_REPRESENTATION_CONTEXT(2) 
PARAMETRIC_REPRESENTATION_CONTEXT() REPRESENTATION_CONTEXT('2D SPACE',''
  ) );
#6153 = PCURVE('',#6154,#6159);
#6154 = PLANE('',#6155);
#6155 = AXIS2_PLACEMENT_3D('',#6156,#6157,#6158);
#6156 = CARTESIAN_POINT('',(523.5,108.99,242.));
#6157 = DIRECTION('',(1.,0.,-0.));
#6158 = DIRECTION('',(0.,0.,1.));
#6159 = DEFINITIONAL_REPRESENTATION('',(#6160),#6163);
#6160 = B_SPLINE_CURVE_WITH_KNOTS('',1,(#6161,#6162),.UNSPECIFIED.,.F.,
  .F.,(2,2),(-42.,-34.),.PIECEWISE_BEZIER_KNOTS.);
#6161 = CARTESIAN_POINT('',(8.,-1.000000000001E-02));
#6162 = CARTESIAN_POINT('',(0.,-1.000000000001E-02));
#6163 = ( GEOMETRIC_REPRESENTATION_CONTEXT(2) 
PARAMETRIC_REPRESENTATION_CONTEXT() REPRESENTATION_CONTEXT('2D SPACE',''
  ) );
#6164 = ORIENTED_EDGE('',*,*,#6165,.T.);
#6165 = EDGE_CURVE('',#6140,#6166,#6168,.T.);
#6166 = VERTEX_POINT('',#6167);
#6167 = CARTESIAN_POINT('',(538.,109.,250.));
#6168 = SURFACE_CURVE('',#6169,(#6173,#6180),.PCURVE_S1.);
#6169 = LINE('',#6170,#6171);
#6170 = CARTESIAN_POINT('',(-108.,109.,250.));
#6171 = VECTOR('',#6172,1.);
#6172 = DIRECTION('',(1.,0.,0.));
#6173 = PCURVE('',#2526,#6174);
#6174 = DEFINITIONAL_REPRESENTATION('',(#6175),#6179);
#6175 = LINE('',#6176,#6177);
#6176 = CARTESIAN_POINT('',(76.,0.));
#6177 = VECTOR('',#6178,1.);
#6178 = DIRECTION('',(0.,1.));
#6179 = ( GEOMETRIC_REPRESENTATION_CONTEXT(2) 
PARAMETRIC_REPRESENTATION_CONTEXT() REPRESENTATION_CONTEXT('2D SPACE',''
  ) );
#6180 = PCURVE('',#6181,#6186);
#6181 = PLANE('',#6182);
#6182 = AXIS2_PLACEMENT_3D('',#6183,#6184,#6185);
#6183 = CARTESIAN_POINT('',(-108.,109.,250.));
#6184 = DIRECTION('',(0.,0.,1.));
#6185 = DIRECTION('',(1.,0.,0.));
#6186 = DEFINITIONAL_REPRESENTATION('',(#6187),#6191);
#6187 = LINE('',#6188,#6189);
#6188 = CARTESIAN_POINT('',(0.,0.));
#6189 = VECTOR('',#6190,1.);
#6190 = DIRECTION('',(1.,0.));
#6191 = ( GEOMETRIC_REPRESENTATION_CONTEXT(2) 
PARAMETRIC_REPRESENTATION_CONTEXT() REPRESENTATION_CONTEXT('2D SPACE',''
  ) );
#6192 = ORIENTED_EDGE('',*,*,#6193,.T.);
#6193 = EDGE_CURVE('',#6166,#6194,#6196,.T.);
#6194 = VERTEX_POINT('',#6195);
#6195 = CARTESIAN_POINT('',(538.,109.,233.));
#6196 = SURFACE_CURVE('',#6197,(#6201,#6207),.PCURVE_S1.);
#6197 = LINE('',#6198,#6199);
#6198 = CARTESIAN_POINT('',(538.,109.,203.5));
#6199 = VECTOR('',#6200,1.);
#6200 = DIRECTION('',(-0.,0.,-1.));
#6201 = PCURVE('',#2526,#6202);
#6202 = DEFINITIONAL_REPRESENTATION('',(#6203),#6206);
#6203 = B_SPLINE_CURVE_WITH_KNOTS('',1,(#6204,#6205),.UNSPECIFIED.,.F.,
  .F.,(2,2),(-46.5,-29.5),.PIECEWISE_BEZIER_KNOTS.);
#6204 = CARTESIAN_POINT('',(76.,646.));
#6205 = CARTESIAN_POINT('',(59.,646.));
#6206 = ( GEOMETRIC_REPRESENTATION_CONTEXT(2) 
PARAMETRIC_REPRESENTATION_CONTEXT() REPRESENTATION_CONTEXT('2D SPACE',''
  ) );
#6207 = PCURVE('',#5859,#6208);
#6208 = DEFINITIONAL_REPRESENTATION('',(#6209),#6212);
#6209 = B_SPLINE_CURVE_WITH_KNOTS('',1,(#6210,#6211),.UNSPECIFIED.,.F.,
  .F.,(2,2),(-46.5,-29.5),.PIECEWISE_BEZIER_KNOTS.);
#6210 = CARTESIAN_POINT('',(17.,-1.000000000001E-02));
#6211 = CARTESIAN_POINT('',(0.,-1.000000000001E-02));
#6212 = ( GEOMETRIC_REPRESENTATION_CONTEXT(2) 
PARAMETRIC_REPRESENTATION_CONTEXT() REPRESENTATION_CONTEXT('2D SPACE',''
  ) );
#6213 = ORIENTED_EDGE('',*,*,#6214,.T.);
#6214 = EDGE_CURVE('',#6194,#6215,#6217,.T.);
#6215 = VERTEX_POINT('',#6216);
#6216 = CARTESIAN_POINT('',(548.,109.,233.));
#6217 = SURFACE_CURVE('',#6218,(#6222,#6228),.PCURVE_S1.);
#6218 = LINE('',#6219,#6220);
#6219 = CARTESIAN_POINT('',(215.,109.,233.));
#6220 = VECTOR('',#6221,1.);
#6221 = DIRECTION('',(1.,0.,0.));
#6222 = PCURVE('',#2526,#6223);
#6223 = DEFINITIONAL_REPRESENTATION('',(#6224),#6227);
#6224 = B_SPLINE_CURVE_WITH_KNOTS('',1,(#6225,#6226),.UNSPECIFIED.,.F.,
  .F.,(2,2),(323.,333.),.PIECEWISE_BEZIER_KNOTS.);
#6225 = CARTESIAN_POINT('',(59.,646.));
#6226 = CARTESIAN_POINT('',(59.,656.));
#6227 = ( GEOMETRIC_REPRESENTATION_CONTEXT(2) 
PARAMETRIC_REPRESENTATION_CONTEXT() REPRESENTATION_CONTEXT('2D SPACE',''
  ) );
#6228 = PCURVE('',#6229,#6234);
#6229 = PLANE('',#6230);
#6230 = AXIS2_PLACEMENT_3D('',#6231,#6232,#6233);
#6231 = CARTESIAN_POINT('',(538.,108.99,233.));
#6232 = DIRECTION('',(0.,0.,1.));
#6233 = DIRECTION('',(1.,0.,-0.));
#6234 = DEFINITIONAL_REPRESENTATION('',(#6235),#6238);
#6235 = B_SPLINE_CURVE_WITH_KNOTS('',1,(#6236,#6237),.UNSPECIFIED.,.F.,
  .F.,(2,2),(323.,333.),.PIECEWISE_BEZIER_KNOTS.);
#6236 = CARTESIAN_POINT('',(0.,1.000000000001E-02));
#6237 = CARTESIAN_POINT('',(10.,1.000000000001E-02));
#6238 = ( GEOMETRIC_REPRESENTATION_CONTEXT(2) 
PARAMETRIC_REPRESENTATION_CONTEXT() REPRESENTATION_CONTEXT('2D SPACE',''
  ) );
#6239 = ORIENTED_EDGE('',*,*,#6240,.F.);
#6240 = EDGE_CURVE('',#6241,#6215,#6243,.T.);
#6241 = VERTEX_POINT('',#6242);
#6242 = CARTESIAN_POINT('',(548.,109.,191.));
#6243 = SURFACE_CURVE('',#6244,(#6248,#6255),.PCURVE_S1.);
#6244 = LINE('',#6245,#6246);
#6245 = CARTESIAN_POINT('',(548.,109.,174.));
#6246 = VECTOR('',#6247,1.);
#6247 = DIRECTION('',(0.,0.,1.));
#6248 = PCURVE('',#2526,#6249);
#6249 = DEFINITIONAL_REPRESENTATION('',(#6250),#6254);
#6250 = LINE('',#6251,#6252);
#6251 = CARTESIAN_POINT('',(0.,656.));
#6252 = VECTOR('',#6253,1.);
#6253 = DIRECTION('',(1.,0.));
#6254 = ( GEOMETRIC_REPRESENTATION_CONTEXT(2) 
PARAMETRIC_REPRESENTATION_CONTEXT() REPRESENTATION_CONTEXT('2D SPACE',''
  ) );
#6255 = PCURVE('',#6256,#6261);
#6256 = PLANE('',#6257);
#6257 = AXIS2_PLACEMENT_3D('',#6258,#6259,#6260);
#6258 = CARTESIAN_POINT('',(548.,109.,174.));
#6259 = DIRECTION('',(1.,0.,0.));
#6260 = DIRECTION('',(0.,0.,1.));
#6261 = DEFINITIONAL_REPRESENTATION('',(#6262),#6266);
#6262 = LINE('',#6263,#6264);
#6263 = CARTESIAN_POINT('',(0.,0.));
#6264 = VECTOR('',#6265,1.);
#6265 = DIRECTION('',(1.,0.));
#6266 = ( GEOMETRIC_REPRESENTATION_CONTEXT(2) 
PARAMETRIC_REPRESENTATION_CONTEXT() REPRESENTATION_CONTEXT('2D SPACE',''
  ) );
#6267 = ORIENTED_EDGE('',*,*,#6268,.F.);
#6268 = EDGE_CURVE('',#6269,#6241,#6271,.T.);
#6269 = VERTEX_POINT('',#6270);
#6270 = CARTESIAN_POINT('',(538.,109.,191.));
#6271 = SURFACE_CURVE('',#6272,(#6276,#6282),.PCURVE_S1.);
#6272 = LINE('',#6273,#6274);
#6273 = CARTESIAN_POINT('',(215.,109.,191.));
#6274 = VECTOR('',#6275,1.);
#6275 = DIRECTION('',(1.,0.,0.));
#6276 = PCURVE('',#2526,#6277);
#6277 = DEFINITIONAL_REPRESENTATION('',(#6278),#6281);
#6278 = B_SPLINE_CURVE_WITH_KNOTS('',1,(#6279,#6280),.UNSPECIFIED.,.F.,
  .F.,(2,2),(323.,333.),.PIECEWISE_BEZIER_KNOTS.);
#6279 = CARTESIAN_POINT('',(17.,646.));
#6280 = CARTESIAN_POINT('',(17.,656.));
#6281 = ( GEOMETRIC_REPRESENTATION_CONTEXT(2) 
PARAMETRIC_REPRESENTATION_CONTEXT() REPRESENTATION_CONTEXT('2D SPACE',''
  ) );
#6282 = PCURVE('',#6283,#6288);
#6283 = PLANE('',#6284);
#6284 = AXIS2_PLACEMENT_3D('',#6285,#6286,#6287);
#6285 = CARTESIAN_POINT('',(538.,108.99,191.));
#6286 = DIRECTION('',(0.,0.,1.));
#6287 = DIRECTION('',(1.,0.,-0.));
#6288 = DEFINITIONAL_REPRESENTATION('',(#6289),#6292);
#6289 = B_SPLINE_CURVE_WITH_KNOTS('',1,(#6290,#6291),.UNSPECIFIED.,.F.,
  .F.,(2,2),(323.,333.),.PIECEWISE_BEZIER_KNOTS.);
#6290 = CARTESIAN_POINT('',(0.,1.000000000001E-02));
#6291 = CARTESIAN_POINT('',(10.,1.000000000001E-02));
#6292 = ( GEOMETRIC_REPRESENTATION_CONTEXT(2) 
PARAMETRIC_REPRESENTATION_CONTEXT() REPRESENTATION_CONTEXT('2D SPACE',''
  ) );
#6293 = ORIENTED_EDGE('',*,*,#6294,.T.);
#6294 = EDGE_CURVE('',#6269,#5876,#6295,.T.);
#6295 = SURFACE_CURVE('',#6296,(#6300,#6306),.PCURVE_S1.);
#6296 = LINE('',#6297,#6298);
#6297 = CARTESIAN_POINT('',(538.,109.,173.995));
#6298 = VECTOR('',#6299,1.);
#6299 = DIRECTION('',(-0.,0.,-1.));
#6300 = PCURVE('',#2526,#6301);
#6301 = DEFINITIONAL_REPRESENTATION('',(#6302),#6305);
#6302 = B_SPLINE_CURVE_WITH_KNOTS('',1,(#6303,#6304),.UNSPECIFIED.,.F.,
  .F.,(2,2),(-17.005,-4.999999999995E-03),.PIECEWISE_BEZIER_KNOTS.);
#6303 = CARTESIAN_POINT('',(17.,646.));
#6304 = CARTESIAN_POINT('',(0.,646.));
#6305 = ( GEOMETRIC_REPRESENTATION_CONTEXT(2) 
PARAMETRIC_REPRESENTATION_CONTEXT() REPRESENTATION_CONTEXT('2D SPACE',''
  ) );
#6306 = PCURVE('',#5804,#6307);
#6307 = DEFINITIONAL_REPRESENTATION('',(#6308),#6311);
#6308 = B_SPLINE_CURVE_WITH_KNOTS('',1,(#6309,#6310),.UNSPECIFIED.,.F.,
  .F.,(2,2),(-17.005,-4.999999999995E-03),.PIECEWISE_BEZIER_KNOTS.);
#6309 = CARTESIAN_POINT('',(17.01,-1.000000000001E-02));
#6310 = CARTESIAN_POINT('',(9.999999999991E-03,-1.000000000001E-02));
#6311 = ( GEOMETRIC_REPRESENTATION_CONTEXT(2) 
PARAMETRIC_REPRESENTATION_CONTEXT() REPRESENTATION_CONTEXT('2D SPACE',''
  ) );
#6312 = FACE_BOUND('',#6313,.T.);
#6313 = EDGE_LOOP('',(#6314));
#6314 = ORIENTED_EDGE('',*,*,#2509,.F.);
#6315 = FACE_BOUND('',#6316,.T.);
#6316 = EDGE_LOOP('',(#6317));
#6317 = ORIENTED_EDGE('',*,*,#2564,.F.);
#6318 = FACE_BOUND('',#6319,.T.);
#6319 = EDGE_LOOP('',(#6320));
#6320 = ORIENTED_EDGE('',*,*,#2614,.F.);
#6321 = FACE_BOUND('',#6322,.T.);
#6322 = EDGE_LOOP('',(#6323));
#6323 = ORIENTED_EDGE('',*,*,#2664,.F.);
#6324 = FACE_BOUND('',#6325,.T.);
#6325 = EDGE_LOOP('',(#6326));
#6326 = ORIENTED_EDGE('',*,*,#2714,.F.);
#6327 = FACE_BOUND('',#6328,.T.);
#6328 = EDGE_LOOP('',(#6329));
#6329 = ORIENTED_EDGE('',*,*,#2764,.F.);
#6330 = FACE_BOUND('',#6331,.T.);
#6331 = EDGE_LOOP('',(#6332));
#6332 = ORIENTED_EDGE('',*,*,#2814,.F.);
#6333 = FACE_BOUND('',#6334,.T.);
#6334 = EDGE_LOOP('',(#6335));
#6335 = ORIENTED_EDGE('',*,*,#2864,.F.);
#6336 = FACE_BOUND('',#6337,.T.);
#6337 = EDGE_LOOP('',(#6338));
#6338 = ORIENTED_EDGE('',*,*,#2914,.F.);
#6339 = FACE_BOUND('',#6340,.T.);
#6340 = EDGE_LOOP('',(#6341));
#6341 = ORIENTED_EDGE('',*,*,#2964,.F.);
#6342 = FACE_BOUND('',#6343,.T.);
#6343 = EDGE_LOOP('',(#6344));
#6344 = ORIENTED_EDGE('',*,*,#3014,.F.);
#6345 = FACE_BOUND('',#6346,.T.);
#6346 = EDGE_LOOP('',(#6347));
#6347 = ORIENTED_EDGE('',*,*,#3064,.F.);
#6348 = FACE_BOUND('',#6349,.T.);
#6349 = EDGE_LOOP('',(#6350));
#6350 = ORIENTED_EDGE('',*,*,#3114,.F.);
#6351 = FACE_BOUND('',#6352,.T.);
#6352 = EDGE_LOOP('',(#6353));
#6353 = ORIENTED_EDGE('',*,*,#3164,.F.);
#6354 = FACE_BOUND('',#6355,.T.);
#6355 = EDGE_LOOP('',(#6356));
#6356 = ORIENTED_EDGE('',*,*,#3214,.F.);
#6357 = FACE_BOUND('',#6358,.T.);
#6358 = EDGE_LOOP('',(#6359));
#6359 = ORIENTED_EDGE('',*,*,#3264,.F.);
#6360 = FACE_BOUND('',#6361,.T.);
#6361 = EDGE_LOOP('',(#6362));
#6362 = ORIENTED_EDGE('',*,*,#3314,.F.);
#6363 = FACE_BOUND('',#6364,.T.);
#6364 = EDGE_LOOP('',(#6365));
#6365 = ORIENTED_EDGE('',*,*,#3364,.F.);
#6366 = FACE_BOUND('',#6367,.T.);
#6367 = EDGE_LOOP('',(#6368));
#6368 = ORIENTED_EDGE('',*,*,#3414,.F.);
#6369 = FACE_BOUND('',#6370,.T.);
#6370 = EDGE_LOOP('',(#6371));
#6371 = ORIENTED_EDGE('',*,*,#3464,.F.);
#6372 = FACE_BOUND('',#6373,.T.);
#6373 = EDGE_LOOP('',(#6374));
#6374 = ORIENTED_EDGE('',*,*,#3514,.F.);
#6375 = FACE_BOUND('',#6376,.T.);
#6376 = EDGE_LOOP('',(#6377));
#6377 = ORIENTED_EDGE('',*,*,#3564,.F.);
#6378 = FACE_BOUND('',#6379,.T.);
#6379 = EDGE_LOOP('',(#6380));
#6380 = ORIENTED_EDGE('',*,*,#3614,.F.);
#6381 = FACE_BOUND('',#6382,.T.);
#6382 = EDGE_LOOP('',(#6383));
#6383 = ORIENTED_EDGE('',*,*,#3664,.F.);
#6384 = FACE_BOUND('',#6385,.T.);
#6385 = EDGE_LOOP('',(#6386));
#6386 = ORIENTED_EDGE('',*,*,#3714,.F.);
#6387 = FACE_BOUND('',#6388,.T.);
#6388 = EDGE_LOOP('',(#6389));
#6389 = ORIENTED_EDGE('',*,*,#3764,.F.);
#6390 = FACE_BOUND('',#6391,.T.);
#6391 = EDGE_LOOP('',(#6392));
#6392 = ORIENTED_EDGE('',*,*,#3814,.F.);
#6393 = FACE_BOUND('',#6394,.T.);
#6394 = EDGE_LOOP('',(#6395));
#6395 = ORIENTED_EDGE('',*,*,#3864,.F.);
#6396 = FACE_BOUND('',#6397,.T.);
#6397 = EDGE_LOOP('',(#6398));
#6398 = ORIENTED_EDGE('',*,*,#3914,.F.);
#6399 = FACE_BOUND('',#6400,.T.);
#6400 = EDGE_LOOP('',(#6401));
#6401 = ORIENTED_EDGE('',*,*,#3964,.F.);
#6402 = FACE_BOUND('',#6403,.T.);
#6403 = EDGE_LOOP('',(#6404));
#6404 = ORIENTED_EDGE('',*,*,#4014,.F.);
#6405 = FACE_BOUND('',#6406,.T.);
#6406 = EDGE_LOOP('',(#6407));
#6407 = ORIENTED_EDGE('',*,*,#4064,.F.);
#6408 = FACE_BOUND('',#6409,.T.);
#6409 = EDGE_LOOP('',(#6410));
#6410 = ORIENTED_EDGE('',*,*,#4114,.F.);
#6411 = FACE_BOUND('',#6412,.T.);
#6412 = EDGE_LOOP('',(#6413));
#6413 = ORIENTED_EDGE('',*,*,#4164,.F.);
#6414 = FACE_BOUND('',#6415,.T.);
#6415 = EDGE_LOOP('',(#6416));
#6416 = ORIENTED_EDGE('',*,*,#4214,.F.);
#6417 = FACE_BOUND('',#6418,.T.);
#6418 = EDGE_LOOP('',(#6419));
#6419 = ORIENTED_EDGE('',*,*,#4264,.F.);
#6420 = FACE_BOUND('',#6421,.T.);
#6421 = EDGE_LOOP('',(#6422));
#6422 = ORIENTED_EDGE('',*,*,#4314,.F.);
#6423 = FACE_BOUND('',#6424,.T.);
#6424 = EDGE_LOOP('',(#6425));
#6425 = ORIENTED_EDGE('',*,*,#4364,.F.);
#6426 = FACE_BOUND('',#6427,.T.);
#6427 = EDGE_LOOP('',(#6428));
#6428 = ORIENTED_EDGE('',*,*,#4414,.F.);
#6429 = FACE_BOUND('',#6430,.T.);
#6430 = EDGE_LOOP('',(#6431));
#6431 = ORIENTED_EDGE('',*,*,#4464,.F.);
#6432 = FACE_BOUND('',#6433,.T.);
#6433 = EDGE_LOOP('',(#6434));
#6434 = ORIENTED_EDGE('',*,*,#4514,.F.);
#6435 = FACE_BOUND('',#6436,.T.);
#6436 = EDGE_LOOP('',(#6437));
#6437 = ORIENTED_EDGE('',*,*,#4564,.F.);
#6438 = FACE_BOUND('',#6439,.T.);
#6439 = EDGE_LOOP('',(#6440));
#6440 = ORIENTED_EDGE('',*,*,#4614,.F.);
#6441 = FACE_BOUND('',#6442,.T.);
#6442 = EDGE_LOOP('',(#6443));
#6443 = ORIENTED_EDGE('',*,*,#4664,.F.);
#6444 = FACE_BOUND('',#6445,.T.);
#6445 = EDGE_LOOP('',(#6446));
#6446 = ORIENTED_EDGE('',*,*,#4714,.F.);
#6447 = FACE_BOUND('',#6448,.T.);
#6448 = EDGE_LOOP('',(#6449));
#6449 = ORIENTED_EDGE('',*,*,#4764,.F.);
#6450 = FACE_BOUND('',#6451,.T.);
#6451 = EDGE_LOOP('',(#6452));
#6452 = ORIENTED_EDGE('',*,*,#4814,.F.);
#6453 = FACE_BOUND('',#6454,.T.);
#6454 = EDGE_LOOP('',(#6455));
#6455 = ORIENTED_EDGE('',*,*,#4864,.F.);
#6456 = FACE_BOUND('',#6457,.T.);
#6457 = EDGE_LOOP('',(#6458));
#6458 = ORIENTED_EDGE('',*,*,#4914,.F.);
#6459 = FACE_BOUND('',#6460,.T.);
#6460 = EDGE_LOOP('',(#6461));
#6461 = ORIENTED_EDGE('',*,*,#4964,.F.);
#6462 = ADVANCED_FACE('',(#6463,#6531,#6534),#5053,.F.);
#6463 = FACE_BOUND('',#6464,.F.);
#6464 = EDGE_LOOP('',(#6465,#6488,#6489,#6512));
#6465 = ORIENTED_EDGE('',*,*,#6466,.F.);
#6466 = EDGE_CURVE('',#5992,#6467,#6469,.T.);
#6467 = VERTEX_POINT('',#6468);
#6468 = CARTESIAN_POINT('',(-66.5,143.,242.));
#6469 = SURFACE_CURVE('',#6470,(#6474,#6481),.PCURVE_S1.);
#6470 = LINE('',#6471,#6472);
#6471 = CARTESIAN_POINT('',(-66.5,108.99,242.));
#6472 = VECTOR('',#6473,1.);
#6473 = DIRECTION('',(-0.,1.,0.));
#6474 = PCURVE('',#5053,#6475);
#6475 = DEFINITIONAL_REPRESENTATION('',(#6476),#6480);
#6476 = LINE('',#6477,#6478);
#6477 = CARTESIAN_POINT('',(0.,0.));
#6478 = VECTOR('',#6479,1.);
#6479 = DIRECTION('',(0.,1.));
#6480 = ( GEOMETRIC_REPRESENTATION_CONTEXT(2) 
PARAMETRIC_REPRESENTATION_CONTEXT() REPRESENTATION_CONTEXT('2D SPACE',''
  ) );
#6481 = PCURVE('',#6006,#6482);
#6482 = DEFINITIONAL_REPRESENTATION('',(#6483),#6487);
#6483 = LINE('',#6484,#6485);
#6484 = CARTESIAN_POINT('',(0.,0.));
#6485 = VECTOR('',#6486,1.);
#6486 = DIRECTION('',(0.,-1.));
#6487 = ( GEOMETRIC_REPRESENTATION_CONTEXT(2) 
PARAMETRIC_REPRESENTATION_CONTEXT() REPRESENTATION_CONTEXT('2D SPACE',''
  ) );
#6488 = ORIENTED_EDGE('',*,*,#6017,.T.);
#6489 = ORIENTED_EDGE('',*,*,#6490,.T.);
#6490 = EDGE_CURVE('',#6018,#6491,#6493,.T.);
#6491 = VERTEX_POINT('',#6492);
#6492 = CARTESIAN_POINT('',(-32.5,143.,242.));
#6493 = SURFACE_CURVE('',#6494,(#6498,#6505),.PCURVE_S1.);
#6494 = LINE('',#6495,#6496);
#6495 = CARTESIAN_POINT('',(-32.5,108.99,242.));
#6496 = VECTOR('',#6497,1.);
#6497 = DIRECTION('',(-0.,1.,0.));
#6498 = PCURVE('',#5053,#6499);
#6499 = DEFINITIONAL_REPRESENTATION('',(#6500),#6504);
#6500 = LINE('',#6501,#6502);
#6501 = CARTESIAN_POINT('',(34.,0.));
#6502 = VECTOR('',#6503,1.);
#6503 = DIRECTION('',(0.,1.));
#6504 = ( GEOMETRIC_REPRESENTATION_CONTEXT(2) 
PARAMETRIC_REPRESENTATION_CONTEXT() REPRESENTATION_CONTEXT('2D SPACE',''
  ) );
#6505 = PCURVE('',#6053,#6506);
#6506 = DEFINITIONAL_REPRESENTATION('',(#6507),#6511);
#6507 = LINE('',#6508,#6509);
#6508 = CARTESIAN_POINT('',(0.,0.));
#6509 = VECTOR('',#6510,1.);
#6510 = DIRECTION('',(0.,-1.));
#6511 = ( GEOMETRIC_REPRESENTATION_CONTEXT(2) 
PARAMETRIC_REPRESENTATION_CONTEXT() REPRESENTATION_CONTEXT('2D SPACE',''
  ) );
#6512 = ORIENTED_EDGE('',*,*,#6513,.F.);
#6513 = EDGE_CURVE('',#6467,#6491,#6514,.T.);
#6514 = SURFACE_CURVE('',#6515,(#6519,#6525),.PCURVE_S1.);
#6515 = LINE('',#6516,#6517);
#6516 = CARTESIAN_POINT('',(-87.25,143.,242.));
#6517 = VECTOR('',#6518,1.);
#6518 = DIRECTION('',(1.,0.,0.));
#6519 = PCURVE('',#5053,#6520);
#6520 = DEFINITIONAL_REPRESENTATION('',(#6521),#6524);
#6521 = B_SPLINE_CURVE_WITH_KNOTS('',1,(#6522,#6523),.UNSPECIFIED.,.F.,
  .F.,(2,2),(20.75,54.75),.PIECEWISE_BEZIER_KNOTS.);
#6522 = CARTESIAN_POINT('',(0.,34.01));
#6523 = CARTESIAN_POINT('',(34.,34.01));
#6524 = ( GEOMETRIC_REPRESENTATION_CONTEXT(2) 
PARAMETRIC_REPRESENTATION_CONTEXT() REPRESENTATION_CONTEXT('2D SPACE',''
  ) );
#6525 = PCURVE('',#5295,#6526);
#6526 = DEFINITIONAL_REPRESENTATION('',(#6527),#6530);
#6527 = B_SPLINE_CURVE_WITH_KNOTS('',1,(#6528,#6529),.UNSPECIFIED.,.F.,
  .F.,(2,2),(20.75,54.75),.PIECEWISE_BEZIER_KNOTS.);
#6528 = CARTESIAN_POINT('',(68.,41.5));
#6529 = CARTESIAN_POINT('',(68.,75.5));
#6530 = ( GEOMETRIC_REPRESENTATION_CONTEXT(2) 
PARAMETRIC_REPRESENTATION_CONTEXT() REPRESENTATION_CONTEXT('2D SPACE',''
  ) );
#6531 = FACE_BOUND('',#6532,.F.);
#6532 = EDGE_LOOP('',(#6533));
#6533 = ORIENTED_EDGE('',*,*,#5038,.F.);
#6534 = FACE_BOUND('',#6535,.F.);
#6535 = EDGE_LOOP('',(#6536));
#6536 = ORIENTED_EDGE('',*,*,#5148,.F.);
#6537 = ADVANCED_FACE('',(#6538,#6606,#6609),#5108,.F.);
#6538 = FACE_BOUND('',#6539,.F.);
#6539 = EDGE_LOOP('',(#6540,#6563,#6564,#6587));
#6540 = ORIENTED_EDGE('',*,*,#6541,.F.);
#6541 = EDGE_CURVE('',#6093,#6542,#6544,.T.);
#6542 = VERTEX_POINT('',#6543);
#6543 = CARTESIAN_POINT('',(484.5,143.,242.));
#6544 = SURFACE_CURVE('',#6545,(#6549,#6556),.PCURVE_S1.);
#6545 = LINE('',#6546,#6547);
#6546 = CARTESIAN_POINT('',(484.5,108.99,242.));
#6547 = VECTOR('',#6548,1.);
#6548 = DIRECTION('',(-0.,1.,0.));
#6549 = PCURVE('',#5108,#6550);
#6550 = DEFINITIONAL_REPRESENTATION('',(#6551),#6555);
#6551 = LINE('',#6552,#6553);
#6552 = CARTESIAN_POINT('',(0.,0.));
#6553 = VECTOR('',#6554,1.);
#6554 = DIRECTION('',(0.,1.));
#6555 = ( GEOMETRIC_REPRESENTATION_CONTEXT(2) 
PARAMETRIC_REPRESENTATION_CONTEXT() REPRESENTATION_CONTEXT('2D SPACE',''
  ) );
#6556 = PCURVE('',#6107,#6557);
#6557 = DEFINITIONAL_REPRESENTATION('',(#6558),#6562);
#6558 = LINE('',#6559,#6560);
#6559 = CARTESIAN_POINT('',(0.,0.));
#6560 = VECTOR('',#6561,1.);
#6561 = DIRECTION('',(0.,-1.));
#6562 = ( GEOMETRIC_REPRESENTATION_CONTEXT(2) 
PARAMETRIC_REPRESENTATION_CONTEXT() REPRESENTATION_CONTEXT('2D SPACE',''
  ) );
#6563 = ORIENTED_EDGE('',*,*,#6118,.T.);
#6564 = ORIENTED_EDGE('',*,*,#6565,.T.);
#6565 = EDGE_CURVE('',#6119,#6566,#6568,.T.);
#6566 = VERTEX_POINT('',#6567);
#6567 = CARTESIAN_POINT('',(523.5,143.,242.));
#6568 = SURFACE_CURVE('',#6569,(#6573,#6580),.PCURVE_S1.);
#6569 = LINE('',#6570,#6571);
#6570 = CARTESIAN_POINT('',(523.5,108.99,242.));
#6571 = VECTOR('',#6572,1.);
#6572 = DIRECTION('',(-0.,1.,0.));
#6573 = PCURVE('',#5108,#6574);
#6574 = DEFINITIONAL_REPRESENTATION('',(#6575),#6579);
#6575 = LINE('',#6576,#6577);
#6576 = CARTESIAN_POINT('',(39.,0.));
#6577 = VECTOR('',#6578,1.);
#6578 = DIRECTION('',(0.,1.));
#6579 = ( GEOMETRIC_REPRESENTATION_CONTEXT(2) 
PARAMETRIC_REPRESENTATION_CONTEXT() REPRESENTATION_CONTEXT('2D SPACE',''
  ) );
#6580 = PCURVE('',#6154,#6581);
#6581 = DEFINITIONAL_REPRESENTATION('',(#6582),#6586);
#6582 = LINE('',#6583,#6584);
#6583 = CARTESIAN_POINT('',(0.,0.));
#6584 = VECTOR('',#6585,1.);
#6585 = DIRECTION('',(0.,-1.));
#6586 = ( GEOMETRIC_REPRESENTATION_CONTEXT(2) 
PARAMETRIC_REPRESENTATION_CONTEXT() REPRESENTATION_CONTEXT('2D SPACE',''
  ) );
#6587 = ORIENTED_EDGE('',*,*,#6588,.F.);
#6588 = EDGE_CURVE('',#6542,#6566,#6589,.T.);
#6589 = SURFACE_CURVE('',#6590,(#6594,#6600),.PCURVE_S1.);
#6590 = LINE('',#6591,#6592);
#6591 = CARTESIAN_POINT('',(188.25,143.,242.));
#6592 = VECTOR('',#6593,1.);
#6593 = DIRECTION('',(1.,0.,0.));
#6594 = PCURVE('',#5108,#6595);
#6595 = DEFINITIONAL_REPRESENTATION('',(#6596),#6599);
#6596 = B_SPLINE_CURVE_WITH_KNOTS('',1,(#6597,#6598),.UNSPECIFIED.,.F.,
  .F.,(2,2),(296.25,335.25),.PIECEWISE_BEZIER_KNOTS.);
#6597 = CARTESIAN_POINT('',(0.,34.01));
#6598 = CARTESIAN_POINT('',(39.,34.01));
#6599 = ( GEOMETRIC_REPRESENTATION_CONTEXT(2) 
PARAMETRIC_REPRESENTATION_CONTEXT() REPRESENTATION_CONTEXT('2D SPACE',''
  ) );
#6600 = PCURVE('',#5295,#6601);
#6601 = DEFINITIONAL_REPRESENTATION('',(#6602),#6605);
#6602 = B_SPLINE_CURVE_WITH_KNOTS('',1,(#6603,#6604),.UNSPECIFIED.,.F.,
  .F.,(2,2),(296.25,335.25),.PIECEWISE_BEZIER_KNOTS.);
#6603 = CARTESIAN_POINT('',(68.,592.5));
#6604 = CARTESIAN_POINT('',(68.,631.5));
#6605 = ( GEOMETRIC_REPRESENTATION_CONTEXT(2) 
PARAMETRIC_REPRESENTATION_CONTEXT() REPRESENTATION_CONTEXT('2D SPACE',''
  ) );
#6606 = FACE_BOUND('',#6607,.F.);
#6607 = EDGE_LOOP('',(#6608));
#6608 = ORIENTED_EDGE('',*,*,#5093,.F.);
#6609 = FACE_BOUND('',#6610,.F.);
#6610 = EDGE_LOOP('',(#6611));
#6611 = ORIENTED_EDGE('',*,*,#5198,.F.);
#6612 = ADVANCED_FACE('',(#6613),#5242,.F.);
#6613 = FACE_BOUND('',#6614,.F.);
#6614 = EDGE_LOOP('',(#6615,#6616,#6637,#6658));
#6615 = ORIENTED_EDGE('',*,*,#5224,.F.);
#6616 = ORIENTED_EDGE('',*,*,#6617,.T.);
#6617 = EDGE_CURVE('',#5225,#6618,#6620,.T.);
#6618 = VERTEX_POINT('',#6619);
#6619 = CARTESIAN_POINT('',(-108.,128.,174.));
#6620 = SURFACE_CURVE('',#6621,(#6625,#6631),.PCURVE_S1.);
#6621 = LINE('',#6622,#6623);
#6622 = CARTESIAN_POINT('',(-109.,128.,174.));
#6623 = VECTOR('',#6624,1.);
#6624 = DIRECTION('',(-1.,-0.,0.));
#6625 = PCURVE('',#5242,#6626);
#6626 = DEFINITIONAL_REPRESENTATION('',(#6627),#6630);
#6627 = B_SPLINE_CURVE_WITH_KNOTS('',1,(#6628,#6629),.UNSPECIFIED.,.F.,
  .F.,(2,2),(-11.,-1.),.PIECEWISE_BEZIER_KNOTS.);
#6628 = CARTESIAN_POINT('',(9.999999999991E-03,12.));
#6629 = CARTESIAN_POINT('',(9.999999999991E-03,2.));
#6630 = ( GEOMETRIC_REPRESENTATION_CONTEXT(2) 
PARAMETRIC_REPRESENTATION_CONTEXT() REPRESENTATION_CONTEXT('2D SPACE',''
  ) );
#6631 = PCURVE('',#5269,#6632);
#6632 = DEFINITIONAL_REPRESENTATION('',(#6633),#6636);
#6633 = B_SPLINE_CURVE_WITH_KNOTS('',1,(#6634,#6635),.UNSPECIFIED.,.F.,
  .F.,(2,2),(-11.,-1.),.PIECEWISE_BEZIER_KNOTS.);
#6634 = CARTESIAN_POINT('',(10.,19.));
#6635 = CARTESIAN_POINT('',(0.,19.));
#6636 = ( GEOMETRIC_REPRESENTATION_CONTEXT(2) 
PARAMETRIC_REPRESENTATION_CONTEXT() REPRESENTATION_CONTEXT('2D SPACE',''
  ) );
#6637 = ORIENTED_EDGE('',*,*,#6638,.T.);
#6638 = EDGE_CURVE('',#6618,#6639,#6641,.T.);
#6639 = VERTEX_POINT('',#6640);
#6640 = CARTESIAN_POINT('',(-108.,128.,191.));
#6641 = SURFACE_CURVE('',#6642,(#6646,#6652),.PCURVE_S1.);
#6642 = LINE('',#6643,#6644);
#6643 = CARTESIAN_POINT('',(-108.,128.,173.995));
#6644 = VECTOR('',#6645,1.);
#6645 = DIRECTION('',(0.,-0.,1.));
#6646 = PCURVE('',#5242,#6647);
#6647 = DEFINITIONAL_REPRESENTATION('',(#6648),#6651);
#6648 = B_SPLINE_CURVE_WITH_KNOTS('',1,(#6649,#6650),.UNSPECIFIED.,.F.,
  .F.,(2,2),(4.999999999995E-03,17.005),.PIECEWISE_BEZIER_KNOTS.);
#6649 = CARTESIAN_POINT('',(9.999999999991E-03,2.));
#6650 = CARTESIAN_POINT('',(17.01,2.));
#6651 = ( GEOMETRIC_REPRESENTATION_CONTEXT(2) 
PARAMETRIC_REPRESENTATION_CONTEXT() REPRESENTATION_CONTEXT('2D SPACE',''
  ) );
#6652 = PCURVE('',#5936,#6653);
#6653 = DEFINITIONAL_REPRESENTATION('',(#6654),#6657);
#6654 = B_SPLINE_CURVE_WITH_KNOTS('',1,(#6655,#6656),.UNSPECIFIED.,.F.,
  .F.,(2,2),(4.999999999995E-03,17.005),.PIECEWISE_BEZIER_KNOTS.);
#6655 = CARTESIAN_POINT('',(0.,-19.));
#6656 = CARTESIAN_POINT('',(17.,-19.));
#6657 = ( GEOMETRIC_REPRESENTATION_CONTEXT(2) 
PARAMETRIC_REPRESENTATION_CONTEXT() REPRESENTATION_CONTEXT('2D SPACE',''
  ) );
#6658 = ORIENTED_EDGE('',*,*,#6659,.T.);
#6659 = EDGE_CURVE('',#6639,#5227,#6660,.T.);
#6660 = SURFACE_CURVE('',#6661,(#6665,#6672),.PCURVE_S1.);
#6661 = LINE('',#6662,#6663);
#6662 = CARTESIAN_POINT('',(-110.,128.,191.));
#6663 = VECTOR('',#6664,1.);
#6664 = DIRECTION('',(1.,0.,-0.));
#6665 = PCURVE('',#5242,#6666);
#6666 = DEFINITIONAL_REPRESENTATION('',(#6667),#6671);
#6667 = LINE('',#6668,#6669);
#6668 = CARTESIAN_POINT('',(17.01,0.));
#6669 = VECTOR('',#6670,1.);
#6670 = DIRECTION('',(0.,1.));
#6671 = ( GEOMETRIC_REPRESENTATION_CONTEXT(2) 
PARAMETRIC_REPRESENTATION_CONTEXT() REPRESENTATION_CONTEXT('2D SPACE',''
  ) );
#6672 = PCURVE('',#5320,#6673);
#6673 = DEFINITIONAL_REPRESENTATION('',(#6674),#6678);
#6674 = LINE('',#6675,#6676);
#6675 = CARTESIAN_POINT('',(0.,0.));
#6676 = VECTOR('',#6677,1.);
#6677 = DIRECTION('',(1.,0.));
#6678 = ( GEOMETRIC_REPRESENTATION_CONTEXT(2) 
PARAMETRIC_REPRESENTATION_CONTEXT() REPRESENTATION_CONTEXT('2D SPACE',''
  ) );
#6679 = ADVANCED_FACE('',(#6680),#5269,.T.);
#6680 = FACE_BOUND('',#6681,.T.);
#6681 = EDGE_LOOP('',(#6682,#6705,#6724,#6725,#6726,#6747,#6773,#6796,
    #6822,#6843,#6864,#6865));
#6682 = ORIENTED_EDGE('',*,*,#6683,.F.);
#6683 = EDGE_CURVE('',#6684,#6618,#6686,.T.);
#6684 = VERTEX_POINT('',#6685);
#6685 = CARTESIAN_POINT('',(-108.,122.,174.));
#6686 = SURFACE_CURVE('',#6687,(#6691,#6698),.PCURVE_S1.);
#6687 = LINE('',#6688,#6689);
#6688 = CARTESIAN_POINT('',(-108.,109.,174.));
#6689 = VECTOR('',#6690,1.);
#6690 = DIRECTION('',(0.,1.,0.));
#6691 = PCURVE('',#5269,#6692);
#6692 = DEFINITIONAL_REPRESENTATION('',(#6693),#6697);
#6693 = LINE('',#6694,#6695);
#6694 = CARTESIAN_POINT('',(0.,0.));
#6695 = VECTOR('',#6696,1.);
#6696 = DIRECTION('',(0.,1.));
#6697 = ( GEOMETRIC_REPRESENTATION_CONTEXT(2) 
PARAMETRIC_REPRESENTATION_CONTEXT() REPRESENTATION_CONTEXT('2D SPACE',''
  ) );
#6698 = PCURVE('',#5936,#6699);
#6699 = DEFINITIONAL_REPRESENTATION('',(#6700),#6704);
#6700 = LINE('',#6701,#6702);
#6701 = CARTESIAN_POINT('',(0.,0.));
#6702 = VECTOR('',#6703,1.);
#6703 = DIRECTION('',(0.,-1.));
#6704 = ( GEOMETRIC_REPRESENTATION_CONTEXT(2) 
PARAMETRIC_REPRESENTATION_CONTEXT() REPRESENTATION_CONTEXT('2D SPACE',''
  ) );
#6705 = ORIENTED_EDGE('',*,*,#6706,.F.);
#6706 = EDGE_CURVE('',#5499,#6684,#6707,.T.);
#6707 = SURFACE_CURVE('',#6708,(#6712,#6718),.PCURVE_S1.);
#6708 = LINE('',#6709,#6710);
#6709 = CARTESIAN_POINT('',(-109.,122.,174.));
#6710 = VECTOR('',#6711,1.);
#6711 = DIRECTION('',(-1.,-0.,0.));
#6712 = PCURVE('',#5269,#6713);
#6713 = DEFINITIONAL_REPRESENTATION('',(#6714),#6717);
#6714 = B_SPLINE_CURVE_WITH_KNOTS('',1,(#6715,#6716),.UNSPECIFIED.,.F.,
  .F.,(2,2),(-11.,-1.),.PIECEWISE_BEZIER_KNOTS.);
#6715 = CARTESIAN_POINT('',(10.,13.));
#6716 = CARTESIAN_POINT('',(0.,13.));
#6717 = ( GEOMETRIC_REPRESENTATION_CONTEXT(2) 
PARAMETRIC_REPRESENTATION_CONTEXT() REPRESENTATION_CONTEXT('2D SPACE',''
  ) );
#6718 = PCURVE('',#5533,#6719);
#6719 = DEFINITIONAL_REPRESENTATION('',(#6720),#6723);
#6720 = B_SPLINE_CURVE_WITH_KNOTS('',1,(#6721,#6722),.UNSPECIFIED.,.F.,
  .F.,(2,2),(-11.,-1.),.PIECEWISE_BEZIER_KNOTS.);
#6721 = CARTESIAN_POINT('',(9.999999999991E-03,12.));
#6722 = CARTESIAN_POINT('',(9.999999999991E-03,2.));
#6723 = ( GEOMETRIC_REPRESENTATION_CONTEXT(2) 
PARAMETRIC_REPRESENTATION_CONTEXT() REPRESENTATION_CONTEXT('2D SPACE',''
  ) );
#6724 = ORIENTED_EDGE('',*,*,#5498,.F.);
#6725 = ORIENTED_EDGE('',*,*,#5875,.T.);
#6726 = ORIENTED_EDGE('',*,*,#6727,.T.);
#6727 = EDGE_CURVE('',#5876,#6728,#6730,.T.);
#6728 = VERTEX_POINT('',#6729);
#6729 = CARTESIAN_POINT('',(538.,122.,174.));
#6730 = SURFACE_CURVE('',#6731,(#6735,#6741),.PCURVE_S1.);
#6731 = LINE('',#6732,#6733);
#6732 = CARTESIAN_POINT('',(538.,108.995,174.));
#6733 = VECTOR('',#6734,1.);
#6734 = DIRECTION('',(-0.,1.,0.));
#6735 = PCURVE('',#5269,#6736);
#6736 = DEFINITIONAL_REPRESENTATION('',(#6737),#6740);
#6737 = B_SPLINE_CURVE_WITH_KNOTS('',1,(#6738,#6739),.UNSPECIFIED.,.F.,
  .F.,(2,2),(4.999999999995E-03,13.005),.PIECEWISE_BEZIER_KNOTS.);
#6738 = CARTESIAN_POINT('',(646.,0.));
#6739 = CARTESIAN_POINT('',(646.,13.));
#6740 = ( GEOMETRIC_REPRESENTATION_CONTEXT(2) 
PARAMETRIC_REPRESENTATION_CONTEXT() REPRESENTATION_CONTEXT('2D SPACE',''
  ) );
#6741 = PCURVE('',#5804,#6742);
#6742 = DEFINITIONAL_REPRESENTATION('',(#6743),#6746);
#6743 = B_SPLINE_CURVE_WITH_KNOTS('',1,(#6744,#6745),.UNSPECIFIED.,.F.,
  .F.,(2,2),(4.999999999995E-03,13.005),.PIECEWISE_BEZIER_KNOTS.);
#6744 = CARTESIAN_POINT('',(9.999999999991E-03,-1.000000000001E-02));
#6745 = CARTESIAN_POINT('',(9.999999999991E-03,-13.01));
#6746 = ( GEOMETRIC_REPRESENTATION_CONTEXT(2) 
PARAMETRIC_REPRESENTATION_CONTEXT() REPRESENTATION_CONTEXT('2D SPACE',''
  ) );
#6747 = ORIENTED_EDGE('',*,*,#6748,.F.);
#6748 = EDGE_CURVE('',#6749,#6728,#6751,.T.);
#6749 = VERTEX_POINT('',#6750);
#6750 = CARTESIAN_POINT('',(548.,122.,174.));
#6751 = SURFACE_CURVE('',#6752,(#6756,#6762),.PCURVE_S1.);
#6752 = LINE('',#6753,#6754);
#6753 = CARTESIAN_POINT('',(215.,122.,174.));
#6754 = VECTOR('',#6755,1.);
#6755 = DIRECTION('',(-1.,-0.,0.));
#6756 = PCURVE('',#5269,#6757);
#6757 = DEFINITIONAL_REPRESENTATION('',(#6758),#6761);
#6758 = B_SPLINE_CURVE_WITH_KNOTS('',1,(#6759,#6760),.UNSPECIFIED.,.F.,
  .F.,(2,2),(-333.,-323.),.PIECEWISE_BEZIER_KNOTS.);
#6759 = CARTESIAN_POINT('',(656.,13.));
#6760 = CARTESIAN_POINT('',(646.,13.));
#6761 = ( GEOMETRIC_REPRESENTATION_CONTEXT(2) 
PARAMETRIC_REPRESENTATION_CONTEXT() REPRESENTATION_CONTEXT('2D SPACE',''
  ) );
#6762 = PCURVE('',#6763,#6768);
#6763 = PLANE('',#6764);
#6764 = AXIS2_PLACEMENT_3D('',#6765,#6766,#6767);
#6765 = CARTESIAN_POINT('',(538.,122.,173.99));
#6766 = DIRECTION('',(-0.,1.,0.));
#6767 = DIRECTION('',(0.,0.,1.));
#6768 = DEFINITIONAL_REPRESENTATION('',(#6769),#6772);
#6769 = B_SPLINE_CURVE_WITH_KNOTS('',1,(#6770,#6771),.UNSPECIFIED.,.F.,
  .F.,(2,2),(-333.,-323.),.PIECEWISE_BEZIER_KNOTS.);
#6770 = CARTESIAN_POINT('',(9.999999999991E-03,10.));
#6771 = CARTESIAN_POINT('',(9.999999999991E-03,0.));
#6772 = ( GEOMETRIC_REPRESENTATION_CONTEXT(2) 
PARAMETRIC_REPRESENTATION_CONTEXT() REPRESENTATION_CONTEXT('2D SPACE',''
  ) );
#6773 = ORIENTED_EDGE('',*,*,#6774,.T.);
#6774 = EDGE_CURVE('',#6749,#6775,#6777,.T.);
#6775 = VERTEX_POINT('',#6776);
#6776 = CARTESIAN_POINT('',(548.,128.,174.));
#6777 = SURFACE_CURVE('',#6778,(#6782,#6789),.PCURVE_S1.);
#6778 = LINE('',#6779,#6780);
#6779 = CARTESIAN_POINT('',(548.,109.,174.));
#6780 = VECTOR('',#6781,1.);
#6781 = DIRECTION('',(0.,1.,0.));
#6782 = PCURVE('',#5269,#6783);
#6783 = DEFINITIONAL_REPRESENTATION('',(#6784),#6788);
#6784 = LINE('',#6785,#6786);
#6785 = CARTESIAN_POINT('',(656.,0.));
#6786 = VECTOR('',#6787,1.);
#6787 = DIRECTION('',(0.,1.));
#6788 = ( GEOMETRIC_REPRESENTATION_CONTEXT(2) 
PARAMETRIC_REPRESENTATION_CONTEXT() REPRESENTATION_CONTEXT('2D SPACE',''
  ) );
#6789 = PCURVE('',#6256,#6790);
#6790 = DEFINITIONAL_REPRESENTATION('',(#6791),#6795);
#6791 = LINE('',#6792,#6793);
#6792 = CARTESIAN_POINT('',(0.,0.));
#6793 = VECTOR('',#6794,1.);
#6794 = DIRECTION('',(0.,-1.));
#6795 = ( GEOMETRIC_REPRESENTATION_CONTEXT(2) 
PARAMETRIC_REPRESENTATION_CONTEXT() REPRESENTATION_CONTEXT('2D SPACE',''
  ) );
#6796 = ORIENTED_EDGE('',*,*,#6797,.T.);
#6797 = EDGE_CURVE('',#6775,#6798,#6800,.T.);
#6798 = VERTEX_POINT('',#6799);
#6799 = CARTESIAN_POINT('',(538.,128.,174.));
#6800 = SURFACE_CURVE('',#6801,(#6805,#6811),.PCURVE_S1.);
#6801 = LINE('',#6802,#6803);
#6802 = CARTESIAN_POINT('',(215.,128.,174.));
#6803 = VECTOR('',#6804,1.);
#6804 = DIRECTION('',(-1.,-0.,0.));
#6805 = PCURVE('',#5269,#6806);
#6806 = DEFINITIONAL_REPRESENTATION('',(#6807),#6810);
#6807 = B_SPLINE_CURVE_WITH_KNOTS('',1,(#6808,#6809),.UNSPECIFIED.,.F.,
  .F.,(2,2),(-333.,-323.),.PIECEWISE_BEZIER_KNOTS.);
#6808 = CARTESIAN_POINT('',(656.,19.));
#6809 = CARTESIAN_POINT('',(646.,19.));
#6810 = ( GEOMETRIC_REPRESENTATION_CONTEXT(2) 
PARAMETRIC_REPRESENTATION_CONTEXT() REPRESENTATION_CONTEXT('2D SPACE',''
  ) );
#6811 = PCURVE('',#6812,#6817);
#6812 = PLANE('',#6813);
#6813 = AXIS2_PLACEMENT_3D('',#6814,#6815,#6816);
#6814 = CARTESIAN_POINT('',(538.,128.,173.99));
#6815 = DIRECTION('',(-0.,1.,0.));
#6816 = DIRECTION('',(0.,0.,1.));
#6817 = DEFINITIONAL_REPRESENTATION('',(#6818),#6821);
#6818 = B_SPLINE_CURVE_WITH_KNOTS('',1,(#6819,#6820),.UNSPECIFIED.,.F.,
  .F.,(2,2),(-333.,-323.),.PIECEWISE_BEZIER_KNOTS.);
#6819 = CARTESIAN_POINT('',(9.999999999991E-03,10.));
#6820 = CARTESIAN_POINT('',(9.999999999991E-03,0.));
#6821 = ( GEOMETRIC_REPRESENTATION_CONTEXT(2) 
PARAMETRIC_REPRESENTATION_CONTEXT() REPRESENTATION_CONTEXT('2D SPACE',''
  ) );
#6822 = ORIENTED_EDGE('',*,*,#6823,.T.);
#6823 = EDGE_CURVE('',#6798,#6824,#6826,.T.);
#6824 = VERTEX_POINT('',#6825);
#6825 = CARTESIAN_POINT('',(538.,143.,174.));
#6826 = SURFACE_CURVE('',#6827,(#6831,#6837),.PCURVE_S1.);
#6827 = LINE('',#6828,#6829);
#6828 = CARTESIAN_POINT('',(538.,118.5,174.));
#6829 = VECTOR('',#6830,1.);
#6830 = DIRECTION('',(-0.,1.,0.));
#6831 = PCURVE('',#5269,#6832);
#6832 = DEFINITIONAL_REPRESENTATION('',(#6833),#6836);
#6833 = B_SPLINE_CURVE_WITH_KNOTS('',1,(#6834,#6835),.UNSPECIFIED.,.F.,
  .F.,(2,2),(9.5,24.5),.PIECEWISE_BEZIER_KNOTS.);
#6834 = CARTESIAN_POINT('',(646.,19.));
#6835 = CARTESIAN_POINT('',(646.,34.));
#6836 = ( GEOMETRIC_REPRESENTATION_CONTEXT(2) 
PARAMETRIC_REPRESENTATION_CONTEXT() REPRESENTATION_CONTEXT('2D SPACE',''
  ) );
#6837 = PCURVE('',#5694,#6838);
#6838 = DEFINITIONAL_REPRESENTATION('',(#6839),#6842);
#6839 = B_SPLINE_CURVE_WITH_KNOTS('',1,(#6840,#6841),.UNSPECIFIED.,.F.,
  .F.,(2,2),(9.5,24.5),.PIECEWISE_BEZIER_KNOTS.);
#6840 = CARTESIAN_POINT('',(9.999999999991E-03,0.));
#6841 = CARTESIAN_POINT('',(9.999999999991E-03,-15.));
#6842 = ( GEOMETRIC_REPRESENTATION_CONTEXT(2) 
PARAMETRIC_REPRESENTATION_CONTEXT() REPRESENTATION_CONTEXT('2D SPACE',''
  ) );
#6843 = ORIENTED_EDGE('',*,*,#6844,.F.);
#6844 = EDGE_CURVE('',#5255,#6824,#6845,.T.);
#6845 = SURFACE_CURVE('',#6846,(#6850,#6857),.PCURVE_S1.);
#6846 = LINE('',#6847,#6848);
#6847 = CARTESIAN_POINT('',(-108.,143.,174.));
#6848 = VECTOR('',#6849,1.);
#6849 = DIRECTION('',(1.,0.,0.));
#6850 = PCURVE('',#5269,#6851);
#6851 = DEFINITIONAL_REPRESENTATION('',(#6852),#6856);
#6852 = LINE('',#6853,#6854);
#6853 = CARTESIAN_POINT('',(0.,34.));
#6854 = VECTOR('',#6855,1.);
#6855 = DIRECTION('',(1.,0.));
#6856 = ( GEOMETRIC_REPRESENTATION_CONTEXT(2) 
PARAMETRIC_REPRESENTATION_CONTEXT() REPRESENTATION_CONTEXT('2D SPACE',''
  ) );
#6857 = PCURVE('',#5295,#6858);
#6858 = DEFINITIONAL_REPRESENTATION('',(#6859),#6863);
#6859 = LINE('',#6860,#6861);
#6860 = CARTESIAN_POINT('',(0.,0.));
#6861 = VECTOR('',#6862,1.);
#6862 = DIRECTION('',(0.,1.));
#6863 = ( GEOMETRIC_REPRESENTATION_CONTEXT(2) 
PARAMETRIC_REPRESENTATION_CONTEXT() REPRESENTATION_CONTEXT('2D SPACE',''
  ) );
#6864 = ORIENTED_EDGE('',*,*,#5254,.F.);
#6865 = ORIENTED_EDGE('',*,*,#6617,.T.);
#6866 = ADVANCED_FACE('',(#6867),#5320,.T.);
#6867 = FACE_BOUND('',#6868,.T.);
#6868 = EDGE_LOOP('',(#6869,#6890,#6891,#6892));
#6869 = ORIENTED_EDGE('',*,*,#6870,.T.);
#6870 = EDGE_CURVE('',#6871,#6639,#6873,.T.);
#6871 = VERTEX_POINT('',#6872);
#6872 = CARTESIAN_POINT('',(-108.,143.,191.));
#6873 = SURFACE_CURVE('',#6874,(#6878,#6884),.PCURVE_S1.);
#6874 = LINE('',#6875,#6876);
#6875 = CARTESIAN_POINT('',(-108.,118.5,191.));
#6876 = VECTOR('',#6877,1.);
#6877 = DIRECTION('',(0.,-1.,0.));
#6878 = PCURVE('',#5320,#6879);
#6879 = DEFINITIONAL_REPRESENTATION('',(#6880),#6883);
#6880 = B_SPLINE_CURVE_WITH_KNOTS('',1,(#6881,#6882),.UNSPECIFIED.,.F.,
  .F.,(2,2),(-24.5,-9.5),.PIECEWISE_BEZIER_KNOTS.);
#6881 = CARTESIAN_POINT('',(2.,15.));
#6882 = CARTESIAN_POINT('',(2.,0.));
#6883 = ( GEOMETRIC_REPRESENTATION_CONTEXT(2) 
PARAMETRIC_REPRESENTATION_CONTEXT() REPRESENTATION_CONTEXT('2D SPACE',''
  ) );
#6884 = PCURVE('',#5936,#6885);
#6885 = DEFINITIONAL_REPRESENTATION('',(#6886),#6889);
#6886 = B_SPLINE_CURVE_WITH_KNOTS('',1,(#6887,#6888),.UNSPECIFIED.,.F.,
  .F.,(2,2),(-24.5,-9.5),.PIECEWISE_BEZIER_KNOTS.);
#6887 = CARTESIAN_POINT('',(17.,-34.));
#6888 = CARTESIAN_POINT('',(17.,-19.));
#6889 = ( GEOMETRIC_REPRESENTATION_CONTEXT(2) 
PARAMETRIC_REPRESENTATION_CONTEXT() REPRESENTATION_CONTEXT('2D SPACE',''
  ) );
#6890 = ORIENTED_EDGE('',*,*,#6659,.T.);
#6891 = ORIENTED_EDGE('',*,*,#5306,.T.);
#6892 = ORIENTED_EDGE('',*,*,#6893,.F.);
#6893 = EDGE_CURVE('',#6871,#5281,#6894,.T.);
#6894 = SURFACE_CURVE('',#6895,(#6899,#6905),.PCURVE_S1.);
#6895 = LINE('',#6896,#6897);
#6896 = CARTESIAN_POINT('',(-109.,143.,191.));
#6897 = VECTOR('',#6898,1.);
#6898 = DIRECTION('',(1.,0.,0.));
#6899 = PCURVE('',#5320,#6900);
#6900 = DEFINITIONAL_REPRESENTATION('',(#6901),#6904);
#6901 = B_SPLINE_CURVE_WITH_KNOTS('',1,(#6902,#6903),.UNSPECIFIED.,.F.,
  .F.,(2,2),(1.,11.),.PIECEWISE_BEZIER_KNOTS.);
#6902 = CARTESIAN_POINT('',(2.,15.));
#6903 = CARTESIAN_POINT('',(12.,15.));
#6904 = ( GEOMETRIC_REPRESENTATION_CONTEXT(2) 
PARAMETRIC_REPRESENTATION_CONTEXT() REPRESENTATION_CONTEXT('2D SPACE',''
  ) );
#6905 = PCURVE('',#5295,#6906);
#6906 = DEFINITIONAL_REPRESENTATION('',(#6907),#6910);
#6907 = B_SPLINE_CURVE_WITH_KNOTS('',1,(#6908,#6909),.UNSPECIFIED.,.F.,
  .F.,(2,2),(1.,11.),.PIECEWISE_BEZIER_KNOTS.);
#6908 = CARTESIAN_POINT('',(17.,0.));
#6909 = CARTESIAN_POINT('',(17.,10.));
#6910 = ( GEOMETRIC_REPRESENTATION_CONTEXT(2) 
PARAMETRIC_REPRESENTATION_CONTEXT() REPRESENTATION_CONTEXT('2D SPACE',''
  ) );
#6911 = ADVANCED_FACE('',(#6912),#5295,.F.);
#6912 = FACE_BOUND('',#6913,.F.);
#6913 = EDGE_LOOP('',(#6914,#6915,#6916,#6917,#6940,#6959,#6960,#6983,
    #7002,#7003,#7024,#7047,#7066,#7067,#7088,#7111,#7132,#7158,#7181,
    #7207));
#6914 = ORIENTED_EDGE('',*,*,#6844,.F.);
#6915 = ORIENTED_EDGE('',*,*,#5280,.F.);
#6916 = ORIENTED_EDGE('',*,*,#6893,.F.);
#6917 = ORIENTED_EDGE('',*,*,#6918,.T.);
#6918 = EDGE_CURVE('',#6871,#6919,#6921,.T.);
#6919 = VERTEX_POINT('',#6920);
#6920 = CARTESIAN_POINT('',(-108.,143.,233.));
#6921 = SURFACE_CURVE('',#6922,(#6926,#6933),.PCURVE_S1.);
#6922 = LINE('',#6923,#6924);
#6923 = CARTESIAN_POINT('',(-108.,143.,174.));
#6924 = VECTOR('',#6925,1.);
#6925 = DIRECTION('',(0.,0.,1.));
#6926 = PCURVE('',#5295,#6927);
#6927 = DEFINITIONAL_REPRESENTATION('',(#6928),#6932);
#6928 = LINE('',#6929,#6930);
#6929 = CARTESIAN_POINT('',(0.,0.));
#6930 = VECTOR('',#6931,1.);
#6931 = DIRECTION('',(1.,0.));
#6932 = ( GEOMETRIC_REPRESENTATION_CONTEXT(2) 
PARAMETRIC_REPRESENTATION_CONTEXT() REPRESENTATION_CONTEXT('2D SPACE',''
  ) );
#6933 = PCURVE('',#5936,#6934);
#6934 = DEFINITIONAL_REPRESENTATION('',(#6935),#6939);
#6935 = LINE('',#6936,#6937);
#6936 = CARTESIAN_POINT('',(0.,-34.));
#6937 = VECTOR('',#6938,1.);
#6938 = DIRECTION('',(1.,0.));
#6939 = ( GEOMETRIC_REPRESENTATION_CONTEXT(2) 
PARAMETRIC_REPRESENTATION_CONTEXT() REPRESENTATION_CONTEXT('2D SPACE',''
  ) );
#6940 = ORIENTED_EDGE('',*,*,#6941,.T.);
#6941 = EDGE_CURVE('',#6919,#5369,#6942,.T.);
#6942 = SURFACE_CURVE('',#6943,(#6947,#6953),.PCURVE_S1.);
#6943 = LINE('',#6944,#6945);
#6944 = CARTESIAN_POINT('',(-109.,143.,233.));
#6945 = VECTOR('',#6946,1.);
#6946 = DIRECTION('',(1.,0.,0.));
#6947 = PCURVE('',#5295,#6948);
#6948 = DEFINITIONAL_REPRESENTATION('',(#6949),#6952);
#6949 = B_SPLINE_CURVE_WITH_KNOTS('',1,(#6950,#6951),.UNSPECIFIED.,.F.,
  .F.,(2,2),(1.,11.),.PIECEWISE_BEZIER_KNOTS.);
#6950 = CARTESIAN_POINT('',(59.,0.));
#6951 = CARTESIAN_POINT('',(59.,10.));
#6952 = ( GEOMETRIC_REPRESENTATION_CONTEXT(2) 
PARAMETRIC_REPRESENTATION_CONTEXT() REPRESENTATION_CONTEXT('2D SPACE',''
  ) );
#6953 = PCURVE('',#5384,#6954);
#6954 = DEFINITIONAL_REPRESENTATION('',(#6955),#6958);
#6955 = B_SPLINE_CURVE_WITH_KNOTS('',1,(#6956,#6957),.UNSPECIFIED.,.F.,
  .F.,(2,2),(1.,11.),.PIECEWISE_BEZIER_KNOTS.);
#6956 = CARTESIAN_POINT('',(2.,15.));
#6957 = CARTESIAN_POINT('',(12.,15.));
#6958 = ( GEOMETRIC_REPRESENTATION_CONTEXT(2) 
PARAMETRIC_REPRESENTATION_CONTEXT() REPRESENTATION_CONTEXT('2D SPACE',''
  ) );
#6959 = ORIENTED_EDGE('',*,*,#5396,.F.);
#6960 = ORIENTED_EDGE('',*,*,#6961,.T.);
#6961 = EDGE_CURVE('',#5397,#6962,#6964,.T.);
#6962 = VERTEX_POINT('',#6963);
#6963 = CARTESIAN_POINT('',(-66.5,143.,250.));
#6964 = SURFACE_CURVE('',#6965,(#6969,#6976),.PCURVE_S1.);
#6965 = LINE('',#6966,#6967);
#6966 = CARTESIAN_POINT('',(-108.,143.,250.));
#6967 = VECTOR('',#6968,1.);
#6968 = DIRECTION('',(1.,0.,0.));
#6969 = PCURVE('',#5295,#6970);
#6970 = DEFINITIONAL_REPRESENTATION('',(#6971),#6975);
#6971 = LINE('',#6972,#6973);
#6972 = CARTESIAN_POINT('',(76.,0.));
#6973 = VECTOR('',#6974,1.);
#6974 = DIRECTION('',(0.,1.));
#6975 = ( GEOMETRIC_REPRESENTATION_CONTEXT(2) 
PARAMETRIC_REPRESENTATION_CONTEXT() REPRESENTATION_CONTEXT('2D SPACE',''
  ) );
#6976 = PCURVE('',#5430,#6977);
#6977 = DEFINITIONAL_REPRESENTATION('',(#6978),#6982);
#6978 = LINE('',#6979,#6980);
#6979 = CARTESIAN_POINT('',(0.,34.));
#6980 = VECTOR('',#6981,1.);
#6981 = DIRECTION('',(1.,0.));
#6982 = ( GEOMETRIC_REPRESENTATION_CONTEXT(2) 
PARAMETRIC_REPRESENTATION_CONTEXT() REPRESENTATION_CONTEXT('2D SPACE',''
  ) );
#6983 = ORIENTED_EDGE('',*,*,#6984,.T.);
#6984 = EDGE_CURVE('',#6962,#6467,#6985,.T.);
#6985 = SURFACE_CURVE('',#6986,(#6990,#6996),.PCURVE_S1.);
#6986 = LINE('',#6987,#6988);
#6987 = CARTESIAN_POINT('',(-66.5,143.,208.));
#6988 = VECTOR('',#6989,1.);
#6989 = DIRECTION('',(-0.,0.,-1.));
#6990 = PCURVE('',#5295,#6991);
#6991 = DEFINITIONAL_REPRESENTATION('',(#6992),#6995);
#6992 = B_SPLINE_CURVE_WITH_KNOTS('',1,(#6993,#6994),.UNSPECIFIED.,.F.,
  .F.,(2,2),(-42.,-34.),.PIECEWISE_BEZIER_KNOTS.);
#6993 = CARTESIAN_POINT('',(76.,41.5));
#6994 = CARTESIAN_POINT('',(68.,41.5));
#6995 = ( GEOMETRIC_REPRESENTATION_CONTEXT(2) 
PARAMETRIC_REPRESENTATION_CONTEXT() REPRESENTATION_CONTEXT('2D SPACE',''
  ) );
#6996 = PCURVE('',#6006,#6997);
#6997 = DEFINITIONAL_REPRESENTATION('',(#6998),#7001);
#6998 = B_SPLINE_CURVE_WITH_KNOTS('',1,(#6999,#7000),.UNSPECIFIED.,.F.,
  .F.,(2,2),(-42.,-34.),.PIECEWISE_BEZIER_KNOTS.);
#6999 = CARTESIAN_POINT('',(8.,-34.01));
#7000 = CARTESIAN_POINT('',(0.,-34.01));
#7001 = ( GEOMETRIC_REPRESENTATION_CONTEXT(2) 
PARAMETRIC_REPRESENTATION_CONTEXT() REPRESENTATION_CONTEXT('2D SPACE',''
  ) );
#7002 = ORIENTED_EDGE('',*,*,#6513,.T.);
#7003 = ORIENTED_EDGE('',*,*,#7004,.F.);
#7004 = EDGE_CURVE('',#7005,#6491,#7007,.T.);
#7005 = VERTEX_POINT('',#7006);
#7006 = CARTESIAN_POINT('',(-32.5,143.,250.));
#7007 = SURFACE_CURVE('',#7008,(#7012,#7018),.PCURVE_S1.);
#7008 = LINE('',#7009,#7010);
#7009 = CARTESIAN_POINT('',(-32.5,143.,208.));
#7010 = VECTOR('',#7011,1.);
#7011 = DIRECTION('',(-0.,0.,-1.));
#7012 = PCURVE('',#5295,#7013);
#7013 = DEFINITIONAL_REPRESENTATION('',(#7014),#7017);
#7014 = B_SPLINE_CURVE_WITH_KNOTS('',1,(#7015,#7016),.UNSPECIFIED.,.F.,
  .F.,(2,2),(-42.,-34.),.PIECEWISE_BEZIER_KNOTS.);
#7015 = CARTESIAN_POINT('',(76.,75.5));
#7016 = CARTESIAN_POINT('',(68.,75.5));
#7017 = ( GEOMETRIC_REPRESENTATION_CONTEXT(2) 
PARAMETRIC_REPRESENTATION_CONTEXT() REPRESENTATION_CONTEXT('2D SPACE',''
  ) );
#7018 = PCURVE('',#6053,#7019);
#7019 = DEFINITIONAL_REPRESENTATION('',(#7020),#7023);
#7020 = B_SPLINE_CURVE_WITH_KNOTS('',1,(#7021,#7022),.UNSPECIFIED.,.F.,
  .F.,(2,2),(-42.,-34.),.PIECEWISE_BEZIER_KNOTS.);
#7021 = CARTESIAN_POINT('',(8.,-34.01));
#7022 = CARTESIAN_POINT('',(0.,-34.01));
#7023 = ( GEOMETRIC_REPRESENTATION_CONTEXT(2) 
PARAMETRIC_REPRESENTATION_CONTEXT() REPRESENTATION_CONTEXT('2D SPACE',''
  ) );
#7024 = ORIENTED_EDGE('',*,*,#7025,.T.);
#7025 = EDGE_CURVE('',#7005,#7026,#7028,.T.);
#7026 = VERTEX_POINT('',#7027);
#7027 = CARTESIAN_POINT('',(484.5,143.,250.));
#7028 = SURFACE_CURVE('',#7029,(#7033,#7040),.PCURVE_S1.);
#7029 = LINE('',#7030,#7031);
#7030 = CARTESIAN_POINT('',(-108.,143.,250.));
#7031 = VECTOR('',#7032,1.);
#7032 = DIRECTION('',(1.,0.,0.));
#7033 = PCURVE('',#5295,#7034);
#7034 = DEFINITIONAL_REPRESENTATION('',(#7035),#7039);
#7035 = LINE('',#7036,#7037);
#7036 = CARTESIAN_POINT('',(76.,0.));
#7037 = VECTOR('',#7038,1.);
#7038 = DIRECTION('',(0.,1.));
#7039 = ( GEOMETRIC_REPRESENTATION_CONTEXT(2) 
PARAMETRIC_REPRESENTATION_CONTEXT() REPRESENTATION_CONTEXT('2D SPACE',''
  ) );
#7040 = PCURVE('',#6080,#7041);
#7041 = DEFINITIONAL_REPRESENTATION('',(#7042),#7046);
#7042 = LINE('',#7043,#7044);
#7043 = CARTESIAN_POINT('',(0.,34.));
#7044 = VECTOR('',#7045,1.);
#7045 = DIRECTION('',(1.,0.));
#7046 = ( GEOMETRIC_REPRESENTATION_CONTEXT(2) 
PARAMETRIC_REPRESENTATION_CONTEXT() REPRESENTATION_CONTEXT('2D SPACE',''
  ) );
#7047 = ORIENTED_EDGE('',*,*,#7048,.T.);
#7048 = EDGE_CURVE('',#7026,#6542,#7049,.T.);
#7049 = SURFACE_CURVE('',#7050,(#7054,#7060),.PCURVE_S1.);
#7050 = LINE('',#7051,#7052);
#7051 = CARTESIAN_POINT('',(484.5,143.,208.));
#7052 = VECTOR('',#7053,1.);
#7053 = DIRECTION('',(-0.,0.,-1.));
#7054 = PCURVE('',#5295,#7055);
#7055 = DEFINITIONAL_REPRESENTATION('',(#7056),#7059);
#7056 = B_SPLINE_CURVE_WITH_KNOTS('',1,(#7057,#7058),.UNSPECIFIED.,.F.,
  .F.,(2,2),(-42.,-34.),.PIECEWISE_BEZIER_KNOTS.);
#7057 = CARTESIAN_POINT('',(76.,592.5));
#7058 = CARTESIAN_POINT('',(68.,592.5));
#7059 = ( GEOMETRIC_REPRESENTATION_CONTEXT(2) 
PARAMETRIC_REPRESENTATION_CONTEXT() REPRESENTATION_CONTEXT('2D SPACE',''
  ) );
#7060 = PCURVE('',#6107,#7061);
#7061 = DEFINITIONAL_REPRESENTATION('',(#7062),#7065);
#7062 = B_SPLINE_CURVE_WITH_KNOTS('',1,(#7063,#7064),.UNSPECIFIED.,.F.,
  .F.,(2,2),(-42.,-34.),.PIECEWISE_BEZIER_KNOTS.);
#7063 = CARTESIAN_POINT('',(8.,-34.01));
#7064 = CARTESIAN_POINT('',(0.,-34.01));
#7065 = ( GEOMETRIC_REPRESENTATION_CONTEXT(2) 
PARAMETRIC_REPRESENTATION_CONTEXT() REPRESENTATION_CONTEXT('2D SPACE',''
  ) );
#7066 = ORIENTED_EDGE('',*,*,#6588,.T.);
#7067 = ORIENTED_EDGE('',*,*,#7068,.F.);
#7068 = EDGE_CURVE('',#7069,#6566,#7071,.T.);
#7069 = VERTEX_POINT('',#7070);
#7070 = CARTESIAN_POINT('',(523.5,143.,250.));
#7071 = SURFACE_CURVE('',#7072,(#7076,#7082),.PCURVE_S1.);
#7072 = LINE('',#7073,#7074);
#7073 = CARTESIAN_POINT('',(523.5,143.,208.));
#7074 = VECTOR('',#7075,1.);
#7075 = DIRECTION('',(-0.,0.,-1.));
#7076 = PCURVE('',#5295,#7077);
#7077 = DEFINITIONAL_REPRESENTATION('',(#7078),#7081);
#7078 = B_SPLINE_CURVE_WITH_KNOTS('',1,(#7079,#7080),.UNSPECIFIED.,.F.,
  .F.,(2,2),(-42.,-34.),.PIECEWISE_BEZIER_KNOTS.);
#7079 = CARTESIAN_POINT('',(76.,631.5));
#7080 = CARTESIAN_POINT('',(68.,631.5));
#7081 = ( GEOMETRIC_REPRESENTATION_CONTEXT(2) 
PARAMETRIC_REPRESENTATION_CONTEXT() REPRESENTATION_CONTEXT('2D SPACE',''
  ) );
#7082 = PCURVE('',#6154,#7083);
#7083 = DEFINITIONAL_REPRESENTATION('',(#7084),#7087);
#7084 = B_SPLINE_CURVE_WITH_KNOTS('',1,(#7085,#7086),.UNSPECIFIED.,.F.,
  .F.,(2,2),(-42.,-34.),.PIECEWISE_BEZIER_KNOTS.);
#7085 = CARTESIAN_POINT('',(8.,-34.01));
#7086 = CARTESIAN_POINT('',(0.,-34.01));
#7087 = ( GEOMETRIC_REPRESENTATION_CONTEXT(2) 
PARAMETRIC_REPRESENTATION_CONTEXT() REPRESENTATION_CONTEXT('2D SPACE',''
  ) );
#7088 = ORIENTED_EDGE('',*,*,#7089,.T.);
#7089 = EDGE_CURVE('',#7069,#7090,#7092,.T.);
#7090 = VERTEX_POINT('',#7091);
#7091 = CARTESIAN_POINT('',(538.,143.,250.));
#7092 = SURFACE_CURVE('',#7093,(#7097,#7104),.PCURVE_S1.);
#7093 = LINE('',#7094,#7095);
#7094 = CARTESIAN_POINT('',(-108.,143.,250.));
#7095 = VECTOR('',#7096,1.);
#7096 = DIRECTION('',(1.,0.,0.));
#7097 = PCURVE('',#5295,#7098);
#7098 = DEFINITIONAL_REPRESENTATION('',(#7099),#7103);
#7099 = LINE('',#7100,#7101);
#7100 = CARTESIAN_POINT('',(76.,0.));
#7101 = VECTOR('',#7102,1.);
#7102 = DIRECTION('',(0.,1.));
#7103 = ( GEOMETRIC_REPRESENTATION_CONTEXT(2) 
PARAMETRIC_REPRESENTATION_CONTEXT() REPRESENTATION_CONTEXT('2D SPACE',''
  ) );
#7104 = PCURVE('',#6181,#7105);
#7105 = DEFINITIONAL_REPRESENTATION('',(#7106),#7110);
#7106 = LINE('',#7107,#7108);
#7107 = CARTESIAN_POINT('',(0.,34.));
#7108 = VECTOR('',#7109,1.);
#7109 = DIRECTION('',(1.,0.));
#7110 = ( GEOMETRIC_REPRESENTATION_CONTEXT(2) 
PARAMETRIC_REPRESENTATION_CONTEXT() REPRESENTATION_CONTEXT('2D SPACE',''
  ) );
#7111 = ORIENTED_EDGE('',*,*,#7112,.T.);
#7112 = EDGE_CURVE('',#7090,#7113,#7115,.T.);
#7113 = VERTEX_POINT('',#7114);
#7114 = CARTESIAN_POINT('',(538.,143.,233.));
#7115 = SURFACE_CURVE('',#7116,(#7120,#7126),.PCURVE_S1.);
#7116 = LINE('',#7117,#7118);
#7117 = CARTESIAN_POINT('',(538.,143.,203.5));
#7118 = VECTOR('',#7119,1.);
#7119 = DIRECTION('',(-0.,0.,-1.));
#7120 = PCURVE('',#5295,#7121);
#7121 = DEFINITIONAL_REPRESENTATION('',(#7122),#7125);
#7122 = B_SPLINE_CURVE_WITH_KNOTS('',1,(#7123,#7124),.UNSPECIFIED.,.F.,
  .F.,(2,2),(-46.5,-29.5),.PIECEWISE_BEZIER_KNOTS.);
#7123 = CARTESIAN_POINT('',(76.,646.));
#7124 = CARTESIAN_POINT('',(59.,646.));
#7125 = ( GEOMETRIC_REPRESENTATION_CONTEXT(2) 
PARAMETRIC_REPRESENTATION_CONTEXT() REPRESENTATION_CONTEXT('2D SPACE',''
  ) );
#7126 = PCURVE('',#5749,#7127);
#7127 = DEFINITIONAL_REPRESENTATION('',(#7128),#7131);
#7128 = B_SPLINE_CURVE_WITH_KNOTS('',1,(#7129,#7130),.UNSPECIFIED.,.F.,
  .F.,(2,2),(-46.5,-29.5),.PIECEWISE_BEZIER_KNOTS.);
#7129 = CARTESIAN_POINT('',(17.,-15.));
#7130 = CARTESIAN_POINT('',(0.,-15.));
#7131 = ( GEOMETRIC_REPRESENTATION_CONTEXT(2) 
PARAMETRIC_REPRESENTATION_CONTEXT() REPRESENTATION_CONTEXT('2D SPACE',''
  ) );
#7132 = ORIENTED_EDGE('',*,*,#7133,.T.);
#7133 = EDGE_CURVE('',#7113,#7134,#7136,.T.);
#7134 = VERTEX_POINT('',#7135);
#7135 = CARTESIAN_POINT('',(548.,143.,233.));
#7136 = SURFACE_CURVE('',#7137,(#7141,#7147),.PCURVE_S1.);
#7137 = LINE('',#7138,#7139);
#7138 = CARTESIAN_POINT('',(215.,143.,233.));
#7139 = VECTOR('',#7140,1.);
#7140 = DIRECTION('',(1.,0.,0.));
#7141 = PCURVE('',#5295,#7142);
#7142 = DEFINITIONAL_REPRESENTATION('',(#7143),#7146);
#7143 = B_SPLINE_CURVE_WITH_KNOTS('',1,(#7144,#7145),.UNSPECIFIED.,.F.,
  .F.,(2,2),(323.,333.),.PIECEWISE_BEZIER_KNOTS.);
#7144 = CARTESIAN_POINT('',(59.,646.));
#7145 = CARTESIAN_POINT('',(59.,656.));
#7146 = ( GEOMETRIC_REPRESENTATION_CONTEXT(2) 
PARAMETRIC_REPRESENTATION_CONTEXT() REPRESENTATION_CONTEXT('2D SPACE',''
  ) );
#7147 = PCURVE('',#7148,#7153);
#7148 = PLANE('',#7149);
#7149 = AXIS2_PLACEMENT_3D('',#7150,#7151,#7152);
#7150 = CARTESIAN_POINT('',(538.,128.,233.));
#7151 = DIRECTION('',(0.,0.,1.));
#7152 = DIRECTION('',(1.,0.,-0.));
#7153 = DEFINITIONAL_REPRESENTATION('',(#7154),#7157);
#7154 = B_SPLINE_CURVE_WITH_KNOTS('',1,(#7155,#7156),.UNSPECIFIED.,.F.,
  .F.,(2,2),(323.,333.),.PIECEWISE_BEZIER_KNOTS.);
#7155 = CARTESIAN_POINT('',(0.,15.));
#7156 = CARTESIAN_POINT('',(10.,15.));
#7157 = ( GEOMETRIC_REPRESENTATION_CONTEXT(2) 
PARAMETRIC_REPRESENTATION_CONTEXT() REPRESENTATION_CONTEXT('2D SPACE',''
  ) );
#7158 = ORIENTED_EDGE('',*,*,#7159,.F.);
#7159 = EDGE_CURVE('',#7160,#7134,#7162,.T.);
#7160 = VERTEX_POINT('',#7161);
#7161 = CARTESIAN_POINT('',(548.,143.,191.));
#7162 = SURFACE_CURVE('',#7163,(#7167,#7174),.PCURVE_S1.);
#7163 = LINE('',#7164,#7165);
#7164 = CARTESIAN_POINT('',(548.,143.,174.));
#7165 = VECTOR('',#7166,1.);
#7166 = DIRECTION('',(0.,0.,1.));
#7167 = PCURVE('',#5295,#7168);
#7168 = DEFINITIONAL_REPRESENTATION('',(#7169),#7173);
#7169 = LINE('',#7170,#7171);
#7170 = CARTESIAN_POINT('',(0.,656.));
#7171 = VECTOR('',#7172,1.);
#7172 = DIRECTION('',(1.,0.));
#7173 = ( GEOMETRIC_REPRESENTATION_CONTEXT(2) 
PARAMETRIC_REPRESENTATION_CONTEXT() REPRESENTATION_CONTEXT('2D SPACE',''
  ) );
#7174 = PCURVE('',#6256,#7175);
#7175 = DEFINITIONAL_REPRESENTATION('',(#7176),#7180);
#7176 = LINE('',#7177,#7178);
#7177 = CARTESIAN_POINT('',(0.,-34.));
#7178 = VECTOR('',#7179,1.);
#7179 = DIRECTION('',(1.,0.));
#7180 = ( GEOMETRIC_REPRESENTATION_CONTEXT(2) 
PARAMETRIC_REPRESENTATION_CONTEXT() REPRESENTATION_CONTEXT('2D SPACE',''
  ) );
#7181 = ORIENTED_EDGE('',*,*,#7182,.F.);
#7182 = EDGE_CURVE('',#7183,#7160,#7185,.T.);
#7183 = VERTEX_POINT('',#7184);
#7184 = CARTESIAN_POINT('',(538.,143.,191.));
#7185 = SURFACE_CURVE('',#7186,(#7190,#7196),.PCURVE_S1.);
#7186 = LINE('',#7187,#7188);
#7187 = CARTESIAN_POINT('',(215.,143.,191.));
#7188 = VECTOR('',#7189,1.);
#7189 = DIRECTION('',(1.,0.,0.));
#7190 = PCURVE('',#5295,#7191);
#7191 = DEFINITIONAL_REPRESENTATION('',(#7192),#7195);
#7192 = B_SPLINE_CURVE_WITH_KNOTS('',1,(#7193,#7194),.UNSPECIFIED.,.F.,
  .F.,(2,2),(323.,333.),.PIECEWISE_BEZIER_KNOTS.);
#7193 = CARTESIAN_POINT('',(17.,646.));
#7194 = CARTESIAN_POINT('',(17.,656.));
#7195 = ( GEOMETRIC_REPRESENTATION_CONTEXT(2) 
PARAMETRIC_REPRESENTATION_CONTEXT() REPRESENTATION_CONTEXT('2D SPACE',''
  ) );
#7196 = PCURVE('',#7197,#7202);
#7197 = PLANE('',#7198);
#7198 = AXIS2_PLACEMENT_3D('',#7199,#7200,#7201);
#7199 = CARTESIAN_POINT('',(538.,128.,191.));
#7200 = DIRECTION('',(0.,0.,1.));
#7201 = DIRECTION('',(1.,0.,-0.));
#7202 = DEFINITIONAL_REPRESENTATION('',(#7203),#7206);
#7203 = B_SPLINE_CURVE_WITH_KNOTS('',1,(#7204,#7205),.UNSPECIFIED.,.F.,
  .F.,(2,2),(323.,333.),.PIECEWISE_BEZIER_KNOTS.);
#7204 = CARTESIAN_POINT('',(0.,15.));
#7205 = CARTESIAN_POINT('',(10.,15.));
#7206 = ( GEOMETRIC_REPRESENTATION_CONTEXT(2) 
PARAMETRIC_REPRESENTATION_CONTEXT() REPRESENTATION_CONTEXT('2D SPACE',''
  ) );
#7207 = ORIENTED_EDGE('',*,*,#7208,.T.);
#7208 = EDGE_CURVE('',#7183,#6824,#7209,.T.);
#7209 = SURFACE_CURVE('',#7210,(#7214,#7220),.PCURVE_S1.);
#7210 = LINE('',#7211,#7212);
#7211 = CARTESIAN_POINT('',(538.,143.,173.995));
#7212 = VECTOR('',#7213,1.);
#7213 = DIRECTION('',(-0.,0.,-1.));
#7214 = PCURVE('',#5295,#7215);
#7215 = DEFINITIONAL_REPRESENTATION('',(#7216),#7219);
#7216 = B_SPLINE_CURVE_WITH_KNOTS('',1,(#7217,#7218),.UNSPECIFIED.,.F.,
  .F.,(2,2),(-17.005,-4.999999999995E-03),.PIECEWISE_BEZIER_KNOTS.);
#7217 = CARTESIAN_POINT('',(17.,646.));
#7218 = CARTESIAN_POINT('',(0.,646.));
#7219 = ( GEOMETRIC_REPRESENTATION_CONTEXT(2) 
PARAMETRIC_REPRESENTATION_CONTEXT() REPRESENTATION_CONTEXT('2D SPACE',''
  ) );
#7220 = PCURVE('',#5694,#7221);
#7221 = DEFINITIONAL_REPRESENTATION('',(#7222),#7225);
#7222 = B_SPLINE_CURVE_WITH_KNOTS('',1,(#7223,#7224),.UNSPECIFIED.,.F.,
  .F.,(2,2),(-17.005,-4.999999999995E-03),.PIECEWISE_BEZIER_KNOTS.);
#7223 = CARTESIAN_POINT('',(17.01,-15.));
#7224 = CARTESIAN_POINT('',(9.999999999991E-03,-15.));
#7225 = ( GEOMETRIC_REPRESENTATION_CONTEXT(2) 
PARAMETRIC_REPRESENTATION_CONTEXT() REPRESENTATION_CONTEXT('2D SPACE',''
  ) );
#7226 = ADVANCED_FACE('',(#7227),#5356,.F.);
#7227 = FACE_BOUND('',#7228,.F.);
#7228 = EDGE_LOOP('',(#7229,#7252,#7273,#7292));
#7229 = ORIENTED_EDGE('',*,*,#7230,.F.);
#7230 = EDGE_CURVE('',#7231,#5339,#7233,.T.);
#7231 = VERTEX_POINT('',#7232);
#7232 = CARTESIAN_POINT('',(-108.,128.,233.));
#7233 = SURFACE_CURVE('',#7234,(#7238,#7245),.PCURVE_S1.);
#7234 = LINE('',#7235,#7236);
#7235 = CARTESIAN_POINT('',(-110.,128.,233.));
#7236 = VECTOR('',#7237,1.);
#7237 = DIRECTION('',(1.,0.,-0.));
#7238 = PCURVE('',#5356,#7239);
#7239 = DEFINITIONAL_REPRESENTATION('',(#7240),#7244);
#7240 = LINE('',#7241,#7242);
#7241 = CARTESIAN_POINT('',(0.,0.));
#7242 = VECTOR('',#7243,1.);
#7243 = DIRECTION('',(0.,1.));
#7244 = ( GEOMETRIC_REPRESENTATION_CONTEXT(2) 
PARAMETRIC_REPRESENTATION_CONTEXT() REPRESENTATION_CONTEXT('2D SPACE',''
  ) );
#7245 = PCURVE('',#5384,#7246);
#7246 = DEFINITIONAL_REPRESENTATION('',(#7247),#7251);
#7247 = LINE('',#7248,#7249);
#7248 = CARTESIAN_POINT('',(0.,0.));
#7249 = VECTOR('',#7250,1.);
#7250 = DIRECTION('',(1.,0.));
#7251 = ( GEOMETRIC_REPRESENTATION_CONTEXT(2) 
PARAMETRIC_REPRESENTATION_CONTEXT() REPRESENTATION_CONTEXT('2D SPACE',''
  ) );
#7252 = ORIENTED_EDGE('',*,*,#7253,.T.);
#7253 = EDGE_CURVE('',#7231,#7254,#7256,.T.);
#7254 = VERTEX_POINT('',#7255);
#7255 = CARTESIAN_POINT('',(-108.,128.,250.));
#7256 = SURFACE_CURVE('',#7257,(#7261,#7267),.PCURVE_S1.);
#7257 = LINE('',#7258,#7259);
#7258 = CARTESIAN_POINT('',(-108.,128.,203.5));
#7259 = VECTOR('',#7260,1.);
#7260 = DIRECTION('',(0.,-0.,1.));
#7261 = PCURVE('',#5356,#7262);
#7262 = DEFINITIONAL_REPRESENTATION('',(#7263),#7266);
#7263 = B_SPLINE_CURVE_WITH_KNOTS('',1,(#7264,#7265),.UNSPECIFIED.,.F.,
  .F.,(2,2),(29.5,46.5),.PIECEWISE_BEZIER_KNOTS.);
#7264 = CARTESIAN_POINT('',(0.,2.));
#7265 = CARTESIAN_POINT('',(17.,2.));
#7266 = ( GEOMETRIC_REPRESENTATION_CONTEXT(2) 
PARAMETRIC_REPRESENTATION_CONTEXT() REPRESENTATION_CONTEXT('2D SPACE',''
  ) );
#7267 = PCURVE('',#5936,#7268);
#7268 = DEFINITIONAL_REPRESENTATION('',(#7269),#7272);
#7269 = B_SPLINE_CURVE_WITH_KNOTS('',1,(#7270,#7271),.UNSPECIFIED.,.F.,
  .F.,(2,2),(29.5,46.5),.PIECEWISE_BEZIER_KNOTS.);
#7270 = CARTESIAN_POINT('',(59.,-19.));
#7271 = CARTESIAN_POINT('',(76.,-19.));
#7272 = ( GEOMETRIC_REPRESENTATION_CONTEXT(2) 
PARAMETRIC_REPRESENTATION_CONTEXT() REPRESENTATION_CONTEXT('2D SPACE',''
  ) );
#7273 = ORIENTED_EDGE('',*,*,#7274,.F.);
#7274 = EDGE_CURVE('',#5341,#7254,#7275,.T.);
#7275 = SURFACE_CURVE('',#7276,(#7280,#7286),.PCURVE_S1.);
#7276 = LINE('',#7277,#7278);
#7277 = CARTESIAN_POINT('',(-109.,128.,250.));
#7278 = VECTOR('',#7279,1.);
#7279 = DIRECTION('',(-1.,-0.,0.));
#7280 = PCURVE('',#5356,#7281);
#7281 = DEFINITIONAL_REPRESENTATION('',(#7282),#7285);
#7282 = B_SPLINE_CURVE_WITH_KNOTS('',1,(#7283,#7284),.UNSPECIFIED.,.F.,
  .F.,(2,2),(-11.,-1.),.PIECEWISE_BEZIER_KNOTS.);
#7283 = CARTESIAN_POINT('',(17.,12.));
#7284 = CARTESIAN_POINT('',(17.,2.));
#7285 = ( GEOMETRIC_REPRESENTATION_CONTEXT(2) 
PARAMETRIC_REPRESENTATION_CONTEXT() REPRESENTATION_CONTEXT('2D SPACE',''
  ) );
#7286 = PCURVE('',#5430,#7287);
#7287 = DEFINITIONAL_REPRESENTATION('',(#7288),#7291);
#7288 = B_SPLINE_CURVE_WITH_KNOTS('',1,(#7289,#7290),.UNSPECIFIED.,.F.,
  .F.,(2,2),(-11.,-1.),.PIECEWISE_BEZIER_KNOTS.);
#7289 = CARTESIAN_POINT('',(10.,19.));
#7290 = CARTESIAN_POINT('',(0.,19.));
#7291 = ( GEOMETRIC_REPRESENTATION_CONTEXT(2) 
PARAMETRIC_REPRESENTATION_CONTEXT() REPRESENTATION_CONTEXT('2D SPACE',''
  ) );
#7292 = ORIENTED_EDGE('',*,*,#5338,.F.);
#7293 = ADVANCED_FACE('',(#7294),#5384,.F.);
#7294 = FACE_BOUND('',#7295,.F.);
#7295 = EDGE_LOOP('',(#7296,#7315,#7316,#7317));
#7296 = ORIENTED_EDGE('',*,*,#7297,.T.);
#7297 = EDGE_CURVE('',#6919,#7231,#7298,.T.);
#7298 = SURFACE_CURVE('',#7299,(#7303,#7309),.PCURVE_S1.);
#7299 = LINE('',#7300,#7301);
#7300 = CARTESIAN_POINT('',(-108.,118.5,233.));
#7301 = VECTOR('',#7302,1.);
#7302 = DIRECTION('',(0.,-1.,0.));
#7303 = PCURVE('',#5384,#7304);
#7304 = DEFINITIONAL_REPRESENTATION('',(#7305),#7308);
#7305 = B_SPLINE_CURVE_WITH_KNOTS('',1,(#7306,#7307),.UNSPECIFIED.,.F.,
  .F.,(2,2),(-24.5,-9.5),.PIECEWISE_BEZIER_KNOTS.);
#7306 = CARTESIAN_POINT('',(2.,15.));
#7307 = CARTESIAN_POINT('',(2.,0.));
#7308 = ( GEOMETRIC_REPRESENTATION_CONTEXT(2) 
PARAMETRIC_REPRESENTATION_CONTEXT() REPRESENTATION_CONTEXT('2D SPACE',''
  ) );
#7309 = PCURVE('',#5936,#7310);
#7310 = DEFINITIONAL_REPRESENTATION('',(#7311),#7314);
#7311 = B_SPLINE_CURVE_WITH_KNOTS('',1,(#7312,#7313),.UNSPECIFIED.,.F.,
  .F.,(2,2),(-24.5,-9.5),.PIECEWISE_BEZIER_KNOTS.);
#7312 = CARTESIAN_POINT('',(59.,-34.));
#7313 = CARTESIAN_POINT('',(59.,-19.));
#7314 = ( GEOMETRIC_REPRESENTATION_CONTEXT(2) 
PARAMETRIC_REPRESENTATION_CONTEXT() REPRESENTATION_CONTEXT('2D SPACE',''
  ) );
#7315 = ORIENTED_EDGE('',*,*,#7230,.T.);
#7316 = ORIENTED_EDGE('',*,*,#5368,.T.);
#7317 = ORIENTED_EDGE('',*,*,#6941,.F.);
#7318 = ADVANCED_FACE('',(#7319),#5430,.F.);
#7319 = FACE_BOUND('',#7320,.F.);
#7320 = EDGE_LOOP('',(#7321,#7344,#7363,#7364,#7365,#7384,#7385,#7386));
#7321 = ORIENTED_EDGE('',*,*,#7322,.F.);
#7322 = EDGE_CURVE('',#7323,#7254,#7325,.T.);
#7323 = VERTEX_POINT('',#7324);
#7324 = CARTESIAN_POINT('',(-108.,122.,250.));
#7325 = SURFACE_CURVE('',#7326,(#7330,#7337),.PCURVE_S1.);
#7326 = LINE('',#7327,#7328);
#7327 = CARTESIAN_POINT('',(-108.,109.,250.));
#7328 = VECTOR('',#7329,1.);
#7329 = DIRECTION('',(0.,1.,0.));
#7330 = PCURVE('',#5430,#7331);
#7331 = DEFINITIONAL_REPRESENTATION('',(#7332),#7336);
#7332 = LINE('',#7333,#7334);
#7333 = CARTESIAN_POINT('',(0.,0.));
#7334 = VECTOR('',#7335,1.);
#7335 = DIRECTION('',(0.,1.));
#7336 = ( GEOMETRIC_REPRESENTATION_CONTEXT(2) 
PARAMETRIC_REPRESENTATION_CONTEXT() REPRESENTATION_CONTEXT('2D SPACE',''
  ) );
#7337 = PCURVE('',#5936,#7338);
#7338 = DEFINITIONAL_REPRESENTATION('',(#7339),#7343);
#7339 = LINE('',#7340,#7341);
#7340 = CARTESIAN_POINT('',(76.,0.));
#7341 = VECTOR('',#7342,1.);
#7342 = DIRECTION('',(0.,-1.));
#7343 = ( GEOMETRIC_REPRESENTATION_CONTEXT(2) 
PARAMETRIC_REPRESENTATION_CONTEXT() REPRESENTATION_CONTEXT('2D SPACE',''
  ) );
#7344 = ORIENTED_EDGE('',*,*,#7345,.F.);
#7345 = EDGE_CURVE('',#5603,#7323,#7346,.T.);
#7346 = SURFACE_CURVE('',#7347,(#7351,#7357),.PCURVE_S1.);
#7347 = LINE('',#7348,#7349);
#7348 = CARTESIAN_POINT('',(-109.,122.,250.));
#7349 = VECTOR('',#7350,1.);
#7350 = DIRECTION('',(-1.,-0.,0.));
#7351 = PCURVE('',#5430,#7352);
#7352 = DEFINITIONAL_REPRESENTATION('',(#7353),#7356);
#7353 = B_SPLINE_CURVE_WITH_KNOTS('',1,(#7354,#7355),.UNSPECIFIED.,.F.,
  .F.,(2,2),(-11.,-1.),.PIECEWISE_BEZIER_KNOTS.);
#7354 = CARTESIAN_POINT('',(10.,13.));
#7355 = CARTESIAN_POINT('',(0.,13.));
#7356 = ( GEOMETRIC_REPRESENTATION_CONTEXT(2) 
PARAMETRIC_REPRESENTATION_CONTEXT() REPRESENTATION_CONTEXT('2D SPACE',''
  ) );
#7357 = PCURVE('',#5618,#7358);
#7358 = DEFINITIONAL_REPRESENTATION('',(#7359),#7362);
#7359 = B_SPLINE_CURVE_WITH_KNOTS('',1,(#7360,#7361),.UNSPECIFIED.,.F.,
  .F.,(2,2),(-11.,-1.),.PIECEWISE_BEZIER_KNOTS.);
#7360 = CARTESIAN_POINT('',(17.,12.));
#7361 = CARTESIAN_POINT('',(17.,2.));
#7362 = ( GEOMETRIC_REPRESENTATION_CONTEXT(2) 
PARAMETRIC_REPRESENTATION_CONTEXT() REPRESENTATION_CONTEXT('2D SPACE',''
  ) );
#7363 = ORIENTED_EDGE('',*,*,#5630,.F.);
#7364 = ORIENTED_EDGE('',*,*,#5968,.T.);
#7365 = ORIENTED_EDGE('',*,*,#7366,.T.);
#7366 = EDGE_CURVE('',#5969,#6962,#7367,.T.);
#7367 = SURFACE_CURVE('',#7368,(#7372,#7378),.PCURVE_S1.);
#7368 = LINE('',#7369,#7370);
#7369 = CARTESIAN_POINT('',(-66.5,108.995,250.));
#7370 = VECTOR('',#7371,1.);
#7371 = DIRECTION('',(-0.,1.,0.));
#7372 = PCURVE('',#5430,#7373);
#7373 = DEFINITIONAL_REPRESENTATION('',(#7374),#7377);
#7374 = B_SPLINE_CURVE_WITH_KNOTS('',1,(#7375,#7376),.UNSPECIFIED.,.F.,
  .F.,(2,2),(4.999999999995E-03,34.005),.PIECEWISE_BEZIER_KNOTS.);
#7375 = CARTESIAN_POINT('',(41.5,0.));
#7376 = CARTESIAN_POINT('',(41.5,34.));
#7377 = ( GEOMETRIC_REPRESENTATION_CONTEXT(2) 
PARAMETRIC_REPRESENTATION_CONTEXT() REPRESENTATION_CONTEXT('2D SPACE',''
  ) );
#7378 = PCURVE('',#6006,#7379);
#7379 = DEFINITIONAL_REPRESENTATION('',(#7380),#7383);
#7380 = B_SPLINE_CURVE_WITH_KNOTS('',1,(#7381,#7382),.UNSPECIFIED.,.F.,
  .F.,(2,2),(4.999999999995E-03,34.005),.PIECEWISE_BEZIER_KNOTS.);
#7381 = CARTESIAN_POINT('',(8.,-1.000000000001E-02));
#7382 = CARTESIAN_POINT('',(8.,-34.01));
#7383 = ( GEOMETRIC_REPRESENTATION_CONTEXT(2) 
PARAMETRIC_REPRESENTATION_CONTEXT() REPRESENTATION_CONTEXT('2D SPACE',''
  ) );
#7384 = ORIENTED_EDGE('',*,*,#6961,.F.);
#7385 = ORIENTED_EDGE('',*,*,#5417,.F.);
#7386 = ORIENTED_EDGE('',*,*,#7274,.T.);
#7387 = ADVANCED_FACE('',(#7388),#5465,.T.);
#7388 = FACE_BOUND('',#7389,.T.);
#7389 = EDGE_LOOP('',(#7390,#7413,#7432,#7433));
#7390 = ORIENTED_EDGE('',*,*,#7391,.F.);
#7391 = EDGE_CURVE('',#7392,#5450,#7394,.T.);
#7392 = VERTEX_POINT('',#7393);
#7393 = CARTESIAN_POINT('',(-108.,122.,191.));
#7394 = SURFACE_CURVE('',#7395,(#7399,#7406),.PCURVE_S1.);
#7395 = LINE('',#7396,#7397);
#7396 = CARTESIAN_POINT('',(-110.,122.,191.));
#7397 = VECTOR('',#7398,1.);
#7398 = DIRECTION('',(1.,0.,-0.));
#7399 = PCURVE('',#5465,#7400);
#7400 = DEFINITIONAL_REPRESENTATION('',(#7401),#7405);
#7401 = LINE('',#7402,#7403);
#7402 = CARTESIAN_POINT('',(0.,13.01));
#7403 = VECTOR('',#7404,1.);
#7404 = DIRECTION('',(1.,0.));
#7405 = ( GEOMETRIC_REPRESENTATION_CONTEXT(2) 
PARAMETRIC_REPRESENTATION_CONTEXT() REPRESENTATION_CONTEXT('2D SPACE',''
  ) );
#7406 = PCURVE('',#5533,#7407);
#7407 = DEFINITIONAL_REPRESENTATION('',(#7408),#7412);
#7408 = LINE('',#7409,#7410);
#7409 = CARTESIAN_POINT('',(17.01,0.));
#7410 = VECTOR('',#7411,1.);
#7411 = DIRECTION('',(0.,1.));
#7412 = ( GEOMETRIC_REPRESENTATION_CONTEXT(2) 
PARAMETRIC_REPRESENTATION_CONTEXT() REPRESENTATION_CONTEXT('2D SPACE',''
  ) );
#7413 = ORIENTED_EDGE('',*,*,#7414,.T.);
#7414 = EDGE_CURVE('',#7392,#5900,#7415,.T.);
#7415 = SURFACE_CURVE('',#7416,(#7420,#7426),.PCURVE_S1.);
#7416 = LINE('',#7417,#7418);
#7417 = CARTESIAN_POINT('',(-108.,108.995,191.));
#7418 = VECTOR('',#7419,1.);
#7419 = DIRECTION('',(0.,-1.,0.));
#7420 = PCURVE('',#5465,#7421);
#7421 = DEFINITIONAL_REPRESENTATION('',(#7422),#7425);
#7422 = B_SPLINE_CURVE_WITH_KNOTS('',1,(#7423,#7424),.UNSPECIFIED.,.F.,
  .F.,(2,2),(-13.005,-4.999999999995E-03),.PIECEWISE_BEZIER_KNOTS.);
#7423 = CARTESIAN_POINT('',(2.,13.01));
#7424 = CARTESIAN_POINT('',(2.,1.000000000001E-02));
#7425 = ( GEOMETRIC_REPRESENTATION_CONTEXT(2) 
PARAMETRIC_REPRESENTATION_CONTEXT() REPRESENTATION_CONTEXT('2D SPACE',''
  ) );
#7426 = PCURVE('',#5936,#7427);
#7427 = DEFINITIONAL_REPRESENTATION('',(#7428),#7431);
#7428 = B_SPLINE_CURVE_WITH_KNOTS('',1,(#7429,#7430),.UNSPECIFIED.,.F.,
  .F.,(2,2),(-13.005,-4.999999999995E-03),.PIECEWISE_BEZIER_KNOTS.);
#7429 = CARTESIAN_POINT('',(17.,-13.));
#7430 = CARTESIAN_POINT('',(17.,0.));
#7431 = ( GEOMETRIC_REPRESENTATION_CONTEXT(2) 
PARAMETRIC_REPRESENTATION_CONTEXT() REPRESENTATION_CONTEXT('2D SPACE',''
  ) );
#7432 = ORIENTED_EDGE('',*,*,#5899,.T.);
#7433 = ORIENTED_EDGE('',*,*,#5447,.T.);
#7434 = ADVANCED_FACE('',(#7435),#5533,.T.);
#7435 = FACE_BOUND('',#7436,.T.);
#7436 = EDGE_LOOP('',(#7437,#7438,#7439,#7458));
#7437 = ORIENTED_EDGE('',*,*,#5519,.F.);
#7438 = ORIENTED_EDGE('',*,*,#6706,.T.);
#7439 = ORIENTED_EDGE('',*,*,#7440,.T.);
#7440 = EDGE_CURVE('',#6684,#7392,#7441,.T.);
#7441 = SURFACE_CURVE('',#7442,(#7446,#7452),.PCURVE_S1.);
#7442 = LINE('',#7443,#7444);
#7443 = CARTESIAN_POINT('',(-108.,122.,173.995));
#7444 = VECTOR('',#7445,1.);
#7445 = DIRECTION('',(0.,-0.,1.));
#7446 = PCURVE('',#5533,#7447);
#7447 = DEFINITIONAL_REPRESENTATION('',(#7448),#7451);
#7448 = B_SPLINE_CURVE_WITH_KNOTS('',1,(#7449,#7450),.UNSPECIFIED.,.F.,
  .F.,(2,2),(4.999999999995E-03,17.005),.PIECEWISE_BEZIER_KNOTS.);
#7449 = CARTESIAN_POINT('',(9.999999999991E-03,2.));
#7450 = CARTESIAN_POINT('',(17.01,2.));
#7451 = ( GEOMETRIC_REPRESENTATION_CONTEXT(2) 
PARAMETRIC_REPRESENTATION_CONTEXT() REPRESENTATION_CONTEXT('2D SPACE',''
  ) );
#7452 = PCURVE('',#5936,#7453);
#7453 = DEFINITIONAL_REPRESENTATION('',(#7454),#7457);
#7454 = B_SPLINE_CURVE_WITH_KNOTS('',1,(#7455,#7456),.UNSPECIFIED.,.F.,
  .F.,(2,2),(4.999999999995E-03,17.005),.PIECEWISE_BEZIER_KNOTS.);
#7455 = CARTESIAN_POINT('',(0.,-13.));
#7456 = CARTESIAN_POINT('',(17.,-13.));
#7457 = ( GEOMETRIC_REPRESENTATION_CONTEXT(2) 
PARAMETRIC_REPRESENTATION_CONTEXT() REPRESENTATION_CONTEXT('2D SPACE',''
  ) );
#7458 = ORIENTED_EDGE('',*,*,#7391,.T.);
#7459 = ADVANCED_FACE('',(#7460),#5590,.F.);
#7460 = FACE_BOUND('',#7461,.F.);
#7461 = EDGE_LOOP('',(#7462,#7485,#7504,#7505));
#7462 = ORIENTED_EDGE('',*,*,#7463,.F.);
#7463 = EDGE_CURVE('',#7464,#5575,#7466,.T.);
#7464 = VERTEX_POINT('',#7465);
#7465 = CARTESIAN_POINT('',(-108.,122.,233.));
#7466 = SURFACE_CURVE('',#7467,(#7471,#7478),.PCURVE_S1.);
#7467 = LINE('',#7468,#7469);
#7468 = CARTESIAN_POINT('',(-110.,122.,233.));
#7469 = VECTOR('',#7470,1.);
#7470 = DIRECTION('',(1.,0.,-0.));
#7471 = PCURVE('',#5590,#7472);
#7472 = DEFINITIONAL_REPRESENTATION('',(#7473),#7477);
#7473 = LINE('',#7474,#7475);
#7474 = CARTESIAN_POINT('',(0.,13.01));
#7475 = VECTOR('',#7476,1.);
#7476 = DIRECTION('',(1.,0.));
#7477 = ( GEOMETRIC_REPRESENTATION_CONTEXT(2) 
PARAMETRIC_REPRESENTATION_CONTEXT() REPRESENTATION_CONTEXT('2D SPACE',''
  ) );
#7478 = PCURVE('',#5618,#7479);
#7479 = DEFINITIONAL_REPRESENTATION('',(#7480),#7484);
#7480 = LINE('',#7481,#7482);
#7481 = CARTESIAN_POINT('',(0.,0.));
#7482 = VECTOR('',#7483,1.);
#7483 = DIRECTION('',(0.,1.));
#7484 = ( GEOMETRIC_REPRESENTATION_CONTEXT(2) 
PARAMETRIC_REPRESENTATION_CONTEXT() REPRESENTATION_CONTEXT('2D SPACE',''
  ) );
#7485 = ORIENTED_EDGE('',*,*,#7486,.T.);
#7486 = EDGE_CURVE('',#7464,#5921,#7487,.T.);
#7487 = SURFACE_CURVE('',#7488,(#7492,#7498),.PCURVE_S1.);
#7488 = LINE('',#7489,#7490);
#7489 = CARTESIAN_POINT('',(-108.,108.995,233.));
#7490 = VECTOR('',#7491,1.);
#7491 = DIRECTION('',(0.,-1.,0.));
#7492 = PCURVE('',#5590,#7493);
#7493 = DEFINITIONAL_REPRESENTATION('',(#7494),#7497);
#7494 = B_SPLINE_CURVE_WITH_KNOTS('',1,(#7495,#7496),.UNSPECIFIED.,.F.,
  .F.,(2,2),(-13.005,-4.999999999995E-03),.PIECEWISE_BEZIER_KNOTS.);
#7495 = CARTESIAN_POINT('',(2.,13.01));
#7496 = CARTESIAN_POINT('',(2.,1.000000000001E-02));
#7497 = ( GEOMETRIC_REPRESENTATION_CONTEXT(2) 
PARAMETRIC_REPRESENTATION_CONTEXT() REPRESENTATION_CONTEXT('2D SPACE',''
  ) );
#7498 = PCURVE('',#5936,#7499);
#7499 = DEFINITIONAL_REPRESENTATION('',(#7500),#7503);
#7500 = B_SPLINE_CURVE_WITH_KNOTS('',1,(#7501,#7502),.UNSPECIFIED.,.F.,
  .F.,(2,2),(-13.005,-4.999999999995E-03),.PIECEWISE_BEZIER_KNOTS.);
#7501 = CARTESIAN_POINT('',(59.,-13.));
#7502 = CARTESIAN_POINT('',(59.,0.));
#7503 = ( GEOMETRIC_REPRESENTATION_CONTEXT(2) 
PARAMETRIC_REPRESENTATION_CONTEXT() REPRESENTATION_CONTEXT('2D SPACE',''
  ) );
#7504 = ORIENTED_EDGE('',*,*,#5948,.T.);
#7505 = ORIENTED_EDGE('',*,*,#5574,.T.);
#7506 = ADVANCED_FACE('',(#7507),#5618,.T.);
#7507 = FACE_BOUND('',#7508,.T.);
#7508 = EDGE_LOOP('',(#7509,#7510,#7529,#7530));
#7509 = ORIENTED_EDGE('',*,*,#7463,.F.);
#7510 = ORIENTED_EDGE('',*,*,#7511,.T.);
#7511 = EDGE_CURVE('',#7464,#7323,#7512,.T.);
#7512 = SURFACE_CURVE('',#7513,(#7517,#7523),.PCURVE_S1.);
#7513 = LINE('',#7514,#7515);
#7514 = CARTESIAN_POINT('',(-108.,122.,203.5));
#7515 = VECTOR('',#7516,1.);
#7516 = DIRECTION('',(0.,-0.,1.));
#7517 = PCURVE('',#5618,#7518);
#7518 = DEFINITIONAL_REPRESENTATION('',(#7519),#7522);
#7519 = B_SPLINE_CURVE_WITH_KNOTS('',1,(#7520,#7521),.UNSPECIFIED.,.F.,
  .F.,(2,2),(29.5,46.5),.PIECEWISE_BEZIER_KNOTS.);
#7520 = CARTESIAN_POINT('',(0.,2.));
#7521 = CARTESIAN_POINT('',(17.,2.));
#7522 = ( GEOMETRIC_REPRESENTATION_CONTEXT(2) 
PARAMETRIC_REPRESENTATION_CONTEXT() REPRESENTATION_CONTEXT('2D SPACE',''
  ) );
#7523 = PCURVE('',#5936,#7524);
#7524 = DEFINITIONAL_REPRESENTATION('',(#7525),#7528);
#7525 = B_SPLINE_CURVE_WITH_KNOTS('',1,(#7526,#7527),.UNSPECIFIED.,.F.,
  .F.,(2,2),(29.5,46.5),.PIECEWISE_BEZIER_KNOTS.);
#7526 = CARTESIAN_POINT('',(59.,-13.));
#7527 = CARTESIAN_POINT('',(76.,-13.));
#7528 = ( GEOMETRIC_REPRESENTATION_CONTEXT(2) 
PARAMETRIC_REPRESENTATION_CONTEXT() REPRESENTATION_CONTEXT('2D SPACE',''
  ) );
#7529 = ORIENTED_EDGE('',*,*,#7345,.F.);
#7530 = ORIENTED_EDGE('',*,*,#5602,.F.);
#7531 = ADVANCED_FACE('',(#7532,#7580),#5694,.F.);
#7532 = FACE_BOUND('',#7533,.F.);
#7533 = EDGE_LOOP('',(#7534,#7557,#7558,#7559));
#7534 = ORIENTED_EDGE('',*,*,#7535,.F.);
#7535 = EDGE_CURVE('',#6798,#7536,#7538,.T.);
#7536 = VERTEX_POINT('',#7537);
#7537 = CARTESIAN_POINT('',(538.,128.,191.));
#7538 = SURFACE_CURVE('',#7539,(#7543,#7550),.PCURVE_S1.);
#7539 = LINE('',#7540,#7541);
#7540 = CARTESIAN_POINT('',(538.,128.,173.99));
#7541 = VECTOR('',#7542,1.);
#7542 = DIRECTION('',(0.,0.,1.));
#7543 = PCURVE('',#5694,#7544);
#7544 = DEFINITIONAL_REPRESENTATION('',(#7545),#7549);
#7545 = LINE('',#7546,#7547);
#7546 = CARTESIAN_POINT('',(0.,0.));
#7547 = VECTOR('',#7548,1.);
#7548 = DIRECTION('',(1.,0.));
#7549 = ( GEOMETRIC_REPRESENTATION_CONTEXT(2) 
PARAMETRIC_REPRESENTATION_CONTEXT() REPRESENTATION_CONTEXT('2D SPACE',''
  ) );
#7550 = PCURVE('',#6812,#7551);
#7551 = DEFINITIONAL_REPRESENTATION('',(#7552),#7556);
#7552 = LINE('',#7553,#7554);
#7553 = CARTESIAN_POINT('',(0.,0.));
#7554 = VECTOR('',#7555,1.);
#7555 = DIRECTION('',(1.,0.));
#7556 = ( GEOMETRIC_REPRESENTATION_CONTEXT(2) 
PARAMETRIC_REPRESENTATION_CONTEXT() REPRESENTATION_CONTEXT('2D SPACE',''
  ) );
#7557 = ORIENTED_EDGE('',*,*,#6823,.T.);
#7558 = ORIENTED_EDGE('',*,*,#7208,.F.);
#7559 = ORIENTED_EDGE('',*,*,#7560,.F.);
#7560 = EDGE_CURVE('',#7536,#7183,#7561,.T.);
#7561 = SURFACE_CURVE('',#7562,(#7566,#7573),.PCURVE_S1.);
#7562 = LINE('',#7563,#7564);
#7563 = CARTESIAN_POINT('',(538.,128.,191.));
#7564 = VECTOR('',#7565,1.);
#7565 = DIRECTION('',(-0.,1.,0.));
#7566 = PCURVE('',#5694,#7567);
#7567 = DEFINITIONAL_REPRESENTATION('',(#7568),#7572);
#7568 = LINE('',#7569,#7570);
#7569 = CARTESIAN_POINT('',(17.01,0.));
#7570 = VECTOR('',#7571,1.);
#7571 = DIRECTION('',(0.,-1.));
#7572 = ( GEOMETRIC_REPRESENTATION_CONTEXT(2) 
PARAMETRIC_REPRESENTATION_CONTEXT() REPRESENTATION_CONTEXT('2D SPACE',''
  ) );
#7573 = PCURVE('',#7197,#7574);
#7574 = DEFINITIONAL_REPRESENTATION('',(#7575),#7579);
#7575 = LINE('',#7576,#7577);
#7576 = CARTESIAN_POINT('',(0.,0.));
#7577 = VECTOR('',#7578,1.);
#7578 = DIRECTION('',(0.,1.));
#7579 = ( GEOMETRIC_REPRESENTATION_CONTEXT(2) 
PARAMETRIC_REPRESENTATION_CONTEXT() REPRESENTATION_CONTEXT('2D SPACE',''
  ) );
#7580 = FACE_BOUND('',#7581,.F.);
#7581 = EDGE_LOOP('',(#7582));
#7582 = ORIENTED_EDGE('',*,*,#5679,.F.);
#7583 = ADVANCED_FACE('',(#7584,#7657),#5749,.F.);
#7584 = FACE_BOUND('',#7585,.F.);
#7585 = EDGE_LOOP('',(#7586,#7616,#7637,#7638));
#7586 = ORIENTED_EDGE('',*,*,#7587,.F.);
#7587 = EDGE_CURVE('',#7588,#7590,#7592,.T.);
#7588 = VERTEX_POINT('',#7589);
#7589 = CARTESIAN_POINT('',(538.,128.,233.));
#7590 = VERTEX_POINT('',#7591);
#7591 = CARTESIAN_POINT('',(538.,128.,250.));
#7592 = SURFACE_CURVE('',#7593,(#7597,#7604),.PCURVE_S1.);
#7593 = LINE('',#7594,#7595);
#7594 = CARTESIAN_POINT('',(538.,128.,233.));
#7595 = VECTOR('',#7596,1.);
#7596 = DIRECTION('',(0.,0.,1.));
#7597 = PCURVE('',#5749,#7598);
#7598 = DEFINITIONAL_REPRESENTATION('',(#7599),#7603);
#7599 = LINE('',#7600,#7601);
#7600 = CARTESIAN_POINT('',(0.,0.));
#7601 = VECTOR('',#7602,1.);
#7602 = DIRECTION('',(1.,0.));
#7603 = ( GEOMETRIC_REPRESENTATION_CONTEXT(2) 
PARAMETRIC_REPRESENTATION_CONTEXT() REPRESENTATION_CONTEXT('2D SPACE',''
  ) );
#7604 = PCURVE('',#7605,#7610);
#7605 = PLANE('',#7606);
#7606 = AXIS2_PLACEMENT_3D('',#7607,#7608,#7609);
#7607 = CARTESIAN_POINT('',(538.,128.,233.));
#7608 = DIRECTION('',(-0.,1.,0.));
#7609 = DIRECTION('',(0.,0.,1.));
#7610 = DEFINITIONAL_REPRESENTATION('',(#7611),#7615);
#7611 = LINE('',#7612,#7613);
#7612 = CARTESIAN_POINT('',(0.,0.));
#7613 = VECTOR('',#7614,1.);
#7614 = DIRECTION('',(1.,0.));
#7615 = ( GEOMETRIC_REPRESENTATION_CONTEXT(2) 
PARAMETRIC_REPRESENTATION_CONTEXT() REPRESENTATION_CONTEXT('2D SPACE',''
  ) );
#7616 = ORIENTED_EDGE('',*,*,#7617,.T.);
#7617 = EDGE_CURVE('',#7588,#7113,#7618,.T.);
#7618 = SURFACE_CURVE('',#7619,(#7623,#7630),.PCURVE_S1.);
#7619 = LINE('',#7620,#7621);
#7620 = CARTESIAN_POINT('',(538.,128.,233.));
#7621 = VECTOR('',#7622,1.);
#7622 = DIRECTION('',(-0.,1.,0.));
#7623 = PCURVE('',#5749,#7624);
#7624 = DEFINITIONAL_REPRESENTATION('',(#7625),#7629);
#7625 = LINE('',#7626,#7627);
#7626 = CARTESIAN_POINT('',(0.,0.));
#7627 = VECTOR('',#7628,1.);
#7628 = DIRECTION('',(0.,-1.));
#7629 = ( GEOMETRIC_REPRESENTATION_CONTEXT(2) 
PARAMETRIC_REPRESENTATION_CONTEXT() REPRESENTATION_CONTEXT('2D SPACE',''
  ) );
#7630 = PCURVE('',#7148,#7631);
#7631 = DEFINITIONAL_REPRESENTATION('',(#7632),#7636);
#7632 = LINE('',#7633,#7634);
#7633 = CARTESIAN_POINT('',(0.,0.));
#7634 = VECTOR('',#7635,1.);
#7635 = DIRECTION('',(0.,1.));
#7636 = ( GEOMETRIC_REPRESENTATION_CONTEXT(2) 
PARAMETRIC_REPRESENTATION_CONTEXT() REPRESENTATION_CONTEXT('2D SPACE',''
  ) );
#7637 = ORIENTED_EDGE('',*,*,#7112,.F.);
#7638 = ORIENTED_EDGE('',*,*,#7639,.F.);
#7639 = EDGE_CURVE('',#7590,#7090,#7640,.T.);
#7640 = SURFACE_CURVE('',#7641,(#7645,#7651),.PCURVE_S1.);
#7641 = LINE('',#7642,#7643);
#7642 = CARTESIAN_POINT('',(538.,118.5,250.));
#7643 = VECTOR('',#7644,1.);
#7644 = DIRECTION('',(-0.,1.,0.));
#7645 = PCURVE('',#5749,#7646);
#7646 = DEFINITIONAL_REPRESENTATION('',(#7647),#7650);
#7647 = B_SPLINE_CURVE_WITH_KNOTS('',1,(#7648,#7649),.UNSPECIFIED.,.F.,
  .F.,(2,2),(9.5,24.5),.PIECEWISE_BEZIER_KNOTS.);
#7648 = CARTESIAN_POINT('',(17.,0.));
#7649 = CARTESIAN_POINT('',(17.,-15.));
#7650 = ( GEOMETRIC_REPRESENTATION_CONTEXT(2) 
PARAMETRIC_REPRESENTATION_CONTEXT() REPRESENTATION_CONTEXT('2D SPACE',''
  ) );
#7651 = PCURVE('',#6181,#7652);
#7652 = DEFINITIONAL_REPRESENTATION('',(#7653),#7656);
#7653 = B_SPLINE_CURVE_WITH_KNOTS('',1,(#7654,#7655),.UNSPECIFIED.,.F.,
  .F.,(2,2),(9.5,24.5),.PIECEWISE_BEZIER_KNOTS.);
#7654 = CARTESIAN_POINT('',(646.,19.));
#7655 = CARTESIAN_POINT('',(646.,34.));
#7656 = ( GEOMETRIC_REPRESENTATION_CONTEXT(2) 
PARAMETRIC_REPRESENTATION_CONTEXT() REPRESENTATION_CONTEXT('2D SPACE',''
  ) );
#7657 = FACE_BOUND('',#7658,.F.);
#7658 = EDGE_LOOP('',(#7659));
#7659 = ORIENTED_EDGE('',*,*,#5734,.F.);
#7660 = ADVANCED_FACE('',(#7661,#7709),#5804,.F.);
#7661 = FACE_BOUND('',#7662,.F.);
#7662 = EDGE_LOOP('',(#7663,#7686,#7687,#7688));
#7663 = ORIENTED_EDGE('',*,*,#7664,.F.);
#7664 = EDGE_CURVE('',#6269,#7665,#7667,.T.);
#7665 = VERTEX_POINT('',#7666);
#7666 = CARTESIAN_POINT('',(538.,122.,191.));
#7667 = SURFACE_CURVE('',#7668,(#7672,#7679),.PCURVE_S1.);
#7668 = LINE('',#7669,#7670);
#7669 = CARTESIAN_POINT('',(538.,108.99,191.));
#7670 = VECTOR('',#7671,1.);
#7671 = DIRECTION('',(-0.,1.,0.));
#7672 = PCURVE('',#5804,#7673);
#7673 = DEFINITIONAL_REPRESENTATION('',(#7674),#7678);
#7674 = LINE('',#7675,#7676);
#7675 = CARTESIAN_POINT('',(17.01,0.));
#7676 = VECTOR('',#7677,1.);
#7677 = DIRECTION('',(0.,-1.));
#7678 = ( GEOMETRIC_REPRESENTATION_CONTEXT(2) 
PARAMETRIC_REPRESENTATION_CONTEXT() REPRESENTATION_CONTEXT('2D SPACE',''
  ) );
#7679 = PCURVE('',#6283,#7680);
#7680 = DEFINITIONAL_REPRESENTATION('',(#7681),#7685);
#7681 = LINE('',#7682,#7683);
#7682 = CARTESIAN_POINT('',(0.,0.));
#7683 = VECTOR('',#7684,1.);
#7684 = DIRECTION('',(0.,1.));
#7685 = ( GEOMETRIC_REPRESENTATION_CONTEXT(2) 
PARAMETRIC_REPRESENTATION_CONTEXT() REPRESENTATION_CONTEXT('2D SPACE',''
  ) );
#7686 = ORIENTED_EDGE('',*,*,#6294,.T.);
#7687 = ORIENTED_EDGE('',*,*,#6727,.T.);
#7688 = ORIENTED_EDGE('',*,*,#7689,.T.);
#7689 = EDGE_CURVE('',#6728,#7665,#7690,.T.);
#7690 = SURFACE_CURVE('',#7691,(#7695,#7702),.PCURVE_S1.);
#7691 = LINE('',#7692,#7693);
#7692 = CARTESIAN_POINT('',(538.,122.,173.99));
#7693 = VECTOR('',#7694,1.);
#7694 = DIRECTION('',(0.,0.,1.));
#7695 = PCURVE('',#5804,#7696);
#7696 = DEFINITIONAL_REPRESENTATION('',(#7697),#7701);
#7697 = LINE('',#7698,#7699);
#7698 = CARTESIAN_POINT('',(0.,-13.01));
#7699 = VECTOR('',#7700,1.);
#7700 = DIRECTION('',(1.,0.));
#7701 = ( GEOMETRIC_REPRESENTATION_CONTEXT(2) 
PARAMETRIC_REPRESENTATION_CONTEXT() REPRESENTATION_CONTEXT('2D SPACE',''
  ) );
#7702 = PCURVE('',#6763,#7703);
#7703 = DEFINITIONAL_REPRESENTATION('',(#7704),#7708);
#7704 = LINE('',#7705,#7706);
#7705 = CARTESIAN_POINT('',(0.,0.));
#7706 = VECTOR('',#7707,1.);
#7707 = DIRECTION('',(1.,0.));
#7708 = ( GEOMETRIC_REPRESENTATION_CONTEXT(2) 
PARAMETRIC_REPRESENTATION_CONTEXT() REPRESENTATION_CONTEXT('2D SPACE',''
  ) );
#7709 = FACE_BOUND('',#7710,.F.);
#7710 = EDGE_LOOP('',(#7711));
#7711 = ORIENTED_EDGE('',*,*,#5789,.F.);
#7712 = ADVANCED_FACE('',(#7713,#7786),#5859,.F.);
#7713 = FACE_BOUND('',#7714,.F.);
#7714 = EDGE_LOOP('',(#7715,#7716,#7739,#7767));
#7715 = ORIENTED_EDGE('',*,*,#6193,.T.);
#7716 = ORIENTED_EDGE('',*,*,#7717,.T.);
#7717 = EDGE_CURVE('',#6194,#7718,#7720,.T.);
#7718 = VERTEX_POINT('',#7719);
#7719 = CARTESIAN_POINT('',(538.,122.,233.));
#7720 = SURFACE_CURVE('',#7721,(#7725,#7732),.PCURVE_S1.);
#7721 = LINE('',#7722,#7723);
#7722 = CARTESIAN_POINT('',(538.,108.99,233.));
#7723 = VECTOR('',#7724,1.);
#7724 = DIRECTION('',(-0.,1.,0.));
#7725 = PCURVE('',#5859,#7726);
#7726 = DEFINITIONAL_REPRESENTATION('',(#7727),#7731);
#7727 = LINE('',#7728,#7729);
#7728 = CARTESIAN_POINT('',(0.,0.));
#7729 = VECTOR('',#7730,1.);
#7730 = DIRECTION('',(0.,-1.));
#7731 = ( GEOMETRIC_REPRESENTATION_CONTEXT(2) 
PARAMETRIC_REPRESENTATION_CONTEXT() REPRESENTATION_CONTEXT('2D SPACE',''
  ) );
#7732 = PCURVE('',#6229,#7733);
#7733 = DEFINITIONAL_REPRESENTATION('',(#7734),#7738);
#7734 = LINE('',#7735,#7736);
#7735 = CARTESIAN_POINT('',(0.,0.));
#7736 = VECTOR('',#7737,1.);
#7737 = DIRECTION('',(0.,1.));
#7738 = ( GEOMETRIC_REPRESENTATION_CONTEXT(2) 
PARAMETRIC_REPRESENTATION_CONTEXT() REPRESENTATION_CONTEXT('2D SPACE',''
  ) );
#7739 = ORIENTED_EDGE('',*,*,#7740,.T.);
#7740 = EDGE_CURVE('',#7718,#7741,#7743,.T.);
#7741 = VERTEX_POINT('',#7742);
#7742 = CARTESIAN_POINT('',(538.,122.,250.));
#7743 = SURFACE_CURVE('',#7744,(#7748,#7755),.PCURVE_S1.);
#7744 = LINE('',#7745,#7746);
#7745 = CARTESIAN_POINT('',(538.,122.,233.));
#7746 = VECTOR('',#7747,1.);
#7747 = DIRECTION('',(0.,0.,1.));
#7748 = PCURVE('',#5859,#7749);
#7749 = DEFINITIONAL_REPRESENTATION('',(#7750),#7754);
#7750 = LINE('',#7751,#7752);
#7751 = CARTESIAN_POINT('',(0.,-13.01));
#7752 = VECTOR('',#7753,1.);
#7753 = DIRECTION('',(1.,0.));
#7754 = ( GEOMETRIC_REPRESENTATION_CONTEXT(2) 
PARAMETRIC_REPRESENTATION_CONTEXT() REPRESENTATION_CONTEXT('2D SPACE',''
  ) );
#7755 = PCURVE('',#7756,#7761);
#7756 = PLANE('',#7757);
#7757 = AXIS2_PLACEMENT_3D('',#7758,#7759,#7760);
#7758 = CARTESIAN_POINT('',(538.,122.,233.));
#7759 = DIRECTION('',(-0.,1.,0.));
#7760 = DIRECTION('',(0.,0.,1.));
#7761 = DEFINITIONAL_REPRESENTATION('',(#7762),#7766);
#7762 = LINE('',#7763,#7764);
#7763 = CARTESIAN_POINT('',(0.,0.));
#7764 = VECTOR('',#7765,1.);
#7765 = DIRECTION('',(1.,0.));
#7766 = ( GEOMETRIC_REPRESENTATION_CONTEXT(2) 
PARAMETRIC_REPRESENTATION_CONTEXT() REPRESENTATION_CONTEXT('2D SPACE',''
  ) );
#7767 = ORIENTED_EDGE('',*,*,#7768,.F.);
#7768 = EDGE_CURVE('',#6166,#7741,#7769,.T.);
#7769 = SURFACE_CURVE('',#7770,(#7774,#7780),.PCURVE_S1.);
#7770 = LINE('',#7771,#7772);
#7771 = CARTESIAN_POINT('',(538.,108.995,250.));
#7772 = VECTOR('',#7773,1.);
#7773 = DIRECTION('',(-0.,1.,0.));
#7774 = PCURVE('',#5859,#7775);
#7775 = DEFINITIONAL_REPRESENTATION('',(#7776),#7779);
#7776 = B_SPLINE_CURVE_WITH_KNOTS('',1,(#7777,#7778),.UNSPECIFIED.,.F.,
  .F.,(2,2),(4.999999999995E-03,13.005),.PIECEWISE_BEZIER_KNOTS.);
#7777 = CARTESIAN_POINT('',(17.,-1.000000000001E-02));
#7778 = CARTESIAN_POINT('',(17.,-13.01));
#7779 = ( GEOMETRIC_REPRESENTATION_CONTEXT(2) 
PARAMETRIC_REPRESENTATION_CONTEXT() REPRESENTATION_CONTEXT('2D SPACE',''
  ) );
#7780 = PCURVE('',#6181,#7781);
#7781 = DEFINITIONAL_REPRESENTATION('',(#7782),#7785);
#7782 = B_SPLINE_CURVE_WITH_KNOTS('',1,(#7783,#7784),.UNSPECIFIED.,.F.,
  .F.,(2,2),(4.999999999995E-03,13.005),.PIECEWISE_BEZIER_KNOTS.);
#7783 = CARTESIAN_POINT('',(646.,0.));
#7784 = CARTESIAN_POINT('',(646.,13.));
#7785 = ( GEOMETRIC_REPRESENTATION_CONTEXT(2) 
PARAMETRIC_REPRESENTATION_CONTEXT() REPRESENTATION_CONTEXT('2D SPACE',''
  ) );
#7786 = FACE_BOUND('',#7787,.F.);
#7787 = EDGE_LOOP('',(#7788));
#7788 = ORIENTED_EDGE('',*,*,#5844,.F.);
#7789 = ADVANCED_FACE('',(#7790),#6283,.T.);
#7790 = FACE_BOUND('',#7791,.T.);
#7791 = EDGE_LOOP('',(#7792,#7793,#7794,#7815));
#7792 = ORIENTED_EDGE('',*,*,#7664,.F.);
#7793 = ORIENTED_EDGE('',*,*,#6268,.T.);
#7794 = ORIENTED_EDGE('',*,*,#7795,.F.);
#7795 = EDGE_CURVE('',#7796,#6241,#7798,.T.);
#7796 = VERTEX_POINT('',#7797);
#7797 = CARTESIAN_POINT('',(548.,122.,191.));
#7798 = SURFACE_CURVE('',#7799,(#7803,#7809),.PCURVE_S1.);
#7799 = LINE('',#7800,#7801);
#7800 = CARTESIAN_POINT('',(548.,108.995,191.));
#7801 = VECTOR('',#7802,1.);
#7802 = DIRECTION('',(0.,-1.,0.));
#7803 = PCURVE('',#6283,#7804);
#7804 = DEFINITIONAL_REPRESENTATION('',(#7805),#7808);
#7805 = B_SPLINE_CURVE_WITH_KNOTS('',1,(#7806,#7807),.UNSPECIFIED.,.F.,
  .F.,(2,2),(-13.005,-4.999999999995E-03),.PIECEWISE_BEZIER_KNOTS.);
#7806 = CARTESIAN_POINT('',(10.,13.01));
#7807 = CARTESIAN_POINT('',(10.,1.000000000001E-02));
#7808 = ( GEOMETRIC_REPRESENTATION_CONTEXT(2) 
PARAMETRIC_REPRESENTATION_CONTEXT() REPRESENTATION_CONTEXT('2D SPACE',''
  ) );
#7809 = PCURVE('',#6256,#7810);
#7810 = DEFINITIONAL_REPRESENTATION('',(#7811),#7814);
#7811 = B_SPLINE_CURVE_WITH_KNOTS('',1,(#7812,#7813),.UNSPECIFIED.,.F.,
  .F.,(2,2),(-13.005,-4.999999999995E-03),.PIECEWISE_BEZIER_KNOTS.);
#7812 = CARTESIAN_POINT('',(17.,-13.));
#7813 = CARTESIAN_POINT('',(17.,0.));
#7814 = ( GEOMETRIC_REPRESENTATION_CONTEXT(2) 
PARAMETRIC_REPRESENTATION_CONTEXT() REPRESENTATION_CONTEXT('2D SPACE',''
  ) );
#7815 = ORIENTED_EDGE('',*,*,#7816,.F.);
#7816 = EDGE_CURVE('',#7665,#7796,#7817,.T.);
#7817 = SURFACE_CURVE('',#7818,(#7822,#7829),.PCURVE_S1.);
#7818 = LINE('',#7819,#7820);
#7819 = CARTESIAN_POINT('',(538.,122.,191.));
#7820 = VECTOR('',#7821,1.);
#7821 = DIRECTION('',(1.,0.,-0.));
#7822 = PCURVE('',#6283,#7823);
#7823 = DEFINITIONAL_REPRESENTATION('',(#7824),#7828);
#7824 = LINE('',#7825,#7826);
#7825 = CARTESIAN_POINT('',(0.,13.01));
#7826 = VECTOR('',#7827,1.);
#7827 = DIRECTION('',(1.,0.));
#7828 = ( GEOMETRIC_REPRESENTATION_CONTEXT(2) 
PARAMETRIC_REPRESENTATION_CONTEXT() REPRESENTATION_CONTEXT('2D SPACE',''
  ) );
#7829 = PCURVE('',#6763,#7830);
#7830 = DEFINITIONAL_REPRESENTATION('',(#7831),#7835);
#7831 = LINE('',#7832,#7833);
#7832 = CARTESIAN_POINT('',(17.01,0.));
#7833 = VECTOR('',#7834,1.);
#7834 = DIRECTION('',(0.,1.));
#7835 = ( GEOMETRIC_REPRESENTATION_CONTEXT(2) 
PARAMETRIC_REPRESENTATION_CONTEXT() REPRESENTATION_CONTEXT('2D SPACE',''
  ) );
#7836 = ADVANCED_FACE('',(#7837),#5936,.T.);
#7837 = FACE_BOUND('',#7838,.T.);
#7838 = EDGE_LOOP('',(#7839,#7840,#7841,#7842,#7843,#7844,#7845,#7846,
    #7847,#7848,#7849,#7850));
#7839 = ORIENTED_EDGE('',*,*,#5920,.F.);
#7840 = ORIENTED_EDGE('',*,*,#7414,.F.);
#7841 = ORIENTED_EDGE('',*,*,#7440,.F.);
#7842 = ORIENTED_EDGE('',*,*,#6683,.T.);
#7843 = ORIENTED_EDGE('',*,*,#6638,.T.);
#7844 = ORIENTED_EDGE('',*,*,#6870,.F.);
#7845 = ORIENTED_EDGE('',*,*,#6918,.T.);
#7846 = ORIENTED_EDGE('',*,*,#7297,.T.);
#7847 = ORIENTED_EDGE('',*,*,#7253,.T.);
#7848 = ORIENTED_EDGE('',*,*,#7322,.F.);
#7849 = ORIENTED_EDGE('',*,*,#7511,.F.);
#7850 = ORIENTED_EDGE('',*,*,#7486,.T.);
#7851 = ADVANCED_FACE('',(#7852),#6256,.F.);
#7852 = FACE_BOUND('',#7853,.F.);
#7853 = EDGE_LOOP('',(#7854,#7855,#7856,#7875,#7876,#7897,#7916,#7917,
    #7938,#7959,#7982,#8003));
#7854 = ORIENTED_EDGE('',*,*,#6240,.F.);
#7855 = ORIENTED_EDGE('',*,*,#7795,.F.);
#7856 = ORIENTED_EDGE('',*,*,#7857,.F.);
#7857 = EDGE_CURVE('',#6749,#7796,#7858,.T.);
#7858 = SURFACE_CURVE('',#7859,(#7863,#7869),.PCURVE_S1.);
#7859 = LINE('',#7860,#7861);
#7860 = CARTESIAN_POINT('',(548.,122.,173.995));
#7861 = VECTOR('',#7862,1.);
#7862 = DIRECTION('',(0.,-0.,1.));
#7863 = PCURVE('',#6256,#7864);
#7864 = DEFINITIONAL_REPRESENTATION('',(#7865),#7868);
#7865 = B_SPLINE_CURVE_WITH_KNOTS('',1,(#7866,#7867),.UNSPECIFIED.,.F.,
  .F.,(2,2),(4.999999999995E-03,17.005),.PIECEWISE_BEZIER_KNOTS.);
#7866 = CARTESIAN_POINT('',(0.,-13.));
#7867 = CARTESIAN_POINT('',(17.,-13.));
#7868 = ( GEOMETRIC_REPRESENTATION_CONTEXT(2) 
PARAMETRIC_REPRESENTATION_CONTEXT() REPRESENTATION_CONTEXT('2D SPACE',''
  ) );
#7869 = PCURVE('',#6763,#7870);
#7870 = DEFINITIONAL_REPRESENTATION('',(#7871),#7874);
#7871 = B_SPLINE_CURVE_WITH_KNOTS('',1,(#7872,#7873),.UNSPECIFIED.,.F.,
  .F.,(2,2),(4.999999999995E-03,17.005),.PIECEWISE_BEZIER_KNOTS.);
#7872 = CARTESIAN_POINT('',(9.999999999991E-03,10.));
#7873 = CARTESIAN_POINT('',(17.01,10.));
#7874 = ( GEOMETRIC_REPRESENTATION_CONTEXT(2) 
PARAMETRIC_REPRESENTATION_CONTEXT() REPRESENTATION_CONTEXT('2D SPACE',''
  ) );
#7875 = ORIENTED_EDGE('',*,*,#6774,.T.);
#7876 = ORIENTED_EDGE('',*,*,#7877,.T.);
#7877 = EDGE_CURVE('',#6775,#7878,#7880,.T.);
#7878 = VERTEX_POINT('',#7879);
#7879 = CARTESIAN_POINT('',(548.,128.,191.));
#7880 = SURFACE_CURVE('',#7881,(#7885,#7891),.PCURVE_S1.);
#7881 = LINE('',#7882,#7883);
#7882 = CARTESIAN_POINT('',(548.,128.,173.995));
#7883 = VECTOR('',#7884,1.);
#7884 = DIRECTION('',(0.,-0.,1.));
#7885 = PCURVE('',#6256,#7886);
#7886 = DEFINITIONAL_REPRESENTATION('',(#7887),#7890);
#7887 = B_SPLINE_CURVE_WITH_KNOTS('',1,(#7888,#7889),.UNSPECIFIED.,.F.,
  .F.,(2,2),(4.999999999995E-03,17.005),.PIECEWISE_BEZIER_KNOTS.);
#7888 = CARTESIAN_POINT('',(0.,-19.));
#7889 = CARTESIAN_POINT('',(17.,-19.));
#7890 = ( GEOMETRIC_REPRESENTATION_CONTEXT(2) 
PARAMETRIC_REPRESENTATION_CONTEXT() REPRESENTATION_CONTEXT('2D SPACE',''
  ) );
#7891 = PCURVE('',#6812,#7892);
#7892 = DEFINITIONAL_REPRESENTATION('',(#7893),#7896);
#7893 = B_SPLINE_CURVE_WITH_KNOTS('',1,(#7894,#7895),.UNSPECIFIED.,.F.,
  .F.,(2,2),(4.999999999995E-03,17.005),.PIECEWISE_BEZIER_KNOTS.);
#7894 = CARTESIAN_POINT('',(9.999999999991E-03,10.));
#7895 = CARTESIAN_POINT('',(17.01,10.));
#7896 = ( GEOMETRIC_REPRESENTATION_CONTEXT(2) 
PARAMETRIC_REPRESENTATION_CONTEXT() REPRESENTATION_CONTEXT('2D SPACE',''
  ) );
#7897 = ORIENTED_EDGE('',*,*,#7898,.F.);
#7898 = EDGE_CURVE('',#7160,#7878,#7899,.T.);
#7899 = SURFACE_CURVE('',#7900,(#7904,#7910),.PCURVE_S1.);
#7900 = LINE('',#7901,#7902);
#7901 = CARTESIAN_POINT('',(548.,118.5,191.));
#7902 = VECTOR('',#7903,1.);
#7903 = DIRECTION('',(0.,-1.,0.));
#7904 = PCURVE('',#6256,#7905);
#7905 = DEFINITIONAL_REPRESENTATION('',(#7906),#7909);
#7906 = B_SPLINE_CURVE_WITH_KNOTS('',1,(#7907,#7908),.UNSPECIFIED.,.F.,
  .F.,(2,2),(-24.5,-9.5),.PIECEWISE_BEZIER_KNOTS.);
#7907 = CARTESIAN_POINT('',(17.,-34.));
#7908 = CARTESIAN_POINT('',(17.,-19.));
#7909 = ( GEOMETRIC_REPRESENTATION_CONTEXT(2) 
PARAMETRIC_REPRESENTATION_CONTEXT() REPRESENTATION_CONTEXT('2D SPACE',''
  ) );
#7910 = PCURVE('',#7197,#7911);
#7911 = DEFINITIONAL_REPRESENTATION('',(#7912),#7915);
#7912 = B_SPLINE_CURVE_WITH_KNOTS('',1,(#7913,#7914),.UNSPECIFIED.,.F.,
  .F.,(2,2),(-24.5,-9.5),.PIECEWISE_BEZIER_KNOTS.);
#7913 = CARTESIAN_POINT('',(10.,15.));
#7914 = CARTESIAN_POINT('',(10.,0.));
#7915 = ( GEOMETRIC_REPRESENTATION_CONTEXT(2) 
PARAMETRIC_REPRESENTATION_CONTEXT() REPRESENTATION_CONTEXT('2D SPACE',''
  ) );
#7916 = ORIENTED_EDGE('',*,*,#7159,.T.);
#7917 = ORIENTED_EDGE('',*,*,#7918,.T.);
#7918 = EDGE_CURVE('',#7134,#7919,#7921,.T.);
#7919 = VERTEX_POINT('',#7920);
#7920 = CARTESIAN_POINT('',(548.,128.,233.));
#7921 = SURFACE_CURVE('',#7922,(#7926,#7932),.PCURVE_S1.);
#7922 = LINE('',#7923,#7924);
#7923 = CARTESIAN_POINT('',(548.,118.5,233.));
#7924 = VECTOR('',#7925,1.);
#7925 = DIRECTION('',(0.,-1.,0.));
#7926 = PCURVE('',#6256,#7927);
#7927 = DEFINITIONAL_REPRESENTATION('',(#7928),#7931);
#7928 = B_SPLINE_CURVE_WITH_KNOTS('',1,(#7929,#7930),.UNSPECIFIED.,.F.,
  .F.,(2,2),(-24.5,-9.5),.PIECEWISE_BEZIER_KNOTS.);
#7929 = CARTESIAN_POINT('',(59.,-34.));
#7930 = CARTESIAN_POINT('',(59.,-19.));
#7931 = ( GEOMETRIC_REPRESENTATION_CONTEXT(2) 
PARAMETRIC_REPRESENTATION_CONTEXT() REPRESENTATION_CONTEXT('2D SPACE',''
  ) );
#7932 = PCURVE('',#7148,#7933);
#7933 = DEFINITIONAL_REPRESENTATION('',(#7934),#7937);
#7934 = B_SPLINE_CURVE_WITH_KNOTS('',1,(#7935,#7936),.UNSPECIFIED.,.F.,
  .F.,(2,2),(-24.5,-9.5),.PIECEWISE_BEZIER_KNOTS.);
#7935 = CARTESIAN_POINT('',(10.,15.));
#7936 = CARTESIAN_POINT('',(10.,0.));
#7937 = ( GEOMETRIC_REPRESENTATION_CONTEXT(2) 
PARAMETRIC_REPRESENTATION_CONTEXT() REPRESENTATION_CONTEXT('2D SPACE',''
  ) );
#7938 = ORIENTED_EDGE('',*,*,#7939,.T.);
#7939 = EDGE_CURVE('',#7919,#7940,#7942,.T.);
#7940 = VERTEX_POINT('',#7941);
#7941 = CARTESIAN_POINT('',(548.,128.,250.));
#7942 = SURFACE_CURVE('',#7943,(#7947,#7953),.PCURVE_S1.);
#7943 = LINE('',#7944,#7945);
#7944 = CARTESIAN_POINT('',(548.,128.,203.5));
#7945 = VECTOR('',#7946,1.);
#7946 = DIRECTION('',(0.,-0.,1.));
#7947 = PCURVE('',#6256,#7948);
#7948 = DEFINITIONAL_REPRESENTATION('',(#7949),#7952);
#7949 = B_SPLINE_CURVE_WITH_KNOTS('',1,(#7950,#7951),.UNSPECIFIED.,.F.,
  .F.,(2,2),(29.5,46.5),.PIECEWISE_BEZIER_KNOTS.);
#7950 = CARTESIAN_POINT('',(59.,-19.));
#7951 = CARTESIAN_POINT('',(76.,-19.));
#7952 = ( GEOMETRIC_REPRESENTATION_CONTEXT(2) 
PARAMETRIC_REPRESENTATION_CONTEXT() REPRESENTATION_CONTEXT('2D SPACE',''
  ) );
#7953 = PCURVE('',#7605,#7954);
#7954 = DEFINITIONAL_REPRESENTATION('',(#7955),#7958);
#7955 = B_SPLINE_CURVE_WITH_KNOTS('',1,(#7956,#7957),.UNSPECIFIED.,.F.,
  .F.,(2,2),(29.5,46.5),.PIECEWISE_BEZIER_KNOTS.);
#7956 = CARTESIAN_POINT('',(0.,10.));
#7957 = CARTESIAN_POINT('',(17.,10.));
#7958 = ( GEOMETRIC_REPRESENTATION_CONTEXT(2) 
PARAMETRIC_REPRESENTATION_CONTEXT() REPRESENTATION_CONTEXT('2D SPACE',''
  ) );
#7959 = ORIENTED_EDGE('',*,*,#7960,.F.);
#7960 = EDGE_CURVE('',#7961,#7940,#7963,.T.);
#7961 = VERTEX_POINT('',#7962);
#7962 = CARTESIAN_POINT('',(548.,122.,250.));
#7963 = SURFACE_CURVE('',#7964,(#7968,#7975),.PCURVE_S1.);
#7964 = LINE('',#7965,#7966);
#7965 = CARTESIAN_POINT('',(548.,109.,250.));
#7966 = VECTOR('',#7967,1.);
#7967 = DIRECTION('',(0.,1.,0.));
#7968 = PCURVE('',#6256,#7969);
#7969 = DEFINITIONAL_REPRESENTATION('',(#7970),#7974);
#7970 = LINE('',#7971,#7972);
#7971 = CARTESIAN_POINT('',(76.,0.));
#7972 = VECTOR('',#7973,1.);
#7973 = DIRECTION('',(0.,-1.));
#7974 = ( GEOMETRIC_REPRESENTATION_CONTEXT(2) 
PARAMETRIC_REPRESENTATION_CONTEXT() REPRESENTATION_CONTEXT('2D SPACE',''
  ) );
#7975 = PCURVE('',#6181,#7976);
#7976 = DEFINITIONAL_REPRESENTATION('',(#7977),#7981);
#7977 = LINE('',#7978,#7979);
#7978 = CARTESIAN_POINT('',(656.,0.));
#7979 = VECTOR('',#7980,1.);
#7980 = DIRECTION('',(0.,1.));
#7981 = ( GEOMETRIC_REPRESENTATION_CONTEXT(2) 
PARAMETRIC_REPRESENTATION_CONTEXT() REPRESENTATION_CONTEXT('2D SPACE',''
  ) );
#7982 = ORIENTED_EDGE('',*,*,#7983,.F.);
#7983 = EDGE_CURVE('',#7984,#7961,#7986,.T.);
#7984 = VERTEX_POINT('',#7985);
#7985 = CARTESIAN_POINT('',(548.,122.,233.));
#7986 = SURFACE_CURVE('',#7987,(#7991,#7997),.PCURVE_S1.);
#7987 = LINE('',#7988,#7989);
#7988 = CARTESIAN_POINT('',(548.,122.,203.5));
#7989 = VECTOR('',#7990,1.);
#7990 = DIRECTION('',(0.,-0.,1.));
#7991 = PCURVE('',#6256,#7992);
#7992 = DEFINITIONAL_REPRESENTATION('',(#7993),#7996);
#7993 = B_SPLINE_CURVE_WITH_KNOTS('',1,(#7994,#7995),.UNSPECIFIED.,.F.,
  .F.,(2,2),(29.5,46.5),.PIECEWISE_BEZIER_KNOTS.);
#7994 = CARTESIAN_POINT('',(59.,-13.));
#7995 = CARTESIAN_POINT('',(76.,-13.));
#7996 = ( GEOMETRIC_REPRESENTATION_CONTEXT(2) 
PARAMETRIC_REPRESENTATION_CONTEXT() REPRESENTATION_CONTEXT('2D SPACE',''
  ) );
#7997 = PCURVE('',#7756,#7998);
#7998 = DEFINITIONAL_REPRESENTATION('',(#7999),#8002);
#7999 = B_SPLINE_CURVE_WITH_KNOTS('',1,(#8000,#8001),.UNSPECIFIED.,.F.,
  .F.,(2,2),(29.5,46.5),.PIECEWISE_BEZIER_KNOTS.);
#8000 = CARTESIAN_POINT('',(0.,10.));
#8001 = CARTESIAN_POINT('',(17.,10.));
#8002 = ( GEOMETRIC_REPRESENTATION_CONTEXT(2) 
PARAMETRIC_REPRESENTATION_CONTEXT() REPRESENTATION_CONTEXT('2D SPACE',''
  ) );
#8003 = ORIENTED_EDGE('',*,*,#8004,.T.);
#8004 = EDGE_CURVE('',#7984,#6215,#8005,.T.);
#8005 = SURFACE_CURVE('',#8006,(#8010,#8016),.PCURVE_S1.);
#8006 = LINE('',#8007,#8008);
#8007 = CARTESIAN_POINT('',(548.,108.995,233.));
#8008 = VECTOR('',#8009,1.);
#8009 = DIRECTION('',(0.,-1.,0.));
#8010 = PCURVE('',#6256,#8011);
#8011 = DEFINITIONAL_REPRESENTATION('',(#8012),#8015);
#8012 = B_SPLINE_CURVE_WITH_KNOTS('',1,(#8013,#8014),.UNSPECIFIED.,.F.,
  .F.,(2,2),(-13.005,-4.999999999995E-03),.PIECEWISE_BEZIER_KNOTS.);
#8013 = CARTESIAN_POINT('',(59.,-13.));
#8014 = CARTESIAN_POINT('',(59.,0.));
#8015 = ( GEOMETRIC_REPRESENTATION_CONTEXT(2) 
PARAMETRIC_REPRESENTATION_CONTEXT() REPRESENTATION_CONTEXT('2D SPACE',''
  ) );
#8016 = PCURVE('',#6229,#8017);
#8017 = DEFINITIONAL_REPRESENTATION('',(#8018),#8021);
#8018 = B_SPLINE_CURVE_WITH_KNOTS('',1,(#8019,#8020),.UNSPECIFIED.,.F.,
  .F.,(2,2),(-13.005,-4.999999999995E-03),.PIECEWISE_BEZIER_KNOTS.);
#8019 = CARTESIAN_POINT('',(10.,13.01));
#8020 = CARTESIAN_POINT('',(10.,1.000000000001E-02));
#8021 = ( GEOMETRIC_REPRESENTATION_CONTEXT(2) 
PARAMETRIC_REPRESENTATION_CONTEXT() REPRESENTATION_CONTEXT('2D SPACE',''
  ) );
#8022 = ADVANCED_FACE('',(#8023),#6229,.F.);
#8023 = FACE_BOUND('',#8024,.F.);
#8024 = EDGE_LOOP('',(#8025,#8026,#8027,#8028));
#8025 = ORIENTED_EDGE('',*,*,#7717,.F.);
#8026 = ORIENTED_EDGE('',*,*,#6214,.T.);
#8027 = ORIENTED_EDGE('',*,*,#8004,.F.);
#8028 = ORIENTED_EDGE('',*,*,#8029,.F.);
#8029 = EDGE_CURVE('',#7718,#7984,#8030,.T.);
#8030 = SURFACE_CURVE('',#8031,(#8035,#8042),.PCURVE_S1.);
#8031 = LINE('',#8032,#8033);
#8032 = CARTESIAN_POINT('',(538.,122.,233.));
#8033 = VECTOR('',#8034,1.);
#8034 = DIRECTION('',(1.,0.,-0.));
#8035 = PCURVE('',#6229,#8036);
#8036 = DEFINITIONAL_REPRESENTATION('',(#8037),#8041);
#8037 = LINE('',#8038,#8039);
#8038 = CARTESIAN_POINT('',(0.,13.01));
#8039 = VECTOR('',#8040,1.);
#8040 = DIRECTION('',(1.,0.));
#8041 = ( GEOMETRIC_REPRESENTATION_CONTEXT(2) 
PARAMETRIC_REPRESENTATION_CONTEXT() REPRESENTATION_CONTEXT('2D SPACE',''
  ) );
#8042 = PCURVE('',#7756,#8043);
#8043 = DEFINITIONAL_REPRESENTATION('',(#8044),#8048);
#8044 = LINE('',#8045,#8046);
#8045 = CARTESIAN_POINT('',(0.,0.));
#8046 = VECTOR('',#8047,1.);
#8047 = DIRECTION('',(0.,1.));
#8048 = ( GEOMETRIC_REPRESENTATION_CONTEXT(2) 
PARAMETRIC_REPRESENTATION_CONTEXT() REPRESENTATION_CONTEXT('2D SPACE',''
  ) );
#8049 = ADVANCED_FACE('',(#8050),#6181,.F.);
#8050 = FACE_BOUND('',#8051,.F.);
#8051 = EDGE_LOOP('',(#8052,#8071,#8072,#8073,#8092,#8093,#8112,#8113));
#8052 = ORIENTED_EDGE('',*,*,#8053,.F.);
#8053 = EDGE_CURVE('',#6140,#7069,#8054,.T.);
#8054 = SURFACE_CURVE('',#8055,(#8059,#8065),.PCURVE_S1.);
#8055 = LINE('',#8056,#8057);
#8056 = CARTESIAN_POINT('',(523.5,108.995,250.));
#8057 = VECTOR('',#8058,1.);
#8058 = DIRECTION('',(-0.,1.,0.));
#8059 = PCURVE('',#6181,#8060);
#8060 = DEFINITIONAL_REPRESENTATION('',(#8061),#8064);
#8061 = B_SPLINE_CURVE_WITH_KNOTS('',1,(#8062,#8063),.UNSPECIFIED.,.F.,
  .F.,(2,2),(4.999999999995E-03,34.005),.PIECEWISE_BEZIER_KNOTS.);
#8062 = CARTESIAN_POINT('',(631.5,0.));
#8063 = CARTESIAN_POINT('',(631.5,34.));
#8064 = ( GEOMETRIC_REPRESENTATION_CONTEXT(2) 
PARAMETRIC_REPRESENTATION_CONTEXT() REPRESENTATION_CONTEXT('2D SPACE',''
  ) );
#8065 = PCURVE('',#6154,#8066);
#8066 = DEFINITIONAL_REPRESENTATION('',(#8067),#8070);
#8067 = B_SPLINE_CURVE_WITH_KNOTS('',1,(#8068,#8069),.UNSPECIFIED.,.F.,
  .F.,(2,2),(4.999999999995E-03,34.005),.PIECEWISE_BEZIER_KNOTS.);
#8068 = CARTESIAN_POINT('',(8.,-1.000000000001E-02));
#8069 = CARTESIAN_POINT('',(8.,-34.01));
#8070 = ( GEOMETRIC_REPRESENTATION_CONTEXT(2) 
PARAMETRIC_REPRESENTATION_CONTEXT() REPRESENTATION_CONTEXT('2D SPACE',''
  ) );
#8071 = ORIENTED_EDGE('',*,*,#6165,.T.);
#8072 = ORIENTED_EDGE('',*,*,#7768,.T.);
#8073 = ORIENTED_EDGE('',*,*,#8074,.F.);
#8074 = EDGE_CURVE('',#7961,#7741,#8075,.T.);
#8075 = SURFACE_CURVE('',#8076,(#8080,#8086),.PCURVE_S1.);
#8076 = LINE('',#8077,#8078);
#8077 = CARTESIAN_POINT('',(215.,122.,250.));
#8078 = VECTOR('',#8079,1.);
#8079 = DIRECTION('',(-1.,-0.,0.));
#8080 = PCURVE('',#6181,#8081);
#8081 = DEFINITIONAL_REPRESENTATION('',(#8082),#8085);
#8082 = B_SPLINE_CURVE_WITH_KNOTS('',1,(#8083,#8084),.UNSPECIFIED.,.F.,
  .F.,(2,2),(-333.,-323.),.PIECEWISE_BEZIER_KNOTS.);
#8083 = CARTESIAN_POINT('',(656.,13.));
#8084 = CARTESIAN_POINT('',(646.,13.));
#8085 = ( GEOMETRIC_REPRESENTATION_CONTEXT(2) 
PARAMETRIC_REPRESENTATION_CONTEXT() REPRESENTATION_CONTEXT('2D SPACE',''
  ) );
#8086 = PCURVE('',#7756,#8087);
#8087 = DEFINITIONAL_REPRESENTATION('',(#8088),#8091);
#8088 = B_SPLINE_CURVE_WITH_KNOTS('',1,(#8089,#8090),.UNSPECIFIED.,.F.,
  .F.,(2,2),(-333.,-323.),.PIECEWISE_BEZIER_KNOTS.);
#8089 = CARTESIAN_POINT('',(17.,10.));
#8090 = CARTESIAN_POINT('',(17.,0.));
#8091 = ( GEOMETRIC_REPRESENTATION_CONTEXT(2) 
PARAMETRIC_REPRESENTATION_CONTEXT() REPRESENTATION_CONTEXT('2D SPACE',''
  ) );
#8092 = ORIENTED_EDGE('',*,*,#7960,.T.);
#8093 = ORIENTED_EDGE('',*,*,#8094,.T.);
#8094 = EDGE_CURVE('',#7940,#7590,#8095,.T.);
#8095 = SURFACE_CURVE('',#8096,(#8100,#8106),.PCURVE_S1.);
#8096 = LINE('',#8097,#8098);
#8097 = CARTESIAN_POINT('',(215.,128.,250.));
#8098 = VECTOR('',#8099,1.);
#8099 = DIRECTION('',(-1.,-0.,0.));
#8100 = PCURVE('',#6181,#8101);
#8101 = DEFINITIONAL_REPRESENTATION('',(#8102),#8105);
#8102 = B_SPLINE_CURVE_WITH_KNOTS('',1,(#8103,#8104),.UNSPECIFIED.,.F.,
  .F.,(2,2),(-333.,-323.),.PIECEWISE_BEZIER_KNOTS.);
#8103 = CARTESIAN_POINT('',(656.,19.));
#8104 = CARTESIAN_POINT('',(646.,19.));
#8105 = ( GEOMETRIC_REPRESENTATION_CONTEXT(2) 
PARAMETRIC_REPRESENTATION_CONTEXT() REPRESENTATION_CONTEXT('2D SPACE',''
  ) );
#8106 = PCURVE('',#7605,#8107);
#8107 = DEFINITIONAL_REPRESENTATION('',(#8108),#8111);
#8108 = B_SPLINE_CURVE_WITH_KNOTS('',1,(#8109,#8110),.UNSPECIFIED.,.F.,
  .F.,(2,2),(-333.,-323.),.PIECEWISE_BEZIER_KNOTS.);
#8109 = CARTESIAN_POINT('',(17.,10.));
#8110 = CARTESIAN_POINT('',(17.,0.));
#8111 = ( GEOMETRIC_REPRESENTATION_CONTEXT(2) 
PARAMETRIC_REPRESENTATION_CONTEXT() REPRESENTATION_CONTEXT('2D SPACE',''
  ) );
#8112 = ORIENTED_EDGE('',*,*,#7639,.T.);
#8113 = ORIENTED_EDGE('',*,*,#7089,.F.);
#8114 = ADVANCED_FACE('',(#8115),#6006,.F.);
#8115 = FACE_BOUND('',#8116,.F.);
#8116 = EDGE_LOOP('',(#8117,#8118,#8119,#8120));
#8117 = ORIENTED_EDGE('',*,*,#5991,.T.);
#8118 = ORIENTED_EDGE('',*,*,#6466,.T.);
#8119 = ORIENTED_EDGE('',*,*,#6984,.F.);
#8120 = ORIENTED_EDGE('',*,*,#7366,.F.);
#8121 = ADVANCED_FACE('',(#8122),#6154,.T.);
#8122 = FACE_BOUND('',#8123,.T.);
#8123 = EDGE_LOOP('',(#8124,#8125,#8126,#8127));
#8124 = ORIENTED_EDGE('',*,*,#6139,.T.);
#8125 = ORIENTED_EDGE('',*,*,#6565,.T.);
#8126 = ORIENTED_EDGE('',*,*,#7068,.F.);
#8127 = ORIENTED_EDGE('',*,*,#8053,.F.);
#8128 = ADVANCED_FACE('',(#8129),#6053,.T.);
#8129 = FACE_BOUND('',#8130,.T.);
#8130 = EDGE_LOOP('',(#8131,#8132,#8133,#8134));
#8131 = ORIENTED_EDGE('',*,*,#6038,.T.);
#8132 = ORIENTED_EDGE('',*,*,#6490,.T.);
#8133 = ORIENTED_EDGE('',*,*,#7004,.F.);
#8134 = ORIENTED_EDGE('',*,*,#8135,.F.);
#8135 = EDGE_CURVE('',#6039,#7005,#8136,.T.);
#8136 = SURFACE_CURVE('',#8137,(#8141,#8147),.PCURVE_S1.);
#8137 = LINE('',#8138,#8139);
#8138 = CARTESIAN_POINT('',(-32.5,108.995,250.));
#8139 = VECTOR('',#8140,1.);
#8140 = DIRECTION('',(-0.,1.,0.));
#8141 = PCURVE('',#6053,#8142);
#8142 = DEFINITIONAL_REPRESENTATION('',(#8143),#8146);
#8143 = B_SPLINE_CURVE_WITH_KNOTS('',1,(#8144,#8145),.UNSPECIFIED.,.F.,
  .F.,(2,2),(4.999999999995E-03,34.005),.PIECEWISE_BEZIER_KNOTS.);
#8144 = CARTESIAN_POINT('',(8.,-1.000000000001E-02));
#8145 = CARTESIAN_POINT('',(8.,-34.01));
#8146 = ( GEOMETRIC_REPRESENTATION_CONTEXT(2) 
PARAMETRIC_REPRESENTATION_CONTEXT() REPRESENTATION_CONTEXT('2D SPACE',''
  ) );
#8147 = PCURVE('',#6080,#8148);
#8148 = DEFINITIONAL_REPRESENTATION('',(#8149),#8152);
#8149 = B_SPLINE_CURVE_WITH_KNOTS('',1,(#8150,#8151),.UNSPECIFIED.,.F.,
  .F.,(2,2),(4.999999999995E-03,34.005),.PIECEWISE_BEZIER_KNOTS.);
#8150 = CARTESIAN_POINT('',(75.5,0.));
#8151 = CARTESIAN_POINT('',(75.5,34.));
#8152 = ( GEOMETRIC_REPRESENTATION_CONTEXT(2) 
PARAMETRIC_REPRESENTATION_CONTEXT() REPRESENTATION_CONTEXT('2D SPACE',''
  ) );
#8153 = ADVANCED_FACE('',(#8154),#6107,.F.);
#8154 = FACE_BOUND('',#8155,.F.);
#8155 = EDGE_LOOP('',(#8156,#8157,#8158,#8159));
#8156 = ORIENTED_EDGE('',*,*,#6092,.T.);
#8157 = ORIENTED_EDGE('',*,*,#6541,.T.);
#8158 = ORIENTED_EDGE('',*,*,#7048,.F.);
#8159 = ORIENTED_EDGE('',*,*,#8160,.F.);
#8160 = EDGE_CURVE('',#6065,#7026,#8161,.T.);
#8161 = SURFACE_CURVE('',#8162,(#8166,#8172),.PCURVE_S1.);
#8162 = LINE('',#8163,#8164);
#8163 = CARTESIAN_POINT('',(484.5,108.995,250.));
#8164 = VECTOR('',#8165,1.);
#8165 = DIRECTION('',(-0.,1.,0.));
#8166 = PCURVE('',#6107,#8167);
#8167 = DEFINITIONAL_REPRESENTATION('',(#8168),#8171);
#8168 = B_SPLINE_CURVE_WITH_KNOTS('',1,(#8169,#8170),.UNSPECIFIED.,.F.,
  .F.,(2,2),(4.999999999995E-03,34.005),.PIECEWISE_BEZIER_KNOTS.);
#8169 = CARTESIAN_POINT('',(8.,-1.000000000001E-02));
#8170 = CARTESIAN_POINT('',(8.,-34.01));
#8171 = ( GEOMETRIC_REPRESENTATION_CONTEXT(2) 
PARAMETRIC_REPRESENTATION_CONTEXT() REPRESENTATION_CONTEXT('2D SPACE',''
  ) );
#8172 = PCURVE('',#6080,#8173);
#8173 = DEFINITIONAL_REPRESENTATION('',(#8174),#8177);
#8174 = B_SPLINE_CURVE_WITH_KNOTS('',1,(#8175,#8176),.UNSPECIFIED.,.F.,
  .F.,(2,2),(4.999999999995E-03,34.005),.PIECEWISE_BEZIER_KNOTS.);
#8175 = CARTESIAN_POINT('',(592.5,0.));
#8176 = CARTESIAN_POINT('',(592.5,34.));
#8177 = ( GEOMETRIC_REPRESENTATION_CONTEXT(2) 
PARAMETRIC_REPRESENTATION_CONTEXT() REPRESENTATION_CONTEXT('2D SPACE',''
  ) );
#8178 = ADVANCED_FACE('',(#8179),#6080,.F.);
#8179 = FACE_BOUND('',#8180,.F.);
#8180 = EDGE_LOOP('',(#8181,#8182,#8183,#8184));
#8181 = ORIENTED_EDGE('',*,*,#8135,.F.);
#8182 = ORIENTED_EDGE('',*,*,#6064,.T.);
#8183 = ORIENTED_EDGE('',*,*,#8160,.T.);
#8184 = ORIENTED_EDGE('',*,*,#7025,.F.);
#8185 = ADVANCED_FACE('',(#8186),#6812,.F.);
#8186 = FACE_BOUND('',#8187,.F.);
#8187 = EDGE_LOOP('',(#8188,#8189,#8190,#8211));
#8188 = ORIENTED_EDGE('',*,*,#6797,.T.);
#8189 = ORIENTED_EDGE('',*,*,#7535,.T.);
#8190 = ORIENTED_EDGE('',*,*,#8191,.T.);
#8191 = EDGE_CURVE('',#7536,#7878,#8192,.T.);
#8192 = SURFACE_CURVE('',#8193,(#8197,#8204),.PCURVE_S1.);
#8193 = LINE('',#8194,#8195);
#8194 = CARTESIAN_POINT('',(538.,128.,191.));
#8195 = VECTOR('',#8196,1.);
#8196 = DIRECTION('',(1.,0.,-0.));
#8197 = PCURVE('',#6812,#8198);
#8198 = DEFINITIONAL_REPRESENTATION('',(#8199),#8203);
#8199 = LINE('',#8200,#8201);
#8200 = CARTESIAN_POINT('',(17.01,0.));
#8201 = VECTOR('',#8202,1.);
#8202 = DIRECTION('',(0.,1.));
#8203 = ( GEOMETRIC_REPRESENTATION_CONTEXT(2) 
PARAMETRIC_REPRESENTATION_CONTEXT() REPRESENTATION_CONTEXT('2D SPACE',''
  ) );
#8204 = PCURVE('',#7197,#8205);
#8205 = DEFINITIONAL_REPRESENTATION('',(#8206),#8210);
#8206 = LINE('',#8207,#8208);
#8207 = CARTESIAN_POINT('',(0.,0.));
#8208 = VECTOR('',#8209,1.);
#8209 = DIRECTION('',(1.,0.));
#8210 = ( GEOMETRIC_REPRESENTATION_CONTEXT(2) 
PARAMETRIC_REPRESENTATION_CONTEXT() REPRESENTATION_CONTEXT('2D SPACE',''
  ) );
#8211 = ORIENTED_EDGE('',*,*,#7877,.F.);
#8212 = ADVANCED_FACE('',(#8213),#6763,.T.);
#8213 = FACE_BOUND('',#8214,.T.);
#8214 = EDGE_LOOP('',(#8215,#8216,#8217,#8218));
#8215 = ORIENTED_EDGE('',*,*,#6748,.T.);
#8216 = ORIENTED_EDGE('',*,*,#7689,.T.);
#8217 = ORIENTED_EDGE('',*,*,#7816,.T.);
#8218 = ORIENTED_EDGE('',*,*,#7857,.F.);
#8219 = ADVANCED_FACE('',(#8220),#7197,.T.);
#8220 = FACE_BOUND('',#8221,.T.);
#8221 = EDGE_LOOP('',(#8222,#8223,#8224,#8225));
#8222 = ORIENTED_EDGE('',*,*,#7560,.F.);
#8223 = ORIENTED_EDGE('',*,*,#8191,.T.);
#8224 = ORIENTED_EDGE('',*,*,#7898,.F.);
#8225 = ORIENTED_EDGE('',*,*,#7182,.F.);
#8226 = ADVANCED_FACE('',(#8227),#7148,.F.);
#8227 = FACE_BOUND('',#8228,.F.);
#8228 = EDGE_LOOP('',(#8229,#8230,#8251,#8252));
#8229 = ORIENTED_EDGE('',*,*,#7617,.F.);
#8230 = ORIENTED_EDGE('',*,*,#8231,.T.);
#8231 = EDGE_CURVE('',#7588,#7919,#8232,.T.);
#8232 = SURFACE_CURVE('',#8233,(#8237,#8244),.PCURVE_S1.);
#8233 = LINE('',#8234,#8235);
#8234 = CARTESIAN_POINT('',(538.,128.,233.));
#8235 = VECTOR('',#8236,1.);
#8236 = DIRECTION('',(1.,0.,-0.));
#8237 = PCURVE('',#7148,#8238);
#8238 = DEFINITIONAL_REPRESENTATION('',(#8239),#8243);
#8239 = LINE('',#8240,#8241);
#8240 = CARTESIAN_POINT('',(0.,0.));
#8241 = VECTOR('',#8242,1.);
#8242 = DIRECTION('',(1.,0.));
#8243 = ( GEOMETRIC_REPRESENTATION_CONTEXT(2) 
PARAMETRIC_REPRESENTATION_CONTEXT() REPRESENTATION_CONTEXT('2D SPACE',''
  ) );
#8244 = PCURVE('',#7605,#8245);
#8245 = DEFINITIONAL_REPRESENTATION('',(#8246),#8250);
#8246 = LINE('',#8247,#8248);
#8247 = CARTESIAN_POINT('',(0.,0.));
#8248 = VECTOR('',#8249,1.);
#8249 = DIRECTION('',(0.,1.));
#8250 = ( GEOMETRIC_REPRESENTATION_CONTEXT(2) 
PARAMETRIC_REPRESENTATION_CONTEXT() REPRESENTATION_CONTEXT('2D SPACE',''
  ) );
#8251 = ORIENTED_EDGE('',*,*,#7918,.F.);
#8252 = ORIENTED_EDGE('',*,*,#7133,.F.);
#8253 = ADVANCED_FACE('',(#8254),#7605,.F.);
#8254 = FACE_BOUND('',#8255,.F.);
#8255 = EDGE_LOOP('',(#8256,#8257,#8258,#8259));
#8256 = ORIENTED_EDGE('',*,*,#8231,.F.);
#8257 = ORIENTED_EDGE('',*,*,#7587,.T.);
#8258 = ORIENTED_EDGE('',*,*,#8094,.F.);
#8259 = ORIENTED_EDGE('',*,*,#7939,.F.);
#8260 = ADVANCED_FACE('',(#8261),#7756,.T.);
#8261 = FACE_BOUND('',#8262,.T.);
#8262 = EDGE_LOOP('',(#8263,#8264,#8265,#8266));
#8263 = ORIENTED_EDGE('',*,*,#8029,.F.);
#8264 = ORIENTED_EDGE('',*,*,#7740,.T.);
#8265 = ORIENTED_EDGE('',*,*,#8074,.F.);
#8266 = ORIENTED_EDGE('',*,*,#7983,.F.);
#8267 = ( GEOMETRIC_REPRESENTATION_CONTEXT(3) 
GLOBAL_UNCERTAINTY_ASSIGNED_CONTEXT((#8271)) 
GLOBAL_UNIT_ASSIGNED_CONTEXT((#8268,#8269,#8270)) REPRESENTATION_CONTEXT
('Context #1','3D Context with UNIT and UNCERTAINTY') );
#8268 = ( LENGTH_UNIT() NAMED_UNIT(*) SI_UNIT(.MILLI.,.METRE.) );
#8269 = ( NAMED_UNIT(*) PLANE_ANGLE_UNIT() SI_UNIT($,.RADIAN.) );
#8270 = ( NAMED_UNIT(*) SI_UNIT($,.STERADIAN.) SOLID_ANGLE_UNIT() );
#8271 = UNCERTAINTY_MEASURE_WITH_UNIT(LENGTH_MEASURE(1.E-07),#8268,
  'distance_accuracy_value','confusion accuracy');
#8272 = CONTEXT_DEPENDENT_SHAPE_REPRESENTATION(#8273,#8275);
#8273 = ( REPRESENTATION_RELATIONSHIP('','',#32,#10) 
REPRESENTATION_RELATIONSHIP_WITH_TRANSFORMATION(#8274) 
SHAPE_REPRESENTATION_RELATIONSHIP() );
#8274 = ITEM_DEFINED_TRANSFORMATION('','',#11,#15);
#8275 = PRODUCT_DEFINITION_SHAPE('Placement','Placement of an item',
  #8276);
#8276 = NEXT_ASSEMBLY_USAGE_OCCURRENCE('19','beam','',#5,#27,$);
#8277 = PRODUCT_RELATED_PRODUCT_CATEGORY('part',$,(#29));
#8278 = MECHANICAL_DESIGN_GEOMETRIC_PRESENTATION_REPRESENTATION('',(
    #8279),#8267);
#8279 = STYLED_ITEM('color',(#8280),#33);
#8280 = PRESENTATION_STYLE_ASSIGNMENT((#8281));
#8281 = SURFACE_STYLE_USAGE(.BOTH.,#8282);
#8282 = SURFACE_SIDE_STYLE('',(#8283));
#8283 = SURFACE_STYLE_FILL_AREA(#8284);
#8284 = FILL_AREA_STYLE('',(#8285));
#8285 = FILL_AREA_STYLE_COLOUR('',#8286);
#8286 = COLOUR_RGB('',0.620000000292,0.659999992303,0.720000003324);
ENDSEC;
END-ISO-10303-21;
